Customer_ID,Annual_Income,Monthly_Inhand_Salary,Num_Bank_Accounts,Num_Credit_Card,Interest_Rate,Num_of_Loan,Delay_from_due_date,Num_of_Delayed_Payment,Changed_Credit_Limit,Num_Credit_Inquiries,Outstanding_Debt,Credit_Utilization_Ratio,Total_EMI_per_month,Amount_invested_monthly,Monthly_Balance,snapshot_date,_ingested_at_utc,credit_history_age_year,credit_history_age_month,mortgage_loan,auto_loan,credit_builder_loan,personal_loan,not_specified,student_loan,home_equity_loan,payday_loan,debt_consolidation_loan,ohe__payment_of_min_amount__yes,ohe__payment_of_min_amount__no,ohe__payment_of_min_amount__nm,ohe__payment_of_min_amount__unknown,ohe__credit_mix__good,ohe__credit_mix__standard,ohe__credit_mix__bad,ohe__credit_mix__unknown,ohe__payment_behaviour__high_spent_small_value_payments,ohe__payment_behaviour__high_spent_medium_value_payments,ohe__payment_behaviour__high_spent_large_value_payments,ohe__payment_behaviour__low_spent_small_value_payments,ohe__payment_behaviour__low_spent_medium_value_payments,ohe__payment_behaviour__low_spent_large_value_payments,ohe__payment_behaviour__unknown
CUS_0x575b,77108.98,6528.748333333332,5,2,8,3,6,9,8.6,10,482.99,31.23923606886891,68825.0,44.67585302554534,745.8422072357132,2023-11-01,2025-10-06 10:50:35.809,17,11,0,1,0,0,1,0,0,1,0,0,1,0,0,1,0,0,0,0,0,1,0,0,0,0
CUS_0xb9d,51506.55,4051.2125,4,6,279,4,18,14,13.4,40,2681.39,27.914195157626036,160.9924107886305,131.11528857709365,261.27679678232937,2023-11-01,2025-10-06 10:50:35.809,8,10,0,1,0,1,0,0,1,0,0,1,0,0,0,0,1,0,0,0,0,0,1,0,0,0
CUS_0x6992,79783.6,6426.633333333334,5,4,15,3,25,9,15.6,100,225.23,25.13638957493897,131.65952606646786,114.5197878677855,636.4840193990801,2023-11-01,2025-10-06 10:50:35.809,31,6,0,0,0,1,0,1,1,0,0,1,0,0,0,0,1,0,0,0,0,1,0,0,0,0
CUS_0xa618,118988.19,9680.6825,5,3,3,3,5,9,4.26,10,707.24,24.49299203723757,198.14710996805783,1153.817917659431,536.8773927827032,2023-11-01,2025-10-06 10:50:35.809,31,8,0,1,1,0,1,0,0,0,0,0,1,0,0,1,0,0,0,0,0,0,1,0,0,0
CUS_0xb49,43849.26,3757.105,3,1,1,2,8,9,2.47,40,506.71,34.20010580118294,65.00920084099373,127.01182706153116,433.6894720974751,2023-11-01,2025-10-06 10:50:35.809,28,8,0,0,1,0,0,0,0,0,1,0,1,0,0,1,0,0,0,0,1,0,0,0,0,0
CUS_0x5e02,21156.88,1643.0733333333335,5,6,13,0,27,7,14.12,50,386.38,28.784290199483763,0.0,87.86265498377684,336.4446783495565,2023-11-01,2025-10-06 10:50:35.809,16,9,0,0,0,0,0,0,0,0,0,1,0,0,0,0,1,0,0,1,0,0,0,0,0,0
CUS_0x7b5a,78133.6,6636.133333333334,5,7,17,0,7,8,12.88,60,1055.06,41.09849800566701,172.48911225898485,83.95356917341138,647.1706519009373,2023-11-01,2025-10-06 10:50:35.809,14,9,0,1,0,1,0,0,0,1,1,1,0,0,0,0,1,0,0,0,0,1,0,0,0,0
CUS_0xabd,129569.52,10831.46,8,7,18,4,5,11,17.76,70,641.47,35.106679999409465,383.1808701383734,10000.0,815.5956059813808,2023-11-01,2025-10-06 10:50:35.809,9,5,0,0,1,1,0,0,0,0,0,1,0,0,0,0,1,0,0,0,0,0,1,0,0,0
CUS_0xf3e,9846.55,698.5458333333332,5,6,16,1,10,10,13.14,80,550.52,34.473358710721264,5.218466358633885,60.079978023314005,294.55613895138544,2023-11-01,2025-10-06 10:50:35.809,18,9,0,0,1,0,0,0,0,0,0,1,0,0,0,0,1,0,0,0,0,0,1,0,0,0
CUS_0x11a4,44295.54,3677.295,8,6,30,2,38,21,8.96,80,1280.42,37.28447193197264,65.57597408241918,74.61308704536044,477.54043887222036,2023-11-01,2025-10-06 10:50:35.809,12,9,0,0,1,0,0,1,0,0,0,1,0,0,0,0,1,0,0,0,1,0,0,0,0,0
CUS_0x3636,72079.52,5845.077964561744,9,7,24,0,56,22,16.33,110,1605.65,38.89095024614608,578.5210719670533,176.56963060434742,244.03302759322884,2023-11-01,2025-10-06 10:50:35.809,10,0,1,0,0,0,0,0,1,0,0,1,0,0,0,0,0,1,0,0,0,0,0,1,0,0
CUS_0xafb,16564.89,1479.7845649208546,8,5,12,6,25,12,18.09,50,1382.82,36.615235994294,189.72549536046267,26.495752221862755,307.84243749682037,2023-11-01,2025-10-06 10:50:35.809,11,8,0,0,0,1,1,1,1,0,1,1,0,0,0,0,1,0,0,0,1,0,0,0,0,0
CUS_0x2d17,23401.58,2120.1316666666667,5,7,8,0,26,19,9.16,110,1433.84,29.497928701491603,0.0,113.83523985300656,388.1779268136602,2023-11-01,2025-10-06 10:50:35.809,16,6,0,0,0,0,0,0,0,0,0,1,0,0,0,0,1,0,0,0,0,0,1,0,0,0
CUS_0x6fca,27905.8,2491.483333333333,3,5,13,4,9,12,7.77,20,775.81,34.8114164202083,74.73459777612275,135.76021227346897,308.6535232837416,2023-11-01,2025-10-06 10:50:35.809,17,5,0,0,0,1,0,0,1,0,1,1,0,0,0,0,1,0,0,0,0,0,0,0,1,0
CUS_0xa7d4,132588.3,10918.025,5,4,3,2,21,4,1.61,60,36.46,38.97799159646756,130.1041062149307,495.23543380510455,726.4629599799649,2023-11-01,2025-10-06 10:50:35.809,20,5,1,0,0,0,0,0,1,0,0,0,1,0,0,1,0,0,0,1,0,0,0,0,0,0
CUS_0x455e,21759.54,1693.295,3,4,11,1,17,16,9.1,20,1218.27,34.79182152697179,10.444343622745256,143.5966922708769,285.28846410637783,2023-11-01,2025-10-06 10:50:35.809,23,11,0,1,0,0,0,0,0,0,0,0,1,0,0,0,1,0,0,0,0,0,0,0,1,0
CUS_0x47bc,41113.35,3325.341838408399,1,3,5114,2,3,1,1.95,60,716.71,31.69011308321071,189.1789902212223,48.20888466868529,491.19403670169316,2023-11-01,2025-10-06 10:50:35.809,29,3,1,0,0,0,0,0,0,0,0,0,1,0,0,0,0,0,1,0,1,0,0,0,0,0
CUS_0x64ce,124419.66,10221.305,3,4,11,4,18,8,7.12,0,923.85,34.32406368719541,344.18153557232336,133.60381193661848,784.3451524910582,2023-11-01,2025-10-06 10:50:35.809,32,6,1,0,0,0,0,0,1,1,0,0,1,0,0,0,0,0,1,0,0,1,0,0,0,0
CUS_0xc4ad,9618.3,549.525,8,9,22,9,10,15,15.27,150,4509.1,33.54178645540534,38.43296552441864,14.791505476985044,271.7280289985963,2023-11-01,2025-10-06 10:50:35.809,12,3,0,1,1,0,0,0,1,1,1,1,0,0,0,0,0,1,0,0,0,0,0,0,1,0
CUS_0x2c06,17642.275,1761.1895833333335,0,7,9,0,19,9,0.64,10,626.73,24.04475099111695,55.41858300038386,45.194465720314724,315.5059096126348,2023-11-01,2025-10-06 10:50:35.809,27,5,0,1,0,0,1,1,0,1,0,0,1,0,0,1,0,0,0,0,0,1,0,0,0,0
CUS_0x66bb,142665.96,10962.852930842892,8,6,6,0,26,20,16.42,70,474.5,27.92650268263477,1102.9770691571075,1118.5409038296343,378.04209617036577,2023-11-01,2025-10-06 10:50:35.809,22,8,0,0,0,0,0,0,0,0,0,0,0,0,0,0,0,0,1,0,0,0,1,0,0,0
CUS_0x75b1,41977.78,3362.148333333333,7,9,31,6,16,25,19.89,110,4586.12,35.38900441875396,171.8085212475415,33.778501789277264,370.6278102965146,2023-11-01,2025-10-06 10:50:35.809,2,2,0,1,1,1,0,0,1,0,1,1,0,0,0,0,0,0,1,0,0,1,0,0,0,0
CUS_0x7eed,34975.73,2779.644166666667,5,7,17,7,12,19,8.59,60,51.5,32.77211707607441,155.00251099581254,52.36102794960888,320.6008777212453,2023-11-01,2025-10-06 10:50:35.809,8,6,0,0,1,1,0,0,1,1,1,1,0,0,0,0,0,0,1,0,1,0,0,0,0,0
CUS_0x3650,60965.31,5012.4425,7,4,13,1,7,14,3.85,60,287.4,36.36300307114586,28.6502685693304,47.80684519132223,664.7871362393472,2023-11-01,2025-10-06 10:50:35.809,29,5,0,0,0,0,1,0,0,0,0,0,1,0,0,0,1,0,0,0,0,1,0,0,0,0
CUS_0x403a,45412.95,3520.4125,8,6,30,6,28,17,23.07,100,4601.39,33.74618991745217,113.69155215611048,87.30558774824287,391.0441100956466,2023-11-01,2025-10-06 10:50:35.809,5,2,1,1,0,1,0,0,1,1,0,1,0,0,0,0,0,1,0,0,0,1,0,0,0,0
CUS_0x4af0,27070.07,2518.839166666666,7,3,11,4,11,15,5.68,60,919.76,40.01458592935246,73.23331847935155,138.38176935677842,300.2688288305367,2023-11-01,2025-10-06 10:50:35.809,29,9,0,0,1,1,0,1,1,0,0,0,1,0,0,0,0,0,1,1,0,0,0,0,0,0
CUS_0x8672,30619.73,2750.6441666666665,5,3,19,2,16,18,9.88,40,1096.02,39.62687482863527,30.45301391143386,74.38507272573979,450.226330029493,2023-11-01,2025-10-06 10:50:35.809,27,4,0,0,0,0,0,0,1,0,1,1,0,0,0,0,1,0,0,0,0,0,0,1,0,0
CUS_0x41e5,79241.12,6587.426666666666,7,5,29,8,43,16,19.32,100,2978.35,25.840391362797927,282.639618203876,282.6644988195671,373.43854964322367,2023-11-01,2025-10-06 10:50:35.809,14,6,1,1,0,1,1,1,0,0,0,0,0,0,0,0,0,1,0,0,0,0,0,1,0,0
CUS_0x70e,120986.25,10288.1875,3,4,5,1,4,2,4.63,0,1010.15,32.39838159870236,53.7822847857429,710.5257348616777,534.5107303525793,2023-11-01,2025-10-06 10:50:35.809,22,0,0,0,0,0,1,0,0,0,0,0,1,0,0,1,0,0,0,0,0,0,0,0,1,0
CUS_0xaf18,28174.7,2259.891666666667,7,6,15,2,18,25,8.91,90,2053.1,28.31311092198877,70320.0,99.77596458755669,354.00172500002367,2023-11-01,2025-10-06 10:50:35.809,10,6,0,0,0,0,0,0,1,1,0,0,0,0,0,0,0,1,0,0,0,0,0,0,1,0
CUS_0x7595,43967.59,3867.965833333333,4,4,12,4,15,13,5.39,30,69.61,28.040243436646108,138.9375134320575,48.5557396312335,163.11211688935086,2023-11-01,2025-10-06 10:50:35.809,26,8,0,0,0,0,1,0,1,1,0,0,1,0,0,1,0,0,0,0,0,0,0,1,0,0
CUS_0xa67d,16972.37,1378.3641666666665,6,10,17,5,57,18,27.2,150,4348.66,23.111422313869763,48.91655727906907,19.151365592795194,309.76849379480234,2023-11-01,2025-10-06 10:50:35.809,8,6,1,1,0,0,0,0,1,0,0,1,0,0,0,0,0,1,0,0,0,1,0,0,0,0
CUS_0x3c6a,123511.28,10430.606666666668,8,3,15,4,13,11,0.8,50,1350.6,37.19578573207425,254.6043699432384,202.5532528308276,835.9030438926009,2023-11-01,2025-10-06 10:50:35.809,22,3,1,0,0,1,1,0,0,0,0,0,0,0,0,0,1,0,0,0,1,0,0,0,0,0
CUS_0x117f,93847.86,7599.655,3,4,12,3,14,10,11.52,50,1405.22,28.96635604822284,196.7267019001216,522.5572278752046,310.68157022467386,2023-11-01,2025-10-06 10:50:35.809,16,5,1,0,1,0,0,0,1,0,0,0,1,0,0,0,1,0,0,0,0,0,0,0,1,0
CUS_0xa788,29563.72,2704.643333333333,8,7,17,5,50,18,10.05,110,1736.34,29.29770312317709,82.55306793720055,86.00996192333719,371.90130347279563,2023-11-01,2025-10-06 10:50:35.809,13,5,1,0,1,0,0,0,0,0,0,1,0,0,0,0,1,0,0,0,0,0,0,0,1,0
CUS_0xc01a,28517.53,2139.460833333333,1,4,8,4,0,7,0.3600000000000003,10,263.92,25.283272932782005,89.35557336971755,38.79128841247417,325.7992215511416,2023-11-01,2025-10-06 10:50:35.809,16,5,0,1,0,1,0,0,0,0,1,0,1,0,0,1,0,0,0,0,0,1,0,0,0,0
CUS_0x709d,9141.63,797.8024999999999,9,6,33,5,59,19,0.8,130,2506.45,24.94998597705007,27.80112878294196,53.289465186588615,268.68965603046945,2023-11-01,2025-10-06 10:50:35.809,16,8,1,1,0,0,0,1,0,1,1,1,0,0,0,0,0,1,0,0,0,0,0,0,1,0
CUS_0x8a1,29101.2,2709.1,8,10,28,2,49,15,0.040000000000000036,70,1334.81,32.83065365418937,43.28898384628953,10000.0,423.5409041109916,2023-11-01,2025-10-06 10:50:35.809,19,2,0,0,0,0,0,0,1,0,1,1,0,0,0,0,0,1,0,0,0,0,0,0,1,0
CUS_0x1ab7,58424.97,4893.7475,6,3,17,3,8,20,10.52,10,52.98,27.60336287160076,121.75289534398802,62.654671294546134,554.9671833614659,2023-11-01,2025-10-06 10:50:35.809,15,9,0,0,1,0,0,0,1,0,1,1,0,0,0,0,0,0,1,0,1,0,0,0,0,0
CUS_0x1f9b,84384.95999999999,6862.079999999999,6,6,10,4,9,14,14.54,20,1004.8,39.82660347218518,247.343280441201,241.57298196910736,447.2917375896917,2023-11-01,2025-10-06 10:50:35.809,20,10,1,0,1,1,0,1,0,0,0,1,0,0,0,0,1,0,0,0,1,0,0,0,0,0
CUS_0x60f1,16479.14,971.362091719284,7,6,15,0,32,22,19.58,120,2089.58,38.38045547207383,125.99581398478716,59.32413266775151,318.3057949615105,2023-11-01,2025-10-06 10:50:35.809,13,2,0,0,0,0,0,0,0,0,1,1,0,0,0,0,0,1,0,0,0,0,1,0,0,0
CUS_0x71dd,22244.25,2007.6875,0,5,12,1,0,7,7.03,30,1431.94,26.770275749195328,16.227047813555437,117.1577229430572,357.3839792433874,2023-11-01,2025-10-06 10:50:35.809,33,2,0,0,0,0,0,1,0,0,0,0,1,0,0,1,0,0,0,0,0,0,0,0,0,1
CUS_0x19de,19140.25,1608.020833333333,8,6,18,5,40,24,4.11,100,3152.24,34.02004868948303,53.745666205749465,18.41802881508054,328.63838831250337,2023-11-01,2025-10-06 10:50:35.809,13,3,1,1,0,1,0,0,0,0,1,0,0,0,0,0,0,1,0,0,0,1,0,0,0,0
CUS_0x12fa,87876.27,7232.0225,4,5,15,0,10,16,7.6,50,502.29,36.81954810092673,0.0,386.4780094511793,606.7242405488207,2023-11-01,2025-10-06 10:50:35.809,22,11,0,0,0,0,0,0,0,0,0,1,0,0,0,0,1,0,0,0,0,0,0,0,0,1
CUS_0x1ed8,135178.44,11542.87,0,6,6,0,22,10,6.27,80,1024.39,46.21769845050471,0.0,286.86377159056525,1107.4232284094348,2023-11-01,2025-10-06 10:50:35.809,25,9,0,0,0,0,0,0,0,0,0,0,1,0,0,1,0,0,0,0,0,1,0,0,0,0
CUS_0x5a5a,64692.7,5150.058333333333,3,7,5,3,7,7,11.58,40,380.81,26.239371691089648,129.326637305026,202.12439693302363,453.55479909528384,2023-11-01,2025-10-06 10:50:35.809,20,2,0,0,0,0,1,1,0,1,0,0,1,0,0,1,0,0,0,0,0,0,0,0,1,0
CUS_0x7bff,44286.36,3561.53,6,6,31,2,12,12,7.5,130,2069.01,35.761745988366386,57.97158147311589,329.9213495668903,362.4428548592098,2023-11-01,2025-10-06 10:50:35.809,11,9,0,0,1,0,0,0,1,0,0,1,0,0,0,0,0,0,1,0,0,0,0,0,1,0
CUS_0xb9d8,51950.28,4218.19,7,8,5198,7,24,12,11.71,90,1723.13,25.08004237580579,235.1353203377228,78.94645627457241,357.73722338770483,2023-11-01,2025-10-06 10:50:35.809,18,8,1,1,1,0,1,1,0,0,1,1,0,0,0,0,1,0,0,0,1,0,0,0,0,0
CUS_0x1807,26515.99,2083.665833333333,4,6,13,1,19,20,1.11,60,1150.9,28.244307503148388,11.483824398464586,33.81903270203583,403.06372623283295,2023-11-01,2025-10-06 10:50:35.809,18,9,1,0,0,0,0,0,0,0,0,0,1,0,0,0,1,0,0,0,0,0,0,0,0,1
CUS_0x2999,9530.69,883.2241666666667,8,7,26,3,51,14,16.02,100,1458.58,34.60721527311319,12.026299670638824,38.82546809525663,317.47064890077115,2023-11-01,2025-10-06 10:50:35.809,12,2,0,0,1,0,1,0,0,0,1,1,0,0,0,0,0,0,1,0,0,0,0,1,0,0
CUS_0x45df,40762.39,3442.8658333333333,4,5,1,1,9,8,6.05,90,1212.17,34.13466961523559,24.23683311510029,209.4499745541679,480.75592239094993,2023-11-01,2025-10-06 10:50:35.809,25,2,0,0,0,0,0,0,0,1,0,0,1,0,0,1,0,0,0,0,1,0,0,0,0,0
CUS_0x99a9,27956.77,2624.730833333333,5,5,20,2,21,7,15.9,80,249.39,36.38465025525519,26.9887497741038,60.41285506733819,425.0714784918914,2023-11-01,2025-10-06 10:50:35.809,29,2,1,0,0,0,1,0,0,0,0,1,0,0,0,0,1,0,0,0,1,0,0,0,0,0
CUS_0x13bc,10885.15,611.0958333333333,5,5,5,1,18,15,9.0,40,246.22,34.03570757557313,6.6065179827057605,36.640367339025374,307.86269801160216,2023-11-01,2025-10-06 10:50:35.809,14,10,0,0,0,0,0,0,0,0,1,1,0,0,0,0,1,0,0,0,0,0,1,0,0,0
CUS_0x6b8,13499.855,1026.9879166666667,7,3,1044,2,7,8,3.08,0,453.75,24.031386447189927,12.000280476233074,128.76368486482454,251.9348263256091,2023-11-01,2025-10-06 10:50:35.809,21,8,0,1,0,0,0,0,0,0,1,0,0,0,0,0,1,0,0,0,0,0,1,0,0,0
CUS_0x95ec,89469.76,7162.813333333333,4,3,8,1,9,8,12.19,80,1301.52,38.282546983222616,37.51492175965964,653.5592488489463,295.20716272472754,2023-11-01,2025-10-06 10:50:35.809,31,4,1,0,0,0,0,0,0,0,0,0,0,0,0,0,0,0,1,0,0,0,0,0,0,1
CUS_0xa98a,33177.95,2891.8291666666664,5,4,17,4,21,20,8.12,50,261.12,23.843336318417467,61.09941254210259,20.136051752203134,447.94745237236083,2023-11-01,2025-10-06 10:50:35.809,26,10,0,0,0,0,0,1,1,1,1,0,1,0,0,0,1,0,0,0,0,1,0,0,0,0
CUS_0xae17,42619.92,3630.66,5,3,20,1,9,21,3.03,20,124.55,31.289659137518967,30.69875564681607,72.02560726474876,510.3416370884352,2023-11-01,2025-10-06 10:50:35.809,25,9,1,0,0,0,0,0,0,0,0,1,0,0,0,0,1,0,0,0,1,0,0,0,0,0
CUS_0x523b,43742.01,3792.1675,2,6,12,0,11,11,8.69,50,59.06,24.91020899294784,0.0,63.02230392734087,556.1944460726593,2023-11-01,2025-10-06 10:50:35.809,18,3,0,0,0,0,0,0,0,0,0,0,0,0,0,0,0,0,1,0,0,1,0,0,0,0
CUS_0x79d7,36319.38,2915.615,10,5,29,5,54,21,3.52,100,2382.03,39.97923954694609,113.61701476283793,64.09581046407276,353.8486747730893,2023-11-01,2025-10-06 10:50:35.809,9,11,1,0,0,1,1,0,0,1,0,1,0,0,0,0,0,1,0,0,0,1,0,0,0,0
CUS_0x97a4,58942.6,5168.883333333333,9,6,18,6,58,22,0.52,130,2517.0,40.11246975362493,187.70354492842685,102.80771905532947,466.37706934957697,2023-11-01,2025-10-06 10:50:35.809,15,9,1,1,1,0,0,0,1,1,1,0,0,0,0,0,0,1,0,0,0,1,0,0,0,0
CUS_0xddf,18873.2,1499.7666666666669,3,1,4,4,9,12,4.39,30,1170.52,31.18574289864873,32.027619736398506,69.42082443728131,236.6379657036988,2023-11-01,2025-10-06 10:50:35.809,20,3,0,1,0,0,1,0,0,1,1,0,1,0,0,1,0,0,0,0,0,0,1,0,0,0
CUS_0x442e,36857.22,2976.435,4,5,14,2,19,12,8.9,60,1911.65,32.71157051885637,56.042520607086665,376.1489839717617,155.45199542115162,2023-11-01,2025-10-06 10:50:35.809,11,3,0,1,0,0,0,0,0,0,1,0,0,0,0,0,1,0,0,0,0,0,1,0,0,0
CUS_0x9c19,79556.12,6800.676666666666,8,6,9,7,17,10,10.09,50,2393.45,27.269603413126426,406.76569517739233,78.25506944289806,435.0469020463763,2023-11-01,2025-10-06 10:50:35.809,13,7,1,1,1,1,0,0,1,1,0,1,0,0,0,0,1,0,0,0,0,1,0,0,0,0
CUS_0xa6d1,60159.45,4975.2875,4,7,15,0,5,19,15.62,40,686.05,25.91200826128372,0.0,588.9641488995544,416.16208336738123,2023-11-01,2025-10-06 10:50:35.809,25,3,0,0,0,0,0,0,0,0,0,1,0,0,0,0,1,0,0,0,0,0,1,0,0,0
CUS_0x6be3,147848.64,12274.72,0,4,3,3,6,2,2.16,10,731.37,36.89756693556885,363.8663970157242,905.1728644695013,238.43273851477463,2023-11-01,2025-10-06 10:50:35.809,29,11,0,0,0,0,0,0,1,0,1,0,1,0,0,0,0,0,1,0,0,0,0,1,0,0
CUS_0x123d,7703.635,651.9695833333334,6,8,18,6,54,19,16.05,150,3044.94,26.701651896312512,32.08109830785891,49.094964194968846,274.0208958305056,2023-11-01,2025-10-06 10:50:35.809,2,8,0,1,0,0,0,1,1,0,0,1,0,0,0,0,0,1,0,0,0,0,1,0,0,0
CUS_0x3570,10458.16,1103.513333333333,6,3,1106,2,16,15,9.77,60,702.45,35.71703026570524,9.521837009721075,39.01237026643554,311.8171260571767,2023-11-01,2025-10-06 10:50:35.809,32,9,1,0,0,0,0,1,0,0,0,0,1,0,0,0,1,0,0,0,0,0,0,0,0,1
CUS_0x82a6,61989.72,5191.81,4,3,26,6,20,18,10.43,17680,1881.13,29.868169325014748,264.76285310536144,293.8357135010099,220.58243339362872,2023-11-01,2025-10-06 10:50:35.809,19,4,0,0,0,1,1,0,1,1,0,1,0,0,0,0,1,0,0,1,0,0,0,0,0,0
CUS_0x67c7,41644.48,3464.373333333333,6,7,22,8,47,19,4.77,70,3191.7,23.56884355167584,188.13936576988567,79.16532329602131,329.1326442674264,2023-11-01,2025-10-06 10:50:35.809,8,11,1,0,0,1,1,0,0,0,1,1,0,0,0,0,0,1,0,0,1,0,0,0,0,0
CUS_0x761f,120404.72,10145.726666666667,3,6,11,3,1,2,2.53,60,1318.6,32.131157865363804,228.84851047357495,481.7744337354208,563.9497224576711,2023-11-01,2025-10-06 10:50:35.809,20,5,0,0,1,0,0,0,0,0,1,0,0,0,0,1,0,0,0,1,0,0,0,0,0,0
CUS_0x646,85875.8,7256.3166666666675,1,5,498,2,4,4,5.77,60,651.09,39.00700555957195,110.58736229894856,400.5607944697102,494.483509898008,2023-11-01,2025-10-06 10:50:35.809,23,5,0,0,0,1,0,0,1,0,0,0,1,0,0,1,0,0,0,0,0,0,0,1,0,0
CUS_0xb19c,15377.55,1208.4625,3,4,5,3,2,10,6.51,80,678.99,28.88802774322505,28.98979809050899,31.374106737176863,320.4823451723141,2023-11-01,2025-10-06 10:50:35.809,28,3,1,1,0,0,1,0,0,0,0,0,1,0,0,1,0,0,0,1,0,0,0,0,0,0
CUS_0xb9d5,19823.565,1782.96375,1,3,6,3,10,9,3.0,40,1408.66,34.000464110027515,35.576309643920155,125.90485948302296,286.81520587305687,2023-11-01,2025-10-06 10:50:35.809,29,11,0,0,0,0,0,0,1,0,1,0,1,0,0,1,0,0,0,0,0,0,0,0,1,0
CUS_0x3188,28087.16,2514.596666666667,3,2,11,1,14,7,10.68,80,1447.48,32.95047833676203,19.584769393745216,105.12306220306273,416.75183506985877,2023-11-01,2025-10-06 10:50:35.809,30,3,0,0,0,0,0,0,1,0,0,0,1,0,0,1,0,0,0,0,0,0,1,0,0,0
CUS_0x5937,15680.0,1571.666666666667,7,9,16,4,36,18,8.55,150,1823.34,33.49847145670772,27.05276429494604,54.122521567253536,335.9913808044671,2023-11-01,2025-10-06 10:50:35.809,18,2,0,1,1,0,0,0,0,0,0,1,0,0,0,0,0,1,0,1,0,0,0,0,0,0
CUS_0x6331,38554.72,3083.893333333333,2,7,11,0,0,13,5.58,10,479.18,26.660917141211467,0.0,243.9982579907381,334.39107534259534,2023-11-01,2025-10-06 10:50:35.809,24,0,0,0,0,0,0,0,0,0,0,0,1,0,0,1,0,0,0,0,0,0,0,0,0,1
CUS_0x8e94,87621.78,7385.815,4,4,2,4,5,9,3.76,40,1074.35,35.05970579817853,282.79948306595867,629.615888278218,116.16612865582334,2023-11-01,2025-10-06 10:50:35.809,32,4,1,1,0,0,0,1,1,0,0,0,1,0,0,0,0,0,1,0,0,0,1,0,0,0
CUS_0x3799,15874.01,1049.8341666666668,1,3,5,0,13,6,2.32,30,1173.38,31.102677844133783,0.0,141.13608020333226,253.84733646333441,2023-11-01,2025-10-06 10:50:35.809,32,3,0,0,0,0,0,0,0,0,0,0,1,0,0,1,0,0,0,0,0,0,1,0,0,0
CUS_0x93d0,22375.64,2039.6366666666663,1628,5,20,3,18,10,5.4,0,182.26,25.18817272114286,45.22591113491497,10000.0,361.6594543266931,2023-11-01,2025-10-06 10:50:35.809,32,2,0,1,0,0,1,0,0,1,0,1,0,0,0,0,1,0,0,0,0,1,0,0,0,0
CUS_0x18fa,18524.52,1739.71,2,3,8,0,14,5,11.58,30,865.36,34.130146384427064,0.0,169.170374663849,368.95098783380035,2023-11-01,2025-10-06 10:50:35.809,28,0,0,0,0,0,0,0,0,0,0,0,1,0,0,1,0,0,0,0,1,0,0,0,0,0
CUS_0x2748,35771.08,3024.9233333333336,4,4,10,4,6,12,1.23,50,1081.2,22.559803974265726,60.846216151506425,261.3159556956472,270.3301614861798,2023-11-01,2025-10-06 10:50:35.809,29,1,0,1,1,1,0,0,0,0,0,0,0,0,0,0,1,0,0,0,0,0,1,0,0,0
CUS_0x4715,72817.88,6364.156666666668,7,4,18,1,22,18,22.86,80,717.37,32.010595083504064,46.55610531638221,54.85300116043622,554.0609897769439,2023-11-01,2025-10-06 10:50:35.809,18,0,0,0,0,0,0,0,0,1,0,1,0,0,0,0,1,0,0,0,0,0,0,0,1,0
CUS_0x5534,23200.82,1877.4016666666664,3,7,5,0,29,18,12.73,60,987.07,28.009597007925787,0.0,60.73967492927557,397.0004917373912,2023-11-01,2025-10-06 10:50:35.809,17,11,0,0,0,0,0,0,0,0,0,1,0,0,0,0,1,0,0,0,0,0,0,0,0,1
CUS_0x624b,54174.51,4236.5425,6,6,18,7,55,23,8.02,120,2236.88,27.126339423959728,226.6403840057425,271.28304620975285,185.73081978450463,2023-11-01,2025-10-06 10:50:35.809,6,6,1,0,1,1,1,0,0,0,0,1,0,0,0,0,0,1,0,0,0,0,0,0,0,1
CUS_0x8ae5,34884.34,2633.028333333333,8,4,30,4,10,14,7.52,100,2162.63,37.849878992502425,67.03698428964698,82.44032755928549,363.82552148440084,2023-11-01,2025-10-06 10:50:35.809,14,10,1,0,0,0,0,1,0,1,0,1,0,0,0,0,1,0,0,0,1,0,0,0,0,0
CUS_0x22be,39296.5,3261.708333333333,4,0,1,4,4,9,12.65,30,187.21,35.26660171437332,124.9486672158798,165.3201841246375,295.90198199281605,2023-11-01,2025-10-06 10:50:35.809,27,8,0,0,0,1,0,0,0,1,1,0,1,0,0,1,0,0,0,1,0,0,0,0,0,0
CUS_0x691c,38666.02,3070.168333333333,3,6,6,1,17,17,3.59,30,1216.0,24.99033199479932,23.636662853945182,320.02340510063436,253.3567653787537,2023-11-01,2025-10-06 10:50:35.809,31,6,0,0,0,0,1,0,0,0,0,0,1,0,0,0,0,0,1,0,0,0,1,0,0,0
CUS_0x6c9e,60882.9,5157.575,6,6,23,3,60,20,2.41,160,1737.83,24.67565750527656,133.80072600971891,304.1443741692973,347.8123998209838,2023-11-01,2025-10-06 10:50:35.809,15,3,0,0,0,0,1,0,0,0,1,1,0,0,0,0,0,1,0,0,0,0,0,0,1,0
CUS_0x961b,32186.31,2957.1925,4,1,2,1,15,8,3.75,20,305.84,28.72882055004333,19.711000450166253,143.02614451997974,422.98210502985415,2023-11-01,2025-10-06 10:50:35.809,27,6,1,0,0,0,0,0,0,0,0,0,1,0,0,1,0,0,0,0,0,0,1,0,0,0
CUS_0x9c03,81760.0,6988.333333333332,8,5,24,3,39,21,7.71,120,2604.66,29.317103883143872,125.1786318915412,290.45849422964983,573.1962072121424,2023-11-01,2025-10-06 10:50:35.809,14,2,0,0,1,0,0,0,1,0,1,1,0,0,0,0,0,1,0,0,0,0,1,0,0,0
CUS_0xa729,31302.34,2855.528333333333,6,9,33,5,47,26,0.0,110,1264.21,23.36173940660334,77.32601844176902,171.38403813965724,296.84277675190714,2023-11-01,2025-10-06 10:50:35.809,7,0,1,1,1,1,0,1,0,0,0,1,0,0,0,0,0,1,0,1,0,0,0,0,0,0
CUS_0xaf3,33346.92,2696.002503952489,5,3,1,0,6,8,3.82,0,396.63,28.507932629863607,301.90749604751085,237.83076880575447,331.96023119424547,2023-11-01,2025-10-06 10:50:35.809,16,5,0,0,0,0,0,0,0,0,0,0,1,0,0,1,0,0,0,0,0,0,0,0,1,0
CUS_0x2708,40078.08,3385.84,0,6,7,0,3,4,5.62,80,649.84,27.44411031602453,0.0,91.83923938724912,496.74476061275095,2023-11-01,2025-10-06 10:50:35.809,30,11,0,0,0,0,0,0,0,0,0,0,1,0,0,1,0,0,0,0,1,0,0,0,0,0
CUS_0x76c4,17315.32,1519.9433333333334,8,8,20,2,33,8,0.0,120,1728.52,35.782511716235305,23.80003881960144,88.64649663213724,329.54779788159465,2023-11-01,2025-10-06 10:50:35.809,18,4,0,0,0,0,0,1,0,1,0,1,0,0,0,0,1,0,0,0,0,0,1,0,0,0
CUS_0x8d96,156429.52,12955.793333333331,5,3,3,2,7,5,11.73,60,1178.89,31.825588843625606,179.17606887844337,312.74369537772645,1043.6595690771637,2023-11-01,2025-10-06 10:50:35.809,20,0,0,1,0,0,0,0,0,0,1,0,1,0,0,1,0,0,0,0,0,1,0,0,0,0
CUS_0x328e,46586.8,4026.2333333333336,6,7,20,0,27,13,14.98,80,852.2,34.11766119228516,0.0,112.57187571163101,540.0514576217023,2023-11-01,2025-10-06 10:50:35.809,9,3,0,0,0,0,0,0,0,0,0,1,0,0,0,0,1,0,0,0,1,0,0,0,0,0
CUS_0x3336,29648.76,2740.73,0,2,10,0,7,4,4.85,80,1104.99,25.67575216846152,0.0,156.19509957436017,397.8779004256398,2023-11-01,2025-10-06 10:50:35.809,21,3,0,0,0,0,0,0,0,0,0,0,1,0,0,1,0,0,0,0,0,0,0,1,0,0
CUS_0x4075,81008.58,6728.715,8,6,5,0,18,18,7.34,40,249.08,34.52229838897445,0.0,249.42503835438183,673.4464616456183,2023-11-01,2025-10-06 10:50:35.809,23,2,0,0,0,0,0,0,0,0,0,1,0,0,0,0,1,0,0,0,1,0,0,0,0,0
CUS_0xb928,28880.56,2502.7133333333336,3,1371,10,1,31,10,17.66,70,412.8,23.478529696267643,20.96972938241021,40.254665522270926,439.0469384286522,2023-11-01,2025-10-06 10:50:35.809,25,9,0,0,0,1,0,0,0,0,0,1,0,0,0,0,0,0,1,0,1,0,0,0,0,0
CUS_0x42ac,15566.02,1423.168333333333,8,5,32,4,17,23,9.24,90,1693.95,36.572989910187616,43.07051960231588,80.48442010154183,333.9677311876703,2023-11-01,2025-10-06 10:50:35.809,8,5,1,0,1,1,0,0,1,0,0,1,0,0,0,0,1,0,0,0,0,0,0,1,0,0
CUS_0x60af,21873.68,2051.8066666666664,4,1262,3,4,7,9,6.65,50,303.42,39.055136486909966,54.34360940857809,89.88526862084942,350.95178863723913,2023-11-01,2025-10-06 10:50:35.809,17,8,1,1,0,1,0,0,1,0,0,0,1,0,0,1,0,0,0,0,0,0,1,0,0,0
CUS_0x6714,128503.64,10803.636666666667,0,4,1,3,8,5,5.42,50,382.17,40.81040127557614,274.99239499303576,119.8444215760184,925.5268500976127,2023-11-01,2025-10-06 10:50:35.809,18,11,0,1,0,1,0,0,0,0,1,0,0,0,0,1,0,0,0,0,0,1,0,0,0,0
CUS_0xe57,17698.23,1744.8525,6,9,18,7,31,22,3.78,140,4603.45,35.811098895452105,73.66639417663615,65.58970217023136,295.910196057608,2023-11-01,2025-10-06 10:50:35.809,5,6,0,1,1,0,0,1,0,1,1,1,0,0,0,0,0,1,0,0,0,0,0,1,0,0
CUS_0x4c76,120404.22,10107.685,4,3,11,4,5,10,11.31,20,390.39,36.14460936312863,273.2600777645337,212.83532282175358,764.6730994137127,2023-11-01,2025-10-06 10:50:35.809,27,8,1,0,1,1,1,0,0,0,0,0,1,0,0,1,0,0,0,0,0,1,0,0,0,0
CUS_0x588e,10380.655,1122.0545833333335,3,5,19,5,23,8,17.04,80,2417.2,24.60648033433568,24.145495914803558,19.53405122636963,318.5259111921601,2023-11-01,2025-10-06 10:50:35.809,9,2,1,0,0,0,1,0,0,1,1,0,0,0,0,0,1,0,0,0,1,0,0,0,0,0
CUS_0x7d05,20986.9,1953.908333333333,10,7,16,7,45,14,17.61,150,2523.34,32.52033890894698,109.49677416270502,104.57505460184059,251.31900456878776,2023-11-01,2025-10-06 10:50:35.809,16,3,1,0,1,1,1,0,1,0,1,1,0,0,0,0,1,0,0,0,0,0,0,0,1,0
CUS_0x3352,32612.36,2670.6966666666667,5,5,12,4,9,10,14.44,0,809.94,22.16753010160648,91.5789872673322,83.74613618481007,351.74454321452436,2023-11-01,2025-10-06 10:50:35.809,32,11,0,1,0,0,1,0,0,0,1,0,1,0,0,1,0,0,0,1,0,0,0,0,0,0
CUS_0x6e5d,39962.38,3151.1983333333333,6,7,22,5,18,19,15.82,100,1444.91,39.36220813103272,89.76177617984463,10000.0,403.5973799725047,2023-11-01,2025-10-06 10:50:35.809,9,9,1,1,0,0,0,0,0,1,0,0,0,0,0,0,1,0,0,0,1,0,0,0,0,0
CUS_0x2a1b,36101.73,3204.4775000000004,4,5,7,1,7,12,19.62,0,1452.04,37.64665369530871,25.16344996684921,420.7592953492831,164.52500468386782,2023-11-01,2025-10-06 10:50:35.809,28,4,0,0,0,0,0,0,0,0,1,0,0,0,0,0,1,0,0,0,0,0,1,0,0,0
CUS_0x787b,65538.64,5633.553333333332,9,7,23,8,36,21,8.1,140,1791.14,39.955565852248114,359.263237275645,123.9966568932253,320.0954391644629,2023-11-01,2025-10-06 10:50:35.809,16,5,1,0,0,0,1,0,1,1,0,1,0,0,0,0,0,0,1,0,0,1,0,0,0,0
CUS_0x8bce,24778.8,2312.9,5,7,20,0,22,12,15.28,90,179.1,36.85266609846904,0.0,249.21007223133273,272.0799277686673,2023-11-01,2025-10-06 10:50:35.809,15,10,0,0,0,0,0,0,0,0,0,1,0,0,0,0,1,0,0,0,0,0,1,0,0,0
CUS_0x9c79,81165.56,6867.796666666666,4,5,3,3,14,4,9.99,40,1235.16,26.480772097048806,151.74649492782913,91.24333531777687,683.7898364210607,2023-11-01,2025-10-06 10:50:35.809,24,10,1,0,0,0,1,1,0,0,0,0,0,0,0,1,0,0,0,0,0,0,0,0,0,1
CUS_0x363d,20655.07,1726.2558333333334,7,5,9,2,15,10,9.88,100,1027.83,28.049950716607626,13405.0,56.66420886798802,348.44489246564336,2023-11-01,2025-10-06 10:50:35.809,19,10,0,1,0,0,1,0,0,0,0,1,0,0,0,0,1,0,0,1,0,0,0,0,0,0
CUS_0xc03f,126578.8,10817.233333333334,3,6,6,4,7,14,13.57,70,1156.17,38.3487933499397,328.65880256975163,955.0665693101976,77.99796145338429,2023-11-01,2025-10-06 10:50:35.809,19,0,0,1,0,0,0,0,1,1,0,1,0,0,0,0,1,0,0,0,0,0,0,1,0,0
CUS_0x6e05,168502.68,13760.89,5,6,8,4,2,1,0.59,40,750.66,29.05365251894243,79633.0,325.5362653774516,805.0619929323914,2023-11-01,2025-10-06 10:50:35.809,29,8,0,1,0,0,1,0,0,1,0,0,1,0,0,1,0,0,0,0,0,1,0,0,0,0
CUS_0xb482,125033.0,10585.416666666666,5,6,7,1,17,9,5.95,20,1369.98,38.37403581083172,99.42376274979,592.0626858025363,637.0552181143406,2023-11-01,2025-10-06 10:50:35.809,27,3,0,0,0,0,0,0,0,0,1,1,0,0,0,0,1,0,0,0,0,0,0,0,1,0
CUS_0xeda,78999.96,6396.330000000001,8,5,20,4,42,27,7.73,160,2062.79,37.28195658519329,138.2606061819985,566.7583317490286,224.61406206897308,2023-11-01,2025-10-06 10:50:35.809,9,9,0,1,1,0,0,0,0,1,0,1,0,0,0,0,0,1,0,0,0,0,1,0,0,0
CUS_0x4811,60856.6,5282.383333333333,3,6,9,3,14,6,2.12,60,1159.43,38.111265725134295,124.3912959504273,94.45262159448656,598.3880184368811,2023-11-01,2025-10-06 10:50:35.809,16,2,0,0,0,0,0,1,0,1,0,0,1,0,0,1,0,0,0,0,0,1,0,0,0,0
CUS_0x6f3e,19137.3,1871.775,10,7,27,2,51,25,10.29,80,1461.56,35.56815218196782,29.701606654416107,105.16809219708931,312.3078011484946,2023-11-01,2025-10-06 10:50:35.809,15,5,0,0,0,0,1,0,1,0,0,1,0,0,0,0,0,1,0,1,0,0,0,0,0,0
CUS_0x7953,46150.65,4052.8875,9,8,21,6,19,20,18.71,90,4963.52,25.425914169873643,75563.0,348.20182168220117,195.71956277239215,2023-11-01,2025-10-06 10:50:35.809,12,8,1,1,1,0,0,0,1,0,1,1,0,0,0,0,0,1,0,0,0,0,1,0,0,0
CUS_0x96b1,60986.49000000001,5017.2075,6,6,15,1,9,18,8.67,80,760.99,37.73565060324883,64795.0,100.82311697834574,608.9735031414277,2023-11-01,2025-10-06 10:50:35.809,20,8,0,1,0,0,0,0,0,0,0,0,0,0,0,0,1,0,0,0,0,1,0,0,0,0
CUS_0x835,132986.73,11019.2275,4,6,9,0,8,2,0.0,0,309.07,39.4211348968116,0.0,455.029882238002,896.8928677619981,2023-11-01,2025-10-06 10:50:35.809,20,8,0,0,0,0,0,0,0,0,0,0,1,0,0,0,0,0,1,0,1,0,0,0,0,0
CUS_0x3f12,15419.66,1451.9716666666666,4,5,24,7,21,11,17.1,19050,1852.93,28.795964504274025,75.57783969043248,81.30438440086687,248.31494257536733,2023-11-01,2025-10-06 10:50:35.809,13,6,1,0,1,1,1,0,0,0,0,1,0,0,0,0,1,0,0,1,0,0,0,0,0,0
CUS_0x5cdc,14535.305,1376.2754166666666,8,6,9,4,8,15,5.789999999999999,40,413.84,29.50961549192505,35.424390715575576,37.215502486726905,344.98764846436416,2023-11-01,2025-10-06 10:50:35.809,23,0,0,0,1,0,1,1,1,0,0,0,0,0,0,0,1,0,0,0,0,0,0,1,0,0
CUS_0xc106,28081.94,2406.1616666666664,5,6,2,1,14,758,12.99,0,233.76,36.46413633425077,18.29235536245224,71.02476753936111,411.2990437648533,2023-11-01,2025-10-06 10:50:35.809,20,3,0,0,0,1,0,0,0,0,0,0,1,0,0,1,0,0,0,1,0,0,0,0,0,0
CUS_0x1358,59304.2,4972.016666666666,10,10,24,3,62,25,2.47,160,1945.03,28.25358621635981,54454.0,430.3098510193045,280.0165337936698,2023-11-01,2025-10-06 10:50:35.809,13,0,0,0,0,0,0,0,1,0,1,1,0,0,0,0,0,1,0,0,0,0,1,0,0,0
CUS_0x465c,138079.96,11349.663333333332,2,4,8,0,7,10,9.87,40,637.14,29.173481308634024,0.0,547.3110322541229,867.6553010792104,2023-11-01,2025-10-06 10:50:35.809,29,11,0,0,0,0,0,0,0,0,0,0,1,0,0,1,0,0,0,0,0,0,0,1,0,0
CUS_0x756f,17393.305,1158.4420833333334,4,7,9,3,10,14,0.0,20,373.74,28.685181515809603,28.171753573036423,29.82045161963687,327.85200314066003,2023-11-01,2025-10-06 10:50:35.809,33,3,0,0,1,0,1,0,0,0,0,0,0,0,0,1,0,0,0,0,0,0,0,0,1,0
CUS_0x8e28,75520.47,6410.3725,4,7,13,4,13,12,7.3,40,1447.18,29.07383422705617,167.791468538491,257.1436421714825,486.10213929002657,2023-11-01,2025-10-06 10:50:35.809,22,6,1,0,0,1,0,0,0,0,1,1,0,0,0,0,1,0,0,0,0,0,0,0,1,0
CUS_0xa7e9,19081.51,1336.1258333333333,8,7,9,1478,8,17,2.67,0,1041.07,34.08530783526129,0.0,146.95908792660978,327.73027233227907,2023-11-01,2025-10-06 10:50:35.809,31,10,0,0,0,0,0,0,0,0,0,1,0,0,0,0,1,0,0,0,0,0,0,0,1,0
CUS_0x4b89,8996.265,740.6887499999998,4,5,19,2,30,17,15.07,50,2400.0,28.06568029389277,12.371705235456938,44.457672128720425,307.23949763582266,2023-11-01,2025-10-06 10:50:35.809,15,4,0,0,0,1,0,0,1,0,0,1,0,0,0,0,1,0,0,0,0,0,1,0,0,0
CUS_0xb78e,121719.0,10073.25,4,3,7,0,3,7,8.4,30,1481.99,30.661513218222694,105.87694744586494,355.01939809748586,816.4286544566493,2023-11-01,2025-10-06 10:50:35.809,26,3,0,0,0,0,0,1,1,0,0,0,0,0,0,0,0,0,1,0,0,0,0,0,1,0
CUS_0x1416,29651.23,2460.935833333333,6,5,6,2,14,15,1.6199999999999992,20,1217.99,23.16531584588695,37.90300631081737,36.60951815212416,411.58105887039187,2023-11-01,2025-10-06 10:50:35.809,27,10,0,0,0,0,1,0,1,0,0,0,1,0,0,0,1,0,0,0,0,1,0,0,0,0
CUS_0x3e6b,16140.325,1309.0270833333334,4,4,9,3,5,13,8.07,60,382.28,22.045324009993987,38.45894323833453,107.57788851597608,254.86587657902268,2023-11-01,2025-10-06 10:50:35.809,21,10,0,0,0,0,1,0,0,0,1,1,0,0,0,0,0,0,1,0,0,0,0,0,1,0
CUS_0x57c6,71660.3,5674.691666666668,4,366,6,1,10,19,4.86,0,1409.25,39.45008270235015,39.33449898632551,10000.0,664.6777137355691,2023-11-01,2025-10-06 10:50:35.809,24,0,0,0,1,0,0,0,0,0,0,1,0,0,0,0,1,0,0,0,1,0,0,0,0,0
CUS_0x8a64,15971.515,1366.9595833333333,4,3,11,0,6,3,11.25,30,566.4,36.89271511392509,0.0,97.94836131589727,328.74759701743614,2023-11-01,2025-10-06 10:50:35.809,26,3,0,0,0,0,0,0,0,0,0,0,1,0,0,1,0,0,0,0,0,0,1,0,0,0
CUS_0x8b9a,29220.83,2624.0691666666667,2,2,12,4,8,7,0.6,70,1051.51,25.69181563974532,84.69565055458169,148.34276867298627,309.36849743909875,2023-11-01,2025-10-06 10:50:35.809,28,6,1,1,0,0,0,0,0,1,1,0,0,0,0,1,0,0,0,0,0,0,0,1,0,0
CUS_0x8e7d,22744.15,1910.345833333333,9,4,14,0,23,11,11.73,20,116.17,26.831917222662145,0.0,56.72777774276993,414.30680559056333,2023-11-01,2025-10-06 10:50:35.809,29,9,0,0,0,0,0,0,0,0,0,1,0,0,0,0,1,0,0,0,0,0,0,1,0,0
CUS_0xb4c5,61358.82,4923.235,7,7,14,0,13,16,5.99,30,537.91,27.84576292469977,0.0,37.47378421007721,694.8497157899228,2023-11-01,2025-10-06 10:50:35.809,25,3,0,0,0,0,0,0,0,0,0,0,1,0,0,0,1,0,0,0,0,1,0,0,0,0
CUS_0x202e,17337.8,1674.8166666666666,9,5,16,6,34,16,4.96,110,1260.81,32.309543132178696,79.63272261426017,126.2080607471178,231.6408833052887,2023-11-01,2025-10-06 10:50:35.809,19,5,0,0,0,0,1,0,1,1,1,1,0,0,0,0,0,1,0,0,0,0,0,0,1,0
CUS_0x22bf,48423.15,4044.2625,8,5,27,9,20,25,7.39,70,1619.77,37.35515904222056,241.67397977133544,359.13376807334816,83.61850215531638,2023-11-01,2025-10-06 10:50:35.809,12,6,1,1,1,0,1,0,1,1,1,1,0,0,0,0,0,1,0,0,0,0,0,1,0,0
CUS_0x2b1a,21469.245,1809.10375,0,4,10,2,9,0,0.63,80,909.93,27.547907836294254,33.394822737046056,163.34862519485262,254.1669270681013,2023-11-01,2025-10-06 10:50:35.809,29,3,0,1,0,0,1,0,0,0,0,0,1,0,0,1,0,0,0,0,0,0,0,0,1,0
CUS_0x8907,163904.56,13468.713333333331,3,5,2,0,4,3,16.130000000000006,10,29.82,40.86055386491189,0.0,612.6979394036978,1014.1733939296356,2023-11-01,2025-10-06 10:50:35.809,16,5,0,0,0,0,0,0,0,0,0,0,1,0,0,1,0,0,0,0,0,0,0,1,0,0
CUS_0x549d,119827.08,9834.59,8,3,5,3,19,17,9.05,10,1003.89,29.03559923959545,256.7044740610818,243.0216708098357,723.7328551290825,2023-11-01,2025-10-06 10:50:35.809,23,10,0,0,0,0,0,1,1,0,0,1,0,0,0,0,1,0,0,0,0,1,0,0,0,0
CUS_0x1c96,43802.27,3394.189166666666,4,7,2,4,9,0,8.45,30,1208.7,32.112260927067986,119.0778085721696,236.29947278481652,391.99481624170403,2023-11-01,2025-10-06 10:50:35.809,32,6,1,0,0,0,1,0,0,1,1,0,1,0,0,1,0,0,0,1,0,0,0,0,0,0
CUS_0x5e28,87746.92,7411.243333333333,5,4,6,0,11,20,14.78,70,864.67,26.68886573988452,152.86388915016698,347.09064692627345,501.1697972568929,2023-11-01,2025-10-06 10:50:35.809,16,11,0,0,0,1,1,0,0,1,0,0,0,0,0,0,1,0,0,1,0,0,0,0,0,0
CUS_0x9bfa,73937.62,5980.468333333332,2,6,4,4,8,5,7.54,80,1349.16,33.26361632753623,213.4289408995417,113.04642267965694,521.5714697541347,2023-11-01,2025-10-06 10:50:35.809,20,8,0,1,0,1,1,0,1,0,0,0,1,0,0,1,0,0,0,0,1,0,0,0,0,0
CUS_0x9dc2,57227.04,4561.92,9,9,4800,7,35,23,18.64,90,3902.97,26.937866644860968,220.27681374800392,73.52471580429045,412.39047044770564,2023-11-01,2025-10-06 10:50:35.809,8,6,0,1,1,0,1,0,1,0,0,1,0,0,0,0,0,0,1,0,1,0,0,0,0,0
CUS_0xa672,51113.85000000001,4356.4875,7,9,30,9,33,28,20.82,90,3164.78,36.62570432184963,214.843877429086,107.71251870647973,383.09235386443436,2023-11-01,2025-10-06 10:50:35.809,0,8,0,1,1,0,1,1,1,1,0,1,0,0,0,0,0,0,1,0,0,0,0,0,1,0
CUS_0x949,1724659.0,1593.000833333333,5,3,6,3,19,9,13.02,40,1228.86,25.31678276208158,50.8108481274405,151.51663020441836,246.97260500147445,2023-11-01,2025-10-06 10:50:35.809,28,8,1,0,0,1,0,0,0,0,1,1,0,0,0,0,1,0,0,0,0,0,1,0,0,0
CUS_0xb24c,20338.48,1745.8733333333332,7,6,16,6,33,25,2.93,140,1390.43,24.163036329950643,95.54931496031234,41.38615364369266,287.6518647293284,2023-11-01,2025-10-06 10:50:35.809,6,6,0,0,1,1,1,1,0,1,0,1,0,0,0,0,0,0,1,0,1,0,0,0,0,0
CUS_0x2e28,71391.78,5902.315,8,7,11,0,22,19,11.35,70,1305.41,30.716772496389545,191.559201865086,83.37440359284977,565.2978945420643,2023-11-01,2025-10-06 10:50:35.809,31,2,1,1,0,1,0,1,0,0,0,0,0,0,0,0,1,0,0,0,1,0,0,0,0,0
CUS_0x4fed,61131.36,4880.28,3,5,23,2,7,10,14.51,140,2358.58,33.36450847479665,88.19366251355966,501.49497571259553,188.3393617738448,2023-11-01,2025-10-06 10:50:35.809,16,8,0,0,1,0,0,0,0,0,1,1,0,0,0,0,0,0,1,0,0,0,1,0,0,0
CUS_0x831d,20606.32,1897.1933333333327,6,6,13,0,23,8,7.08,110,160.5,22.335414224039887,10.097169353705963,158.8013761546059,310.82078782502145,2023-11-01,2025-10-06 10:50:35.809,28,5,0,0,0,0,0,0,1,0,0,1,0,0,0,0,1,0,0,0,0,0,1,0,0,0
CUS_0x896f,14271.95,1433.3291666666669,6,6,16,2,49,10,9.8,130,1581.81,36.69790249045205,18.56030162776916,57.91507894924453,356.8575360896529,2023-11-01,2025-10-06 10:50:35.809,18,11,0,0,0,0,0,0,1,1,0,1,0,0,0,0,1,0,0,0,0,0,1,0,0,0
CUS_0x9bf4,26305.91,1946.1591666666668,4,7,9,2,17,12,7.34,40,151.95,38.487934497771306,23.990506963111766,80.68360669173384,359.94180301182115,2023-11-01,2025-10-06 10:50:35.809,29,11,0,0,0,0,0,0,0,1,0,1,0,0,0,0,0,0,1,0,0,0,0,0,1,0
CUS_0x3fcf,71565.54,6161.794999999999,8,5,10,3,13,17,10.64,40,655.05,30.46391593973502,140.5834784057304,830.9238918497847,29.770801386370522,2023-11-01,2025-10-06 10:50:35.809,22,1,0,0,1,0,0,0,0,1,0,0,1,0,0,1,0,0,0,0,0,0,1,0,0,0
CUS_0x75c6,87215.68,7489.973333333332,2,6,8,2,2,8,10.98,0,680.77,35.622883365649685,19734.0,304.20281042249366,573.112506174297,2023-11-01,2025-10-06 10:50:35.809,21,3,0,1,0,0,0,0,0,1,0,0,0,0,0,1,0,0,0,0,1,0,0,0,0,0
CUS_0x87be,75868.8,6074.4000000000015,6,10,32,7,36,18,3.6,60,1432.71,34.34485050436087,297.54744598326647,193.23769786211255,386.654856154621,2023-11-01,2025-10-06 10:50:35.809,14,11,1,1,0,0,1,1,0,0,1,1,0,0,0,0,0,1,0,0,0,0,0,0,1,0
CUS_0x9f5,55245.88,4861.823333333333,3,3,12,2,16,21,11.32,100,137.95,23.02947082720663,54.55618079489176,201.0322990047885,480.593853533653,2023-11-01,2025-10-06 10:50:35.809,10,8,1,0,0,0,0,0,0,1,0,1,0,0,0,0,1,0,0,0,1,0,0,0,0,0
CUS_0x5a42,122452.65,10140.3875,2,7,6,0,4,8,11.81,70,383.03,30.235191855992262,0.0,211.75632826979322,1042.282421730207,2023-11-01,2025-10-06 10:50:35.809,31,10,0,0,0,0,0,0,0,0,0,0,1,0,0,1,0,0,0,0,0,1,0,0,0,0
CUS_0x376b,81779.54,6601.961666666666,3,7,7,0,28,3,4.36,20,824.62,36.1994362729214,0.0,162.73064781041873,737.4655188562479,2023-11-01,2025-10-06 10:50:35.809,24,7,0,0,0,0,0,0,0,0,0,0,1,0,0,1,0,0,0,0,0,1,0,0,0,0
CUS_0x9b60,62874.96,5086.58,3,4,15,4,21,19,17.1,70,527.16,34.85326790301537,129.36640345231964,675.2678199503731,420.52946438325165,2023-11-01,2025-10-06 10:50:35.809,20,5,0,1,1,1,0,1,0,0,0,1,0,0,0,0,1,0,0,0,0,0,0,0,0,1
CUS_0x3149,20602.02,1727.835,10,183,23,7,17,18,4.49,130,4946.5,33.58771254552684,93.60095036217648,108.69178784684205,260.4907617909815,2023-11-01,2025-10-06 10:50:35.809,3,4,1,1,0,1,0,0,0,0,1,1,0,0,0,0,0,1,0,0,0,0,1,0,0,0
CUS_0x6273,40739.49,3416.9575,511,6,9,1,14,9,0.59,0,728.52,29.86678523604013,26.48100994347856,165.4800256632947,409.7347143932268,2023-11-01,2025-10-06 10:50:35.809,18,0,0,0,0,1,0,0,0,0,0,0,1,0,0,1,0,0,0,1,0,0,0,0,0,0
CUS_0x9f40,60744.86,5261.071666666667,4,4,5,4,9,11,3.4,30,1437.95,35.68549861614235,128.62667929477217,184.40862317397668,463.07186419791776,2023-11-01,2025-10-06 10:50:35.809,26,3,0,0,1,0,0,0,1,0,1,0,1,0,0,1,0,0,0,0,1,0,0,0,0,0
CUS_0x159f,26625.58,2161.7983333333336,6,6,9,6,12,10,18.59,40,1317.79,40.8399777589543,122.6345201446478,93.11655794795297,260.4287552407326,2023-11-01,2025-10-06 10:50:35.809,11,0,0,1,1,0,1,0,0,0,0,1,0,0,0,0,1,0,0,1,0,0,0,0,0,0
CUS_0x36c5,32543.38,2902.9483333333333,5,6,25,3,18,20,7.91,80,1924.31,24.82361570100945,65.42524227219354,10000.0,374.0083437679936,2023-11-01,2025-10-06 10:50:35.809,16,6,0,0,0,0,0,1,1,0,1,1,0,0,0,0,1,0,0,0,1,0,0,0,0,0
CUS_0x613c,17693.34,1442.445,3,7,15,2,15,9,12.08,90,1405.95,36.94020675606421,25.28897055046329,57.291908937617606,341.66362051191913,2023-11-01,2025-10-06 10:50:35.809,12,4,0,0,1,0,0,0,0,0,1,1,0,0,0,0,0,0,1,0,0,0,0,1,0,0
CUS_0x650f,12434.24,855.1866666666667,6,1420,15,2,10,15,12.42,0,768.69,32.724080824083025,11.244529418344117,87.99905113920065,276.2750861091219,2023-11-01,2025-10-06 10:50:35.809,26,11,0,0,0,1,0,0,0,0,1,1,0,0,0,0,1,0,0,0,0,0,1,0,0,0
CUS_0x3ace,19938.73,1813.5608333333328,7,5,19,8,56,18,30.26,100,4203.56,31.91985047740157,111.96628296910264,107.38575536669005,222.00404499754063,2023-11-01,2025-10-06 10:50:35.809,13,0,0,1,0,1,1,1,1,0,0,1,0,0,0,0,0,1,0,1,0,0,0,0,0,0
CUS_0x14ea,89338.36,7329.080911590103,4,5,10,3,12,3,2.3,30,915.14,35.0601248211456,561.1987988677749,143.64178174957485,741.0281744592139,2023-11-01,2025-10-06 10:50:35.809,19,10,0,1,0,0,0,0,1,1,0,0,1,0,0,1,0,0,0,1,0,0,0,0,0,0
CUS_0x448c,101500.92,8656.41,4,6,14,2,29,18,13.37,60,835.46,44.15624757366236,141.54570621500434,71.54026285339134,857.3503599354505,2023-11-01,2025-10-06 10:50:35.809,15,9,0,0,0,1,0,0,0,1,0,1,0,0,0,0,1,0,0,0,0,1,0,0,0,0
CUS_0x4e55,68629.6,5540.133333333334,6,5,14,1,25,9,4.5,0,1323.17,38.26594460824122,38.679037924165016,114.93243265802595,650.4018627511424,2023-11-01,2025-10-06 10:50:35.809,20,8,0,0,0,1,0,0,0,0,0,0,0,0,0,0,1,0,0,0,1,0,0,0,0,0
CUS_0x8b2c,71479.6,6184.633333333334,1,3,8,4,11,12,10.3,20,519.66,36.17677570751879,184.0252903291865,169.11105953652137,515.3269834676256,2023-11-01,2025-10-06 10:50:35.809,28,10,0,0,1,0,0,1,1,1,0,0,1,0,0,1,0,0,0,0,1,0,0,0,0,0
CUS_0x58fb,64915.92,5245.66,10,8,24,5,21,19,16.34,60,1843.38,36.02220781818636,247.4275910219214,123.26667616938428,423.8717328086944,2023-11-01,2025-10-06 10:50:35.809,8,8,1,0,0,0,1,1,0,0,1,1,0,0,0,0,0,0,1,0,0,0,0,0,1,0
CUS_0x9737,22453.67,1637.1391666666666,8,6,19,2,27,9,6.39,0,819.81,25.35927375103711,35.208027220801526,57.654744510506326,320.85114493535883,2023-11-01,2025-10-06 10:50:35.809,24,2,0,1,0,0,1,0,0,0,0,0,1,0,0,0,0,0,1,0,1,0,0,0,0,0
CUS_0x44f,29369.12,2171.4266666666667,5,4,8,2,32,14,10.54,110,1605.81,33.880338302673195,43.93572131964716,58.679273675258464,364.5276716717611,2023-11-01,2025-10-06 10:50:35.809,20,2,0,0,0,0,1,0,0,1,0,0,0,0,0,0,1,0,0,0,1,0,0,0,0,0
CUS_0x4a7,45342.24,4013.52,6,8,32,3,43,25,8.74,90,2063.68,34.049286097871374,61.78736077648539,72.05702271461018,517.5076165089043,2023-11-01,2025-10-06 10:50:35.809,17,11,1,0,1,0,1,0,0,0,0,1,0,0,0,0,0,1,0,0,1,0,0,0,0,0
CUS_0xa587,17525.87,1261.4891666666665,6,3,19,2,6,11,17.76,40,903.74,40.59790791823585,22.97305052912661,140.57712648791266,252.5987396496274,2023-11-01,2025-10-06 10:50:35.809,30,8,0,0,1,0,0,0,0,0,1,1,0,0,0,0,1,0,0,0,0,0,1,0,0,0
CUS_0x352f,14015.32,1238.9433333333334,8,3,11,6,16,20,23.01,70,1852.75,33.44427297451866,54.00190508879119,42.05815898561972,297.8342692589225,2023-11-01,2025-10-06 10:50:35.809,10,5,1,1,1,0,1,1,1,0,0,1,0,0,0,0,0,0,1,0,0,0,0,0,1,0
CUS_0x4c7e,15827.06,1422.9216666666666,8,8,29,6,20,17,5.41,140,2396.06,38.411556146692256,57.71999295945369,60.421467954639255,274.1507057525737,2023-11-01,2025-10-06 10:50:35.809,10,8,1,1,1,0,0,0,1,0,0,0,0,0,0,0,0,1,0,0,1,0,0,0,0,0
CUS_0x89e3,107808.0,9138.0,0,7,1,3,8,4,1.05,70,985.31,37.36408997819129,208.81058538838448,642.7143578696152,352.2750567420003,2023-11-01,2025-10-06 10:50:35.809,24,5,1,0,0,0,1,1,0,0,0,0,1,0,0,1,0,0,0,0,0,0,1,0,0,0
CUS_0xbefe,117283.35,9669.6125,1300,7,7,3,11,12,10.27,30,1248.12,41.57700840773772,173.48093047656704,131.53478308783895,501.10102957637696,2023-11-01,2025-10-06 10:50:35.809,19,3,0,0,0,0,1,0,0,1,0,0,1,0,0,1,0,0,0,0,0,0,0,1,0,0
CUS_0xac1,12221.185,853.4320833333333,3,5,18,1,29,9,19.2,50,1155.33,26.59484618330594,6.29857321686096,48.73165375471695,320.31298136175536,2023-11-01,2025-10-06 10:50:35.809,32,8,0,0,1,0,0,0,0,0,0,1,0,0,0,0,1,0,0,0,0,0,1,0,0,0
CUS_0xb096,20172.2,1612.9874843239236,8,7,3213,0,23,16,6.03,0,778.09,31.12292935790225,105.29178371367176,10000.0,272.83681880576734,2023-11-01,2025-10-06 10:50:35.809,24,4,0,1,0,0,0,0,1,0,1,0,1,0,0,0,0,0,1,1,0,0,0,0,0,0
CUS_0x3bad,142081.48,11771.123333333337,6,6,15,3,29,20,2.210000000000001,40,932.32,34.49466617054252,180.6164783267737,288.79889281679993,947.6969621897597,2023-11-01,2025-10-06 10:50:35.809,27,2,1,0,0,1,1,0,0,0,0,0,1,0,0,0,1,0,0,0,0,1,0,0,0,0
CUS_0x4cd8,16230.82,1423.5683333333334,6,4,14,2,11,18,8.81,60,1806.26,33.31806814151159,22.22010375797521,99.30363490447037,300.8330946708878,2023-11-01,2025-10-06 10:50:35.809,19,10,1,0,0,1,0,0,0,0,0,1,0,0,0,0,1,0,0,0,0,0,0,1,0,0
CUS_0x70c9,60783.45,5104.2875,6,7,13,0,17,16,15.69,0,46.28,27.30562317554193,0.0,76.12959588981343,674.2991541101868,2023-11-01,2025-10-06 10:50:35.809,31,8,0,0,0,0,0,0,0,0,0,1,0,0,0,0,1,0,0,0,0,1,0,0,0,0
CUS_0x1ab8,5539643.0,7181.34,6,4,10,1,28,20,11.34,40,729.69,30.839673688840577,49.31112737580687,212.12549476390592,204.4737701943976,2023-11-01,2025-10-06 10:50:35.809,29,11,0,0,0,0,0,1,0,0,0,1,0,0,0,0,1,0,0,0,0,0,0,1,0,0
CUS_0x6136,104562.72,7727.560450295795,8,7,15,7,28,8,11.24,80,615.39,33.643037868494794,1119.4523803305706,109.63550782797488,554.7676615456594,2023-11-01,2025-10-06 10:50:35.809,7,6,0,0,0,0,1,0,1,1,0,1,0,0,0,0,1,0,0,0,0,0,0,0,0,1
CUS_0x6eec,34960.25,3045.354166666666,6,7,4578,0,7,13,8.04,10,1364.64,31.406309384644967,0.0,226.12921182653847,368.40620484012817,2023-11-01,2025-10-06 10:50:35.809,23,11,0,0,0,0,0,0,0,0,0,0,1,0,0,0,1,0,0,0,0,0,1,0,0,0
CUS_0xb9bd,32265.26,2673.7716666666665,4,4,18,4,24,9,10.17,70,105.11,36.68165209029903,64.44633573782424,361.2442064900855,131.6866244387569,2023-11-01,2025-10-06 10:50:35.809,20,9,0,0,1,0,1,0,0,1,0,1,0,0,0,0,1,0,0,0,0,0,1,0,0,0
CUS_0x92f9,21555.5,2006.291666666667,6,6,20,2,30,8,21.58,90,857.88,22.42740069680617,22.772211203335985,126.87902699967344,330.9779284636573,2023-11-01,2025-10-06 10:50:35.809,6,9,0,0,0,0,1,1,0,0,0,1,0,0,0,0,1,0,0,0,0,0,0,0,0,1
CUS_0x4795,66341.45999999999,5369.454999999999,5,3,9,4,21,20,8.66,50,276.5,31.331537295366427,155.4559648154148,357.1197096905577,284.36982549402745,2023-11-01,2025-10-06 10:50:35.809,33,2,0,0,1,1,0,0,1,0,1,0,1,0,0,0,1,0,0,1,0,0,0,0,0,0
CUS_0x489,9388.27,978.3558333333334,4,4,32,0,5,19,8.73,100,2673.96,26.71600924369553,18.494964075837835,31.984687610861073,307.35593164663436,2023-11-01,2025-10-06 10:50:35.809,17,1,1,0,1,0,1,1,0,0,0,1,0,0,0,0,1,0,0,1,0,0,0,0,0,0
CUS_0x1c40,66749.64,5379.47,6,4,9,3,25,12,10.88,100,303.85,33.13231736652826,89.78489450906727,598.0398973879776,140.12220810295514,2023-11-01,2025-10-06 10:50:35.809,12,0,0,1,0,0,0,0,0,1,1,0,0,0,0,0,1,0,0,0,0,0,0,0,0,1
CUS_0x33b4,21484.035,2073.3362500000007,5,3,8,3,30,11,1.08,90,939.2,28.03013448220588,33.155266552541065,128.2229980331574,335.95536041430165,2023-11-01,2025-10-06 10:50:35.809,26,4,1,0,0,1,0,0,0,0,0,0,1,0,0,1,0,0,0,0,0,0,1,0,0,0
CUS_0xac5a,43428.47,3410.5339020751885,5,6,12,0,6,1,11.96,10,1244.42,36.73040669121672,320.5052645914785,142.48214000689697,480.6217766597697,2023-11-01,2025-10-06 10:50:35.809,18,4,0,0,0,0,0,0,0,0,0,0,1,0,0,1,0,0,0,0,1,0,0,0,0,0
CUS_0x3bbe,102215.61000000002,8482.9675,2,5,10,1,1,4,9.9,80,79.67,38.06819774512234,60.5673607926548,797.9906630520957,279.73872615524976,2023-11-01,2025-10-06 10:50:35.809,30,9,1,0,0,0,0,0,0,0,0,0,1,0,0,1,0,0,0,0,0,0,1,0,0,0
CUS_0x897f,57136.44,4954.37,9,6,27,6,16,21,25.89,110,3811.31,24.95969129491346,234.159487156454,200.96991661751187,310.3075962260342,2023-11-01,2025-10-06 10:50:35.809,2,4,0,1,0,1,0,1,0,1,1,1,0,0,0,0,0,1,0,0,1,0,0,0,0,0
CUS_0xbab8,175972.0,14771.333333333336,3,4,3,2,2,4,8.01,30,171.93,32.75353613480598,285.6316023398373,102.89113105733163,1328.6105999361646,2023-11-01,2025-10-06 10:50:35.809,24,4,0,0,0,1,0,0,0,1,0,0,0,0,0,1,0,0,0,0,0,1,0,0,0,0
CUS_0x7409,29510.87,2560.2391666666667,4,7,12,3,4,0,8.71,60,1147.62,32.860227782333915,49.7073465799128,105.47018960365631,380.8463804830976,2023-11-01,2025-10-06 10:50:35.809,17,0,0,0,0,1,1,0,0,0,1,0,1,0,0,1,0,0,0,0,0,0,0,1,0,0
CUS_0x1c65,90783.75,7727.3125,4,3,3,0,26,18,4.52,50,54.93,41.292492556953015,0.0,51.69463275841549,961.0366172415843,2023-11-01,2025-10-06 10:50:35.809,21,11,0,0,0,0,0,0,0,0,0,0,0,0,0,1,0,0,0,0,0,1,0,0,0,0
CUS_0x30c8,128916.04,10898.003333333332,5,6,8,0,10,7,0.93,30,839.76,24.21176990631416,181.4649430438304,526.252794024542,662.0825962649609,2023-11-01,2025-10-06 10:50:35.809,21,8,0,0,0,0,1,0,0,0,1,0,1,0,0,1,0,0,0,0,0,0,0,1,0,0
CUS_0x621,12155.275,1224.9395833333333,7,3,9,1,12,15,20.74,50,786.65,24.783776304122163,5.138484695591384,124.39393524147621,282.96153839626567,2023-11-01,2025-10-06 10:50:35.809,32,4,0,1,0,0,0,0,0,0,0,1,0,0,0,0,1,0,0,0,0,0,1,0,0,0
CUS_0x867a,80394.72,6639.56,9,7,34,6,59,16,0.63,24570,2803.03,36.15882423776525,250.0544591341021,699.9337073232314,3.9678335426666536,2023-11-01,2025-10-06 10:50:35.809,2,2,1,0,1,1,0,1,0,0,1,1,0,0,0,0,0,0,1,0,0,0,1,0,0,0
CUS_0x4faf,70590.98,5602.581666666666,4,4,4,2,3,3,10.19,10,258.33,24.757853989592363,61.84529519186657,10000.0,519.2427065710864,2023-11-01,2025-10-06 10:50:35.809,21,5,0,1,1,0,0,0,0,0,0,0,1,0,0,1,0,0,0,0,0,0,1,0,0,0
CUS_0x5c68,44382.88,3376.501733831629,7,7,1,0,8,18,11.08,30,115.63,38.67878396950603,355.07159950170416,202.79685960453133,440.36047372880205,2023-11-01,2025-10-06 10:50:35.809,22,8,0,0,0,0,0,0,0,0,0,0,1,0,0,1,0,0,0,0,0,0,0,0,1,0
CUS_0xb828,57074.58,4679.215,7,9,15,3,23,25,2.79,80,2554.42,32.62530104036272,109.1532272852117,344.7251504282795,304.0431222865089,2023-11-01,2025-10-06 10:50:35.809,8,0,0,1,0,0,0,1,1,0,0,1,0,0,0,0,0,1,0,0,0,0,0,0,0,1
CUS_0x3708,59304.08,4694.006666666667,9,5,25,7,56,5,11.67,60,1653.18,32.71787930078611,276.25584235056067,10000.0,315.1786008274919,2023-11-01,2025-10-06 10:50:35.809,16,10,1,1,0,1,1,0,0,1,0,1,0,0,0,0,1,0,0,0,0,0,0,1,0,0
CUS_0x58b0,47873.6,3895.466666666666,3,3,19,2,24,16,14.81,30,879.54,31.76739583872931,57.86503767092425,69.08530875175636,522.5963202439859,2023-11-01,2025-10-06 10:50:35.809,25,10,1,0,0,0,0,0,0,1,0,1,0,0,0,0,0,0,1,1,0,0,0,0,0,0
CUS_0x59c7,33036.44,2881.036666666667,4,3,17,6,27,16,13.76,70,1377.16,27.76909151350192,143.14034480959944,234.05658174184452,200.9067401152227,2023-11-01,2025-10-06 10:50:35.809,6,10,1,1,1,0,1,0,1,1,0,0,0,0,0,0,1,0,0,0,0,0,1,0,0,0
CUS_0x67b0,19132.66,1583.388333333333,4,3,32,4,12,17,7.2,70,2404.05,30.58632661512562,45.17437938444678,163.34881282247318,239.8156411264134,2023-11-01,2025-10-06 10:50:35.809,15,2,0,0,1,1,0,1,0,1,0,1,0,0,0,0,0,0,1,0,0,0,1,0,0,0
CUS_0xb7eb,125977.6,10426.133333333331,8,6,13,2,27,17,8.02,30,581.65,33.805365025819825,149.98251586409074,427.4920549710285,725.1387624982143,2023-11-01,2025-10-06 10:50:35.809,32,3,0,0,0,0,1,0,1,0,0,1,0,0,0,0,1,0,0,1,0,0,0,0,0,0
CUS_0xc2a4,122322.0,9027.048660660794,1257,3,9,2,15,9,5.97,60,584.61,38.10720815693795,1120.378690567111,1194.353728072517,417.07393687588615,2023-11-01,2025-10-06 10:50:35.809,22,2,1,0,0,0,1,0,0,0,0,0,1,0,0,1,0,0,0,0,0,0,1,0,0,0
CUS_0x5222,25757.56,2205.4633333333336,7,6,14,0,19,16,9.02,40,912.72,37.429354053541005,41.705851479751146,53.41218687155399,385.4282949820282,2023-11-01,2025-10-06 10:50:35.809,16,2,0,0,0,0,0,1,0,0,0,0,1,0,0,0,1,0,0,1,0,0,0,0,0,0
CUS_0x5fcd,83477.58,6718.465,4,7,12,1,4,12,1.64,60,715.49,34.510715013765825,42.14395491429588,146.62811422766288,743.0744308580414,2023-11-01,2025-10-06 10:50:35.809,18,11,0,0,0,1,0,0,0,0,0,0,1,0,0,0,0,0,1,1,0,0,0,0,0,0
CUS_0xc5a3,31204.74,2888.395,8,4,8,4,30,20,10.75,50,611.99,28.33920723503311,96.220995476677,134.18036197982244,348.43814254350053,2023-11-01,2025-10-06 10:50:35.809,6,9,0,0,1,1,0,0,1,0,1,1,0,0,0,0,1,0,0,0,0,0,1,0,0,0
CUS_0x1f1a,35139.0,2650.25,6,6,12,5,26,19,12.8,40,234.49,32.132576621574515,132.86533626370027,82.34147289508456,309.8181908412152,2023-11-01,2025-10-06 10:50:35.809,15,3,0,0,0,1,0,1,0,1,1,0,0,0,0,0,0,0,1,1,0,0,0,0,0,0
CUS_0x2a05,8308.235,654.3529166666667,6,9,20,0,15,20,8.7,150,3530.46,23.97592493996152,36.07374348263939,47.70084625403403,271.66070192999325,2023-11-01,2025-10-06 10:50:35.809,4,2,1,1,0,0,1,1,0,1,1,1,0,0,0,0,0,1,0,0,0,0,1,0,0,0
CUS_0x4c5a,49732.41,4274.3675,5,7,18,6,8,8,19.71,50,136.95,28.09891263123341,212.3839108962016,160.84315437666856,304.20968472712985,2023-11-01,2025-10-06 10:50:35.809,5,10,1,0,0,1,0,1,1,1,0,1,0,0,0,0,1,0,0,0,1,0,0,0,0,0
CUS_0x6079,7304.055,425.55017862808165,10,9,33,3,28,19,17.81,60,1991.85,24.47529676008684,43.85881324617888,59.83438583034722,265.2949972953922,2023-11-01,2025-10-06 10:50:35.809,7,0,1,0,0,1,0,1,0,0,0,1,0,0,0,0,0,1,0,0,0,0,1,0,0,0
CUS_0x7fb0,29785.28,2398.1066666666666,8,4,7,0,18,13,7.94,120,66.95,32.01509531546578,116.36111223306386,211.9472284369815,181.5023259966213,2023-11-01,2025-10-06 10:50:35.809,7,10,1,0,0,1,0,1,1,0,1,1,0,0,0,0,1,0,0,0,0,0,0,0,1,0
CUS_0x99ca,131253.81,11068.8175,1,1,8,0,1,8,4.14,40,519.38,36.58609587553946,0.0,146.82608679484864,1200.0556632051516,2023-11-01,2025-10-06 10:50:35.809,22,5,0,0,0,0,0,0,0,0,0,0,1,0,0,1,0,0,0,0,0,1,0,0,0,0
CUS_0xbb23,54601.74000000001,4527.145,7,7,33,7,58,15,1.65,120,3665.2,35.20912994988849,72690.0,150.04609102564697,316.6677225327229,2023-11-01,2025-10-06 10:50:35.809,4,9,0,0,0,1,0,1,0,1,1,0,0,0,0,0,0,1,0,1,0,0,0,0,0,0
CUS_0x1d72,54027.0,4269.25,6,4,8,2,26,11,7.2,40,482.08,31.63309526098004,53.260886633962926,85.33767763094214,548.326435735095,2023-11-01,2025-10-06 10:50:35.809,32,2,0,0,0,0,1,0,1,0,0,0,1,0,0,1,0,0,0,1,0,0,0,0,0,0
CUS_0x62d2,49250.73,4131.2275,9,7,21,6,59,21,5.4,150,2231.92,36.87918242771752,206.5019194017257,370.0798408022142,116.54098979606009,2023-11-01,2025-10-06 10:50:35.809,11,11,0,1,1,0,0,1,0,1,1,1,0,0,0,0,0,1,0,0,0,0,0,1,0,0
CUS_0xb132,15135.96,1300.33,4,3,22,2,29,13,0.0,90,1989.26,27.96786326624185,23.03452455102905,155.41654479652112,241.58193065244978,2023-11-01,2025-10-06 10:50:35.809,6,2,0,1,0,0,1,0,0,0,0,1,0,0,0,0,1,0,0,0,0,0,1,0,0,0
CUS_0xbdfe,16698.08,1369.1788306694482,8,6,25,6,22,18,8.41,170,1382.71,26.026615885568013,118.68345736080614,87.72211793447987,266.77292736859937,2023-11-01,2025-10-06 10:50:35.809,13,0,0,0,0,0,1,0,1,1,1,1,0,0,0,0,1,0,0,1,0,0,0,0,0,0
CUS_0xa49c,55281.02,4713.751666666666,3,5,10,0,5,15,19.18,70,522.67,23.76584494434698,99.258963070101,312.94457903845114,319.17162455811456,2023-11-01,2025-10-06 10:50:35.809,10,2,1,0,0,1,0,1,0,0,0,1,0,0,0,0,1,0,0,1,0,0,0,0,0,0
CUS_0x49bf,44056.29,3946.3575,4,5,29,5,5,19,14.55,130,1474.48,30.048588489140567,139.33086610517964,263.0923103803995,252.21257351442088,2023-11-01,2025-10-06 10:50:35.809,13,2,1,0,0,1,0,0,1,0,1,1,0,0,0,0,1,0,0,1,0,0,0,0,0,0
CUS_0x8773,90541.71,7607.142499999999,4,7,5,0,7,3,11.91,40,500.6,26.65726093913804,0.0,140.1588147785713,860.5554352214286,2023-11-01,2025-10-06 10:50:35.809,31,6,0,0,0,0,0,0,0,0,0,0,1,0,0,1,0,0,0,0,0,1,0,0,0,0
CUS_0xc23d,174179.64,14346.97,1,7,8,1,3,5,5.68,60,1355.93,42.1927817602072,123.42725726523172,346.91309968419904,1214.3566430505693,2023-11-01,2025-10-06 10:50:35.809,29,4,0,0,0,1,0,0,0,0,0,0,1,0,0,1,0,0,0,0,1,0,0,0,0,0
CUS_0x2a52,101296.71,8456.3925,3,4,4,3,14,3,5.82,10,807.24,35.66043776844375,234.4914209950245,208.3623220267533,642.7855069782223,2023-11-01,2025-10-06 10:50:35.809,16,2,1,0,0,0,1,0,1,0,0,0,1,0,0,1,0,0,0,0,0,1,0,0,0,0
CUS_0x3621,28102.36,2209.863333333333,3,6,24,6,22,14,19.98,140,2059.36,35.44630271868662,112.47359291337492,191.53631437743053,186.97642604252783,2023-11-01,2025-10-06 10:50:35.809,15,2,0,1,1,1,0,0,1,1,1,1,0,0,0,0,1,0,0,0,0,0,0,0,1,0
CUS_0x5db0,37963.16,3431.596666666667,8,7,16,9,28,19,9.58,90,3739.9,26.871214471490102,192.0858415822396,137.79116663314994,293.2826584512772,2023-11-01,2025-10-06 10:50:35.809,12,6,1,0,0,0,1,1,1,1,0,1,0,0,0,0,0,1,0,0,0,0,0,0,0,1
CUS_0x5df7,8285.085,592.4237499999998,6,6,33,5,47,16,18.56,70,1821.76,39.27355360898244,18.84763609485034,40.2605041259581,280.1342347791916,2023-11-01,2025-10-06 10:50:35.809,15,2,1,0,1,0,0,0,0,1,1,1,0,0,0,0,0,1,0,0,0,0,0,1,0,0
CUS_0x14c1,130220.08,11141.673333333334,6,3,14,3,23,17,2.17,40,410.1,34.41841759383175,245.9244924642511,282.358026649812,855.8848142192703,2023-11-01,2025-10-06 10:50:35.809,29,11,0,0,0,1,0,0,1,0,1,1,0,0,0,0,1,0,0,0,0,0,0,0,1,0
CUS_0x78eb,131121.75,11211.8125,4,3,2,1,10,5,2.88,30,1027.15,31.82494653929975,95.6991435454644,354.3285575981824,951.1535488563533,2023-11-01,2025-10-06 10:50:35.809,18,10,0,0,0,0,0,0,0,0,1,0,0,0,0,1,0,0,0,0,0,0,0,1,0,0
CUS_0xa058,25773.73,2359.810833333333,5,6,8,0,8,8,9.01,50,30.79,32.1464043347692,0.0,207.8108909179157,308.17019241541766,2023-11-01,2025-10-06 10:50:35.809,16,5,0,0,0,0,0,0,0,0,0,1,0,0,0,0,0,0,1,0,0,0,0,1,0,0
CUS_0x13b2,21440.93,1555.7441666666666,5,3,9,3,27,9,6.15,30,969.29,28.296316425701196,35.27302502352533,51.9057346860095,348.3956569571318,2023-11-01,2025-10-06 10:50:35.809,33,2,0,1,0,1,0,0,0,1,0,0,1,0,0,0,1,0,0,0,0,0,0,1,0,0
CUS_0x1fef,20066.6,1732.2166666666665,7,3,10,4,20,9,18.78,90,491.75,32.027716681051025,77237.0,186.10214584941943,231.51413694431716,2023-11-01,2025-10-06 10:50:35.809,17,10,0,1,1,0,0,0,0,0,0,0,0,0,0,0,1,0,0,0,0,0,1,0,0,0
CUS_0x644,65300.22,5444.685,2,1,1,0,8,1,2.13,20,759.86,27.46074833354943,0.0,291.6426760766548,512.8258239233453,2023-11-01,2025-10-06 10:50:35.809,30,10,0,0,0,0,0,0,0,0,0,0,1,0,0,1,0,0,0,1,0,0,0,0,0,0
CUS_0x7045,29423.32,2401.943333333333,7,8,31,8,53,24,18.81,80,3190.38,25.294092677133712,190.9585312553914,145.73849880732172,193.49730327062022,2023-11-01,2025-10-06 10:50:35.809,6,10,1,1,0,1,0,0,1,1,0,1,0,0,0,0,0,1,0,0,0,0,1,0,0,0
CUS_0x7aa9,60287.61,4712.69251657428,10,9,33,6,36,27,9.71,100,2411.02,40.48085685825825,663.6382548398535,116.35769533849,479.5757832473774,2023-11-01,2025-10-06 10:50:35.809,13,5,1,1,1,0,0,1,1,0,0,1,0,0,0,0,0,0,1,1,0,0,0,0,0,0
CUS_0xa3aa,27395.53,2414.960833333333,5,3,5,4,12,11,3.57,30,410.57,24.99340412753881,79.67404242498422,118.37202584213301,313.4500150662161,2023-11-01,2025-10-06 10:50:35.809,19,2,1,0,1,0,1,0,0,1,0,0,1,0,0,0,1,0,0,0,0,0,0,0,0,1
CUS_0x9ed1,15641.73,1205.4775,1,4,8,4,0,4,11.73,30,1429.18,38.170741490117656,30.88270741777375,45.98988261961596,323.67515996261034,2023-11-01,2025-10-06 10:50:35.809,21,11,0,0,1,0,0,0,1,1,0,0,1,0,0,1,0,0,0,0,0,0,0,1,0,0
CUS_0xb970,19253.02,1591.418333333333,3,3,17,7,6,8,8.08,80,1264.11,29.794707665487135,78.30239061912039,203.8558178483139,166.98362486589906,2023-11-01,2025-10-06 10:50:35.809,6,8,1,1,1,1,1,1,0,0,0,1,0,0,0,0,1,0,0,0,0,0,1,0,0,0
CUS_0x2c3e,12426.29,939.5241666666668,5,4,13,3,27,16,17.14,100,1399.81,34.054349641309706,18.801898458304382,96.50922502547672,268.6412931828856,2023-11-01,2025-10-06 10:50:35.809,8,11,0,0,0,1,0,0,0,1,1,1,0,0,0,0,1,0,0,0,0,0,1,0,0,0
CUS_0x3c90,19125.75,1437.8125,3,6,4,3,19,14,11.32,0,1243.2,22.60154592008219,33.557744248711664,146.91743557076518,243.3060701805232,2023-11-01,2025-10-06 10:50:35.809,21,0,0,1,1,0,1,0,0,0,0,0,0,0,0,1,0,0,0,0,0,0,0,1,0,0
CUS_0x4df6,16176.835,1585.0695833333332,8,3,10,3,15,14,0.56,70,1200.7,39.749727781820326,21.962186409063587,105.55714004798195,320.98763187628776,2023-11-01,2025-10-06 10:50:35.809,20,4,0,0,1,0,0,0,0,0,1,0,1,0,0,0,1,0,0,0,0,0,1,0,0,0
CUS_0xa90,86775.4,6205.537726920144,4,7,7,1,18,20,11.49,40,1421.81,37.957557909348175,953.8293586344964,117.93570205554764,520.1203983715696,2023-11-01,2025-10-06 10:50:35.809,26,8,0,0,1,0,0,0,0,0,0,0,1,0,0,0,1,0,0,0,0,0,0,0,1,0
CUS_0x6540,89177.01,7517.4175,6,6,8,4,7,19,5.82,30,347.15,33.03586891165367,293.0446460045918,10000.0,391.89496684212367,2023-11-01,2025-10-06 10:50:35.809,17,9,0,0,1,1,0,0,0,1,0,0,1,0,0,0,1,0,0,0,1,0,0,0,0,0
CUS_0xb734,107512.29,8809.3575,4,5,10,3,12,11,10.39,40,1325.35,32.95482278395682,205.58996425571172,436.13669663138677,529.2090891129017,2023-11-01,2025-10-06 10:50:35.809,19,5,0,1,0,0,0,1,0,0,0,0,1,0,0,1,0,0,0,0,0,0,1,0,0,0
CUS_0xa1a0,44178.15,3446.5125000000007,4,3,6,4,0,1,12.08,40,300.68,29.409097505165896,123.54990197499907,307.19823341265794,183.90311461234302,2023-11-01,2025-10-06 10:50:35.809,18,0,0,1,0,0,1,0,1,0,1,0,1,0,0,1,0,0,0,0,0,0,0,0,1,0
CUS_0xb38b,80436.12,6643.009999999998,3,4,13,6,8,19,7.59,120,2409.33,24.511336483013988,304.6317070026947,550.4238114902438,89.2454815070614,2023-11-01,2025-10-06 10:50:35.809,7,8,1,0,0,0,1,0,0,0,1,1,0,0,0,0,1,0,0,0,0,0,0,1,0,0
CUS_0x48a8,18116.1,1552.675,3,9,34,7,14,9,7.43,130,1745.84,22.647146428888675,62.401016117626114,207.85124686686157,175.01523701551238,2023-11-01,2025-10-06 10:50:35.809,11,4,0,1,0,1,1,0,1,1,1,1,0,0,0,0,1,0,0,0,0,0,1,0,0,0
CUS_0x5f97,25322.83,1868.2358333333332,6,6,8,2,16,20,8.25,20,266.33,32.43761163787755,33.25945350901993,69.41196696774772,334.1521628565657,2023-11-01,2025-10-06 10:50:35.809,23,5,0,0,1,0,0,0,1,0,0,0,0,0,0,1,0,0,0,0,0,0,0,0,0,1
CUS_0x62e9,179948.84,14836.736666666666,0,5,4,3,30,0,0.3500000000000001,40,1104.31,27.028313952188302,446.2593465712956,674.3317229146313,633.0825971807398,2023-11-01,2025-10-06 10:50:35.809,31,9,1,0,0,0,0,1,1,0,0,0,1,0,0,1,0,0,0,0,0,0,0,0,1,0
CUS_0x65d2,16844.13,1156.6775,2,7,6,0,0,6,9.34,50,1269.39,36.73761103893463,0.0,119.20768503935665,286.46006496064336,2023-11-01,2025-10-06 10:50:35.809,33,8,0,0,0,0,0,0,0,0,0,0,1,0,0,1,0,0,0,0,0,0,1,0,0,0
CUS_0x820c,18642.75,1706.5625,9,6,23,9,23,17,29.69,160,3856.66,40.7350165472722,75.66762658445816,25.68272917281372,309.30589424272813,2023-11-01,2025-10-06 10:50:35.809,5,6,0,1,1,1,0,1,1,0,1,1,0,0,0,0,0,1,0,0,0,1,0,0,0,0
CUS_0x9cdb,117801.12,9988.76,5,4,6,6,9,13,11.4,70,1280.57,41.805713753630506,326.20668114048146,10000.0,787.6542732584807,2023-11-01,2025-10-06 10:50:35.809,15,4,0,1,0,1,1,0,0,1,0,1,0,0,0,0,0,0,1,0,1,0,0,0,0,0
CUS_0xa352,10437.765,729.8137499999998,10,6,16,5,55,20,3.67,80,1824.45,24.998578378406037,31.386547717883644,63.12602293448562,258.4688043476308,2023-11-01,2025-10-06 10:50:35.809,18,5,1,0,1,0,1,0,0,1,1,1,0,0,0,0,0,1,0,0,0,0,0,1,0,0
CUS_0xba1c,41757.44,3317.786666666667,6,8,27,3,61,18,8.76,90,1360.45,37.54236164605004,100.0696282404713,117.10900181158121,374.60003661461417,2023-11-01,2025-10-06 10:50:35.809,17,11,0,0,1,1,0,0,0,0,0,1,0,0,0,0,0,1,0,1,0,0,0,0,0,0
CUS_0x2206,36047.13,3115.9275,1,7,9,4,11,3,6.3,20,1242.1,36.98952848276802,84.43033957404622,10000.0,295.11197008521196,2023-11-01,2025-10-06 10:50:35.809,24,2,0,0,1,0,1,0,0,0,1,0,1,0,0,1,0,0,0,0,0,0,0,0,1,0
CUS_0x76fb,36825.36,3059.78,6,5,13,4,13,11,9.45,80,1078.41,31.565034381104677,61.69087228139711,33.29579511177144,460.99133260683146,2023-11-01,2025-10-06 10:50:35.809,18,8,0,1,1,0,1,0,0,1,0,1,0,0,0,0,1,0,0,0,1,0,0,0,0,0
CUS_0x8281,47330.91,3793.2425,9,10,18,3,50,22,3.68,140,1455.64,36.42686587531599,103.17933193507808,489.3682532256249,76.77666483929687,2023-11-01,2025-10-06 10:50:35.809,13,2,1,0,1,0,0,0,0,1,0,1,0,0,0,0,0,1,0,0,0,0,1,0,0,0
CUS_0xd40,19114.12,1824.8433333333328,3,4,3,4,3,6,11.27,40,809.98,23.93379480196552,49.57494921489417,24.785216509052056,358.12416760938714,2023-11-01,2025-10-06 10:50:35.809,22,7,0,1,1,1,0,0,1,0,0,0,1,0,0,1,0,0,0,0,1,0,0,0,0,0
CUS_0x39ad,63525.64,5409.803333333333,4,7,9,3,12,5,10.73,20,1016.0,40.758351975736055,145.9295599871315,104.28126259533572,540.7695107508662,2023-11-01,2025-10-06 10:50:35.809,30,9,0,0,0,0,0,1,0,0,1,0,0,0,0,1,0,0,0,0,1,0,0,0,0,0
CUS_0x7edf,43319.96,3777.9966666666655,3,7,3,0,12,0,3.47,0,572.17,29.62646919398644,0.0,89.7064389741737,558.093227692493,2023-11-01,2025-10-06 10:50:35.809,18,8,0,0,0,0,0,0,0,0,0,0,1,0,0,1,0,0,0,0,0,0,0,0,1,0
CUS_0x2b15,54315.46,4473.288333333333,8,4,5,4,26,20,10.39,50,286.69,30.275475075720443,109.07534555591047,158.76889302294873,429.48459475447413,2023-11-01,2025-10-06 10:50:35.809,20,3,0,1,0,1,0,0,0,0,1,1,0,0,0,0,1,0,0,0,1,0,0,0,0,0
CUS_0x3a93,15411.93,1255.3275,7,10,32,4,39,15,9.58,140,2084.96,26.540222944749733,34.00796427576124,161.57867647231228,219.9461092519265,2023-11-01,2025-10-06 10:50:35.809,15,10,1,1,0,0,0,0,0,0,1,1,0,0,0,0,0,0,1,0,0,0,1,0,0,0
CUS_0x3f43,19040.44,1865.703333333333,6,5,5,7,16,8,9.05,70,2492.06,26.445470741162357,82.1425401101276,38.76912530806268,325.65866791514304,2023-11-01,2025-10-06 10:50:35.809,8,8,1,0,1,1,0,1,0,0,1,1,0,0,0,0,0,0,1,1,0,0,0,0,0,0
CUS_0x2912,108143.55,8458.884362375496,5,3,13,7,10,10,12.09,70,418.24,36.12146056683692,1298.6524762502515,85.52972896079709,590.5921824134543,2023-11-01,2025-10-06 10:50:35.809,7,9,1,1,1,0,0,0,1,1,0,1,0,0,0,0,1,0,0,0,0,1,0,0,0,0
CUS_0x3a41,63473.68,5237.473333333333,0,4,6,0,11,7,10.71,30,622.68,39.218314768230336,0.0,43.40074070293683,720.3465926303966,2023-11-01,2025-10-06 10:50:35.809,23,4,0,0,0,0,0,0,0,0,0,0,1,0,0,0,0,0,1,0,0,0,0,0,0,1
CUS_0x6a74,134734.16,11184.846666666665,7,7,11,2,21,13,2.11,20,45.12,41.52313697334932,153.81394769528632,249.0177099257592,975.6530090456212,2023-11-01,2025-10-06 10:50:35.809,17,9,0,0,0,0,1,0,0,1,0,0,0,0,0,0,1,0,0,0,0,0,0,0,0,1
CUS_0x1afd,100191.36000000002,8058.280000000002,4,7,6,2,28,21,13.61,20,496.71,38.11465193934604,145.58144483866278,274.74106494355937,655.5054902177778,2023-11-01,2025-10-06 10:50:35.809,20,3,1,0,0,0,0,1,0,0,0,0,1,0,0,0,1,0,0,0,0,0,0,0,1,0
CUS_0x229d,20082.65,1470.5541666666668,7,7,31,5,26,24,7.06,100,1549.99,24.3800269021222,52.58060232476889,187.99035106588715,196.48446327601062,2023-11-01,2025-10-06 10:50:35.809,20,0,0,0,1,1,0,0,1,0,1,1,0,0,0,0,0,1,0,0,0,0,1,0,0,0
CUS_0x2883,8264.75,595.7291666666666,7,10,26,5,43,18,1.35,110,2534.19,30.0679618611854,27.458546904719327,32.991787237156174,289.1225825247912,2023-11-01,2025-10-06 10:50:35.809,15,2,0,0,1,0,0,1,1,0,0,1,0,0,0,0,0,0,1,0,0,0,1,0,0,0
CUS_0x60a2,29951.57,2254.964166666666,8,6,20,0,18,16,7.44,70,704.02,33.14556454678634,0.0,193.2679504358069,322.2284662308598,2023-11-01,2025-10-06 10:50:35.809,19,2,0,0,0,0,0,0,0,0,0,1,0,0,0,0,1,0,0,0,0,0,1,0,0,0
CUS_0x4a9b,9734.325,876.19375,8,10,31,4,65,19,1.21,110,2558.01,29.68869790830991,17.853985427965764,39.36133516503122,300.404054407003,2023-11-01,2025-10-06 10:50:35.809,13,9,0,0,1,0,0,1,0,1,0,1,0,0,0,0,0,1,0,0,0,0,0,0,1,0
CUS_0x66d9,36401.36,3231.4466666666667,4,5,33,6,18,11,13.55,60,2301.93,37.482615064323966,129.33617848470718,242.27220541703937,221.53628276492014,2023-11-01,2025-10-06 10:50:35.809,13,10,0,1,0,0,1,1,0,1,0,1,0,0,0,0,1,0,0,0,0,0,0,0,1,0
CUS_0x8c1d,121948.8,9983.4,7,3,7,2,26,20,16.560000000000002,90,514.91,38.43291372217556,193.5377258949348,170.4806678017086,874.3216063033566,2023-11-01,2025-10-06 10:50:35.809,19,9,0,1,0,0,0,0,0,1,0,1,0,0,0,0,1,0,0,0,0,1,0,0,0,0
CUS_0xa7ae,20292.46,1974.0383333333327,7,5,4,0,29,13,3.11,23420,414.12,33.237381978383524,0.0,44.21723586825753,393.18659746507586,2023-11-01,2025-10-06 10:50:35.809,22,0,0,0,0,0,0,0,0,0,0,0,1,0,0,1,0,0,0,0,0,1,0,0,0,0
CUS_0x181c,16348.87,1573.4058333333337,10,9,24,7,28,16,7.75,90,1440.67,34.39363194320198,59.174881201404034,179.46355422321392,208.70214790871543,2023-11-01,2025-10-06 10:50:35.809,6,10,1,1,0,1,0,0,1,1,0,1,0,0,0,0,0,1,0,0,0,0,1,0,0,0
CUS_0x4e3,65383.72,5522.6433333333325,8,10,1562,0,20,8,9.09,160,2561.12,27.43777134999428,70.76315845790279,400.09450405528366,361.40667082014687,2023-11-01,2025-10-06 10:50:35.809,16,5,0,0,0,0,0,1,0,1,0,1,0,0,0,0,1,0,0,0,0,0,0,1,0,0
CUS_0x4f62,84045.99,6800.8325,0,3,5,0,0,8,3.07,70,1124.24,29.20385557070295,0.0,319.0072546119008,631.0759953880992,2023-11-01,2025-10-06 10:50:35.809,20,5,0,0,0,0,0,0,0,0,0,0,1,0,0,0,0,0,1,0,0,0,0,0,1,0
CUS_0x5fca,35171.34,2865.945,1,3,3,0,14,7,0.75,0,754.93,41.1781542246765,0.0,105.7341045384012,440.86039546159884,2023-11-01,2025-10-06 10:50:35.809,31,2,0,0,0,0,0,0,0,0,0,0,1,0,0,1,0,0,0,1,0,0,0,0,0,0
CUS_0xa4f3,32897.91,2468.4925000000007,3,3,5,3,1,15,11.7,0,342.77,24.90990935282279,47.73495057808239,322.61593153409126,170.19441212454808,2023-11-01,2025-10-06 10:50:35.809,27,3,0,0,1,1,0,1,0,0,0,0,1,0,0,0,1,0,0,0,0,0,1,0,0,0
CUS_0xb5f3,60423.56999999999,5269.2975,10,7,18,3,55,8,12.38,70,2369.74,27.287221730623788,107.8137986071272,72.56988347396467,586.5460679189082,2023-11-01,2025-10-06 10:50:35.809,10,6,0,0,1,0,1,0,0,0,0,1,0,0,0,0,1,0,0,0,0,1,0,0,0,0
CUS_0x2599,33718.86,2928.905,3,3,3,4,11,5,6.01,40,872.26,22.66773439924114,96.9449324939966,183.4578248209221,302.48774268508134,2023-11-01,2025-10-06 10:50:35.809,28,2,1,0,1,0,0,1,0,0,0,0,1,0,0,1,0,0,0,0,0,0,1,0,0,0
CUS_0x7071,34094.94,2671.245000000001,8,5,15,7,60,18,28.73,120,2704.98,25.02578142091936,169.8552985851418,181.9742284523441,175.29497296251418,2023-11-01,2025-10-06 10:50:35.809,11,11,1,0,1,0,1,1,0,0,0,1,0,0,0,0,0,1,0,1,0,0,0,0,0,0
CUS_0xa31,107392.74,8681.395,5,5,6,1,30,20,10.69,40,248.84,30.409279299849352,51.61389686009303,502.296711158746,574.2288919811609,2023-11-01,2025-10-06 10:50:35.809,19,11,0,1,0,0,0,0,0,0,0,1,0,0,0,0,1,0,0,1,0,0,0,0,0,0
CUS_0xbe6f,34945.16,3043.096666666667,7,6,21,5,19,17,9.45,130,2077.81,35.786664376296905,140.12096967788693,69.55253511467517,334.63616187410463,2023-11-01,2025-10-06 10:50:35.809,11,2,1,1,0,0,1,0,0,0,1,1,0,0,0,0,1,0,0,0,0,0,0,0,0,1
CUS_0x76c2,59555.68,4663.973333333333,3,5,6,2,12,8,15.81,20,1384.55,41.21608177714168,75.00154720653882,612.7477011306241,506.51356976828697,2023-11-01,2025-10-06 10:50:35.809,30,8,0,0,0,0,0,0,1,1,0,1,0,0,0,0,0,0,1,0,1,0,0,0,0,0
CUS_0x107c,49718.55,4179.2125,7,10,27,6,27,17,10.5,70,1920.25,30.10963834234661,231.95678064503065,430.88393873056435,45.080530624405014,2023-11-01,2025-10-06 10:50:35.809,14,0,1,1,0,0,0,0,1,1,0,1,0,0,0,0,0,1,0,0,0,0,1,0,0,0
CUS_0x5204,39706.44,3387.870000000001,10,8,30,8,34,17,29.21,80,4577.54,25.44085367733853,255.7272048329209,142.52459609546895,190.5351990716101,2023-11-01,2025-10-06 10:50:35.809,7,4,0,0,1,1,1,0,1,1,1,1,0,0,0,0,0,1,0,0,1,0,0,0,0,0
CUS_0xa7a3,53672.94,4589.745,9,5,27,0,27,20,9.72,100,1496.84,32.212740285313764,220.765777794557,140.6973432918237,347.5113789136193,2023-11-01,2025-10-06 10:50:35.809,6,4,0,0,1,1,1,0,1,0,1,0,0,0,0,0,0,1,0,0,1,0,0,0,0,0
CUS_0x40d7,18191.86,1263.9883333333337,9,5,27,6,58,21,25.2,60,4460.12,25.78341604341517,78.5615213461394,83.36537615296338,234.47193583423058,2023-11-01,2025-10-06 10:50:35.809,12,10,0,1,0,0,0,1,1,1,1,1,0,0,0,0,0,1,0,0,0,0,0,0,1,0
CUS_0x41e4,3961526.0,919.13,5,879,5,0,15,16,3.5,60,328.41,38.833322929515255,66045.0,12.68004582388189,319.23295417611814,2023-11-01,2025-10-06 10:50:35.809,19,10,0,0,0,0,0,0,0,0,0,0,1,0,0,1,0,0,0,0,0,1,0,0,0,0
CUS_0x5cf2,60446.62,5065.218333333333,6,3,20,3,27,15,8.65,60,136.13,36.49598706760627,78.57117360919784,68.73204500957323,599.2186147145622,2023-11-01,2025-10-06 10:50:35.809,13,10,0,0,0,0,0,1,1,1,0,1,0,0,0,0,1,0,0,0,0,1,0,0,0,0
CUS_0x8763,7536.015,589.00125,4,6,25,5,15,17,12.24,90,1276.4,29.11509023702972,17.85292695222475,58.90196044861632,262.1452375991589,2023-11-01,2025-10-06 10:50:35.809,20,4,1,1,0,1,1,0,0,0,0,1,0,0,0,0,1,0,0,0,0,0,0,1,0,0
CUS_0x9f7a,178793.92,14642.493333333336,1,1,11,0,13,6,7.7200000000000015,70,1015.37,32.049855226738075,0.0,1347.3814657204089,396.86786761292433,2023-11-01,2025-10-06 10:50:35.809,21,11,0,0,0,0,0,0,0,0,0,0,1,0,0,1,0,0,0,0,0,0,0,1,0,0
CUS_0xaa5a,19355.62,1728.968333333333,6,7,9,2,10,19,11.38,40,1294.09,30.15459980889986,25.54526965354386,108.14258184125843,329.2089818385311,2023-11-01,2025-10-06 10:50:35.809,5,11,1,0,0,0,0,0,1,0,0,1,0,0,0,0,0,0,1,0,0,0,1,0,0,0
CUS_0x1041,8978.11,894.1758333333332,8,8,30,9,50,17,18.48,100,4913.15,37.74656726266676,57.67965790681974,43.56585814621352,248.1720672803001,2023-11-01,2025-10-06 10:50:35.809,10,5,1,0,0,0,1,1,1,1,0,1,0,0,0,0,0,1,0,1,0,0,0,0,0,0
CUS_0x48c0,41898.87,3669.5725,5,194,12,0,3,8,1.35,50,927.63,33.155254033430914,0.0,223.6985882244336,403.2586617755665,2023-11-01,2025-10-06 10:50:35.809,29,8,0,0,0,0,0,0,0,0,0,0,1,0,0,1,0,0,0,1,0,0,0,0,0,0
CUS_0x5ff9,85481.48,7128.456666666666,6,5,15,0,8,13,3.09,60,889.35,37.16921280816929,0.0,200.1436295414832,772.7020371251834,2023-11-01,2025-10-06 10:50:35.809,18,5,0,0,0,0,0,0,0,0,0,0,1,0,0,0,1,0,0,1,0,0,0,0,0,0
CUS_0xbe32,64294.77,5442.8975,6,4,7,1,28,14,13.11,10,1052.1,29.277021168349982,37.73270213909306,117.083392911439,629.473654949468,2023-11-01,2025-10-06 10:50:35.809,23,6,0,1,0,0,0,0,0,0,0,0,1,0,0,0,1,0,0,0,0,1,0,0,0,0
CUS_0xc0f8,134439.4,11030.283333333333,0,3,2,795,0,10,11.57,40,199.96,39.41018685715747,158.04404802040128,156.89815374257182,1028.0861315703605,2023-11-01,2025-10-06 10:50:35.809,23,5,0,1,0,0,0,1,0,0,0,0,1,0,0,1,0,0,0,0,0,1,0,0,0,0
CUS_0xc3ae,35435.81,2889.628582499552,3,1,10,4,14,11,4.5,60,1457.03,26.85925178302065,265.3379077795067,372.72602058667707,120.59007246759808,2023-11-01,2025-10-06 10:50:35.809,20,4,1,0,0,0,0,0,1,1,1,0,0,0,0,1,0,0,0,0,0,0,1,0,0,0
CUS_0xf50,132398.13,11130.1775,1,3,8,4,14,1,0.4900000000000002,30,1359.45,38.41992813291412,281.8355280366659,135.48082065609685,935.7014013072372,2023-11-01,2025-10-06 10:50:35.809,29,4,0,0,1,0,0,0,0,0,1,0,1,0,0,1,0,0,0,0,0,1,0,0,0,0
CUS_0xb9c7,57544.23,4672.3525,9,5,3887,6,41,22,23.63,100,4368.6,27.383788381947586,175.34255423904472,10000.0,409.3743267096746,2023-11-01,2025-10-06 10:50:35.809,12,11,1,1,0,1,1,1,0,0,0,1,0,0,0,0,0,1,0,0,1,0,0,0,0,0
CUS_0x2800,65522.84,5376.236666666667,10,8,18,9,32,23,5.38,90,1382.94,31.16173092197967,399.3718123048201,100.52477620777461,287.7270781540721,2023-11-01,2025-10-06 10:50:35.809,14,8,1,1,0,1,0,0,1,1,1,1,0,0,0,0,0,1,0,0,1,0,0,0,0,0
CUS_0x7623,16518.68,1559.5566666666666,4,6,14,0,10,6,5.17,0,1277.8,33.74515608542913,51.73970546170983,66.83964203003009,327.37631917492666,2023-11-01,2025-10-06 10:50:35.809,31,9,0,1,0,0,1,1,0,1,0,1,0,0,0,0,1,0,0,0,0,0,1,0,0,0
CUS_0x4de8,83034.44,7150.536666666668,4,4,16,2,10,16,17.27,80,2225.89,23.39388025636614,90.60863171544672,724.2577817442574,190.18725320696262,2023-11-01,2025-10-06 10:50:35.809,8,4,0,0,0,0,1,0,0,0,1,1,0,0,0,0,0,0,1,0,0,0,1,0,0,0
CUS_0x754e,19028.33,1401.694166666667,1,7,12,0,2,1,0.57,40,457.92,39.85895754780568,0.0,21.537448432311624,347.99059770738717,2023-11-01,2025-10-06 10:50:35.809,24,6,0,0,0,0,0,0,0,0,0,0,1,0,0,1,0,0,0,0,0,0,0,1,0,0
CUS_0xb2d3,7756.465,516.3720833333333,10,7,19,2,45,21,4.45,160,2338.09,31.831508360680672,9.682064527276705,33.54570875678863,278.409435049268,2023-11-01,2025-10-06 10:50:35.809,6,1,0,0,0,0,0,1,0,1,0,1,0,0,0,0,0,1,0,0,0,0,0,0,1,0
CUS_0x507a,53387.88,4437.99,5,5,5,1,25,17,13.39,110,1106.86,39.84520028664966,23.027246700563413,76.68771641043823,594.0840368889983,2023-11-01,2025-10-06 10:50:35.809,11,6,0,0,0,0,0,1,0,0,0,1,0,0,0,0,1,0,0,0,1,0,0,0,0,0
CUS_0x4a7a,71735.48,6021.956666666666,8,3,8,3,25,20,15.07,20,940.19,38.16362415640367,144.54006046544487,73.56393933614437,624.0916668650774,2023-11-01,2025-10-06 10:50:35.809,20,0,0,0,0,0,1,1,0,0,0,1,0,0,0,0,1,0,0,0,0,1,0,0,0,0
CUS_0x903b,82203.45000000001,6655.287500000001,6,5,12,2,14,20,4.86,40,667.13,28.160812747955426,104.3200658335418,592.148904224376,239.0597799420824,2023-11-01,2025-10-06 10:50:35.809,22,6,0,0,1,0,0,0,1,0,0,1,0,0,0,0,0,0,1,0,0,0,0,0,1,0
CUS_0xa30f,9817.065,1095.08875,8,10,24,3,30,17,0.5,90,2083.5,37.42015067123618,14.989485740061474,130.75858380873905,253.76080545119945,2023-11-01,2025-10-06 10:50:35.809,11,6,1,1,0,0,1,0,0,0,0,1,0,0,0,0,0,1,0,0,0,0,1,0,0,0
CUS_0x5012,82332.68,6814.056666666666,6,9,20,7,48,16,9.25,100,1566.54,25.482354110600014,289.35555385861994,235.3039078167717,436.746204991275,2023-11-01,2025-10-06 10:50:35.809,6,9,0,0,1,1,1,1,0,1,1,1,0,0,0,0,1,0,0,0,0,0,0,1,0,0
CUS_0xa872,79837.02,6414.085,2,7,10,1,14,5,8.72,40,585.77,25.87691287525288,66.05806320635233,536.6481084982377,328.70232829541,2023-11-01,2025-10-06 10:50:35.809,32,10,0,0,0,0,0,0,0,1,0,0,1,0,0,1,0,0,0,0,0,0,1,0,0,0
CUS_0x3608,17737.6,1260.1333333333332,4,7,8,0,6,0,6.2,70,1420.93,26.612320625454693,0.0,32.871701199914234,343.14163213341914,2023-11-01,2025-10-06 10:50:35.809,26,5,0,0,0,0,0,0,0,0,0,0,1,0,0,1,0,0,0,0,1,0,0,0,0,0
CUS_0x8a39,26612.6,2459.7166666666667,6,7,4613,1,21,14,5.57,50,248.56,24.684797442150888,21.86795407999505,178.29207219750182,315.8116403891698,2023-11-01,2025-10-06 10:50:35.809,26,4,0,1,0,0,0,0,0,0,0,0,1,0,0,0,0,0,1,0,0,0,0,0,1,0
CUS_0x955b,12993.97,1223.8308333333332,6,6,14,7,23,9,10.92,660,488.79,25.7859918175502,64.89671411889705,119.15265486019665,218.33371435423962,2023-11-01,2025-10-06 10:50:35.809,13,3,1,0,0,0,1,1,0,1,1,1,0,0,0,0,1,0,0,0,0,0,0,0,0,1
CUS_0x4bcf,42024.21,3695.0175,1,3,8,1,0,11,1.68,40,143.12,25.42886739970355,34.61643153960774,69.0169580177327,515.8683604426597,2023-11-01,2025-10-06 10:50:35.809,25,8,0,1,0,0,0,0,0,0,0,0,1,0,0,1,0,0,0,0,1,0,0,0,0,0
CUS_0x5c2d,73400.58,5957.715,1,7,11,0,13,7,4.36,60,1025.71,38.260867456114994,0.0,162.20356629585189,693.5679337041481,2023-11-01,2025-10-06 10:50:35.809,20,11,0,0,0,0,0,0,0,0,0,0,1,0,0,1,0,0,0,1,0,0,0,0,0,0
CUS_0x73e4,69712.46,6075.371666666668,2,3,12,1,13,10,2.28,40,76.71,38.898057006200254,46.74589560708583,10000.0,677.034458465439,2023-11-01,2025-10-06 10:50:35.809,18,8,0,0,1,0,0,0,0,0,0,0,1,0,0,1,0,0,0,0,0,1,0,0,0,0
CUS_0xb18d,109621.56,9335.13,4,5,6,1,7,8,1.06,60,740.23,35.050325061716045,86.74756688972056,410.3681420468425,706.3972910634367,2023-11-01,2025-10-06 10:50:35.809,28,3,0,0,0,0,1,0,0,0,0,0,0,0,0,0,1,0,0,0,0,0,0,0,1,0
CUS_0x3260,10897.385,1029.1154166666663,5,6,16,2,15,18,17.66,12880,401.56,37.84989448719524,12.985338660286804,122.78233328019165,257.1438697261882,2023-11-01,2025-10-06 10:50:35.809,15,11,0,1,1,0,0,0,0,0,0,1,0,0,0,0,1,0,0,0,0,0,1,0,0,0
CUS_0x7e12,169106.96,13943.246666666664,4,5,12,4,14,6,11.52,40,254.2,31.557945799087022,283.53388410782435,240.22646062920825,1120.564321929634,2023-11-01,2025-10-06 10:50:35.809,18,2,0,0,1,0,1,1,0,0,0,0,1,0,0,1,0,0,0,0,1,0,0,0,0,0
CUS_0x6172,17091.96,1182.33,10,8,23,5,24,20,2.38,110,4047.31,40.077930390412384,54.857945863955706,10000.0,282.35488387401983,2023-11-01,2025-10-06 10:50:35.809,8,5,0,0,0,1,0,1,1,1,0,1,0,0,0,0,0,1,0,0,0,0,1,0,0,0
CUS_0xe10,81126.78,6885.565,0,3,1,2,16,7,6.22,50,316.07,33.893055994537804,127.9998194644768,201.80839594934844,628.7482845861748,2023-11-01,2025-10-06 10:50:35.809,29,8,0,1,0,1,0,0,0,0,0,0,1,0,0,1,0,0,0,0,0,0,0,0,0,1
CUS_0x4329,28385.62,2500.468333333333,4,6,10,7,6,8,7.48,70,64.65,37.64920025647352,88.63125778186499,117.652258388872,323.76331716259637,2023-11-01,2025-10-06 10:50:35.809,17,6,0,0,0,0,1,1,1,1,1,1,0,0,0,0,1,0,0,0,0,0,0,1,0,0
CUS_0x5088,68375.37,5914.947499999998,6,3,17,1,20,12,7.56,60,804.61,37.64346914950607,38.40824349011482,218.72561556568385,584.3608909442013,2023-11-01,2025-10-06 10:50:35.809,30,11,0,0,0,1,0,0,0,0,0,0,1,0,0,0,0,0,1,0,1,0,0,0,0,0
CUS_0x9079,23211.7,1898.3083333333327,4,7,15,4,28,20,9.28,20,100.19,38.70637468831981,58.52598660398907,147.84900138884316,273.45584534050107,2023-11-01,2025-10-06 10:50:35.809,23,4,0,0,1,0,1,0,0,1,1,0,1,0,0,0,1,0,0,0,0,0,0,0,0,1
CUS_0x53fc,60437.28,4948.44,6,4,8,4,26,11,19.55,110,2133.53,33.93301666248926,129.38746282892166,189.27359119297435,426.18294597810404,2023-11-01,2025-10-06 10:50:35.809,16,10,0,0,1,0,0,0,1,0,1,1,0,0,0,0,1,0,0,0,1,0,0,0,0,0
CUS_0x972f,66387.42,5545.285,4,5,12,6,23,22,10.46,110,1175.18,38.5888717100665,194.79622886281783,10000.0,338.18673157863066,2023-11-01,2025-10-06 10:50:35.809,17,5,1,1,1,0,0,1,1,0,1,1,0,0,0,0,1,0,0,0,0,0,0,0,1,0
CUS_0xbc88,28230.92,2184.5766666666664,8,6,32,7,49,16,25.17,140,2989.13,38.636071137281625,132.48112788009803,90.90504612959884,245.07149265696975,2023-11-01,2025-10-06 10:50:35.809,7,5,0,0,1,1,1,0,1,0,0,0,0,0,0,0,0,1,0,0,1,0,0,0,0,0
CUS_0xc594,60841.98,5053.165,3,3,9,1,3,7,3.32,70,1064.4,34.78524201474801,30.419540362550343,178.06582174260367,546.8311378948459,2023-11-01,2025-10-06 10:50:35.809,26,5,1,0,0,0,0,0,0,0,0,0,1,0,0,0,0,0,1,0,1,0,0,0,0,0
CUS_0x6324,32933.44,2574.453333333333,5,3,9,4,4,10,4.96,30,1272.85,31.94900278186892,95.11680220734054,88.21831060992788,364.1102205160649,2023-11-01,2025-10-06 10:50:35.809,29,0,1,0,0,1,0,0,1,0,0,0,1,0,0,1,0,0,0,0,0,0,1,0,0,0
CUS_0x6972,67321.96,5834.163333333334,2,3,2,2,0,8,3.37,0,1254.76,42.67994663488032,70.76290710269183,49.1848387329816,703.4685874976599,2023-11-01,2025-10-06 10:50:35.809,28,6,1,0,0,0,0,0,0,0,1,0,1,0,0,1,0,0,0,0,0,1,0,0,0,0
CUS_0x836e,37353.58,2926.7983333333336,6,9,34,8,13,18,14.510000000000002,110,3459.09,25.013653435138558,172.34493905891773,183.2321374982708,207.10275677614482,2023-11-01,2025-10-06 10:50:35.809,3,11,0,1,0,1,1,1,1,1,1,1,0,0,0,0,0,1,0,0,0,0,0,0,1,0
CUS_0xad3c,24898.5,2154.875,3,3,17,1,6,12,8.25,10,143.27,35.59427537215635,28795.0,187.86863993585084,292.95449573990163,2023-11-01,2025-10-06 10:50:35.809,32,2,0,0,0,0,0,0,1,0,0,1,0,0,0,0,0,0,1,0,0,0,0,1,0,0
CUS_0x1018,61194.81,5014.5675,7,7,23,8,19,22,28.63,80,2773.09,27.268457710529688,225.3686913764476,166.53062988488216,359.55742873867035,2023-11-01,2025-10-06 10:50:35.809,14,3,0,0,1,1,1,1,1,1,0,1,0,0,0,0,0,1,0,0,1,0,0,0,0,0
CUS_0x4488,14489.475,1457.45625,5,4,8,0,0,7,1.58,20,759.09,33.46971333409225,0.0,154.87143585147706,280.87418914852293,2023-11-01,2025-10-06 10:50:35.809,18,11,0,0,0,0,0,0,0,0,0,0,1,0,0,1,0,0,0,0,0,0,1,0,0,0
CUS_0x85be,19669.56,1880.13,8,8,30,0,27,24,17.01,60,4312.41,41.09653750837253,69.02096028476379,15.084905496564286,343.907134218672,2023-11-01,2025-10-06 10:50:35.809,7,1,1,0,1,0,0,1,1,1,0,1,0,0,0,0,0,1,0,0,0,1,0,0,0,0
CUS_0xa65f,67726.17,5840.8475,8,7,20,2,29,9,8.76,50,337.25,32.57632886537129,93.18869758063522,585.8019299660217,195.0941224533432,2023-11-01,2025-10-06 10:50:35.809,25,3,0,0,0,0,1,1,0,0,0,1,0,0,0,0,1,0,0,0,0,0,0,0,0,1
CUS_0x1f36,33455.64,2946.97,8,7,33,8,42,21,22.33,130,4807.65,24.08030668369585,217.73425755025383,340.21058379516336,26.752158654582786,2023-11-01,2025-10-06 10:50:35.809,1,7,1,1,1,0,1,0,1,0,1,1,0,0,0,0,0,1,0,0,0,0,1,0,0,0
CUS_0x1fb5,51031.6,4180.633333333333,4,6,16,3,12,960,10.54,10,1437.83,24.739710410655626,113.15964279594272,44.87345738163177,500.0302331557589,2023-11-01,2025-10-06 10:50:35.809,17,4,1,0,0,0,1,0,0,1,0,0,0,0,0,0,1,0,0,0,0,1,0,0,0,0
CUS_0x9d3,20886.73,1725.5608333333332,5,5,12,4,13,8,4.07,50,769.43,29.09582020027932,39.69011606735896,58.71260366356765,344.15336360240667,2023-11-01,2025-10-06 10:50:35.809,32,11,0,0,1,1,1,0,1,0,0,0,1,0,0,1,0,0,0,0,0,0,0,0,0,1
CUS_0x411e,18369.33,1579.7775,4,6,6,3,4,4,7.09,60,967.91,37.50843094264054,27.55586581342608,58.671426772729305,321.75045741384463,2023-11-01,2025-10-06 10:50:35.809,22,11,0,0,0,0,1,1,0,0,1,0,1,0,0,1,0,0,0,0,1,0,0,0,0,0
CUS_0xb17a,36135.19,2898.265833333333,3,4,11,0,16,17,1.5,60,695.59,23.968242477220453,87.97703116102518,26.984936214293946,414.86461595801427,2023-11-01,2025-10-06 10:50:35.809,21,11,0,1,1,0,0,1,0,0,0,0,0,0,0,0,0,0,1,0,0,1,0,0,0,0
CUS_0x205f,34361.32,2721.443333333333,3,4,11,3,9,13,13.36,60,654.33,24.131904725330987,57.04311069837996,191.14151136904815,313.9597112659052,2023-11-01,2025-10-06 10:50:35.809,23,4,0,0,0,0,1,1,0,0,0,1,0,0,0,0,1,0,0,0,0,0,1,0,0,0
CUS_0xb761,30450.84,2506.57,6,7,8,3,27,15,11.98,10,203.69,24.11809767378781,49.394740875242405,44.10871223119139,397.1535468935663,2023-11-01,2025-10-06 10:50:35.809,20,9,0,1,0,0,0,0,0,0,1,0,1,0,0,0,1,0,0,0,0,0,0,0,0,1
CUS_0x84b4,16665.49,1311.7908333333337,6,7,21,4,20,12,13.44,70,2679.6,32.71661264657401,41.64669483161813,42.77148889100026,306.76089961071494,2023-11-01,2025-10-06 10:50:35.809,19,3,1,1,1,0,0,0,0,0,1,1,0,0,0,0,1,0,0,1,0,0,0,0,0,0
CUS_0x391a,20737.17,1868.0975,5,4,9,0,6,6,7.37,0,1399.23,40.3699213796885,0.0,110.46649735100692,336.3432526489931,2023-11-01,2025-10-06 10:50:35.809,27,0,0,0,0,0,0,0,0,0,0,0,1,0,0,1,0,0,0,1,0,0,0,0,0,0
CUS_0x6d41,22006.43,1655.8691666666666,8,3,19,0,6,18,9.21,40,1269.66,25.735709989962277,0.0,37.70176584924639,377.88515081742025,2023-11-01,2025-10-06 10:50:35.809,22,3,0,0,0,0,0,0,0,0,0,1,0,0,0,0,0,0,1,0,1,0,0,0,0,0
CUS_0x9e8d,20299.4,1757.6166666666668,9,6,22,6,48,19,26.12,100,3917.82,34.319660822018754,75.77365520391602,161.9159343963197,218.072077066431,2023-11-01,2025-10-06 10:50:35.809,2,3,1,0,1,1,1,0,1,0,0,1,0,0,0,0,0,1,0,0,0,0,0,1,0,0
CUS_0xc74,65294.18,5406.181666666666,3,2,12,1,15,11,9.78,40,911.08,37.42860121576642,34.6998010615442,431.2777472319705,364.640618373152,2023-11-01,2025-10-06 10:50:35.809,30,8,0,0,0,0,0,0,0,1,0,0,1,0,0,1,0,0,0,0,0,0,1,0,0,0
CUS_0x5a90,29728.31,2551.3591666666666,3,4,6,2,15,0,4.8100000000000005,70,917.0,37.95895022931173,34.49644519827092,268.71356414197584,241.92590732641992,2023-11-01,2025-10-06 10:50:35.809,32,3,0,0,0,0,0,1,0,0,0,0,1,0,0,1,0,0,0,0,0,0,1,0,0,0
CUS_0x4798,43287.28,3839.273333333333,7,6,13,4,26,11,14.15,30,1393.19,32.155306641077125,111.3621464675242,56.29193931841776,466.27324754739135,2023-11-01,2025-10-06 10:50:35.809,30,10,0,0,0,1,1,0,1,0,0,1,0,0,0,0,0,0,1,0,1,0,0,0,0,0
CUS_0x7aaa,58346.36,4616.196666666667,7,7,28,6,28,19,19.22,110,3534.9,38.33892097088657,229.91579212769972,118.10389504507505,353.5999794938919,2023-11-01,2025-10-06 10:50:35.809,7,8,0,0,0,1,0,1,1,1,1,1,0,0,0,0,0,1,0,0,0,1,0,0,0,0
CUS_0x91ac,64666.48,5144.873333333334,7,7,27,6,32,26,19.31,120,3556.71,35.36223712258013,257.1831073610456,66.8348771776471,430.4693487946407,2023-11-01,2025-10-06 10:50:35.809,1,9,1,0,0,1,1,0,0,1,1,1,0,0,0,0,0,1,0,0,0,1,0,0,0,0
CUS_0x5718,15688.25,1447.354166666667,4,7,12,2,5,10,10.34,30,1029.41,28.71907601288996,21193.0,59.12987805644204,356.2338162170718,2023-11-01,2025-10-06 10:50:35.809,19,0,0,0,1,1,0,0,0,0,0,1,0,0,0,0,0,0,1,0,0,0,1,0,0,0
CUS_0x2a4e,61236.86,5151.071666666667,3,2,8,1,10,3,3.1300000000000012,60,1460.07,25.171115368944875,32.21650597579278,451.7453596436663,321.1453010472076,2023-11-01,2025-10-06 10:50:35.809,26,0,0,0,0,0,1,0,0,0,0,0,1,0,0,0,0,0,1,0,0,0,1,0,0,0
CUS_0xc727,91686.69,7842.5575,3,3,3,2,18,0,6.69,14120,579.04,30.27420164853481,83.09116325853846,520.9842281922794,460.1803585491822,2023-11-01,2025-10-06 10:50:35.809,18,5,1,0,0,0,0,1,0,0,0,0,1,0,0,1,0,0,0,0,0,0,0,1,0,0
CUS_0x1011,58918.47,5208.8725,3,3,17,3,27,13,14.42,70,473.14,27.82995907548726,123.43493879634316,383.35084463651407,294.1014665671429,2023-11-01,2025-10-06 10:50:35.809,15,10,0,0,1,0,0,1,0,0,1,1,0,0,0,0,1,0,0,0,0,0,0,1,0,0
CUS_0x2d25,48496.74,3965.395,3,7,10,6,18,9,17.18,80,946.27,41.017732779886266,168.1035450628854,61.55660661910849,406.8793483180061,2023-11-01,2025-10-06 10:50:35.809,11,9,1,0,1,0,1,0,1,0,0,1,0,0,0,0,0,0,1,0,0,1,0,0,0,0
CUS_0x720a,40624.94,3665.411666666667,7,9,21,4,63,15,12.06,140,1750.56,28.51843621929557,73.02343358946548,147.48018195130382,436.0375511258974,2023-11-01,2025-10-06 10:50:35.809,14,6,0,0,1,1,1,0,0,0,0,0,0,0,0,0,0,0,1,0,0,0,1,0,0,0
CUS_0x3434,20380.41,1581.3675,7,6,29,4,28,26,4.2,120,1791.56,29.07695937297643,63.644129351125095,59.59954183814821,304.8930788107267,2023-11-01,2025-10-06 10:50:35.809,13,5,0,1,1,0,0,0,0,1,0,1,0,0,0,0,0,1,0,0,0,0,0,0,1,0
CUS_0x6325,15746.63,1122.2191666666663,4,3,18,5,22,12,10.83,70,2098.83,38.87980553017453,44.04040477401768,129.2907433205334,228.8907685721156,2023-11-01,2025-10-06 10:50:35.809,11,11,1,1,1,1,0,0,1,0,0,1,0,0,0,0,1,0,0,0,0,0,1,0,0,0
CUS_0xace2,22120.69,1809.390833333333,7,4,14,6,22,8,17.94,70,67.23,30.797900532653347,74.11808216822405,121.67887650974922,275.14212465536,2023-11-01,2025-10-06 10:50:35.809,13,5,0,1,1,0,0,1,0,1,1,1,0,0,0,0,1,0,0,0,0,0,1,0,0,0
CUS_0xb3bd,95596.35,8024.3625,5,7,12,3,11,4,5.16,20,64.69,36.28824147361471,182.2758306085516,572.8868967023666,317.27352268908186,2023-11-01,2025-10-06 10:50:35.809,15,8,0,0,1,0,0,0,0,0,1,0,1,0,0,1,0,0,0,0,0,0,0,0,1,0
CUS_0x54c7,57246.8,4492.566666666667,9,5,32,5,23,18,29.34,140,3281.44,26.6492342290556,227.6599628120541,234.5217967704658,267.0749070841468,2023-11-01,2025-10-06 10:50:35.809,9,5,0,1,0,0,0,0,1,1,1,1,0,0,0,0,0,1,0,0,0,0,0,1,0,0
CUS_0x83ea,14461.52,1010.1266666666668,10,8,33,6,56,14,18.75,110,2566.1,31.168234752165997,41.82171882717799,121.69329674969536,227.49765108979332,2023-11-01,2025-10-06 10:50:35.809,8,8,0,0,1,0,0,1,1,1,0,1,0,0,0,0,0,1,0,0,0,0,1,0,0,0
CUS_0x9073,31122.79,2761.5658333333336,7,5,12,0,31,20,9.75,40,358.6,41.00475107838117,0.0,372.67842462913626,446.78198963772377,2023-11-01,2025-10-06 10:50:35.809,23,3,0,0,0,0,0,0,0,0,0,0,1,0,0,0,0,0,1,0,1,0,0,0,0,0
CUS_0xabaf,36990.53,2836.544166666666,0,5,1,3,10,1,4.58,50,147.75,29.43767624926432,68.15523047927576,118.64174899983549,356.8574371875555,2023-11-01,2025-10-06 10:50:35.809,21,4,1,1,0,0,0,0,0,0,1,0,1,0,0,1,0,0,0,1,0,0,0,0,0,0
CUS_0x4af1,162955.92,13332.660000000002,5,6,3,2,0,8,1.77,0,377.68,34.21816836042989,175.58768432156228,338.39219919555256,1059.2861164828855,2023-11-01,2025-10-06 10:50:35.809,32,4,0,0,1,0,0,1,0,0,0,0,1,0,0,1,0,0,0,0,0,1,0,0,0,0
CUS_0x7e09,128390.84,10622.236666666666,4,4,3,3,20,0,4.86,90,531.62,29.628090738991496,206.1583649948445,184.54678652808371,921.5185151437382,2023-11-01,2025-10-06 10:50:35.809,28,10,0,1,0,1,0,0,0,1,0,0,0,0,0,0,0,0,1,0,1,0,0,0,0,0
CUS_0x80ce,31653.01,2478.750833333333,3,7,9,2,5,3,9.2,60,1250.9,39.90971551852331,27.111028823126933,87.45175917167411,383.31229533853235,2023-11-01,2025-10-06 10:50:35.809,24,3,0,1,0,0,0,1,0,0,0,0,0,0,0,1,0,0,0,0,1,0,0,0,0,0
CUS_0x8448,57856.2,4605.35,8,7,17,3,15,22,1.02,40,853.8,26.292274394746684,139.47069389511952,142.8560843002864,428.208221804594,2023-11-01,2025-10-06 10:50:35.809,30,9,0,0,0,1,1,1,0,0,0,0,1,0,0,0,0,0,1,0,1,0,0,0,0,0
CUS_0x4588,20247.61,1733.3008333333337,8,3,15,4,8,11,18.87,10,1300.16,33.55277844867787,46.61068524415131,161.71283634708053,255.00656174210152,2023-11-01,2025-10-06 10:50:35.809,26,4,0,0,1,0,0,0,1,1,1,0,0,0,0,0,0,0,1,0,0,0,0,0,0,1
CUS_0x769a,77469.6,6577.8,4,5,12,1,15,17,3.74,20,529.13,35.1747550573311,55.809077539420855,670.053231939628,211.91769052095128,2023-11-01,2025-10-06 10:50:35.809,26,6,0,0,0,0,0,1,0,0,0,0,1,0,0,1,0,0,0,0,0,0,0,1,0,0
CUS_0xb8a7,143544.96,12156.08,5,7,14,0,28,15,8.26,40,1434.18,31.061056240593967,0.0,10000.0,1339.8597439051116,2023-11-01,2025-10-06 10:50:35.809,15,10,0,0,0,0,0,0,0,0,0,1,0,0,0,0,1,0,0,0,0,1,0,0,0,0
CUS_0x18ea,38083.18,2924.598333333333,3,3,7,4,14,9,8.81,50,728.23,34.00645669600646,91.9256691821617,344.7560636927992,145.77810045837245,2023-11-01,2025-10-06 10:50:35.809,28,8,0,0,1,1,1,0,0,0,0,0,1,0,0,1,0,0,0,0,0,0,1,0,0,0
CUS_0x3ee9,60663.0,4811.25,3,3,20,1,18,17,6.15,20,846.68,29.758587040052426,44.522364136988,128.5338136515302,568.0688222114818,2023-11-01,2025-10-06 10:50:35.809,27,3,0,0,0,0,0,0,0,1,0,0,0,0,0,0,1,0,0,1,0,0,0,0,0,0
CUS_0x3c9b,7199.325,408.94375,8,6,21,6,47,19,16.46,90,4918.95,27.0811538075844,31.94138147326209,10.107546903087657,268.84544662365033,2023-11-01,2025-10-06 10:50:35.809,3,5,0,1,1,0,0,0,0,1,1,1,0,0,0,0,0,0,1,0,0,0,0,0,0,1
CUS_0x7cac,36456.72,3163.06,8,10,31,2,43,8,10.91,100,1751.18,27.442011122937533,51.6465611878399,81.75296048357146,422.9064783285887,2023-11-01,2025-10-06 10:50:35.809,17,4,0,0,0,1,0,0,0,1,0,1,0,0,0,0,1,0,0,0,0,1,0,0,0,0
CUS_0xc216,19028.45,1497.7041666666669,9,10,15,7,40,18,16.16,60,2600.23,32.91920860135177,78.84913307750013,199.78924300729457,161.13204058187202,2023-11-01,2025-10-06 10:50:35.809,12,11,0,1,1,1,0,1,0,0,0,1,0,0,0,0,0,1,0,0,0,0,1,0,0,0
CUS_0xa509,130210.2,10971.85,7,4,5,1,18,6,18.32,40,61.98,29.015029198558693,68.89613596665514,1084.2383925814445,234.05047145190065,2023-11-01,2025-10-06 10:50:35.809,22,9,0,0,0,0,0,0,1,0,0,1,0,0,0,0,1,0,0,0,0,0,0,0,0,1
CUS_0x557,24293.22,1805.2211350875773,4,7,14,3,5,16,11.66,20,62.26,34.5518224715781,156.65314604122142,106.80780170532223,318.3964171658793,2023-11-01,2025-10-06 10:50:35.809,21,9,1,1,0,0,1,0,0,0,0,0,1,0,0,0,1,0,0,0,0,0,1,0,0,0
CUS_0x8e75,70112.78,5989.731666666668,1,7,3,2,5,3,1.75,50,877.06,34.29779849869348,69.71794787486095,185.1508386069859,594.1043801848197,2023-11-01,2025-10-06 10:50:35.809,25,5,1,0,0,0,0,1,0,0,0,0,1,0,0,1,0,0,0,0,1,0,0,0,0,0
CUS_0x4843,33714.38,2918.5316666666663,10,10,15,9,30,19,21.09,60,3086.29,27.05063233072913,235.27977961872955,78.46039118221809,258.112995865719,2023-11-01,2025-10-06 10:50:35.809,2,3,1,1,1,0,1,0,0,1,0,1,0,0,0,0,0,1,0,0,0,0,0,1,0,0
CUS_0xaff8,34229.35,2840.445833333333,3,2,12,4,9,0,11.04,20,1180.77,31.060223480163227,85.68697392409503,77.2044533033362,381.1531561059021,2023-11-01,2025-10-06 10:50:35.809,30,6,1,1,0,0,0,0,1,1,0,0,1,0,0,1,0,0,0,1,0,0,0,0,0,0
CUS_0xc4f5,117551.96,9719.996666666668,8,3,20,4,17,18,7.59,80,981.69,37.11935712380125,344.1666003193924,275.1179230849051,622.7151432623696,2023-11-01,2025-10-06 10:50:35.809,18,4,0,1,1,1,0,0,0,1,0,1,0,0,0,0,1,0,0,0,0,0,0,0,1,0
CUS_0x20ba,8135.855,486.98791666666665,7,7,17,9,62,24,21.15,80,4584.48,39.62037157244673,42.989801785988206,14.193352225968148,261.5156376547103,2023-11-01,2025-10-06 10:50:35.809,7,2,0,1,1,0,1,0,1,1,1,1,0,0,0,0,0,1,0,0,0,0,0,0,1,0
CUS_0x7a35,81571.88,6648.656666666668,5,3,23,3,17,16,7.82,80,2321.86,36.45203575524197,203.7756088324949,138.44612710043603,572.6439307337357,2023-11-01,2025-10-06 10:50:35.809,15,4,0,0,0,0,1,1,0,0,1,1,0,0,0,0,1,0,0,0,1,0,0,0,0,0
CUS_0xb811,89367.27,7276.2725,2,3,8,2,0,7,1.99,10,716.97,34.47082608798125,148.63879469636794,498.8010357319315,340.1874195717005,2023-11-01,2025-10-06 10:50:35.809,20,9,0,0,0,1,0,1,0,0,0,0,1,0,0,1,0,0,0,1,0,0,0,0,0,0
CUS_0xb873,61262.76,5054.23,6,9,20,5,18,24,7.2,90,2357.37,32.8871037359534,250.596842524502,132.74376330455578,382.0823941709423,2023-11-01,2025-10-06 10:50:35.809,6,11,1,1,0,0,1,1,0,0,0,1,0,0,0,0,0,1,0,1,0,0,0,0,0,0
CUS_0x20a6,7879.85,855.6541666666667,8,9,21,9,26,13,25.43,120,3075.54,33.2837345774882,57.43926085792997,27.724125286538282,270.4020305221984,2023-11-01,2025-10-06 10:50:35.809,13,0,1,1,1,1,0,0,1,0,1,1,0,0,0,0,0,1,0,0,0,0,0,0,1,0
CUS_0x676b,19995.55,1644.237907536177,6,6,29,5,22,18,19.26,7320,1358.9,32.133532106690524,114.4479018630878,72.84683746887116,293.2927697985306,2023-11-01,2025-10-06 10:50:35.809,6,3,0,0,0,0,1,1,1,0,1,0,0,0,0,0,1,0,0,1,0,0,0,0,0,0
CUS_0x8962,9542.28,671.19,6,6,14,4,20,10,7.960000000000001,110,322.61,34.810338546619526,65943.0,84.79052461060165,249.9277763968697,2023-11-01,2025-10-06 10:50:35.809,8,0,1,0,0,0,1,0,0,0,0,1,0,0,0,0,0,0,1,0,0,0,1,0,0,0
CUS_0xa219,14698.595,1505.882916666667,8,3,8,7,15,9,18.14,60,469.46,25.65164564291505,84.87318656457524,97.37426623415342,258.34083886793803,2023-11-01,2025-10-06 10:50:35.809,12,5,0,1,0,0,1,0,1,1,1,1,0,0,0,0,0,0,1,0,0,0,1,0,0,0
CUS_0xb329,16965.3,1247.775,1,5,3,0,15,5,1.98,60,69.93,30.98911241007737,0.0,114.54866604004707,300.2288339599529,2023-11-01,2025-10-06 10:50:35.809,15,10,0,0,0,0,0,0,0,0,0,0,1,0,0,1,0,0,0,0,0,0,1,0,0,0
CUS_0xba18,32196.04,2843.0033333333336,10,8,17,8,29,19,6.6,80,1661.03,25.24921819586548,164.2565162234063,249.82992039239647,140.21389671753064,2023-11-01,2025-10-06 10:50:35.809,18,8,0,1,1,1,0,1,1,0,1,1,0,0,0,0,0,1,0,0,0,0,0,0,1,0
CUS_0x64d6,20040.64,1508.053333333333,3,6,9,2,17,10,10.68,50,1255.55,23.23624795139792,32.71828748280314,95.14376283285408,302.94328301767615,2023-11-01,2025-10-06 10:50:35.809,32,8,0,0,0,0,0,0,0,1,1,0,1,0,0,1,0,0,0,0,0,0,0,1,0,0
CUS_0x65a9,74732.96,5917.510962162808,7,6,33,8,29,14,19.45,100,2860.18,32.52040349757257,550.6793936566004,129.98346433978122,441.74751317414376,2023-11-01,2025-10-06 10:50:35.809,13,0,1,0,1,1,1,0,0,1,1,1,0,0,0,0,0,1,0,0,0,1,0,0,0,0
CUS_0x99ba,17027.44,1366.9533333333334,5,4,4,0,17,9,3.66,20,1299.05,30.17056753561956,0.0,46.721780704420794,369.9735526289125,2023-11-01,2025-10-06 10:50:35.809,27,5,0,0,0,0,0,0,0,0,0,0,1,0,0,1,0,0,0,0,0,0,0,1,0,0
CUS_0x841f,135107.76,11276.98,6,4,12,3,10,14,7.13,40,763.74,36.02452780125992,193.88384170576003,287.67756272921145,886.1365955650286,2023-11-01,2025-10-06 10:50:35.809,24,10,1,0,0,0,0,1,0,1,0,0,1,0,0,0,1,0,0,0,0,1,0,0,0,0
CUS_0x8f84,35540.74,3232.728333333333,3,5,2,2,6,1,9.45,10,1148.21,39.57906002125551,52.41216561965096,61.35940043246094,449.5012672812215,2023-11-01,2025-10-06 10:50:35.809,31,11,0,0,0,0,1,0,1,0,0,0,1,0,0,1,0,0,0,0,0,1,0,0,0,0
CUS_0x96c8,66482.2,5340.183333333333,7,5,29,6,36,18,16.91,110,2681.87,28.76678538636861,222.16700492253028,164.9286451970033,406.92268321379964,2023-11-01,2025-10-06 10:50:35.809,6,11,0,0,1,0,0,0,1,1,1,1,0,0,0,0,0,1,0,1,0,0,0,0,0,0
CUS_0x105b,34428.21,2289.593700256465,2,4,8,0,8,11,8.51,0,180.7,35.13053991265236,285.4237997435352,61.13170395137558,446.3700460486243,2023-11-01,2025-10-06 10:50:35.809,27,6,0,0,0,0,0,0,0,0,0,0,1,0,0,0,0,0,1,0,0,0,0,0,0,1
CUS_0x1107,28952.76,2338.73,7,9,21,8,38,25,2.46,160,2717.85,28.629538257401137,155.77998901144184,56.7778041826906,261.3152068058676,2023-11-01,2025-10-06 10:50:35.809,1,2,0,0,1,1,1,0,0,0,1,1,0,0,0,0,0,1,0,0,0,0,0,0,0,1
CUS_0xa94f,56340.6,4837.05,3,1,12,1,7,11,11.51,30,538.87,35.94655086311739,26.80920042731836,37.42303415909783,659.4727654135837,2023-11-01,2025-10-06 10:50:35.809,23,10,0,1,0,0,0,0,0,0,0,0,1,0,0,1,0,0,0,0,0,1,0,0,0,0
CUS_0x2ca6,17502.19,1380.5158333333331,7,5,6,5,7,13,15.32,40,251.99,35.09734653991445,52.99951406455877,53.7252360250276,291.32683324374693,2023-11-01,2025-10-06 10:50:35.809,13,10,0,0,1,0,0,1,1,0,0,1,0,0,0,0,0,0,1,1,0,0,0,0,0,0
CUS_0x99bc,35108.51,2850.709166666667,3,7,2,1,7,5,11.35,60,15.74,35.31979545345809,23.947618969761475,141.06858444734885,410.05471324955636,2023-11-01,2025-10-06 10:50:35.809,23,6,0,0,0,0,1,0,0,0,0,0,1,0,0,1,0,0,0,0,0,0,1,0,0,0
CUS_0x1367,142635.52,11708.293333333331,0,5,12,3,13,10,8.45,50,462.69,38.009116168848855,308.4094298147262,86.49012339659386,1015.9297801220132,2023-11-01,2025-10-06 10:50:35.809,20,11,1,1,0,1,0,0,0,0,0,0,1,0,0,1,0,0,0,0,0,1,0,0,0,0
CUS_0x35a4,81199.04,6683.586666666666,6,7,28,7,15,11,10.3,90,2436.17,30.471533744091577,427.652889092424,118.47960541952749,372.2261721547152,2023-11-01,2025-10-06 10:50:35.809,19,5,1,1,0,0,1,1,1,0,0,0,0,0,0,0,1,0,0,0,1,0,0,0,0,0
CUS_0x37e1,19660.58,1419.381666666667,3,2,12,0,13,9,4.32,30,941.63,26.056673692833854,0.0,93.50809771427538,338.4300689523913,2023-11-01,2025-10-06 10:50:35.809,28,4,0,0,0,0,0,0,0,0,0,0,1,0,0,1,0,0,0,0,0,0,1,0,0,0
CUS_0x5e8f,16608.8,1269.0666666666666,10,6,15,6,33,3533,16.64,90,3103.97,38.19107797527957,76.36770220608993,58.598272499866646,251.9406919607101,2023-11-01,2025-10-06 10:50:35.809,4,1,1,0,0,0,1,1,1,1,0,1,0,0,0,0,0,1,0,1,0,0,0,0,0,0
CUS_0xbedd,68824.42,4924.658800926899,4,1,4,1,11,8,3.03,60,1455.38,25.836516129950983,835.7175251594373,305.84577592922113,496.28306465110893,2023-11-01,2025-10-06 10:50:35.809,19,4,0,0,0,0,1,0,0,0,0,0,1,0,0,1,0,0,0,0,0,0,0,0,0,1
CUS_0xbf0b,141420.92,11748.076666666668,6,4,9,0,25,19,7.27,20,367.22,42.15869133963631,159.6233389217445,394.1343484981785,871.0499792467438,2023-11-01,2025-10-06 10:50:35.809,31,5,0,1,0,0,0,1,0,0,0,1,0,0,0,0,1,0,0,0,1,0,0,0,0,0
CUS_0x32ed,70737.78,5719.418131833436,8,7,8,4,15,16,7.28,40,751.82,38.01485693712888,539.7588011146247,39.62892053139152,586.0906465205471,2023-11-01,2025-10-06 10:50:35.809,24,10,0,0,0,0,1,1,1,1,0,0,1,0,0,0,1,0,0,0,0,1,0,0,0,0
CUS_0x56d7,40678.44,3631.87,8,4,19,1,16,18,12.93,70,1301.75,26.53693140790617,32.866853726961004,206.5546733158871,393.76547295715204,2023-11-01,2025-10-06 10:50:35.809,13,4,0,0,1,0,0,0,0,0,0,1,0,0,0,0,1,0,0,0,0,0,0,0,1,0
CUS_0x797a,160016.44,13477.703333333331,2,5,3,1,2,6,1.85,10,1123.32,44.02370361574894,86.88154044188543,152.01391239771775,1348.8748804937304,2023-11-01,2025-10-06 10:50:35.809,22,10,0,0,1,0,0,0,0,0,0,0,1,0,0,0,0,0,1,0,0,1,0,0,0,0
CUS_0x1d8f,17469.68,1417.8066666666666,7,9,18,5,46,16,29.12,100,3645.12,22.865998395494127,67.96105153510771,111.7135927633515,303.2588720183681,2023-11-01,2025-10-06 10:50:35.809,6,2,0,1,0,0,0,0,1,1,0,1,0,0,0,0,0,1,0,1,0,0,0,0,0,0
CUS_0x2ef3,21751.53,2002.6275,1741,3,7,4,7,9,4.02,30,1211.85,35.28286851516627,48.500399953983965,114.83145205612855,296.93089798988746,2023-11-01,2025-10-06 10:50:35.809,16,10,0,1,1,0,1,0,0,0,1,0,1,0,0,0,1,0,0,1,0,0,0,0,0,0
CUS_0x31e3,90398.96,7022.253959811047,7,6,11,0,29,11,8.73,10,615.79,42.43177775536578,612.9927068556198,92.7857211713368,910.7389454953301,2023-11-01,2025-10-06 10:50:35.809,23,0,0,0,0,0,0,0,0,0,0,0,1,0,0,0,0,0,1,0,0,1,0,0,0,0
CUS_0x6eee,73579.8,6200.6500000000015,4,5,7,2,17,1,4.94,70,1226.97,24.331645084218746,100.29869456799568,98.52580783297532,671.2404975990291,2023-11-01,2025-10-06 10:50:35.809,25,5,0,1,1,0,0,0,0,0,0,0,1,0,0,1,0,0,0,0,1,0,0,0,0,0
CUS_0x63db,5556554.0,1342.6345833333332,0,5,9,4,7,12,5.74,60,683.67,28.89117200004839,42.8466088350532,120.95124365949353,260.4656058387866,2023-11-01,2025-10-06 10:50:35.809,29,5,1,1,0,0,0,0,0,0,1,0,1,0,0,1,0,0,0,0,0,0,1,0,0,0
CUS_0x7007,19104.75,1669.0625,4,7,6,3,28,12,14.07,50,955.6,31.985357294818613,43.751454331542114,63.017540245390386,350.13725542306753,2023-11-01,2025-10-06 10:50:35.809,30,3,0,0,1,0,0,0,0,1,1,1,0,0,0,0,1,0,0,0,0,0,1,0,0,0
CUS_0xb6dd,73961.12,5950.426666666666,9,9,17,9,20,24,3.44,90,1308.52,37.363003174381696,392.1095205298218,400.7902791542643,92.14286698258059,2023-11-01,2025-10-06 10:50:35.809,7,9,1,1,0,1,1,1,1,1,0,1,0,0,0,0,0,1,0,0,0,0,1,0,0,0
CUS_0x406c,14560.43,1250.3691666666666,6,6,20,6,7,13,16.05,80,2353.97,23.9174319858768,47.63164079506518,75.30669686074441,262.09857901085707,2023-11-01,2025-10-06 10:50:35.809,13,10,0,1,1,0,1,1,0,0,1,1,0,0,0,0,1,0,0,1,0,0,0,0,0,0
CUS_0x6ae5,18048.88,1669.0733333333335,10,5,15,6,22,19,18.56,60,1257.05,22.97150603959964,86.7683562334972,88.36201624990866,251.7769608499275,2023-11-01,2025-10-06 10:50:35.809,13,10,0,0,1,0,1,1,1,0,0,1,0,0,0,0,0,0,1,1,0,0,0,0,0,0
CUS_0x7b5,64249.44,5428.12,7,7,24,7,28,13,12.78,110,1450.31,34.466149877158045,229.4802377164356,455.6525875765825,137.679174706982,2023-11-01,2025-10-06 10:50:35.809,14,3,1,1,1,0,0,0,0,1,1,1,0,0,0,0,1,0,0,0,0,0,0,1,0,0
CUS_0xb743,34652.7,2975.725,6,7,14,3,5,16,9.56,40,1096.33,38.3408888730474,64.68031229517283,185.24056753470813,362.4525676703023,2023-11-01,2025-10-06 10:50:35.809,20,4,0,0,0,1,0,0,0,1,0,0,0,0,0,0,1,0,0,0,1,0,0,0,0,0
CUS_0x84cc,38364.56,2901.046666666666,7,10,26,4,16,9,11.7,90,2661.65,32.890492167104,118.10090284893124,290.8128971412596,171.19086667647582,2023-11-01,2025-10-06 10:50:35.809,8,6,0,0,0,0,1,1,1,1,0,1,0,0,0,0,1,0,0,0,0,0,1,0,0,0
CUS_0xa9ad,7457.695,503.47458333333327,10,6,24,6,51,23,23.73,80,4736.73,37.94092870371958,34.6320974824979,44.875488342581605,260.83987250825385,2023-11-01,2025-10-06 10:50:35.809,4,3,1,0,0,1,1,1,0,0,1,1,0,0,0,0,0,1,0,0,0,0,1,0,0,0
CUS_0xb102,38491.94,2709.896291897415,5,7,18,4,15,9,7.31,60,1659.15,26.61859972527755,470.776690009742,58.648249336800305,429.20660208937653,2023-11-01,2025-10-06 10:50:35.809,13,10,0,0,0,0,1,0,1,0,1,1,0,0,0,0,1,0,0,0,0,0,0,0,0,1
CUS_0xbef3,9155.455,470.9545833333333,6,7,24,5,36,20,27.14,110,3914.45,36.41267772876397,24.300245768929734,41.6057688541934,271.1894437102102,2023-11-01,2025-10-06 10:50:35.809,5,1,1,0,0,0,0,0,1,1,0,1,0,0,0,0,0,1,0,0,0,0,1,0,0,0
CUS_0x5fd1,35223.94,2849.328333333333,7,4,17,3,18,13,18.56,90,1269.36,39.3631828031544,61.91473592305071,64.49349954177539,408.5245978685072,2023-11-01,2025-10-06 10:50:35.809,21,10,0,0,0,0,1,0,1,0,1,1,0,0,0,0,1,0,0,0,1,0,0,0,0,0
CUS_0xb85c,17373.39,1550.7825,5,7,20,5,17,14,15.57,100,2537.45,34.762234152502714,54.03211205959445,62.336427486932365,328.70971045347324,2023-11-01,2025-10-06 10:50:35.809,17,6,0,1,1,1,1,1,0,0,0,1,0,0,0,0,1,0,0,0,0,0,1,0,0,0
CUS_0x451e,38323.46,2907.6216666666664,3,3,24,2,6,11,21.19,60,2064.68,32.76536255551857,42.21977824020055,149.97959028757094,358.5627981388951,2023-11-01,2025-10-06 10:50:35.809,20,0,0,1,0,0,0,0,0,1,0,1,0,0,0,0,1,0,0,1,0,0,0,0,0,0
CUS_0x60ec,41975.0,3761.916666666666,2,7,5,0,8,1,5.74,0,72.24,36.55166290559461,0.0,57.92130800046896,568.2703586661977,2023-11-01,2025-10-06 10:50:35.809,25,4,0,0,0,0,0,0,0,0,0,0,1,0,0,1,0,0,0,0,1,0,0,0,0,0
CUS_0x9574,15606.515,1234.5429166666663,3,4,6,4,7,3,9.37,20,257.85,39.19138694392357,35.62637254261307,49.832777168698165,327.9951419553554,2023-11-01,2025-10-06 10:50:35.809,33,6,0,0,0,1,0,1,0,0,0,0,0,0,0,1,0,0,0,0,0,0,1,0,0,0
CUS_0xc669,39797.06,3310.421666666666,8,6,19,7,26,16,18.88,22460,1134.58,27.825934683372807,192.8238924513969,103.48017903159024,284.7380951836796,2023-11-01,2025-10-06 10:50:35.809,14,5,1,1,0,1,1,0,0,1,1,1,0,0,0,0,1,0,0,0,1,0,0,0,0,0
CUS_0x6ec9,41812.32,3637.36,9,9,33,3,53,11,10.67,90,2517.83,34.11292701124927,68.41077216180855,103.72533635834698,451.59989147984453,2023-11-01,2025-10-06 10:50:35.809,11,7,0,0,0,1,0,0,1,1,0,1,0,0,0,0,1,0,0,1,0,0,0,0,0,0
CUS_0x8090,22311.08,1561.256666666667,4,3,7,4,24,16,1.34,40,318.78,24.217931641685663,58.98276403850478,79.93800144592994,297.204901182232,2023-11-01,2025-10-06 10:50:35.809,24,5,0,0,1,0,1,0,0,1,0,0,1,0,0,0,1,0,0,0,0,0,0,1,0,0
CUS_0x9ae,14093.08,1246.4233333333334,4,3,22,4,25,15,7.3,90,1321.92,23.99235940101893,42.11098304737305,144.1948574962521,228.3364927897082,2023-11-01,2025-10-06 10:50:35.809,15,0,0,0,0,0,0,0,0,1,1,1,0,0,0,0,0,0,1,0,0,0,1,0,0,0
CUS_0x7bbb,14115.22,1309.2683333333332,6,5,16,9,16,19,6.54,130,3346.41,37.29292049273575,96.7758917594763,114.25847751407323,209.89246405978375,2023-11-01,2025-10-06 10:50:35.809,3,6,1,0,0,1,1,0,1,0,1,1,0,0,0,0,0,1,0,0,0,0,1,0,0,0
CUS_0x8771,150043.56,11362.907592213,5,3,917,3,5,8,9.93,15600,781.9,35.119060458068844,1621.144915080332,745.3211000685217,472.9193926381437,2023-11-01,2025-10-06 10:50:35.809,20,10,1,0,0,0,0,0,1,0,0,0,1,0,0,0,0,0,1,0,0,0,0,1,0,0
CUS_0x348a,16955.675,1295.9729166666666,0,1,7,2,12,1,3.09,70,1035.87,25.72802750977693,20.03508748246436,147.23423953448574,252.32796464971662,2023-11-01,2025-10-06 10:50:35.809,32,5,0,0,0,0,0,1,0,1,0,0,1,0,0,1,0,0,0,0,0,0,1,0,0,0
CUS_0x3ef,21212.91,1496.7425,3,888,10,3,16,19,5.13,10,993.15,38.91186246876629,45.74570037068675,118.54244614778156,275.3861034815317,2023-11-01,2025-10-06 10:50:35.809,29,4,1,0,0,0,0,1,1,0,0,0,1,0,0,0,1,0,0,0,0,0,1,0,0,0
CUS_0x7d4b,7006.035,421.83625,9,5,24,9,23,20,19.8,70,2641.08,39.85198180612496,38.17036613483573,45.092407886063526,255.51223518306548,2023-11-01,2025-10-06 10:50:35.809,7,10,1,1,0,1,1,1,0,0,1,1,0,0,0,0,0,1,0,0,0,0,1,0,0,0
CUS_0x926b,38272.58,2980.3816666666667,6,6,14,2,13,15,9.44,120,974.34,27.72895189126728,63.27051683129674,90.90577078536705,403.8618790500029,2023-11-01,2025-10-06 10:50:35.809,20,3,0,0,0,0,0,0,1,1,0,1,0,0,0,0,1,0,0,1,0,0,0,0,0,0
CUS_0x3ad0,28630.01,2637.8341666666665,1,100,3,1,13,0,7.81,30,1455.62,30.40489450695818,16.39547854048716,65.53983044256583,431.84810768361365,2023-11-01,2025-10-06 10:50:35.809,28,6,0,0,0,1,0,0,0,0,0,0,1,0,0,1,0,0,0,0,1,0,0,0,0,0
CUS_0x6dd6,28675.48,2154.623333333333,7,9,32,6,49,24,2.64,130,2360.5,34.24470231281169,81.71074600292461,86.01200341325894,297.7395839171498,2023-11-01,2025-10-06 10:50:35.809,15,8,1,1,0,0,0,0,0,1,1,0,0,0,0,0,0,1,0,0,1,0,0,0,0,0
CUS_0x9891,62896.78,5323.3983333333335,3,5,5,0,11,6,4.41,30,1297.59,33.19864553316415,48.44718864813901,330.43652894498314,413.45611574021126,2023-11-01,2025-10-06 10:50:35.809,29,9,0,0,0,0,0,0,0,0,1,0,1,0,0,0,0,0,1,1,0,0,0,0,0,0
CUS_0xa250,114987.15,9517.2625,5,4,4,0,13,3,9.99,60,1494.07,33.96410396542613,0.0,143.72876861548446,1047.9974813845156,2023-11-01,2025-10-06 10:50:35.809,19,9,0,0,0,0,0,0,0,0,0,0,1,0,0,1,0,0,0,0,0,1,0,0,0,0
CUS_0xc3cf,57827.1,5009.925,3,7,12,1,25,10,17.88,80,1153.03,40.425568248182,35.118330527350615,140.53085026982106,575.3433192028284,2023-11-01,2025-10-06 10:50:35.809,17,0,0,0,0,0,0,0,1,0,0,1,0,0,0,0,1,0,0,0,1,0,0,0,0,0
CUS_0x264b,109349.31,7895.012322159497,2,3,5,0,3,0,3.93,40,1292.62,41.05494406577474,1296.430177840502,79.04134979465955,1080.1029002053403,2023-11-01,2025-10-06 10:50:35.809,29,9,0,0,0,0,0,0,0,0,0,0,1,0,0,1,0,0,0,0,0,1,0,0,0,0
CUS_0x68a7,59438.88,5163.24,10,8,31,7,47,21,8.42,120,2376.31,25.660541822870933,234.31464029482552,107.79237998587328,424.2169797193012,2023-11-01,2025-10-06 10:50:35.809,6,8,0,0,0,1,1,1,0,1,1,1,0,0,0,0,0,1,0,0,1,0,0,0,0,0
CUS_0x2a09,10296.705,1130.05875,8,6,26,7,27,22,25.58,120,3632.53,38.66583673080161,38.53878272374139,39.93788104436249,294.5292112318961,2023-11-01,2025-10-06 10:50:35.809,12,3,0,1,0,1,1,0,1,1,0,0,0,0,0,0,0,0,1,1,0,0,0,0,0,0
CUS_0x312c,56531.6,4643.966666666666,7,6,23,6,14,25,9.39,60,3750.42,27.219292136132413,192.8933297394861,56.21254343235985,455.2907934948208,2023-11-01,2025-10-06 10:50:35.809,12,3,1,0,1,1,0,0,1,1,0,1,0,0,0,0,0,0,1,0,0,1,0,0,0,0
CUS_0x80b4,51371.13,4427.9275,9,5,25,8,53,23,6.96,100,2402.1,39.69764571405532,225.571075532928,449.78217179531197,247.11624532440442,2023-11-01,2025-10-06 10:50:35.809,6,0,1,1,1,0,0,1,1,1,0,1,0,0,0,0,0,0,1,0,0,0,1,0,0,0
CUS_0xf19,76054.58,6198.881666666667,5,3,4,3,3,7,5.22,70,1383.11,26.592761243432413,171.6011448639001,10000.0,558.0615107186434,2023-11-01,2025-10-06 10:50:35.809,19,4,0,0,1,0,1,1,0,0,0,0,1,0,0,1,0,0,0,0,1,0,0,0,0,0
CUS_0x1281,8780.975,435.7479166666667,5,4,20,6,16,8,14.82,40,851.71,38.95839469679362,36.74831397560092,52.84878986594918,243.9776878251166,2023-11-01,2025-10-06 10:50:35.809,11,3,0,0,0,0,1,1,1,0,1,1,0,0,0,0,1,0,0,0,0,0,1,0,0,0
CUS_0x8a45,41467.22,3174.601666666667,6,10,18,9,62,23,2.29,150,1441.4,25.595998990649107,198.3720163350333,237.51950168463418,151.56864864699932,2023-11-01,2025-10-06 10:50:35.809,13,8,1,0,1,1,1,1,1,1,1,1,0,0,0,0,0,1,0,0,0,0,0,0,1,0
CUS_0xb4d6,11527.375,733.6145833333335,5,5,1,0,16,17,2.33,40,1351.42,26.53066532804917,0.0,56.37293647973804,296.98852185359533,2023-11-01,2025-10-06 10:50:35.809,16,5,0,0,0,0,0,0,0,0,0,0,1,0,0,1,0,0,0,0,0,0,0,1,0,0
CUS_0x1604,16632.745,1209.0620833333332,0,3,6,0,3,0,6.24,70,1415.37,24.659304160040666,7.991650369121829,78.17056322937674,304.7439947348348,2023-11-01,2025-10-06 10:50:35.809,21,4,0,1,0,0,0,0,0,0,0,0,1,0,0,1,0,0,0,0,0,0,0,0,1,0
CUS_0x5d94,122978.43,10514.2025,0,1,9,3,14,3,2.33,30,1197.33,43.590260800449975,168.0066863638793,179.01488290312332,944.3986807329973,2023-11-01,2025-10-06 10:50:35.809,28,5,0,0,0,0,0,1,1,0,1,0,1,0,0,1,0,0,0,0,0,1,0,0,0,0
CUS_0x303b,170824.68,14489.39,0,3,4,4,6,7,1.25,70,1167.04,38.64636656097524,566.1347697008467,712.9116420646332,429.89258823452013,2023-11-01,2025-10-06 10:50:35.809,25,9,0,0,0,1,1,0,1,0,1,0,1,0,0,1,0,0,0,1,0,0,0,0,0,0
CUS_0x5e34,14696.62,1153.7183333333337,9,7,20,2,40,21,7.35,110,2666.63,27.549210874721688,17.44148222221614,10000.0,304.9005569871585,2023-11-01,2025-10-06 10:50:35.809,11,4,0,0,0,0,0,1,1,0,0,1,0,0,0,0,0,1,0,0,1,0,0,0,0,0
CUS_0xbcfa,58510.6,4540.174389135533,8,7,34,7,29,18,9.25,120,3603.27,24.382609048719768,365.8933896338276,140.32444449979135,386.8794433975153,2023-11-01,2025-10-06 10:50:35.809,3,6,1,0,0,1,0,1,1,0,1,1,0,0,0,0,0,1,0,0,0,0,0,0,1,0
CUS_0x46dc,89398.64,7342.886666666666,1,4,6,4,12,5,0.0,30,1161.41,27.465861425339387,240.74014679267,696.6265545979072,86.92196527608951,2023-11-01,2025-10-06 10:50:35.809,19,10,1,0,1,0,1,0,0,0,0,0,1,0,0,0,0,0,1,0,0,0,1,0,0,0
CUS_0x57ef,172441.08,14565.089999999998,2,1,11,4,3,12,2.28,60,300.22,29.66404883080075,490.9929607774552,847.0607997394225,378.4552394831224,2023-11-01,2025-10-06 10:50:35.809,21,3,0,1,0,0,1,1,0,0,0,0,1,0,0,1,0,0,0,1,0,0,0,0,0,0
CUS_0x57a2,61190.52,4858.21,1,6,1,4,10,3,10.31,20,1348.97,28.96056831374834,105.3302829697206,628.3783257854695,42.11239124480989,2023-11-01,2025-10-06 10:50:35.809,25,5,0,0,1,0,1,0,0,0,1,0,0,0,0,1,0,0,0,0,0,0,1,0,0,0
CUS_0x75aa,60401.4,5163.45,6,6,27,6,45,26,7.06,130,2253.93,41.92131441932767,226.8963394377975,124.6278787287271,404.82078183347534,2023-11-01,2025-10-06 10:50:35.809,19,4,1,1,0,1,1,0,0,1,1,1,0,0,0,0,0,1,0,0,0,1,0,0,0,0
CUS_0x7d43,128349.75,10903.8125,0,5,9,2,8,2,8.29,30,226.21,32.21752947689877,201.2473387738229,134.3952057211053,994.7387055050721,2023-11-01,2025-10-06 10:50:35.809,21,1,0,0,1,0,0,0,1,0,0,0,1,0,0,1,0,0,0,0,0,1,0,0,0,0
CUS_0x1fb0,122710.12,10368.843333333332,0,6,3,0,17,13,4.26,30,1025.92,35.67351945975993,154.9755045243617,125.0866355429858,1006.8221932659856,2023-11-01,2025-10-06 10:50:35.809,27,6,1,0,1,0,0,0,0,0,0,0,1,0,0,1,0,0,0,0,1,0,0,0,0,0
CUS_0x82bd,171280.88,14157.406666666668,2,6,11,1,10,10,5.0,30,421.66,35.79160618413829,115.32889181506086,1161.575363456436,408.83641139517,2023-11-01,2025-10-06 10:50:35.809,16,6,1,0,0,0,0,0,0,0,0,0,1,0,0,1,0,0,0,0,0,0,0,0,1,0
CUS_0xa7be,61503.66,4972.305,7,4,11,4,5,19,11.89,20,1150.36,26.872899450281512,179.64334158795918,72.80056297020471,484.7865954418361,2023-11-01,2025-10-06 10:50:35.809,33,5,1,1,0,0,0,1,0,0,1,0,0,0,0,1,0,0,0,0,0,1,0,0,0,0
CUS_0x5376,145545.36,11984.78,1,4,9,0,2,3,9.73,10,168.33,29.607985308088107,114.51845050113783,441.8169687138256,892.1425807850363,2023-11-01,2025-10-06 10:50:35.809,21,8,0,0,0,0,0,0,0,1,0,0,1,0,0,1,0,0,0,0,1,0,0,0,0,0
CUS_0x6acb,50733.18000000001,4402.765,9,8,34,3,32,12,12.74,140,2130.22,33.416042323944644,74.86666604081532,135.07118858044822,500.3386453787365,2023-11-01,2025-10-06 10:50:35.809,12,4,1,0,0,1,1,0,0,0,0,1,0,0,0,0,1,0,0,0,0,0,0,0,1,0
CUS_0x75ef,65047.53,5550.6275,3,5,15,0,19,15,12.09,20,1254.45,24.307938096035684,190.32631086765636,356.30107654818846,268.43536258415514,2023-11-01,2025-10-06 10:50:35.809,28,11,0,1,0,1,1,0,0,1,0,0,0,0,0,0,1,0,0,1,0,0,0,0,0,0
CUS_0x2e79,35059.2,2653.6,8,6,25,9,29,20,22.42,100,2834.16,33.359726496271,200.38615492103,129.78155904884812,225.19228603012195,2023-11-01,2025-10-06 10:50:35.809,4,4,0,1,1,1,1,0,0,1,1,1,0,0,0,0,0,1,0,0,0,0,1,0,0,0
CUS_0x63dd,18472.71,1392.3925,10,6,26,4,51,27,5.4,100,2031.89,40.75116032696209,60.82589002318093,77.93980762921674,280.4735523476023,2023-11-01,2025-10-06 10:50:35.809,20,0,0,0,0,1,0,1,0,1,0,1,0,0,0,0,0,1,0,0,0,0,0,1,0,0
CUS_0x2dbc,143162.64,12187.22,1,5,8,3,8,6,7.1,30,1303.01,38.37475294778511,246.9923194537421,10000.0,895.494583180492,2023-11-01,2025-10-06 10:50:35.809,18,4,0,1,0,0,1,0,0,0,0,0,1,0,0,1,0,0,0,1,0,0,0,0,0,0
