Customer_ID,Annual_Income,Monthly_Inhand_Salary,Num_Bank_Accounts,Num_Credit_Card,Interest_Rate,Num_of_Loan,Delay_from_due_date,Num_of_Delayed_Payment,Changed_Credit_Limit,Num_Credit_Inquiries,Outstanding_Debt,Credit_Utilization_Ratio,Total_EMI_per_month,Amount_invested_monthly,Monthly_Balance,snapshot_date,_ingested_at_utc,credit_history_age_year,credit_history_age_month,mortgage_loan,auto_loan,credit_builder_loan,personal_loan,not_specified,student_loan,home_equity_loan,payday_loan,debt_consolidation_loan,ohe__payment_of_min_amount__yes,ohe__payment_of_min_amount__no,ohe__payment_of_min_amount__nm,ohe__payment_of_min_amount__unknown,ohe__credit_mix__good,ohe__credit_mix__standard,ohe__credit_mix__bad,ohe__credit_mix__unknown,ohe__payment_behaviour__high_spent_small_value_payments,ohe__payment_behaviour__high_spent_medium_value_payments,ohe__payment_behaviour__high_spent_large_value_payments,ohe__payment_behaviour__low_spent_small_value_payments,ohe__payment_behaviour__low_spent_medium_value_payments,ohe__payment_behaviour__low_spent_large_value_payments,ohe__payment_behaviour__unknown
CUS_0x78db,97505.64,8343.470000000001,3,5,1,0,22,4,13.56,50,295.22,30.27962307272125,0.0,348.3208305581865,746.0261694418139,2024-08-01,2025-10-06 10:52:08.72,16,0,0,0,0,0,0,0,0,0,0,0,1,0,0,1,0,0,0,1,0,0,0,0,0,0
CUS_0x9729,167075.68,13893.973333333332,2,4,4,0,28,0,13.86,20,831.37,33.593309304540824,0.0,311.6091667014892,1327.7881666318442,2024-08-01,2025-10-06 10:52:08.72,28,8,0,0,0,0,0,0,0,0,0,0,1,0,0,1,0,0,0,0,1,0,0,0,0,0
CUS_0xa9c1,70218.36,5937.53,8,3,6,7,28,10,9.12,50,1476.9,34.47481614597125,305.432196761992,372.3378517544255,185.9829514835826,2024-08-01,2025-10-06 10:52:08.72,7,4,1,0,0,0,1,0,1,1,1,1,0,0,0,0,1,0,0,0,0,0,0,0,1,0
CUS_0xbbda,72099.14,5842.350694240866,4,3,2,4,15,0,11.27,40,1421.95,35.96043451188505,426.79707669690816,417.148201553525,290.8918608420343,2024-08-01,2025-10-06 10:52:08.72,28,2,0,0,1,1,0,0,0,1,0,0,0,0,0,1,0,0,0,0,0,0,1,0,0,0
CUS_0xc015,15811.83,1527.6525,5,6,6,6,26,16,11.25,50,171.8,34.62913948832266,62.48466605456336,92.61861573122148,277.6619682142152,2024-08-01,2025-10-06 10:52:08.72,8,4,1,1,1,1,0,0,1,0,0,1,0,0,0,0,1,0,0,0,0,0,0,1,0,0
CUS_0x18f5,41801.68,3280.473333333333,4,3,18,3,10,9,5.1099999999999985,10,140.6,29.749240908243465,71.71705310448802,360.4852650228223,185.845015206023,2024-08-01,2025-10-06 10:52:08.72,19,4,0,0,0,0,1,0,0,0,1,1,0,0,0,0,1,0,0,0,0,0,1,0,0,0
CUS_0x58ad,129575.12,10795.926666666666,3,3,8,3,3,1,7.47,50,1119.28,40.02175019954729,306.33002032943284,10000.0,755.5949420055368,2024-08-01,2025-10-06 10:52:08.72,32,0,0,0,0,0,1,0,0,1,0,0,1,0,0,1,0,0,0,0,0,1,0,0,0,0
CUS_0x79d9,19010.58,1762.819194639456,9,7,17,3,54,18,12.16,100,1519.25,24.935182314132657,118.824290633233,205.4811228803317,232.61189184697963,2024-08-01,2025-10-06 10:52:08.72,6,3,1,0,0,1,0,0,1,0,0,1,0,0,0,0,0,1,0,0,0,0,1,0,0,0
CUS_0x241d,19896.89,1434.0741666666663,5,4,20,4,6,18,12.08,70,2235.81,24.45103608726704,35.26800169017872,60.76411084973856,307.37530412674937,2024-08-01,2025-10-06 10:52:08.72,14,4,1,0,0,1,0,0,0,0,1,1,0,0,0,0,0,0,1,1,0,0,0,0,0,0
CUS_0x4fe9,128066.44,10394.203333333331,4,6,6,4,0,8,5.38,20,1004.44,40.45951441078775,366.3974662828732,242.5892816507011,670.433585399759,2024-08-01,2025-10-06 10:52:08.72,19,5,1,0,1,0,1,0,0,0,0,0,1,0,0,1,0,0,0,0,0,1,0,0,0,0
CUS_0x9d9,108312.64,9060.053333333331,4,3,7,2,5,18,11.8,30,787.15,40.62649517943375,169.5991975127609,118.34259773134609,858.0635380892262,2024-08-01,2025-10-06 10:52:08.72,32,0,0,0,1,0,0,0,0,1,0,0,1,0,0,1,0,0,0,0,0,1,0,0,0,0
CUS_0x2abd,37612.54,3145.3783333333336,5,4,11,4,2,0,0.72,10,15.81,29.15300502845913,124.734381382688,74.13080919220036,355.67264275844497,2024-08-01,2025-10-06 10:52:08.72,30,4,0,0,1,0,1,0,0,1,0,0,1,0,0,1,0,0,0,0,0,1,0,0,0,0
CUS_0x4bb,10401.21,657.7674999999998,9,10,22,2,49,16,0.71,150,2106.7,36.60068852587203,14574.0,64.40848424709874,266.68897452677425,2024-08-01,2025-10-06 10:52:08.72,7,11,0,1,0,0,0,0,0,0,1,1,0,0,0,0,0,1,0,0,0,0,0,1,0,0
CUS_0x511e,19604.35,1715.6958333333332,5,4,15,5,10,11,10.9,80,694.78,36.95136088079396,44.21040870276031,88.09411352835806,319.265061102215,2024-08-01,2025-10-06 10:52:08.72,11,11,1,0,0,1,1,0,1,0,1,1,0,0,0,0,1,0,0,0,0,0,0,1,0,0
CUS_0x5129,57150.74,4863.5616666666665,4,4,18,1,10,20,15.69,120,438.69,39.35680586090841,24.21929847160414,636.1548107835346,115.98205741152799,2024-08-01,2025-10-06 10:52:08.72,6,9,0,0,0,1,0,0,0,0,0,1,0,0,0,0,1,0,0,0,0,0,1,0,0,0
CUS_0x978b,20211.78,1571.3149999999996,10,10,17,7,24,21,27.19,80,3158.9,38.50065862899119,108.57850209819829,108.24652530190218,200.30647259989948,2024-08-01,2025-10-06 10:52:08.72,3,5,0,1,1,1,0,0,1,1,0,1,0,0,0,0,0,1,0,1,0,0,0,0,0,0
CUS_0xc29b,19424.31,1689.6925,7,5,33,7,19,21,29.16,110,2574.63,24.9191118562362,103.31862745334791,181.19108407625356,174.45953847039857,2024-08-01,2025-10-06 10:52:08.72,1,9,1,1,1,1,0,1,0,1,1,1,0,0,0,0,0,1,0,0,0,0,1,0,0,0
CUS_0x47f9,16196.665,1565.722083333333,5,7,17,2,20,11,2.55,20,632.93,37.23306342518301,24.94959145561017,89.51384321524083,322.10877366248235,2024-08-01,2025-10-06 10:52:08.72,16,3,1,1,0,0,0,0,0,0,0,0,1,0,0,0,1,0,0,0,0,0,0,1,0,0
CUS_0x629c,81254.12,6696.176666666666,3,5,15,0,11,9,6.9700000000000015,70,442.23,29.39411086741788,0.0,238.6851026195544,710.9325640471122,2024-08-01,2025-10-06 10:52:08.72,22,5,0,0,0,0,0,0,0,0,0,1,0,0,0,0,1,0,0,0,0,0,0,1,0,0
CUS_0x6938,116687.92,9747.993333333334,5,1414,11,4,6,15,3.4,40,985.01,32.556584174245124,342.49456656881216,815.1852609797273,97.11950578479387,2024-08-01,2025-10-06 10:52:08.72,21,2,0,0,0,1,0,0,1,0,1,0,1,0,0,1,0,0,0,0,0,0,0,1,0,0
CUS_0xb5aa,49417.52,4175.126666666666,4,5,9,6,30,19,8.69,90,1182.62,38.34526646792036,162.12733607529842,31.070590041366202,464.31474055000206,2024-08-01,2025-10-06 10:52:08.72,15,5,1,0,0,1,1,1,0,0,0,1,0,0,0,0,1,0,0,0,0,1,0,0,0,0
CUS_0xb77f,20355.43,1621.2858333333334,7,436,26,0,34,16,3.47,140,1948.2,38.71157701340599,62.70753846433135,105.35485845908946,284.06618640991263,2024-08-01,2025-10-06 10:52:08.72,13,3,0,0,1,1,0,1,0,1,0,1,0,0,0,0,0,1,0,0,0,0,1,0,0,0
CUS_0xb807,10265.86,761.4883333333332,6,8,21,2,19,18,7.22,80,2221.93,24.000214348051728,11.955770639913792,26.60571358523828,327.5873491081813,2024-08-01,2025-10-06 10:52:08.72,7,3,0,0,0,0,1,0,0,0,1,1,0,0,0,0,0,1,0,0,0,0,1,0,0,0
CUS_0x7177,69348.7,5512.0583333333325,8,7,11,0,19,10,3.53,10,973.83,25.99558996249495,0.0,114.11900971729207,687.0868236160412,2024-08-01,2025-10-06 10:52:08.72,30,10,0,0,0,0,0,0,0,0,0,0,1,0,0,0,1,0,0,0,1,0,0,0,0,0
CUS_0xa899,38764.8,2974.4,10,6,33,2,29,16,6.83,160,2057.3,27.56144847321472,73367.0,65.73419930160253,428.7860156708239,2024-08-01,2025-10-06 10:52:08.72,8,11,0,0,0,1,0,0,0,0,0,1,0,0,0,0,0,1,0,0,0,0,0,0,0,1
CUS_0x242d,15440.42,1496.7016666666666,7,6,13,0,9,14,7.48,40,1277.85,39.15343993551526,0.0,10000.0,289.823225807429,2024-08-01,2025-10-06 10:52:08.72,19,5,0,0,0,0,0,0,0,0,0,0,0,0,0,0,1,0,0,0,0,0,1,0,0,0
CUS_0x4103,18771.34,1373.2783333333334,5,1067,12,4,19,13,12.9,80,89.53,30.020240616200702,57.58785565893402,77.38279464262281,262.3571830317765,2024-08-01,2025-10-06 10:52:08.72,18,11,0,0,1,1,0,1,0,0,1,1,0,0,0,0,1,0,0,1,0,0,0,0,0,0
CUS_0x7b3,20121.97,1646.8308333333334,8,6,20,9,32,25,22.36,110,4901.87,36.46205728205968,121.51962961751516,162.2322142719078,170.9312394439104,2024-08-01,2025-10-06 10:52:08.72,9,3,1,1,0,1,0,1,1,1,0,1,0,0,0,0,0,1,0,0,0,0,1,0,0,0
CUS_0xb1a3,16142.49,1239.2075,9,7,30,6,62,17,8.25,170,1303.45,37.41189702463951,59.69988633833818,68.37473544081314,275.8461282208487,2024-08-01,2025-10-06 10:52:08.72,15,4,0,0,0,0,1,1,0,1,1,1,0,0,0,0,0,1,0,0,0,0,0,1,0,0
CUS_0xb271,19519.57,1893.6308333333327,6,6,19,2,33,16,9.92,110,2225.18,23.09287189980987,25.760881343449515,163.48296722199498,290.1192347678889,2024-08-01,2025-10-06 10:52:08.72,18,10,1,0,0,1,0,0,0,0,0,1,0,0,0,0,0,0,1,0,0,0,1,0,0,0
CUS_0xa401,156153.24,13058.77,1,5,7,1,19,7,3.08,20,1074.05,23.35591047199852,87.50153102467331,1272.7013096333826,225.674159341944,2024-08-01,2025-10-06 10:52:08.72,29,5,0,0,0,0,0,0,0,0,1,0,1,0,0,1,0,0,0,0,0,0,0,1,0,0
CUS_0x5a04,7775.33,849.9441666666668,5,7,30,3,28,10,16.57,2870,1766.86,34.96569562067219,17.49700117013579,101.24187827689128,256.25553721963956,2024-08-01,2025-10-06 10:52:08.72,10,2,0,1,0,0,1,0,0,0,1,1,0,0,0,0,1,0,0,0,0,0,1,0,0,0
CUS_0x900,16159.51,1363.6258333333333,4,3,6,2,22,18,6.27,40,233.56,26.665713310097853,19.371645147946296,169.93841723805187,237.05252094733515,2024-08-01,2025-10-06 10:52:08.72,28,6,0,1,1,0,0,0,0,0,0,1,0,0,0,0,1,0,0,0,0,0,1,0,0,0
CUS_0x2ba4,70618.62,5775.884999999998,8,5,15,5,27,13,15.67,110,1311.97,25.53678409878989,267.85995132187725,247.79250096240304,321.93604771571967,2024-08-01,2025-10-06 10:52:08.72,11,2,0,0,0,1,1,0,0,1,0,1,0,0,0,0,1,0,0,1,0,0,0,0,0,0
CUS_0x3855,118677.54,9963.795,4,4,6,4,3,11,9.59,50,995.47,39.74722768126831,237.10636587446723,10000.0,801.7522964700404,2024-08-01,2025-10-06 10:52:08.72,30,6,0,0,1,1,0,0,0,1,1,0,1,0,0,1,0,0,0,0,1,0,0,0,0,0
CUS_0x9eb6,166692.0,13599.0,0,2,4,4,0,6,4.54,40,864.72,24.007229824231302,533.5631964620286,1117.102639937978,558.8828377371897,2024-08-01,2025-10-06 10:52:08.72,23,10,1,0,1,0,0,0,0,1,0,0,1,0,0,1,0,0,0,0,0,0,0,1,0,0
CUS_0x693b,88088.06999999998,7248.6725,6,6,19,1,7,8,8.27,40,195.23,32.56432697179365,51.15846736912714,63.903416352354796,849.805366278518,2024-08-01,2025-10-06 10:52:08.72,23,3,0,0,0,0,0,0,0,0,1,1,0,0,0,0,1,0,0,0,0,1,0,0,0,0
CUS_0x3639,19297.28,1489.1066666666666,5,5,19,6,8,9,10.09,80,2286.82,32.34869513491177,51.909419493671045,106.63084985431908,270.3703973186765,2024-08-01,2025-10-06 10:52:08.72,10,5,1,0,1,1,0,0,0,1,0,1,0,0,0,0,1,0,0,0,0,0,0,1,0,0
CUS_0x83a0,69712.2,5841.349999999999,8,7,5,5,29,18,16.86,80,1638.94,37.6769924033064,275.12585923167427,459.8733701416114,119.13577062671436,2024-08-01,2025-10-06 10:52:08.72,14,8,0,1,0,1,1,0,0,0,0,1,0,0,0,0,1,0,0,0,0,0,0,0,0,1
CUS_0xafbb,26265.81,2464.8175,3,3,17,4,12,19,18.48,60,1259.6,40.233529374777866,46.6625017247715,52.4348915141487,397.3843567610799,2024-08-01,2025-10-06 10:52:08.72,11,9,0,0,1,1,0,0,0,1,1,1,0,0,0,0,1,0,0,0,1,0,0,0,0,0
CUS_0x55e3,31011.32,2810.276666666666,3,5,15,0,17,15,12.37,50,992.07,38.4405807523799,0.0,100.68523367129869,470.342432995368,2024-08-01,2025-10-06 10:52:08.72,19,5,0,0,0,0,0,0,0,0,0,0,0,0,0,0,0,0,1,0,0,0,1,0,0,0
CUS_0x82c2,31151.46,2479.955,0,3,9,3,7,6,10.47,50,62.17,34.16413733358372,42.49485264252538,90.69369115684566,364.806956200629,2024-08-01,2025-10-06 10:52:08.72,16,2,0,0,0,1,0,0,0,1,0,0,1,0,0,1,0,0,0,0,1,0,0,0,0,0
CUS_0x477d,21001.62,1452.135,7,6,18,5,31,18,9.61,100,1371.56,36.2548262042769,72.79111089743007,84.46514793097742,267.9572411715925,2024-08-01,2025-10-06 10:52:08.72,20,4,1,1,0,0,0,0,0,0,1,1,0,0,0,0,1,0,0,0,0,0,0,1,0,0
CUS_0x9692,138395.0,11619.916666666664,4,5,15,1,5,13,13.38,90,596.86,41.402636370842245,103.56835935728064,342.4647592616975,995.9585480476884,2024-08-01,2025-10-06 10:52:08.72,7,9,0,0,0,1,0,0,0,0,0,1,0,0,0,0,1,0,0,0,0,0,0,1,0,0
CUS_0x2fe7,18708.73,1373.0608333333332,10,5,20,8,43,22,23.19,130,3924.2,28.82461480760245,62.41071156024661,75.60517591231171,259.29019586077504,2024-08-01,2025-10-06 10:52:08.72,3,11,1,0,1,0,1,1,0,1,1,0,0,0,0,0,0,1,0,1,0,0,0,0,0,0
CUS_0x416d,44158.03,3733.835833333333,5,5,11,1,13,3,7.33,0,1298.23,29.75069864357784,30.46312346994444,235.41055493598503,377.50990492740397,2024-08-01,2025-10-06 10:52:08.72,15,11,1,0,0,0,0,0,0,0,0,0,1,0,0,1,0,0,0,0,0,0,0,0,1,0
CUS_0x486d,9377.445,818.45375,5,3,12,6,23,13,11.6,90,1717.15,36.508832901696,43.20952557013875,10000.0,264.4207566499145,2024-08-01,2025-10-06 10:52:08.72,7,4,1,0,0,1,0,0,1,0,1,1,0,0,0,0,1,0,0,1,0,0,0,0,0,0
CUS_0x9b95,69374.78,5710.231666666668,1,3,12,0,13,5,11.07,50,1171.73,24.61512209470985,68.54205264869616,427.5484902068544,364.9326238111162,2024-08-01,2025-10-06 10:52:08.72,28,10,0,0,0,0,0,0,1,0,1,0,1,0,0,0,0,0,1,0,0,0,1,0,0,0
CUS_0xc3a6,27647.08,2050.9233333333336,7,6,13,5,14,8,8.37,100,159.63,36.26917394700953,100.74020322259754,10000.0,312.36131421520207,2024-08-01,2025-10-06 10:52:08.72,5,9,1,0,1,0,1,0,0,0,0,1,0,0,0,0,0,0,1,0,1,0,0,0,0,0
CUS_0x2a8c,17296.38,1480.365,6,10,30,5,21,18,17.34,90,4624.73,24.019292360999422,49.36071018290964,117.34283182822556,271.33295798886485,2024-08-01,2025-10-06 10:52:08.72,8,0,1,0,0,0,0,0,0,1,1,1,0,0,0,0,0,1,0,0,0,0,1,0,0,0
CUS_0x2fc9,107438.88,9233.24,6,4,6,2,28,19,7.01,40,1342.37,40.01315418545586,169.8641224808636,374.6725576552662,638.7873198638703,2024-08-01,2025-10-06 10:52:08.72,33,2,1,0,1,0,0,0,0,0,0,0,1,0,0,0,1,0,0,1,0,0,0,0,0,0
CUS_0x334b,31906.07,2847.839166666666,5,4,13,1,15,14,3.38,0,901.87,26.918548030939004,16.185939913419627,64.45254843129908,444.145428321948,2024-08-01,2025-10-06 10:52:08.72,16,2,0,0,1,0,0,0,0,0,0,1,0,0,0,0,1,0,0,0,0,1,0,0,0,0
CUS_0x2516,18811.58,1782.631666666667,5,3,8,4,1,3,9.79,0,19.96,27.744708709925263,50.856245043861286,42.04440806919824,263.1701762497609,2024-08-01,2025-10-06 10:52:08.72,27,0,1,0,1,1,1,0,0,0,0,0,0,0,0,0,0,0,1,0,0,0,0,0,0,1
CUS_0x85c6,14394.435,1452.53625,5,6,5,5,17,14,10.18,40,159.41,28.01545179887416,53.51701551798016,64.21663637538144,307.51997310663836,2024-08-01,2025-10-06 10:52:08.72,20,2,1,1,0,0,1,0,0,1,1,1,0,0,0,0,1,0,0,0,0,0,0,1,0,0
CUS_0xa04b,135807.12,11446.26,7,7,12,3,25,20,5.1,30,1032.13,33.74245226885252,214.3614517900581,1031.1286207251114,179.1359274848304,2024-08-01,2025-10-06 10:52:08.72,17,10,0,0,0,0,1,1,0,0,1,1,0,0,0,0,0,0,1,0,0,0,0,1,0,0
CUS_0xbe4c,61778.7,4955.224999999999,7,4,18,4,31,10,3.0600000000000005,20,519.01,33.626040117912225,131.98382504529346,244.12988839981975,409.4087865548868,2024-08-01,2025-10-06 10:52:08.72,15,11,0,1,0,1,0,0,1,0,1,0,0,0,0,0,0,0,1,0,0,0,1,0,0,0
CUS_0x2ba1,10277.19,920.4325,4,6,5,5,6,8,16.66,130,1333.97,37.32641499499083,1689.0,46.98225290876292,310.0311560600477,2024-08-01,2025-10-06 10:52:08.72,20,4,0,1,1,0,0,0,1,1,1,1,0,0,0,0,1,0,0,0,0,0,0,0,0,1
CUS_0x3182,132082.16999999998,11174.847499999998,3,4,12,3,6,10,3.59,70,1191.15,27.633472750433693,207.0562941907473,202.9392904048572,957.4891654043953,2024-08-01,2025-10-06 10:52:08.72,19,0,0,1,0,0,1,0,1,0,0,0,1,0,0,1,0,0,0,0,1,0,0,0,0,0
CUS_0x39bf,17823.25,1638.270833333333,7,10,30,6,23,15,26.45,110,3174.97,38.05738842964812,80.39427073792389,51.66608956544474,301.76672302996474,2024-08-01,2025-10-06 10:52:08.72,2,9,0,0,0,1,1,0,1,0,0,1,0,0,0,0,0,1,0,0,0,0,0,0,1,0
CUS_0x58a3,21526.91,1540.9091666666666,6,6,19,2,19,20,19.28,100,261.14,33.231921519127766,20.92322689362099,175.11181331913122,248.05587645391446,2024-08-01,2025-10-06 10:52:08.72,17,2,0,1,1,0,0,0,0,0,0,1,0,0,0,0,1,0,0,0,0,0,1,0,0,0
CUS_0xc41f,140114.0,11603.166666666664,3,6,1,0,10,0,1.99,30,50.1,29.925100890930025,0.0,288.477295719601,1111.8393709470656,2024-08-01,2025-10-06 10:52:08.72,30,4,0,0,0,0,0,0,0,0,0,0,1,0,0,1,0,0,0,0,0,1,0,0,0,0
CUS_0x6437,28225.49,2356.124166666667,1,4,6,0,11,0,9.23,80,245.6,34.78516332253654,0.0,178.13615307719581,327.47626358947093,2024-08-01,2025-10-06 10:52:08.72,21,11,0,0,0,0,0,0,0,0,0,0,0,0,0,1,0,0,0,0,0,0,0,0,1,0
CUS_0xa650,81887.8,7079.983333333334,5,3,26,6,24,14,10.3,70,1882.85,26.07582080709768,407.4785009175769,837.3773607129352,101.5185181810932,2024-08-01,2025-10-06 10:52:08.72,16,11,0,1,0,1,1,0,0,0,1,1,0,0,0,0,1,0,0,0,0,0,1,0,0,0
CUS_0xb490,91771.29,7547.607500000001,4,2,5,3,32,10,17.13,110,1266.35,39.37092999508175,176.57935192237656,10000.0,476.38288746703705,2024-08-01,2025-10-06 10:52:08.72,11,11,0,0,0,1,1,1,0,0,0,1,0,0,0,0,1,0,0,0,0,0,0,0,1,0
CUS_0x65a0,14957.97,986.4975,10,5,18,5,31,22,6.4,90,1765.9,37.62462059485813,53.28419215305007,107.72574918102552,227.63980866592442,2024-08-01,2025-10-06 10:52:08.72,19,10,1,1,1,0,0,0,0,1,0,1,0,0,0,0,0,1,0,0,0,0,1,0,0,0
CUS_0x81ce,20579.45,1814.9541666666669,5,6,4,0,30,0,8.18,40,1494.11,35.09693192741573,0.0,188.75430954040328,282.7411071262634,2024-08-01,2025-10-06 10:52:08.72,25,9,0,0,0,0,0,0,0,0,0,0,0,0,0,1,0,0,0,0,0,0,1,0,0,0
CUS_0x6b49,31931.73,2652.9775,7,3,10,3,5,19,8.16,20,577.85,28.47541396977329,77.81784184405257,75.67595487917798,361.8039532767695,2024-08-01,2025-10-06 10:52:08.72,31,9,0,0,0,1,0,0,1,1,0,0,1,0,0,1,0,0,0,0,1,0,0,0,0,0
CUS_0x8fb7,59086.62,4664.885,6,6,30,7,21,22,27.62,60,3207.24,35.32244851829236,341.0566632078396,91.05594810190159,284.3758886902588,2024-08-01,2025-10-06 10:52:08.72,7,6,0,0,0,1,1,0,1,0,1,0,0,0,0,0,0,1,0,0,1,0,0,0,0,0
CUS_0x9b27,12382.94,1061.9116666666666,4,3,10,3,25,14,18.06,70,407.8,37.57168490956613,20.801950255042343,102.08871467434808,273.30050173727625,2024-08-01,2025-10-06 10:52:08.72,28,11,1,0,1,0,0,0,0,0,1,1,0,0,0,0,1,0,0,0,0,0,1,0,0,0
CUS_0xba90,59873.88,4836.49,3,5,9,3,0,0,3.11,30,1017.45,32.582332458079726,117.107326028894,262.2647971891504,374.27687678195565,2024-08-01,2025-10-06 10:52:08.72,17,10,0,0,1,0,0,1,0,0,0,0,1,0,0,1,0,0,0,0,0,0,0,0,1,0
CUS_0xbfed,42082.91,3527.909166666667,4,4,4828,3,3,9,9.17,50,821.71,33.674262918409354,87.56433607216114,193.66069237926084,361.56588821524485,2024-08-01,2025-10-06 10:52:08.72,20,10,0,1,0,0,0,1,0,0,1,0,1,0,0,1,0,0,0,0,0,0,1,0,0,0
CUS_0x7611,93125.48,7769.456666666666,4,5,8,0,11,20,8.76,0,461.72,38.67731611917645,0.0,10000.0,541.1863153215406,2024-08-01,2025-10-06 10:52:08.72,20,4,0,0,0,0,0,0,0,0,0,1,0,0,0,0,0,0,1,1,0,0,0,0,0,0
CUS_0xb2c8,28393.64,2076.1366666666668,6,6,31,7,46,22,8.48,100,2016.71,28.82290246335147,145.47549261096216,28.753326164499807,273.3848478912047,2024-08-01,2025-10-06 10:52:08.72,11,9,1,0,0,1,1,0,1,0,1,0,0,0,0,0,0,1,0,0,0,1,0,0,0,0
CUS_0xc06e,92114.68,7811.223333333332,3,4,8,1,24,14,17.87,70,820.52,26.57758307493612,54.21966433694397,549.3526881242991,467.5499808720902,2024-08-01,2025-10-06 10:52:08.72,21,4,0,0,0,0,0,0,1,0,0,1,0,0,0,0,1,0,0,0,0,0,1,0,0,0
CUS_0x622c,34630.59,2654.8825,5,5,16,3,10,17,10.14,40,104.41,36.76333650990981,85.65879500481618,83.09935713809509,366.7300978570887,2024-08-01,2025-10-06 10:52:08.72,27,2,0,1,0,0,0,0,1,0,0,0,1,0,0,0,1,0,0,0,0,0,0,0,1,0
CUS_0x658f,144396.68,11791.056666666664,5,6,4,0,9,0,4.25,20,923.5,37.15059295361901,28677.0,508.135054876882,950.9706117897847,2024-08-01,2025-10-06 10:52:08.72,26,6,0,0,0,0,0,0,0,0,0,0,1,0,0,1,0,0,0,0,0,0,0,1,0,0
CUS_0x7d6c,1.7307708E7,7093.165,5,5,12,2,29,15,1.25,40,218.44,39.44869724635697,72.63396894042505,371.05530058370016,525.6272304758747,2024-08-01,2025-10-06 10:52:08.72,28,0,1,0,1,0,0,0,0,0,0,0,1,0,0,0,1,0,0,1,0,0,0,0,0,0
CUS_0x99c,8578.295,634.8579166666667,4,10,31,5,31,14,22.380000000000006,60,1425.81,32.30402291675685,19.535330334588487,51.049683309612846,282.9007780224654,2024-08-01,2025-10-06 10:52:08.72,16,8,1,1,1,0,0,0,0,1,1,1,0,0,0,0,1,0,0,0,0,0,1,0,0,0
CUS_0xae4,69289.4,5817.116666666666,8,4,15,2,8,12,9.79,90,2424.83,34.632333976325945,59.36513754135091,240.9205850480041,531.4259440773117,2024-08-01,2025-10-06 10:52:08.72,18,10,1,0,0,0,0,0,0,0,0,1,0,0,0,0,1,0,0,0,1,0,0,0,0,0
CUS_0xbfd2,25434.13,2318.5108333333333,8,5,12,1,19,14,14.04,100,606.48,25.52292790635177,17.080132728719068,154.58654904538994,350.1844015592244,2024-08-01,2025-10-06 10:52:08.72,8,0,0,0,0,0,0,0,0,1,0,1,0,0,0,0,1,0,0,0,0,0,1,0,0,0
CUS_0x5d29,75742.32,6361.8600000000015,9,6,30,5,59,25,3.18,120,1513.12,36.600085103550704,279.38790778796425,65.87682340702527,530.9212688050106,2024-08-01,2025-10-06 10:52:08.72,11,6,1,0,0,0,1,0,0,1,1,1,0,0,0,0,0,1,0,0,0,1,0,0,0,0
CUS_0x447b,58599.48,5112.29,7,5,30,5,46,18,0.0,120,2401.83,25.121249109621296,474.92293071670855,207.6609755057393,375.77289148991827,2024-08-01,2025-10-06 10:52:08.72,8,3,1,0,1,1,0,0,0,0,1,1,0,0,0,0,0,1,0,0,0,0,1,0,0,0
CUS_0xaef3,163978.4,13830.866666666669,2,2,7,1,9,1,4.0600000000000005,60,789.36,40.73843801612661,121.3960256528038,671.4870758252422,850.203565188621,2024-08-01,2025-10-06 10:52:08.72,18,6,0,0,0,0,0,1,0,0,0,0,1,0,0,1,0,0,0,1,0,0,0,0,0,0
CUS_0x39ff,78290.36,6648.196666666668,5,2,13,0,30,18,9.59,30,952.61,39.34192310889895,0.0,43.53379961202757,861.2858670546393,2024-08-01,2025-10-06 10:52:08.72,23,9,0,0,0,0,0,0,0,0,0,0,1,0,0,0,0,0,1,0,0,1,0,0,0,0
CUS_0x7f3d,17450.0,1582.166666666667,1201,3,8,3,11,8,18.57,100,1491.56,25.844591059105568,38.57893012301228,140.43353358188676,269.2042029617677,2024-08-01,2025-10-06 10:52:08.72,16,10,1,0,0,1,0,1,0,0,0,1,0,0,0,0,1,0,0,0,0,0,1,0,0,0
CUS_0x4d0,50050.56,4406.88,10,11,22,9,38,19,19.62,60,2913.45,34.97507736818961,334.60123766413625,205.9493824472522,190.1373798886116,2024-08-01,2025-10-06 10:52:08.72,8,4,1,1,0,1,1,0,1,0,0,1,0,0,0,0,0,1,0,0,0,0,0,0,0,1
CUS_0x5af1,40026.12,3074.173534971804,6,10,22,7,43,19,3.64,80,1472.86,24.816804916660107,315.4602500675712,99.03710755537735,274.19010740524783,2024-08-01,2025-10-06 10:52:08.72,18,2,0,1,1,0,0,0,1,1,0,1,0,0,0,0,0,1,0,0,1,0,0,0,0,0
CUS_0x7ff9,15219.08,1505.256666666667,6,10,33,5,50,15,24.2,140,4511.85,34.6594034315878,54.061831868469646,90.60202235648501,295.861812441712,2024-08-01,2025-10-06 10:52:08.72,3,5,1,0,0,0,1,0,0,1,1,1,0,0,0,0,0,1,0,0,0,0,1,0,0,0
CUS_0xa4b3,61351.77,4997.6475,8,10,18,5,35,22,13.27,90,2240.52,26.00763383173676,47697.0,137.04315232018237,429.3085682238216,2024-08-01,2025-10-06 10:52:08.72,17,5,0,1,0,1,0,0,1,1,0,1,0,0,0,0,0,1,0,0,1,0,0,0,0,0
CUS_0x6863,64416.46,5494.038333333333,5,3,14,4,11,11,9.03,10,758.45,34.971553841245004,130.38213590635928,640.5453265350983,68.47637089187583,2024-08-01,2025-10-06 10:52:08.72,29,5,1,0,0,0,0,0,0,1,0,0,0,0,0,0,1,0,0,0,0,0,1,0,0,0
CUS_0x99ab,19592.49,1671.7075000000002,8,5,13,4,9,18,13.52,20,59.17,30.39264495285188,37.78179998855893,209.4515080493006,209.93744196214047,2024-08-01,2025-10-06 10:52:08.72,21,6,1,0,0,1,0,0,1,0,0,1,0,0,0,0,0,0,1,0,0,0,1,0,0,0
CUS_0x1a57,63383.1,5443.925,6,3,8,3,26,16,7.54,50,549.06,37.17231214663116,151.43424890220038,565.3474798424338,117.61077125536586,2024-08-01,2025-10-06 10:52:08.72,31,2,0,1,0,0,0,1,0,0,0,1,0,0,0,0,1,0,0,0,0,0,1,0,0,0
CUS_0x20fa,25696.65,1879.3875000000005,7,7,2875,0,27,15,5.99,90,841.23,29.971985581374213,0.0,249.25764992489562,228.6811000751044,2024-08-01,2025-10-06 10:52:08.72,25,9,0,0,0,0,0,0,0,0,0,1,0,0,0,0,0,0,1,0,0,0,1,0,0,0
CUS_0x449b,36943.98,3369.6650000000004,7,9,34,8,60,16,19.98,100,4735.18,26.814007000582983,172.85878703266275,126.1593333987135,287.9483795686238,2024-08-01,2025-10-06 10:52:08.72,14,5,1,1,1,0,1,0,1,0,1,1,0,0,0,0,0,1,0,0,1,0,0,0,0,0
CUS_0xac6f,62845.76,4966.1466666666665,2,3,7,3,6,0,8.69,30,463.98,29.549758951098998,118.32406686274965,142.27682539454685,496.01377440937017,2024-08-01,2025-10-06 10:52:08.72,27,9,0,0,0,1,0,1,1,0,0,0,1,0,0,1,0,0,0,0,0,0,0,0,0,1
CUS_0x2bdc,119223.09,10046.2575,0,6,2,0,25,4,4.53,40,14.96,37.305406548467005,0.0,201.1301814828621,1043.495568517138,2024-08-01,2025-10-06 10:52:08.72,22,3,0,0,0,0,0,0,0,0,0,0,1,0,0,0,0,0,1,0,0,1,0,0,0,0
CUS_0x393f,15531.09,1133.2575,1434,5,22,5,19,20,7.26,80,4734.52,29.643162712513448,41.74227148886381,93.31520142179448,268.2682770893417,2024-08-01,2025-10-06 10:52:08.72,14,6,0,1,1,1,1,0,0,0,0,1,0,0,0,0,0,1,0,0,0,0,1,0,0,0
CUS_0x46d1,35849.77,3126.480833333333,3,3,8,2,25,18,14.2,50,566.08,38.48344641371799,58.05787091770174,244.3154076008901,290.2748048147415,2024-08-01,2025-10-06 10:52:08.72,20,4,0,0,0,1,0,0,0,0,0,1,0,0,0,0,0,0,1,0,0,0,0,0,0,1
CUS_0x5909,48234.04,4288.503333333334,6,387,17,0,19,6,3.06,50,447.94,25.50018199186768,153.55968943864627,93.18662096248278,422.1040229322044,2024-08-01,2025-10-06 10:52:08.72,20,10,0,0,1,1,0,0,0,1,0,0,1,0,0,0,1,0,0,0,0,0,0,0,0,1
CUS_0xb448,44219.46,3855.955,6,7,12,7,25,9,18.21,70,1685.8,35.164101830066336,206.32103892874747,89.76074339100487,339.5137176802476,2024-08-01,2025-10-06 10:52:08.72,7,11,1,1,0,0,1,0,1,1,1,0,0,0,0,0,1,0,0,0,1,0,0,0,0,0
CUS_0x28e2,17887.47,1542.6225000000004,7,7,29,9,56,19,26.46,80,4804.76,31.75523868231941,125.37384591043848,57.96430755356099,220.92409653600052,2024-08-01,2025-10-06 10:52:08.72,6,4,1,1,1,0,1,1,1,1,1,1,0,0,0,0,0,1,0,0,1,0,0,0,0,0
CUS_0x5fc3,21884.0,1749.666666666667,8,6,13,4,21,15,7.39,0,423.78,38.10466867376017,54.75375840781272,33.335275524746585,336.87763273410735,2024-08-01,2025-10-06 10:52:08.72,33,3,1,0,0,1,0,0,0,0,1,1,0,0,0,0,1,0,0,0,1,0,0,0,0,0
CUS_0x77ad,26299.08,2490.59,3,7,9,3,26,13,5.07,30,397.04,29.91143223152465,41.098674091910055,93.54145518219342,404.4188707258965,2024-08-01,2025-10-06 10:52:08.72,29,7,1,0,1,1,0,0,0,0,0,1,0,0,0,0,1,0,0,0,0,0,1,0,0,0
CUS_0x2509,37777.92,3055.16,3,4,20,5,35,20,18.37,90,1336.0,24.20114506904224,100.42794975590311,102.75633529611716,352.33171494797983,2024-08-01,2025-10-06 10:52:08.72,9,0,1,0,0,1,0,1,1,1,0,1,0,0,0,0,0,0,1,0,1,0,0,0,0,0
CUS_0x49d3,14266.53,1071.8775,3,4,11,1,18,12,3.71,20,1238.04,36.46416622494106,6.047543103511933,127.28676340982732,263.85344348666075,2024-08-01,2025-10-06 10:52:08.72,21,10,0,0,0,0,0,0,1,0,0,0,1,0,0,0,0,0,1,0,0,0,1,0,0,0
CUS_0x5536,166102.8,14034.9,1,3,11,2,15,2,6.22,40,953.24,40.013356881122775,194.6938168076151,254.19759336552715,1204.5985898268575,2024-08-01,2025-10-06 10:52:08.72,29,5,0,1,0,0,0,0,0,0,0,0,1,0,0,1,0,0,0,0,1,0,0,0,0,0
CUS_0xa40d,22133.01,1583.4174999999998,5,6,5,0,18,8,5.64,60,1071.74,29.60204108189748,0.0,110.14229317228224,318.19945682771777,2024-08-01,2025-10-06 10:52:08.72,19,9,0,0,0,0,0,0,0,0,0,0,1,0,0,0,1,0,0,0,0,0,0,0,0,1
CUS_0xb125,98175.72,7729.695180977182,5,6,12,2,16,20,17.78,80,439.88,34.399705373956515,828.6670381046074,539.5752077911857,427.7035731270279,2024-08-01,2025-10-06 10:52:08.72,17,4,1,0,0,0,0,0,0,1,0,1,0,0,0,0,1,0,0,1,0,0,0,0,0,0
CUS_0x4f85,17282.84,1326.236666666667,6,4,23,7,13,16,13.27,70,1982.41,27.814423892537533,86.00863648980484,74.09906717944374,262.5159629974181,2024-08-01,2025-10-06 10:52:08.72,7,6,0,0,1,1,0,1,0,1,1,1,0,0,0,0,1,0,0,0,0,0,0,0,0,1
CUS_0xaf56,15081.42,1544.785,8,7,32,9,28,21,16.9,120,3897.4,24.51312852853166,110.79183535529204,104.73525978860135,208.95140485610665,2024-08-01,2025-10-06 10:52:08.72,10,1,1,0,1,0,1,0,1,1,1,1,0,0,0,0,0,1,0,0,0,0,0,0,1,0
CUS_0x2d6a,16066.29,1154.8575,6,5,8,2,29,12,5.66,10,78.69,37.25975784823239,23.32325868837573,23.00735879438829,279.88265045532467,2024-08-01,2025-10-06 10:52:08.72,32,5,1,0,0,0,0,0,0,1,0,0,1,0,0,1,0,0,0,0,0,0,1,0,0,0
CUS_0x81de,86418.72,7085.56,1,3,6,3,5,13,1.25,0,487.21,26.31461183521209,187.87941999363449,123.04326571946281,637.6333142869028,2024-08-01,2025-10-06 10:52:08.72,28,11,0,0,0,0,1,1,0,0,0,0,1,0,0,1,0,0,0,0,0,1,0,0,0,0
CUS_0x8395,14839.245,1147.60375,3,2,10,2,16,7,8.06,60,1408.61,28.780657873276866,13.418114135464675,93.0119130940107,246.97493711918796,2024-08-01,2025-10-06 10:52:08.72,30,2,0,0,1,0,0,0,1,0,0,0,1,0,0,1,0,0,0,0,0,0,1,0,0,0
CUS_0x3c24,1.6758266E7,6412.461666666666,6,7,7,2,11,16,6.02,30,1187.38,27.25359700227028,61.463425683260326,82.27956923892366,737.5031717444825,2024-08-01,2025-10-06 10:52:08.72,29,11,0,1,0,0,0,1,0,0,0,1,0,0,0,0,1,0,0,0,0,1,0,0,0,0
CUS_0x4e80,82647.69,6967.3075,3,4,9,3,28,11,12.57,70,1485.52,38.64955588058907,186.2553917831484,82.7214099195371,667.7539482973145,2024-08-01,2025-10-06 10:52:08.72,15,4,1,0,0,0,0,0,1,0,0,1,0,0,0,0,1,0,0,0,0,1,0,0,0,0
CUS_0x269c,77874.09,6502.5075,8,3,16,2,22,20,11.77,120,127.88,35.395620622362856,99.66772710101324,434.55510058792737,406.02792231105934,2024-08-01,2025-10-06 10:52:08.72,30,4,0,1,0,0,0,0,0,0,1,1,0,0,0,0,1,0,0,0,0,0,1,0,0,0
CUS_0x35e9,17805.21,1600.7675,3,3,8,5,15,14,17.62,50,1879.94,36.3419438076697,57.75393198909767,102.77789141574499,289.54492659515734,2024-08-01,2025-10-06 10:52:08.72,17,4,1,1,1,0,0,0,1,0,0,1,0,0,0,0,1,0,0,0,0,0,1,0,0,0
CUS_0x799e,22385.16,2077.4300000000007,8,7,17,1,28,10,0.74,25360,234.62,36.39996901923219,16.41417281430141,250.91291971974084,230.4159074659578,2024-08-01,2025-10-06 10:52:08.72,16,3,0,0,0,0,0,1,0,0,0,0,1,0,0,0,1,0,0,0,0,0,1,0,0,0
CUS_0x3ffe,90411.9,7394.325,7,3,16,1,21,11,3.03,50,472.21,31.29839330250296,72.17909177657026,606.5490858543867,330.7043223690431,2024-08-01,2025-10-06 10:52:08.72,30,4,0,0,0,0,0,1,0,0,0,1,0,0,0,0,1,0,0,0,0,0,0,0,1,0
CUS_0x529c,110347.2,9184.6,5,3,8,1,5,2,3.23,0,438.55,28.889290593815627,62.73363984982294,187.30855154914107,918.4178086010361,2024-08-01,2025-10-06 10:52:08.72,23,10,0,0,0,0,0,0,0,1,0,0,0,0,0,0,0,0,1,0,1,0,0,0,0,0
CUS_0x9f55,14774.495,1303.744036933764,3,6,16,1,5,15,5.44,30,370.12,30.003616435785432,78.8377298446323,168.55948677599972,250.48745477893746,2024-08-01,2025-10-06 10:52:08.72,23,5,0,0,1,0,0,0,0,0,0,0,1,0,0,0,1,0,0,0,0,0,1,0,0,0
CUS_0xb5a8,11138.425,911.2020833333332,3,7,20,2,13,10,7.95,20,878.15,35.379311866322624,11.125299425252717,49.62507679760658,290.369832110474,2024-08-01,2025-10-06 10:52:08.72,26,0,1,0,1,0,0,0,0,0,0,1,0,0,0,0,1,0,0,1,0,0,0,0,0,0
CUS_0x3e10,55938.51,4904.5425,9,6,28,5,21,19,16.27,120,2672.09,30.854963381306625,178.17317358788648,10000.0,436.51707697229966,2024-08-01,2025-10-06 10:52:08.72,20,0,0,0,0,1,1,1,1,1,0,1,0,0,0,0,1,0,0,0,0,0,0,0,0,1
CUS_0x7fb2,13050.62,1090.5516666666667,7,7,20,2,17,19,19.98,40,1005.81,23.86404573384229,11.092094272894569,41.346526024467906,289.13258582632545,2024-08-01,2025-10-06 10:52:08.72,19,9,0,0,0,1,0,1,0,0,0,0,0,0,0,0,1,0,0,1,0,0,0,0,0,0
CUS_0xb975,1.5308303E7,6301.5,3,6,19,0,26,12,13.64,0,644.74,27.5135236902352,92.88055090703726,88.68732151007757,662.8151722093986,2024-08-01,2025-10-06 10:52:08.72,18,4,0,0,0,1,0,1,0,0,0,1,0,0,0,0,1,0,0,0,1,0,0,0,0,0
CUS_0x4ed2,88290.45000000003,7323.537500000001,4,7,12,1,14,16,1.88,10,412.4,42.07807256689094,56.61538323144085,191.0293011399453,734.7090656286142,2024-08-01,2025-10-06 10:52:08.72,19,4,0,0,0,0,0,0,0,1,0,0,1,0,0,0,1,0,0,0,1,0,0,0,0,0
CUS_0x5418,144390.2,12080.516666666668,5,5,2,0,7,4,7.8599999999999985,10,457.05,27.34412231520093,0.0,1599.9356358941318,1329.5032509633736,2024-08-01,2025-10-06 10:52:08.72,27,4,0,0,0,0,0,0,0,0,0,0,1,0,0,1,0,0,0,0,0,0,1,0,0,0
CUS_0x5540,17486.55,1389.2125,9,5,34,2,48,22,2.82,120,2376.4,25.832174580608356,24.1445425871832,140.51796193836051,264.2587454744563,2024-08-01,2025-10-06 10:52:08.72,6,8,0,0,0,1,0,1,0,0,0,1,0,0,0,0,0,1,0,0,0,0,1,0,0,0
CUS_0x62a1,17621.48,1401.456666666667,7,4,19,2,14,11,10.81,50,167.19,33.13513191014823,23.39428879009281,23.235991743449286,333.5153861331246,2024-08-01,2025-10-06 10:52:08.72,6,8,0,0,1,0,0,0,0,0,1,1,0,0,0,0,1,0,0,0,0,1,0,0,0,0
CUS_0x6987,17640.42,1380.035,7,5,31,7,24,17,26.55,120,4698.82,32.05253195853205,36469.0,172.94779543503543,178.6409791237186,2024-08-01,2025-10-06 10:52:08.72,3,4,1,1,1,0,0,0,1,0,1,1,0,0,0,0,0,1,0,0,0,0,1,0,0,0
CUS_0x7672,122332.04,9219.325793223648,1,1,648,0,7,8,4.41,20,605.35,41.272780121029314,1091.0108734430169,327.4824448635962,953.5512218030707,2024-08-01,2025-10-06 10:52:08.72,18,4,0,0,0,0,0,0,0,0,0,0,1,0,0,1,0,0,0,0,1,0,0,0,0,0
CUS_0xac85,43135.98,3375.6649999999995,8,4,18,2,31,9,13.2,50,1747.6,31.265236784051385,1283.0,10000.0,238.1190188989397,2024-08-01,2025-10-06 10:52:08.72,10,10,1,0,0,1,0,0,0,0,0,1,0,0,0,0,1,0,0,0,0,0,1,0,0,0
CUS_0xbbc6,38624.06,3043.671666666666,0,5,11,0,6,10,4.19,60,1394.46,25.27757686788152,78.45202561264098,79.14388258477727,416.7712584692485,2024-08-01,2025-10-06 10:52:08.72,16,0,0,0,1,0,0,1,1,0,1,0,1,0,0,1,0,0,0,0,0,0,0,0,0,1
CUS_0x3525,20324.355,1703.69625,3,4,7,3,14,8,10.81,40,1396.07,25.04405912738737,36.93300309734522,143.6309488550353,259.8056730476195,2024-08-01,2025-10-06 10:52:08.72,32,9,0,0,0,0,1,0,0,1,1,0,1,0,0,1,0,0,0,0,0,0,0,0,1,0
CUS_0x4ffd,14230.995,1381.91625,3,3,10,4,7,8,7.64,30,626.64,33.59290699972481,44.913080068525616,185.16321872020288,198.1153262112715,2024-08-01,2025-10-06 10:52:08.72,33,3,1,0,0,1,0,1,1,0,0,0,1,0,0,1,0,0,0,0,0,0,1,0,0,0
CUS_0x6963,56270.8,4540.233333333334,6,5,23,5,42,25,26.19,110,3514.71,38.3525615086191,129.0856836604599,151.75097342812344,423.18667624475006,2024-08-01,2025-10-06 10:52:08.72,12,0,1,1,1,1,0,1,0,0,0,1,0,0,0,0,0,1,0,0,1,0,0,0,0,0
CUS_0xa568,120009.32,10242.776666666668,5,1,7,4,14,1,6.75,0,446.51,36.8396077166721,230.52835206823815,197.62677066734184,836.1225439310866,2024-08-01,2025-10-06 10:52:08.72,29,3,0,0,0,1,1,1,0,0,1,0,1,0,0,1,0,0,0,0,0,1,0,0,0,0
CUS_0x1e62,1.1149856E7,1272.2391666666667,689,4,1,2,15,2,11.42,30,805.77,34.444585888829515,16.223610435208066,107.2236216873036,293.776684544155,2024-08-01,2025-10-06 10:52:08.72,32,6,0,1,0,1,0,0,0,0,0,0,1,0,0,1,0,0,0,0,0,0,1,0,0,0
CUS_0x268d,32842.44,2905.870000000001,5,3,5,3,21,13,15.08,30,1399.25,38.35469689951942,48.04155062934953,157.6775481838977,413.3091942484156,2024-08-01,2025-10-06 10:52:08.72,32,3,0,0,0,0,0,0,1,1,1,1,0,0,0,0,0,0,1,1,0,0,0,0,0,0
CUS_0x264a,18753.34,1623.7783333333334,5,4,11,4,24,13,18.1,90,2575.62,35.104983526794555,54.39627002599162,185.46889930307182,212.51266400427,2024-08-01,2025-10-06 10:52:08.72,15,5,0,1,0,1,1,0,1,0,0,1,0,0,0,0,0,0,1,0,0,0,1,0,0,0
CUS_0x641a,59431.26,5130.605,8,5,14,0,22,16,19.01,50,474.04,38.541552121509,0.0,418.0834051797817,384.9770948202182,2024-08-01,2025-10-06 10:52:08.72,16,0,0,0,0,0,0,0,0,0,0,1,0,0,0,0,1,0,0,0,0,0,1,0,0,0
CUS_0x8db6,9481.025,561.0854166666667,4,6,32,0,26,10,17.78,80,2429.47,35.5660718573268,31.46063016008664,41.73975147461717,272.90816003196284,2024-08-01,2025-10-06 10:52:08.72,17,3,1,1,1,1,0,0,0,0,0,1,0,0,0,0,1,0,0,0,0,0,1,0,0,0
CUS_0x90ac,18512.97,1494.7475000000004,7,5,18,3,15,9,16.95,90,1366.56,26.300605220499712,24.621172660365843,46.58327735319782,348.2702999864364,2024-08-01,2025-10-06 10:52:08.72,11,5,1,0,0,0,0,1,0,0,0,1,0,0,0,0,0,0,1,0,0,0,0,0,1,0
CUS_0xa38e,108504.92,9075.076666666666,7,3,7,4,6,13,1.56,20,245.53,39.04892360516745,209.5280664185869,348.7424652841108,856.8113740720975,2024-08-01,2025-10-06 10:52:08.72,20,0,0,1,1,1,0,1,0,0,0,0,1,0,0,0,1,0,0,0,0,1,0,0,0,0
CUS_0x2b7a,66516.32,5333.0266666666685,7,6,17,3,10,14,17.92,60,32.95,39.22105499282172,162.4926461953017,212.89439017926293,437.91563029210226,2024-08-01,2025-10-06 10:52:08.72,17,9,0,0,0,0,1,0,1,0,1,1,0,0,0,0,1,0,0,0,0,0,0,1,0,0
CUS_0x673b,31672.76,2854.396666666666,5,958,10,2,19,19,12.12,90,1151.35,37.96624907767416,33.477996313088234,248.84092349851312,293.1207468550653,2024-08-01,2025-10-06 10:52:08.72,17,6,0,0,0,0,1,0,1,0,0,1,0,0,0,0,1,0,0,0,0,0,0,0,0,1
CUS_0x96ca,18849.1,1772.7583333333332,527,8,17,8,16,20,18.24,90,3327.28,32.67479868971533,75.64802874553267,229.3117654259771,162.3160391618236,2024-08-01,2025-10-06 10:52:08.72,13,9,1,0,1,0,1,0,0,1,1,1,0,0,0,0,0,0,1,0,0,0,1,0,0,0
CUS_0xb2ba,29079.95,2654.329166666667,3,4,14,4,30,11,9.4,60,1234.91,35.320558065131024,68.11381307430702,46.36953087765347,410.94957271470616,2024-08-01,2025-10-06 10:52:08.72,15,11,0,1,0,0,0,0,1,1,0,0,1,0,0,0,0,0,1,1,0,0,0,0,0,0
CUS_0x10ac,16718.645,1270.2204166666668,7,3,15,4,26,11,18.45,10,853.41,31.39733884144666,50.9619359000891,36.41309208442618,319.6470136821514,2024-08-01,2025-10-06 10:52:08.72,16,3,0,0,1,0,0,0,1,0,1,0,1,0,0,0,0,0,1,0,0,0,0,0,0,1
CUS_0x6075,29223.35,2611.2791666666667,5,3,18,3,26,19,8.83,30,436.64,36.69114222690282,64.13026798278277,167.45546654525958,299.54218213862436,2024-08-01,2025-10-06 10:52:08.72,26,9,0,1,0,0,0,0,0,0,0,0,1,0,0,0,1,0,0,0,0,0,0,0,1,0
CUS_0x817d,47521.56,4128.129999999999,3,4,10,5,27,14,6.08,110,1084.43,37.47525656733104,163.76370573946443,257.44393879974155,271.60535546079393,2024-08-01,2025-10-06 10:52:08.72,13,2,0,1,0,0,0,1,1,1,1,1,0,0,0,0,1,0,0,0,0,0,0,1,0,0
CUS_0xb04e,57107.12,4462.926666666667,8,5,30,3,19,11,9.71,120,1870.02,41.00211509600501,136.04028927135494,108.29758439590599,461.9547929994058,2024-08-01,2025-10-06 10:52:08.72,16,4,1,1,0,0,0,0,1,0,0,0,0,0,0,0,1,0,0,0,0,0,0,0,0,1
CUS_0x2a8f,7424.24,599.6866666666666,10,5,33,5,39,16,24.41,60,4717.15,27.90742597199708,23.352617336983904,78.35654799173831,248.25950133794444,2024-08-01,2025-10-06 10:52:08.72,9,3,1,1,0,1,1,0,0,0,1,1,0,0,0,0,0,1,0,0,0,0,0,0,0,1
CUS_0x30ee,92084.4,7728.7,3,3,14,4,15,16,18.09,90,1265.51,33.56713795594377,180.5883652052341,56.65342069608357,775.6282140986823,2024-08-01,2025-10-06 10:52:08.72,16,3,1,0,0,0,1,1,0,0,0,1,0,0,0,0,1,0,0,0,0,1,0,0,0,0
CUS_0x60d8,170131.24,14153.603333333333,5,3,4,0,10,9,0.0,60,798.78,45.04290531360427,0.0,366.8730060156942,1298.487327317639,2024-08-01,2025-10-06 10:52:08.72,31,3,0,0,0,0,0,0,0,0,0,0,1,0,0,1,0,0,0,0,1,0,0,0,0,0
CUS_0x1ad3,14231.96,1200.230049567401,8,5,18,5,41,25,10.47,100,2465.39,28.315782580662685,167.53335321828416,12.812416087167886,305.9205144604804,2024-08-01,2025-10-06 10:52:08.72,10,10,0,1,0,1,1,0,1,0,0,1,0,0,0,0,0,1,0,0,0,1,0,0,0,0
CUS_0x32a5,16852.635,1530.8003731857482,4,6,9,0,27,13,16.68,80,775.22,30.08041533923621,160.58587681425155,53.91582238232171,385.2228026176783,2024-08-01,2025-10-06 10:52:08.72,29,6,0,0,0,0,0,0,0,0,0,1,0,0,0,0,1,0,0,0,0,0,0,0,1,0
CUS_0x3e89,36408.04,3123.0033333333336,7,3,9,0,25,6,9.39,60,903.14,35.06594618514538,0.0,173.6414743708674,428.65885896246596,2024-08-01,2025-10-06 10:52:08.72,18,11,0,0,0,0,0,0,0,0,0,0,1,0,0,0,1,0,0,0,0,0,1,0,0,0
CUS_0xac3f,27621.23,2165.7691666666665,5,6,20,4,18,16,9.35,60,555.67,36.72768252091062,62.4939254673283,53.692755018719566,340.39023618061884,2024-08-01,2025-10-06 10:52:08.72,17,4,0,0,0,0,1,1,0,0,0,1,0,0,0,0,1,0,0,0,0,1,0,0,0,0
CUS_0x2da9,54000.9,4661.075,4,5,14,2,30,13,3.28,80,1105.99,35.59328834064827,78.81201699314676,181.0801369672333,466.21534603961993,2024-08-01,2025-10-06 10:52:08.72,25,0,0,0,0,1,0,0,0,1,0,0,1,0,0,0,1,0,0,1,0,0,0,0,0,0
CUS_0x3499,15217.59,999.1325,5,6,17,0,13,13,9.48,30,296.54,35.68072397167242,0.0,116.1442473775512,273.76900262244885,2024-08-01,2025-10-06 10:52:08.72,25,3,0,0,0,0,0,0,0,0,0,0,1,0,0,0,1,0,0,0,0,0,1,0,0,0
CUS_0x4b11,8840.48,773.7066666666666,6,10,25,8,33,18,25.69,140,3572.77,34.97883771219922,47.69607820989045,75.05584854823645,244.61873990853974,2024-08-01,2025-10-06 10:52:08.72,7,6,0,1,0,0,1,1,1,0,1,1,0,0,0,0,0,0,1,0,0,0,1,0,0,0
CUS_0x5e1b,151160.64,12758.72,1,6,1,0,7,7,3.45,40,1139.22,30.353368080088583,0.0,212.8424632207084,1313.029536779292,2024-08-01,2025-10-06 10:52:08.72,22,7,0,0,0,0,0,0,0,0,0,0,1,0,0,1,0,0,0,0,1,0,0,0,0,0
CUS_0x6579,19536.45,1611.0375,10,7,22,8,38,20,8.37,120,2623.94,31.82317171505217,101.56473873715444,157.37586685981387,182.16314440303168,2024-08-01,2025-10-06 10:52:08.72,6,3,0,0,1,1,1,1,0,0,1,0,0,0,0,0,0,1,0,0,0,0,0,1,0,0
CUS_0x70f6,20374.59,1924.8825,6,6,25,3,27,20,19.58,90,1302.63,27.83126741675665,46.16207652325348,58.19957242205866,348.1266010546878,2024-08-01,2025-10-06 10:52:08.72,12,10,0,0,0,1,0,0,0,0,1,1,0,0,0,0,1,0,0,0,0,0,0,0,0,1
CUS_0x44aa,85656.28,7161.0233333333335,1,3,3,1,15,1,9.32,10,445.77,35.375798102115134,52.550044111564816,56.80249682522268,749.2636329437609,2024-08-01,2025-10-06 10:52:08.72,30,5,0,0,0,1,0,0,0,0,0,0,1,0,0,1,0,0,0,1,0,0,0,0,0,0
CUS_0x4dba,14688.84,1030.584113147195,4,6,18,1,15,15,5.5600000000000005,60,1459.05,31.319798393977905,121.9257022773253,154.48915187289597,241.4780327025836,2024-08-01,2025-10-06 10:52:08.72,20,6,0,0,1,0,0,0,0,0,0,0,1,0,0,0,1,0,0,0,0,0,1,0,0,0
CUS_0x19a5,8493710.0,3136.363333333333,4,4,7,1,6,16,13.03,0,90.37,34.47893561077973,28.44768635480066,130.30520508644872,434.88344189208397,2024-08-01,2025-10-06 10:52:08.72,25,6,0,0,1,0,0,0,0,0,0,1,0,0,0,0,1,0,0,0,0,0,0,1,0,0
CUS_0x4544,17224.395,1276.36625,3,5,1173,251,1,0,4.5,40,1374.84,38.26158824672761,38.96750727119279,86.11340817877858,262.5557095500286,2024-08-01,2025-10-06 10:52:08.72,31,2,0,0,1,0,0,1,0,1,1,0,1,0,0,1,0,0,0,1,0,0,0,0,0,0
CUS_0x53eb,127720.4,10739.366666666669,5,6,12,0,7,8,1.82,30,356.24,34.575336714363345,0.0,1102.6645630782616,251.27210358840512,2024-08-01,2025-10-06 10:52:08.72,29,9,0,0,0,0,0,0,0,0,0,0,0,0,0,1,0,0,0,0,0,0,0,1,0,0
CUS_0x64c,63978.72,5065.56,7,7,17,4,20,8,10.49,5850,947.31,39.05576881590549,182.4412170246094,127.20530435812206,466.9094786172686,2024-08-01,2025-10-06 10:52:08.72,31,8,1,0,0,1,1,0,0,1,0,0,0,0,0,0,1,0,0,0,0,0,0,0,1,0
CUS_0x1370,10216.36,587.015816993938,10,8,22,5,20,23,19.55,60,3703.66,29.45673779882207,121.2297292698353,26.723716674365626,262.33040372852776,2024-08-01,2025-10-06 10:52:08.72,12,2,1,0,0,1,0,1,0,0,0,1,0,0,0,0,0,1,0,0,1,0,0,0,0,0
CUS_0x147a,14384.4,1218.7,3,7,19,6,20,17,11.11,50,1465.3,35.84786534241495,65.49708377147137,10.794805794158137,285.5781104343705,2024-08-01,2025-10-06 10:52:08.72,7,3,0,1,1,0,1,0,0,0,1,1,0,0,0,0,1,0,0,0,0,1,0,0,0,0
CUS_0x15f1,51568.11,4016.3425,6,10,26,5,27,14,0.0,110,2620.12,36.11804355157668,172.0831023313498,94.300479321689,375.2506683469612,2024-08-01,2025-10-06 10:52:08.72,10,2,1,1,0,0,1,0,0,0,1,1,0,0,0,0,0,0,1,0,0,1,0,0,0,0
CUS_0x3ec7,82999.64,7156.636666666666,5,7,8,2,13,5,2.53,20,1495.36,34.52860654636256,104.57723559704674,109.89911034630552,741.1873207233143,2024-08-01,2025-10-06 10:52:08.72,18,4,1,0,0,1,0,0,0,0,0,0,1,0,0,1,0,0,0,0,0,1,0,0,0,0
CUS_0x6448,35933.67,2728.4725,5,4,7,0,3,7,5.95,40,98.89,32.611649469509466,0.0,108.10241832257427,444.7448316774258,2024-08-01,2025-10-06 10:52:08.72,15,8,0,0,0,0,0,0,0,0,0,0,1,0,0,1,0,0,0,0,0,0,0,1,0,0
CUS_0x24bc,116224.68,9873.39,0,3,8,1,10,0,5.01,0,1388.02,35.40233055335467,59.58605365589474,870.3117768632712,327.441169480834,2024-08-01,2025-10-06 10:52:08.72,32,8,0,0,0,1,0,0,0,0,0,0,1,0,0,1,0,0,0,0,0,0,0,0,0,1
CUS_0x2562,19641.665,1795.8054166666668,0,6,10,0,13,14,6.89,10,1230.89,30.09425387228768,0.0,13.874658714035867,405.7058829526308,2024-08-01,2025-10-06 10:52:08.72,30,2,0,0,0,0,0,0,0,0,0,0,1,0,0,1,0,0,0,0,0,1,0,0,0,0
CUS_0x2692,20758.37,1458.8641666666665,0,5,11,4,28,8,9.91,70,1328.24,33.20402311237332,53.704970011066,94.37317898224785,277.8082676733528,2024-08-01,2025-10-06 10:52:08.72,31,8,0,0,0,0,1,0,1,0,0,0,1,0,0,0,0,0,1,0,0,0,0,1,0,0
CUS_0x668f,26175.31,2000.7735280112224,8,4,11,0,10,9,18.58,70,601.78,34.35768541016397,174.50230532211123,143.98196074227374,363.5456225910597,2024-08-01,2025-10-06 10:52:08.72,9,8,0,0,0,0,0,0,0,0,0,1,0,0,0,0,1,0,0,0,0,0,1,0,0,0
CUS_0xabb4,18037.47,1190.14363002319,0,6,10,4,6,5,9.41,30,173.84,24.16739931423038,134.74852265835074,94.28791554966688,270.15468176879256,2024-08-01,2025-10-06 10:52:08.72,30,2,0,1,0,0,1,1,0,0,0,0,0,0,0,1,0,0,0,0,0,0,1,0,0,0
CUS_0x2ce8,28706.94,2473.245,4,4,12,0,28,12,7.33,10,780.11,37.449234985532,0.0,165.982402051334,371.3420979486661,2024-08-01,2025-10-06 10:52:08.72,16,9,0,0,0,0,0,0,0,0,0,0,1,0,0,1,0,0,0,0,0,0,1,0,0,0
CUS_0x5209,457224.0,3201.4833333333336,6,6,18,6,43,19,26.07,60,4591.53,35.74226442139165,195.6607339076741,10000.0,136.93312040653223,2024-08-01,2025-10-06 10:52:08.72,2,2,1,0,1,0,0,1,0,0,0,1,0,0,0,0,0,1,0,0,0,0,1,0,0,0
CUS_0x7453,18569.39,1650.6625504899905,10,5,18,8,24,17,19.43,80,3791.88,32.968222167151744,130.6366441669185,44.1529756169436,263.1419130594806,2024-08-01,2025-10-06 10:52:08.72,12,0,1,0,1,1,1,1,1,0,1,1,0,0,0,0,0,1,0,0,1,0,0,0,0,0
CUS_0x8a70,87603.24,7272.27,0,7,8,4,8,1,0.6399999999999999,60,223.14,35.29752992684105,290.6612436353588,257.2309688337694,429.3347875308719,2024-08-01,2025-10-06 10:52:08.72,20,4,1,0,1,0,0,0,0,0,1,0,1,0,0,1,0,0,0,0,1,0,0,0,0,0
CUS_0xb7e,14441.54,1369.4616666666668,9,5,22,6,26,19,9.87,110,2176.93,30.051555984809607,47.799525750056496,103.67499177393805,255.47164914267216,2024-08-01,2025-10-06 10:52:08.72,9,7,1,1,0,0,0,0,0,1,1,1,0,0,0,0,0,1,0,0,0,0,0,0,1,0
CUS_0xc4f,16609.08,1524.09,5,6,20,1,17,20,0.99,40,606.57,36.00119762398133,13.544572983683068,69.51170777880385,349.3527192375131,2024-08-01,2025-10-06 10:52:08.72,30,10,0,1,0,0,0,0,0,0,0,0,1,0,0,0,1,0,0,0,0,0,0,1,0,0
CUS_0x1f61,69014.48,5467.206666666666,10,6,25,7,43,1614,14.28,120,2313.63,37.578785309864905,310.14034580117686,173.85788885769108,332.7224320077986,2024-08-01,2025-10-06 10:52:08.72,15,8,1,1,0,1,0,1,1,0,0,1,0,0,0,0,0,1,0,0,0,0,0,0,1,0
CUS_0x2827,144546.72,10653.043107889978,0,3,7,2,13,7,6.08,10,1045.11,45.21691024099081,1293.5054487288114,226.50893584179911,1057.4585075394102,2024-08-01,2025-10-06 10:52:08.72,23,6,0,0,0,0,1,0,0,1,0,0,1,0,0,0,0,0,1,0,0,0,0,0,0,1
CUS_0x492e,103620.54,8336.045,5,3,170,2,24,16,7.33,40,100.85,32.78493754860219,103.22773514813096,529.9804341785327,460.3963306733364,2024-08-01,2025-10-06 10:52:08.72,21,8,0,0,0,1,0,0,0,1,0,0,0,0,0,0,0,0,1,1,0,0,0,0,0,0
CUS_0x2c15,17790.73,1461.5608333333332,9,7,22,7,58,25,17.22,170,4373.57,38.79864023532098,80.71470875619951,37.52138308494747,277.9199914921864,2024-08-01,2025-10-06 10:52:08.72,8,5,0,1,1,1,1,1,0,0,1,1,0,0,0,0,0,1,0,0,1,0,0,0,0,0
CUS_0x4ee5,75988.68,6419.389999999999,0,3,9,4,14,3,11.26,10,1241.25,33.51784458328553,162.19908306980923,94.80818244478701,624.9317344854037,2024-08-01,2025-10-06 10:52:08.72,33,4,0,1,0,1,0,1,0,0,0,0,1,0,0,1,0,0,0,0,0,1,0,0,0,0
CUS_0x61ec,8749.465,585.1220833333333,6,9,33,7,13,24,19.57,80,4676.17,23.713856916302376,31.034843178841385,34.564882433682,282.91248272081003,2024-08-01,2025-10-06 10:52:08.72,11,0,0,1,0,1,1,0,1,0,1,1,0,0,0,0,0,1,0,0,0,0,1,0,0,0
CUS_0x7f43,16598.74,1381.2283333333337,7,6,31,5,9,13,7.8,130,1689.33,24.041383235604982,35.21707892555592,175.91285260404456,216.99290180373288,2024-08-01,2025-10-06 10:52:08.72,7,8,1,1,0,1,0,1,1,0,0,1,0,0,0,0,1,0,0,0,0,0,0,0,0,1
CUS_0x9eba,58704.26,4940.0216666666665,6,3,8,1,18,15,4.32,20,244.69,27.47628416126253,38.32334645166232,364.6667339298521,371.0120862851522,2024-08-01,2025-10-06 10:52:08.72,25,2,0,0,0,0,1,0,0,0,0,1,0,0,0,0,1,0,0,0,0,0,0,1,0,0
CUS_0xb3e3,142639.96,11787.663333333332,5,4,16,1,21,13,7.69,5280,1351.02,37.16007915255368,60.28510486975928,1097.7610151957022,300.72021326787194,2024-08-01,2025-10-06 10:52:08.72,15,9,0,0,0,1,0,0,0,0,0,1,0,0,0,0,1,0,0,0,0,0,0,1,0,0
CUS_0x57a7,14291.24,1291.9366666666667,6,10,32,6,23,17,2.66,100,2527.84,38.8033430291672,68.47067908164641,66.2681373994596,274.4548501855606,2024-08-01,2025-10-06 10:52:08.72,16,11,0,0,0,1,1,1,0,1,0,1,0,0,0,0,0,1,0,0,0,0,0,1,0,0
CUS_0xa3ec,32772.29,2485.0241666666666,7,7,10,0,30,19,9.11,10,1012.37,30.806792422792583,0.0,125.89714080388063,382.605275862786,2024-08-01,2025-10-06 10:52:08.72,30,2,0,0,0,0,0,0,0,0,0,1,0,0,0,0,0,0,1,1,0,0,0,0,0,0
CUS_0xa7c5,37756.85,2865.4041666666667,3,4,11,3,10,12,9.31,0,352.49,27.05367498365273,83.95989215793658,168.02795899173148,294.55256551699864,2024-08-01,2025-10-06 10:52:08.72,33,5,0,0,1,0,0,1,0,0,1,0,1,0,0,0,0,0,1,1,0,0,0,0,0,0
CUS_0xb97b,16706.97,1364.2475000000004,6,7,28,0,44,16,9.56,110,3987.25,31.36897779873908,70.36748553061265,23.690406690133987,282.3668577792534,2024-08-01,2025-10-06 10:52:08.72,11,3,1,1,1,0,0,1,1,0,1,1,0,0,0,0,0,0,1,0,0,1,0,0,0,0
CUS_0x3db1,35871.7,3131.308333333333,3,6,6,1,17,4,7.87,50,176.96,32.616401251705945,24.5746424611922,83.78292950779114,454.77326136435,2024-08-01,2025-10-06 10:52:08.72,27,11,0,0,0,1,0,0,0,0,0,0,1,0,0,1,0,0,0,0,0,0,0,0,0,1
CUS_0x51ff,158952.84,13056.07,5,5,2,1,3,8,4.03,40,829.69,40.3576433034535,87.44666299853597,281.31269350381336,1196.8476434976508,2024-08-01,2025-10-06 10:52:08.72,23,5,0,0,0,0,0,0,0,1,0,0,1,0,0,1,0,0,0,1,0,0,0,0,0,0
CUS_0x5d5f,60363.5,5277.291666666667,3,7,5,0,3,0,2.38,0,158.8,38.1780939437768,0.0,532.4728370448704,285.2563296217964,2024-08-01,2025-10-06 10:52:08.72,17,11,0,0,0,0,0,0,0,0,0,0,1,0,0,0,0,0,1,0,0,0,1,0,0,0
CUS_0xa116,18247.18,1396.5983333333334,10,5,29,5,27,19,16.53,100,2536.58,37.842754912137,40.76073026283749,128.30133089050054,240.5977721799953,2024-08-01,2025-10-06 10:52:08.72,2,10,1,0,1,0,0,0,1,0,0,1,0,0,0,0,0,1,0,0,0,0,0,0,1,0
CUS_0x3fee,87095.61,7063.9675,0,670,7,3,9,9,0.23000000000000045,40,1005.15,34.0815419965936,158.70988572841063,81.2430713738157,706.4437928977736,2024-08-01,2025-10-06 10:52:08.72,33,4,0,0,1,0,0,1,0,1,0,0,1,0,0,1,0,0,0,0,0,1,0,0,0,0
CUS_0x80d0,8053.37,656.1141666666666,6,5,6,5,12,18,12.1,70,886.98,29.43144573964951,18.9491168028329,0.0,280.33897052973407,2024-08-01,2025-10-06 10:52:08.72,11,3,0,1,0,1,0,1,1,0,0,1,0,0,0,0,1,0,0,0,0,1,0,0,0,0
CUS_0xa90d,7261.91,393.1591666666667,5,7,12,6,30,17,22.98,120,908.02,33.75052612916739,35.461801249881184,16.198855630199517,237.655259786586,2024-08-01,2025-10-06 10:52:08.72,8,11,0,0,1,1,1,0,1,1,0,0,0,0,0,0,1,0,0,0,1,0,0,0,0,0
CUS_0x552,161006.32,13449.193333333336,0,2,7,1,11,0,2.6,0,615.14,40.71644239515279,91.88030277046414,1089.9213792299252,443.1176513329442,2024-08-01,2025-10-06 10:52:08.72,18,11,0,0,0,0,0,0,0,1,0,0,0,0,0,1,0,0,0,0,0,0,0,1,0,0
CUS_0x606d,52616.28,4279.69,7,10,27,4,54,19,10.52,100,2592.58,31.790485381865057,27454.0,487.60373028630926,114.36128049145891,2024-08-01,2025-10-06 10:52:08.72,19,11,0,0,1,1,1,0,1,0,0,1,0,0,0,0,0,0,1,0,0,0,1,0,0,0
CUS_0x1e3f,107854.84,9245.903333333334,5,5,16,5,10,15,7.35,60,990.45,30.567797407098297,338.8412817613483,388.9151202184557,446.83393135352935,2024-08-01,2025-10-06 10:52:08.72,16,2,1,0,0,1,0,1,1,0,0,1,0,0,0,0,1,0,0,0,1,0,0,0,0,0
CUS_0x603b,86878.4,7336.866666666666,3,4,15,4,30,19,10.25,60,156.11,30.645022977319982,210.5760446739685,250.13217901883598,532.9784429738621,2024-08-01,2025-10-06 10:52:08.72,20,8,0,0,0,0,0,1,1,1,0,0,1,0,0,0,1,0,0,1,0,0,0,0,0,0
CUS_0xa232,123306.12,10321.51,5,874,9,1,7,11,6.24,0,827.59,36.27396881524038,77.00407799149481,295.2333802397381,919.9135417687672,2024-08-01,2025-10-06 10:52:08.72,25,5,0,0,0,0,0,0,0,1,0,0,1,0,0,1,0,0,0,1,0,0,0,0,0,0
CUS_0x7942,57852.3,4571.025,8,10,18,8,22,16,20.67,80,4766.91,38.216900701761816,238.37491504301136,148.24443588923427,320.4831490677543,2024-08-01,2025-10-06 10:52:08.72,5,10,1,1,1,1,1,0,0,1,0,1,0,0,0,0,0,1,0,0,1,0,0,0,0,0
CUS_0xab0f,60031.96,5148.663333333333,9,9,22,9,62,25,28.85,60,3395.4,30.481646184120603,262.1680739546084,190.5169450447158,342.181314334009,2024-08-01,2025-10-06 10:52:08.72,9,7,1,1,1,0,0,0,0,1,1,1,0,0,0,0,0,1,0,0,0,0,0,1,0,0
CUS_0x60da,22517.1,1600.425,3,5,6,0,9,20,8.32,40,729.74,23.685657075133324,0.0,120.1075616045237,381.0717115618816,2024-08-01,2025-10-06 10:52:08.72,16,8,0,0,0,0,0,0,0,0,0,1,0,0,0,0,1,0,0,0,0,0,0,0,0,1
CUS_0x319d,50520.75,4407.0625,6,5,33,5,59,17,3.53,120,1535.02,29.35278787271202,127.53756903965916,157.29036058391955,405.8783203764213,2024-08-01,2025-10-06 10:52:08.72,8,9,0,1,1,0,1,0,1,0,0,1,0,0,0,0,0,1,0,0,1,0,0,0,0,0
CUS_0x703d,28742.57,2559.214166666666,8,6,6,3,28,20,9.63,40,666.08,28.259577242166785,47.96401314381475,130.2600200405765,347.69738348227537,2024-08-01,2025-10-06 10:52:08.72,27,5,0,0,0,1,0,0,0,1,1,0,0,0,0,0,1,0,0,0,0,0,0,0,1,0
CUS_0x9017,32061.52,2463.793333333333,3,4,9,7,5,17,12.67,80,927.27,29.79007129996393,152.06123557374042,141.01192164670863,213.30617611288434,2024-08-01,2025-10-06 10:52:08.72,6,8,0,1,0,1,0,1,0,1,1,1,0,0,0,0,1,0,0,1,0,0,0,0,0,0
CUS_0x1288,60938.13,5163.1775,10,8,31,8,26,21,17.49,90,3947.24,36.591277640451366,378.304673376643,509.04521941935053,269.716274387424,2024-08-01,2025-10-06 10:52:08.72,5,5,1,0,1,0,1,1,0,1,0,1,0,0,0,0,0,1,0,0,0,0,0,0,1,0
CUS_0x1378,18064.06,1579.3383333333334,6,5,224,6,16,10,19.9,60,2116.7,29.334724231235214,77.44173900225947,144.5582196415203,215.9338746895536,2024-08-01,2025-10-06 10:52:08.72,8,4,1,1,1,0,0,1,1,0,0,1,0,0,0,0,0,0,1,0,0,0,0,0,0,1
CUS_0xabd6,8155.79,380.6491666666667,9,5,27,6,33,17,28.08,150,3090.08,35.72500663339144,25.39957187231269,27.833467959232802,274.8318768351212,2024-08-01,2025-10-06 10:52:08.72,12,5,0,1,0,1,0,1,0,0,1,1,0,0,0,0,0,1,0,0,0,0,1,0,0,0
CUS_0x2194,8086.375,839.8645833333335,8,8,24,6,49,25,27.16,90,3886.6,23.517976924254125,24.83994813519436,64.46877262822649,284.6777375699125,2024-08-01,2025-10-06 10:52:08.72,8,3,0,0,0,1,0,1,0,1,1,1,0,0,0,0,0,1,0,0,0,0,1,0,0,0
CUS_0x2f86,7569.055,650.7545833333334,6,294,30,2,41,17,3.18,110,2691.71,27.0639930565986,7.180053892226407,51.514975337172594,296.3804291039343,2024-08-01,2025-10-06 10:52:08.72,12,10,0,0,0,0,0,0,0,1,1,1,0,0,0,0,0,1,0,0,0,0,1,0,0,0
CUS_0x52d2,46271.32,4105.943333333333,3,5,7,6,8,15,17.54,50,640.52,29.06101791211318,175.42124378153375,158.79644485673768,326.37664469506177,2024-08-01,2025-10-06 10:52:08.72,16,10,1,1,0,0,1,1,1,1,0,1,0,0,0,0,1,0,0,0,0,0,0,0,0,1
CUS_0x6991,18922.23,1801.8525,7,7,33,4,57,13,17.07,100,1328.22,27.30432815049993,39.59802557203147,224.12935549044465,206.45786893752393,2024-08-01,2025-10-06 10:52:08.72,10,0,1,0,0,0,1,1,1,0,0,1,0,0,0,0,1,0,0,0,0,0,1,0,0,0
CUS_0x81fe,9760.495,1111.3745833333332,7,6,29,6,16,25,6.02,110,1291.36,36.45348623367979,47.85242619017334,30.19486744448077,283.0901646986792,2024-08-01,2025-10-06 10:52:08.72,7,3,0,1,1,1,0,0,1,1,0,1,0,0,0,0,0,1,0,0,1,0,0,0,0,0
CUS_0x8382,54378.51,4369.5425,6,10,15,5,47,25,1.61,100,1482.64,26.87710932208087,153.5068612090645,10000.0,300.8319670986822,2024-08-01,2025-10-06 10:52:08.72,16,11,0,1,0,1,0,0,1,0,1,1,0,0,0,0,0,1,0,1,0,0,0,0,0,0
CUS_0x9f8e,19504.32,1554.36,7,8,16,2,33,11,12.64,110,1882.8,31.6732210350405,17.310436942351195,119.63448218482485,308.49108087282394,2024-08-01,2025-10-06 10:52:08.72,15,10,0,0,1,0,0,1,0,0,0,1,0,0,0,0,1,0,0,0,0,0,1,0,0,0
CUS_0xbd09,42122.28,3211.19,2,6,5,2,1,4,0.53,70,775.54,39.299337872103685,61.3628029228827,56.25446375202818,453.50173332508916,2024-08-01,2025-10-06 10:52:08.72,19,8,0,0,0,0,1,0,0,1,0,0,1,0,0,1,0,0,0,0,1,0,0,0,0,0
CUS_0x5ffa,20099.99,1637.999166666667,7,6,9,2,16,10,17.16,120,401.73,39.35682960068807,26.229343915187307,21.322333776880892,356.24823897459845,2024-08-01,2025-10-06 10:52:08.72,18,10,0,0,1,0,0,0,1,0,0,1,0,0,0,0,1,0,0,0,0,1,0,0,0,0
CUS_0x69e0,49847.55,3884.9625,9,5,18,3,22,18,2.77,120,2173.47,28.484907523228987,71.67569993395902,47.73377121109626,519.0867788549447,2024-08-01,2025-10-06 10:52:08.72,20,0,0,0,0,1,0,1,1,0,0,1,0,0,0,0,0,1,0,0,1,0,0,0,0,0
CUS_0x7a36,42960.39,3363.0325,2,5,9,3,6,3,3.18,20,379.94,36.07297314494334,58.1924894225244,323.1585681331575,244.95219244431811,2024-08-01,2025-10-06 10:52:08.72,30,3,1,0,0,0,0,1,0,0,1,0,0,0,0,1,0,0,0,0,0,0,1,0,0,0
CUS_0x12cc,20521.36,1721.1133333333337,10,8,17,3,21,12,14.94,100,1896.78,22.72443389046489,42.15204181287907,110.96335252487991,244.4192925973349,2024-08-01,2025-10-06 10:52:08.72,10,9,1,0,0,1,0,0,0,1,0,1,0,0,0,0,1,0,0,0,0,0,0,0,0,1
CUS_0x247e,118644.36000000002,10033.03,1,2,9,1,13,1,4.5299999999999985,60,1100.42,42.926112410510335,53.02788627996196,133.96942132640962,1066.3056923936283,2024-08-01,2025-10-06 10:52:08.72,31,8,0,1,0,0,0,0,0,0,0,0,1,0,0,1,0,0,0,0,1,0,0,0,0,0
CUS_0x9774,32464.1,2668.3416666666667,4,3,10,1,6,5,4.82,10,681.09,26.80843212004073,19.18656123256729,234.97603546684638,282.67156996725305,2024-08-01,2025-10-06 10:52:08.72,32,6,0,0,0,0,0,0,1,0,0,0,0,0,0,0,1,0,0,0,0,0,0,0,1,0
CUS_0xc0d7,44983.95,3958.6625,9,9,26,7,14,15,2.22,110,2998.57,26.85500416516037,154.7434287772285,397.5454597951576,123.57736142761392,2024-08-01,2025-10-06 10:52:08.72,10,6,1,1,0,0,0,0,1,1,1,1,0,0,0,0,0,1,0,0,0,0,0,1,0,0
CUS_0x1a06,24873.1,1848.7583333333328,3,6,8,3,23,17,6.65,60,30.31,32.41380938642611,39.84069977161735,206.04743616017183,228.98769740154415,2024-08-01,2025-10-06 10:52:08.72,5,9,1,1,0,0,1,0,0,0,0,1,0,0,0,0,1,0,0,0,0,0,1,0,0,0
CUS_0x6086,41599.96,3240.663333333333,9,5,16,7,50,21,21.66,60,3471.8,29.18431938041485,237.9966165829733,137.1384316579223,238.93128509243775,2024-08-01,2025-10-06 10:52:08.72,1,5,0,1,1,1,0,1,0,1,0,0,0,0,0,0,0,1,0,0,0,0,1,0,0,0
CUS_0x8d0d,112095.72,8603.53214374479,7,5,5,0,27,12,11.13,80,251.99,22.500148080932718,955.7778562552096,983.9703627272737,251.96063727272625,2024-08-01,2025-10-06 10:52:08.72,27,5,0,0,0,0,0,0,0,0,0,1,0,0,0,0,1,0,0,0,0,0,0,1,0,0
CUS_0x13ce,18710.74,1363.2283333333337,2,6,8,4,1,8,5.130000000000001,50,830.7,22.738380137182425,50.32093195112957,63.22151611825996,292.7803852639438,2024-08-01,2025-10-06 10:52:08.72,29,8,0,0,1,0,0,1,0,1,0,0,1,0,0,1,0,0,0,0,0,0,0,0,1,0
CUS_0x4e5f,39066.64,3213.5533333333333,3,1,8,2,11,3,1.22,50,6.84,34.61061046933609,34.301129329622874,300.77031184860454,256.283892155106,2024-08-01,2025-10-06 10:52:08.72,22,8,0,0,0,0,0,0,1,1,0,0,1,0,0,1,0,0,0,0,0,0,0,0,0,1
CUS_0x864e,28806.44,2361.5366666666664,4,3,6,5,26,19,12.26,20690,332.57,31.63825559247749,112.63504847496884,61.67655286235665,321.8420653293412,2024-08-01,2025-10-06 10:52:08.72,13,3,1,0,0,1,0,1,0,1,1,1,0,0,0,0,1,0,0,1,0,0,0,0,0,0
CUS_0x8c79,47732.88,3821.74,6,7,26,2,9,10,10.25,90,1558.93,31.964097999668716,46.471196983888646,82.91873004185206,492.7840729742592,2024-08-01,2025-10-06 10:52:08.72,13,8,0,0,0,1,0,0,0,1,0,1,0,0,0,0,1,0,0,0,0,1,0,0,0,0
CUS_0xb8b3,29936.8,2302.733333333333,7,8,25,7,23,26,17.63,80,4147.65,24.93325968646019,92.7359849523813,53.04541873961833,334.4919296413337,2024-08-01,2025-10-06 10:52:08.72,12,11,1,1,1,1,1,0,0,0,0,1,0,0,0,0,0,0,1,0,1,0,0,0,0,0
CUS_0x857e,52410.92,4479.576666666667,3,4,6,4,11,18,8.63,40,361.32,37.56282702235504,92.60129053130478,230.94727244771,187.96623707524913,2024-08-01,2025-10-06 10:52:08.72,18,0,0,0,1,1,1,0,0,0,0,1,0,0,0,0,1,0,0,0,0,0,1,0,0,0
CUS_0x9442,18225.38,1487.781666666667,8,9,19,8,34,21,17.2,160,2652.19,39.39712901103439,71.8255587315648,93.631204491725,263.32140344337694,2024-08-01,2025-10-06 10:52:08.72,12,10,1,0,1,0,0,1,0,1,1,1,0,0,0,0,0,1,0,0,0,0,0,1,0,0
CUS_0xa6a3,42018.21,3544.5175,0,7,6,2,3,8,15.27,50,421.99,38.48277683963608,46.28765687816973,67.45480558017283,490.70928754165743,2024-08-01,2025-10-06 10:52:08.72,19,11,0,0,0,0,1,1,0,0,0,0,1,0,0,1,0,0,0,0,1,0,0,0,0,0
CUS_0xc5aa,74106.94,5902.578333333334,4,5,9,0,10,0,2.06,40,11.49,38.94201305596102,66949.0,10000.0,685.4451910457695,2024-08-01,2025-10-06 10:52:08.72,17,1,0,0,0,0,0,0,0,0,0,0,1,0,0,1,0,0,0,1,0,0,0,0,0,0
CUS_0x2dfd,33815.65,2624.9708333333333,5,1,2,4,14,0,11.61,30,91.55,31.65449272050249,112.35668841395577,17.616677920728446,372.5237169986492,2024-08-01,2025-10-06 10:52:08.72,15,9,1,0,0,1,0,1,1,0,0,0,1,0,0,1,0,0,0,0,0,0,0,0,0,1
CUS_0x84d0,60371.84,5006.986666666667,7,9,21,8,52,23,27.97,120,4106.36,25.82743336884328,393.0398936731712,232.27728086551187,286.90549298052593,2024-08-01,2025-10-06 10:52:08.72,3,2,0,1,1,1,0,1,0,1,0,1,0,0,0,0,0,1,0,0,1,0,0,0,0,0
CUS_0x90cb,56131.48,4946.623333333334,0,4,10,4,15,6,10.1,30,1235.48,36.78641343069184,141.98653602024288,99.71655760762779,502.9592397054628,2024-08-01,2025-10-06 10:52:08.72,24,10,0,0,1,1,0,1,1,0,0,0,0,0,0,0,0,0,1,0,0,0,0,0,0,1
CUS_0xa72,20196.67,1679.055833333333,9,9,17,7,50,19,26.96,110,2971.91,24.65238098807121,66.81100360999389,108.36466700043644,227.58032784485025,2024-08-01,2025-10-06 10:52:08.72,6,2,0,0,1,1,1,1,1,0,0,0,0,0,0,0,0,1,0,0,0,0,0,0,1,0
CUS_0x74db,10361.92,666.4933333333332,6,5,32,7,52,19,26.92,60,3293.1,32.58118574726358,44.01212564399689,63.083270008709796,249.63669564337204,2024-08-01,2025-10-06 10:52:08.72,2,7,0,1,0,1,0,1,0,1,1,1,0,0,0,0,0,0,1,0,0,0,0,1,0,0
CUS_0xc3f2,76909.76,6546.1466666666665,10,8,32,9,42,21,18.45,120,4779.36,28.207811296458598,576.2792649468641,647.5883186797632,270.09996328591757,2024-08-01,2025-10-06 10:52:08.72,11,0,1,0,1,1,1,1,0,1,1,1,0,0,0,0,0,1,0,0,0,0,0,1,0,0
CUS_0x1c2a,33410.45,3059.2041666666664,4,6,19,0,27,15,10.91,10,693.39,36.86902905998653,0.0,129.86225690650303,466.0581597601637,2024-08-01,2025-10-06 10:52:08.72,28,2,0,0,0,0,0,0,0,0,0,1,0,0,0,0,1,0,0,0,0,0,1,0,0,0
CUS_0x2212,17057.83,1618.4858333333334,6,10,24,6,31,22,20.72,100,4832.8,24.237452390629183,65.82796619601214,58.352014174167955,307.66860296315326,2024-08-01,2025-10-06 10:52:08.72,5,6,1,1,1,0,0,1,0,0,1,1,0,0,0,0,0,1,0,0,0,0,0,0,1,0
CUS_0x13a9,1.9473209E7,4618.901666666667,3,7,5,3,14,12,2.03,70,140.59,31.806449286785607,92.50592257129342,114.27160508723091,505.1126390081424,2024-08-01,2025-10-06 10:52:08.72,28,8,1,1,1,0,0,0,0,0,0,0,1,0,0,1,0,0,0,0,1,0,0,0,0,0
CUS_0xa2fe,69605.0,5543.416666666668,3,4,5,2,23,12,10.97,0,1176.76,38.74493594152675,104.4225430754943,58.91995886171794,630.9991647294544,2024-08-01,2025-10-06 10:52:08.72,17,4,0,0,1,1,0,0,0,0,0,0,1,0,0,1,0,0,0,0,0,1,0,0,0,0
CUS_0x7e06,64662.04,5532.503333333332,1,2,2,3,8,9,2.41,40,1376.25,38.236724758848254,83.84218528849996,661.1629360491767,98.24521199565665,2024-08-01,2025-10-06 10:52:08.72,25,7,1,0,0,0,1,0,0,0,0,0,1,0,0,1,0,0,0,0,0,0,1,0,0,0
CUS_0x87e4,19582.95,1241.45677194769,4,4,31,6,11,19,8.63,100,2556.35,27.608680200399466,241.001900386429,71.7895741935004,288.8555034723807,2024-08-01,2025-10-06 10:52:08.72,12,5,1,0,0,1,1,0,0,1,0,1,0,0,0,0,1,0,0,0,0,0,1,0,0,0
CUS_0x9b30,61793.46,5265.455,10,8,34,5,38,23,21.92,120,3576.53,27.06496306291412,257.44574196333144,124.23700636961482,394.86275166705383,2024-08-01,2025-10-06 10:52:08.72,6,8,1,1,0,0,0,1,0,1,0,1,0,0,0,0,0,1,0,0,0,0,0,0,0,1
CUS_0x43fc,134951.25,10311.799181018709,1,4,5,4,12,6,1.96,90,496.32,38.53619447343312,1070.9739242511027,276.2873134720577,670.8835457154566,2024-08-01,2025-10-06 10:52:08.72,29,8,1,0,0,0,1,1,0,0,0,0,1,0,0,1,0,0,0,0,1,0,0,0,0,0
CUS_0x5682,28102.06,2115.8383333333336,9,9,30,6,33,21,21.14,150,3240.55,37.735414459490585,114.26454587652977,244.24358338823106,143.07570406857255,2024-08-01,2025-10-06 10:52:08.72,4,5,1,0,1,0,1,0,1,0,0,1,0,0,0,0,0,1,0,0,0,0,1,0,0,0
CUS_0xc2aa,12761.21,1026.434166666667,5,4,13,4,20,11,3.0,50,662.86,32.14120189186506,33.81955602684455,105.18839752730551,253.63546311251662,2024-08-01,2025-10-06 10:52:08.72,16,0,0,0,0,1,1,0,0,0,1,0,1,0,0,0,0,0,1,0,0,0,1,0,0,0
CUS_0x1145,17975.32,1444.9433333333334,6,5,32,9,61,25,8.9,130,1263.1,25.681798029462104,76.450324587172,176.77621007546128,181.26779867070005,2024-08-01,2025-10-06 10:52:08.72,12,5,1,0,1,0,1,1,1,1,0,1,0,0,0,0,0,1,0,0,0,0,1,0,0,0
CUS_0x7808,15784.09,1417.3408333333334,8,7,18,6,48,25,0.0,70,1265.19,26.95526888211072,51.76555620306017,142.09036011633944,227.87816701393376,2024-08-01,2025-10-06 10:52:08.72,6,6,0,0,1,1,1,0,0,0,1,1,0,0,0,0,0,1,0,0,0,0,0,0,0,1
CUS_0x7dff,18005.41,1213.450833333333,3,9,33,3,17,9,13.45,150,2564.51,24.981383735785567,36.34786743084604,162.2855175490647,212.71169835342258,2024-08-01,2025-10-06 10:52:08.72,13,10,0,0,0,1,0,0,0,1,1,1,0,0,0,0,1,0,0,0,0,0,1,0,0,0
CUS_0xc390,11617.39,850.1158333333333,7,7,16,1,22,16,17.009999999999998,70,816.39,26.63808329140946,5.463308977561259,41.97504780310256,297.5732265526695,2024-08-01,2025-10-06 10:52:08.72,32,5,0,0,0,0,0,0,1,0,0,1,0,0,0,0,1,0,0,1,0,0,0,0,0,0
CUS_0x59a5,78056.04,6384.669999999999,7,5,17,1,21,14,17.6,100,248.71,33.97884976227254,44.08837406681275,223.59490905649727,660.7837168766899,2024-08-01,2025-10-06 10:52:08.72,19,0,0,0,0,0,1,0,0,0,0,1,0,0,0,0,1,0,0,0,0,0,1,0,0,0
CUS_0xc429,20849.21,1503.434166666667,8,5,33,6,46,20,4.56,140,1694.32,38.2981061714675,53.20901514813119,45.59113671679361,311.5432648017419,2024-08-01,2025-10-06 10:52:08.72,11,10,0,0,0,1,1,1,1,0,0,1,0,0,0,0,0,1,0,1,0,0,0,0,0,0
CUS_0x3e74,19047.36,1769.28,8,5,23,6,21,24,20.81,150,2815.41,32.77002400751034,68.6868574553881,150.77425246553992,247.466890079072,2024-08-01,2025-10-06 10:52:08.72,12,0,1,0,1,0,1,0,0,1,0,1,0,0,0,0,0,1,0,0,0,0,1,0,0,0
CUS_0x90e6,82329.56,6765.796666666666,5,3,15,2,13,13,0.0,80,66.36,27.49139331037082,92.06601549879952,147.10800213138663,677.4056490364807,2024-08-01,2025-10-06 10:52:08.72,6,2,1,0,0,0,0,0,0,0,1,1,0,0,0,0,0,0,1,0,0,1,0,0,0,0
CUS_0x9a3d,19724.81,1442.7341666666669,3,6,12,4,5,10,3.68,0,1369.4,34.684525649284865,49.93791871449197,143.18914585207656,241.14635210009814,2024-08-01,2025-10-06 10:52:08.72,29,8,1,0,0,1,0,0,0,1,0,0,1,0,0,1,0,0,0,0,0,0,1,0,0,0
CUS_0xc5f6,125285.32,10508.443333333336,8,3,19,2,24,12,2.85,40,1356.23,28.286813624175963,135.33399250836,546.692517534607,658.8178232903665,2024-08-01,2025-10-06 10:52:08.72,11,6,0,0,1,0,0,0,0,1,0,1,0,0,0,0,1,0,0,0,0,0,1,0,0,0
CUS_0x3c97,9741.195,1097.76625,7,4,14,2,20,15,19.67,110,582.95,33.85583580918899,13.376545985168034,80.41303901138308,305.98704000344884,2024-08-01,2025-10-06 10:52:08.72,26,10,0,0,0,1,0,1,0,0,0,1,0,0,0,0,1,0,0,0,0,0,1,0,0,0
CUS_0x5845,57295.88,4520.656666666667,4,7,5,0,13,10,9.19,50,1089.19,37.742488540729305,0.0,126.03751549562273,586.0281511710439,2024-08-01,2025-10-06 10:52:08.72,33,2,0,0,0,0,0,0,0,0,0,0,0,0,0,1,0,0,0,1,0,0,0,0,0,0
CUS_0x7812,19653.005,1581.750416666667,3,3,10,4,6,14,1.22,30,919.98,32.45489715158709,38.11255604378293,55.8638706294668,354.198614993417,2024-08-01,2025-10-06 10:52:08.72,17,11,0,0,0,1,1,1,0,0,1,0,1,0,0,1,0,0,0,0,0,0,1,0,0,0
CUS_0x8cfe,44934.45,3898.5375,9,10,19,8,35,20,27.58,130,3061.73,30.077058284975514,167.80224037777438,162.95824981661292,309.09325980561266,2024-08-01,2025-10-06 10:52:08.72,1,11,1,1,0,1,0,1,1,1,1,1,0,0,0,0,0,1,0,0,1,0,0,0,0,0
CUS_0x3f94,96943.47,8107.6225,0,5,4,0,15,12,6.62,40,304.31,36.17227470602536,175.87270771483497,181.63701440900974,693.2525278761552,2024-08-01,2025-10-06 10:52:08.72,27,6,1,0,0,0,0,0,1,0,1,0,1,0,0,1,0,0,0,0,0,1,0,0,0,0
CUS_0x5d8b,111456.21,9328.0175,1,7,7,3,4,8,4.91,40,317.32,36.36873275036481,154.3973902016557,199.78287643569303,828.6214833626514,2024-08-01,2025-10-06 10:52:08.72,30,4,0,1,0,0,0,0,0,1,1,0,1,0,0,1,0,0,0,0,1,0,0,0,0,0
CUS_0xa445,8406.375,944.53125,9,5,25,0,44,20,5.8,110,1853.17,36.50475433710295,44.00521091647023,63.532248119730866,256.9156659637989,2024-08-01,2025-10-06 10:52:08.72,17,8,1,1,1,0,1,0,1,1,1,1,0,0,0,0,0,1,0,0,0,0,0,0,1,0
CUS_0x29e9,56157.03,4437.710368200924,8,9,31,5,38,23,20.24,130,3403.79,23.37855035486248,537.5649697092157,186.921258672714,357.6311534171464,2024-08-01,2025-10-06 10:52:08.72,12,11,0,0,0,0,1,0,1,1,0,1,0,0,0,0,0,1,0,0,1,0,0,0,0,0
CUS_0x8702,19543.44,1592.62,8,5,15,7,37,24,25.57,160,3588.8,31.975894398491263,64.88541487610803,208.09503120899302,176.28155391489898,2024-08-01,2025-10-06 10:52:08.72,1,11,1,1,1,0,1,0,0,1,0,1,0,0,0,0,0,1,0,0,0,0,1,0,0,0
CUS_0x560d,15967.505,1474.6254166666663,3,5,7,2,3,2,13.99,20,447.66,29.96763301755899,16.52613638399649,185.0223373028167,235.91406797985343,2024-08-01,2025-10-06 10:52:08.72,31,6,0,0,0,0,0,0,0,1,1,0,1,0,0,1,0,0,0,0,0,0,1,0,0,0
CUS_0x5b7c,14179.49,1276.6241666666667,5,2,5,3,9,2,3.62,10,1362.09,35.823874893756425,21.898953960258087,45.4693658418984,350.2940968645102,2024-08-01,2025-10-06 10:52:08.72,31,0,0,1,0,1,0,1,0,0,0,0,1,0,0,1,0,0,0,0,0,0,1,0,0,0
CUS_0x728f,32663.41,2879.9508333333333,1,5,3,4,8,4,1.28,20,1067.3,36.43261913611677,55.40536573947087,337.12217202833665,185.46754556552588,2024-08-01,2025-10-06 10:52:08.72,16,11,1,0,0,1,1,0,1,0,0,0,1,0,0,1,0,0,0,0,0,0,1,0,0,0
CUS_0xbdee,144968.36,12066.696666666665,8,4,13,2,5,8,7.58,80,585.96,36.49145750873184,150.06560228296868,864.8327784628352,481.77128592086234,2024-08-01,2025-10-06 10:52:08.72,29,10,0,0,0,0,0,1,1,0,0,1,0,0,0,0,1,0,0,0,0,0,1,0,0,0
CUS_0xbfa0,39564.52,3355.5411421329554,1,6,1,1,6,4,1.7200000000000002,80,253.96,39.81138691667649,176.51842878395297,68.27173283905178,500.8163629107064,2024-08-01,2025-10-06 10:52:08.72,25,11,1,0,0,0,0,0,0,0,0,0,1,0,0,1,0,0,0,0,1,0,0,0,0,0
CUS_0x1572,83384.2,7080.6833333333325,3,9,24,3,27,11,15.14,90,2613.85,28.4555658590812,112.01041472425284,105.62448547960452,730.433433129476,2024-08-01,2025-10-06 10:52:08.72,12,6,0,0,0,1,0,1,0,0,1,1,0,0,0,0,1,0,0,0,0,1,0,0,0,0
CUS_0x2d5a,35247.02,2877.251666666666,9,7,27,2,49,22,9.12,70,1630.99,27.289476894769344,39.212006511625546,28.751440734948808,459.76171942009233,2024-08-01,2025-10-06 10:52:08.72,13,2,0,0,0,0,1,0,0,1,0,1,0,0,0,0,0,1,0,0,0,1,0,0,0,0
CUS_0x6a86,19632.01,1853.000833333333,7,5,3,4,14,8,6.4,1600,904.86,26.74986538948226,49.4692871727901,96.1723384940121,309.6584576665312,2024-08-01,2025-10-06 10:52:08.72,29,4,1,1,0,0,0,0,0,1,0,0,1,0,0,1,0,0,0,0,0,0,0,0,1,0
CUS_0x919a,25994.56,2349.2133333333336,5,5,12,1,16,20,7.53,50,1182.14,23.369178540358487,21.384872555945844,237.49215385999105,266.0443069173965,2024-08-01,2025-10-06 10:52:08.72,32,4,0,0,0,0,0,0,0,1,0,0,1,0,0,1,0,0,0,0,0,0,1,0,0,0
CUS_0x1638,32370.6,2862.55,7,10,32,5,59,24,6.03,110,3293.91,34.933903501309835,74.73802677777601,161.0101358019828,340.5068374202412,2024-08-01,2025-10-06 10:52:08.72,7,10,0,0,1,0,1,1,1,0,1,1,0,0,0,0,0,1,0,0,0,0,1,0,0,0
CUS_0x8e6e,13056.35,1177.0291666666667,5,6,18,1,18,15,10.39,50,562.05,27.48553558630199,8.140792415105551,93.22152388148176,306.34060037007936,2024-08-01,2025-10-06 10:52:08.72,27,9,0,0,0,1,0,0,0,0,0,1,0,0,0,0,1,0,0,0,0,0,1,0,0,0
CUS_0x713d,8717.04,499.5147590707393,8,3,18,4,12,13,10.74,100,2286.03,37.94002335149242,63.23082677889644,65.59170439596718,253.9247097543972,2024-08-01,2025-10-06 10:52:08.72,15,4,1,1,1,1,0,0,0,0,0,1,0,0,0,0,0,0,1,0,0,0,1,0,0,0
CUS_0x80b8,15928.75,1301.3958333333333,9,9,24,4,21,24,6.26,150,2240.56,31.96098113440132,20491.0,158.52014360933475,229.77276114776302,2024-08-01,2025-10-06 10:52:08.72,12,8,0,1,0,1,0,1,0,1,0,1,0,0,0,0,0,1,0,0,0,0,1,0,0,0
CUS_0xa261,16431.535,1431.294583333333,3,3,18,4,24,15,18.3,60,1461.64,30.56909863429455,49.679261205797175,180.924053603215,202.52614352432118,2024-08-01,2025-10-06 10:52:08.72,23,0,1,0,1,0,0,0,1,0,0,1,0,0,0,0,1,0,0,0,0,0,0,0,0,1
CUS_0x4037,92509.38,7876.115000000002,7,4,12,0,24,7,9.92,50,1167.56,33.05856736020973,0.0,246.72224675025242,790.8892532497478,2024-08-01,2025-10-06 10:52:08.72,18,0,0,0,0,0,0,0,0,0,0,0,1,0,0,1,0,0,0,0,1,0,0,0,0,0
CUS_0x55fb,60364.08,5045.34,7,6,24,0,16,7,19.47,80,1855.46,41.83685806759153,179.02928286779496,321.50105662037606,515.5963893755159,2024-08-01,2025-10-06 10:52:08.72,8,10,1,1,0,1,1,1,0,1,1,1,0,0,0,0,1,0,0,0,1,0,0,0,0,0
CUS_0xa394,19487.775,1784.98125,4,5,1,3,4,10,10.62,30,246.83,28.09954821629396,24.70283283950723,132.80666928387572,310.98862287661706,2024-08-01,2025-10-06 10:52:08.72,33,2,0,0,0,1,0,0,1,0,1,0,1,0,0,1,0,0,0,0,0,0,1,0,0,0
CUS_0x22d6,13506.895,1369.5745833333333,3,5,12,0,22,8,10.97,80,945.04,32.25993591463287,0.0,28.246994929541568,348.71046340379183,2024-08-01,2025-10-06 10:52:08.72,7,0,0,0,0,0,0,0,0,0,0,1,0,0,0,0,1,0,0,0,0,1,0,0,0,0
CUS_0x568,114867.4,9805.283333333333,8,3,13,1,12,10,15.16,10,719.93,32.46339429254302,95.21677347564412,91.93268813037764,1033.3788717273114,2024-08-01,2025-10-06 10:52:08.72,16,11,0,0,0,0,0,0,0,1,0,0,1,0,0,0,1,0,0,0,0,1,0,0,0,0
CUS_0x922d,100809.78,8439.815,4,5,12,3,5,18,19.15,90,640.78,27.77052420824352,219.7155671659586,202.24485650692563,662.0210763271158,2024-08-01,2025-10-06 10:52:08.72,10,11,0,1,1,0,0,1,0,0,0,1,0,0,0,0,0,0,1,0,0,1,0,0,0,0
CUS_0xbebc,18968.18,1557.6816666666666,7,7,8,3,24,8,10.55,70,1795.52,28.22843391592204,39.52509890436848,55.29208959675695,340.95097816554124,2024-08-01,2025-10-06 10:52:08.72,20,2,0,0,1,1,0,0,0,0,0,1,0,0,0,0,1,0,0,0,0,0,0,1,0,0
CUS_0x194f,29503.65,2309.6375000000007,5,5,14,3,4,12,1.09,20,329.02,38.03964782871467,50.982209993722016,136.65317733631414,303.3283626699639,2024-08-01,2025-10-06 10:52:08.72,21,6,0,0,1,0,1,0,1,0,0,0,1,0,0,0,1,0,0,1,0,0,0,0,0,0
CUS_0x535b,167922.52,14257.543333333331,4,3,4,0,5,6,7.06,40,426.24,31.33643762741084,0.0,391.71935814536516,1284.0349751879685,2024-08-01,2025-10-06 10:52:08.72,26,4,0,0,0,0,0,0,0,0,0,0,0,0,0,1,0,0,0,0,1,0,0,0,0,0
CUS_0x7478,26554.52,2114.8766666666666,4,3,20,3,25,11,9.72,25110,1114.46,32.02453753979732,62.165810455604856,73.09077580901075,238.42256711720356,2024-08-01,2025-10-06 10:52:08.72,8,2,0,0,0,0,0,0,1,0,1,1,0,0,0,0,0,0,1,0,0,0,0,0,1,0
CUS_0x2527,7567.595,809.6329166666667,10,5,20,5,45,21,22.65,110,4693.94,28.273108377036163,27.519588144245198,80.55481245256324,301.955135031222,2024-08-01,2025-10-06 10:52:08.72,13,3,0,0,0,1,1,1,1,0,0,1,0,0,0,0,0,1,0,0,0,0,0,1,0,0
CUS_0x9ad1,11586.145,1229.5120833333335,8,4,11,0,10,17,7.38,0,403.13,31.976051335195088,22.191086294212127,15.657366398307026,335.10275564081417,2024-08-01,2025-10-06 10:52:08.72,26,7,0,0,0,0,0,1,1,1,0,0,1,0,0,1,0,0,0,0,1,0,0,0,0,0
CUS_0xbd0b,17553.22,1343.7683333333334,9,5,22,2,20,16,9.45,60,2228.97,27.73877985828177,21.07132939836552,15.931238915498051,347.37426501946976,2024-08-01,2025-10-06 10:52:08.72,11,6,0,0,0,1,0,0,0,1,0,1,0,0,0,0,0,0,1,0,1,0,0,0,0,0
CUS_0x1890,20823.28,1473.273333333333,7,6,25,7,25,25,23.59,120,2634.7,31.43110659171338,85.86895831841197,99.05034938728384,252.40802562763756,2024-08-01,2025-10-06 10:52:08.72,2,10,1,1,0,0,0,1,0,0,1,1,0,0,0,0,0,0,1,0,0,0,0,0,0,1
CUS_0x7a34,83083.59,6681.6325,7,6,6,4,26,18,18.12,80,1100.84,39.41084894185958,276.836648555042,168.45814601811125,472.8684554268468,2024-08-01,2025-10-06 10:52:08.72,18,6,0,0,0,0,0,1,0,1,0,1,0,0,0,0,1,0,0,0,1,0,0,0,0,0
CUS_0x9395,102260.0,8580.666666666666,5,5,7,3,29,13,16.08,60,407.46,24.30390757342511,233.3445042913777,642.095248327658,262.62691404763086,2024-08-01,2025-10-06 10:52:08.72,26,9,1,0,1,0,0,0,0,1,0,1,0,0,0,0,1,0,0,0,0,0,0,1,0,0
CUS_0x4143,68056.4,5805.366666666666,8,9,24,5,32,23,7.74,140,2139.9,29.155097550658308,172.5034566981665,158.71922737749162,499.31398259100854,2024-08-01,2025-10-06 10:52:08.72,12,4,0,1,1,0,0,0,1,1,1,1,0,0,0,0,0,1,0,0,1,0,0,0,0,0
CUS_0x4904,67327.32,5551.6100000000015,5,3,7,3,24,8,18.25,70,495.02,39.05349876391817,125.01550766614294,10000.0,417.3422855593706,2024-08-01,2025-10-06 10:52:08.72,18,2,0,0,0,1,0,1,0,1,0,1,0,0,0,0,1,0,0,0,0,0,0,1,0,0
CUS_0x54bc,110116.64,9161.386666666667,7,5,9,438,24,16,7.57,30,324.69,33.848846914669444,202.92258396544105,785.1963775090128,198.0197051922131,2024-08-01,2025-10-06 10:52:08.72,32,3,0,1,0,0,0,1,0,1,0,0,1,0,0,0,1,0,0,0,0,0,0,0,1,0
CUS_0xa0be,17074.51,1426.875833333333,7,9,19,5,59,24,7.67,100,1598.4,35.76817452921088,60.96389058554212,10000.0,290.13455997650533,2024-08-01,2025-10-06 10:52:08.72,18,6,0,1,0,1,1,0,1,0,0,1,0,0,0,0,0,1,0,0,0,0,0,0,1,0
CUS_0x815,10445.48,656.4566666666666,8,10,32,7,28,19,9.2,80,1744.07,36.81168359263076,56.97684867406701,42.02189689136434,256.6469211012353,2024-08-01,2025-10-06 10:52:08.72,14,9,0,0,1,1,0,1,1,0,0,1,0,0,0,0,0,0,1,0,0,0,1,0,0,0
CUS_0x81b,68144.8,5738.733333333334,10,8,19,9,33,21,21.3,130,3320.25,40.94558967709048,257.889984367846,222.67734011638848,383.3060088490988,2024-08-01,2025-10-06 10:52:08.72,9,2,0,0,1,1,1,1,1,0,1,1,0,0,0,0,0,1,0,0,0,0,1,0,0,0
CUS_0x139b,29313.3,2151.775,4,5,1,3,0,4,5.95,70,341.96,28.1956160067984,52.21702036238042,128.96051975666418,293.99995988095543,2024-08-01,2025-10-06 10:52:08.72,32,5,0,0,1,0,1,0,1,0,0,0,1,0,0,1,0,0,0,1,0,0,0,0,0,0
CUS_0x682e,131701.12,10704.093333333332,6,7,774,2,14,14,9.97,90,1263.18,34.673455447737595,150.6129213020877,74.12440092638967,1085.672011104856,2024-08-01,2025-10-06 10:52:08.72,15,5,0,0,0,0,1,0,1,0,0,1,0,0,0,0,1,0,0,0,0,1,0,0,0,0
CUS_0x68d5,130402.88,10187.66736378553,4,5,7,1,4,6,12.81,30,943.72,36.7251749873986,686.9800417964929,502.2442544870173,782.805673264298,2024-08-01,2025-10-06 10:52:08.72,30,4,0,1,0,0,0,0,0,0,0,0,1,0,0,1,0,0,0,1,0,0,0,0,0,0
CUS_0xa55e,132314.44,10973.203333333331,1,3,854,4,12,5,11.0,30,39.53,33.1187874390346,363.87358063717767,349.9547034118058,633.4920492843497,2024-08-01,2025-10-06 10:52:08.72,24,2,0,0,1,0,1,1,0,0,0,0,1,0,0,1,0,0,0,0,1,0,0,0,0,0
CUS_0x1a3b,33082.87,2785.9058333333337,5,1194,12,4,17,16,18.4,120,576.44,31.15524780645956,78.16490662396734,69.03675398892828,371.3889227204377,2024-08-01,2025-10-06 10:52:08.72,19,4,0,0,1,1,0,0,1,1,0,1,0,0,0,0,1,0,0,0,0,1,0,0,0,0
CUS_0x66d,85840.34,7164.361666666668,1,5,1,3,1,3,2.32,10,270.42,26.545830348909984,172.05501179870532,190.667319142415,603.7138357255465,2024-08-01,2025-10-06 10:52:08.72,23,11,0,0,1,0,0,1,0,0,1,0,1,0,0,0,0,0,1,0,1,0,0,0,0,0
CUS_0xb59e,23317.74,2109.1450000000004,4,303,12,3,24,14,0.6,20,387.02,29.283439629693788,32.033127425141274,98.35473579804994,340.5266367768089,2024-08-01,2025-10-06 10:52:08.72,20,11,0,0,0,0,0,1,1,0,0,0,1,0,0,1,0,0,0,0,0,0,0,0,0,1
CUS_0xbaf2,8171.11,886.9258333333332,7,6,16,3,16,18,2.64,90,1739.92,39.02956606783883,14.568179654225531,30.193782905529922,333.93062077357786,2024-08-01,2025-10-06 10:52:08.72,12,9,0,0,0,1,0,1,0,0,0,1,0,0,0,0,0,1,0,0,0,0,1,0,0,0
CUS_0x337d,33768.99,2904.0825,5,4,5,0,2,2,6.0600000000000005,30,209.22,27.646017318683946,0.0,215.39231093562276,365.0159390643773,2024-08-01,2025-10-06 10:52:08.72,17,2,0,0,0,0,0,0,0,0,0,0,1,0,0,1,0,0,0,0,0,0,0,0,0,1
CUS_0x89c2,18128.1,1729.675,3,3,12,4,4,20,11.91,40,372.17,35.592627843991224,56.64915907446992,71.042548239359,295.2757926861711,2024-08-01,2025-10-06 10:52:08.72,21,8,0,1,0,0,0,0,1,0,1,1,0,0,0,0,1,0,0,0,1,0,0,0,0,0
CUS_0x89ff,30619.56,2704.63,5,7,16,6,10,20,17.12,60,711.08,25.61140572620335,137.79316663346685,97.21899689165966,325.4508364748736,2024-08-01,2025-10-06 10:52:08.72,12,11,1,0,1,1,0,1,0,0,0,1,0,0,0,0,1,0,0,0,0,0,1,0,0,0
CUS_0x8d40,82135.84,6699.653333333333,10,10,29,6,50,23,0.0,110,4606.81,38.043152685734256,214.8366986098016,503.843325605118,241.2853091184136,2024-08-01,2025-10-06 10:52:08.72,4,6,0,0,0,1,1,0,0,1,1,1,0,0,0,0,0,1,0,0,0,0,1,0,0,0
CUS_0xb80a,74319.32,6260.276666666668,7,10,34,9,42,22,26.23,160,3192.94,39.996386871087374,308.6833806565484,498.78131678287286,108.56296922724556,2024-08-01,2025-10-06 10:52:08.72,10,4,0,0,1,1,0,1,0,0,1,1,0,0,0,0,0,1,0,0,0,0,1,0,0,0
CUS_0x3069,64057.72,5082.143333333333,2,5,8,1,7,2,11.91,30,795.69,32.887124344899966,35.013700520833424,245.14072166300025,488.05991114949967,2024-08-01,2025-10-06 10:52:08.72,17,11,1,0,0,0,0,0,0,0,0,0,1,0,0,1,0,0,0,1,0,0,0,0,0,0
CUS_0x3f62,77594.48,6637.206666666666,10,10,29,4,27,13,19.04,110,1360.54,36.425294791589344,138.83440212177842,68.44290313691386,696.4433614079743,2024-08-01,2025-10-06 10:52:08.72,13,4,1,0,0,1,1,0,1,0,0,1,0,0,0,0,1,0,0,0,0,1,0,0,0,0
CUS_0x5234,107193.88,7925.785172294797,6,5,10,3,15,13,4.5,40,230.13,33.79279369803524,1066.9977841908787,212.01075532097215,652.4119548600188,2024-08-01,2025-10-06 10:52:08.72,28,4,0,1,0,0,1,0,0,0,0,0,1,0,0,1,0,0,0,0,1,0,0,0,0,0
CUS_0x958f,97907.04,7897.920000000001,8,7,8,5,7,13,19.48,60,666.25,30.774599598175893,353.6825177736628,174.338806469417,511.7706757569204,2024-08-01,2025-10-06 10:52:08.72,8,0,1,1,0,1,1,0,0,0,1,1,0,0,0,0,1,0,0,0,1,0,0,0,0,0
CUS_0x6e81,76324.68,6155.389999999999,6,5,34,6,33,23,2.24,100,2308.33,28.357038696133,280.4029271221032,84.3066009224721,500.82947195542465,2024-08-01,2025-10-06 10:52:08.72,10,6,0,1,0,1,0,0,0,1,0,1,0,0,0,0,0,1,0,0,1,0,0,0,0,0
CUS_0x864a,134810.13,10998.1775,5,7,6,2,2,1,10.54,90,744.97,31.00299069121527,199.8420984910315,207.1219273948547,952.8537241141136,2024-08-01,2025-10-06 10:52:08.72,32,8,0,1,0,0,0,0,0,1,0,0,1,0,0,1,0,0,0,1,0,0,0,0,0,0
CUS_0xa3f5,122782.95,10320.9125,1,6,3,3,8,8,1.18,70,304.27,32.06423870708901,210.2978746702373,350.87812141364486,720.915253916118,2024-08-01,2025-10-06 10:52:08.72,32,9,0,0,0,1,0,0,0,0,1,0,1,0,0,1,0,0,0,0,1,0,0,0,0,0
CUS_0x1bfd,19186.4,1645.8666666666668,6,10,24,4,34,15,11.98,110,1753.33,30.923764879468585,47.83430931263835,92.9706527229484,293.78170463107995,2024-08-01,2025-10-06 10:52:08.72,8,10,0,0,1,1,0,0,1,0,0,1,0,0,0,0,1,0,0,0,0,0,0,0,1,0
CUS_0x7270,24859.96,2045.6633333333327,4,7,12,3,10,11,11.02,20,407.48,29.26555078854351,59.01474298878972,24.04169241838581,371.50989792615786,2024-08-01,2025-10-06 10:52:08.72,28,3,0,1,0,0,1,0,0,0,1,0,1,0,0,0,1,0,0,0,1,0,0,0,0,0
CUS_0x2634,9127.26,991.605,7,9,26,2,37,25,1.65,170,1399.89,27.087294458460285,12.88116183701142,128.32598655476625,247.9533516082224,2024-08-01,2025-10-06 10:52:08.72,8,10,0,0,0,0,1,0,0,0,1,1,0,0,0,0,0,1,0,0,0,0,1,0,0,0
CUS_0x35e4,14453.63,1250.4691666666663,9,6,23,4,18,20,2.67,120,1298.38,37.29120916769766,36.85546966542952,113.90800735724936,264.28343964398783,2024-08-01,2025-10-06 10:52:08.72,13,9,1,0,0,1,0,1,0,1,0,1,0,0,0,0,0,1,0,0,0,0,1,0,0,0
CUS_0x39b2,81892.68,7112.389999999999,6,6,20,4,20,23,16.22,80,1933.98,24.02645205288946,198.16207632016895,296.1309375516976,506.94598612813337,2024-08-01,2025-10-06 10:52:08.72,10,9,0,1,0,0,1,0,0,0,1,1,0,0,0,0,0,0,1,0,0,0,1,0,0,0
CUS_0xbccc,9944.365,742.6970833333335,6,6,18,7,61,14,31.66,90,3905.9,32.20930598089241,43.987456380689686,24.705769605137107,275.57648234750656,2024-08-01,2025-10-06 10:52:08.72,5,5,1,0,1,1,1,1,1,0,0,1,0,0,0,0,0,1,0,0,0,0,0,0,1,0
CUS_0x1ed6,127706.55,10785.2125,2,5,6,0,0,5,9.92,20,790.87,32.907752145953985,0.0,845.769499145003,502.7517508549969,2024-08-01,2025-10-06 10:52:08.72,20,8,0,0,0,0,0,0,0,0,0,0,1,0,0,0,0,0,1,0,0,0,0,0,1,0
CUS_0x8a27,88556.58,7464.715,6,3,12,1,7,19,2.16,30,968.19,37.597589334449616,61.13806925788607,666.4906941552553,298.84273658685885,2024-08-01,2025-10-06 10:52:08.72,29,8,0,0,0,0,1,0,0,0,0,0,1,0,0,0,0,0,1,0,0,0,0,1,0,0
CUS_0x423c,26976.43,2525.035833333333,7,7,7,4,30,10,15.26,30,426.03,27.805116798374605,62.53029961087679,43.090150109853,396.8831336126036,2024-08-01,2025-10-06 10:52:08.72,25,4,1,0,0,1,1,0,0,1,0,1,0,0,0,0,0,0,1,0,1,0,0,0,0,0
CUS_0x9ba4,30931.16,2521.596666666667,4,7,15,6,15,14,14.41,100,775.33,39.4696686247499,81.4748102046393,163.35914617189744,277.3257102901299,2024-08-01,2025-10-06 10:52:08.72,16,8,1,0,1,0,1,0,1,0,1,1,0,0,0,0,1,0,0,0,0,0,0,0,1,0
CUS_0x2a45,8459.02,997.9183333333334,7,7,14,3,15,22,10.36,100,789.89,33.61806723971497,18.89415691962732,33.929658966480226,336.9680174472258,2024-08-01,2025-10-06 10:52:08.72,13,2,1,0,0,0,1,0,0,0,1,1,0,0,0,0,1,0,0,0,0,0,1,0,0,0
CUS_0xa1de,9662.195,885.1829166666665,6,7,6,5,7,17,12.25,80,656.57,35.47344894086251,29.54006209286787,57.571222266358454,291.4070073074404,2024-08-01,2025-10-06 10:52:08.72,12,11,0,0,0,1,0,0,1,1,1,1,0,0,0,0,1,0,0,0,0,0,1,0,0,0
CUS_0xbc5b,109323.4,9180.283333333333,5,3,10,4,8,15,10.02,70,365.39,40.27562533548068,241.9924954035534,322.91087460935336,603.1249633204267,2024-08-01,2025-10-06 10:52:08.72,27,9,0,1,0,0,1,0,1,0,1,1,0,0,0,0,1,0,0,0,1,0,0,0,0,0
CUS_0xb039,33461.24,2695.4366666666665,5,6,17,2,13,20,5.84,10,1048.02,27.438026478988927,54.23729636468887,311.6746097782513,193.63176052372654,2024-08-01,2025-10-06 10:52:08.72,20,9,0,0,1,0,0,0,0,1,0,1,0,0,0,0,1,0,0,0,0,0,1,0,0,0
CUS_0x3c39,7829.225,560.4354166666667,9,6,34,9,37,13,11.22,70,4579.09,24.833762041194557,37.73561457023335,20.99778961526349,277.3101374811698,2024-08-01,2025-10-06 10:52:08.72,0,8,1,1,1,1,0,0,1,0,0,1,0,0,0,0,0,1,0,0,0,0,0,1,0,0
CUS_0x7ec9,171126.04,14431.503333333336,1,3,6,2,13,13,5.8,30,1190.13,33.4968441558604,192.68719318359925,1210.662316510986,319.80082363874834,2024-08-01,2025-10-06 10:52:08.72,17,10,1,0,0,0,1,0,0,0,0,0,1,0,0,1,0,0,0,0,0,0,0,1,0,0
CUS_0x95b1,161710.32,13555.86,0,7,5,1,7,12,1.76,40,387.63,41.46353807486445,102.96539368982214,337.4940483008987,1155.1265580092795,2024-08-01,2025-10-06 10:52:08.72,20,3,0,0,0,0,1,0,0,0,0,0,1,0,0,0,0,0,1,0,0,1,0,0,0,0
CUS_0x7b9d,16229.86,1216.4883333333337,7,5,28,6,48,25,19.58,90,3138.55,26.86381719531853,64.06840948225809,148.81375392605958,198.7666699250157,2024-08-01,2025-10-06 10:52:08.72,11,2,0,0,1,1,1,0,1,0,0,0,0,0,0,0,0,0,1,0,0,0,1,0,0,0
CUS_0x88f4,7905.96,683.83,8,8,16,7,36,15,9.36,110,2011.53,25.67898438026572,33.32043859314186,40.302372279189385,284.76018912766875,2024-08-01,2025-10-06 10:52:08.72,8,8,0,1,1,0,1,1,1,1,1,1,0,0,0,0,0,0,1,0,0,0,1,0,0,0
CUS_0x8985,7299.77,674.3141666666667,7,7,25,2,44,22,12.75,80,1775.52,36.39061680233247,10.176289165521014,45.742961481736714,301.51216601940894,2024-08-01,2025-10-06 10:52:08.72,5,10,0,0,0,0,0,1,0,1,0,1,0,0,0,0,0,1,0,0,0,0,1,0,0,0
CUS_0x8b8b,80402.72,6780.2266666666665,9,8,25,5,19,25,25.25,160,3167.0,35.87668496391381,178.60066030636642,10000.0,582.7471413308564,2024-08-01,2025-10-06 10:52:08.72,6,0,0,1,0,1,0,0,1,1,1,1,0,0,0,0,0,1,0,0,0,1,0,0,0,0
CUS_0x1274,49070.94,4128.245000000001,8,4,4041,3,13,17,12.81,80,1800.41,28.695714048288423,72.73879851964888,330.05138747175704,300.03431400859415,2024-08-01,2025-10-06 10:52:08.72,5,11,0,0,0,0,0,1,0,1,0,0,0,0,0,0,1,0,0,0,0,0,1,0,0,0
CUS_0x22b1,64692.9,5357.775057931319,1,3,12,0,14,10,1.03,30,1267.96,39.8610532084524,285.29994206868105,113.78468104232742,710.5228189576726,2024-08-01,2025-10-06 10:52:08.72,15,11,0,0,0,0,0,0,0,0,0,0,1,0,0,1,0,0,0,1,0,0,0,0,0,0
CUS_0x564a,30502.54,2595.8783333333336,8,7,24,7,25,20,13.23,80,1672.68,37.61101214370715,154.3933582633662,215.38279703987598,179.81167803009117,2024-08-01,2025-10-06 10:52:08.72,15,0,1,1,1,1,1,1,0,0,0,1,0,0,0,0,1,0,0,0,0,0,1,0,0,0
CUS_0x6a1d,50643.18000000001,4465.265,9,7,34,8,48,20,7.81,160,1513.28,26.62888006789636,217.43057422533448,49.82804157955012,419.2678841951154,2024-08-01,2025-10-06 10:52:08.72,10,11,1,1,0,1,0,0,0,0,1,1,0,0,0,0,0,1,0,0,0,0,0,0,0,1
CUS_0xc68,15334.13,1462.8441666666663,7,9,30,3,32,17,6.8,110,2339.82,34.743677155764104,19.401181932229143,124.95081612168558,281.93241861275186,2024-08-01,2025-10-06 10:52:08.72,13,8,0,0,0,0,1,1,0,1,0,1,0,0,0,0,0,0,1,0,0,0,0,1,0,0
CUS_0x2c98,19936.4,1404.3666666666668,4,6,6,0,13,17,7.62,50,1342.68,30.16057614424373,0.0,56.32759799510232,374.1090686715644,2024-08-01,2025-10-06 10:52:08.72,32,8,0,0,0,0,0,0,0,0,0,0,1,0,0,0,1,0,0,0,0,0,0,0,0,1
CUS_0xb38a,31392.94,2782.078333333333,1,1,5,3,9,8,8.02,0,1493.17,23.57396828030114,47.6981276707161,137.96286329459969,352.5468423680177,2024-08-01,2025-10-06 10:52:08.72,26,0,0,1,0,1,0,1,0,0,0,0,1,0,0,1,0,0,0,1,0,0,0,0,0,0
CUS_0x1a96,28681.38,2127.115,3,5,2,0,2,5,4.82,40,467.64,32.00410689909755,0.0,161.8166084076109,335.13141526915086,2024-08-01,2025-10-06 10:52:08.72,19,6,0,0,0,0,0,0,0,0,0,0,1,0,0,1,0,0,0,0,0,0,0,0,0,1
CUS_0x32b1,16718.08,1617.1733333333334,8,10,25,5,61,20,23.03,60,2931.99,33.372297968905194,41.40894222721517,116.66050967682285,293.6478814292953,2024-08-01,2025-10-06 10:52:08.72,8,10,1,0,0,0,0,1,0,1,1,1,0,0,0,0,0,1,0,0,0,0,1,0,0,0
CUS_0x2ae8,132273.75,10800.8125,5,4,4,2,1,5,6.46,40,827.64,25.17481483823096,144.70131218682718,1086.2305232035844,129.14941460958835,2024-08-01,2025-10-06 10:52:08.72,25,8,1,0,0,0,0,0,0,0,1,0,1,0,0,1,0,0,0,0,0,0,0,1,0,0
CUS_0x4315,36822.29,3132.524166666666,8,7,6,4,15,19,5.79,50,125.25,39.05658586366771,95.8007129241996,251.98341141434074,245.46829232812638,2024-08-01,2025-10-06 10:52:08.72,25,3,0,0,1,1,1,0,1,0,0,0,1,0,0,0,1,0,0,0,0,0,0,1,0,0
CUS_0x4f70,106770.21,9132.5175,5,5,10,1,19,1,1.28,10,1286.15,31.36357095019635,56.01355898130086,484.04975309925004,633.1884379194491,2024-08-01,2025-10-06 10:52:08.72,18,10,0,1,0,0,0,0,0,0,0,0,0,0,0,1,0,0,0,1,0,0,0,0,0,0
CUS_0x5f06,8835.54,706.2950000000002,4,6,29,7,6,14,19.33,80,1961.73,30.89088672462418,40.038258959731685,58.767822620282075,251.82341841998627,2024-08-01,2025-10-06 10:52:08.72,6,8,1,1,0,0,1,1,1,0,0,1,0,0,0,0,1,0,0,0,0,0,0,1,0,0
CUS_0x8cc8,124564.6,10207.383333333331,3,4,6,7,8,19,11.63,50,849.21,35.85460852823537,472.5923674852065,87.16885593702757,700.9771099110994,2024-08-01,2025-10-06 10:52:08.72,13,3,0,1,1,0,0,0,1,1,1,1,0,0,0,0,1,0,0,0,0,1,0,0,0,0
CUS_0x86f4,59923.89,4783.6575,10,10,15,2,52,14,15.47,110,2497.36,28.858330819491357,94.81682821140716,195.41851316058597,458.130408628007,2024-08-01,2025-10-06 10:52:08.72,18,8,0,0,0,0,1,0,0,1,0,1,0,0,0,0,0,0,1,0,0,0,0,0,1,0
CUS_0x387a,18707.73,1751.9775,10,9,28,4,61,18,13.48,80,1362.32,41.3998359534172,32384.0,16.585025845094734,340.42739022734776,2024-08-01,2025-10-06 10:52:08.72,19,5,0,0,0,1,1,0,0,0,0,0,0,0,0,0,0,1,0,0,0,1,0,0,0,0
CUS_0x84be,20802.77,1487.5641666666668,6,7,7,4,25,19,11.2,80,2404.81,23.859829691258888,73709.0,44.37485742451325,326.88193011287046,2024-08-01,2025-10-06 10:52:08.72,13,4,0,0,0,1,0,1,0,0,1,1,0,0,0,0,1,0,0,0,0,0,0,0,1,0
CUS_0x68cc,57197.04,4668.42,5,3,11,0,27,11,11.36,30,1278.85,31.810827319680943,0.0,464.19111497098663,292.65088502901347,2024-08-01,2025-10-06 10:52:08.72,28,5,0,0,0,0,0,0,0,0,0,0,0,0,0,0,1,0,0,0,0,0,1,0,0,0
CUS_0xbc04,70361.76,5657.48,4,6,18,4,9,18,17.48,70,2171.51,27.44980181574852,132.06058390304173,491.0179274794074,232.66948861755085,2024-08-01,2025-10-06 10:52:08.72,10,2,1,0,0,1,0,1,1,0,0,1,0,0,0,0,1,0,0,0,0,0,1,0,0,0
CUS_0x3f27,42731.27,3300.939166666666,0,4,1,2,9,0,5.2,10,511.85,37.87175712602487,50.85101407166152,96.21187635246142,368.0191741498172,2024-08-01,2025-10-06 10:52:08.72,24,8,1,0,0,0,0,0,1,0,0,0,1,0,0,1,0,0,0,1,0,0,0,0,0,0
CUS_0x3fcd,19135.06,1662.5883333333334,6,6,29,8,40,21,20.43,140,4188.88,33.79179579116386,95.28729029552044,54.28968642867649,276.6818566091364,2024-08-01,2025-10-06 10:52:08.72,8,5,0,1,0,1,0,1,1,1,1,1,0,0,0,0,0,1,0,1,0,0,0,0,0,0
CUS_0x6dc3,34980.21,2616.0175,5,7,18,4,33,8,7.97,30,937.32,29.32021478799802,66.79673202036416,163.75676298847574,311.04825499116004,2024-08-01,2025-10-06 10:52:08.72,26,8,1,0,0,1,0,0,1,0,1,0,1,0,0,0,1,0,0,0,0,0,0,1,0,0
CUS_0xbb93,20975.39,1572.9491666666663,0,1,6,3,12,8,0.64,30,771.16,41.13921018787804,47.1150998131264,178.99046628354884,221.1893505699914,2024-08-01,2025-10-06 10:52:08.72,27,2,0,0,1,1,0,0,1,0,0,0,1,0,0,1,0,0,0,0,0,0,1,0,0,0
CUS_0xa7c7,65523.04,5629.253333333332,7,5,7,3,14,10,2.9499999999999997,80,422.57,33.84668425196771,154.57584252212783,159.84508306346345,508.50440774774216,2024-08-01,2025-10-06 10:52:08.72,6,0,1,0,0,0,1,0,0,0,1,1,0,0,0,0,1,0,0,1,0,0,0,0,0,0
CUS_0x844b,22195.605,2021.63375,0,4,4,0,7,8,3.61,60,1378.67,29.02281258147457,0.0,59.12068388042631,413.04269111957365,2024-08-01,2025-10-06 10:52:08.72,18,11,0,0,0,0,0,0,0,0,0,0,1,0,0,1,0,0,0,0,0,0,0,0,1,0
CUS_0xc0ab,88640.24,7266.686666666667,3,6,1,2,0,2,3.51,30,950.36,30.87079911079545,135.17337097171767,98.44195128223792,733.0533444127112,2024-08-01,2025-10-06 10:52:08.72,26,0,0,0,0,0,0,0,0,1,0,0,1,0,0,1,0,0,0,0,0,1,0,0,0,0
CUS_0x5627,34366.0,2831.833333333333,2,4,8,2,2,11,0.0,50,701.41,31.625299080948967,44.931902356541656,77.69798414556709,420.5534468312246,2024-08-01,2025-10-06 10:52:08.72,32,3,0,0,0,0,0,1,0,1,0,0,0,0,0,1,0,0,0,1,0,0,0,0,0,0
CUS_0x7cc1,51411.1,4178.258333333333,2,4,12,3,29,20,7.7,40,404.88,37.74882054945932,113.67192620498898,341.5627087629525,242.59119836539185,2024-08-01,2025-10-06 10:52:08.72,19,3,0,0,1,0,1,0,1,0,0,1,0,0,0,0,1,0,0,0,0,0,0,1,0,0
CUS_0x8348,58089.39,4835.7825,8,6,25,7,24,23,17.55,120,2504.72,26.13161028457409,311.98482177491525,165.74843506641554,285.84499315866924,2024-08-01,2025-10-06 10:52:08.72,1,8,1,1,0,1,0,0,0,1,1,1,0,0,0,0,0,0,1,0,0,0,0,1,0,0
CUS_0x5189,20591.2,1630.4419322358106,4,3,19,3,8,9,12.56,2850,438.75,35.989857786440275,193.6847949792064,99.01610355677944,287.0838358948705,2024-08-01,2025-10-06 10:52:08.72,8,10,0,0,1,0,0,0,0,1,1,1,0,0,0,0,1,0,0,1,0,0,0,0,0,0
CUS_0x70ea,14679.83,1183.319166666667,10,10,18,6,24,17,13.88,80,1784.88,27.604956421209053,71.2976375186154,51.021752964450464,286.0125261836008,2024-08-01,2025-10-06 10:52:08.72,8,5,0,0,0,0,1,1,0,0,0,1,0,0,0,0,0,1,0,0,0,0,1,0,0,0
CUS_0xa1a2,40207.94,3068.661666666667,7,5,26,6,27,19,5.07,140,1914.22,30.620643004673823,159.6921422129592,160.91670456029718,276.2573198934104,2024-08-01,2025-10-06 10:52:08.72,14,0,0,1,0,0,1,1,1,0,1,1,0,0,0,0,0,1,0,0,0,0,1,0,0,0
CUS_0x2449,43581.71,3679.8091666666655,0,4,8,4,0,12,10.46,70,110.71,29.94098650572247,141.26015785581012,122.3864614616668,384.33429734918974,2024-08-01,2025-10-06 10:52:08.72,17,5,1,0,0,0,1,1,0,0,0,0,1,0,0,1,0,0,0,0,0,0,0,1,0,0
CUS_0x68da,132427.86000000002,10877.655,1,5,5,2,6,1,2.85,20,1331.57,39.90746759591176,164.610509880338,339.67341400844526,833.481576111217,2024-08-01,2025-10-06 10:52:08.72,31,4,0,0,0,0,0,0,1,0,1,0,1,0,0,0,0,0,1,0,0,0,0,0,0,1
CUS_0x6f7d,78839.48,6358.956666666666,7,4,3510,0,26,16,4.21,50,1041.42,42.91540888992168,39.35327287784872,96.92725236512275,739.615141423695,2024-08-01,2025-10-06 10:52:08.72,32,10,1,0,0,0,0,0,0,0,0,1,0,0,0,0,0,0,1,0,0,1,0,0,0,0
CUS_0x122c,36346.13,3188.8441666666663,8,6,11,3,21,15,10.54,40,1252.46,28.06670356275372,89.06155404212532,110.50970251432872,369.3131601102126,2024-08-01,2025-10-06 10:52:08.72,22,2,0,1,1,0,0,0,1,0,0,0,0,0,0,1,0,0,0,0,1,0,0,0,0,0
CUS_0x84f5,81462.18000000001,7048.515,6,7,19,4,14,14,10.66,80,1200.63,25.6105432604536,165.81886035138953,345.9886896533359,473.04394999527466,2024-08-01,2025-10-06 10:52:08.72,31,6,0,0,0,1,0,1,1,0,1,1,0,0,0,0,1,0,0,0,0,0,0,1,0,0
CUS_0x11ac,69136.54,5902.378333333332,3,4,14,0,14,18,7.18,30,478.85,32.103163720187204,0.0,435.93700154823983,444.30083178509364,2024-08-01,2025-10-06 10:52:08.72,17,5,0,0,0,0,0,0,0,0,0,1,0,0,0,0,1,0,0,0,0,0,1,0,0,0
CUS_0x3b90,16413.23,1262.7691666666667,6,10,31,6,54,25,0.0,80,2547.35,28.89167739561008,74.16018018203783,75.35582693578941,266.76090954883944,2024-08-01,2025-10-06 10:52:08.72,12,10,0,0,1,1,0,0,1,1,0,1,0,0,0,0,0,1,0,0,0,0,1,0,0,0
CUS_0x4e97,82929.96,6872.830000000001,1,7,6,1,0,9,7.35,20,735.59,33.979456674755085,68.5168685823435,180.3450262486061,718.4211051690504,2024-08-01,2025-10-06 10:52:08.72,25,5,0,0,0,1,0,0,0,0,0,0,1,0,0,1,0,0,0,0,0,0,0,1,0,0
CUS_0x5bd8,24436.53,1881.3775,8,6,1,1,19,17,4.77,10,568.82,24.718603813954097,10.984017019383463,10000.0,385.47306970161765,2024-08-01,2025-10-06 10:52:08.72,31,8,1,0,0,0,0,0,0,0,0,0,1,0,0,0,1,0,0,0,0,1,0,0,0,0
CUS_0x67c8,36875.14,2845.9283333333333,6,4,13,4,26,16,18.42,30,473.6,28.84302427534521,109.89438706610116,183.43036042929225,281.2680858379399,2024-08-01,2025-10-06 10:52:08.72,16,3,1,0,0,1,1,0,0,1,0,1,0,0,0,0,1,0,0,0,0,0,1,0,0,0
CUS_0x4e89,34087.65,2900.6375000000007,5,3,8,3,29,12,17.7,90,720.66,35.61381092568673,83.61486442200996,81.63514434401439,384.8137412339757,2024-08-01,2025-10-06 10:52:08.72,19,5,1,0,0,1,0,0,0,1,0,1,0,0,0,0,0,0,1,1,0,0,0,0,0,0
CUS_0x66d6,36446.26,2923.188333333333,4,5,8,0,16,9,11.67,0,334.38,33.415587563155235,0.0,105.87569478761091,446.4431385457225,2024-08-01,2025-10-06 10:52:08.72,17,3,0,0,0,0,0,0,0,0,0,0,1,0,0,1,0,0,0,1,0,0,0,0,0,0
CUS_0xb37c,76249.74,6299.145,3,3,6,6,6,8,17.03,100,632.88,26.94205603171368,334.5889798240583,297.44289576014165,257.8826244158002,2024-08-01,2025-10-06 10:52:08.72,13,3,0,1,1,0,0,0,0,1,0,1,0,0,0,0,1,0,0,1,0,0,0,0,0,0
CUS_0xbdbf,35124.99,2937.0825,1430,1,10,4,16,11,9.52,40,384.22,31.35077822104502,106.8964638450093,242.56314542003025,234.24864073496053,2024-08-01,2025-10-06 10:52:08.72,18,4,0,0,0,1,0,1,0,1,0,0,1,0,0,1,0,0,0,0,0,0,1,0,0,0
CUS_0x3a3a,32972.8,2836.7333333333336,6,3,8,0,10,14,11.01,70,390.41,27.310937135234685,0.0,94.77685372737734,458.89647960595596,2024-08-01,2025-10-06 10:52:08.72,23,5,0,0,0,0,0,0,0,0,0,1,0,0,0,0,1,0,0,0,0,0,0,0,0,1
CUS_0x5569,101565.68,8435.806666666665,4,7,12,4,12,16,2.39,30,825.71,33.84710452875541,181.46254267865257,182.55785800364586,719.5602659843682,2024-08-01,2025-10-06 10:52:08.72,19,10,1,1,0,1,0,0,0,1,0,0,0,0,0,0,0,0,1,0,0,1,0,0,0,0
CUS_0x77ff,61211.96,4858.996666666667,7,9,25,7,45,17,20.12,70,3012.94,37.00407928212249,200.32028372350987,154.29147184047338,401.28791110268344,2024-08-01,2025-10-06 10:52:08.72,9,4,1,1,0,0,1,0,0,1,1,1,0,0,0,0,0,1,0,0,0,0,0,0,1,0
CUS_0xb52d,14241.48,1466.4867077223732,8,8,29,6,58,23,6.74,160,1596.22,27.13216629586191,67.84022185674678,167.67264262918152,201.469427791698,2024-08-01,2025-10-06 10:52:08.72,9,10,0,1,1,0,1,0,1,0,1,1,0,0,0,0,0,1,0,0,0,0,1,0,0,0
CUS_0x6191,20171.07,1962.9225,9,7,26,7,30,27,17.81,120,2789.42,37.631086385226325,72.12381186062383,114.44819725327193,299.72024088610425,2024-08-01,2025-10-06 10:52:08.72,3,9,0,1,0,1,0,0,0,1,1,1,0,0,0,0,0,1,0,0,0,0,1,0,0,0
CUS_0x65d9,8291.51,961.9591666666664,6,9,15,8,29,19,0.9,120,2511.39,27.699667557103528,43.228810930763366,0.0,284.1213848969985,2024-08-01,2025-10-06 10:52:08.72,12,0,1,1,0,0,1,1,0,1,1,1,0,0,0,0,0,1,0,0,0,1,0,0,0,0
CUS_0xadcf,29227.64,2566.6366666666668,8,6,17,7,25,26,0.0,150,3883.25,37.63558635011989,114.1907587743658,145.18188045996078,287.2910274323401,2024-08-01,2025-10-06 10:52:08.72,2,8,1,0,0,1,0,0,1,1,1,1,0,0,0,0,0,1,0,0,0,0,1,0,0,0
CUS_0xbc7d,52338.56999999999,4451.5475,6,434,22,0,32,18,24.07,110,3517.04,25.76308200999496,150.59774291636447,125.33359053847794,419.22341654515765,2024-08-01,2025-10-06 10:52:08.72,11,11,0,1,1,1,1,0,0,1,0,1,0,0,0,0,0,0,1,0,1,0,0,0,0,0
CUS_0x3afb,124782.2,10123.516666666666,5,3,1,1,17,9,11.49,20,1218.72,44.84646313530135,61.04176845078267,116.03893896366309,1075.270959252221,2024-08-01,2025-10-06 10:52:08.72,30,8,0,0,0,0,0,0,1,0,0,0,1,0,0,0,0,0,1,0,0,1,0,0,0,0
CUS_0x6cd4,27265.17,2101.6533190607497,3,6,1010,0,28,10,1.08,20,474.37,25.32293512937456,309.44418093924986,159.1037798635675,372.0059701364325,2024-08-01,2025-10-06 10:52:08.72,32,6,0,0,0,0,0,0,0,0,0,1,0,0,0,0,0,0,1,0,0,0,1,0,0,0
CUS_0x708e,97168.2,8002.350000000001,7,6,8,0,25,17,8.54,40,1226.83,42.390626156278,95.99393136582697,114.34685889401302,801.6267734238696,2024-08-01,2025-10-06 10:52:08.72,16,2,0,0,0,1,0,1,0,0,0,1,0,0,0,0,1,0,0,0,0,1,0,0,0,0
CUS_0x31f8,10394.805,1038.23375,196,4,8,1,22,17,1.82,30,139.11,29.951011898266373,5.249273270251965,94.14397429296751,294.43012743678054,2024-08-01,2025-10-06 10:52:08.72,20,3,0,1,0,0,0,0,0,0,0,0,1,0,0,0,0,0,1,0,0,0,1,0,0,0
CUS_0x8535,12766.425,1206.86875,3,4,13,87,11,16,10.31,0,1415.51,35.97854337997305,27.97205372495192,50.91982565024602,331.794995624802,2024-08-01,2025-10-06 10:52:08.72,31,6,1,0,1,0,0,0,1,0,0,1,0,0,0,0,1,0,0,0,0,0,1,0,0,0
CUS_0x94ef,15950.43,1127.2025,9,10,22,5,34,18,26.98,110,2708.73,26.838236813747763,42.56064524898514,69.51881893968377,290.6407858113311,2024-08-01,2025-10-06 10:52:08.72,9,1,0,1,1,1,1,0,1,0,0,0,0,0,0,0,0,1,0,0,0,0,1,0,0,0
CUS_0xc125,91869.45,7426.787500000001,5,4,8,3,13,7,11.27,20,135.37,27.43578390384569,168.1982894003574,650.2947665199142,204.1856940797286,2024-08-01,2025-10-06 10:52:08.72,31,2,1,0,1,0,0,0,0,0,0,0,1,0,0,1,0,0,0,0,0,0,0,1,0,0
CUS_0x7c8c,43592.45,3758.7041666666655,2,3,2,3,0,2,1.5300000000000002,30,793.39,31.07522010791842,95.88607790376926,103.52244259753435,456.4618961653631,2024-08-01,2025-10-06 10:52:08.72,32,10,1,0,0,1,0,1,0,0,0,0,1,0,0,1,0,0,0,0,0,0,0,1,0,0
CUS_0x9a9a,22609.45,2102.120833333333,6,7,15,3,24,15,9.62,30,1065.82,38.222271232076224,50.76744810586004,100.83904661159329,318.60558861588004,2024-08-01,2025-10-06 10:52:08.72,33,3,1,0,0,0,0,0,1,0,1,1,0,0,0,0,0,0,1,0,0,0,0,0,0,1
CUS_0xb904,46092.27,4134.022500000001,7,5,27,4,23,20,4.92,160,1509.72,24.74973118332959,114.31067068490866,169.19048288631745,379.90109642877405,2024-08-01,2025-10-06 10:52:08.72,13,9,1,0,0,0,1,0,0,1,0,1,0,0,0,0,0,0,1,0,1,0,0,0,0,0
CUS_0x10c5,158623.16,13180.596666666665,2,7,10,1,10,5,6.04,0,1134.83,41.7968001237713,91.03390497961712,282.71868909757717,1194.3070725894725,2024-08-01,2025-10-06 10:52:08.72,30,2,0,0,0,0,0,0,0,1,0,0,1,0,0,1,0,0,0,0,1,0,0,0,0,0
CUS_0x5e05,29283.91,2380.3258333333333,3,5,8,2,17,4,12.33,20,309.61,27.58653662303381,36.20844627352849,187.92391257805767,338.44248185877564,2024-08-01,2025-10-06 10:52:08.72,31,3,1,0,0,0,1,0,0,0,0,0,1,0,0,0,0,0,1,0,0,0,0,1,0,0
CUS_0x6596,124885.11000000002,10127.0925,3,6,1,1,11,15,10.41,0,935.74,33.1690901696542,73.82316214852673,859.8597671798299,359.02632067164353,2024-08-01,2025-10-06 10:52:08.72,30,10,0,0,0,0,1,0,0,0,0,0,1,0,0,1,0,0,0,0,0,0,0,1,0,0
CUS_0x9515,56985.9,4700.825,9,8,20,7,51,18,18.74,150,1850.68,23.94651124222959,195.4975121996544,118.09655372343408,396.48843407691163,2024-08-01,2025-10-06 10:52:08.72,6,8,0,1,0,0,1,1,1,1,0,1,0,0,0,0,1,0,0,0,0,1,0,0,0,0
CUS_0x3092,125415.96,10271.33,2,3,3,3,19,12,8.04,10,1145.71,39.1390314942979,285.4413433689288,135.8390617945096,845.8525948365617,2024-08-01,2025-10-06 10:52:08.72,33,5,0,1,0,1,0,0,0,0,0,0,1,0,0,1,0,0,0,0,0,1,0,0,0,0
CUS_0x44b0,36823.24,2977.603333333333,6,7,17,4,18,18,14.2,40,772.35,37.323689046186274,109.07489596996156,70.09068592441672,368.59475143895514,2024-08-01,2025-10-06 10:52:08.72,19,4,0,0,1,0,0,1,1,0,0,1,0,0,0,0,1,0,0,0,1,0,0,0,0,0
CUS_0x4c64,39057.08,3502.7566666666667,0,5,10,4,7,2,2.99,40,359.21,27.95677577744678,108.119675213198,10000.0,356.5538213367685,2024-08-01,2025-10-06 10:52:08.72,33,8,0,1,1,0,0,0,1,1,0,0,0,0,0,1,0,0,0,0,0,0,0,0,1,0
CUS_0x8000,16970.75,1685.229166666667,1747,7,7,2,27,18,11.9,100,2360.67,37.442495184077366,26.94751216779543,145.13982269580794,276.4355818030633,2024-08-01,2025-10-06 10:52:08.72,10,9,0,0,0,0,0,0,0,1,1,1,0,0,0,0,1,0,0,0,0,0,0,1,0,0
CUS_0x93bc,16596.385,1659.032083333333,8,5,8,4,25,13,9.98,30,1411.25,32.57450142619469,35.644491326223346,191.72492718901955,228.53378981809044,2024-08-01,2025-10-06 10:52:08.72,18,9,0,0,1,0,0,1,0,0,0,1,0,0,0,0,1,0,0,0,0,0,1,0,0,0
CUS_0x9e5,97414.8,8134.899999999999,8,3,12,2,12,9,10.2,30,496.4,38.27654568151407,84.63705086891575,95.70067337114052,873.1522757599437,2024-08-01,2025-10-06 10:52:08.72,19,9,0,1,0,0,1,0,0,0,0,0,0,0,0,0,1,0,0,0,0,1,0,0,0,0
CUS_0xc675,73884.6,6255.05,6,870,30,7,52,15,5.71,120,2083.28,40.90858923707653,349.0994939124453,113.55751097410207,402.8479951134527,2024-08-01,2025-10-06 10:52:08.72,9,9,1,1,0,0,0,0,0,1,0,1,0,0,0,0,0,1,0,0,0,1,0,0,0,0
CUS_0x6c99,9582.025,1022.5020833333332,5,7,7,2,8,13,5.49,10,820.12,26.52395585812037,8.129068767166897,80.89999982431983,293.22113974184657,2024-08-01,2025-10-06 10:52:08.72,33,4,0,0,0,1,0,0,0,1,0,0,1,0,0,1,0,0,0,0,0,0,0,1,0,0
CUS_0x2869,82146.63,6770.552500000002,5,3,6,3,17,9,2.46,50,804.62,39.45970293489561,128.29307507875444,374.25205473424745,454.5101201869982,2024-08-01,2025-10-06 10:52:08.72,29,6,0,1,0,1,0,1,0,0,0,0,1,0,0,1,0,0,0,0,0,0,0,1,0,0
CUS_0x384c,9841.34,690.1116666666667,8,9,31,5,61,15,29.52,100,4984.82,37.82197102652432,36.67512791916932,20.40645221387888,271.92958653361853,2024-08-01,2025-10-06 10:52:08.72,5,0,0,1,0,1,0,0,0,1,1,1,0,0,0,0,0,0,1,1,0,0,0,0,0,0
CUS_0x8aa6,30635.83,2714.9858333333336,3,5,13,4,20,14,5.29,0,349.58,38.65095562468546,88.41637293544753,187.68833231276662,285.39387808511924,2024-08-01,2025-10-06 10:52:08.72,27,8,0,1,0,0,0,1,0,1,1,0,1,0,0,0,1,0,0,0,0,0,1,0,0,0
CUS_0x9771,29038.58,2382.8816666666667,8,4,12,7,18,20,15.24,60,1583.12,23.712682494795928,110.9417045516498,81.86015563461874,315.4863064803982,2024-08-01,2025-10-06 10:52:08.72,20,5,0,0,1,1,1,0,1,1,1,1,0,0,0,0,1,0,0,0,0,0,0,0,1,0
CUS_0xaab7,103744.83,8398.4025,6,6,18,3,28,17,0.78,60,484.98,34.434772221564245,160.97039103776072,420.9802867631874,527.8895721990519,2024-08-01,2025-10-06 10:52:08.72,27,0,0,0,0,0,1,0,0,1,1,0,1,0,0,0,1,0,0,0,0,0,0,0,1,0
CUS_0x29bf,42870.09,3782.5075,512,4,12,4,18,20,20.02,130,840.82,32.43190198336253,106.62300671991356,81.79727358708037,439.83046969300614,2024-08-01,2025-10-06 10:52:08.72,18,6,1,0,1,0,0,0,1,0,1,1,0,0,0,0,0,0,1,0,1,0,0,0,0,0
CUS_0x4a23,19029.31,1303.7758333333334,4,4,13,2,8,23,17.36,70,544.97,33.73467717141617,36418.0,68.2712550189965,328.347745902552,2024-08-01,2025-10-06 10:52:08.72,7,5,0,1,0,0,0,1,0,0,0,1,0,0,0,0,1,0,0,0,0,0,1,0,0,0
CUS_0x4d1b,140135.24,11380.936666666665,7,6,14,0,18,15,19.21,60,929.51,33.08103571286325,0.0,192.99092722753528,1185.1027394391313,2024-08-01,2025-10-06 10:52:08.72,32,3,0,0,0,0,0,0,0,0,0,1,0,0,0,0,1,0,0,0,0,1,0,0,0,0
CUS_0x2834,12249.125,870.7604166666665,3,5,12,4,16,17,9.4,20,1367.83,34.89055533067954,23.0626379806678,41.35687738232783,312.65652630367106,2024-08-01,2025-10-06 10:52:08.72,19,3,0,0,1,0,1,0,1,0,0,0,1,0,0,1,0,0,0,0,0,0,0,0,0,1
CUS_0x2bf7,118884.0,9665.0,5,6,8,0,14,3,8.29,50,830.63,25.51627341001824,0.0,639.8314334174238,606.6685665825762,2024-08-01,2025-10-06 10:52:08.72,21,4,0,0,0,0,0,0,0,0,0,0,1,0,0,1,0,0,0,0,0,0,0,1,0,0
CUS_0x8fbb,36984.76,3073.063333333333,6,7,15,8,46,25,24.78,100,3727.74,36.002756679721266,207.10422434355215,194.3036494113079,175.8984595784733,2024-08-01,2025-10-06 10:52:08.72,7,0,1,1,0,0,1,1,0,1,1,1,0,0,0,0,0,1,0,0,0,0,0,0,1,0
CUS_0x65c6,20300.56,1609.7133333333334,4,4,13,2,23,14,0.41,30,1380.6,28.691236335228428,20.11029020494009,113.5369101320083,317.32413299638495,2024-08-01,2025-10-06 10:52:08.72,23,3,0,0,0,0,0,0,1,0,1,0,1,0,0,0,1,0,0,0,0,0,1,0,0,0
CUS_0x9209,60529.08,5069.09,5,3,24,7,6,20,15.84,100,2329.34,29.767865394089,317.58066786113284,93.93216270640521,335.396169432462,2024-08-01,2025-10-06 10:52:08.72,16,5,1,1,0,1,0,1,0,1,0,0,0,0,0,0,0,0,1,0,0,1,0,0,0,0
CUS_0xa83e,30424.17,2835.3475,5,7,14,4,14,12,3.46,60,519.0,28.55697033872591,65.0355184718875,107.71719845206684,360.7820330760457,2024-08-01,2025-10-06 10:52:08.72,16,8,1,0,1,0,1,1,0,0,0,0,1,0,0,0,1,0,0,0,1,0,0,0,0,0
CUS_0xae96,8800037.0,1509.811666666667,3,4,24,4,17,20,19.27,100,1854.48,23.850207030114877,54.40859290666294,50.02283759673913,306.54973616326464,2024-08-01,2025-10-06 10:52:08.72,11,8,1,0,0,0,1,0,0,0,1,1,0,0,0,0,1,0,0,1,0,0,0,0,0,0
CUS_0xbeca,134124.0,10886.0,0,3,11,1,0,10,7.289999999999999,70,787.5,39.93309782032278,106.79203845507116,625.3540585883554,636.4539029565734,2024-08-01,2025-10-06 10:52:08.72,16,11,0,0,0,0,0,1,0,0,0,0,0,0,0,1,0,0,0,0,0,0,0,1,0,0
CUS_0x5ce6,25198.19,2347.8491666666664,3,6,19,3,29,9,5.83,70,1261.93,39.018013002959336,48.63721776744497,68.80344660096321,397.34425229825837,2024-08-01,2025-10-06 10:52:08.72,17,5,1,0,0,1,0,0,0,0,1,1,0,0,0,0,1,0,0,0,0,0,0,1,0,0
CUS_0x7403,31400.96,2329.7466666666664,8,7,30,7,57,24,2.73,130,3424.6,34.19157633746323,181.1676325870016,182.67117722474944,149.13585685491563,2024-08-01,2025-10-06 10:52:08.72,5,3,0,1,1,0,1,1,0,0,1,1,0,0,0,0,0,1,0,0,0,0,0,1,0,0
CUS_0x1510,53218.86,4715.905,10,9,25,2,26,19,8.67,120,2623.47,35.49573058413532,56.38856296298475,146.74920079111945,518.4527362458958,2024-08-01,2025-10-06 10:52:08.72,7,10,0,0,1,0,1,0,0,0,0,1,0,0,0,0,0,1,0,0,1,0,0,0,0,0
CUS_0x2bb5,8241.75,843.8125,8,6,19,2,29,23,8.89,160,2656.51,40.12944969859044,12.410539347329676,38.71092359716563,313.25978705550466,2024-08-01,2025-10-06 10:52:08.72,17,2,0,0,1,1,0,0,0,0,0,1,0,0,0,0,0,1,0,0,0,0,0,1,0,0
CUS_0x3b37,19307.9,1898.9916666666668,848,4,12,2,6,19,2.37,20,1024.47,32.61682019909505,16.459772293213597,53.827837768373534,369.61155660507967,2024-08-01,2025-10-06 10:52:08.72,26,11,0,1,0,0,0,1,0,0,0,0,1,0,0,0,1,0,0,0,1,0,0,0,0,0
CUS_0xb006,132606.69,11291.5575,1654,6,7,1,13,12,6.52,40,1063.76,24.55170993826509,66841.0,1227.4851392182532,112.75957917085134,2024-08-01,2025-10-06 10:52:08.72,33,6,0,0,1,0,0,0,0,0,0,0,1,0,0,1,0,0,0,0,0,0,1,0,0,0
CUS_0xb12,37002.58,3124.5483333333336,6,7,16,5,28,15,28.3,70,3222.11,26.61002566580898,139.50956191124808,289.631562452943,153.31370896914228,2024-08-01,2025-10-06 10:52:08.72,12,5,0,1,0,1,1,0,0,0,0,1,0,0,0,0,0,1,0,0,0,0,0,0,1,0
CUS_0xb41b,75992.7,6407.724999999999,3,7,7,1,5,5,0.3099999999999996,40,187.01,38.91827807924992,54.03972289211108,364.1835432829297,502.54923382495934,2024-08-01,2025-10-06 10:52:08.72,31,4,0,0,0,0,0,0,0,0,1,0,1,0,0,1,0,0,0,0,0,0,0,0,0,1
CUS_0x5640,42812.02,3604.840961758665,5,5,3214,5,9,18,11.69,14370,144.39,36.64364862104717,395.5375623158619,178.9866295518929,316.6700130402465,2024-08-01,2025-10-06 10:52:08.72,7,5,0,1,1,1,0,1,0,0,0,1,0,0,0,0,1,0,0,0,0,0,1,0,0,0
CUS_0x2ef1,146861.12,12514.426666666664,4,7,9,3,25,21,15.75,80,1368.79,33.95421779123545,310.4369289241834,190.5783865391057,1000.4273512033777,2024-08-01,2025-10-06 10:52:08.72,9,9,0,1,0,1,0,0,0,1,0,1,0,0,0,0,1,0,0,0,1,0,0,0,0,0
CUS_0x543d,27372.59,2564.0491666666667,8,7,11,0,13,19,13.06,10,1131.86,36.169164453662894,66474.0,339.5293245081104,206.87559215855632,2024-08-01,2025-10-06 10:52:08.72,22,2,0,0,0,0,0,0,0,0,0,1,0,0,0,0,0,0,1,0,0,0,1,0,0,0
CUS_0xae4b,10952.32,631.7333619752212,6,4,6,1,20,16,17.64,90,1270.54,28.46932501634941,65.87314109365732,88.60898022783766,262.44718336995015,2024-08-01,2025-10-06 10:52:08.72,24,5,0,0,0,0,0,0,0,0,1,0,1,0,0,0,1,0,0,0,0,0,1,0,0,0
CUS_0x31ef,8255.925,831.99375,9,5,15,5,50,18,18.84,130,2619.81,37.21076987258965,31.00373228332689,109.34468723354028,232.85095548313285,2024-08-01,2025-10-06 10:52:08.72,18,0,1,1,0,0,0,1,0,0,1,0,0,0,0,0,1,0,0,0,0,0,1,0,0,0
CUS_0x3f1,80983.64,6692.636666666666,6,3,15,4,19,18,16.91,70,982.44,27.28075142717725,188.45659522353543,126.07161584554541,594.7354555975859,2024-08-01,2025-10-06 10:52:08.72,28,2,0,0,1,0,1,1,0,0,0,1,0,0,0,0,1,0,0,0,0,1,0,0,0,0
CUS_0x57a1,88126.58,6601.061123369183,2,7,1,0,13,6,9.57,50,261.29,34.065422511989226,649.8205432974855,231.1234758189169,763.9646908477499,2024-08-01,2025-10-06 10:52:08.72,31,5,0,0,0,0,0,0,0,0,0,0,1,0,0,0,0,0,1,0,0,0,0,0,1,0
CUS_0x5c45,12044.89,1055.7408333333333,3,6,15,0,11,20,19.92,80,747.26,28.180777554390897,0.0,31.98946751051494,353.58461582281836,2024-08-01,2025-10-06 10:52:08.72,19,8,0,0,0,0,0,0,0,0,0,1,0,0,0,0,1,0,0,0,0,0,0,0,0,1
CUS_0x6359,34746.02,2860.501666666666,4,4,17,1,19,23,3.3599999999999994,30,1258.88,36.14239985270935,18.860773194351584,10000.0,420.0003210999289,2024-08-01,2025-10-06 10:52:08.72,18,9,0,0,0,0,0,0,0,0,1,0,1,0,0,0,1,0,0,0,0,0,0,0,1,0
CUS_0x71bc,31004.1,2657.675,9,7,24,5,25,22,6.15,110,1617.55,36.15157232421284,77.96875781078215,68.48685922323348,389.31188296598435,2024-08-01,2025-10-06 10:52:08.72,8,5,0,1,0,1,1,0,0,1,1,1,0,0,0,0,0,1,0,0,0,0,0,0,1,0
CUS_0x890,19453.42,1861.118333333333,10,10,17,6,43,20,27.13,90,3327.05,39.47152795071738,50.70183619684549,36.541908593249026,348.86808854323885,2024-08-01,2025-10-06 10:52:08.72,4,8,1,1,1,1,0,0,0,0,0,1,0,0,0,0,0,1,0,0,1,0,0,0,0,0
CUS_0x1e16,40019.0,3401.916666666666,2,1,2,4,1,4,3.58,60,1445.81,34.60242341587286,70.34034033802939,427.71059957487745,132.14072675375974,2024-08-01,2025-10-06 10:52:08.72,20,6,0,0,0,1,0,1,1,0,0,0,1,0,0,1,0,0,0,0,0,0,1,0,0,0
CUS_0x6f86,13000.735,1276.3945833333337,7,3,7,4,14,14,18.51,50,1152.68,27.993568102777395,35.513083741497326,107.79031038492316,274.33606420691285,2024-08-01,2025-10-06 10:52:08.72,18,5,0,1,1,0,0,0,0,0,0,0,1,0,0,0,1,0,0,0,0,0,1,0,0,0
CUS_0x7b39,94739.7,6765.09323400768,3,7,3,1,15,4,6.14,10,1413.38,36.83830699902661,1146.7705860814528,68.20823100252329,882.800448908346,2024-08-01,2025-10-06 10:52:08.72,28,3,0,0,0,1,0,0,0,0,0,0,1,0,0,1,0,0,0,0,0,1,0,0,0,0
CUS_0x8590,14878.675,1328.8895833333331,4,5,16,1,12,15,10.0,0,735.8,37.33950891321564,10.216653065581578,89.37358844588489,303.2987168218668,2024-08-01,2025-10-06 10:52:08.72,15,11,0,0,0,1,0,0,0,0,0,0,0,0,0,0,1,0,0,0,0,0,0,0,0,1
CUS_0x8a9c,148570.8,12370.9,5,2,8,4,11,12,10.34,10,147.27,35.008802302025515,420.47681417539934,909.2708289964977,187.3423568281033,2024-08-01,2025-10-06 10:52:08.72,31,0,1,0,1,0,0,0,1,0,0,0,0,0,0,1,0,0,0,0,0,0,0,1,0,0
CUS_0xbd9b,9989.875,618.4895833333334,3,6,34,0,15,11,13.36,100,1287.97,37.362296935574406,56.94747399136672,41.684358725206955,253.2171256167597,2024-08-01,2025-10-06 10:52:08.72,19,5,1,1,0,1,0,0,1,1,1,1,0,0,0,0,1,0,0,0,0,0,1,0,0,0
CUS_0x2e73,7689.715,521.8095833333333,6,5,30,8,20,22,8.83,100,1361.17,32.423455846010974,39.72965110731148,0.0,255.9554829573201,2024-08-01,2025-10-06 10:52:08.72,18,0,1,0,0,0,1,0,1,1,0,1,0,0,0,0,0,1,0,0,1,0,0,0,0,0
CUS_0xc461,135994.36,11191.863333333333,9,6,16,2,20,19,5.98,40,1280.06,36.3665921216556,219.9554482236898,908.6939096189257,270.536975490718,2024-08-01,2025-10-06 10:52:08.72,28,4,0,0,0,1,0,0,0,0,1,1,0,0,0,0,1,0,0,0,0,0,0,1,0,0
CUS_0x1338,20078.47,1447.2058333333334,10,10,31,8,43,22,25.27,130,4545.35,31.77552413597813,120.33401013490304,78.196521486097,236.1900517123333,2024-08-01,2025-10-06 10:52:08.72,13,10,0,1,1,1,0,1,1,0,1,0,0,0,0,0,0,0,1,0,0,0,1,0,0,0
CUS_0x37bf,38750.41,2987.200833333334,1,5,7,0,5,1,8.39,10,2.43,26.437843361527072,121.72664063792092,397.66705641529984,69.32638628011264,2024-08-01,2025-10-06 10:52:08.72,33,1,0,0,1,0,0,1,1,1,0,0,1,0,0,1,0,0,0,0,0,0,1,0,0,0
CUS_0x54a3,39039.8,3397.316666666667,10,6,29,8,26,20,7.33,130,1913.06,33.84693278292813,130.45662000899205,140.89318249900376,318.3818641586709,2024-08-01,2025-10-06 10:52:08.72,15,8,1,1,0,1,0,0,0,0,0,1,0,0,0,0,0,1,0,0,0,0,0,0,0,1
CUS_0x659,16133.43,1283.4525,6,7,16,2,38,23,9.64,110,1494.81,26.12215072556198,24.257117975579465,40.308147554807405,323.77998446961317,2024-08-01,2025-10-06 10:52:08.72,11,11,0,0,1,1,0,0,0,0,0,1,0,0,0,0,0,1,0,1,0,0,0,0,0,0
CUS_0xa631,15428.39,1405.6991666666663,8,8,30,2,23,23,13.92,130,2664.61,28.849099655785945,14.295989206192877,17.298140934719697,358.9757865257541,2024-08-01,2025-10-06 10:52:08.72,17,3,0,0,0,0,0,1,0,0,1,1,0,0,0,0,0,1,0,0,1,0,0,0,0,0
CUS_0xc2ff,33235.35,2910.6125,3,5,19,0,21,14,4.8599999999999985,40,212.69,37.397683190492046,0.0,57.09940809830915,473.96184190169083,2024-08-01,2025-10-06 10:52:08.72,18,11,0,0,0,0,0,0,0,0,0,1,0,0,0,0,0,0,1,0,0,0,0,0,0,1
CUS_0x372e,32908.26,2504.355,7,10,33,4,45,18,19.13,90,1775.04,38.77383943305124,70.60525923643563,72.96703650399266,366.86320425957183,2024-08-01,2025-10-06 10:52:08.72,14,0,1,0,0,1,0,0,0,1,0,1,0,0,0,0,0,1,0,1,0,0,0,0,0,0
CUS_0x6339,79741.88,6748.156666666668,3,7,10,4,7,7,6.08,40,227.12,24.23740963268689,207.06329737659476,540.7367881858555,207.0155811042165,2024-08-01,2025-10-06 10:52:08.72,25,3,0,0,0,1,1,0,0,0,0,0,1,0,0,1,0,0,0,0,0,0,0,1,0,0
CUS_0x960b,31589.9,2706.491666666667,7,6,7,2,22,13,9.13,130,236.79,25.26405306207004,44.8490466241813,192.3173333020293,303.48278674045605,2024-08-01,2025-10-06 10:52:08.72,13,10,0,0,0,0,1,0,0,0,1,1,0,0,0,0,1,0,0,0,0,0,0,0,1,0
CUS_0xa279,27113.76,1962.48,7,3,8,0,29,19,8.12,120,834.43,33.30244115084385,97.89329113184694,175.08494405408683,213.26976481406624,2024-08-01,2025-10-06 10:52:08.72,15,10,1,1,1,0,0,0,1,0,0,1,0,0,0,0,0,0,1,0,0,0,1,0,0,0
CUS_0x159b,55670.06999999999,4395.1725,3,10,26,3,14,19,7.7,110,2074.85,37.91147817823455,136.77475345055464,146.3984511197895,406.34404542965586,2024-08-01,2025-10-06 10:52:08.72,7,0,1,0,0,0,0,0,1,0,1,1,0,0,0,0,1,0,0,0,1,0,0,0,0,0
CUS_0x4f44,81320.88,6764.740000000002,7,3,15,1,14,14,10.34,10,520.44,38.526807359783696,48.3531969603316,454.8254845533885,463.29531848628005,2024-08-01,2025-10-06 10:52:08.72,15,10,0,1,0,0,0,0,0,0,0,0,1,0,0,0,1,0,0,0,0,0,1,0,0,0
CUS_0x4fcc,19339.08,1729.59,0,3,11,2,15,8,10.64,30,150.14,27.340711448094535,28.49894890332992,76.73836979889664,357.72168129777344,2024-08-01,2025-10-06 10:52:08.72,24,8,0,0,0,0,1,1,0,0,0,0,1,0,0,1,0,0,0,0,0,0,1,0,0,0
CUS_0x950a,69637.24,6059.1033333333335,8,10,24,6,23,21,9.93,100,1644.89,26.334946079337925,313.45970544560527,185.26510680328218,357.1855210844459,2024-08-01,2025-10-06 10:52:08.72,11,9,1,1,1,0,1,1,0,0,0,1,0,0,0,0,0,0,1,0,1,0,0,0,0,0
CUS_0x50c4,14566.27,1201.8558333333333,6,9,31,5,22,14,15.26,110,3402.82,25.257238857684214,50.31132270983993,42.18268177558488,317.6915788479085,2024-08-01,2025-10-06 10:52:08.72,2,8,0,1,1,0,0,0,1,1,0,1,0,0,0,0,0,1,0,0,0,0,1,0,0,0
CUS_0x61b0,18125.81,1545.4841666666669,10,9,21,6,47,22,5.36,17720,1785.84,25.282736813275736,85.54991446382681,133.91041325824148,215.08808894459838,2024-08-01,2025-10-06 10:52:08.72,13,5,1,0,1,1,1,1,0,1,0,1,0,0,0,0,0,1,0,0,0,0,0,1,0,0
CUS_0x9ac5,112423.8,9485.65,1,3,4,3,1,9,6.04,40,655.91,39.68500256822122,158.47536619351328,140.6663415807565,899.4232922257303,2024-08-01,2025-10-06 10:52:08.72,27,4,0,0,0,0,0,1,1,1,0,0,1,0,0,1,0,0,0,0,0,0,0,0,0,1
CUS_0xb44c,16241.52,1548.46,9,9,23,6,16,22,15.17,80,2410.41,36.271992265658,71.8909206846593,92.68646059842114,280.2686187169196,2024-08-01,2025-10-06 10:52:08.72,6,8,0,0,0,1,1,0,1,0,1,0,0,0,0,0,0,1,0,0,0,0,1,0,0,0
CUS_0x2c0a,32625.59,2922.7991666666667,0,5,8,4,7,10,7.55,80,177.9,36.54340215705107,73.12500809716363,123.76649078186688,345.3884177876362,2024-08-01,2025-10-06 10:52:08.72,29,3,1,0,0,0,1,1,1,0,0,0,1,0,0,1,0,0,0,0,1,0,0,0,0,0
CUS_0x5974,81465.64,6699.803333333332,10,6,34,7,32,26,5.01,100,4760.54,38.8941305996792,450.5851705909671,124.93589260059191,354.45927014177437,2024-08-01,2025-10-06 10:52:08.72,11,9,1,1,0,1,1,0,1,0,0,1,0,0,0,0,0,1,0,1,0,0,0,0,0,0
CUS_0x1c3a,43450.25,3711.854166666666,0,3,4,2,6,0,7.47,20,588.59,29.726163589649413,41.39964366658294,154.53520467057234,425.25056832951134,2024-08-01,2025-10-06 10:52:08.72,23,6,0,0,1,0,0,0,0,0,1,0,1,0,0,1,0,0,0,0,1,0,0,0,0,0
CUS_0x4020,14804.08,979.6733333333334,6,9,19,7,21,15,23.06,120,3195.13,28.515656161993878,81.26738974397513,35.52864475125608,231.1712988381021,2024-08-01,2025-10-06 10:52:08.72,7,10,1,1,0,0,1,0,0,1,1,1,0,0,0,0,0,1,0,0,1,0,0,0,0,0
CUS_0x5aac,30385.56,2374.13,0,6,9,3,9,11,11.09,0,1444.1,31.9364416294755,71.2615631000285,78.96447460755407,337.18696229241743,2024-08-01,2025-10-06 10:52:08.72,31,2,0,1,0,0,1,0,1,0,0,0,1,0,0,1,0,0,0,0,1,0,0,0,0,0
CUS_0x165b,142717.44,11947.12,5,4,13,0,26,13,17.99,90,1413.48,39.01554454449492,0.0,531.3412275067865,923.3707724932136,2024-08-01,2025-10-06 10:52:08.72,16,11,0,0,0,0,0,0,0,0,0,1,0,0,0,0,1,0,0,1,0,0,0,0,0,0
CUS_0x1d58,10037.5,577.4583333333334,10,9,24,9,50,25,15.43,80,4618.9,31.37738998168589,66.9929582322611,12.355943639249364,218.3969314618229,2024-08-01,2025-10-06 10:52:08.72,10,5,1,1,0,1,1,1,1,0,0,0,0,0,0,0,0,1,0,0,0,0,0,0,0,1
CUS_0x2a46,59641.5,4974.125,8,7,27,7,24,22,23.99,80,3116.46,27.45709167494809,260.94947555888155,139.21128080946093,377.25174363165746,2024-08-01,2025-10-06 10:52:08.72,2,6,1,0,0,1,1,0,0,0,1,1,0,0,0,0,0,1,0,0,0,0,0,1,0,0
CUS_0x5933,132705.63,11184.8025,4,2,2478,4,3,6,5.55,40,774.01,37.83098403609967,364.3907233120037,89.43888809204266,904.6506385959536,2024-08-01,2025-10-06 10:52:08.72,18,8,1,0,1,0,0,0,0,1,1,0,1,0,0,1,0,0,0,0,0,1,0,0,0,0
CUS_0x1900,8137.625,680.1354166666666,8,6,34,8,35,21,17.53,60,3938.7,23.16947211045905,53.34367125123679,35.01509474856865,269.6547756668612,2024-08-01,2025-10-06 10:52:08.72,2,5,1,0,0,1,1,0,1,0,1,1,0,0,0,0,0,1,0,0,0,0,1,0,0,0
CUS_0x8be0,53467.47,4461.6225,9,9,17,7,60,18,7.8,90,1518.47,32.750879689704014,281.5875212836244,337.9200680145551,96.6546607018206,2024-08-01,2025-10-06 10:52:08.72,17,11,0,1,0,0,1,1,1,0,0,1,0,0,0,0,0,1,0,0,0,0,0,0,1,0
CUS_0x5fc9,16444.42,1411.368333333333,7,8,24,3,62,20,10.19,60,1445.18,26.072480246110363,31.126628986415163,157.85852456328115,242.151679783637,2024-08-01,2025-10-06 10:52:08.72,19,2,1,0,0,0,1,0,0,0,1,1,0,0,0,0,1,0,0,0,0,0,1,0,0,0
CUS_0x9a13,131199.12,11146.26,1,7,11,1,8,9,1.02,20,1006.45,30.536776206342893,106.34119049546374,10000.0,828.9664309009229,2024-08-01,2025-10-06 10:52:08.72,19,3,1,0,0,0,0,0,0,0,0,0,0,0,0,1,0,0,0,1,0,0,0,0,0,0
CUS_0x4330,12070.845,1088.90375,8,5,8,4,18,12,2.96,40,759.86,25.409084150107603,31.349969595412013,76.93505249087757,280.6053529137104,2024-08-01,2025-10-06 10:52:08.72,28,10,0,0,0,0,0,1,1,1,0,1,0,0,0,0,0,0,1,0,0,0,0,1,0,0
CUS_0x54bd,167753.52,13102.045569038868,3,3,12,3,7,6,3.38,20,1079.59,29.18915265970798,1190.7302207600344,546.9124035600788,859.3178066410189,2024-08-01,2025-10-06 10:52:08.72,29,3,1,0,0,1,1,0,0,0,0,0,1,0,0,1,0,0,0,1,0,0,0,0,0,0
CUS_0x9bd9,106122.03,8652.5025,3,1,3,1,13,8,2.87,10,1144.03,29.102520038755216,78.77689547508639,273.7234254307687,762.749929094145,2024-08-01,2025-10-06 10:52:08.72,19,3,1,0,0,0,0,0,0,0,0,0,0,0,0,1,0,0,0,0,0,0,0,0,0,1
CUS_0x6cbb,72330.98,6300.581666666666,0,3,11,1,1,6,4.62,10,596.78,24.83928334598337,31.37979415843871,301.22251829285426,567.4558542153737,2024-08-01,2025-10-06 10:52:08.72,33,3,0,1,0,0,0,0,0,0,0,0,1,0,0,1,0,0,0,0,0,0,0,0,1,0
CUS_0xdfd,16321.82,1566.1516666666666,8,10,23,7,57,23,2.4,120,2686.37,36.8695476362885,89.42316532158111,115.76533348076276,241.4266678643228,2024-08-01,2025-10-06 10:52:08.72,15,3,0,0,1,1,0,0,1,0,0,1,0,0,0,0,0,1,0,0,0,0,0,0,0,1
CUS_0x5e0d,38415.69,3288.307500000001,5,2,2735,4,6,6,2.42,20,565.02,31.90354004921976,117.84030312185092,91.55464918732132,369.4357976908279,2024-08-01,2025-10-06 10:52:08.72,26,3,1,0,0,0,1,0,1,1,0,0,1,0,0,1,0,0,0,0,1,0,0,0,0,0
CUS_0x6635,59359.04,4961.586666666667,9,10,28,6,29,14,15.28,100,3339.7,34.62343388938859,287.0888500803725,648.9799928315292,127.53632466971236,2024-08-01,2025-10-06 10:52:08.72,5,11,1,0,1,0,1,0,1,1,1,1,0,0,0,0,0,1,0,0,0,0,1,0,0,0
CUS_0x71fa,66755.64,5556.97,6,9,21,2,39,17,7.7,100,1349.83,28.790768544039764,73.23991176383934,420.61055413273164,341.84653410342906,2024-08-01,2025-10-06 10:52:08.72,11,4,1,1,0,0,0,0,0,0,0,1,0,0,0,0,0,1,0,0,0,0,0,1,0,0
CUS_0x225a,90160.11,7412.3425,5,3,20,4,17,16,3.87,20,1174.21,39.086964643699936,238.89584779309124,147.5323125437278,594.806089663181,2024-08-01,2025-10-06 10:52:08.72,24,9,0,0,0,1,1,0,1,0,1,1,0,0,0,0,1,0,0,0,0,1,0,0,0,0
CUS_0x396e,26716.09,2372.340833333333,4,5,6,3,30,17,3.1,10,643.89,28.12988307800313,55.139932860142096,140.95273897395728,331.141411499234,2024-08-01,2025-10-06 10:52:08.72,16,2,0,0,1,1,1,0,0,0,0,0,1,0,0,0,0,0,1,0,0,0,0,0,0,1
CUS_0x5dfe,103228.74,8729.395,3,7,12,0,20,10,5.87,40,1478.43,34.09360562600987,0.0,10000.0,993.7302148482356,2024-08-01,2025-10-06 10:52:08.72,17,11,0,0,0,0,0,0,0,0,0,0,0,0,0,0,1,0,0,0,1,0,0,0,0,0
CUS_0x7f32,62545.59,5133.1325,3,6,7,4,27,10,0.0,80,1138.71,27.41853437325468,174.41631843799283,257.8017596213881,361.0951719406192,2024-08-01,2025-10-06 10:52:08.72,17,8,0,0,0,1,0,1,0,1,0,1,0,0,0,0,1,0,0,0,0,0,0,1,0,0
CUS_0xc4c7,134139.48,11352.29,2,5,11,4,19,0,11.14,10,1486.38,27.681896217381247,416.36052363764793,226.3545639290913,732.5139124332608,2024-08-01,2025-10-06 10:52:08.72,16,0,1,1,0,0,0,1,0,0,0,0,1,0,0,1,0,0,0,0,0,1,0,0,0,0
CUS_0x3bc5,18863.28,1515.9399999999996,9,7,33,6,51,23,6.68,80,1505.76,33.67751570555876,49.78859567660973,72.49736718689091,319.30803713649937,2024-08-01,2025-10-06 10:52:08.72,12,9,0,1,1,1,0,0,0,1,0,1,0,0,0,0,0,0,1,0,0,0,1,0,0,0
CUS_0x4695,11980.385,1030.3654166666663,5,3,18,3,25,18,17.4,100,29.81,35.48212630851261,26.265887345631587,49.337503865440794,307.43315045559433,2024-08-01,2025-10-06 10:52:08.72,31,9,0,0,1,1,0,0,1,0,0,1,0,0,0,0,1,0,0,0,0,0,0,1,0,0
CUS_0x6d7e,42577.86,3782.155,6,8,20,9,49,23,26.86,140,4122.31,26.438374539070296,171.57633827706474,490.3976521055493,6.2415096173859865,2024-08-01,2025-10-06 10:52:08.72,5,10,1,1,1,1,0,0,1,0,1,1,0,0,0,0,0,1,0,0,0,0,1,0,0,0
CUS_0x32e5,146866.76,12108.896666666667,4,6,1708,3,22,18,5.78,30,247.08,35.80700540925715,218.48203558760792,1054.485751406803,207.9218796722557,2024-08-01,2025-10-06 10:52:08.72,22,5,0,0,0,0,1,1,0,0,0,0,1,0,0,0,1,0,0,0,0,0,0,0,1,0
CUS_0x342a,66169.56,5799.13,8,1141,12,3,16,14,10.6,70,198.53,33.577580060541074,126.78946147758992,186.12037883479724,547.0031596876129,2024-08-01,2025-10-06 10:52:08.72,25,10,0,0,0,0,1,0,0,1,1,1,0,0,0,0,1,0,0,0,0,0,0,1,0,0
CUS_0x4c3e,28169.07,2449.4225,4,4,2,0,1,3,7.75,10,460.32,22.252743566361342,0.0,218.57136649389525,316.37088350610475,2024-08-01,2025-10-06 10:52:08.72,26,8,0,0,0,0,0,0,0,0,0,0,1,0,0,0,0,0,1,0,0,0,0,0,0,1
CUS_0x5ec6,7415.08,815.9233333333333,5,6,14,6,11,6,11.06,90,583.56,34.19252702079813,27.0108052417706,74.09300510858365,260.4885229829791,2024-08-01,2025-10-06 10:52:08.72,16,3,1,0,1,1,1,0,0,0,0,1,0,0,0,0,1,0,0,0,0,0,0,1,0,0
CUS_0x8062,86914.41,6957.8675,8,5,16,3,18,9,0.0,70,1084.06,34.163123727049786,142.531777861564,681.1686331039244,152.08633903451152,2024-08-01,2025-10-06 10:52:08.72,32,0,1,1,0,1,0,0,0,0,0,0,0,0,0,0,1,0,0,0,0,0,0,1,0,0
CUS_0x9796,24813.21,2168.7675,6,4,18,3,18,20,2.35,80,573.77,31.318354030469447,31.60556576244485,10000.0,379.2531217259462,2024-08-01,2025-10-06 10:52:08.72,29,3,0,0,0,1,0,1,0,0,1,1,0,0,0,0,0,0,1,0,0,0,1,0,0,0
CUS_0xc491,36787.05,3351.5875,7,7,10,0,7,9,10.17,50,540.29,27.23038164832037,0.0,132.63857325825745,492.5201767417426,2024-08-01,2025-10-06 10:52:08.72,16,3,0,0,0,0,0,0,0,0,0,0,1,0,0,1,0,0,0,0,0,0,1,0,0,0
CUS_0x9e9a,61880.06,5411.671666666666,7,5,7,0,14,17,11.8,80,370.58,35.85066202773788,0.0,141.45001516003617,679.7171515066304,2024-08-01,2025-10-06 10:52:08.72,24,5,0,0,0,0,0,0,0,0,0,1,0,0,0,0,1,0,0,0,0,0,0,1,0,0
CUS_0xc719,60271.92,4782.66,6,7,27,6,30,25,28.85,130,4546.95,28.670619388220786,203.6057950577473,36.776460312976276,477.8837446292765,2024-08-01,2025-10-06 10:52:08.72,8,5,1,0,1,0,0,1,0,1,1,1,0,0,0,0,0,1,0,0,0,1,0,0,0,0
CUS_0x1947,107458.2,8698.85,8,3,7,1,17,7,7.64,10,244.5,42.29234770376012,89.4060083598189,95.16846993352837,925.3105217066527,2024-08-01,2025-10-06 10:52:08.72,32,6,0,0,0,0,0,1,0,0,0,0,1,0,0,1,0,0,0,0,0,1,0,0,0,0
CUS_0x5fd5,21338.55,1506.2125,8,4,16,0,20,17,5.4,50,853.65,38.68005488554426,0.0,75.35531981444913,365.2659301855508,2024-08-01,2025-10-06 10:52:08.72,25,8,0,0,0,0,0,0,0,0,0,0,1,0,0,0,1,0,0,0,0,0,0,0,0,1
CUS_0x9207,15915.045,1256.25375,8,5,12,3,12,11,1.71,40,810.26,37.19322838174303,25.47281887542715,72.1109312676952,318.04162485687766,2024-08-01,2025-10-06 10:52:08.72,30,3,0,0,1,0,1,0,0,1,0,0,1,0,0,0,1,0,0,0,0,0,1,0,0,0
CUS_0x9b3f,15615.3,1185.275,6,7,19,6,41,14,5.71,110,2666.06,33.369464776955226,45.45311165533867,32.61748253521754,320.45690580944375,2024-08-01,2025-10-06 10:52:08.72,2,5,1,0,0,0,1,0,0,1,1,1,0,0,0,0,0,1,0,0,0,0,0,1,0,0
CUS_0x1621,18329.93,1312.4941666666666,7,6,6,6,17,11,18.41,60,161.04,35.1546051267892,51.96709426169093,176.12275349529583,193.15956890967988,2024-08-01,2025-10-06 10:52:08.72,19,11,1,0,1,1,0,1,1,0,1,0,0,0,0,0,1,0,0,0,0,0,1,0,0,0
CUS_0x2200,41647.6,3411.633333333333,9,8,33,5,48,21,10.66,120,1303.11,33.15135334576652,170.43292371577104,212.9848566246172,247.7455529929451,2024-08-01,2025-10-06 10:52:08.72,15,4,0,1,1,0,0,0,1,1,1,1,0,0,0,0,0,1,0,0,0,0,1,0,0,0
CUS_0x45fc,36787.58,3362.6316666666667,8,9,28,8,61,17,15.58,110,3840.92,36.62015399763029,133.26815899286294,30.180406719995517,412.8146009538082,2024-08-01,2025-10-06 10:52:08.72,1,3,0,1,0,0,0,1,1,1,0,1,0,0,0,0,0,1,0,0,0,1,0,0,0,0
CUS_0xab60,36779.34,2847.945,6,5,20,3,21,14,11.35,120,1215.19,26.698426026328807,47.474774130772886,184.65376328891026,332.66596258031683,2024-08-01,2025-10-06 10:52:08.72,10,4,0,0,0,0,1,0,1,0,1,0,0,0,0,0,0,0,1,0,0,0,0,1,0,0
