Customer_ID,Annual_Income,Monthly_Inhand_Salary,Num_Bank_Accounts,Num_Credit_Card,Interest_Rate,Num_of_Loan,Delay_from_due_date,Num_of_Delayed_Payment,Changed_Credit_Limit,Num_Credit_Inquiries,Outstanding_Debt,Credit_Utilization_Ratio,Total_EMI_per_month,Amount_invested_monthly,Monthly_Balance,snapshot_date,_ingested_at_utc,credit_history_age_year,credit_history_age_month,mortgage_loan,auto_loan,credit_builder_loan,personal_loan,not_specified,student_loan,home_equity_loan,payday_loan,debt_consolidation_loan,ohe__payment_of_min_amount__yes,ohe__payment_of_min_amount__no,ohe__payment_of_min_amount__nm,ohe__payment_of_min_amount__unknown,ohe__credit_mix__good,ohe__credit_mix__standard,ohe__credit_mix__bad,ohe__credit_mix__unknown,ohe__payment_behaviour__high_spent_small_value_payments,ohe__payment_behaviour__high_spent_medium_value_payments,ohe__payment_behaviour__high_spent_large_value_payments,ohe__payment_behaviour__low_spent_small_value_payments,ohe__payment_behaviour__low_spent_medium_value_payments,ohe__payment_behaviour__low_spent_large_value_payments,ohe__payment_behaviour__unknown
CUS_0x4bdc,35007.33,3158.2775,5,2,2,0,1,7,2.12,60,733.96,29.00628126985785,0.0,61.63044754661872,459.30862104469225,2024-06-01,2025-10-06 10:51:47.57,32,5,0,0,0,0,0,0,0,0,0,0,1,0,0,0,0,0,1,0,1,0,0,0,0,0
CUS_0x5e16,34531.8,3077.65,1,5,4,1,11,1,7.72,40,411.02,29.91203492352713,26.87331754578125,144.95762116601506,415.9340612882037,2024-06-01,2025-10-06 10:51:47.57,33,2,0,1,0,0,0,0,0,0,0,0,1,0,0,1,0,0,0,0,0,0,0,1,0,0
CUS_0x9de1,39849.72,3334.81,9,8,26,4,36,22,9.12,140,2533.64,29.49009788141527,96.60403454470982,98.50915342572935,388.36781202956075,2024-06-01,2025-10-06 10:51:47.57,6,4,1,1,0,0,0,0,0,0,1,1,0,0,0,0,0,0,1,0,1,0,0,0,0,0
CUS_0x2dd2,73542.28,5907.5233333333335,0,3,5,0,13,2,10.15,30,834.87,39.513596189470746,0.0,81.044820808647,759.7075125246863,2024-06-01,2025-10-06 10:51:47.57,18,2,0,0,0,0,0,0,0,0,0,0,1,0,0,1,0,0,0,0,1,0,0,0,0,0
CUS_0xad2c,40667.32,3398.943333333333,8,6,34,5,45,20,17.58,130,4582.68,37.15050736454913,126.66839488038808,427.47994719201563,75.74599126092966,2024-06-01,2025-10-06 10:51:47.57,3,10,0,0,1,1,0,0,0,0,1,1,0,0,0,0,0,1,0,0,0,0,1,0,0,0
CUS_0x5be5,150339.96,12614.33,1,2,3030,3,2,2239,5.61,30,674.6,40.814671554559176,219.48129499072652,1020.3408384478868,301.6108665613866,2024-06-01,2025-10-06 10:51:47.57,22,11,0,0,0,0,0,1,1,0,1,0,1,0,0,1,0,0,0,0,0,0,0,0,0,1
CUS_0x6678,109122.21,8895.5175,3,6,3,3,12,12,7.32,30,1189.51,40.09193365100063,199.7216097136513,449.67264422569536,510.1574960606532,2024-06-01,2025-10-06 10:51:47.57,28,3,0,1,1,0,0,0,1,0,0,0,1,0,0,0,0,0,1,0,0,0,0,0,1,0
CUS_0x3f75,28105.59,2133.1325,1,3,1,3,8,8,6.44,60,151.29,26.62257130287009,54.99993830630629,30.965442312234828,377.3478693814589,2024-06-01,2025-10-06 10:51:47.57,20,2,0,0,0,0,1,0,0,1,0,0,1,0,0,1,0,0,0,0,1,0,0,0,0,0
CUS_0x16c4,8473.795,512.1495833333332,4,7,7,0,20,14,12.78,100,1040.14,35.327899012644245,16.79884713235609,25.57495899263232,298.84115220834485,2024-06-01,2025-10-06 10:51:47.57,17,9,1,0,0,1,1,0,0,0,0,1,0,0,0,0,1,0,0,0,0,0,0,0,0,1
CUS_0x3439,29112.32,2333.026666666666,2,1,6,2,4,4,2.87,40,1263.31,41.191180081866655,28.037409483288823,130.1566755814151,335.10858160196284,2024-06-01,2025-10-06 10:51:47.57,21,3,0,1,0,0,1,0,0,0,0,0,1,0,0,1,0,0,0,1,0,0,0,0,0,0
CUS_0x44c3,108638.76,9276.23,6,3,20,2,8,13,11.66,50,1365.32,42.1298052611228,75589.0,67.63292900410734,825.8539426034251,2024-06-01,2025-10-06 10:51:47.57,6,9,0,1,1,0,0,0,0,0,0,1,0,0,0,0,1,0,0,0,0,1,0,0,0,0
CUS_0x6ae2,37579.75,2891.645833333333,3,1,5,0,12,6,7.39,20,865.97,28.801331214348373,0.0,35.06453340374261,504.10004992959085,2024-06-01,2025-10-06 10:51:47.57,18,4,0,0,0,0,0,0,0,0,0,0,0,0,0,0,0,0,1,0,1,0,0,0,0,0
CUS_0x5b2f,15957.41,1039.7841666666666,8,5,7,3,19,22,16.33,40,1269.87,34.605376072975524,25.048554363131267,114.50008598168108,254.42977632185432,2024-06-01,2025-10-06 10:51:47.57,10,10,1,0,0,1,0,1,0,0,0,1,0,0,0,0,0,0,1,0,0,0,1,0,0,0
CUS_0x6aea,54150.09,4595.5075,7,8,30,7,17,14,24.54,120,4204.98,36.58300971641575,211.38722193894935,72.9999205327138,415.1636075283368,2024-06-01,2025-10-06 10:51:47.57,10,0,0,0,1,1,1,1,0,1,0,1,0,0,0,0,0,1,0,0,0,1,0,0,0,0
CUS_0x15f8,69840.02,5874.001666666668,6,5,10,1,21,8,8.42,40,651.86,40.276293162818725,49.69735077100569,161.05925223455645,630.79550530822,2024-06-01,2025-10-06 10:51:47.57,19,2,0,0,0,0,0,0,0,1,0,0,1,0,0,1,0,0,0,0,0,0,0,0,0,1
CUS_0x71eb,71203.4,6132.616666666666,7,6,20,5,24,17,12.26,90,1254.91,36.97740788671808,235.51546864754783,136.2871546966508,481.459043322468,2024-06-01,2025-10-06 10:51:47.57,15,5,1,1,0,0,0,1,0,1,0,1,0,0,0,0,1,0,0,0,0,1,0,0,0,0
CUS_0x254e,35295.07,2675.255833333333,1,6,7,4,8,6,0.57,40,1088.7,31.32874976624648,112.62077584654658,268.5372560155768,176.36755147120994,2024-06-01,2025-10-06 10:51:47.57,30,6,1,0,0,1,0,0,1,0,0,0,1,0,0,1,0,0,0,0,0,0,0,0,0,1
CUS_0x6575,128754.04,10568.503333333332,3,4,6,4,16,9,4.5,90,20.88,34.65427906716532,342.0384503884663,281.51832207342017,683.2935608714467,2024-06-01,2025-10-06 10:51:47.57,28,10,0,1,0,0,0,0,1,0,1,0,1,0,0,1,0,0,0,0,1,0,0,0,0,0
CUS_0x977,62295.76,5302.3133333333335,10,5,22,0,35,17,25.67,80,2907.14,31.46217267169488,303.8472585744764,490.1502935597464,252.78968155793683,2024-06-01,2025-10-06 10:51:47.57,11,2,1,1,1,1,1,0,0,0,0,0,0,0,0,0,0,1,0,0,1,0,0,0,0,0
CUS_0x7be4,18028.98,1369.415,4,7,29,5,25,8,19.7,130,1678.53,33.330210081778915,47.40991040165294,85.63694455958526,273.89464503876184,2024-06-01,2025-10-06 10:51:47.57,17,5,1,0,1,1,0,0,0,0,1,1,0,0,0,0,0,0,1,0,0,0,0,0,1,0
CUS_0xc42f,7160.96,471.9786286476618,7,10,28,7,44,15,3.2,120,2372.51,38.92602229425864,66.40999880665936,18.829378728262046,295.70332715075006,2024-06-01,2025-10-06 10:51:47.57,9,10,0,1,1,1,0,1,1,0,0,1,0,0,0,0,0,1,0,0,0,0,1,0,0,0
CUS_0x7fd1,58194.33,4663.5275,5,7,20,5,22,18,12.11,40,1208.38,29.42626543845496,132.08369503329806,180.0023214428862,404.26673352381584,2024-06-01,2025-10-06 10:51:47.57,9,10,0,1,1,0,0,1,0,1,0,1,0,0,0,0,1,0,0,0,1,0,0,0,0,0
CUS_0x9019,16748.19,1252.6825,803,5,18,2,8,23,13.85,100,1586.54,29.88302094882945,14.319661800363429,28.93378330218874,322.0148048974478,2024-06-01,2025-10-06 10:51:47.57,17,2,1,1,0,0,0,0,0,0,0,1,0,0,0,0,1,0,0,0,0,1,0,0,0,0
CUS_0x9b35,76567.6,6322.633333333334,2,3,1,4,1,1,0.4500000000000002,30,1082.42,26.27161372732167,214.2405519380256,156.82234938205968,501.2004320132482,2024-06-01,2025-10-06 10:51:47.57,19,9,0,0,1,1,0,0,1,0,1,0,1,0,0,1,0,0,0,0,0,1,0,0,0,0
CUS_0xbf67,36690.32,2922.526666666666,3,3,9,6,10,17,14.07,60,874.85,35.23574743101079,134.08829152404385,79.82250438999878,358.34187075262406,2024-06-01,2025-10-06 10:51:47.57,16,10,1,0,0,1,1,0,1,0,0,1,0,0,0,0,1,0,0,0,0,0,0,1,0,0
CUS_0x28cb,128423.36,10636.946666666669,6,4,12,5,9,10,17.32,100,527.06,29.192628239114438,339.1128757118708,416.8898458308149,622.2397524499141,2024-06-01,2025-10-06 10:51:47.57,15,4,1,0,1,1,1,0,1,0,0,1,0,0,0,0,1,0,0,0,1,0,0,0,0,0
CUS_0x3e85,142113.96,11903.83,6,4,17,3,18,12,18.1,90,1037.68,30.66748596508088,224.1221385952656,104.15742676324274,1102.1034346414917,2024-06-01,2025-10-06 10:51:47.57,22,10,0,0,0,1,0,0,1,1,0,1,0,0,0,0,1,0,0,0,0,1,0,0,0,0
CUS_0x627b,77001.36,6561.78,7,4,34,5,9,16,23.8,110,2456.49,40.51795907669712,210.5768286144609,144.83719412892643,540.7639772566126,2024-06-01,2025-10-06 10:51:47.57,20,2,1,0,1,0,1,0,0,0,1,1,0,0,0,0,1,0,0,0,0,0,0,0,0,1
CUS_0x76cf,7792.475,573.3729166666667,6,7,5199,7,16,18,14.6,100,2041.74,39.368468707819424,42.09972159510485,30.80046628394315,244.43710378761867,2024-06-01,2025-10-06 10:51:47.57,15,5,0,0,0,1,0,1,0,1,1,1,0,0,0,0,1,0,0,1,0,0,0,0,0,0
CUS_0x5bec,17164.13,1455.344166666667,8,7,30,4,49,12,23.44,120,2186.43,34.59852044545778,48.78797271009556,62.07954129362714,314.666902662944,2024-06-01,2025-10-06 10:51:47.57,11,2,0,0,1,1,0,1,0,0,0,1,0,0,0,0,1,0,0,0,0,0,0,1,0,0
CUS_0x2353,31937.62,2394.468333333333,5,3,15,2,15,11,17.37,100,1934.42,34.28741678279668,35.389514711926815,42.221561753134594,421.83575686827186,2024-06-01,2025-10-06 10:51:47.57,10,4,1,0,0,0,0,1,0,0,0,1,0,0,0,0,1,0,0,1,0,0,0,0,0,0
CUS_0x434d,24675.86,2126.3216666666667,4,4,9,1,14,9,12.08,40,370.2,38.19024667006974,12.436804133221017,136.47394318785146,333.7214193455942,2024-06-01,2025-10-06 10:51:47.57,29,3,0,1,0,0,0,0,0,0,0,0,1,0,0,1,0,0,0,0,0,0,0,0,1,0
CUS_0x618c,107392.95,8999.4125,6,3,20,1,10,18,11.88,60,210.01,20.832487093514928,51.959824607967775,1143.5953418700892,486.75635643141817,2024-06-01,2025-10-06 10:51:47.57,26,1,0,0,0,0,0,0,0,0,1,1,0,0,0,0,1,0,0,0,0,0,1,0,0,0
CUS_0x20c8,113630.4,9719.2,4,5,5,0,7,8,9.8,40,115.38,34.70454243293076,0.0,138.41940322973988,1083.5005967702602,2024-06-01,2025-10-06 10:51:47.57,27,6,0,0,0,0,0,0,0,0,0,0,1,0,0,1,0,0,0,0,1,0,0,0,0,0
CUS_0x6334,1.3944362E7,8216.153333333334,5,6,15,5,25,14,17.25,40,698.23,24.567581951095928,302.9162402277047,168.31120411038705,590.3878889952416,2024-06-01,2025-10-06 10:51:47.57,14,11,0,1,0,0,0,0,1,1,1,1,0,0,0,0,1,0,0,0,0,1,0,0,0,0
CUS_0x868a,18214.24,1594.8533333333337,5,7,20,3,20,16,4.91,20,1079.55,38.56899935591244,23.67297843331018,118.26368914660463,307.54866575341856,2024-06-01,2025-10-06 10:51:47.57,31,4,0,0,0,0,1,1,1,0,0,0,0,0,0,0,0,0,1,0,0,0,1,0,0,0
CUS_0xc0ff,12941.135,1201.4279166666668,5,4,20,7,19,10,7.19,18760,219.36,22.010279141140423,74.95092219726749,53.32791083617829,271.8639586332209,2024-06-01,2025-10-06 10:51:47.57,12,0,0,0,1,1,0,1,0,1,1,1,0,0,0,0,1,0,0,0,0,0,0,1,0,0
CUS_0x7069,39126.01,3413.500833333333,3,6,11,4,5,5,3.73,10,208.02,23.526279368427964,71.1987044783709,122.89179917031731,397.25957968464513,2024-06-01,2025-10-06 10:51:47.57,32,8,0,0,1,0,0,0,1,1,1,0,1,0,0,0,0,0,1,0,1,0,0,0,0,0
CUS_0x50e1,16046.49,1050.235803140109,5,7,22,7,22,15,17.25,110,2297.22,40.11866158750986,177.71152513663287,71.26584213928273,243.81507958397546,2024-06-01,2025-10-06 10:51:47.57,18,4,0,1,1,0,1,1,0,0,1,0,0,0,0,0,0,0,1,0,0,0,0,1,0,0
CUS_0x9f1c,18097.46,1482.121666666667,7,10,18,6,22,24,3.5,100,2439.06,26.38920347898464,57.5805970788298,107.74456329217877,272.8870062956581,2024-06-01,2025-10-06 10:51:47.57,17,2,0,1,1,1,1,0,0,0,0,1,0,0,0,0,0,1,0,0,0,0,1,0,0,0
CUS_0x3b46,119005.6,10193.133333333331,5,4,10,0,11,10,5.31,60,1248.07,41.47786008735007,0.0,333.8875345374702,945.4257987958632,2024-06-01,2025-10-06 10:51:47.57,21,2,0,0,0,0,0,0,0,0,0,0,1,0,0,0,0,0,1,1,0,0,0,0,0,0
CUS_0x2141,14235.22,975.2683333333332,10,8,25,2,21,23,0.16000000000000014,110,2072.25,23.806075487259804,18.49661877239892,63.984177519482785,275.0460370414516,2024-06-01,2025-10-06 10:51:47.57,13,0,1,0,0,0,1,0,0,0,0,1,0,0,0,0,0,1,0,1,0,0,0,0,0,0
CUS_0x5eaf,76652.88,6627.740000000002,7,5,3970,3,9,12,6.99,40,847.66,32.256636534145926,145.37294017064252,10000.0,591.5169088072035,2024-06-01,2025-10-06 10:51:47.57,18,2,0,0,0,1,1,0,0,0,1,1,0,0,0,0,1,0,0,0,0,0,1,0,0,0
CUS_0x672e,99903.36,8442.28,8,6,8,0,16,11,9.14,70,29.6,26.177673760588828,26202.0,638.961455962736,495.2665440372641,2024-06-01,2025-10-06 10:51:47.57,16,2,0,0,0,0,0,0,0,0,0,0,1,0,0,1,0,0,0,0,0,0,1,0,0,0
CUS_0x8ad5,63876.62,5358.051666666667,2,4,7,4,12,2,8.79,50,1014.51,24.127824252900904,145.03685645396808,292.3782101036391,378.3901001090596,2024-06-01,2025-10-06 10:51:47.57,26,9,0,0,0,0,1,1,0,0,1,0,1,0,0,1,0,0,0,0,0,0,0,1,0,0
CUS_0x615a,40591.74,3156.645,5,5,16,0,22,10,12.36,40,278.43,32.55061929417711,93.03689328963988,65.92273162688612,416.70487508347406,2024-06-01,2025-10-06 10:51:47.57,19,5,1,0,1,0,1,1,0,0,0,1,0,0,0,0,0,0,1,1,0,0,0,0,0,0
CUS_0xa7d7,29789.87,2287.4891666666667,2,3,4,0,12,8,5.12,50,777.23,26.77570136976361,0.0,303.81245994933994,214.93645671732673,2024-06-01,2025-10-06 10:51:47.57,24,9,0,0,0,0,0,0,0,0,0,0,1,0,0,0,0,0,1,0,0,0,1,0,0,0
CUS_0x461,32543.41,2962.9508333333333,7,7,15,0,13,8,7.56,10,1415.01,27.644494798560142,0.0,361.98715801812716,224.3079253152063,2024-06-01,2025-10-06 10:51:47.57,27,0,0,0,0,0,0,0,0,0,0,0,1,0,0,0,1,0,0,0,0,0,1,0,0,0
CUS_0x56c3,29198.56,2340.2133333333336,7,5,18,4,24,24,9.61,110,1393.85,38.11632485369219,58.46646189427882,105.71338429843956,339.841487140615,2024-06-01,2025-10-06 10:51:47.57,20,6,0,1,1,0,1,0,0,0,0,1,0,0,0,0,0,0,1,0,0,0,0,0,1,0
CUS_0x5deb,59681.56,5229.463333333333,6,3,6,3,15,21,11.99,50,55.92,24.19312920239837,116.24518060143578,626.3791823587381,70.32197037315939,2024-06-01,2025-10-06 10:51:47.57,19,0,1,0,0,0,0,0,1,1,0,0,1,0,0,0,1,0,0,0,0,0,0,0,0,1
CUS_0x8fd5,122835.52,9974.293333333331,6,4,17,3,29,14,21.73,20810,493.99,29.402284587044957,193.6489266849396,263.13063855968363,790.6497680887102,2024-06-01,2025-10-06 10:51:47.57,13,8,0,0,0,1,1,0,0,0,1,1,0,0,0,0,0,0,1,0,1,0,0,0,0,0
CUS_0x2719,155726.76,12817.23,2,3,8,0,10,1,7.33,70,1170.58,38.937441714831074,0.0,223.00597426884684,1308.7170257311536,2024-06-01,2025-10-06 10:51:47.57,30,6,0,0,0,0,0,0,0,0,0,0,0,0,0,1,0,0,0,0,1,0,0,0,0,0
CUS_0x3756,16046.46,1218.205,4,4,19,3,17,5,17.38,80,1925.94,27.68915958381745,36.949101552379005,41.44087910032596,293.430519347295,2024-06-01,2025-10-06 10:51:47.57,8,9,0,0,1,0,0,1,0,0,1,1,0,0,0,0,1,0,0,0,1,0,0,0,0,0
CUS_0x74e9,38842.5,3136.875,5,7,9,4,21,11,9.33,120,1662.17,21.666669579954547,115.04877154671654,348.4118611396017,140.2268673136818,2024-06-01,2025-10-06 10:51:47.57,13,3,0,0,1,0,1,0,1,0,0,1,0,0,0,0,1,0,0,0,0,0,1,0,0,0
CUS_0xb14f,27694.66,2404.90261822173,7,4,10,2,30,20,6.69,50,1376.27,29.57872243992033,131.36102904849366,97.24247496274464,396.4710444336985,2024-06-01,2025-10-06 10:51:47.57,24,11,0,1,0,0,0,0,0,0,1,1,0,0,0,0,1,0,0,0,0,0,1,0,0,0
CUS_0x5f67,42266.3,3505.191666666667,7,7,13,3,8,14,12.13,70,656.02,40.546137842206406,59.26225982538867,284.3294496942823,286.92745714699583,2024-06-01,2025-10-06 10:51:47.57,28,6,0,0,1,0,1,0,0,0,1,1,0,0,0,0,1,0,0,0,0,0,0,1,0,0
CUS_0xc12f,131165.24,10746.436666666666,2,7,11,3,4,0,8.31,40,124.81,29.91289541934304,244.9845942305283,770.9303976850458,328.7286747510925,2024-06-01,2025-10-06 10:51:47.57,17,8,0,1,0,0,0,1,1,0,0,0,1,0,0,1,0,0,0,0,0,0,0,0,1,0
CUS_0x36d4,137097.8,11356.816666666666,4,7,5,3,7,8,9.76,30,1045.06,34.20901742054886,213.7418690255677,298.6780445941789,873.2617530469198,2024-06-01,2025-10-06 10:51:47.57,29,3,0,1,0,0,0,1,0,0,0,0,1,0,0,0,0,0,1,0,1,0,0,0,0,0
CUS_0x6bb2,21791.905,1871.992083333333,2,3,9,1,7,3,1.76,10,166.25,29.23381071523275,11.55616488128499,60.0953415756205,365.5477018764278,2024-06-01,2025-10-06 10:51:47.57,20,5,0,0,0,0,0,0,0,0,1,0,1,0,0,1,0,0,0,0,1,0,0,0,0,0
CUS_0xa961,38577.6,3469.8,9,10,20,2,37,25,11.03,80,1312.04,38.968015369208345,36.437576025277885,139.16037208952585,421.3820518851964,2024-06-01,2025-10-06 10:51:47.57,13,6,0,0,0,0,0,1,0,1,0,1,0,0,0,0,0,0,1,0,1,0,0,0,0,0
CUS_0xb861,77457.32,6161.776666666668,8,313,18,3,59,15,15.42,70,2170.02,33.928876950539745,176.5694801455494,90.3612543617077,599.2469321594098,2024-06-01,2025-10-06 10:51:47.57,18,9,0,0,0,0,0,1,0,1,0,1,0,0,0,0,0,1,0,0,1,0,0,0,0,0
CUS_0xb9da,59665.2,4870.1,6,6,15,4,43,22,9.49,150,2288.25,34.984464683098835,113.9663888878236,213.03579960159402,486.14272287651727,2024-06-01,2025-10-06 10:51:47.57,9,4,0,0,1,0,1,0,0,0,1,1,0,0,0,0,0,0,1,0,1,0,0,0,0,0
CUS_0x67ff,82700.32,6625.693333333334,9,9,17,6,15,16,27.33,120,4659.6,33.62418710901924,392.1143331413683,386.4098280143365,174.04517217762853,2024-06-01,2025-10-06 10:51:47.57,12,2,0,1,1,0,0,0,0,1,1,1,0,0,0,0,0,1,0,0,0,0,1,0,0,0
CUS_0x6a7e,40035.02,3205.251666666666,9,6,22,9,33,25,19.79,110,3674.84,34.35720331447495,216.5099107878945,70.53822145208818,293.477034426684,2024-06-01,2025-10-06 10:51:47.57,12,4,1,1,1,1,1,1,0,1,0,1,0,0,0,0,0,1,0,1,0,0,0,0,0,0
CUS_0x7c2a,14634.1,1406.5083333333334,10,7,20,6,33,13,3.2,120,2638.42,25.85059024822193,47.83549587120697,29.407581666179997,313.4077557959464,2024-06-01,2025-10-06 10:51:47.57,7,0,0,1,1,1,0,0,1,1,0,1,0,0,0,0,0,1,0,0,1,0,0,0,0,0
CUS_0x5d82,142152.48,11894.04,6,7,19,0,13,15,11.91,10,185.7,35.016446793098034,0.0,177.14958369629034,1252.25441630371,2024-06-01,2025-10-06 10:51:47.57,16,3,0,0,0,0,0,0,0,0,0,1,0,0,0,0,1,0,0,0,0,1,0,0,0,0
CUS_0x943c,23613.43,2202.785833333333,6,7,6,3,12,11,9.35,40,428.67,37.68791119320296,46.7383065427455,184.55434927809392,258.985927512494,2024-06-01,2025-10-06 10:51:47.57,27,8,0,1,0,0,0,1,0,0,1,0,0,0,0,0,1,0,0,0,0,0,0,0,1,0
CUS_0xc5e,57264.0,4933.0,7,6,30,8,42,17,3.5,150,4730.75,37.78008017619665,283.62232065995465,10000.0,221.28171461645317,2024-06-01,2025-10-06 10:51:47.57,10,11,0,0,0,1,0,1,1,1,0,1,0,0,0,0,0,1,0,0,0,0,1,0,0,0
CUS_0x7f3,39420.54,3389.045,6,8,33,7,25,17,11.99,100,1962.59,30.291446698709308,185.6925413179594,65.12977224399332,338.0821864380473,2024-06-01,2025-10-06 10:51:47.57,20,2,0,1,0,1,1,1,0,0,1,1,0,0,0,0,0,0,1,0,1,0,0,0,0,0
CUS_0x800,143372.68,11822.723333333332,2,4,10,0,15,7,4.17,0,159.96,31.51193978173313,0.0,226.91792981792176,1195.3544035154116,2024-06-01,2025-10-06 10:51:47.57,23,0,0,0,0,0,0,0,0,0,0,0,1,0,0,1,0,0,0,0,0,1,0,0,0,0
CUS_0x9f03,28570.38,2308.865,4,5,18,1,7,12,11.2,50,1204.12,36.97751814440381,74523.0,70.54897805949442,391.78582925850577,2024-06-01,2025-10-06 10:51:47.57,22,3,1,0,0,0,0,0,0,0,0,1,0,0,0,0,1,0,0,0,1,0,0,0,0,0
CUS_0x793,28824.3,2673.025,10,10,20,9,17,24,0.62,120,2421.89,26.1573403667758,181.25911153646152,30.901194697553123,305.1421937659854,2024-06-01,2025-10-06 10:51:47.57,9,0,0,1,1,0,1,1,1,0,0,1,0,0,0,0,0,1,0,0,1,0,0,0,0,0
CUS_0x301f,138715.04,11841.586666666668,5,3,15,1,29,17,14.11,20,551.75,35.933101605579274,71.74642024652005,258.3297450199301,1094.0825014002166,2024-06-01,2025-10-06 10:51:47.57,21,0,0,0,0,0,1,0,0,0,0,1,0,0,0,0,1,0,0,0,0,1,0,0,0,0
CUS_0xbf11,106525.29,9040.1075,0,6,6,1,10,0,7.13,40,147.5,31.62351874804085,78.27115779829765,335.5629408356733,770.1766513660291,2024-06-01,2025-10-06 10:51:47.57,16,9,1,0,0,0,0,0,0,0,0,0,0,0,0,1,0,0,0,0,0,0,0,1,0,0
CUS_0x5337,42122.43,3451.2025,7,10,15,4,50,20,21.3,70,2589.31,33.123595001527875,114.88713289699776,176.0427622345476,314.1903548684546,2024-06-01,2025-10-06 10:51:47.57,14,0,1,0,0,0,0,0,0,1,1,1,0,0,0,0,0,0,1,1,0,0,0,0,0,0
CUS_0x8564,93890.61,7717.2175,7,6,5,4,11,12,7.06,100,877.12,33.70057822440362,233.5846628617247,168.35401445958834,619.783072678687,2024-06-01,2025-10-06 10:51:47.57,11,1,1,0,0,1,0,1,0,0,1,1,0,0,0,0,1,0,0,0,1,0,0,0,0,0
CUS_0xac7d,38882.52,3186.21,7,3,19,3,25,22,12.83,80,1191.5,39.82005540281153,61.055084930749686,112.84519487118256,394.7207201980677,2024-06-01,2025-10-06 10:51:47.57,24,0,0,0,0,0,1,1,0,1,0,1,0,0,0,0,0,0,1,0,1,0,0,0,0,0
CUS_0x2e76,73985.12,6207.426666666666,6,5,27,5,23,20,16.24,100,4429.84,27.163051295843392,194.89083882034168,420.30325381859717,265.5485740277278,2024-06-01,2025-10-06 10:51:47.57,9,10,1,0,0,0,1,1,0,1,0,1,0,0,0,0,0,1,0,1,0,0,0,0,0,0
CUS_0x244e,32835.91,2499.3258333333342,1,3,1,0,14,4,11.27,30,671.88,36.37577440569002,0.0,79.22314055098255,420.70944278235083,2024-06-01,2025-10-06 10:51:47.57,19,11,0,0,0,0,0,0,0,0,0,0,1,0,0,1,0,0,0,0,1,0,0,0,0,0
CUS_0x5a67,91308.16,7781.013333333332,3,7,17,3,15,9,13.28,50,1382.62,31.396246310420075,217.261482818064,244.7271605372748,566.1126899779948,2024-06-01,2025-10-06 10:51:47.57,33,3,1,0,0,0,0,1,0,1,0,1,0,0,0,0,1,0,0,0,1,0,0,0,0,0
CUS_0x7767,16559.75,1589.979166666667,4,5,19,4,23,10,10.5,90,1716.01,29.778360362644246,31.92458954121993,135.95495941906307,271.1183677063837,2024-06-01,2025-10-06 10:51:47.57,10,8,0,1,1,1,0,0,0,0,1,0,0,0,0,0,1,0,0,0,0,0,0,0,0,1
CUS_0x9b8c,31980.14,2924.0116666666668,7,3,16,6,21,18,20.21,100,1902.33,35.56709082507775,142.7969652084404,113.68312478467915,305.9210766735472,2024-06-01,2025-10-06 10:51:47.57,8,0,0,1,1,1,1,0,0,1,1,1,0,0,0,0,1,0,0,0,0,0,0,0,1,0
CUS_0x376e,104255.67,8571.9725,6,3,18,3,12,8,2.46,60,992.62,40.3025739234285,133.99106693978487,484.4252823864919,498.7809006737233,2024-06-01,2025-10-06 10:51:47.57,15,10,0,1,1,0,0,0,0,1,0,0,1,0,0,0,0,0,1,1,0,0,0,0,0,0
CUS_0x619d,32119.36,2688.613333333333,3,5,12,7,22,16,19.22,40,999.25,34.5782411348244,109.34465153743989,107.79813998264184,341.7185418132516,2024-06-01,2025-10-06 10:51:47.57,10,9,1,1,1,0,1,0,0,1,0,1,0,0,0,0,1,0,0,0,0,0,1,0,0,0
CUS_0x98cc,9771.77,574.0346036490059,6,6,8,4,24,9,6.76,70,316.13,24.91124362333315,105.3107736175048,56.38119858787297,271.8190074789497,2024-06-01,2025-10-06 10:51:47.57,29,1,1,0,0,1,1,0,0,0,0,1,0,0,0,0,1,0,0,0,0,0,1,0,0,0
CUS_0xdcb,11680.31,1013.4220414950634,3,4,13,2,21,16,3.51,30,58.64,36.53340221980311,122.60077974385943,127.46498604193668,264.40727605247383,2024-06-01,2025-10-06 10:51:47.57,22,11,1,0,1,0,0,0,0,0,0,0,1,0,0,0,0,0,1,0,0,0,1,0,0,0
CUS_0x23ff,69050.52,5722.21,3,3,10,0,17,18,8.1,30,1382.56,26.99983915659818,0.0,138.68829567484732,683.5327043251527,2024-06-01,2025-10-06 10:51:47.57,30,4,0,0,0,0,0,0,0,0,0,0,0,0,0,1,0,0,0,0,1,0,0,0,0,0
CUS_0x2647,18618.23,1654.519166666667,5,5,16,4,10,9,8.88,70,2574.41,27.69421740403956,55.72718523038452,87.09017283583637,292.63455860044576,2024-06-01,2025-10-06 10:51:47.57,18,3,1,1,1,0,0,0,0,1,0,1,0,0,0,0,1,0,0,0,0,0,0,0,1,0
CUS_0x8967,45827.74,3953.978333333333,5,6,6,2,16,8,2.33,20,978.02,26.971112281401577,53.71124128368192,298.19995910200015,333.48663294765134,2024-06-01,2025-10-06 10:51:47.57,28,3,0,0,1,0,1,0,0,0,0,0,1,0,0,0,0,0,1,0,0,0,1,0,0,0
CUS_0x8ad,37840.48,3435.373333333333,3,3,12,1,4,0,11.46,10,120.49,39.36811455573717,27.67749606294096,148.08311306953595,427.77672420085645,2024-06-01,2025-10-06 10:51:47.57,17,4,0,1,0,0,0,0,0,0,0,0,1,0,0,1,0,0,0,1,0,0,0,0,0,0
CUS_0xa2a1,18419.57,1243.9641666666666,4,4,10,1,14,7,9.08,10,699.06,28.6119121317209,9.803353349475836,129.35825071333434,275.2348126038565,2024-06-01,2025-10-06 10:51:47.57,25,5,0,1,0,0,0,0,0,0,0,0,0,0,0,0,0,0,1,0,0,0,1,0,0,0
CUS_0x1f00,25428.7,2016.0583333333327,5,4,15,6,6,18,4.7799999999999985,80,1167.79,36.028125553031366,85.08819787325076,236.68960864015233,169.8280268199303,2024-06-01,2025-10-06 10:51:47.57,12,8,0,1,0,0,0,1,0,0,1,1,0,0,0,0,1,0,0,0,0,0,1,0,0,0
CUS_0x5f9a,139702.24,11866.853333333333,4,1,7,0,3,4,9.96,8380,342.6,38.73613095612468,0.0,517.3809713590978,949.3043619742357,2024-06-01,2025-10-06 10:51:47.57,32,1,0,0,0,0,0,0,0,0,0,0,1,0,0,0,0,0,1,0,0,0,0,1,0,0
CUS_0x6529,80595.48,6899.29,7,5,6,0,30,11,17.54,80,1261.0,39.50267421444416,0.0,290.56809818361137,659.3609018163888,2024-06-01,2025-10-06 10:51:47.57,17,8,0,0,0,0,0,0,0,0,0,1,0,0,0,0,1,0,0,1,0,0,0,0,0,0
CUS_0x6a81,5505619.0,1625.5979166666666,5,3,6,0,13,0,6.79,60,1348.1,30.63826834468813,0.0,186.3344176324086,266.2253740342581,2024-06-01,2025-10-06 10:51:47.57,31,2,0,0,0,0,0,0,0,0,0,0,1,0,0,1,0,0,0,0,0,0,1,0,0,0
CUS_0x7716,1.3672037E7,3143.796666666666,8,10,29,5,56,16,22.49,110,2963.18,35.598216904582245,122.9002230457245,229.09347845879017,252.385965162152,2024-06-01,2025-10-06 10:51:47.57,10,0,1,1,0,0,1,0,1,1,0,1,0,0,0,0,0,1,0,0,0,0,1,0,0,0
CUS_0x79bf,9533.995,797.4995833333335,9,5,25,8,32,21,19.72,100,2579.1,31.676891803130204,61.366427822022274,35.525142981192964,272.85838753011814,2024-06-01,2025-10-06 10:51:47.57,7,11,1,1,1,0,0,0,1,1,1,0,0,0,0,0,0,1,0,0,0,0,1,0,0,0
CUS_0x8266,68266.3,5417.858333333334,7,4,10,3,22,9,8.32,20,1145.17,38.281725283039215,124.05338967256895,118.21084992249924,549.5215937382651,2024-06-01,2025-10-06 10:51:47.57,30,3,0,0,1,0,0,0,1,1,0,0,1,0,0,1,0,0,0,0,1,0,0,0,0,0
CUS_0xd71,87318.06,7237.505,3,3,8,1,7,8,1.19,60,134.94,31.54112228996661,25626.0,912.9585535261997,63.844116218671964,2024-06-01,2025-10-06 10:51:47.57,31,6,0,0,0,0,0,0,0,1,0,0,0,0,0,1,0,0,0,0,0,0,1,0,0,0
CUS_0x38e6,38649.08,3402.7566666666667,6,9,23,5,59,19,21.49,110,3685.87,32.77064933845041,115.37184946549831,23.77627488432169,441.12754231684653,2024-06-01,2025-10-06 10:51:47.57,7,4,0,1,1,0,0,0,1,1,0,1,0,0,0,0,0,1,0,0,0,1,0,0,0,0
CUS_0x69cd,18002.31,1645.1925,5,6,33,3,13,11,12.7,120,2571.8,25.6285511636731,40.6873701853,10000.0,310.96722409572124,2024-06-01,2025-10-06 10:51:47.57,20,0,1,1,1,0,0,0,0,0,0,1,0,0,0,0,1,0,0,0,1,0,0,0,0,0
CUS_0x859a,37968.01,3190.000833333333,2,5,5,3,15,5,4.61,10,745.43,38.313411301026825,65.01749123560772,195.22706523991008,318.75552685781554,2024-06-01,2025-10-06 10:51:47.57,18,9,0,1,1,1,0,0,0,0,0,0,1,0,0,0,0,0,1,1,0,0,0,0,0,0
CUS_0x15f4,93712.29,7832.357500000001,6,4,10,0,15,20,15.44,50,20.09,37.13005147786682,33406.0,623.3370685259705,439.8986814740297,2024-06-01,2025-10-06 10:51:47.57,30,11,0,0,0,0,0,0,0,0,0,1,0,0,0,0,1,0,0,0,0,0,0,1,0,0
CUS_0x6ea9,140719.08,11580.589999999998,3,1,7,0,14,6,10.63,20,1069.64,33.71614234991809,0.0,549.55943264843,888.49956735157,2024-06-01,2025-10-06 10:51:47.57,16,5,0,0,0,0,0,0,0,0,0,0,1,0,0,1,0,0,0,0,0,0,0,1,0,0
CUS_0x2db4,28128.16,2337.0133333333333,7,7,24,2,32,25,0.0,7940,2518.51,29.137691181044712,36.90754696160968,32.075260558029186,404.7185258136944,2024-06-01,2025-10-06 10:51:47.57,15,8,0,0,0,1,0,1,0,0,0,1,0,0,0,0,0,1,0,0,0,1,0,0,0,0
CUS_0x67e1,135895.96,11304.663333333332,8,4,6,0,12,17,12.45,30,429.77,33.77132626852749,0.0,150.45956773288816,1220.0067656004449,2024-06-01,2025-10-06 10:51:47.57,18,11,0,0,0,0,0,0,0,0,0,0,1,0,0,1,0,0,0,0,0,1,0,0,0,0
CUS_0x9ede,17758.44,1403.87,8,3,13,1,15,10,15.64,40,908.52,31.31924951048175,11.666972271723626,139.6270489428084,261.67955338623915,2024-06-01,2025-10-06 10:51:47.57,23,4,1,0,0,0,0,0,0,0,0,1,0,0,0,0,1,0,0,0,0,0,1,0,0,0
CUS_0xb39f,18648.38,1804.031666666667,4,9,22,4,7,10,13.5,120,2056.32,31.39242937005953,34.45954512141088,10000.0,264.70616020066564,2024-06-01,2025-10-06 10:51:47.57,17,11,0,1,0,0,0,1,0,1,0,1,0,0,0,0,1,0,0,0,0,0,1,0,0,0
CUS_0x1b8a,44927.86,3687.988333333333,4,6,6,3,7,8,5.55,0,762.62,33.03308334386134,102.19032878254336,78.43785492350405,438.17064962728585,2024-06-01,2025-10-06 10:51:47.57,21,4,0,0,0,1,1,0,0,0,1,0,1,0,0,1,0,0,0,0,1,0,0,0,0,0
CUS_0x7f56,17646.92,1359.5766666666666,6,5,29,5,41,24,9.31,80,2679.53,22.49347074018184,47.38352538995275,46.099029308010294,322.47511196870363,2024-06-01,2025-10-06 10:51:47.57,12,6,1,0,1,1,0,0,0,0,1,1,0,0,0,0,0,1,0,0,0,0,0,1,0,0
CUS_0xe51,96583.71,7998.642499999999,5,6,2,1,7,2,3.28,30,777.88,33.80649500253544,49572.0,64.29714990995292,907.33767723151,2024-06-01,2025-10-06 10:51:47.57,30,3,0,0,0,0,0,0,0,0,1,0,1,0,0,1,0,0,0,0,0,1,0,0,0,0
CUS_0x45f4,70741.04,5917.086666666666,1,5,8,0,11,3,2.85,10,799.89,28.92978825280644,0.0,95.95291618758199,735.7557504790848,2024-06-01,2025-10-06 10:51:47.57,33,6,0,0,0,0,0,0,0,0,0,0,1,0,0,0,0,0,1,0,0,1,0,0,0,0
CUS_0x46a2,12821.845,840.4870833333333,7,6,17,1,16,19,5.76,30,1475.23,36.089705077883856,10.21149374035067,56.732400835430155,297.1048137575525,2024-06-01,2025-10-06 10:51:47.57,18,5,0,0,1,0,0,0,0,0,0,0,1,0,0,0,0,0,1,0,0,0,0,1,0,0
CUS_0xc08b,71825.98,6078.498333333332,4,4,9,3,3,10,11.97,20,153.08,35.960366265187915,168.50779735998614,68.46625935677814,610.8757766165689,2024-06-01,2025-10-06 10:51:47.57,17,8,0,0,1,1,0,0,0,0,1,0,1,0,0,1,0,0,0,0,0,1,0,0,0,0
CUS_0x56a,30302.97,2621.2475,3,5,9,0,9,12,11.41,0,333.31,31.77605406253543,0.0,36.98642684969227,449.3664055191056,2024-06-01,2025-10-06 10:51:47.57,26,8,0,0,0,0,0,0,0,0,0,1,0,0,0,0,1,0,0,0,0,1,0,0,0,0
CUS_0x7468,134341.05,11116.0875,1,3,9,2,7,7,5.8599999999999985,40,408.12,30.337336820633716,186.9434011182671,281.81476681353706,882.850582068196,2024-06-01,2025-10-06 10:51:47.57,15,8,0,0,0,0,0,0,1,1,0,0,1,0,0,1,0,0,0,0,0,1,0,0,0,0
CUS_0x8b12,63101.14,5246.428333333333,3,4,3,4,1,8,9.19,50,64.53,28.47530259923984,170.5429654596886,260.40695921133494,353.6929086623098,2024-06-01,2025-10-06 10:51:47.57,17,0,0,0,0,0,0,1,1,1,1,0,1,0,0,0,0,0,1,1,0,0,0,0,0,0
CUS_0x903a,17214.01,1531.500833333333,8,6,19,8,26,18,3.12,100,2534.96,30.58898741667335,107.03786226244058,179.6311088188662,156.48111225202655,2024-06-01,2025-10-06 10:51:47.57,11,9,0,1,0,1,1,0,1,1,1,1,0,0,0,0,0,1,0,0,0,0,0,0,0,1
CUS_0x12a8,103092.27,8311.0225,3,6,10,4,22,15,15.53,40,300.65,39.79152936733932,328.6048363557977,65.92393372719343,676.5734799170089,2024-06-01,2025-10-06 10:51:47.57,13,8,0,0,1,0,1,1,0,0,1,1,0,0,0,0,1,0,0,0,0,1,0,0,0,0
CUS_0x3ad2,112812.24,9417.02,0,5,2,0,10,8,1.19,40,506.96,27.595057111834496,0.0,328.29388241170955,873.4081175882907,2024-06-01,2025-10-06 10:51:47.57,29,8,0,0,0,0,0,0,0,0,0,0,1,0,0,1,0,0,0,1,0,0,0,0,0,0
CUS_0x5f45,28747.25,2523.6041666666665,3,4,3,2,10,11,1.59,70,1464.69,27.465630366213823,153.47244755817374,60.5719859880891,395.35383189879633,2024-06-01,2025-10-06 10:51:47.57,16,0,1,1,0,0,0,0,0,0,0,0,1,0,0,1,0,0,0,0,1,0,0,0,0,0
CUS_0x2934,40067.1,3237.925,3,6,11,0,0,8,10.33,0,1109.77,25.591204152643968,18.86285316658192,85.665013946601,469.2646328868171,2024-06-01,2025-10-06 10:51:47.57,32,5,0,0,0,0,0,0,0,0,1,0,1,0,0,0,0,0,1,0,1,0,0,0,0,0
CUS_0x4da9,76448.44,6134.703333333334,6,5,17,3,28,8,9.37,60,2063.55,28.602856903638894,141.2967146864392,311.44104224476916,348.41746924242705,2024-06-01,2025-10-06 10:51:47.57,11,8,1,1,0,0,0,0,0,0,1,1,0,0,0,0,1,0,0,0,0,0,1,0,0,0
CUS_0x6e95,153147.64,12915.303333333335,5,4,3,1,3,1,11.24,30,1222.96,34.63724234987236,22390.0,890.6696536639432,588.9417169091498,2024-06-01,2025-10-06 10:51:47.57,25,9,0,0,0,0,0,0,0,1,0,0,1,0,0,1,0,0,0,0,0,0,0,0,1,0
CUS_0xc1fa,108064.48,8933.373333333333,6,6,15,4,14,13,3.12,50,474.74,33.464654605970075,272.1046102306528,292.2965985518402,578.9361245508405,2024-06-01,2025-10-06 10:51:47.57,18,10,0,0,0,0,1,0,1,1,0,1,0,0,0,0,0,0,1,0,1,0,0,0,0,0
CUS_0x17e9,67841.78,5562.481666666668,8,3,14,4,28,17,2.35,30,1475.39,36.470892402968616,177.35078973790849,214.02515605972806,424.8722208690302,2024-06-01,2025-10-06 10:51:47.57,27,4,1,0,0,0,0,0,0,1,0,0,0,0,0,0,1,0,0,0,0,0,0,0,0,1
CUS_0x5b48,12600.445,782.0370833333334,5,5,10,3,25,19,15.79,110,569.8,31.978873515820705,26.060347529205966,66.37358000122424,275.76978080290314,2024-06-01,2025-10-06 10:51:47.57,12,10,0,0,0,0,1,1,0,0,0,1,0,0,0,0,1,0,0,0,0,0,1,0,0,0
CUS_0xa584,52384.83,4238.4025,9,5,20,7,50,17,16.29,90,1533.79,32.970593575917505,265.51672699377565,137.7725054322872,300.5510175739371,2024-06-01,2025-10-06 10:51:47.57,7,5,1,1,1,1,0,1,0,0,0,1,0,0,0,0,1,0,0,0,0,0,0,1,0,0
CUS_0x2010,109563.36000000002,9271.28,4,3,9,1,0,12,8.74,60,214.57,35.22032417889132,84.18834626167323,492.12494892210367,620.8147048162232,2024-06-01,2025-10-06 10:51:47.57,25,0,0,0,0,0,0,0,1,0,0,0,1,0,0,1,0,0,0,0,0,0,0,0,1,0
CUS_0x4387,20900.51,1879.7091666666663,9,5,34,7,28,23,4.62,140,1317.37,26.65549433431257,75.14225223444748,96.7421241346991,306.08654029752006,2024-06-01,2025-10-06 10:51:47.57,6,4,1,0,0,0,1,1,0,1,1,1,0,0,0,0,0,1,0,0,0,0,1,0,0,0
CUS_0x4d90,99617.76,8095.48,0,6,3,0,8,4,7.41,40,851.22,29.1225661271284,0.0,122.72573610911614,926.8222638908837,2024-06-01,2025-10-06 10:51:47.57,15,10,0,0,0,0,0,0,0,0,0,0,1,0,0,1,0,0,0,0,0,1,0,0,0,0
CUS_0x7eec,32635.06,2954.5883333333336,8,6,31,6,47,24,3.89,100,2779.34,25.03925296068652,140.45930358625554,209.9264750845809,215.0730546624969,2024-06-01,2025-10-06 10:51:47.57,3,9,1,0,0,1,1,1,1,0,1,1,0,0,0,0,0,1,0,0,0,0,0,0,1,0
CUS_0x8d7e,21490.82,1812.9016666666664,3,5,5,4,30,6,8.0,50,437.91,27.28382737782336,58.148358174589006,98.02562865176742,285.11617984031017,2024-06-01,2025-10-06 10:51:47.57,26,5,0,1,0,0,0,0,0,1,0,1,0,0,0,0,1,0,0,1,0,0,0,0,0,0
CUS_0x90e0,65247.82,5649.318333333334,3,5,12,2,14,6,3.1,10,344.92,38.310418892858586,105.01878649217096,110.22421489897543,589.6888319421871,2024-06-01,2025-10-06 10:51:47.57,17,8,0,0,0,1,0,0,0,0,0,0,1,0,0,1,0,0,0,0,0,1,0,0,0,0
CUS_0x4453,28045.82,2434.151666666666,7,7,6,7,23,9,21.28,80,324.35,39.37903754627688,147.72083686017731,123.59546511864552,242.09886468784384,2024-06-01,2025-10-06 10:51:47.57,15,4,1,1,0,0,0,0,1,1,1,1,0,0,0,0,1,0,0,0,0,0,0,0,1,0
CUS_0x47ef,42237.36,3725.78,5,7,4,4,8,11,6.0,30,1170.65,26.37980170614853,98.45588688009369,252.27643945188476,281.8456736680216,2024-06-01,2025-10-06 10:51:47.57,25,11,1,0,0,1,0,0,1,0,0,0,1,0,0,1,0,0,0,1,0,0,0,0,0,0
CUS_0x5b22,81764.54,6209.636094068051,1,6,7,4,30,1,9.28,20,745.06,26.707911526778645,475.4367994974163,305.28166188873723,488.82827787912936,2024-06-01,2025-10-06 10:51:47.57,30,11,1,0,0,1,0,1,0,0,1,0,1,0,0,1,0,0,0,0,0,0,0,1,0,0
CUS_0xc4ac,1.2399758E7,10463.97,0,6,6,0,15,10,7.7,10,492.7,30.25352521591345,0.0,267.42745393998456,1018.9695460600152,2024-06-01,2025-10-06 10:51:47.57,20,10,0,0,0,0,0,0,0,0,0,0,1,0,0,1,0,0,0,0,0,1,0,0,0,0
CUS_0x3374,73134.06,5913.505,5,4,12,4,23,10,4.63,40,382.91,28.39894513209736,156.92095636386563,124.59311776760599,549.8364258685284,2024-06-01,2025-10-06 10:51:47.57,33,6,0,1,0,0,1,1,0,0,0,0,0,0,0,0,1,0,0,0,0,1,0,0,0,0
CUS_0x6247,100505.49,8538.4575,7,6,17,404,26,14,6.85,20,1309.0,28.38064795201872,165.51000075402305,332.3438326862673,605.9919165597098,2024-06-01,2025-10-06 10:51:47.57,31,10,1,0,0,1,0,1,0,0,0,0,0,0,0,0,1,0,0,0,1,0,0,0,0,0
CUS_0x7c7a,33136.35,2681.3625,0,3,12,0,3,1,2.34,4550,4.64,35.99152260577298,31.92363403760208,230.65200790216304,275.5606080602348,2024-06-01,2025-10-06 10:51:47.57,33,4,0,0,0,0,1,0,0,1,0,0,1,0,0,1,0,0,0,0,0,0,0,0,1,0
CUS_0xb4c2,33787.3,2956.6083333333336,7,5,34,6,49,13,0.72,110,2813.15,29.293592250122096,101.55315770605269,70.41001368282855,373.6976619444522,2024-06-01,2025-10-06 10:51:47.57,8,4,1,1,1,0,0,0,1,0,1,1,0,0,0,0,0,1,0,0,1,0,0,0,0,0
CUS_0x172d,57242.61,4625.2175,9,7,19,0,42,24,26.33,120,4841.18,30.552235938606056,144.39087940232832,162.4163499489906,405.714520648681,2024-06-01,2025-10-06 10:51:47.57,7,10,0,0,1,1,0,0,1,0,1,1,0,0,0,0,0,0,1,0,1,0,0,0,0,0
CUS_0xbf2e,136597.12,11166.093333333332,5,4,17,4,28,14,4.35,0,843.65,30.032529471356916,252.10507082904616,549.5042245168187,595.0000379874685,2024-06-01,2025-10-06 10:51:47.57,30,4,0,0,0,0,1,1,0,1,1,1,0,0,0,0,0,0,1,0,0,0,0,1,0,0
CUS_0x16b1,67412.2,5911.6833333333325,6,5,7,2,23,12,18.7,90,858.85,37.420087939224615,106.59293418922586,10000.0,508.8714529394218,2024-06-01,2025-10-06 10:51:47.57,28,9,0,0,1,0,0,0,1,0,0,1,0,0,0,0,1,0,0,0,1,0,0,0,0,0
CUS_0x8bba,9429.325,909.7770833333334,5,5,28,2,26,15,9.27,120,2101.94,36.167828341320295,12.851520714108176,118.41913985029156,303.28647334412005,2024-06-01,2025-10-06 10:51:47.57,15,3,0,0,1,0,0,0,1,0,0,1,0,0,0,0,1,0,0,0,1,0,0,0,0,0
CUS_0xb2e,32107.52,2537.6266666666666,9,9,2869,3,24,24,7.04,90,1295.13,22.814326654649307,70.57182301264676,330.8657884109901,142.32505524302985,2024-06-01,2025-10-06 10:51:47.57,7,10,0,0,0,0,1,1,0,1,0,1,0,0,0,0,0,1,0,0,0,0,1,0,0,0
CUS_0x4adb,58367.36,4921.946666666667,5,4,5,2,5,9,11.89,50,1339.95,32.515526613838055,55.58150319615926,450.2713938187805,276.34176965172696,2024-06-01,2025-10-06 10:51:47.57,17,3,0,0,0,1,0,0,0,0,0,0,0,0,0,0,1,0,0,0,0,0,1,0,0,0
CUS_0x7b23,36850.65,3266.8875000000007,6,3,19,3,13,14,10.77,0,420.06,28.243289048302607,52.51752166257032,188.26329748540587,412.9864338694297,2024-06-01,2025-10-06 10:51:47.57,26,2,0,0,1,1,0,0,0,0,0,1,0,0,0,0,1,0,0,0,0,0,0,0,0,1
CUS_0x4b61,69506.16,5868.18,8,6,17,1,15,17,16.76,40,460.46,30.294797210830644,51.78614178778266,117.35069557923865,667.6811626329787,2024-06-01,2025-10-06 10:51:47.57,16,6,0,0,0,0,0,0,0,0,1,1,0,0,0,0,0,0,1,0,1,0,0,0,0,0
CUS_0x54c3,18354.805,1457.5670833333334,0,3,8,1,24,7,5.85,40,863.63,25.720055421421197,13.915906204021931,67.84391295453132,343.9968891747801,2024-06-01,2025-10-06 10:51:47.57,17,9,0,0,0,1,0,0,0,0,0,0,1,0,0,1,0,0,0,0,0,0,0,1,0,0
CUS_0x73ec,35952.45,3174.0375,3,6,16,2,6,10,18.36,120,517.01,38.8458295396333,59.040751660855726,165.40629802445284,382.9567003146914,2024-06-01,2025-10-06 10:51:47.57,16,8,0,0,0,0,0,0,0,1,1,1,0,0,0,0,0,0,1,0,0,0,1,0,0,0
CUS_0x8a36,34102.64,2742.8866666666668,7,5,26,5,12,13,6.25,60,4057.35,29.80910574725409,140.11980298030753,51.88278016275506,322.28608352360413,2024-06-01,2025-10-06 10:51:47.57,10,0,1,1,0,1,1,1,0,0,0,1,0,0,0,0,0,0,1,0,0,1,0,0,0,0
CUS_0x460d,42346.98,3776.915,3,2,12,0,5,6,11.89,70,373.79,39.150167020758666,0.0,299.1552063066236,348.5362936933765,2024-06-01,2025-10-06 10:51:47.57,30,0,0,0,0,0,0,0,0,0,0,0,1,0,0,1,0,0,0,0,0,0,0,0,0,1
CUS_0x8c27,63965.84,5394.486666666667,8,7,18,7,62,18,27.97,140,3496.34,33.31663902554129,299.6086222418058,498.75449039565,11.085554029210869,2024-06-01,2025-10-06 10:51:47.57,0,11,0,1,1,0,0,1,1,1,0,1,0,0,0,0,0,0,1,0,0,0,0,0,1,0
CUS_0xad75,14388.77,1060.0641666666668,4,5,16,0,1,10,18.17,90,1836.93,31.23240051332684,30.095070796207523,101.72670951642587,264.18463635403333,2024-06-01,2025-10-06 10:51:47.57,6,0,0,1,1,0,0,0,1,0,0,1,0,0,0,0,1,0,0,0,0,0,1,0,0,0
CUS_0x558e,5651693.0,2611.245,5,3,5,0,8,8,11.73,20,1292.55,28.491640525266533,0.0,143.87144192337394,377.25305807662613,2024-06-01,2025-10-06 10:51:47.57,26,3,0,0,0,0,0,0,0,0,0,0,1,0,0,1,0,0,0,1,0,0,0,0,0,0
CUS_0x3e4d,7567.505,749.6254166666665,6,7,21,5,60,22,26.4,120,4343.3,35.14384651424676,25.533190958147426,64.0078595703437,275.42149113817555,2024-06-01,2025-10-06 10:51:47.57,11,6,1,0,0,0,1,0,1,0,1,1,0,0,0,0,0,1,0,0,0,0,1,0,0,0
CUS_0x6556,161063.8,13689.983333333332,3,3,7,3,9,11,9.77,30,1193.64,47.092781297942494,229.2862559387396,149.21807217350326,1230.4940052210902,2024-06-01,2025-10-06 10:51:47.57,20,5,0,0,0,0,0,1,1,1,0,0,1,0,0,1,0,0,0,0,0,1,0,0,0,0
CUS_0xad1b,90562.83,7299.9025,3,4,1,2,0,7,6.38,20,1217.99,33.258080733301256,147.2207734718398,175.5927700189777,647.1767065091825,2024-06-01,2025-10-06 10:51:47.57,17,8,0,0,0,0,0,0,1,0,1,0,1,0,0,0,0,0,1,0,0,1,0,0,0,0
CUS_0x6d4e,27318.32,2158.526666666666,6,4,7,3,11,11,12.45,110,1370.22,36.72049058704718,60.32390941537293,164.26852869221804,281.2602285590757,2024-06-01,2025-10-06 10:51:47.57,14,1,0,0,0,1,0,0,1,0,1,1,0,0,0,0,0,0,1,0,0,0,1,0,0,0
CUS_0xb46e,81744.76,6948.063333333333,10,6,15,7,51,19,18.45,170,2196.59,34.84798595404321,434.96735740358287,10000.0,265.1371069133496,2024-06-01,2025-10-06 10:51:47.57,8,6,0,1,0,0,1,1,0,1,1,1,0,0,0,0,0,0,1,0,0,0,0,1,0,0
CUS_0x2ed4,57473.58,4270.850878585941,2,854,5,3,9,3,2.79,50,703.18,35.84858260103663,402.131892611153,492.85605099111496,123.07267781179128,2024-06-01,2025-10-06 10:51:47.57,30,9,0,0,0,0,1,0,0,1,1,0,1,0,0,0,0,0,1,0,0,0,1,0,0,0
CUS_0x28b5,23404.86,1899.405,6,5,7,0,12,17,0.0,50,35.54,32.491575969702374,0.0,86.55597978430912,393.3845202156908,2024-06-01,2025-10-06 10:51:47.57,29,2,0,0,0,0,0,0,0,0,0,1,0,0,0,0,1,0,0,0,0,0,1,0,0,0
CUS_0x5146,63195.21,5318.2675,4,7,6,0,29,14,7.6,40,1113.92,34.82843523305265,0.0,440.02413521912865,381.8026147808714,2024-06-01,2025-10-06 10:51:47.57,32,4,0,0,0,0,0,0,0,0,0,0,1,0,0,0,0,0,1,0,0,0,1,0,0,0
CUS_0x63df,44447.88,3999.99,7,5,30,5,19,22,19.48,80,3781.47,35.493694990214884,107.60529068800967,90.32635023910309,442.06735907288726,2024-06-01,2025-10-06 10:51:47.57,6,0,1,0,1,1,1,1,0,0,0,1,0,0,0,0,0,1,0,0,0,1,0,0,0,0
CUS_0x7916,17628.0,1625.0,7,4,18,6,5,17,18.2,110,1443.38,23.325161999218203,79.65160692884068,87.1459067413969,275.7024863297624,2024-06-01,2025-10-06 10:51:47.57,18,0,1,0,0,1,1,1,1,0,0,1,0,0,0,0,1,0,0,0,0,0,0,1,0,0
CUS_0x7aec,104722.71,8974.8925,3,4,19,5,29,12,16.51,100,1262.11,33.256661324248704,227.28230461412937,599.5792202884553,340.62772509741563,2024-06-01,2025-10-06 10:51:47.57,12,8,1,1,1,0,1,0,0,0,0,1,0,0,0,0,0,0,1,0,0,0,0,0,1,0
CUS_0xa12c,136386.2,11512.516666666668,7,5,16,2,13,15,1.42,0,971.34,27.27100202931572,187.46432294878505,448.4634238029545,765.3239199149272,2024-06-01,2025-10-06 10:51:47.57,29,11,0,1,0,0,0,1,0,0,0,0,1,0,0,0,0,0,1,0,1,0,0,0,0,0
CUS_0x5c87,1.3115381E7,6074.2733333333335,9,8,30,5,21,23,22.94,100,3026.97,27.505509075602163,208.76961300214725,306.8360158299751,361.8217045012111,2024-06-01,2025-10-06 10:51:47.57,9,6,1,0,1,0,1,0,1,0,0,1,0,0,0,0,0,1,0,0,0,0,0,0,1,0
CUS_0x847e,12997.515,1211.12625,3,5,15,3,10,20,12.57,40,286.42,33.555801035987265,18.92140053298563,130.17692412457131,262.0143003424431,2024-06-01,2025-10-06 10:51:47.57,27,6,0,0,0,0,1,1,1,0,0,0,1,0,0,0,1,0,0,0,0,0,1,0,0,0
CUS_0x8a90,69699.66,5538.305,3,6,5,1,18,13,8.84,30,485.36,40.30394642490287,57.27662840553851,273.48429621945684,503.0695753750047,2024-06-01,2025-10-06 10:51:47.57,19,9,0,0,0,0,0,0,0,0,1,1,0,0,0,0,0,0,1,0,0,0,0,1,0,0
CUS_0x259d,22433.46,1493.4420409882955,4,3,2674,1,1,4,4.73,40,1078.38,33.176875510052554,101.543102994915,45.106979878742315,363.9083761380468,2024-06-01,2025-10-06 10:51:47.57,28,6,0,0,0,0,0,0,0,1,0,0,1,0,0,1,0,0,0,1,0,0,0,0,0,0
CUS_0x2798,46066.06,3567.838333333333,1190,883,8,2,29,13,16.43,50,373.75,39.887718018729984,61.159486187225895,145.51853080635084,484.0633566755375,2024-06-01,2025-10-06 10:51:47.57,25,4,0,0,0,0,0,1,0,1,0,1,0,0,0,0,1,0,0,0,1,0,0,0,0,0
CUS_0x4390,61664.0,4930.666666666667,6,3,16,4,13,15,19.34,110,218.72,31.370031262987844,204.84533030926715,195.96532636969826,352.25600998770136,2024-06-01,2025-10-06 10:51:47.57,29,5,0,0,1,1,1,0,0,0,0,1,0,0,0,0,1,0,0,1,0,0,0,0,0,0
CUS_0x87c9,17142.64,1200.5533333333333,8,10,29,6,19,8,0.0,130,1595.91,32.17536699655797,80.98261107772716,16.29586562290204,262.77685663270415,2024-06-01,2025-10-06 10:51:47.57,10,5,1,1,0,0,1,0,0,1,1,1,0,0,0,0,1,0,0,0,0,1,0,0,0,0
CUS_0x85b9,135445.2,11415.1,5,4,17,3,22,20,19.4,40,654.81,37.353504613578174,222.9189043007948,693.0599434176494,495.53115228155576,2024-06-01,2025-10-06 10:51:47.57,7,4,0,0,0,0,1,0,0,1,0,1,0,0,0,0,1,0,0,0,0,0,0,0,1,0
CUS_0x8aa2,68103.81,5270.796896009038,8,7,2,0,21,8,3.41,30,71.41,25.719663632322327,669.520603990962,237.37281486425687,616.658935135743,2024-06-01,2025-10-06 10:51:47.57,33,6,0,0,0,0,0,0,0,0,0,0,1,0,0,1,0,0,0,0,0,0,0,0,0,1
CUS_0x920e,57079.5,4669.625,8,3,9,4,23,14,4.48,30,26.47,33.92714272350117,125.73113666113822,108.98107465021454,178.30493537589058,2024-06-01,2025-10-06 10:51:47.57,33,4,0,0,0,1,1,1,0,0,0,0,1,0,0,0,1,0,0,0,0,0,0,0,1,0
CUS_0x4fc4,21454.79,1720.8991666666668,0,6,12,4,4,2,1.56,30,1152.36,26.75154312217193,46.47327353624938,10000.0,301.2893128941205,2024-06-01,2025-10-06 10:51:47.57,31,0,0,1,0,0,0,1,1,0,0,0,1,0,0,1,0,0,0,0,0,0,0,0,1,0
CUS_0x536e,13100.02,1246.6683333333333,7,5,6,5,6,20,10.64,130,727.29,37.33240418693118,41.17713179044267,95.54954898015177,277.9401525627389,2024-06-01,2025-10-06 10:51:47.57,11,3,0,0,1,0,1,0,1,0,1,1,0,0,0,0,1,0,0,0,0,0,1,0,0,0
CUS_0x6144,7091.66,835.9716666666667,10,7,15,2,22,25,4.23,120,1706.05,35.29059509827715,11.632689662306769,26.13088785164386,305.83358915271606,2024-06-01,2025-10-06 10:51:47.57,19,10,0,0,1,0,0,1,0,0,0,1,0,0,0,0,0,1,0,1,0,0,0,0,0,0
CUS_0xc265,30564.65,2554.054166666667,4,4,2,1,15,10,11.79,10,504.93,33.025384564429906,16.69408058574432,17.932204804154942,460.7791312767674,2024-06-01,2025-10-06 10:51:47.57,25,0,0,1,0,0,0,0,0,0,0,0,0,0,0,1,0,0,0,0,0,1,0,0,0,0
CUS_0x1309,106876.77,9149.3975,4,5,12,1,21,20,8.24,40,356.07,32.777617530254595,62.24258065692497,119.84314095421905,972.854028388856,2024-06-01,2025-10-06 10:51:47.57,29,5,0,0,0,0,1,0,0,0,0,0,1,0,0,1,0,0,0,0,0,1,0,0,0,0
CUS_0x4f73,130393.96,10618.163333333334,4,6,9,1,11,13,7.39,10,719.76,35.284493548225974,72.34575052663001,921.7546170861298,337.7159657205736,2024-06-01,2025-10-06 10:51:47.57,18,2,1,0,0,0,0,0,0,0,0,0,1,0,0,0,1,0,0,0,0,0,0,0,1,0
CUS_0x61fb,36270.25,2846.520833333333,2,3,10,0,28,6,10.59,0,220.62,40.06389030119744,0.0,38.021436509127504,486.63064682420577,2024-06-01,2025-10-06 10:51:47.57,23,5,0,0,0,0,0,0,0,0,0,0,1,0,0,1,0,0,0,0,0,1,0,0,0,0
CUS_0x62a4,50847.22,4156.268333333333,3,6,4831,1,2,18,6.4,0,486.71,36.56803928792653,23.78387812950614,385.71742918231547,276.12552602151175,2024-06-01,2025-10-06 10:51:47.57,23,2,0,0,1,0,0,0,0,0,0,1,0,0,0,0,1,0,0,0,0,0,0,0,0,1
CUS_0x9efd,8446.24,909.186680650896,8,5,16,3,23,19,4.46,110,1425.23,38.45733647263047,80.25169765024204,120.09357273550287,248.40671563002576,2024-06-01,2025-10-06 10:51:47.57,19,3,1,0,1,0,0,1,0,0,0,1,0,0,0,0,0,1,0,0,0,0,1,0,0,0
CUS_0xc180,83552.12,6780.676666666666,7,7,1780,3,48,10,10.82,140,1365.36,29.33984485305591,161.48369070768382,300.3001944046221,476.2837815543608,2024-06-01,2025-10-06 10:51:47.57,8,5,0,0,0,0,1,0,1,1,0,1,0,0,0,0,0,0,1,1,0,0,0,0,0,0
CUS_0xc513,7680.08,544.0066666666668,6,6,30,5,59,25,1.89,150,2181.01,31.51902072254803,19.06032271860156,48.67165402022346,276.6686899278417,2024-06-01,2025-10-06 10:51:47.57,19,9,0,1,0,1,0,1,0,1,0,0,0,0,0,0,0,0,1,0,0,0,1,0,0,0
CUS_0x4b42,16201.47,1623.1225,4,6,20,2,12,14,12.34,40,1438.98,34.27723546490748,21.024678867286,90.43067318272013,340.8568979499939,2024-06-01,2025-10-06 10:51:47.57,15,6,0,0,0,1,0,0,0,0,1,0,0,0,0,0,1,0,0,0,0,0,1,0,0,0
CUS_0x641b,22332.29,1977.0241666666668,6,7,14,3,27,12,10.29,50,716.83,37.60845738940486,34.53849859746837,49.666292138610636,373.4976259305877,2024-06-01,2025-10-06 10:51:47.57,27,10,1,1,0,0,0,0,0,0,0,0,1,0,0,0,1,0,0,1,0,0,0,0,0,0
CUS_0x75f2,44982.74,3774.561666666666,4,2,11,2,7,6,2.14,30,388.78,32.98432967908392,72.30835791826603,205.3658618443277,224.19487447722625,2024-06-01,2025-10-06 10:51:47.57,20,3,0,1,0,0,0,0,0,1,0,0,1,0,0,0,0,0,1,0,0,0,1,0,0,0
CUS_0x795e,103668.45,8557.0375,7,3,4,3,26,8,11.37,50,1320.03,38.43066822702835,210.20461307886376,10000.0,326.0184534401874,2024-06-01,2025-10-06 10:51:47.57,33,6,0,0,0,0,1,0,0,0,1,0,1,0,0,0,1,0,0,0,0,0,1,0,0,0
CUS_0x63f3,14353.89,1285.1575,9,9,24,6,55,16,17.4,110,3259.17,32.7122838370188,71.05797218969101,50.02311341587809,287.4346643944309,2024-06-01,2025-10-06 10:51:47.57,2,8,0,0,1,1,0,0,1,0,0,1,0,0,0,0,0,1,0,0,0,0,0,1,0,0
CUS_0x5a9f,88535.92,7299.993333333333,5,7,17,5,16,14,11.07,70,1499.31,27.258669977892986,360.87427850104217,651.5275987053583,70.22510543406486,2024-06-01,2025-10-06 10:51:47.57,13,10,1,1,0,1,0,0,0,1,1,1,0,0,0,0,1,0,0,0,0,0,0,0,1,0
CUS_0x5d34,69557.68,5570.473333333332,6,7,8,1,28,21,9.4,30,503.35,43.081980210791386,47.379998602938464,114.0658814121415,645.6014533182532,2024-06-01,2025-10-06 10:51:47.57,21,3,0,0,1,0,0,0,0,0,0,1,0,0,0,0,1,0,0,0,1,0,0,0,0,0
CUS_0xc165,16518.585,1563.54875,1,5,9,4,4,10,11.67,60,272.0,28.85557189344491,47.6233314099515,80.23450068661417,288.49704290343436,2024-06-01,2025-10-06 10:51:47.57,30,2,0,0,0,0,0,1,1,1,0,0,1,0,0,1,0,0,0,0,0,0,0,0,0,1
CUS_0x2f49,29434.08,2634.84,9,6,31,0,56,25,26.97,140,2619.68,33.888334724315804,63.92120898503581,29.240537498572436,420.3222535163918,2024-06-01,2025-10-06 10:51:47.57,2,8,1,0,1,0,1,0,0,0,1,1,0,0,0,0,0,0,1,0,1,0,0,0,0,0
CUS_0x30fc,90781.53,7505.1275,7,7,6,0,28,13,17.36,90,494.51,36.809951207633,0.0,688.2568750926885,342.2558749073115,2024-06-01,2025-10-06 10:51:47.57,19,8,0,0,0,0,0,0,0,0,0,1,0,0,0,0,1,0,0,0,0,0,0,1,0,0
CUS_0xac5d,89956.16,7650.346666666667,5,6,19,5,30,11,10.3,80,1239.81,32.70446337485123,299.4974859845861,197.75623066945542,517.7809500126252,2024-06-01,2025-10-06 10:51:47.57,19,1,0,1,1,0,1,0,1,0,0,1,0,0,0,0,1,0,0,0,1,0,0,0,0,0
CUS_0x7250,85328.73,6858.7275,528,4,11,1,17,834,1.83,20,585.05,22.56544762239665,68.4589661120162,610.8695367356431,286.54424715234063,2024-06-01,2025-10-06 10:51:47.57,32,2,0,0,0,0,0,1,0,0,0,0,1,0,0,0,0,0,1,0,0,0,0,1,0,0
CUS_0x8c68,7689.5,806.7916666666665,9,9,20,9,37,23,23.95,130,3503.17,35.10804009489725,53.05905221544299,50.72951418883206,266.89060026239156,2024-06-01,2025-10-06 10:51:47.57,3,2,1,1,1,0,1,1,1,0,1,1,0,0,0,0,0,1,0,0,0,0,1,0,0,0
CUS_0xa833,17357.205,1588.43375,1,4,1,4,0,9,2.07,20,1076.46,34.4187523271472,40.97949324953564,103.31836512691817,294.54551662354623,2024-06-01,2025-10-06 10:51:47.57,30,3,1,0,0,0,0,0,1,1,0,0,1,0,0,1,0,0,0,0,0,0,0,1,0,0
CUS_0x2d81,151854.56,12446.546666666669,3,4,9,3,9,0,12.42,20,1205.6,34.546949469781204,316.4817263870527,686.5914426896059,501.58149759000815,2024-06-01,2025-10-06 10:51:47.57,16,3,0,1,0,0,1,0,0,0,0,0,1,0,0,0,0,0,1,1,0,0,0,0,0,0
CUS_0x9c68,19427.14,1404.928333333333,4,6,16,6,26,15,11.4,70,696.13,29.00253674673896,75.2887289458905,26.912165163037248,278.2919392244056,2024-06-01,2025-10-06 10:51:47.57,11,2,1,1,0,0,0,1,0,1,1,1,0,0,0,0,1,0,0,0,0,1,0,0,0,0
CUS_0xc218,37240.22,3313.351666666667,6,10,16,3,13,21,13.23,80,1765.75,33.12630576898457,58.230187704801146,90.28268454093788,432.8222944209277,2024-06-01,2025-10-06 10:51:47.57,8,8,1,0,0,0,0,0,0,1,1,0,0,0,0,0,1,0,0,0,1,0,0,0,0,0
CUS_0x4de6,28256.63,2440.7191666666668,7,7,5,1,19,17,3.93,10,66.47,37.02703196567596,12.342459789644852,223.3594664203876,288.3699904566342,2024-06-01,2025-10-06 10:51:47.57,22,5,0,0,0,0,0,0,0,1,0,0,1,0,0,1,0,0,0,0,0,0,0,1,0,0
CUS_0x7181,9093.865,621.8220833333334,7,9,27,4,25,18,15.75,110,2196.35,35.047383107194904,25.631584288243552,48.58626707535729,277.96435696973253,2024-06-01,2025-10-06 10:51:47.57,9,11,0,0,0,0,1,0,1,0,1,1,0,0,0,0,0,1,0,0,0,0,1,0,0,0
CUS_0x9cab,38186.84,3428.236666666666,8,6,20,0,23,16,17.03,110,3269.54,29.95143830803313,282.37104690736544,125.90324637482092,224.54937338448033,2024-06-01,2025-10-06 10:51:47.57,10,4,1,0,0,1,0,1,0,1,1,1,0,0,0,0,0,1,0,0,0,0,1,0,0,0
CUS_0x76f6,88325.58,7486.465,0,4,7,3,14,5,0.66,70,547.05,34.73488738694043,207.56397906205663,97.99977069699013,683.0827502409533,2024-06-01,2025-10-06 10:51:47.57,27,9,0,0,0,0,1,1,0,1,0,0,1,0,0,1,0,0,0,0,0,1,0,0,0,0
CUS_0x541c,17296.485,1680.37375,1,3,11,1,5,0,8.59,20,948.38,38.07594582924715,11.06281180836493,29.485664395672877,367.4888987959622,2024-06-01,2025-10-06 10:51:47.57,32,4,0,0,0,0,0,0,0,0,1,0,1,0,0,1,0,0,0,0,0,1,0,0,0,0
CUS_0x7036,34506.14,3032.5116666666668,10,7,1253,5,37,22,0.0,100,3572.04,35.17758823837734,116.66019592872247,78.51446671768814,358.07650402025604,2024-06-01,2025-10-06 10:51:47.57,11,10,0,0,1,1,1,0,1,0,0,1,0,0,0,0,0,0,1,0,1,0,0,0,0,0
CUS_0xa8c9,137428.16,11355.346666666665,3,5,5,2,8,7,10.88,20,1151.71,36.94797165236511,139.82554122143685,249.76355824160862,985.9455672036212,2024-06-01,2025-10-06 10:51:47.57,26,4,0,0,1,1,0,0,0,0,0,0,0,0,0,1,0,0,0,0,0,1,0,0,0,0
CUS_0xb887,26029.41,1950.1175,3,7,12,1127,9,15,10.88,10,412.13,33.65810144822864,33.7011516162198,68.34218534845485,342.96841303532534,2024-06-01,2025-10-06 10:51:47.57,25,3,0,0,1,0,0,1,0,0,0,0,1,0,0,0,0,0,1,0,1,0,0,0,0,0
CUS_0x5324,9415.2,541.6,8,10,33,6,42,25,24.44,140,3383.54,23.83320256556217,23.796122863948952,19.690815756265565,257.8656597900212,2024-06-01,2025-10-06 10:51:47.57,5,4,1,1,0,0,1,1,0,0,0,1,0,0,0,0,0,1,0,1,0,0,0,0,0,0
CUS_0x5786,20372.43,1411.7025,10,5,17,7,29,18,23.96,150,3460.0,30.70813373105643,108.1344183283934,10000.0,219.37112309010644,2024-06-01,2025-10-06 10:51:47.57,3,6,1,0,0,1,1,1,1,1,0,1,0,0,0,0,0,0,1,0,0,0,0,1,0,0
CUS_0x5a81,32520.18,2928.015,9,1325,27,6,52,19,1.6,70,2196.5,40.41462353092845,126.41027475623964,109.03002531245156,347.3611999313088,2024-06-01,2025-10-06 10:51:47.57,20,3,1,0,0,1,0,1,1,0,1,1,0,0,0,0,0,0,1,0,0,0,1,0,0,0
CUS_0x631d,8830.81,489.43602225137255,10,5,33,9,15,19,1.6399999999999997,140,3587.45,30.50823325086455,93.49757981057908,40.05424645077528,251.0030681539398,2024-06-01,2025-10-06 10:51:47.57,4,6,0,1,1,1,1,0,0,1,0,1,0,0,0,0,0,1,0,0,0,0,1,0,0,0
CUS_0xa85d,34243.28,2594.6066666666666,7,10,18,7,28,23,16.92,110,1405.24,30.369876745404763,195.0997900551577,340.8444530459898,13.51642356551912,2024-06-01,2025-10-06 10:51:47.57,5,9,0,1,1,0,1,1,0,1,0,0,0,0,0,0,0,1,0,0,0,0,1,0,0,0
CUS_0x2d02,15603.415,1458.284583333333,3,5,7,3,14,2,10.1,10,783.82,28.402149949137417,33.8387723401147,76.52287675311915,325.46680924009945,2024-06-01,2025-10-06 10:51:47.57,18,9,0,0,1,0,0,0,1,1,0,0,1,0,0,1,0,0,0,0,0,0,1,0,0,0
CUS_0x3f6a,18426.65,1516.1270646167652,3,7,18,0,11,16,14.94,70,2329.28,30.78260660812355,214.51333966774035,52.077553147326114,349.09162590150186,2024-06-01,2025-10-06 10:51:47.57,15,6,1,0,0,0,0,1,0,0,1,1,0,0,0,0,1,0,0,0,0,0,0,0,1,0
CUS_0x402d,46817.5,4142.458333333334,8,3,10,4,17,13,11.45,10,613.71,37.25634427261057,106.1789086120025,146.2530437351102,421.8138809862206,2024-06-01,2025-10-06 10:51:47.57,17,5,0,1,0,1,1,0,0,1,0,0,1,0,0,0,0,0,1,1,0,0,0,0,0,0
CUS_0x9e42,126603.51,10711.2925,1,5,2,2,7,0,6.04,40,545.67,38.89577690608529,163.94448184700911,97.40864410294265,1049.776124050048,2024-06-01,2025-10-06 10:51:47.57,30,5,0,0,0,1,0,1,0,0,0,0,1,0,0,0,0,0,1,0,0,1,0,0,0,0
CUS_0x238c,38269.83,3010.1525,3,1,9,1,0,9,7.6,30,1144.21,39.1370688463856,26.53225597495757,70.52524342029031,443.9577506047522,2024-06-01,2025-10-06 10:51:47.57,20,5,0,0,0,0,0,0,0,1,0,0,1,0,0,1,0,0,0,0,0,1,0,0,0,0
CUS_0x3722,25347.26,2072.2716666666665,5,4,20,1,5,16,10.37,50,1032.75,27.01299880340876,11.637449187665268,110.75046630216063,374.83925117684083,2024-06-01,2025-10-06 10:51:47.57,19,11,0,0,0,0,1,0,0,0,0,0,0,0,0,0,1,0,0,0,0,0,1,0,0,0
CUS_0x4866,95025.4,7683.783333333333,6,6,14,0,12,15,10.13,70,746.5,38.50015328628083,0.0,161.37244955196448,847.0058837813689,2024-06-01,2025-10-06 10:51:47.57,9,0,0,0,0,0,0,0,0,0,0,1,0,0,0,0,1,0,0,0,0,1,0,0,0,0
CUS_0x4e05,60593.8,5033.483333333334,3,4,12,2,27,11,16.69,80,798.77,35.73520677306638,96.7119735950985,173.1810124187449,493.45534731949004,2024-06-01,2025-10-06 10:51:47.57,10,11,0,0,0,0,0,1,0,0,0,1,0,0,0,0,0,0,1,1,0,0,0,0,0,0
CUS_0x7233,15219.03,1330.2525,9,5,18,7,14,16,4.78,70,2213.1,37.98024440221575,76.13084675762164,102.98432155405031,243.910081688328,2024-06-01,2025-10-06 10:51:47.57,9,9,1,0,0,1,1,0,0,1,1,0,0,0,0,0,0,1,0,0,0,0,1,0,0,0
CUS_0xbc79,65714.32,5202.193333333334,549,6,28,4,32,12,9.73,120,1727.71,24.65445219926239,183.6905800302518,44.552289223149224,531.9764640799324,2024-06-01,2025-10-06 10:51:47.57,9,8,0,0,0,0,0,1,1,1,1,1,0,0,0,0,1,0,0,0,0,1,0,0,0,0
CUS_0x3ea4,39491.26,3129.938333333333,7,5,9,0,9,13,1.1,30,730.89,28.557441569917344,0.0,67.00924935917216,485.98458397416124,2024-06-01,2025-10-06 10:51:47.57,18,9,0,0,0,0,0,0,0,0,0,1,0,0,0,0,1,0,0,0,0,1,0,0,0,0
CUS_0x21f2,144686.0,12306.166666666664,8,5,5,7,16,13,13.07,50,605.05,36.44725388005448,818.529004678328,229.14370312794773,422.9439588603911,2024-06-01,2025-10-06 10:51:47.57,11,2,0,1,0,0,1,0,1,0,1,1,0,0,0,0,1,0,0,0,0,1,0,0,0,0
CUS_0x1743,42527.04,3374.92,8,6,22,7,22,18,18.9,150,4193.78,25.462765121710085,230.2689335553484,75.47368229286906,281.7493841517825,2024-06-01,2025-10-06 10:51:47.57,11,0,1,1,0,0,1,1,1,0,0,1,0,0,0,0,0,1,0,0,1,0,0,0,0,0
CUS_0x3eed,15833.7,1362.475,5,914,13,2,15,16,15.02,60,2536.78,34.846365759420955,40320.0,41.71046683352213,318.28237210275535,2024-06-01,2025-10-06 10:51:47.57,12,8,0,1,0,0,0,0,0,1,0,1,0,0,0,0,1,0,0,0,1,0,0,0,0,0
CUS_0x757d,17135.33,1409.944166666667,6,8,19,6,28,15,21.61,100,4933.09,28.37052903178505,57.47630699017456,38.08526605617516,295.432843620317,2024-06-01,2025-10-06 10:51:47.57,14,4,1,0,1,1,0,1,1,0,0,1,0,0,0,0,0,1,0,0,1,0,0,0,0,0
CUS_0x8c6d,41122.69,3717.890833333333,1,3,1,1,3,8,10.67,40,1103.48,30.498019103712288,22.114612545762693,65.37174658880876,534.3027241987619,2024-06-01,2025-10-06 10:51:47.57,20,4,0,1,0,0,0,0,0,0,0,0,1,0,0,0,0,0,1,0,1,0,0,0,0,0
CUS_0x9b4f,93352.86,7629.405,5,3,9,1,1,4,5.08,50,483.78,26.95706411145762,51.769752585450256,475.0911685339333,496.0795788806164,2024-06-01,2025-10-06 10:51:47.57,17,6,1,0,0,0,0,0,0,0,0,0,1,0,0,1,0,0,0,1,0,0,0,0,0,0
CUS_0xb304,69984.72,5570.06,6,5,12,3,27,11,15.01,60,906.31,28.89417656177265,155.07761412526034,170.07680233622455,491.8515835385152,2024-06-01,2025-10-06 10:51:47.57,18,8,0,1,0,1,0,0,0,1,0,0,0,0,0,0,0,0,1,1,0,0,0,0,0,0
CUS_0xbb75,32829.62,2945.8016666666667,5,697,10,3,7,0,11.7,20,823.88,36.7066759680189,74.62833526730961,183.43638485342305,326.51544654593414,2024-06-01,2025-10-06 10:51:47.57,22,4,1,1,0,1,0,0,0,0,0,0,1,0,0,1,0,0,0,0,0,0,1,0,0,0
CUS_0xc71a,85653.96,7211.830000000001,8,6,12,4,7,18,9.04,30,883.74,38.3034432283245,229.08597201647217,154.80437125982115,577.2926567237067,2024-06-01,2025-10-06 10:51:47.57,20,8,0,1,0,0,0,1,0,1,0,0,1,0,0,0,1,0,0,0,0,1,0,0,0,0
CUS_0x16d5,14313.74,1334.8116666666667,7,6,31,0,38,17,26.71,150,4050.69,35.64987453930428,42.015066735495374,110.94003759909828,270.52606233207297,2024-06-01,2025-10-06 10:51:47.57,11,8,0,0,1,0,1,1,0,1,0,1,0,0,0,0,0,1,0,0,0,0,1,0,0,0
CUS_0x86fb,48725.58,3845.465,10,10,16,6,22,13,7.09,140,2029.67,28.94306364777508,218.4816508239444,76.71858679285525,329.34626238320044,2024-06-01,2025-10-06 10:51:47.57,15,11,0,1,1,0,0,1,1,0,0,1,0,0,0,0,1,0,0,0,0,0,0,0,0,1
CUS_0x92e9,36863.79,2743.6742675923338,2,5,6,6,9,18,15.02,60,441.29,29.70839720946096,238.22314946059015,286.22782160907974,101.85551133799584,2024-06-01,2025-10-06 10:51:47.57,8,3,0,1,0,0,1,1,0,1,1,1,0,0,0,0,1,0,0,0,0,0,1,0,0,0
CUS_0x99c2,15878.09,1068.174166666667,5,3,18,3,11,9,11.31,80,1621.69,25.332290627174437,37.155450926208246,39.18725760460044,300.474708135858,2024-06-01,2025-10-06 10:51:47.57,6,8,1,0,0,0,0,0,0,1,1,1,0,0,0,0,1,0,0,0,0,0,0,0,1,0
CUS_0x3159,30963.76,2748.313333333333,3,5,5,2,22,21,7.23,10,759.58,28.602450961697684,37.46358877944724,41.07848249582021,446.28926205806584,2024-06-01,2025-10-06 10:51:47.57,19,11,0,0,0,1,0,0,0,0,1,0,0,0,0,0,1,0,0,0,1,0,0,0,0,0
CUS_0x62f5,99520.5,8479.375,3,1,4396,3,8,5,4.08,50,547.21,38.79811416869308,196.5285910727319,147.56351637381565,743.8453925534525,2024-06-01,2025-10-06 10:51:47.57,16,8,0,0,0,0,1,0,1,0,1,0,0,0,0,1,0,0,0,0,0,0,0,0,0,1
CUS_0xacf7,142544.36,11360.608310250997,0,4,3,0,2,3,4.45,40,855.55,37.47383301140156,726.0883564156695,122.90198102236008,1325.7676856443065,2024-06-01,2025-10-06 10:51:47.57,19,0,0,0,0,0,0,0,0,0,0,0,0,0,0,0,0,0,1,0,0,1,0,0,0,0
CUS_0x58aa,7664.315,918.6929166666664,6,5,15,5,33,12,12.6,70,1294.45,39.20257861733207,24.236104131368567,84.09993933039722,273.5332482049009,2024-06-01,2025-10-06 10:51:47.57,12,3,0,0,1,0,1,1,0,0,1,1,0,0,0,0,0,0,1,0,0,0,1,0,0,0
CUS_0x434a,19296.63,1820.0525,7,10,22,9,62,24,5.96,150,2530.46,27.15135264843769,131.67623172387172,198.78579200333684,141.54322627279146,2024-06-01,2025-10-06 10:51:47.57,9,11,1,1,1,1,0,0,1,1,1,1,0,0,0,0,0,1,0,0,0,0,1,0,0,0
CUS_0x72ce,16157.79,1159.4825,6,4,9,7,4,13,13.54,70,1665.02,37.1975387979785,88.83505091958084,31.153885938144892,275.95931314227425,2024-06-01,2025-10-06 10:51:47.57,17,0,1,0,0,1,0,1,0,1,0,1,0,0,0,0,0,0,1,0,0,0,0,1,0,0
CUS_0x2b7d,14771.43,1456.9525,6,7,32,6,58,24,8.59,100,1723.77,31.926547344351825,51.56522935796982,144.28494716554428,239.8450734764859,2024-06-01,2025-10-06 10:51:47.57,9,2,0,1,1,1,1,0,0,0,1,0,0,0,0,0,0,0,1,0,0,0,1,0,0,0
CUS_0x2e10,15301.19,1484.0991666666666,8,6,30,3,5,14,9.26,140,2527.22,26.61967493403228,30.488863311308197,68.56571735227199,339.35533600308645,2024-06-01,2025-10-06 10:51:47.57,8,8,0,1,0,0,1,0,1,0,0,1,0,0,0,0,1,0,0,0,0,0,1,0,0,0
CUS_0x5501,58382.0,4808.166666666667,6,7,32,5,23,15,10.23,150,1962.19,40.32537145917455,241.32040903461743,88.36002324285543,401.1362343891939,2024-06-01,2025-10-06 10:51:47.57,12,4,0,0,0,0,1,1,0,1,1,1,0,0,0,0,1,0,0,0,1,0,0,0,0,0
CUS_0x9633,56274.24000000001,4518.52,616,6,26,0,46,17,16.82,140,1611.31,25.81531394474673,152.83451809811672,506.53935237482256,82.4781295270608,2024-06-01,2025-10-06 10:51:47.57,11,3,1,0,0,0,1,0,0,0,1,1,0,0,0,0,0,0,1,0,0,0,1,0,0,0
CUS_0x9fc5,78809.88,6341.490000000002,8,4,6,3,17,9,6.57,100,203.21,26.80689441075245,61830.0,172.70812520304446,539.2905506798455,2024-06-01,2025-10-06 10:51:47.57,20,8,0,0,0,1,0,1,0,1,0,1,0,0,0,0,1,0,0,0,1,0,0,0,0,0
CUS_0x2080,16047.01,1361.2508333333333,7,3,19,1,4,12,12.89,80,183.15,32.86055546912589,8.245353566398231,182.6282135778856,235.25151618904957,2024-06-01,2025-10-06 10:51:47.57,23,9,0,0,1,0,0,0,0,0,0,1,0,0,0,0,1,0,0,0,0,0,1,0,0,0
CUS_0x676c,72740.96,6307.746666666668,5,4,16,4,20,20,13.01,30,724.81,39.62014079806423,152.73989365672605,56.85781019173412,661.1769628182064,2024-06-01,2025-10-06 10:51:47.57,19,6,0,1,0,0,1,0,1,0,1,1,0,0,0,0,0,0,1,0,0,1,0,0,0,0
CUS_0x946f,121831.0,9912.583333333334,5,1,11,3,11,5,5.43,50,1130.29,25.324300206484917,276.7105391591354,657.8210444300963,346.72674974410165,2024-06-01,2025-10-06 10:51:47.57,18,8,0,0,0,0,1,1,0,1,0,0,1,0,0,1,0,0,0,0,0,0,1,0,0,0
CUS_0x1472,15512.055,1431.67125,3,4,13,5,10,9,16.95,90,865.3,34.679209378948634,48.133044776219066,182.13603131235172,202.89804891142919,2024-06-01,2025-10-06 10:51:47.57,12,0,1,0,0,1,0,0,1,0,0,1,0,0,0,0,1,0,0,0,0,0,1,0,0,0
CUS_0x641f,106077.6,8744.8,3,5,17,4,14,11,7.79,50,301.46,34.35609790413805,322.3022131167732,440.19853566761964,371.9792512156073,2024-06-01,2025-10-06 10:51:47.57,20,9,0,1,0,0,0,0,1,1,0,0,0,0,0,0,1,0,0,1,0,0,0,0,0,0
CUS_0x6cec,78208.96,6595.413333333334,8,5,9,3,21,9,11.2,50,1419.42,34.39060577389082,184.3775922082677,582.2945359052743,182.8692052197913,2024-06-01,2025-10-06 10:51:47.57,33,2,0,1,0,1,0,0,0,0,1,0,1,0,0,0,1,0,0,0,0,0,1,0,0,0
CUS_0xbc56,117955.38,9859.615,3,2,5,3,7,1,8.28,70,970.26,29.65370265797216,229.8835280220813,1310.866463891845,819.3560500519451,2024-06-01,2025-10-06 10:51:47.57,33,6,0,0,0,1,0,0,1,0,0,0,1,0,0,1,0,0,0,0,0,0,1,0,0,0
CUS_0x1109,76284.72,6451.06,6,10,18,6,24,12,6.69,110,1957.32,29.3644336737857,222.95900228494304,163.64946924134182,508.4975284737153,2024-06-01,2025-10-06 10:51:47.57,20,1,1,1,1,0,1,0,1,1,0,1,0,0,0,0,1,0,0,0,1,0,0,0,0,0
CUS_0x23a4,53876.88,4566.74,8,7,19,5,53,11,19.96,140,1341.25,24.002396917687435,18868.0,221.0114903304504,326.9528020932087,2024-06-01,2025-10-06 10:51:47.57,19,9,1,0,0,1,1,1,1,0,0,1,0,0,0,0,0,0,1,1,0,0,0,0,0,0
CUS_0x4448,74524.88,6195.406666666668,9,10,33,8,59,18,0.13999999999999968,90,1759.3,38.81641113258775,385.2550456036309,374.78015287193017,139.5054681911056,2024-06-01,2025-10-06 10:51:47.57,18,10,0,1,1,0,1,1,1,0,0,1,0,0,0,0,0,1,0,0,0,0,0,1,0,0
CUS_0x559c,70447.26,5843.605,8,4,1,3,29,12,0.54,60,904.34,32.155452376182474,111.17217887418676,190.9802536212465,562.2080675045668,2024-06-01,2025-10-06 10:51:47.57,31,8,1,0,0,0,0,0,1,1,0,0,1,0,0,0,0,0,1,0,0,0,0,1,0,0
CUS_0x719,29256.86,2251.0162758365004,6,4,9,2,28,17,1.93,30,450.74,35.204456445139265,223.4588780305316,46.02621540108785,420.17746406521337,2024-06-01,2025-10-06 10:51:47.57,32,6,0,0,1,0,1,0,0,0,0,0,0,0,0,1,0,0,0,0,1,0,0,0,0,0
CUS_0x4080,29469.98,2227.8316666666665,7,7,24,5,53,21,26.94,110,3421.66,32.96295024281038,69.68545857227979,24.066131449353737,379.0315766450331,2024-06-01,2025-10-06 10:51:47.57,13,9,0,0,1,1,1,0,0,0,1,1,0,0,0,0,0,1,0,0,1,0,0,0,0,0
CUS_0x6407,33355.81,2981.650833333333,6,5,12,2,13,17,11.52,40,461.34,35.705005827254155,31.72184718159448,10000.0,463.3163527718689,2024-06-01,2025-10-06 10:51:47.57,18,3,0,1,0,1,0,0,0,0,0,1,0,0,0,0,1,0,0,0,0,1,0,0,0,0
CUS_0x7f61,68742.75,5902.5625,7,4,20,0,25,19,11.04,80,651.38,30.366670016487674,89.65740619574272,235.2379624122425,545.3608813920149,2024-06-01,2025-10-06 10:51:47.57,14,0,0,0,1,0,0,0,0,1,0,1,0,0,0,0,1,0,0,0,0,0,0,1,0,0
CUS_0x5f4f,9265.495,749.1245833333335,10,9,24,9,40,16,24.66,80,4301.98,30.576336844369443,55.496465526855424,82.02915350189494,227.38683930458296,2024-06-01,2025-10-06 10:51:47.57,11,4,1,1,1,1,0,1,0,0,0,1,0,0,0,0,0,1,0,0,0,0,1,0,0,0
CUS_0xced,36311.46,2747.955,8,5,12,4,22,9,16.75,80,1788.43,35.481971380680946,68.1282101098302,143.29767296202317,353.36961692814657,2024-06-01,2025-10-06 10:51:47.57,20,8,0,1,0,0,1,0,0,1,1,1,0,0,0,0,1,0,0,0,0,0,1,0,0,0
CUS_0x3bd6,28151.81,2152.9841666666666,5,5,6,3,14,20,12.07,60,1327.69,24.82538812249681,64.50670414051402,281.10677240123914,159.6849401249135,2024-06-01,2025-10-06 10:51:47.57,7,8,0,0,1,0,0,0,0,1,1,1,0,0,0,0,1,0,0,0,0,0,1,0,0,0
CUS_0x7b09,24148.54,1780.378333333333,4,4,14,4,24,15,3.03,50,157.98,39.76217737315287,72.79827942994238,48.951614930406926,316.287938972984,2024-06-01,2025-10-06 10:51:47.57,22,0,1,0,1,0,1,0,0,1,0,0,1,0,0,0,0,0,1,1,0,0,0,0,0,0
CUS_0xbc9c,67321.16,5067.657886923055,3,4,5,3,30,10,5.45,40,239.01,26.668136832992264,45616.0,115.96415949877569,617.9936986144737,2024-06-01,2025-10-06 10:51:47.57,13,5,0,0,0,1,0,1,0,0,1,1,0,0,0,0,0,0,1,0,1,0,0,0,0,0
CUS_0x2ae9,41073.26,3687.771666666667,8,10,25,3,60,15,6.22,130,2446.32,33.44235572405394,87.3268043622204,69.38787433622755,462.0624879682188,2024-06-01,2025-10-06 10:51:47.57,12,11,0,1,0,0,0,0,1,0,0,1,0,0,0,0,0,1,0,0,1,0,0,0,0,0
CUS_0x6a52,21700.68,1692.075507065946,5,7,10,0,25,11,9.73,30,427.94,26.094637606256647,212.314492934054,128.25622037945698,332.18277962054304,2024-06-01,2025-10-06 10:51:47.57,26,9,0,0,0,0,0,0,0,0,0,0,1,0,0,1,0,0,0,0,0,0,0,0,1,0
CUS_0x4af4,64363.92,5611.66,4,6,6,5,33,10,16.91,50,978.79,26.93891654843587,176.84397797937385,68.09845394235244,556.2235680782737,2024-06-01,2025-10-06 10:51:47.57,9,8,0,1,1,1,1,0,0,0,0,1,0,0,0,0,0,0,1,0,0,1,0,0,0,0
CUS_0xb15d,16762.18,1419.8483333333334,5,6,20,3,29,11,5.300000000000002,80,1005.25,28.296746746442903,36.24728808207077,68.47399620661683,307.26354904464574,2024-06-01,2025-10-06 10:51:47.57,13,3,0,0,0,0,0,1,1,0,0,1,0,0,0,0,0,0,1,0,0,0,0,0,1,0
CUS_0x18ab,14840.5,1501.708333333333,9,8,25,9,11,22,22.07,70,2685.41,27.710281666743235,84.42084263040881,191.19544730794087,164.55454339498357,2024-06-01,2025-10-06 10:51:47.57,12,3,1,1,0,1,1,1,1,1,0,1,0,0,0,0,0,1,0,0,0,0,1,0,0,0
CUS_0x2b84,21275.22,1665.9350000000004,5,3,5,3,8,19,8.83,80,609.41,29.587493004344942,39.005166857589614,116.40935344616972,301.1789796962408,2024-06-01,2025-10-06 10:51:47.57,6,0,0,1,1,0,0,0,0,0,1,1,0,0,0,0,0,0,1,0,0,0,0,0,0,1
CUS_0x4aad,16685.02,1536.418333333333,9,6,22,5,60,17,7.17,100,2298.18,25.66039080826921,35.188053001297945,161.56221609326045,246.89156423877492,2024-06-01,2025-10-06 10:51:47.57,10,2,1,0,1,0,1,1,0,0,1,0,0,0,0,0,0,1,0,0,0,0,1,0,0,0
CUS_0x1d51,69563.34,5738.945,1,4,2,3,7,8,5.94,30,164.52,31.876925296905053,137.77806738072866,89.74145250964395,596.3749801096274,2024-06-01,2025-10-06 10:51:47.57,19,5,1,1,0,0,0,0,0,0,1,0,1,0,0,1,0,0,0,0,1,0,0,0,0,0
CUS_0x7a10,37788.3,3097.025,3,4,9,2,13,1,1.4,80,1124.37,37.75875309502786,39.655553872757935,96.7894485436408,423.2574975836013,2024-06-01,2025-10-06 10:51:47.57,25,0,0,0,1,0,0,0,0,0,1,0,1,0,0,1,0,0,0,0,1,0,0,0,0,0
CUS_0xbf9a,54430.71,4471.8925,10,6,22,5,59,14,25.74,90,3119.55,30.768458651329443,213.44342723025215,294.7546334517807,198.9911893179671,2024-06-01,2025-10-06 10:51:47.57,13,8,1,0,1,1,0,0,0,1,0,1,0,0,0,0,0,1,0,1,0,0,0,0,0,0
CUS_0x5c44,10413.6,576.8000000000002,3,6,5,5,6,17,0.0,90,1098.56,37.07767610279335,40.71403162638853,49.894420821881525,257.07154755173,2024-06-01,2025-10-06 10:51:47.57,19,10,1,0,0,1,0,0,1,1,0,1,0,0,0,0,0,0,1,0,0,0,1,0,0,0
CUS_0x5c65,94110.06,7920.505,4,7,9,4,27,12,8.59,0,1215.93,41.34365998339853,307.45004608282846,239.26594790103718,495.33450601613436,2024-06-01,2025-10-06 10:51:47.57,18,2,1,1,1,0,0,0,1,0,0,0,1,0,0,1,0,0,0,0,0,0,0,0,0,1
CUS_0x5f6e,10358.88,921.9691511600636,7,7,18,6,45,20,5.0299999999999985,130,2501.08,31.881623690122204,126.1435246149889,72.05054309455099,266.6007811303965,2024-06-01,2025-10-06 10:51:47.57,11,6,0,0,1,1,0,0,0,1,1,1,0,0,0,0,0,0,1,0,0,0,0,0,1,0
CUS_0x8d43,16266.91,1220.575833333333,9,9,28,2,32,13,2.7,90,2125.88,31.54276666048727,23.054673584694363,114.64997943396106,274.3529303146779,2024-06-01,2025-10-06 10:51:47.57,16,11,0,0,0,1,0,0,0,0,1,1,0,0,0,0,0,1,0,0,0,0,1,0,0,0
CUS_0xac28,10332.74,608.0616666666666,5,4,6,3,22,12,3.81,10,820.75,27.888539316436955,13.4829211478555,29.66221423729916,307.661031281512,2024-06-01,2025-10-06 10:51:47.57,25,6,1,0,0,0,1,0,0,0,1,0,1,0,0,0,1,0,0,0,0,0,1,0,0,0
CUS_0x6343,8053.435,706.1195833333335,6,6,21,8,17,20,28.4,90,4254.09,30.1379711415248,35.54490159357571,37.4217293623024,287.6453273774552,2024-06-01,2025-10-06 10:51:47.57,6,11,0,1,1,0,0,1,1,1,1,1,0,0,0,0,0,1,0,0,0,0,1,0,0,0
CUS_0x8f8c,16454.75,1106.2291666666667,8,5,28,7,24,23,17.47,130,4749.97,25.661379790927448,50.99934527885296,41.75097782896828,277.87259355884544,2024-06-01,2025-10-06 10:51:47.57,10,5,1,0,1,0,1,0,1,1,1,1,0,0,0,0,0,1,0,1,0,0,0,0,0,0
CUS_0x9c17,29655.22,2635.268333333333,6,10,31,9,31,15,0.4500000000000002,140,1367.94,39.6577999741335,172.62843641810815,46.953294837757404,293.9451020774678,2024-06-01,2025-10-06 10:51:47.57,12,3,0,1,1,1,1,1,0,1,1,1,0,0,0,0,0,1,0,0,1,0,0,0,0,0
CUS_0xa1d6,7103.035,725.9195833333333,6,5,28,6,55,11,8.95,70,2114.92,37.56110095363316,30.30549812001825,47.750917099689,284.53554311362615,2024-06-01,2025-10-06 10:51:47.57,13,2,0,0,1,1,1,0,0,0,1,1,0,0,0,0,1,0,0,0,0,0,1,0,0,0
CUS_0x59e9,7059.455,614.2879166666668,7,7,32,5,43,19,1.79,70,4540.76,28.786938690305337,17.857116619009698,50.23439732359861,273.3372777240584,2024-06-01,2025-10-06 10:51:47.57,6,6,1,0,0,0,1,0,1,0,0,1,0,0,0,0,0,1,0,0,0,0,0,1,0,0
CUS_0xb728,81823.28,6776.606666666668,8,6,31,7,36,18,3.08,90,2696.49,35.05469606823529,306.15485443459977,438.2045356636431,203.30127656842376,2024-06-01,2025-10-06 10:51:47.57,18,3,1,1,1,0,1,1,1,1,0,1,0,0,0,0,0,1,0,0,0,0,0,0,1,0
CUS_0xbd32,34617.12,2704.76,7,7,33,6,18,19,11.4,90,1584.21,31.601409739125465,94.9068701927973,133.44187783476394,332.1272519724388,2024-06-01,2025-10-06 10:51:47.57,13,9,1,1,1,0,1,0,0,1,0,1,0,0,0,0,1,0,0,0,0,0,1,0,0,0
CUS_0x7793,35842.83,3172.9025,3,4,1,0,13,7,11.6,30,1132.38,26.423845900637897,0.0,304.6040353607516,292.68621463924836,2024-06-01,2025-10-06 10:51:47.57,18,6,0,0,0,0,0,0,0,0,0,0,1,0,0,1,0,0,0,0,0,0,0,1,0,0
CUS_0x7b6,82988.08,7100.673333333332,4,4,10,3,24,787,15.52,80,1036.93,38.45876590774879,182.4249205556441,114.9656739456929,652.6767388319962,2024-06-01,2025-10-06 10:51:47.57,18,9,1,1,0,0,0,0,0,0,0,1,0,0,0,0,1,0,0,0,0,1,0,0,0,0
CUS_0xbda6,68552.32,5618.693333333334,7,8,31,7,45,18,27.16,130,4274.09,38.538219667196046,207.71025827372296,245.91705716633857,368.24201789327185,2024-06-01,2025-10-06 10:51:47.57,3,6,0,1,1,1,0,0,1,0,0,1,0,0,0,0,0,1,0,1,0,0,0,0,0,0
CUS_0x3c41,38561.33,3289.4441666666667,0,6,10,0,5,0,2.34,20,1465.73,25.85144749179508,0.0,205.1766118925416,383.7678047741251,2024-06-01,2025-10-06 10:51:47.57,27,6,0,0,0,0,0,0,0,0,0,0,1,0,0,0,0,0,1,1,0,0,0,0,0,0
CUS_0x67e7,36454.03,2939.835833333333,4,5,9,2,5,10,1.63,20,688.99,28.59112449921545,42.51703118222383,232.27897913298008,309.1875730181294,2024-06-01,2025-10-06 10:51:47.57,27,3,0,0,1,1,0,0,0,0,0,0,1,0,0,0,1,0,0,0,0,0,1,0,0,0
CUS_0xa6cb,9958.505,531.8754166666666,10,10,28,3,45,21,12.76,140,1953.1,23.0636800199484,15.118451674131654,31.14381245141881,296.9252775411162,2024-06-01,2025-10-06 10:51:47.57,8,11,0,1,0,0,1,0,0,1,0,1,0,0,0,0,0,1,0,0,0,0,1,0,0,0
CUS_0x17f3,83355.33,7208.2775,6,4,8,2,11,15,10.07,40,677.27,26.03671344724589,75.96957344024112,236.9426392136372,667.9155373461217,2024-06-01,2025-10-06 10:51:47.57,30,2,1,0,0,0,1,0,0,0,0,1,0,0,0,0,1,0,0,1,0,0,0,0,0,0
CUS_0x7047,16532.33,1416.694166666667,5,6,18,7,25,11,18.01,80,2551.12,38.31451021889664,52.68006788573907,24.765799941280303,314.2235488396473,2024-06-01,2025-10-06 10:51:47.57,11,3,1,1,1,1,0,0,0,1,0,1,0,0,0,0,1,0,0,0,1,0,0,0,0,0
CUS_0x7986,34215.86,2859.3216666666667,8,9,26,5,55,21,5.4,60,2582.6,39.80487801312581,96.77280479709174,185.12125570169738,274.0381061678775,2024-06-01,2025-10-06 10:51:47.57,10,1,0,1,0,0,1,1,0,1,0,1,0,0,0,0,0,1,0,0,0,0,0,0,1,0
CUS_0x5bac,34612.26,2745.355,3,5,6,2,7,7,7.48,10,122.92,38.20631148504622,40.56403429708104,76.59655261649189,417.37491308642717,2024-06-01,2025-10-06 10:51:47.57,16,6,0,1,0,0,1,0,0,0,0,0,1,0,0,1,0,0,0,1,0,0,0,0,0,0
CUS_0x82e6,36479.27,3241.939166666666,1,7,7,2,12,7,3.01,20,719.7,34.4004093933601,44.37575933114775,65.28203456553719,366.86989115095236,2024-06-01,2025-10-06 10:51:47.57,30,5,0,0,0,0,0,0,1,1,0,0,1,0,0,1,0,0,0,0,0,0,1,0,0,0
CUS_0x53f6,61064.08,5053.673333333333,0,5,7,3,0,6,16.369999999999994,70,1323.86,29.35936988167456,94.256006187906,150.03678534731245,541.074541798115,2024-06-01,2025-10-06 10:51:47.57,20,11,0,0,1,0,1,0,0,0,1,0,1,0,0,1,0,0,0,0,0,0,0,1,0,0
CUS_0xa366,68042.58,5728.215,4,7,7,0,7,12,3.9600000000000013,40,1163.4,36.34264915632939,0.0,343.74521669183616,519.0762833081636,2024-06-01,2025-10-06 10:51:47.57,21,5,0,0,0,0,0,0,0,0,0,0,0,0,0,0,1,0,0,0,0,0,1,0,0,0
CUS_0x3941,59993.32,4957.443333333334,5,4,16,6,22,13,10.61,70,1326.5,33.056612016956855,205.98931950128627,485.246561656881,84.50845217516604,2024-06-01,2025-10-06 10:51:47.57,9,10,1,1,1,1,0,0,0,0,0,1,0,0,0,0,1,0,0,0,0,0,0,1,0,0
CUS_0x470d,19543.05,1640.5875,8,6,16,5,23,15,28.91,90,3087.45,26.080431309339808,71.22048300516802,65.66700862008506,277.1712583747469,2024-06-01,2025-10-06 10:51:47.57,14,2,1,0,0,0,1,1,1,1,0,1,0,0,0,0,0,1,0,0,1,0,0,0,0,0
CUS_0x48d2,16580.69,1332.7241666666666,6,6,16,0,19,20,22.04,70,4559.65,40.60617536673948,67.19916050936473,123.87873502375565,232.1945211335463,2024-06-01,2025-10-06 10:51:47.57,9,6,0,0,0,0,0,1,0,0,1,0,0,0,0,0,0,1,0,0,0,0,1,0,0,0
CUS_0x6df7,22655.88,1972.99,7,4,8,4,8,14,19.16,50,1268.55,28.50660531561989,57.01620670327833,147.18832572022527,273.0944675764964,2024-06-01,2025-10-06 10:51:47.57,14,4,1,0,0,1,1,1,0,0,0,1,0,0,0,0,0,0,1,0,0,0,0,1,0,0
CUS_0x7db2,43755.33,3828.2775,0,4,4,0,4,7,2.67,10,1282.77,41.680513333496656,0.0,49.01864502017838,583.8091049798218,2024-06-01,2025-10-06 10:51:47.57,29,3,0,0,0,0,0,0,0,0,0,0,1,0,0,1,0,0,0,0,1,0,0,0,0,0
CUS_0x4bdd,90664.48,7848.373333333332,4,6,8,0,17,11,10.53,20,995.29,37.0689175937589,0.0,504.15441272175593,560.6829206115775,2024-06-01,2025-10-06 10:51:47.57,22,10,0,0,0,0,0,0,0,0,0,0,1,0,0,1,0,0,0,0,0,0,0,1,0,0
CUS_0x76af,9955.255,834.6045833333333,3,7,19,4,9,20,6.34,100,447.15,28.77570688031316,18.436786599212887,80.50004376346912,264.5236279706513,2024-06-01,2025-10-06 10:51:47.57,26,11,0,1,1,0,0,0,1,0,0,1,0,0,0,0,1,0,0,0,0,0,0,1,0,0
CUS_0x2d52,126971.0,10672.916666666666,0,7,6,3,30,1,11.83,10,772.58,26.40177580171599,293.52888220767414,541.6190535321011,492.14373092689146,2024-06-01,2025-10-06 10:51:47.57,18,4,0,1,1,0,0,0,0,0,0,0,1,0,0,1,0,0,0,1,0,0,0,0,0,0
CUS_0x4669,106271.13,8663.9275,4,7,13,2,17,15,1.62,30,492.06,34.99274868863475,126.93060816600578,851.6721438520648,177.78999798192945,2024-06-01,2025-10-06 10:51:47.57,21,6,0,1,0,0,1,0,0,0,0,0,0,0,0,0,0,0,1,0,0,0,1,0,0,0
CUS_0x4905,34238.4,2586.2000000000007,7,3,8,1,24,19,17.02,60,322.94,36.039170283799976,23.2739144163007,54.452337664692905,420.89374791900633,2024-06-01,2025-10-06 10:51:47.57,19,4,0,0,1,0,0,0,0,0,0,1,0,0,0,0,1,0,0,0,0,1,0,0,0,0
CUS_0x5dd3,41188.92,3515.41,2,6,3,4,8,3,3.33,30,521.11,24.504967255357965,133.14757389070834,87.22344086154182,381.16998524774976,2024-06-01,2025-10-06 10:51:47.57,20,4,0,1,0,1,0,0,1,0,1,0,1,0,0,1,0,0,0,0,1,0,0,0,0,0
CUS_0xc574,35848.82,3219.401666666666,3,4,12,3,22,16,0.69,50,1309.04,32.507245998376995,53.63901215296868,25.044681288134647,483.25647322556335,2024-06-01,2025-10-06 10:51:47.57,24,2,0,0,1,0,1,1,0,0,0,0,1,0,0,0,1,0,0,0,0,1,0,0,0,0
CUS_0x8c11,120017.12,9763.426666666666,3,4,10,1,15,17,6.94,0,945.27,25.76872534460928,67.08162192889819,448.8479718117987,750.4130729259697,2024-06-01,2025-10-06 10:51:47.57,27,8,0,0,0,0,0,1,0,0,0,1,0,0,0,0,1,0,0,0,0,0,1,0,0,0
CUS_0x9684,15108.07,1098.0058333333334,6,10,31,5,31,15,26.34,140,3650.33,22.743059418505432,42751.0,127.80416105672572,220.81745336684682,2024-06-01,2025-10-06 10:51:47.57,6,4,0,1,1,1,1,1,0,0,0,1,0,0,0,0,0,1,0,0,0,0,1,0,0,0
CUS_0x1f33,69860.18,5620.681666666666,4,5,11,3,12,13,9.85,80,859.03,42.544292708986696,92.558978012828,10000.0,534.7160450382132,2024-06-01,2025-10-06 10:51:47.57,11,9,0,1,1,1,0,0,0,0,0,1,0,0,0,0,1,0,0,0,1,0,0,0,0,0
CUS_0x5bf0,66919.4,5700.616666666666,6,5,13,4,22,9,16.369999999999994,50,417.94,26.22050050042652,208.2887508827073,445.3580507373405,186.41486504661884,2024-06-01,2025-10-06 10:51:47.57,6,10,0,0,1,0,0,0,0,1,0,1,0,0,0,0,0,0,1,0,0,0,0,0,1,0
CUS_0xc12e,33828.19,2917.015833333333,3,7,5,0,26,17,0.0,30,1123.09,39.95955991401122,0.0,273.8160137945784,307.8855695387549,2024-06-01,2025-10-06 10:51:47.57,25,9,0,0,0,0,0,0,0,0,0,0,0,0,0,0,1,0,0,0,0,0,1,0,0,0
CUS_0x1640,102910.11000000002,8707.8425,7,6,11,2,29,15,19.1,80,930.24,32.1791560489744,166.0483202490832,649.914332776222,334.821596974695,2024-06-01,2025-10-06 10:51:47.57,20,4,1,0,0,0,0,0,1,0,0,1,0,0,0,0,1,0,0,0,0,0,0,1,0,0
CUS_0xa664,35940.94,2718.078333333333,5,3,11,1,6,8,10.86,0,237.26,29.441661397366644,17.8429955246548,80.03318759728195,423.93165021139663,2024-06-01,2025-10-06 10:51:47.57,30,6,0,0,0,0,0,1,0,0,0,0,1,0,0,1,0,0,0,0,1,0,0,0,0,0
CUS_0xba13,13032.705,1032.05875,5,6,3,4,10,19,2.11,0,1497.16,28.094622594230657,28.85989008357431,57.95288035219506,306.3931045642306,2024-06-01,2025-10-06 10:51:47.57,25,11,0,0,0,1,0,1,0,1,0,0,1,0,0,1,0,0,0,0,0,0,1,0,0,0
CUS_0xc6f9,8763.22,712.2683333333333,5,7,1272,6,15,12,11.28,80,2175.13,35.62348054728204,22.51717723530616,55.44589958732497,273.2637565107022,2024-06-01,2025-10-06 10:51:47.57,10,5,1,1,0,0,0,1,0,1,0,1,0,0,0,0,1,0,0,0,0,0,0,1,0,0
CUS_0x5c75,61869.04,5098.753333333333,3,680,16,1,21,11,7.57,18250,1065.89,24.087965392013263,50.85183516054396,141.35884808941728,567.6646500833723,2024-06-01,2025-10-06 10:51:47.57,33,0,0,0,0,0,0,0,0,0,1,0,1,0,0,0,1,0,0,0,1,0,0,0,0,0
CUS_0x3d78,10389.32,686.7766666666666,3,6,24,6,2,18,16.36,80,1909.45,35.8641699661306,95.41140512460458,10000.0,262.97352276493666,2024-06-01,2025-10-06 10:51:47.57,14,2,1,1,1,1,0,1,0,0,0,1,0,0,0,0,1,0,0,0,0,0,0,1,0,0
CUS_0x4d7a,94312.05,7702.337499999999,5,6,5,1,13,11,0.53,30,118.8,37.56113845566893,61.367912091056205,616.8889092656891,361.9769286432546,2024-06-01,2025-10-06 10:51:47.57,32,11,0,0,0,0,0,0,0,1,0,0,0,0,0,1,0,0,0,0,0,0,0,0,1,0
CUS_0xb75b,18194.8,1695.2333333333331,9,9,23,7,53,24,26.52,110,2778.6,36.54539881042236,73.83190465781277,66.45558463914537,279.2358440363752,2024-06-01,2025-10-06 10:51:47.57,4,2,0,0,1,0,0,1,0,0,1,1,0,0,0,0,0,0,1,0,1,0,0,0,0,0
CUS_0xa905,55473.18000000001,4873.765,6,5,29,5,46,24,28.72,110,2743.73,39.88865692559754,155.75314467144338,116.69395271272482,464.9294026158319,2024-06-01,2025-10-06 10:51:47.57,5,6,0,0,0,1,0,0,1,1,1,1,0,0,0,0,0,1,0,0,1,0,0,0,0,0
CUS_0x7450,85023.9,7109.325,2,7,7,2,27,9,4.38,80,1342.78,35.41826363769172,130.9801388516413,138.6460099309128,691.3063512174458,2024-06-01,2025-10-06 10:51:47.57,33,5,1,0,1,0,0,0,0,0,0,0,0,0,0,1,0,0,0,0,1,0,0,0,0,0
CUS_0xb340,7619.09,428.92416666666674,4,6,18,2,28,18,11.5,130,2069.3,25.469251712098927,8.756593492746727,0.0,267.5202980560971,2024-06-01,2025-10-06 10:51:47.57,16,0,0,1,0,0,0,0,0,0,1,1,0,0,0,0,1,0,0,0,0,0,0,0,0,1
CUS_0xc505,64030.6,5510.883333333332,6,6,15,5,11,15,16.52,110,1253.52,26.798370174622267,183.81430391038097,346.9539336542791,300.3200957686733,2024-06-01,2025-10-06 10:51:47.57,15,0,0,0,1,1,1,0,0,0,1,1,0,0,0,0,1,0,0,0,0,0,0,1,0,0
CUS_0x335a,15599.88,1324.99,6,8,21,6,60,23,20.27,80,4384.6,39.36512497999508,66.73228634614793,74.14245816371158,251.62425549014046,2024-06-01,2025-10-06 10:51:47.57,8,10,1,0,0,0,1,0,0,1,1,1,0,0,0,0,0,1,0,1,0,0,0,0,0,0
CUS_0x5284,21652.195,1510.3495833333334,3,2,10,4,0,0,2.35,40,181.8,30.942167939793315,40.43567652451381,110.39192029996306,280.2073615088565,2024-06-01,2025-10-06 10:51:47.57,29,10,1,0,1,0,0,0,1,1,0,0,1,0,0,1,0,0,0,0,0,0,0,0,0,1
CUS_0x6ba3,35310.83,3058.5691666666667,5,5,5,2,28,9,9.74,10,878.11,25.601075633335924,31.427238825172346,91.99291552178914,442.4367623197052,2024-06-01,2025-10-06 10:51:47.57,31,3,0,0,0,0,1,0,0,0,1,0,1,0,0,0,0,0,1,1,0,0,0,0,0,0
CUS_0x3592,34739.35,2909.945833333333,8,3,10,3,25,17,19.7,80,1408.63,34.84475594958367,65.13924650442354,168.3700342998323,347.48530252907744,2024-06-01,2025-10-06 10:51:47.57,22,3,1,0,0,0,0,1,0,0,0,1,0,0,0,0,1,0,0,0,0,0,1,0,0,0
CUS_0x6ba2,20877.69,1855.8075,8,3,16,4,26,16,6.89,50,560.41,37.87136236949926,58.4222463239445,36.24640616505621,350.9120975109993,2024-06-01,2025-10-06 10:51:47.57,24,0,1,1,0,0,0,1,0,0,0,0,1,0,0,0,1,0,0,1,0,0,0,0,0,0
CUS_0xbbf7,171379.8,14351.65,1,5,5,3,8,4,6.08,70,542.56,41.24783912990755,296.3755716222816,714.243978463176,714.5454499145426,2024-06-01,2025-10-06 10:51:47.57,31,6,0,0,1,0,0,1,0,1,0,0,1,0,0,1,0,0,0,0,0,0,1,0,0,0
CUS_0xbe63,63473.6,5385.466666666666,5,7,20,5,30,17,16.93,110,1029.31,28.6774613295434,163.30855635661297,442.6987232938652,212.53938701618856,2024-06-01,2025-10-06 10:51:47.57,14,3,1,0,0,0,0,1,0,0,1,0,0,0,0,0,1,0,0,0,0,0,0,1,0,0
CUS_0x29d2,34861.12,2644.093333333333,7,6,4,0,31,18,6.18,30,748.76,29.181421553970598,0.0,254.312451332532,290.0968820008014,2024-06-01,2025-10-06 10:51:47.57,29,8,0,0,0,0,0,0,0,0,0,0,1,0,0,1,0,0,0,0,0,0,0,1,0,0
CUS_0x873f,31115.76,2522.98,6,6,12,3,30,11,10.12,70,955.8,36.67272346549637,46.58934408664956,36.473087182399475,409.23556873095083,2024-06-01,2025-10-06 10:51:47.57,30,2,1,0,0,0,0,0,0,1,0,0,1,0,0,0,0,0,1,0,0,1,0,0,0,0
CUS_0xbec6,84215.13,6832.927500000002,5,5,6,5,22,10,14.55,60,150.68,30.19581582358988,191.74207067093224,859.734532972173,636.1971978241406,2024-06-01,2025-10-06 10:51:47.57,5,8,0,0,1,1,1,1,0,0,1,1,0,0,0,0,1,0,0,0,0,0,1,0,0,0
CUS_0xc02d,115724.4,9868.7,918,6,10,2,14,15,3.5399999999999987,80,1480.98,41.34345276151669,68278.0,79.72584902473271,997.9428803465564,2024-06-01,2025-10-06 10:51:47.57,28,0,0,0,1,0,0,0,0,1,0,0,1,0,0,1,0,0,0,0,0,1,0,0,0,0
CUS_0xc3c3,32227.12,2631.593333333333,1,4,1,2,7,11,4.09,40,48.95,28.04593077840343,49.16865304083368,42.186299524443506,421.8043807680562,2024-06-01,2025-10-06 10:51:47.57,17,8,0,0,0,0,0,1,1,0,0,0,1,0,0,1,0,0,0,0,0,0,0,0,0,1
CUS_0x1286,33642.07,2509.505833333333,7,3,12,2,22,8,0.13999999999999968,80,696.57,32.07386883283608,29.563932494323076,10000.0,430.54897056002716,2024-06-01,2025-10-06 10:51:47.57,22,11,0,0,0,0,1,0,0,0,1,0,1,0,0,0,1,0,0,0,1,0,0,0,0,0
CUS_0x7b15,13065.87,1359.8225,5,6,13,2,14,11,1.72,50,1203.17,38.39786633909924,16.03971007504952,118.4836211606767,267.2544623210833,2024-06-01,2025-10-06 10:51:47.57,22,4,0,0,0,1,0,0,0,0,0,0,0,0,0,0,1,0,0,0,0,0,0,0,1,0
CUS_0x8141,79147.2,6632.599999999999,7,8,31,9,42,25,2.28,90,2538.25,24.72862207692038,452.6894514684216,667.8715076006329,316.85338148354856,2024-06-01,2025-10-06 10:51:47.57,20,0,0,1,1,1,1,0,0,1,0,1,0,0,0,0,0,1,0,0,0,0,0,1,0,0
CUS_0x2f38,125854.12,10583.843333333332,6,4,12,3,10,14,10.69,60,1278.59,37.74647761547218,171.77275815281132,166.71952155922511,969.8920536212967,2024-06-01,2025-10-06 10:51:47.57,23,0,0,1,0,0,0,1,0,0,1,1,0,0,0,0,1,0,0,0,1,0,0,0,0,0
CUS_0x4884,91390.92,7710.91,4,3,9,4,11,15,17.29,50,1436.54,34.558125278732994,190.23431635523676,541.0492874473549,319.80739619740825,2024-06-01,2025-10-06 10:51:47.57,24,9,0,1,1,0,1,0,1,0,0,1,0,0,0,0,0,0,1,0,0,0,0,1,0,0
CUS_0x4a8a,20351.965,1782.9970833333334,3,4,2,3,10,7,8.98,50,1433.49,37.507806346091705,46.28268798442526,151.3139600213737,270.7030603275344,2024-06-01,2025-10-06 10:51:47.57,20,11,0,1,0,1,0,1,0,0,0,0,1,0,0,0,0,0,1,0,0,0,1,0,0,0
CUS_0x5c28,105565.65,8643.1375,1,3,11,1,15,5,7.2,60,440.91,34.797094336614926,49.60886878863772,606.1593392369981,478.54554197436426,2024-06-01,2025-10-06 10:51:47.57,27,9,0,0,0,0,1,0,0,0,0,0,0,0,0,0,0,0,1,0,0,0,0,0,1,0
CUS_0x6f55,18579.36,1298.28,0,4,2,2,4,10,10.14,10,1329.98,37.89779002577808,22409.0,10.053768350640556,343.5993744036778,2024-06-01,2025-10-06 10:51:47.57,29,10,0,0,0,0,0,1,1,0,0,0,1,0,0,1,0,0,0,0,0,1,0,0,0,0
CUS_0x8006,13699.52,1327.6266666666668,6,7,7,4,14,17,13.76,40,608.16,28.13462941263401,32.118021323757056,32.379759001106585,308.26488634180305,2024-06-01,2025-10-06 10:51:47.57,27,11,0,1,0,0,0,1,0,1,0,1,0,0,0,0,1,0,0,0,0,1,0,0,0,0
CUS_0xa306,174226.68,14396.89,3,5,7,2,3,6,6.01,10,1297.57,31.30711081476834,201.3567452109394,293.7018731067692,1204.6303816822915,2024-06-01,2025-10-06 10:51:47.57,29,7,0,0,0,1,0,0,0,0,0,0,1,0,0,1,0,0,0,1,0,0,0,0,0,0
CUS_0x4b18,106815.54,9125.295,5,5,11,1,21,8,3.55,40,529.87,28.842663805049767,69.42193738537655,369.5394636467401,723.5680989678834,2024-06-01,2025-10-06 10:51:47.57,26,5,0,1,0,0,0,0,0,0,0,0,1,0,0,0,1,0,0,0,1,0,0,0,0,0
CUS_0x5781,31439.6,2846.9666666666667,5,7,18,4,6,8,15.51,80,1283.46,36.65631568121653,104.2731009082232,90.76627694413428,339.6572888143092,2024-06-01,2025-10-06 10:51:47.57,17,8,0,0,1,0,0,0,0,1,1,1,0,0,0,0,1,0,0,0,1,0,0,0,0,0
CUS_0x29b2,59930.04,5207.17,7,8,27,6,59,20,14.18,80,4474.29,38.21458676291872,156.5961642280904,160.2897429756276,453.83109279628195,2024-06-01,2025-10-06 10:51:47.57,2,4,1,0,0,0,1,0,0,0,1,1,0,0,0,0,0,1,0,0,1,0,0,0,0,0
CUS_0x4972,18738.44,1411.5366666666666,10,6,20,9,20,17,20.93,80,2748.17,33.11909209908392,136.2930223861058,54.98197645990122,239.87866782065964,2024-06-01,2025-10-06 10:51:47.57,1,8,0,1,0,1,1,1,1,1,1,1,0,0,0,0,0,1,0,0,0,0,1,0,0,0
CUS_0x6341,49329.78,4210.815,6,5,20,1,13,14,7.4,30,1022.77,24.91878242762747,25.742071947871217,164.44022434961244,599.2253929133526,2024-06-01,2025-10-06 10:51:47.57,31,4,0,0,0,0,0,1,0,0,0,0,0,0,0,0,1,0,0,0,0,0,0,0,0,1
CUS_0xb0ce,28949.6,2554.4666666666667,3,5,2,3,12,8,1.45,90,405.51,23.24526284084105,51.26711954728734,10000.0,275.47168633409643,2024-06-01,2025-10-06 10:51:47.57,29,5,0,0,0,0,0,0,1,1,0,0,1,0,0,1,0,0,0,0,0,0,1,0,0,0
CUS_0x9cdc,16937.425,1162.4520833333331,4,5,4,1,10,2,0.0,10,167.57,27.774953467946077,7.247942505883222,21.501074765190477,341.6580453612024,2024-06-01,2025-10-06 10:51:47.57,22,0,0,0,0,0,0,0,1,0,0,0,1,0,0,1,0,0,0,0,0,0,1,0,0,0
CUS_0xb959,30958.06,2758.8383333333336,4,5,2,3,13,6,3.27,10,643.02,32.98056647912499,53.96351380658199,32.52486347301062,439.3954560537409,2024-06-01,2025-10-06 10:51:47.57,29,9,0,1,0,0,1,0,0,0,0,0,1,0,0,1,0,0,0,0,1,0,0,0,0,0
CUS_0xbc4,60558.63,4948.5525,3,3,13,3,27,14,19.44,120,1151.07,23.67156135184013,114.91056051212396,205.34896849009655,424.59572099777944,2024-06-01,2025-10-06 10:51:47.57,15,3,0,0,0,0,1,1,0,0,1,1,0,0,0,0,0,0,1,0,1,0,0,0,0,0
CUS_0x5494,22332.37,1907.0308333333328,8,4,12,1,30,18,4.59,20,1154.5,25.2764323501082,14.231962477675763,138.5449318899078,327.9261889657498,2024-06-01,2025-10-06 10:51:47.57,24,3,0,0,1,0,0,0,0,0,0,0,1,0,0,0,0,0,1,0,0,0,1,0,0,0
CUS_0x7968,142725.8,11867.816666666666,5,2,12,0,6,11,3.22,30,450.68,40.75465451744719,0.0,223.10569877975976,1203.6759678869064,2024-06-01,2025-10-06 10:51:47.57,20,10,0,0,0,0,0,0,0,0,0,0,1,0,0,0,0,0,1,0,0,1,0,0,0,0
CUS_0xb9ae,17182.5,1230.875,0,6,11,2,8,1,0.0,70,1269.97,37.37694428261853,19.841128548060237,133.35248727097678,259.89388418096297,2024-06-01,2025-10-06 10:51:47.57,31,6,0,0,0,0,0,0,0,0,1,0,1,0,0,0,0,0,1,0,0,0,0,0,0,1
CUS_0xa10f,20057.57,1954.4641666666664,10,6,23,9,58,17,2.25,100,3257.47,35.65882423304436,133.65742990678663,241.16678778361089,110.62219897626915,2024-06-01,2025-10-06 10:51:47.57,9,11,1,1,0,1,1,1,1,0,1,0,0,0,0,0,0,0,1,0,0,0,1,0,0,0
CUS_0xae92,94287.36,7823.28,4,4,13,2,27,17,18.66,20,1261.99,24.304456668621263,124.14301629300655,716.8583262090373,231.32665749795623,2024-06-01,2025-10-06 10:51:47.57,16,2,0,0,0,1,0,1,0,0,0,1,0,0,0,0,1,0,0,0,0,0,1,0,0,0
CUS_0x6dd3,26693.06,2437.4216666666666,7,5,6,4,13,20,10.72,60,592.33,32.41417374025575,53.254642829701226,117.29895477962444,363.188569057341,2024-06-01,2025-10-06 10:51:47.57,21,9,1,1,0,0,1,0,0,0,1,0,1,0,0,0,1,0,0,0,0,0,1,0,0,0
CUS_0x776d,17790.36,1281.53,4,4,14,4,8,10,17.02,80,2019.36,37.34145940497634,42.35061760310256,138.7144589118294,237.08792348506802,2024-06-01,2025-10-06 10:51:47.57,10,6,0,0,1,0,0,1,1,0,0,1,0,0,0,0,1,0,0,0,0,0,1,0,0,0
CUS_0x82fa,35603.8,2869.9833333333336,6,6,30,0,48,17,22.12,120,4041.44,27.74470473417845,2082.0,137.18090265663636,295.17293782020124,2024-06-01,2025-10-06 10:51:47.57,1,9,0,1,0,1,0,0,1,1,0,1,0,0,0,0,0,1,0,0,0,0,0,0,1,0
CUS_0xb1c4,14525.53,1133.4608333333333,10,8,29,6,42,18,21.38,160,2928.67,31.72623773663772,51.57384517542046,43.9335306288412,277.8387075290717,2024-06-01,2025-10-06 10:51:47.57,12,11,0,0,0,0,1,1,1,1,1,1,0,0,0,0,0,1,0,1,0,0,0,0,0,0
CUS_0x1b88,20835.39,1707.2825,3,3,1,4,17,12,11.64,50,1491.94,33.175979949114605,36.000986785098874,93.67044107940329,331.05682213549784,2024-06-01,2025-10-06 10:51:47.57,22,10,0,1,0,0,0,0,1,1,1,0,1,0,0,1,0,0,0,0,0,0,1,0,0,0
CUS_0x7976,67629.14,5479.761666666666,0,3,10,1,4,0,4.69,20,177.03,31.34927806136109,25119.0,209.4818497939935,307.35105444385505,2024-06-01,2025-10-06 10:51:47.57,32,5,0,1,0,0,0,0,0,0,0,0,1,0,0,1,0,0,0,0,0,0,0,1,0,0
CUS_0x240c,32364.58,2572.0483333333336,9,10,18,5,66,18,17.15,110,2527.33,25.023919887686247,16581.0,193.58372334726815,220.4924113964988,2024-06-01,2025-10-06 10:51:47.57,9,10,0,0,0,1,1,1,1,0,0,1,0,0,0,0,0,1,0,0,0,0,0,0,1,0
CUS_0x345e,83265.72,6899.81,7,8,30,6,35,15,2.54,130,2224.91,23.62118122006172,296.6094941637514,46.092212635073516,587.2792932011753,2024-06-01,2025-10-06 10:51:47.57,6,2,0,1,1,0,0,1,0,0,0,1,0,0,0,0,0,1,0,0,0,1,0,0,0,0
CUS_0xf70,75916.96,6037.413333333334,6,5,14,4,22,17,6.6,40,368.59,31.911591680434693,27749.0,116.23751338466984,484.2500710973143,2024-06-01,2025-10-06 10:51:47.57,13,0,1,1,0,0,1,0,0,0,1,1,0,0,0,0,1,0,0,0,0,1,0,0,0,0
CUS_0x49ff,50513.25,4051.4375,10,10,23,5,16,18,20.55,90,3250.87,32.328889846424296,208.44543409997124,240.43989076864383,226.25842513138488,2024-06-01,2025-10-06 10:51:47.57,8,3,0,1,0,1,0,1,1,1,0,1,0,0,0,0,0,1,0,0,0,0,0,0,1,0
CUS_0x6f02,16358.97,1611.2475,9,9,23,9,42,25,3.14,130,2896.95,24.246531549564597,110.1315508364132,115.29172359719931,225.70147556638747,2024-06-01,2025-10-06 10:51:47.57,14,5,0,1,0,1,0,1,1,1,0,1,0,0,0,0,0,1,0,0,0,0,1,0,0,0
CUS_0x808,11330.965,1115.2470833333332,3,7,7,1,16,20,8.01,40,1154.16,33.53533527990693,5.994046458510777,79.06484778624616,316.4658140885764,2024-06-01,2025-10-06 10:51:47.57,28,8,0,0,1,0,0,0,0,0,0,0,1,0,0,0,1,0,0,0,0,0,1,0,0,0
CUS_0x45af,35022.76,2646.563333333333,6,4,11,3,30,17,11.0,30,794.33,28.473800340516444,64.44110649875128,111.15226936870957,379.0629574658725,2024-06-01,2025-10-06 10:51:47.57,23,2,0,1,0,0,0,0,1,0,0,0,1,0,0,0,0,0,1,0,0,0,1,0,0,0
CUS_0x939a,16499.63,1316.9691666666668,179,6,29,2,36,26,9.27,100,2274.73,29.36037665510295,16.839706272936755,69.94413130034971,334.91307909338025,2024-06-01,2025-10-06 10:51:47.57,6,10,0,1,0,0,0,0,0,1,0,1,0,0,0,0,0,1,0,0,0,0,1,0,0,0
CUS_0x370c,65085.76,5702.8133333333335,6,5,20,7,18,20,3.06,70,1413.88,36.820803266470726,288.1212238178406,185.6116814331773,346.5484280823153,2024-06-01,2025-10-06 10:51:47.57,12,11,1,0,0,1,0,1,1,1,0,1,0,0,0,0,0,0,1,0,1,0,0,0,0,0
CUS_0x1699,59962.52,4976.876666666666,3,7,28,5,26,12,0.0,110,2660.36,34.1706405487926,140.262837637688,120.56930022871886,506.8555288002598,2024-06-01,2025-10-06 10:51:47.57,17,3,1,0,0,0,1,0,1,0,0,1,0,0,0,0,1,0,0,0,0,0,0,0,0,1
CUS_0x3482,8107.295,809.6079166666667,8,8,16,6,22,19,26.6,80,3838.2,27.64708973902064,24.350392834007767,104.98238289313338,241.62801593952557,2024-06-01,2025-10-06 10:51:47.57,5,5,0,1,0,1,0,0,1,1,1,1,0,0,0,0,0,1,0,0,0,0,1,0,0,0
CUS_0x5bf2,9945.42,800.785,4,7,15,5,18,2590,18.6,120,1432.28,36.31015715377976,32.8533532215166,13.061035503973715,274.1641112745097,2024-06-01,2025-10-06 10:51:47.57,14,4,0,1,0,1,1,1,0,0,0,1,0,0,0,0,1,0,0,0,0,1,0,0,0,0
CUS_0x6ccd,7477.175,662.2354714906276,9,5,15,227,55,19,23.52,70,4944.58,29.95204783049248,86.04288814612356,57.03658053560694,249.0927681609753,2024-06-01,2025-10-06 10:51:47.57,7,10,0,1,0,0,1,1,1,1,0,1,0,0,0,0,0,1,0,0,0,0,0,0,1,0
CUS_0xaaae,42735.93,3632.3275,7,7,21,5,2,17,10.06,50,1385.62,26.98171638093553,152.49643762681666,76.1664685664867,384.5698438066968,2024-06-01,2025-10-06 10:51:47.57,14,11,1,0,0,1,1,0,0,0,1,1,0,0,0,0,0,0,1,0,1,0,0,0,0,0
CUS_0x7751,113048.46,9612.705,5,3,9,2,14,6,11.75,60,630.37,29.474155804892288,126.31866203656816,289.37780554946,795.574032413972,2024-06-01,2025-10-06 10:51:47.57,23,6,1,0,0,1,0,0,0,0,0,0,1,0,0,1,0,0,0,0,1,0,0,0,0,0
CUS_0xea5,71169.3,6137.7750000000015,2,4,5,4,4,1,5.4,70,834.5,38.12849176451606,212.23303006746443,68.13531546756649,573.4091544649691,2024-06-01,2025-10-06 10:51:47.57,21,8,0,1,0,0,0,0,1,0,1,0,1,0,0,1,0,0,0,0,0,1,0,0,0,0
CUS_0x36c7,51307.1,4306.591666666666,8,6,4195,2,22,14,9.95,50,878.19,33.714052427880745,49489.0,73.56000698847495,556.6551312268195,2024-06-01,2025-10-06 10:51:47.57,32,5,0,0,0,0,0,0,0,0,1,0,0,0,0,0,1,0,0,0,1,0,0,0,0,0
CUS_0x3aa9,75010.52,6167.876666666668,9,8,21,7,48,19,0.0,110,4094.73,23.842316082318263,401.8616870476554,126.46622497981241,328.45975463919893,2024-06-01,2025-10-06 10:51:47.57,10,11,1,0,1,1,0,1,0,1,1,1,0,0,0,0,0,1,0,0,0,1,0,0,0,0
CUS_0x81ee,7664.42,382.7016666666667,6,6,32,6,18,19,21.14,120,4332.94,29.23562599509524,22.15628270071634,44.682358838234244,261.4315251277161,2024-06-01,2025-10-06 10:51:47.57,10,9,1,1,0,1,0,0,1,1,1,1,0,0,0,0,0,1,0,0,0,0,1,0,0,0
CUS_0x2e19,55070.19,4747.1825,8,9,17,9,52,22,17.83,90,3012.26,31.696768199491743,309.04637251806736,134.80284012780547,290.8690373541272,2024-06-01,2025-10-06 10:51:47.57,4,11,0,0,1,1,0,1,1,1,0,1,0,0,0,0,0,1,0,1,0,0,0,0,0,0
CUS_0x2b8c,163380.76,13446.063333333335,3,3,10,2,5,0,3.91,70,340.43,33.056830938089384,198.63256609212087,617.5997355942616,808.3740316469508,2024-06-01,2025-10-06 10:51:47.57,20,10,0,1,0,0,0,0,0,0,1,0,0,0,0,1,0,0,0,0,0,0,0,1,0,0
CUS_0x3a30,29368.56,2483.38,5,4,3,2,18,14,6.92,40,169.07,29.95805606882312,39.97962277245829,47.29564082789339,411.06273639964826,2024-06-01,2025-10-06 10:51:47.57,17,4,0,1,1,0,0,0,0,0,0,0,1,0,0,1,0,0,0,0,1,0,0,0,0,0
CUS_0xaf2e,73823.84,6130.986666666668,722,6,30,455,57,11,13.39,60,1949.73,37.5073429355632,356.3654784840904,65.04360274391327,431.6895854386631,2024-06-01,2025-10-06 10:51:47.57,12,11,0,1,1,1,1,0,0,0,0,1,0,0,0,0,1,0,0,0,0,1,0,0,0,0
CUS_0xbbb0,48830.76,3911.23,8,5,34,0,46,18,16.62,90,4142.16,36.20522778014952,157.72157777279628,516.7892549658967,6.612167261307036,2024-06-01,2025-10-06 10:51:47.57,2,4,1,1,0,0,0,1,1,1,0,1,0,0,0,0,0,1,0,0,0,0,1,0,0,0
CUS_0x1a9f,10062.82,696.5683333333333,10,7,18,55,34,6,18.18,150,2089.58,37.06446138429224,23.83120523507866,46.276069540183926,269.54955855807066,2024-06-01,2025-10-06 10:51:47.57,8,11,1,0,0,1,1,1,0,0,0,0,0,0,0,0,1,0,0,0,0,0,0,0,1,0
CUS_0x3a02,14185.73,1071.1441666666667,0,7,11,3,3,4,0.26,40,796.72,25.46052374311084,21.77352914533932,58.85037263627385,306.49051488505347,2024-06-01,2025-10-06 10:51:47.57,31,3,0,1,1,0,0,0,0,0,1,0,1,0,0,1,0,0,0,0,0,0,0,0,0,1
CUS_0x4922,132552.16,11094.013333333334,3,180,11,1,4,6,5.32,60,789.03,35.666994762729495,77.07980746059678,170.44252551861697,1111.8790003541196,2024-06-01,2025-10-06 10:51:47.57,20,10,0,0,0,0,0,0,0,0,1,0,1,0,0,1,0,0,0,0,1,0,0,0,0,0
CUS_0x79bc,20986.84,1846.9033333333327,9,10,17,3,31,16,19.35,110,1917.48,24.149137837605547,49.83825003896327,77.65550445285301,317.19657884151707,2024-06-01,2025-10-06 10:51:47.57,10,4,0,0,0,1,0,0,0,0,1,0,0,0,0,0,0,1,0,1,0,0,0,0,0,0
CUS_0x88f6,8949.695,576.8079166666666,8,9,18,9,29,21,8.47,100,4313.93,27.32055775124364,37.09661425548624,42.190367492397,268.3938099187834,2024-06-01,2025-10-06 10:51:47.57,11,11,0,1,1,1,1,1,0,1,0,1,0,0,0,0,0,1,0,0,0,0,0,0,0,1
CUS_0x8ac4,16203.89,1440.3241666666663,6,10,33,7,45,16,7.97,110,2156.1,37.715053813836604,48.670487954918976,181.2944900812826,204.06743863046512,2024-06-01,2025-10-06 10:51:47.57,7,0,1,1,0,1,1,0,1,0,1,1,0,0,0,0,0,1,0,0,0,0,1,0,0,0
CUS_0x90d6,18936.55,1723.0458333333331,8,6,25,7,25,16,19.7,70,3969.14,28.993729957280763,80.84994008361595,163.77555586319556,217.6790873865218,2024-06-01,2025-10-06 10:51:47.57,11,3,0,0,1,0,1,0,1,1,0,1,0,0,0,0,0,0,1,0,0,0,1,0,0,0
CUS_0x392a,14171.23,1066.9358333333332,8,10,20,2,20,19,18.27,170,2406.66,23.525918116009077,19.479129766450587,57.65847795421678,319.55597561266603,2024-06-01,2025-10-06 10:51:47.57,8,2,0,1,0,0,0,1,0,0,0,1,0,0,0,0,1,0,0,0,0,0,1,0,0,0
CUS_0x831c,30296.0,2732.6666666666665,10,8,22,6,32,20,4.14,100,2851.57,34.556122954654015,124.5743200590907,231.20305222084042,207.48929438673562,2024-06-01,2025-10-06 10:51:47.57,3,6,0,0,0,1,1,1,0,1,1,1,0,0,0,0,0,1,0,0,0,0,1,0,0,0
CUS_0xa1aa,17550.11,1546.509166666667,6,6,20,8,21,25,24.83,100,4073.41,39.631921665675726,90.61562733781643,42.04002984951882,301.99525947933137,2024-06-01,2025-10-06 10:51:47.57,5,2,0,1,0,1,1,0,0,1,0,1,0,0,0,0,0,1,0,0,0,0,0,1,0,0
CUS_0x1a4b,19958.32,1411.1933333333334,1279,7,26,7,52,24,1.9,60,4753.48,37.128019888272384,94.81042935216465,48.63739475294326,187.9898370040933,2024-06-01,2025-10-06 10:51:47.57,4,11,0,1,0,0,0,1,1,1,1,1,0,0,0,0,0,1,0,0,0,0,0,0,0,1
CUS_0x23ad,42072.75,3263.0625,3,6,9,3,16,4,10.97,60,689.65,38.16731368632811,87.08162159291477,59.43630441513774,419.7883239919476,2024-06-01,2025-10-06 10:51:47.57,31,2,1,0,0,1,0,0,1,0,0,0,1,0,0,1,0,0,0,0,0,1,0,0,0,0
CUS_0x69d5,40554.44,3380.536666666667,8,10,24,7,49,25,29.86,110,2902.77,24.666061732725986,159.93501438028173,331.3444783814876,136.77417390489728,2024-06-01,2025-10-06 10:51:47.57,11,4,1,1,1,0,0,1,0,1,1,1,0,0,0,0,0,1,0,0,0,0,0,0,0,1
CUS_0x375e,17683.37,1454.6141666666665,8,8,16,7,20,17,11.88,110,2600.36,26.614328652509485,89.91662941262156,48.36815517614403,277.1766320779011,2024-06-01,2025-10-06 10:51:47.57,7,2,1,1,0,1,1,0,1,0,0,1,0,0,0,0,1,0,0,0,0,0,0,0,1,0
CUS_0x4f3e,17766.93,1219.5775,5,6,11,1,15,0,12.56,20,195.48,33.16403173342232,9.712735562935295,97.94780901866557,294.2972054183992,2024-06-01,2025-10-06 10:51:47.57,30,9,0,0,0,0,0,0,0,1,0,0,1,0,0,0,0,0,1,0,0,0,0,0,0,1
CUS_0x3ec0,11364.87,1095.0725000000002,6,5,5111,3,23,17,15.77,90,1227.03,25.89614448469395,16.49697207778764,36.494320125655754,306.5159577965566,2024-06-01,2025-10-06 10:51:47.57,9,10,0,0,0,1,0,0,1,1,0,1,0,0,0,0,1,0,0,0,1,0,0,0,0,0
CUS_0xbaea,148387.92,12327.660000000002,1,3,5,0,19,2,2.98,80,8.07,32.399807089626144,470.2289180136302,471.75300670349037,540.7840752828797,2024-06-01,2025-10-06 10:51:47.57,25,6,0,0,1,0,0,1,1,0,1,0,0,0,0,1,0,0,0,0,1,0,0,0,0,0
CUS_0x3ce2,14095.93,1310.6608333333334,9,8,34,6,20,24,27.43,70,2790.05,37.12882669722649,37.74514125467864,23.091020343489546,320.2299217351652,2024-06-01,2025-10-06 10:51:47.57,2,0,1,1,0,0,0,1,0,1,1,1,0,0,0,0,0,0,1,0,1,0,0,0,0,0
CUS_0x1b0a,30988.61,2786.3841666666667,5,3,11,0,13,3,7.32,30,820.56,33.855524250500395,0.0,35.986838318305416,492.6515783483612,2024-06-01,2025-10-06 10:51:47.57,17,9,0,0,0,0,0,0,0,0,0,0,1,0,0,0,0,0,1,0,1,0,0,0,0,0
CUS_0x2b8e,141753.72,11587.81,5,5,13,4,10,14,18.65,60,477.41,24.483624528565898,385.60118483239233,415.63657499710183,607.5432401705058,2024-06-01,2025-10-06 10:51:47.57,17,10,0,0,1,0,0,1,0,1,1,1,0,0,0,0,1,0,0,0,1,0,0,0,0,0
CUS_0x2d48,132180.24,11119.02,5,7,8,2,5,5,0.4800000000000004,70,747.86,36.335660364609645,155.16183392742388,207.0658472783252,999.6743187942508,2024-06-01,2025-10-06 10:51:47.57,32,11,0,0,0,1,1,0,0,0,0,0,1,0,0,0,0,0,1,0,1,0,0,0,0,0
CUS_0xaa3a,111059.94,9154.995,5,7,2,0,27,13,0.53,0,418.69,31.11511494743441,0.0,134.16921361424923,1021.3302863857507,2024-06-01,2025-10-06 10:51:47.57,30,9,0,0,0,0,0,0,0,0,0,0,1,0,0,1,0,0,0,0,0,1,0,0,0,0
CUS_0xb052,10007.815,757.9845833333335,4,4,8,7,7,6,17.16,70,2195.63,34.91856024649715,55.95097309538253,61.70153840840035,248.14594682955047,2024-06-01,2025-10-06 10:51:47.57,20,2,0,1,1,1,1,1,0,1,0,1,0,0,0,0,1,0,0,0,0,0,1,0,0,0
CUS_0x683,13603.41,863.6175000000002,6,5,16,6,20,17,24.91,50,45.82,38.29018227642992,53.76195802586103,34.15402054803216,248.44577142610683,2024-06-01,2025-10-06 10:51:47.57,20,0,0,0,0,1,1,1,0,1,1,1,0,0,0,0,1,0,0,0,1,0,0,0,0,0
CUS_0xb615,21206.48,1631.206666666667,7,5,8,0,21,12,9.3,20,231.87,30.29347913146779,0.0,37.45418684854262,385.66647981812406,2024-06-01,2025-10-06 10:51:47.57,19,3,0,0,0,0,0,0,0,0,0,0,0,0,0,1,0,0,0,1,0,0,0,0,0,0
CUS_0x3aeb,28207.03,2116.585833333333,8,7,10,0,28,9,15.48,100,1406.85,38.66398268369544,0.0,116.27847490126679,355.3801084320665,2024-06-01,2025-10-06 10:51:47.57,16,8,0,0,0,0,0,0,0,0,0,1,0,0,0,0,1,0,0,1,0,0,0,0,0,0
CUS_0x9e9e,33928.38,2548.810683027993,4,7,8,5,28,17,18.62,90,164.66,24.6474023041362,184.0784294407784,68.02641491928117,364.7859726119478,2024-06-01,2025-10-06 10:51:47.57,15,3,1,0,0,0,0,1,1,0,1,1,0,0,0,0,0,0,1,0,0,0,0,1,0,0
CUS_0x333c,46640.82,3824.735,3,4,890,3,5,19,8.81,20,816.11,23.928678592899967,75.53576696978119,442.86525716998256,154.07247586023632,2024-06-01,2025-10-06 10:51:47.57,30,0,0,0,0,0,1,0,1,0,0,0,1,0,0,0,1,0,0,0,0,0,1,0,0,0
CUS_0x759c,70205.02,5650.418333333334,0,4,2,0,9,5,0.3700000000000001,50,145.04,29.02451112543481,0.0,753.3458823230931,101.69595101024038,2024-06-01,2025-10-06 10:51:47.57,32,10,0,0,0,0,0,0,0,0,0,0,1,0,0,1,0,0,0,0,0,0,1,0,0,0
CUS_0x8d22,16476.04,1106.003333333333,1,3,11,0,7,8,8.94,40,303.07,24.72938964147044,0.0,67.4701670408556,333.13016629247767,2024-06-01,2025-10-06 10:51:47.57,16,6,0,0,0,0,0,0,0,0,0,0,1,0,0,1,0,0,0,0,0,0,1,0,0,0
CUS_0xc016,44793.34,3677.778333333333,0,5,3,0,6,3,10.69,30,585.77,24.012057831100588,0.0,110.03771971759363,507.7401136157397,2024-06-01,2025-10-06 10:51:47.57,25,9,0,0,0,0,0,0,0,0,0,0,1,0,0,1,0,0,0,0,1,0,0,0,0,0
CUS_0x33b8,16362.68,1536.5566666666666,10,5,18,6,55,24,3.36,150,2635.48,35.210302620419135,77.71339407246742,174.24167763470047,191.70059495949883,2024-06-01,2025-10-06 10:51:47.57,8,5,0,0,1,0,0,1,1,1,0,1,0,0,0,0,0,1,0,0,0,0,1,0,0,0
CUS_0x28e3,129903.0,10705.25,4,6,8,2,10,8,8.16,40,585.74,35.73296200784573,170.01205378367374,139.41053675002308,1001.1024094663032,2024-06-01,2025-10-06 10:51:47.57,16,8,0,1,0,0,0,0,0,0,1,0,1,0,0,1,0,0,0,0,0,1,0,0,0,0
CUS_0x3463,59110.84,5210.903333333333,4,6,10,3,25,17,9.72,40,2685.23,38.36274464845621,106.66245421440576,214.08047923875716,450.34739988017037,2024-06-01,2025-10-06 10:51:47.57,13,0,0,0,1,0,0,1,0,1,0,1,0,0,0,0,1,0,0,0,1,0,0,0,0,0
CUS_0xa3e1,19267.27,1374.605833333333,10,8,25,6,33,21,18.7,90,3777.55,27.66410510537673,78.95482525642049,65.02013588044596,253.48562219646686,2024-06-01,2025-10-06 10:51:47.57,10,10,0,1,0,0,1,0,1,1,0,1,0,0,0,0,0,1,0,1,0,0,0,0,0,0
CUS_0x4bb4,9444.795,850.06625,7,8,28,6,26,11,17.57,70,1701.58,25.641616855236283,27.59495029732186,60.23201764784449,277.1796570548337,2024-06-01,2025-10-06 10:51:47.57,5,11,1,1,1,0,0,1,0,0,1,1,0,0,0,0,1,0,0,0,0,0,0,1,0,0
CUS_0x4ef2,57080.22,4598.685,6,4,3,3,1,11,0.75,0,553.43,34.348390424114186,116.53074689474388,70.82655018160321,522.5112029236531,2024-06-01,2025-10-06 10:51:47.57,23,3,1,0,0,1,0,0,0,1,0,0,1,0,0,1,0,0,0,0,1,0,0,0,0,0
CUS_0x5195,16678.77,1101.8975,8,6,20,9,52,16,8.38,140,4312.53,39.76605236424353,90.74345288894855,115.09258304763571,194.3537140634157,2024-06-01,2025-10-06 10:51:47.57,5,3,1,0,0,1,1,0,1,1,0,1,0,0,0,0,0,1,0,0,0,0,0,0,0,1
CUS_0x6956,61883.44,4914.953333333334,9,7,27,0,53,22,18.18,70,4783.46,30.33624645458102,231.03842762112117,395.8249729935579,154.63193271865435,2024-06-01,2025-10-06 10:51:47.57,5,8,0,1,1,1,0,1,0,0,1,1,0,0,0,0,0,1,0,0,0,0,1,0,0,0
CUS_0xb74d,9816.78,890.065,720,8,26,7,46,23,26.01,110,2672.05,32.41889567788595,48.39954008206016,82.5443198171368,248.06264010080312,2024-06-01,2025-10-06 10:51:47.57,11,5,1,1,0,1,1,0,0,0,1,0,0,0,0,0,0,1,0,0,0,0,1,0,0,0
CUS_0xbc71,119242.68,9849.89,8,3,7,1,16,11,1.54,10,746.75,42.55598036474765,85.65308708581176,264.0465751441777,885.2893377700107,2024-06-01,2025-10-06 10:51:47.57,20,9,0,0,0,0,0,0,0,0,1,0,0,0,0,0,1,0,0,0,1,0,0,0,0,0
CUS_0x3e65,103695.12,8342.26,3,4,11,0,9,8,0.0,40,939.25,28.091473557637197,0.0,179.7702578800436,904.4557421199563,2024-06-01,2025-10-06 10:51:47.57,19,4,0,0,0,0,0,0,0,0,0,0,1,0,0,0,1,0,0,0,1,0,0,0,0,0
CUS_0x4aba,41351.46,3543.955,5,5,14,0,26,13,6.99,30,727.13,37.49553612279647,0.0,34.710138218994466,559.6853617810057,2024-06-01,2025-10-06 10:51:47.57,30,4,0,0,0,0,0,0,0,0,0,0,0,0,0,0,1,0,0,0,0,1,0,0,0,0
CUS_0x96c7,32507.89,2784.9908333333333,7,6,10,4,29,10,8.22,10,1301.81,27.17740474374633,97.43370539023933,82.55614708985347,348.5092308532405,2024-06-01,2025-10-06 10:51:47.57,22,0,0,0,1,0,1,1,0,0,1,1,0,0,0,0,1,0,0,0,0,0,0,0,0,1
CUS_0x2f91,14719.33,1289.070193202975,4,5,9,7,7,18,10.31,6260,2421.78,35.294431050779885,148.10819233573352,145.46001811446374,208.43351301349486,2024-06-01,2025-10-06 10:51:47.57,15,10,1,1,1,0,0,0,1,0,1,1,0,0,0,0,0,0,1,0,0,0,1,0,0,0
CUS_0x6a56,33280.98,2936.4150000000004,8,5,33,5,45,20,5.97,100,1669.88,25.34863468851797,116.8375646226758,75.16725643428262,361.63667894304166,2024-06-01,2025-10-06 10:51:47.57,16,0,0,1,0,1,1,1,0,0,0,1,0,0,0,0,0,1,0,1,0,0,0,0,0,0
CUS_0x18e8,19633.03,1760.085833333333,6,8,28,7,30,19,20.72,110,4381.85,32.31899021467071,74.7678592309555,111.92422188676868,249.31650221560918,2024-06-01,2025-10-06 10:51:47.57,5,8,1,0,1,1,0,0,1,0,1,1,0,0,0,0,0,0,1,1,0,0,0,0,0,0
CUS_0x2816,62160.87,4940.0725,7,5,22,7,55,18,9.92,120,2264.21,32.80160796078093,323.5306728477768,412.96758299358635,27.508994158636824,2024-06-01,2025-10-06 10:51:47.57,15,3,0,1,1,0,0,0,1,1,0,1,0,0,0,0,0,1,0,0,0,0,0,0,1,0
CUS_0x4e07,14235.88,1012.3233333333332,8,5,24,9,53,20,22.16,160,4633.81,37.85006828599696,62.5404407599224,121.20828914898428,207.4836034244266,2024-06-01,2025-10-06 10:51:47.57,6,6,1,1,1,1,1,0,0,1,1,0,0,0,0,0,0,1,0,0,0,0,1,0,0,0
CUS_0x638,54622.5,4371.875,8,9,23,7,19,19,21.92,170,3445.84,29.128380140525,217.31615326411827,376.51399307716713,133.35735365871466,2024-06-01,2025-10-06 10:51:47.57,6,9,1,0,0,1,1,1,1,0,0,1,0,0,0,0,0,0,1,0,0,0,1,0,0,0
CUS_0xa224,9166.465,517.8720833333333,9,5,22,3,15,20,15.76,120,1943.21,24.60541962924759,21.38599661872784,44.26356006399229,276.1376516506132,2024-06-01,2025-10-06 10:51:47.57,12,11,0,0,0,1,0,0,1,1,0,1,0,0,0,0,0,1,0,0,0,0,1,0,0,0
CUS_0x13f8,145858.88,11878.906666666668,5,4,7,4,0,6,5.91,10,1321.93,39.01039483171687,262.4006748778315,169.49535715112248,995.9946346377127,2024-06-01,2025-10-06 10:51:47.57,30,4,0,1,1,1,0,1,0,0,0,0,1,0,0,0,0,0,1,0,0,1,0,0,0,0
CUS_0x8a89,152895.44,12670.286666666669,0,5,5,2,11,9,0.0,10,228.28,40.99494518209088,245.55291798741885,239.2510999783079,1022.22464870094,2024-06-01,2025-10-06 10:51:47.57,19,9,0,0,0,0,1,0,0,0,0,0,0,0,0,0,0,0,1,0,0,1,0,0,0,0
CUS_0xa267,129727.4,11076.616666666669,3,4,19,2,27,15,11.68,50,1111.92,27.5186273051192,175.05634069915615,730.4610999351466,482.1442260323638,2024-06-01,2025-10-06 10:51:47.57,31,6,0,0,0,1,0,1,0,0,0,0,0,0,0,0,1,0,0,0,0,0,0,1,0,0
CUS_0xc38d,21196.23,1983.3525,5,6,11,4,18,19,18.92,60,1383.67,34.364367126855925,61.541296327035205,50.62715115021216,356.1668025227526,2024-06-01,2025-10-06 10:51:47.57,16,2,0,0,1,0,1,1,1,0,0,1,0,0,0,0,0,0,1,0,0,0,0,0,1,0
CUS_0x15a3,16490.8,1574.2333333333331,1,3,5,2,6,8,3.5,30,1015.0,27.120114277847787,17.109480302380938,136.75095359031434,293.56289944063803,2024-06-01,2025-10-06 10:51:47.57,21,6,0,0,0,0,0,1,0,1,0,0,1,0,0,1,0,0,0,0,0,0,1,0,0,0
CUS_0x5749,35374.6,3027.8917526779805,3,6,25,2,7,10,9.6,60,2303.35,36.8017718860469,161.48466184235969,197.13141059180904,485.54185673153984,2024-06-01,2025-10-06 10:51:47.57,16,9,1,0,0,0,0,0,1,0,0,1,0,0,0,0,1,0,0,0,1,0,0,0,0,0
CUS_0x97b0,23635.39,2239.6158333333333,8,5,10,3,13,9,16.09,80,152.17,29.833020341508885,46.91741254960999,53.00120489710274,374.04296588662066,2024-06-01,2025-10-06 10:51:47.57,13,10,0,0,0,0,0,0,1,1,1,1,0,0,0,0,1,0,0,0,1,0,0,0,0,0
CUS_0xbc58,21205.72,1556.1433333333334,3,5,10,2,9,14,2.55,20,327.83,31.84193106936027,20.00788610189992,125.46907677863572,300.1373704527977,2024-06-01,2025-10-06 10:51:47.57,27,9,0,0,1,0,0,1,0,0,0,0,0,0,0,1,0,0,0,0,0,0,1,0,0,0
CUS_0x7b75,8759.74,812.9783333333335,6,7,19,0,17,23,23.37,60,4094.24,29.97271386385881,43.495717726913966,101.1508372188725,226.65127838754688,2024-06-01,2025-10-06 10:51:47.57,12,6,0,1,1,0,0,0,1,1,1,1,0,0,0,0,0,1,0,0,0,0,1,0,0,0
CUS_0xab5e,57421.58,4522.131666666667,3,4,6,0,15,8,9.89,30,287.31,39.393668327388646,101.38156306013047,265.660165693081,355.1714379134553,2024-06-01,2025-10-06 10:51:47.57,24,4,0,0,1,1,0,1,0,0,0,0,1,0,0,0,0,0,1,0,0,0,0,0,1,0
CUS_0xb591,35724.37,3149.0308333333337,5,3,7,4,32,14,5.15,10,18.29,26.831894267809357,86.1350973591329,10000.0,418.05014449336016,2024-06-01,2025-10-06 10:51:47.57,25,4,0,1,0,1,0,0,0,0,0,0,1,0,0,1,0,0,0,0,0,0,0,1,0,0
CUS_0xb6aa,16678.98,1233.915,8,7,23,2,55,13,9.36,90,2195.45,27.91515976067168,14.490600920325534,132.1709855439563,266.7299135357182,2024-06-01,2025-10-06 10:51:47.57,7,8,0,0,0,0,1,0,1,0,0,1,0,0,0,0,1,0,0,0,0,0,1,0,0,0
CUS_0x79b,55000.62,4526.385,3,6,12,0,17,14,2.88,0,815.35,28.35034422783059,0.0,71.22215469647278,631.4163453035272,2024-06-01,2025-10-06 10:51:47.57,16,6,0,0,0,0,0,0,0,0,0,0,1,0,0,0,1,0,0,0,1,0,0,0,0,0
CUS_0x3407,19243.9,1442.6583333333335,6,5,19,4,10,14,7.88,60,1889.31,34.31649652830968,62.02620965406347,10000.0,229.23146799352193,2024-06-01,2025-10-06 10:51:47.57,6,5,0,0,0,0,1,1,1,1,0,1,0,0,0,0,1,0,0,0,0,0,1,0,0,0
CUS_0x6346,99089.52,8309.46,5,1,9,1,4,0,8.66,20,338.95,27.28513948587913,57.16122949174202,124.22272415307036,889.5620463551877,2024-06-01,2025-10-06 10:51:47.57,33,3,0,0,0,1,0,0,0,0,0,0,1,0,0,1,0,0,0,0,0,1,0,0,0,0
CUS_0xa290,102940.53,8729.3775,6,6,10,3,18,13,0.99,40,185.84,40.45719473956184,196.02019937498343,192.317093103845,724.6004575211716,2024-06-01,2025-10-06 10:51:47.57,27,4,1,0,1,0,0,1,0,0,0,1,0,0,0,0,1,0,0,0,0,0,0,0,0,1
CUS_0xa421,17926.7,1468.8916666666669,6,3,870,2,20,11,19.6,60,1137.33,26.02365817975512,20.29936911655792,64.06271634820807,322.52708120190067,2024-06-01,2025-10-06 10:51:47.57,13,8,0,1,0,0,0,0,0,1,0,1,0,0,0,0,1,0,0,1,0,0,0,0,0,0
CUS_0xa501,50811.27,4387.2725,6,4,20,3,18,14,8.01,50,1274.59,36.19643285105103,22779.0,99.15461151728249,472.24317492253306,2024-06-01,2025-10-06 10:51:47.57,6,4,0,0,1,0,0,1,1,0,0,1,0,0,0,0,1,0,0,0,0,1,0,0,0,0
CUS_0x10dd,105645.6,9090.8,4,3,5,4,28,19,2.41,40,1336.91,40.455481525263146,315.40610064414074,170.89918722293208,662.7747121329272,2024-06-01,2025-10-06 10:51:47.57,21,4,0,0,1,1,0,1,0,1,0,0,1,0,0,0,0,0,1,0,0,1,0,0,0,0
CUS_0x2ca9,79298.96,6830.246666666668,8,7,13,1,17,17,10.26,20,804.92,26.08871284282496,58.09333267948304,581.4325759152058,323.49875807197793,2024-06-01,2025-10-06 10:51:47.57,33,5,1,0,0,0,0,0,0,0,0,0,1,0,0,0,1,0,0,0,0,0,0,1,0,0
CUS_0x3556,18957.37,1637.780833333333,2,5,3,2,2,2,9.58,30,288.32,37.6031010673399,30.6285757672807,63.93928751948383,358.7035527521681,2024-06-01,2025-10-06 10:51:47.57,17,9,0,0,0,0,0,0,0,1,1,0,1,0,0,1,0,0,0,0,0,0,0,1,0,0
CUS_0xe72,21578.69,1592.2241666666666,6,7,17,2,31,18,8.96,40,625.46,37.79020768889456,18.878098364070716,118.50577509262705,301.838543209969,2024-06-01,2025-10-06 10:51:47.57,32,6,0,0,0,1,0,0,0,1,0,0,1,0,0,0,1,0,0,0,0,0,0,1,0,0
CUS_0x4781,61627.0,4599.783962197371,1,6,2,1,18,8,7.35,20,1485.87,33.41524994410507,298.8773341029049,10000.0,646.9585822206109,2024-06-01,2025-10-06 10:51:47.57,20,6,0,0,1,0,0,0,0,0,0,0,1,0,0,1,0,0,0,0,1,0,0,0,0,0
CUS_0xbdf7,20728.4,1506.3666666666668,8,9,34,5,54,24,8.12,60,2118.03,27.0611009588256,44.18259681107372,108.95571823790415,277.49835161768885,2024-06-01,2025-10-06 10:51:47.57,16,0,0,1,0,0,1,1,0,0,1,1,0,0,0,0,0,0,1,0,0,0,0,1,0,0
CUS_0xc728,19267.17,1531.5975,6,5,26,6,17,12,15.71,120,1732.19,35.51633514172028,77.6309366382346,189.37215635818183,176.15665700358358,2024-06-01,2025-10-06 10:51:47.57,13,8,1,0,0,0,0,0,1,1,0,1,0,0,0,0,1,0,0,0,0,0,1,0,0,0
CUS_0x271a,21167.555,1829.9629166666664,2,7,9,3,10,1,5.38,20,1286.57,31.625592764201787,40.335282007110685,22.819490565245374,359.8415190943106,2024-06-01,2025-10-06 10:51:47.57,30,4,0,0,1,1,1,0,0,0,0,0,1,0,0,1,0,0,0,0,0,1,0,0,0,0
CUS_0x5436,17166.71,1181.559166666667,7,10,718,9,50,16,9.82,2720,4525.27,35.37480090925992,105.65166033084056,38.826573627685725,253.67768270814042,2024-06-01,2025-10-06 10:51:47.57,5,2,1,1,0,1,0,1,1,0,1,1,0,0,0,0,0,1,0,0,0,0,0,1,0,0
CUS_0x7d41,80673.29999999999,6822.774999999999,7,4,7,4,13,12,13.17,50,326.98,32.17751594408731,176.27890992524624,116.90433752692437,629.0942525478292,2024-06-01,2025-10-06 10:51:47.57,12,5,0,1,1,0,1,0,1,0,0,1,0,0,0,0,0,0,1,0,0,0,0,0,0,1
CUS_0x3134,101855.88,8446.99,3,3,8,0,13,1,8.23,10,1371.87,27.000185265904328,0.0,757.353986933862,377.34501306613816,2024-06-01,2025-10-06 10:51:47.57,19,7,0,0,0,0,0,0,0,0,0,0,1,0,0,0,0,0,1,0,0,0,1,0,0,0
CUS_0xbab0,119312.08,9538.088083723986,5,5,17,4,24,15,2.27,10,1200.53,37.14165007094413,800.007565058174,659.2017541412404,279.9432637432684,2024-06-01,2025-10-06 10:51:47.57,19,3,0,1,0,0,0,0,1,1,1,1,0,0,0,0,0,0,1,1,0,0,0,0,0,0
CUS_0xff3,17032.785,1176.39875,0,6,2,3,13,7,6.86,50,1229.08,26.91557683865236,33.299763542384525,81.19585741743609,293.14425404017936,2024-06-01,2025-10-06 10:51:47.57,17,3,1,1,0,1,0,0,0,0,0,0,1,0,0,1,0,0,0,0,0,0,1,0,0,0
CUS_0x385d,18495.14,1839.2616666666663,3,3,7,4,11,17,12.61,100,1216.59,33.08035449226588,39.645585209693024,111.22986881207581,323.0507126448978,2024-06-01,2025-10-06 10:51:47.57,14,0,0,1,0,0,1,0,0,0,1,1,0,0,0,0,1,0,0,0,0,0,1,0,0,0
CUS_0x495e,75476.72,6492.7266666666665,10,10,30,5,19,25,8.41,80,1401.04,27.36706399155495,301.55767926496065,332.428920270285,275.286067131421,2024-06-01,2025-10-06 10:51:47.57,18,3,0,1,1,0,0,0,0,0,1,1,0,0,0,0,0,1,0,1,0,0,0,0,0,0
CUS_0x180f,30028.29,2286.3575,3,6,10,4,15,19,17.65,110,1410.84,35.26048980738896,76.32040533141058,10000.0,255.02433535156348,2024-06-01,2025-10-06 10:51:47.57,7,3,0,0,0,1,0,1,1,0,0,1,0,0,0,0,1,0,0,0,0,0,0,1,0,0
CUS_0x414d,91717.32,7577.777965211783,3,4,7,2,8,2056,4.39,30,1.48,30.45614478905012,425.2504542808359,262.2235436394695,656.4690368679096,2024-06-01,2025-10-06 10:51:47.57,30,10,0,0,0,0,1,0,0,1,0,1,0,0,0,0,1,0,0,0,0,0,0,1,0,0
CUS_0x675,20229.03,1966.7525,8,5,10,3,20,9,10.93,10,1352.13,37.930636433049,35.33336984134754,254.7157150775613,196.62616508109116,2024-06-01,2025-10-06 10:51:47.57,23,10,0,1,0,1,0,0,0,0,1,0,1,0,0,0,0,0,1,0,0,0,1,0,0,0
CUS_0x6c5c,118228.38,10121.365,5,5,4255,3,6,0,7.54,0,359.59,34.54741639108237,271.1209090934286,201.19810836695197,779.8174825396194,2024-06-01,2025-10-06 10:51:47.57,27,3,1,0,0,1,1,0,0,0,0,0,1,0,0,1,0,0,0,0,0,1,0,0,0,0
CUS_0x39d6,17416.5,1560.375,6,7,31,6,0,8,7.9,120,2505.52,27.944233703467003,65.22298548843214,126.13017574358672,244.6843387679812,2024-06-01,2025-10-06 10:51:47.57,18,9,1,1,1,0,1,0,0,1,1,1,0,0,0,0,0,0,1,0,0,0,0,1,0,0
CUS_0x5a2,15410.19,1554.1825,10,5,28,0,20,26,4.69,110,1257.4,30.91468679988224,39.62811681829229,121.23575569486981,264.5543774868379,2024-06-01,2025-10-06 10:51:47.57,14,4,0,1,1,0,0,0,0,1,0,1,0,0,0,0,0,1,0,0,0,0,0,0,1,0
CUS_0x5e9d,1.2877209E7,1131.4604166666668,7,6,10,1,13,19,4.41,30,1483.41,25.497091377798235,13.709879580126335,87.31344487535709,292.1227172111832,2024-06-01,2025-10-06 10:51:47.57,17,0,0,0,0,0,0,0,0,1,0,0,0,0,0,0,1,0,0,0,0,0,0,1,0,0
CUS_0x28f3,56038.28,4860.856666666667,5,4,10,2,7,14,8.03,40,264.52,31.501847501054453,76.22103398122317,83.96730212520156,575.8973305602418,2024-06-01,2025-10-06 10:51:47.57,21,4,0,0,1,1,0,0,0,0,0,0,1,0,0,1,0,0,0,0,1,0,0,0,0,0
CUS_0x62da,62799.48,5159.29,9,8,32,9,52,20,20.07,90,4144.96,30.04665628617737,271.3578728226633,130.335127905191,364.2359992721457,2024-06-01,2025-10-06 10:51:47.57,3,2,0,1,0,1,0,1,0,1,1,1,0,0,0,0,0,1,0,0,1,0,0,0,0,0
