Customer_ID,Annual_Income,Monthly_Inhand_Salary,Num_Bank_Accounts,Num_Credit_Card,Interest_Rate,Num_of_Loan,Delay_from_due_date,Num_of_Delayed_Payment,Changed_Credit_Limit,Num_Credit_Inquiries,Outstanding_Debt,Credit_Utilization_Ratio,Total_EMI_per_month,Amount_invested_monthly,Monthly_Balance,snapshot_date,_ingested_at_utc,credit_history_age_year,credit_history_age_month,mortgage_loan,auto_loan,credit_builder_loan,personal_loan,not_specified,student_loan,home_equity_loan,payday_loan,debt_consolidation_loan,ohe__payment_of_min_amount__yes,ohe__payment_of_min_amount__no,ohe__payment_of_min_amount__nm,ohe__payment_of_min_amount__unknown,ohe__credit_mix__good,ohe__credit_mix__standard,ohe__credit_mix__bad,ohe__credit_mix__unknown,ohe__payment_behaviour__high_spent_small_value_payments,ohe__payment_behaviour__high_spent_medium_value_payments,ohe__payment_behaviour__high_spent_large_value_payments,ohe__payment_behaviour__low_spent_small_value_payments,ohe__payment_behaviour__low_spent_medium_value_payments,ohe__payment_behaviour__low_spent_large_value_payments,ohe__payment_behaviour__unknown
CUS_0x1ef9,150256.72,12641.393333333332,1,6,1,0,13,1,2.69,20,1488.34,38.83133470569511,0.0,1181.26551084451,372.87382248882363,2024-02-01,2025-10-06 10:51:05.346,16,8,0,0,0,0,0,0,0,0,0,0,1,0,0,1,0,0,0,0,0,0,1,0,0,0
CUS_0x4f52,11126.925,1000.9630497410318,7,6,12,1,10,14,8.95,10,381.82,35.60586356085938,56.20942055854118,30.766468787102745,346.22918591332433,2024-02-01,2025-10-06 10:51:05.346,32,0,0,0,0,0,0,1,0,0,0,0,1,0,0,1,0,0,0,0,0,0,0,1,0,0
CUS_0x8e3,39460.01,3030.334166666667,2,6,2431,4,10,7,1.5,70,1180.08,33.244444627927145,82.45141960261901,23.328604666879357,437.25339239716834,2024-02-01,2025-10-06 10:51:05.346,30,2,0,0,0,1,0,1,0,0,1,0,1,0,0,1,0,0,0,0,0,1,0,0,0,0
CUS_0x3257,78595.6,6642.633333333334,9,7,17,6,30,17,11.4,90,1421.43,34.47287751831513,366.9658732692656,604.492249522022,287.53358143471576,2024-02-01,2025-10-06 10:51:05.346,12,3,1,1,0,0,0,1,1,0,0,1,0,0,0,0,0,1,0,0,0,0,0,1,0,0
CUS_0x3279,18762.55,1710.5458333333331,8,6,24,6,35,23,22.51,140,3916.73,24.597244453352488,54.05721079817104,40.886969818234476,336.1104027169278,2024-02-01,2025-10-06 10:51:05.346,2,3,0,1,1,0,0,0,0,1,1,1,0,0,0,0,0,1,0,1,0,0,0,0,0,0
CUS_0x7231,61923.66,5245.305,9,9,29,2,62,20,8.03,150,2277.1,26.51510383487601,53.17181691776678,177.60680157753288,543.7518815047005,2024-02-01,2025-10-06 10:51:05.346,7,4,0,1,0,0,0,0,1,0,0,1,0,0,0,0,1,0,0,0,1,0,0,0,0,0
CUS_0x9e41,18417.19,1754.7658333333331,9,10,5615,5,50,17,18.24,130,4682.62,25.822683344125124,53.69033545455992,96.03638575971534,295.7498621190581,2024-02-01,2025-10-06 10:51:05.346,6,3,0,1,0,1,0,1,0,0,1,1,0,0,0,0,0,1,0,0,0,0,0,0,0,1
CUS_0xec4,38041.56,2972.13,5,1108,10,3,9,3,10.97,40,682.46,34.72187218472566,78.74374981190559,158.06268208611263,350.40656810198175,2024-02-01,2025-10-06 10:51:05.346,32,11,0,0,0,1,1,0,1,0,0,0,1,0,0,1,0,0,0,0,0,0,1,0,0,0
CUS_0x237d,31632.32,2421.026666666666,2,3,9,3,1,9,3.7,60,73.75,25.962302985149307,59.02287401364738,75.22644265331256,357.85334999970667,2024-02-01,2025-10-06 10:51:05.346,32,10,1,0,0,0,0,0,0,1,0,0,1,0,0,1,0,0,0,0,1,0,0,0,0,0
CUS_0x4038,37807.28,2933.606666666666,1,2,4,2,5,7,2.05,30,108.85,24.956378713600444,62.47570431841321,143.80538383492149,347.07957851333197,2024-02-01,2025-10-06 10:51:05.346,20,8,0,0,0,1,0,0,0,0,1,0,1,0,0,1,0,0,0,1,0,0,0,0,0,0
CUS_0x5db2,9400.43,847.3691666666667,7,8,22,5,32,17,28.9,160,4505.63,36.605756003221,30.33870136336024,80.14945156155541,254.24876374175102,2024-02-01,2025-10-06 10:51:05.346,7,4,0,1,0,0,1,0,0,1,1,1,0,0,0,0,0,1,0,0,0,0,0,1,0,0
CUS_0xb303,7169.585,867.4654166666667,8,7,33,5,21,16,19.18,70,1552.66,38.93306177503332,18.76056409040556,23.74628365643368,294.2396939198274,2024-02-01,2025-10-06 10:51:05.346,12,5,0,0,0,1,1,1,0,0,1,1,0,0,0,0,1,0,0,0,1,0,0,0,0,0
CUS_0xc247,11968.51,1254.3758333333335,3,4,16,2,20,18,10.95,0,685.74,36.65202731047517,18.074485052910767,22.430682931421188,324.9324153490014,2024-02-01,2025-10-06 10:51:05.346,25,4,0,1,0,0,1,0,0,0,0,0,1,0,0,0,1,0,0,0,0,1,0,0,0,0
CUS_0x28a4,104075.52,8745.96,3,5,7,1,12,16,8.45,90,1371.49,36.820360952975314,73.11669737642082,587.2816387661613,474.19766385741775,2024-02-01,2025-10-06 10:51:05.346,20,6,0,0,0,0,0,1,0,0,0,1,0,0,0,0,1,0,0,1,0,0,0,0,0,0
CUS_0x9ae6,14293.11,1112.0925,6,9,24,6,59,21,20.61,100,3491.37,37.66520442485425,46.06385912955504,61.55270746560046,263.59268340484454,2024-02-01,2025-10-06 10:51:05.346,13,3,1,0,0,1,1,0,1,1,0,1,0,0,0,0,0,1,0,1,0,0,0,0,0,0
CUS_0x684c,33238.98,2485.9150000000004,7,8,27,2,41,18,4.84,150,1712.72,29.282040089352567,54.70127740849407,268.16881448518586,215.72140810632013,2024-02-01,2025-10-06 10:51:05.346,14,4,1,0,0,0,0,0,0,0,0,1,0,0,0,0,0,1,0,0,0,0,0,0,0,1
CUS_0x3313,34773.31,2878.775833333333,1,5,6,2,2,0,1.17,40,82.07,29.96062576815646,52.23056183317051,105.89418526072348,379.7528362394394,2024-02-01,2025-10-06 10:51:05.346,23,6,0,0,0,0,1,0,0,1,0,0,1,0,0,0,0,0,1,0,1,0,0,0,0,0
CUS_0x333f,26030.03,2146.1691666666666,4,3,13,3,6,20,11.7,4210,595.44,24.325664535888187,38.324538847109,201.79462809736282,264.4977497221949,2024-02-01,2025-10-06 10:51:05.346,30,9,0,0,0,0,1,0,1,1,0,0,0,0,0,0,1,0,0,0,0,0,1,0,0,0
CUS_0x4d19,7448.78,795.7316666666667,3,7,16,0,19,17,12.81,150,1362.72,27.82010055668975,8.593567256269756,24.82808586497281,326.1515135454241,2024-02-01,2025-10-06 10:51:05.346,20,4,1,0,0,0,0,0,0,0,1,1,0,0,0,0,1,0,0,0,0,0,0,1,0,0
CUS_0x9b81,95949.4,7875.783333333333,3,4,12,0,20,15,4.51,40,1264.37,37.37113155609372,0.0,238.46276769487287,809.1155656384606,2024-02-01,2025-10-06 10:51:05.346,19,11,0,0,0,0,0,0,0,0,0,0,1,0,0,0,1,0,0,0,0,0,0,0,0,1
CUS_0xb107,34946.42,2635.2016666666664,4,1,4,0,7,9,15.32,20,860.37,33.986834507193564,0.0,213.4462294177181,330.07393724894854,2024-02-01,2025-10-06 10:51:05.346,29,10,0,0,0,0,0,0,0,0,0,0,1,0,0,1,0,0,0,0,0,0,0,1,0,0
CUS_0x478,42757.81,3556.150833333333,0,5,3,3,1,6,0.0,90,646.98,29.21351612124767,102.80956873920842,189.12987105023026,343.67564354389464,2024-02-01,2025-10-06 10:51:05.346,32,6,1,0,0,0,0,1,1,0,0,0,1,0,0,1,0,0,0,0,0,0,0,1,0,0
CUS_0xb2d5,18296.3,1672.6916666666666,8,9,28,9,42,20,20.19,110,3893.3,32.61201659705019,84.26469322208162,28.251331865531906,294.7531415790532,2024-02-01,2025-10-06 10:51:05.346,11,10,1,1,1,0,0,1,0,1,1,1,0,0,0,0,0,1,0,0,0,1,0,0,0,0
CUS_0x6d70,68454.96,5820.580000000001,8,9,19,5,60,15,8.08,160,2407.21,32.60832883068865,160.51367457785037,10000.0,311.25220071105724,2024-02-01,2025-10-06 10:51:05.346,19,3,0,1,0,1,1,0,0,1,0,1,0,0,0,0,0,0,1,0,0,0,1,0,0,0
CUS_0xa090,9158.03,822.124561970472,7,9,27,2,57,22,1.19,90,2495.15,25.03028053113071,54.26316380680065,28.20866325173209,304.8896943043286,2024-02-01,2025-10-06 10:51:05.346,13,5,0,0,1,0,0,0,0,0,1,1,0,0,0,0,0,1,0,1,0,0,0,0,0,0
CUS_0x2881,41360.3,3424.691666666667,3,7,12,0,12,11,9.31,0,254.29,26.519796534003262,33.64768787321608,59.82082662186993,489.00065217158084,2024-02-01,2025-10-06 10:51:05.346,21,6,0,0,0,0,0,1,0,0,0,0,1,0,0,1,0,0,0,0,0,1,0,0,0,0
CUS_0x4218,17150.52,1191.21,8,10,32,5,16,16,17.04,90,2515.23,39.264150150954606,69.95605580287364,159.02692499152778,180.1380192055986,2024-02-01,2025-10-06 10:51:05.346,11,2,0,1,0,0,1,1,0,1,1,1,0,0,0,0,1,0,0,0,0,0,1,0,0,0
CUS_0x530b,20782.66,1886.888333333333,1,6,11,4,13,615,5.85,90,1002.18,31.769775270661203,68.0777928583523,97.98403833122069,302.62700214376036,2024-02-01,2025-10-06 10:51:05.346,31,9,0,0,0,0,1,0,1,0,1,0,1,0,0,1,0,0,0,0,0,0,0,1,0,0
CUS_0x6487,129200.12,10841.676666666666,7,3,11,3,15,18,15.71,110,1457.54,30.19165468157888,205.7729198790937,208.0796712622284,910.3150755253447,2024-02-01,2025-10-06 10:51:05.346,12,5,0,0,0,0,1,0,0,1,0,1,0,0,0,0,1,0,0,0,0,1,0,0,0,0
CUS_0x8e8b,18760.6,1531.3833333333332,7,8,18,5,51,22,16.3,150,4573.36,25.973669300032054,71.47716469812731,47.34427356401272,304.3168950711933,2024-02-01,2025-10-06 10:51:05.346,7,0,1,1,1,1,0,0,0,0,0,0,0,0,0,0,0,1,0,0,0,0,0,0,1,0
CUS_0xb918,15333.36,999.78,10,6,28,5,18,18,13.99,130,2310.1,33.266809403547505,38.407242495970905,94.94495903661884,256.62579846741033,2024-02-01,2025-10-06 10:51:05.346,18,6,1,0,0,0,1,1,1,0,0,1,0,0,0,0,0,1,0,0,0,0,0,0,0,1
CUS_0xbb26,17131.345,1569.6120833333334,7,5,14,5,22,16,15.48,120,429.69,40.57273029907906,36954.0,26.030009238811694,309.5564971678437,2024-02-01,2025-10-06 10:51:05.346,17,6,0,1,1,0,0,0,1,1,0,1,0,0,0,0,1,0,0,0,0,1,0,0,0,0
CUS_0x2358,35760.12,2904.01,8,8,33,6,17,16,0.3899999999999997,120,1656.52,38.546290572261626,99.85235977419757,70.27836624292543,370.270273982877,2024-02-01,2025-10-06 10:51:05.346,12,5,1,0,0,1,0,1,1,1,0,0,0,0,0,0,0,1,0,0,1,0,0,0,0,0
CUS_0xb6e0,157794.6,13225.55,3,3,11,2,10,10,7.98,10,1198.78,31.69415677057845,261.8733089802178,170.6978346845364,1129.983856335246,2024-02-01,2025-10-06 10:51:05.346,27,5,0,0,0,0,0,0,1,1,0,0,0,0,0,1,0,0,0,0,0,1,0,0,0,0
CUS_0x3401,15479.34,1143.945,6,9,33,0,24,24,27.12,90,3106.09,29.835165424933265,47.71745623865422,76.14522292379317,280.53182083755263,2024-02-01,2025-10-06 10:51:05.346,1,10,1,0,1,1,1,0,0,0,1,1,0,0,0,0,0,1,0,0,0,0,1,0,0,0
CUS_0x3dd5,15862.67,1046.8891666666666,374,10,28,6,23,22,18.36,130,4763.66,26.00373254450026,76.60381292560204,88.92315434477409,229.16194939629054,2024-02-01,2025-10-06 10:51:05.346,8,0,1,1,0,0,1,0,0,1,1,0,0,0,0,0,0,1,0,0,0,0,1,0,0,0
CUS_0x715e,17560.74,1244.3950000000002,10,6,15,3,39,18,8.71,70,2307.3,30.110312206507597,35.13564075311549,165.7686453912986,213.53521385558602,2024-02-01,2025-10-06 10:51:05.346,10,3,0,0,0,0,0,1,0,1,0,0,0,0,0,0,0,1,0,0,0,0,1,0,0,0
CUS_0x94d2,21834.105,2071.50875,4,5,11,1,8,12,10.4,50,1215.84,35.80986599399993,16.922557269222168,189.87260232912567,290.35571540165216,2024-02-01,2025-10-06 10:51:05.346,24,11,0,0,1,0,0,0,0,0,0,0,1,0,0,1,0,0,0,0,0,0,1,0,0,0
CUS_0x4bf7,51377.88,4406.49,6,5,19,4,23,19,6.81,70,372.54,37.69933601777448,108.10274428684572,119.93697240434848,492.60928330880586,2024-02-01,2025-10-06 10:51:05.346,19,10,1,0,1,1,0,0,1,0,0,1,0,0,0,0,0,0,1,0,0,0,0,1,0,0
CUS_0x8711,18333.79,1576.815833333333,9,10,27,6,36,18,6.1400000000000015,100,3149.58,28.05595689735043,70.47504139524627,108.79710395866877,268.40943797941827,2024-02-01,2025-10-06 10:51:05.346,7,5,1,1,0,1,1,0,0,0,0,1,0,0,0,0,0,1,0,0,0,0,1,0,0,0
CUS_0x968a,18280.185,1498.34875,5,7,17,1,19,16,8.53,70,556.78,32.85629802973628,13.453568460314596,54.5610984998119,331.8202080398736,2024-02-01,2025-10-06 10:51:05.346,16,9,0,0,0,0,0,0,0,0,1,1,0,0,0,0,1,0,0,0,1,0,0,0,0,0
CUS_0x569a,33775.16,2800.004795071645,9,10,28,6,40,21,17.009999999999998,80,2618.21,26.982584528622155,320.6920107634249,195.596445794262,248.86308170400198,2024-02-01,2025-10-06 10:51:05.346,11,10,1,1,0,1,0,1,1,0,0,1,0,0,0,0,0,0,1,0,0,0,0,0,1,0
CUS_0xab07,61651.29,5140.6075,9,9,32,6,21,21,3.11,160,1825.83,26.884280948385744,239.1958470475002,367.49616938523616,197.3687335672637,2024-02-01,2025-10-06 10:51:05.346,20,2,1,1,1,0,0,0,0,1,1,0,0,0,0,0,0,1,0,0,0,0,1,0,0,0
CUS_0x93ad,129605.52,10834.46,3,4,11,1,15,4,1.78,20,1078.62,33.87233657275218,82.44079386258545,192.01666202556675,1058.988544111848,2024-02-01,2025-10-06 10:51:05.346,21,3,0,1,0,0,0,0,0,0,0,0,0,0,0,1,0,0,0,0,1,0,0,0,0,0
CUS_0x97ec,17212.35,1271.3625,8,9,26,2,61,18,13.44,150,2427.44,27.05693908034787,15.953524166759104,95.1747018263845,286.0080240068564,2024-02-01,2025-10-06 10:51:05.346,11,11,0,0,0,0,1,0,1,0,0,1,0,0,0,0,0,1,0,0,0,0,0,0,1,0
CUS_0x55bd,105521.58,8595.465,4,6,5,4,8,18,7.07,80,462.11,32.53790471258208,224.5107862948008,394.05519449650205,520.9805192086973,2024-02-01,2025-10-06 10:51:05.346,22,10,1,0,0,0,0,1,0,1,0,1,0,0,0,0,0,0,1,0,0,0,0,1,0,0
CUS_0x1048,42387.54,3680.295,3,7,26,7,9,8,10.34,70,1835.67,28.75306000732747,225.883368970478,133.51336229583663,268.6327687336854,2024-02-01,2025-10-06 10:51:05.346,10,0,0,0,0,1,1,0,1,1,1,1,0,0,0,0,1,0,0,1,0,0,0,0,0,0
CUS_0x2a27,20334.43,1541.5358333333334,5,6,21,3,22,11,17.79,120,2400.74,25.149548391146453,45.71172081515636,37.015655955032464,267.44465946688666,2024-02-01,2025-10-06 10:51:05.346,19,10,0,0,0,1,1,0,0,0,0,1,0,0,0,0,0,0,1,0,0,0,1,0,0,0
CUS_0x9263,14369.5,962.4583333333331,7,7,19,9,36,21,23.96,120,4496.77,33.91693043107755,79.506552352626,39.490413357507826,237.24886762319954,2024-02-01,2025-10-06 10:51:05.346,12,2,1,1,1,0,1,0,1,1,0,1,0,0,0,0,0,1,0,1,0,0,0,0,0,0
CUS_0x9c1f,55378.41,4665.8675,6,9,17,9,29,20,1.53,160,3911.65,32.38163926952131,320.45108777105025,50.81393976277786,335.32172246617193,2024-02-01,2025-10-06 10:51:05.346,4,8,1,1,0,1,0,1,0,1,0,1,0,0,0,0,0,1,0,0,0,1,0,0,0,0
CUS_0xba9f,45536.43,3426.884767343975,10,9,33,7,42,25,16.87,120,3415.38,34.00672326491868,541.7632382771656,42.68852696713827,337.9362174117212,2024-02-01,2025-10-06 10:51:05.346,13,10,0,1,1,0,1,1,0,0,1,1,0,0,0,0,0,1,0,0,0,1,0,0,0,0
CUS_0x20c4,7435.16,333.5966666666667,8,10,19,6,21,15,29.79,110,3854.27,27.24976603405711,26.854019880685684,18.057013355599974,261.2659593352548,2024-02-01,2025-10-06 10:51:05.346,5,2,0,1,1,1,0,0,1,0,0,0,0,0,0,0,0,0,1,0,0,0,1,0,0,0
CUS_0x8661,40276.27,3381.355833333333,5,4,12,3,28,13,9.02,90,786.37,29.86174237313361,72785.0,204.3397696733358,339.6794568000442,2024-02-01,2025-10-06 10:51:05.346,22,4,0,0,0,1,0,1,0,1,0,0,1,0,0,1,0,0,0,1,0,0,0,0,0,0
CUS_0x444b,127708.48,10389.373333333331,7,3,13,3,11,17,19.29,10,1123.12,41.806426887951545,207.27410955151103,151.0487819763139,920.6144418055085,2024-02-01,2025-10-06 10:51:05.346,32,6,0,0,0,0,0,0,1,0,1,1,0,0,0,0,0,0,1,0,0,1,0,0,0,0
CUS_0xb982,59494.14,5162.845,0,4,2,1,6,3,6.6,10,662.71,31.206550002807266,31.134100740407924,190.21074954468781,584.9396497149044,2024-02-01,2025-10-06 10:51:05.346,29,4,0,0,1,0,0,0,0,0,0,0,1,0,0,1,0,0,0,0,0,0,1,0,0,0
CUS_0x1914,66149.48,5230.456666666666,8,10,30,2,53,20,2.8,120,2576.98,29.47284899329931,101.0284878799932,63.142229104804954,598.8749496818685,2024-02-01,2025-10-06 10:51:05.346,13,8,0,0,0,0,0,1,1,0,0,1,0,0,0,0,0,1,0,0,0,1,0,0,0,0
CUS_0x5ba4,78810.64,6448.553333333332,6,5,16,2,7,20,12.03,60,54.46,30.651787826516863,98.47957094764332,265.3134130293377,541.0623493563523,2024-02-01,2025-10-06 10:51:05.346,20,8,0,0,0,0,0,1,0,0,1,1,0,0,0,0,1,0,0,1,0,0,0,0,0,0
CUS_0x61e1,19532.06,1758.6716666666669,8,8,27,7,44,8,10.24,120,1817.0,35.02379989876052,109.8118217940914,102.01083772060306,254.04450715197223,2024-02-01,2025-10-06 10:51:05.346,15,6,1,0,0,0,0,1,0,1,1,1,0,0,0,0,1,0,0,0,0,0,1,0,0,0
CUS_0x26ff,9844.05,910.3375,5,6,18,3,20,15,5.1,100,1679.05,24.510257189491877,23.26682118745245,55.79357771699004,292.4848105789777,2024-02-01,2025-10-06 10:51:05.346,8,10,0,0,1,0,0,0,1,1,0,1,0,0,0,0,0,0,1,0,0,1,0,0,0,0
CUS_0x62ad,15915.73,1461.3108333333332,5,7,24,0,5,12,12.05,140,1554.95,28.35591085491396,50.6602635385705,38.15238737962346,327.3184324151393,2024-02-01,2025-10-06 10:51:05.346,11,10,0,0,0,1,1,0,1,0,1,1,0,0,0,0,1,0,0,0,0,0,0,0,1,0
CUS_0x134d,85324.44,7286.37,5,7,18,3,12,12,16.22,70,713.09,28.64542306565239,197.3052809913375,279.8194092753569,501.5123097333056,2024-02-01,2025-10-06 10:51:05.346,28,6,0,1,0,1,0,0,0,1,0,1,0,0,0,0,1,0,0,0,1,0,0,0,0,0
CUS_0x1470,14156.88,1251.74,3,4,4,4,0,8,8.86,40,602.3,31.11071542032609,57803.0,91.45229450742808,287.0636960694384,2024-02-01,2025-10-06 10:51:05.346,27,0,1,0,0,0,1,0,1,1,0,0,1,0,0,1,0,0,0,0,0,0,1,0,0,0
CUS_0x86b5,15669.6,1268.8,5,10,27,5,19,13,11.66,120,2004.47,29.653854962021068,35.28391360987881,168.95288353879522,212.64320285132595,2024-02-01,2025-10-06 10:51:05.346,8,4,1,0,0,1,0,1,1,1,0,1,0,0,0,0,0,0,1,0,0,0,1,0,0,0
CUS_0x6fa4,20049.97,1462.8308333333334,8,5,17,6,20,14,1.75,70,1794.72,31.762894544699314,93.3227716993683,27.69352149575364,275.2667901382114,2024-02-01,2025-10-06 10:51:05.346,16,5,0,0,0,0,1,1,0,1,1,1,0,0,0,0,0,0,1,0,1,0,0,0,0,0
CUS_0xbabc,8139.495,391.29125,10,7,16,9,59,19,18.87,70,3075.98,35.09754820305287,37.95382531077964,24.683057459119198,266.4922422301012,2024-02-01,2025-10-06 10:51:05.346,6,3,1,1,1,0,1,1,0,1,0,1,0,0,0,0,0,1,0,0,0,0,1,0,0,0
CUS_0x5cff,24931.39,2098.6158333333333,4,6,13,2,21,8,11.34,120,18.55,41.18151950044066,74926.0,54.279192988939066,378.7805513319969,2024-02-01,2025-10-06 10:51:05.346,29,3,0,0,1,0,0,0,1,0,0,0,0,0,0,0,1,0,0,0,0,0,0,0,0,1
CUS_0x6969,124623.9,10305.325,5,2,10,4,6,12,5.76,20,1039.13,43.4187460847004,321.0802541335506,278.0137963626196,681.4384495038297,2024-02-01,2025-10-06 10:51:05.346,26,3,1,0,0,1,0,0,0,1,0,0,1,0,0,1,0,0,0,0,1,0,0,0,0,0
CUS_0x3baa,29968.56,2698.38,5,5,6,1,10,12,11.04,40,1022.13,29.634747428898137,21.03313243477011,46.44828667186058,442.35658089336937,2024-02-01,2025-10-06 10:51:05.346,17,8,1,0,0,0,0,0,0,0,0,0,1,0,0,0,0,0,1,0,0,1,0,0,0,0
CUS_0x6a55,42048.24,3758.02,6,4,5,2,22,8,9.54,40,975.52,29.976831427506948,53.58146325969543,107.64697650597172,464.57356023433294,2024-02-01,2025-10-06 10:51:05.346,29,5,0,1,0,1,0,0,0,0,0,0,1,0,0,0,0,0,1,0,1,0,0,0,0,0
CUS_0xb614,81623.13,6887.927500000002,4,4,8,2,23,19,9.01,60,1160.88,40.63528913199546,91.1903001785404,123.39844461749814,714.2040052039615,2024-02-01,2025-10-06 10:51:05.346,15,10,1,0,0,0,0,0,0,1,0,1,0,0,0,0,1,0,0,0,0,1,0,0,0,0
CUS_0x3e57,35593.16,2711.096666666667,6,10,27,4,50,22,15.67,110,1368.27,37.580091581670096,72.4217552457502,80.88404783729067,387.8038635836258,2024-02-01,2025-10-06 10:51:05.346,6,5,0,0,1,0,1,1,1,0,0,1,0,0,0,0,0,1,0,0,0,0,0,0,1,0
CUS_0x3ee4,19982.93,1651.2441666666666,3,4,11,0,21,6,13.11,20,504.15,34.520197437250424,0.0,42.606890502538064,372.51752616412864,2024-02-01,2025-10-06 10:51:05.346,33,6,0,0,0,0,0,0,0,0,0,0,1,0,0,0,0,0,1,0,0,0,0,0,0,1
CUS_0x4046,41191.6,3384.633333333333,0,3,4,1,2,8,4.55,30,801.66,36.72400887256835,21.40349214208148,80.01520290612753,507.04463828512434,2024-02-01,2025-10-06 10:51:05.346,18,5,0,0,0,0,0,0,0,0,1,0,1,0,0,1,0,0,0,0,0,0,0,0,1,0
CUS_0x63b0,89705.92,7678.493333333333,6,4,16,4,16,10,8.34,40,434.95,36.907990373358494,269.36753849045755,129.1272184003565,609.3545764425193,2024-02-01,2025-10-06 10:51:05.346,27,2,1,0,0,0,0,1,1,0,0,0,1,0,0,0,1,0,0,0,0,1,0,0,0,0
CUS_0x83dc,59759.68,5062.973333333333,10,6,19,6,18,21,23.04,90,3676.39,33.797748759828785,243.22666360378076,60.38737530422879,442.68329442532377,2024-02-01,2025-10-06 10:51:05.346,2,0,1,1,1,1,0,0,0,0,0,1,0,0,0,0,0,1,0,0,0,1,0,0,0,0
CUS_0x8b8,15707.85,1048.9875,4,4,13,1,18,10,7.59,100,1382.26,31.92995241104846,10.811389639578648,98.90485187929121,275.1825084811301,2024-02-01,2025-10-06 10:51:05.346,8,2,1,0,0,0,0,0,0,0,0,1,0,0,0,0,1,0,0,0,0,0,0,1,0,0
CUS_0x9636,18058.635,1692.8862499999998,3,3,1,4,14,11,1.55,30,412.52,24.19045951100265,13951.0,138.29565512056365,254.8826852221036,2024-02-01,2025-10-06 10:51:05.346,29,8,0,0,1,0,1,1,0,0,0,0,1,0,0,0,0,0,1,0,0,0,0,1,0,0
CUS_0x18f4,35805.25,3106.770833333333,4,7,16,0,24,15,3.81,20,723.27,37.07935872633704,0.0,99.90848166557407,460.7686016677593,2024-02-01,2025-10-06 10:51:05.346,25,3,0,0,0,0,0,0,0,0,0,0,1,0,0,0,1,0,0,0,1,0,0,0,0,0
CUS_0x467e,68289.32,5411.7766666666685,1,7,1,3,0,2,5.57,80,957.71,34.596481914202855,129.83790962923132,340.36979609027304,350.96996094716246,2024-02-01,2025-10-06 10:51:05.346,26,6,0,0,0,0,1,0,0,0,1,0,1,0,0,1,0,0,0,0,0,0,0,1,0,0
CUS_0x53e2,35235.18,3188.265,8,9,15,3,32,15,10.3,80,2388.85,26.39973895037282,57.68531870711298,229.21803261953303,301.923148673354,2024-02-01,2025-10-06 10:51:05.346,16,8,0,1,0,0,0,1,0,1,0,1,0,0,0,0,0,1,0,0,0,0,0,0,1,0
CUS_0x5bfc,9141.63,1056.8024999999998,8,10,23,8,31,15,17.51,70,4769.85,36.605398843011045,47.0738830569356,67.78202131715557,270.82434562590885,2024-02-01,2025-10-06 10:51:05.346,7,6,1,0,0,0,1,1,1,0,1,1,0,0,0,0,0,1,0,0,0,0,0,1,0,0
CUS_0x38ad,8108.77,535.7308333333334,6,3,34,6,13,16,10.62,22070,2004.87,25.76904710672257,29.75018094512929,21.72914463219952,292.0937577560045,2024-02-01,2025-10-06 10:51:05.346,6,0,1,1,1,0,0,0,1,1,0,1,0,0,0,0,0,0,1,0,0,0,1,0,0,0
CUS_0x5e46,32357.41,2456.4508333333333,5,3,9,0,17,19,8.89,80,681.22,29.350799479255944,0.0,98.27818225612695,450.4630169610536,2024-02-01,2025-10-06 10:51:05.346,26,9,0,0,0,0,0,0,0,0,0,0,1,0,0,1,0,0,0,1,0,0,0,0,0,0
CUS_0xb5c6,79501.56,6836.13,7,5,12,2,27,12,19.94,60,533.41,27.36732859714512,82.80383763516075,465.08179064717797,415.7273717176613,2024-02-01,2025-10-06 10:51:05.346,16,8,0,0,0,0,1,0,1,0,0,1,0,0,0,0,1,0,0,0,0,0,0,1,0,0
CUS_0x1d3d,60284.16,5153.68,0,4,2,2,1,4,4.4,90,1306.74,34.32494122417099,67.92957510218618,367.789848665156,349.64857623265794,2024-02-01,2025-10-06 10:51:05.346,30,9,0,0,0,0,0,1,1,0,0,0,1,0,0,0,0,0,1,0,0,0,0,0,1,0
CUS_0x2beb,8165.37,471.4475,7,8,18,0,19,23,14.72,90,3771.86,25.91510172454356,26.21310603653352,63.76091649688135,247.17072746658516,2024-02-01,2025-10-06 10:51:05.346,7,9,0,0,0,1,0,1,0,0,1,1,0,0,0,0,0,1,0,0,0,0,0,0,0,1
CUS_0x30c6,68469.6,5500.8,7,6,33,5,58,19,5.16,110,1865.28,32.72195055407946,230.39275410392412,144.76406610155348,424.9231797945224,2024-02-01,2025-10-06 10:51:05.346,6,4,1,1,0,0,0,1,1,0,0,1,0,0,0,0,0,1,0,0,1,0,0,0,0,0
CUS_0xb25a,30617.62,2533.468333333333,5,3,8,3,15,9,7.9,50,938.6,33.421261863004545,74.01131688190553,154.66729027619414,314.6682261752337,2024-02-01,2025-10-06 10:51:05.346,32,0,0,0,0,0,1,0,0,0,1,0,1,0,0,1,0,0,0,0,0,0,1,0,0,0
CUS_0x12b8,15906.4,1350.5333333333333,9,10,21,8,22,21,27.86,60,3167.74,31.08570159781371,91.8933758063416,119.6072590468508,213.5526984801409,2024-02-01,2025-10-06 10:51:05.346,10,11,0,0,1,0,1,1,1,0,1,1,0,0,0,0,0,1,0,0,0,0,1,0,0,0
CUS_0x7f70,49962.42,4007.535,7,7,15,3,25,18,3.71,40,1175.81,39.90855638880218,67.46103412055444,107.92988529791613,475.3625805815294,2024-02-01,2025-10-06 10:51:05.346,32,6,1,0,1,0,1,0,0,0,0,0,1,0,0,0,1,0,0,0,1,0,0,0,0,0
CUS_0xb87a,35469.07,2935.755833333333,4,5,6,0,5,8,2.37,40,545.48,24.749608354208103,0.0,61.7351205264027,481.84046280693065,2024-02-01,2025-10-06 10:51:05.346,18,0,0,0,0,0,0,0,0,0,0,0,1,0,0,1,0,0,0,0,1,0,0,0,0,0
CUS_0x81ae,61281.60000000001,5208.8,7,7,11,4,23,9,20.13,70,1350.4,23.851413940030408,197.61091004910404,658.235872472171,253.19584310237042,2024-02-01,2025-10-06 10:51:05.346,8,5,0,1,1,0,0,0,0,1,1,0,0,0,0,0,1,0,0,0,0,0,1,0,0,0
CUS_0x8ec5,18207.57,1369.2975,5,7,24,0,19,18,9.7,140,2310.54,34.400966887678685,68.3667622704828,130.95089210609072,217.61209562342648,2024-02-01,2025-10-06 10:51:05.346,7,4,0,0,0,1,1,0,0,1,1,1,0,0,0,0,1,0,0,0,0,0,0,1,0,0
CUS_0x589f,47589.24,4145.333091177216,10,7,26,9,47,25,15.36,100,3883.96,36.14252134084772,319.54923260089265,73.36096031142576,244.50371591046692,2024-02-01,2025-10-06 10:51:05.346,8,5,1,0,1,1,0,1,1,1,1,1,0,0,0,0,0,1,0,0,0,1,0,0,0,0
CUS_0x8175,62953.62,5083.135,3,7,1,0,6,12,3.48,40,437.9,31.05515303074312,0.0,56.36533686146925,691.9481631385307,2024-02-01,2025-10-06 10:51:05.346,18,4,0,0,0,0,0,0,0,0,0,0,1,0,0,1,0,0,0,0,0,1,0,0,0,0
CUS_0x3007,8664.405,872.03375,6,7,13,4,30,19,15.0,110,317.71,23.816328300399032,28.71450950830804,37.25881580430253,301.23004968738945,2024-02-01,2025-10-06 10:51:05.346,12,10,0,1,1,1,1,0,0,0,0,0,0,0,0,0,1,0,0,0,0,0,0,1,0,0
CUS_0x6a6,91946.91,7553.2425,3,6,12,0,22,16,18.44,10,1194.82,37.05588353882381,251.16294015950425,84.79024875711491,659.3710610833809,2024-02-01,2025-10-06 10:51:05.346,30,0,0,0,1,0,0,0,1,1,0,1,0,0,0,0,1,0,0,0,0,1,0,0,0,0
CUS_0x5c31,71498.38,6100.198333333334,4,6,8,0,15,7,7.29,30,972.14,25.90480231426023,0.0,148.8002619003651,711.2195714329683,2024-02-01,2025-10-06 10:51:05.346,25,1,0,0,0,0,0,0,0,0,0,0,0,0,0,1,0,0,0,0,1,0,0,0,0,0
CUS_0x99b,71522.2,6107.1833333333325,7,8,28,6,54,19,31.04,130,3683.98,34.15931840744153,244.42007380310497,391.9022637263535,254.39599580387488,2024-02-01,2025-10-06 10:51:05.346,13,10,0,0,0,0,0,1,0,1,1,1,0,0,0,0,0,1,0,0,0,0,0,1,0,0
CUS_0xbb69,28910.14,2441.1783333333333,8,6,11,0,7,19,7.67,30,496.03,37.38469817173848,75.1242701040224,70.64746015581598,348.34610307349504,2024-02-01,2025-10-06 10:51:05.346,22,5,0,1,0,1,0,0,0,1,0,0,1,0,0,0,0,0,1,0,1,0,0,0,0,0
CUS_0x4889,61540.56,5352.38,7,8,17,4,55,13,17.15,70,1599.3,29.71107521635768,146.19821930099008,203.60815456547562,445.4316261335344,2024-02-01,2025-10-06 10:51:05.346,19,0,0,0,0,1,1,0,0,0,1,1,0,0,0,0,1,0,0,1,0,0,0,0,0,0
CUS_0x3fdf,8475.375,653.28125,10,7,29,8,54,19,21.0,90,4399.81,25.114840361272808,48.47441488517351,54.81827868807437,232.03543142675213,2024-02-01,2025-10-06 10:51:05.346,1,5,1,1,1,0,0,0,1,1,1,1,0,0,0,0,0,1,0,0,0,0,0,0,1,0
CUS_0x522c,16204.64,1596.3866666666663,4,5,7,1,9,21,8.97,50,83.9,33.960162650657104,8.897017222603756,10000.0,285.11183558509083,2024-02-01,2025-10-06 10:51:05.346,21,7,0,0,0,0,1,0,0,0,0,0,1,0,0,1,0,0,0,0,0,0,0,0,0,1
CUS_0x6edb,46243.56,4083.63,4,5,13,0,5,88,15.79,110,1455.34,24.740042937383908,0.0,76.73903747225522,581.6239625277448,2024-02-01,2025-10-06 10:51:05.346,30,0,0,0,0,0,0,0,0,0,0,1,0,0,0,0,1,0,0,0,1,0,0,0,0,0
CUS_0xc632,33376.81,2890.400833333333,2,5,1,3,11,11,9.16,30,252.34,30.94144208098688,82.41644185018785,112.32327194798478,344.30036953516066,2024-02-01,2025-10-06 10:51:05.346,31,0,0,0,1,0,0,1,0,0,1,0,1,0,0,0,0,0,1,0,1,0,0,0,0,0
CUS_0x407e,22276.68,2014.39,5,6,14,2,15,10,2.93,50,124.57,37.70497909350946,20.934313038899845,17.633432095498872,402.87125486560126,2024-02-01,2025-10-06 10:51:05.346,21,4,0,0,0,1,0,1,0,0,0,0,1,0,0,0,1,0,0,0,0,1,0,0,0,0
CUS_0x7e6d,79824.64,6705.053333333332,9,7,26,8,58,16,17.14,140,3633.04,39.189318471603336,351.5689087849992,130.08321075085868,428.8532137974757,2024-02-01,2025-10-06 10:51:05.346,4,2,1,1,1,1,1,1,0,0,1,1,0,0,0,0,0,1,0,0,0,1,0,0,0,0
CUS_0x90e7,9978.995,930.5829166666668,8,7,33,9,42,24,24.12,90,2749.73,33.06722323356299,65.14209980758726,50.35619123460671,267.5600006244727,2024-02-01,2025-10-06 10:51:05.346,3,0,1,1,0,1,1,1,0,0,1,1,0,0,0,0,0,1,0,0,0,0,1,0,0,0
CUS_0xaba4,19462.925,1496.152098595095,1,1,8,4,9,13,5.51,70,160.3,26.494187732251124,160.8225488851566,161.14260282837287,337.0902563256261,2024-02-01,2025-10-06 10:51:05.346,32,4,0,1,1,0,0,0,0,0,0,0,1,0,0,1,0,0,0,0,0,0,1,0,0,0
CUS_0x7620,36496.38,2934.365,8,3,30,3,15,3858,8.46,100,1328.69,33.70921238062444,45.81234946436643,118.49660514585692,409.1275453897766,2024-02-01,2025-10-06 10:51:05.346,6,5,0,1,1,0,0,0,1,0,0,1,0,0,0,0,1,0,0,0,0,0,0,1,0,0
CUS_0x1935,17096.25,1669.6875,10,8,19,7,56,19,29.72,140,2733.27,30.308910102939528,74.05755769101916,183.18570558723218,199.7254867217486,2024-02-01,2025-10-06 10:51:05.346,3,10,0,1,0,1,1,0,1,1,1,1,0,0,0,0,0,1,0,0,0,0,1,0,0,0
CUS_0x4434,7087.24,361.60333333333335,8,5,14,6,30,10,8.24,80,54.25,36.52654664583319,22.30193994059064,40.03226642177543,263.82612697096727,2024-02-01,2025-10-06 10:51:05.346,6,9,1,0,0,1,0,1,1,0,0,1,0,0,0,0,1,0,0,0,0,0,1,0,0,0
CUS_0x7ae9,20611.96,1444.6633333333332,7,3,23,3,20,9,11.23,110,1948.98,38.12698812764528,50.214728167512256,167.45545003103925,216.79615513478183,2024-02-01,2025-10-06 10:51:05.346,11,10,1,1,0,0,1,0,0,0,0,1,0,0,0,0,1,0,0,0,0,0,1,0,0,0
CUS_0xb92e,15312.52,1021.0433333333332,7,10,32,2,64,9,19.06,80,2290.91,37.20013265744576,13.564921078240276,10000.0,278.64859489866825,2024-02-01,2025-10-06 10:51:05.346,10,3,0,1,0,0,0,0,0,1,0,1,0,0,0,0,1,0,0,0,0,0,0,0,1,0
CUS_0x1f91,37986.18,3046.515,7,6,25,8,45,17,25.21,100,3607.64,26.007725968231192,134.58153359465152,52.92054348239161,357.14942292295683,2024-02-01,2025-10-06 10:51:05.346,8,0,1,1,1,0,0,1,0,0,1,1,0,0,0,0,0,1,0,0,0,1,0,0,0,0
CUS_0x28f1,54262.34,4625.861666666667,6,4,17,7,30,14,11.16,70,456.99,36.858820585732886,264.7561035209468,432.755067437601,35.07499570811893,2024-02-01,2025-10-06 10:51:05.346,5,11,1,0,1,1,0,1,1,0,0,1,0,0,0,0,1,0,0,0,0,0,0,0,1,0
CUS_0x3afa,20528.59,1900.7158333333327,6,7,32,9,61,15,26.49,150,3578.54,33.445403026881344,127.9016496031002,149.11154820969298,193.05838552054016,2024-02-01,2025-10-06 10:51:05.346,5,10,1,0,0,0,1,1,1,1,1,1,0,0,0,0,0,1,0,0,0,0,0,0,0,1
CUS_0x42e6,25389.26,1954.7716666666663,5,3,6,3,15,12,6.82,0,242.65,30.25808125040457,60.30343390867149,10000.0,341.04846544343593,2024-02-01,2025-10-06 10:51:05.346,31,5,0,0,0,0,0,0,1,1,0,1,0,0,0,0,1,0,0,0,0,0,0,0,1,0
CUS_0x4b3c,29880.29,2239.0241666666666,4,6,14,0,17,16,0.0,20,1262.95,27.41786784254069,0.0,107.351461608052,386.55095505861465,2024-02-01,2025-10-06 10:51:05.346,31,2,0,0,0,0,0,0,0,0,0,1,0,0,0,0,1,0,0,0,0,0,0,0,1,0
CUS_0x4f88,7195.3,434.60833333333335,10,9,20,7,29,18,11.99,130,1820.55,38.1260600031021,37.72408546970284,23.023944548593175,272.7128033150373,2024-02-01,2025-10-06 10:51:05.346,20,6,0,0,1,1,1,1,0,0,1,0,0,0,0,0,0,0,1,0,0,0,1,0,0,0
CUS_0x81e2,75042.72,6484.56,6,3,13,2,8,12,15.65,70,417.62,37.433261622963336,105.684175022784,442.0009822438776,370.7708427333386,2024-02-01,2025-10-06 10:51:05.346,17,10,0,1,0,0,0,0,1,0,0,1,0,0,0,0,0,0,1,0,0,0,0,0,1,0
CUS_0x13c2,60682.11,5179.8425,8,5,23,5,41,18,26.12,90,4899.87,35.24700773699953,195.4514774266537,142.65756191908372,386.53022367825247,2024-02-01,2025-10-06 10:51:05.346,9,5,0,0,1,0,0,0,1,1,1,1,0,0,0,0,0,1,0,0,0,0,0,1,0,0
CUS_0x2438,43183.56,3851.63,5,5,13,4,15,10,14.2,90,263.56,27.153158748362323,106.86769926352645,93.87100644281843,434.42429429365507,2024-02-01,2025-10-06 10:51:05.346,19,10,0,1,0,0,1,0,0,0,1,1,0,0,0,0,1,0,0,0,1,0,0,0,0,0
CUS_0x3394,39540.78,3410.065,8,7,25,7,47,15,26.32,130,3506.0,36.83148428078368,227.5308648819429,10000.0,303.31250657043233,2024-02-01,2025-10-06 10:51:05.346,10,10,0,1,1,0,0,1,0,0,1,1,0,0,0,0,0,1,0,1,0,0,0,0,0,0
CUS_0x38ca,31897.35,2908.1125,5,8,6,0,21,9,11.88,90,1116.03,26.58403615035904,0.0,192.24390077609112,358.5673492239088,2024-02-01,2025-10-06 10:51:05.346,22,10,0,0,0,0,0,0,0,0,0,0,1,0,0,0,1,0,0,1,0,0,0,0,0,0
CUS_0x574,71830.0,5829.833333333332,6,5,25,8,47,23,21.91,70,2952.58,34.607422213425096,405.06800500896907,152.99375873767676,274.9215695866875,2024-02-01,2025-10-06 10:51:05.346,11,5,1,1,1,0,0,1,1,1,0,1,0,0,0,0,0,1,0,0,1,0,0,0,0,0
CUS_0x857a,108818.2,9177.183333333332,6,5,4,3,25,16,4.5,60,1210.88,26.35959167982333,207.2870628596972,807.1160509076972,183.31521956593892,2024-02-01,2025-10-06 10:51:05.346,21,8,0,1,0,0,1,0,0,0,1,0,1,0,0,1,0,0,0,0,0,0,0,0,0,1
CUS_0x9cb8,73675.65,6073.6375,5,4,20,1,3,15,6.0,70,56.92,25.768531975528663,31.60653481855623,85.53612396375459,730.221091217689,2024-02-01,2025-10-06 10:51:05.346,31,11,0,0,0,0,0,0,0,0,1,1,0,0,0,0,1,0,0,0,0,1,0,0,0,0
CUS_0xbd06,15444.65,1195.0541666666666,7,10,26,6,27,18,8.31,120,1876.55,24.341529003499023,63.78224985710503,80.99096738346073,234.7321994261009,2024-02-01,2025-10-06 10:51:05.346,12,2,0,1,1,0,0,1,0,1,0,1,0,0,0,0,0,0,1,1,0,0,0,0,0,0
CUS_0x12ef,68898.0,5588.5,7,4,11,0,24,16,5.8,50,312.14,29.86160695200283,0.0,195.78897977675166,613.0610202232482,2024-02-01,2025-10-06 10:51:05.346,28,2,0,0,0,0,0,0,0,0,0,0,1,0,0,0,1,0,0,0,0,0,0,0,0,1
CUS_0x1c31,29669.28,2534.44,7,9,22,7,46,18,27.41,130,3055.13,33.545689150067446,111.28820615967688,108.01064010299177,324.1451537373314,2024-02-01,2025-10-06 10:51:05.346,11,3,1,1,1,1,1,0,0,1,0,1,0,0,0,0,0,1,0,0,0,0,1,0,0,0
CUS_0x3276,47370.64,3676.553333333333,5,6,14,1,16,20,6.44,0,1397.52,27.27253096685915,21.716396698324967,254.90349343622174,371.0354431987866,2024-02-01,2025-10-06 10:51:05.346,32,0,0,0,0,0,1,0,0,0,0,0,1,0,0,0,1,0,0,0,0,0,0,1,0,0
CUS_0x43b8,59695.36,5119.613333333334,6,8,22,6,43,18,20.61,140,4448.24,34.73489834929109,274.95957527412776,61.601599054730606,425.4001590044751,2024-02-01,2025-10-06 10:51:05.346,2,10,0,1,1,0,1,0,1,0,1,1,0,0,0,0,0,0,1,0,1,0,0,0,0,0
CUS_0x9e7e,88296.18,7386.0149999999985,4,4,11,3,17,6,6.87,50,1301.98,26.250681068390627,127.29563026902272,221.4493669697651,669.8565027612123,2024-02-01,2025-10-06 10:51:05.346,24,5,1,0,0,1,0,0,0,0,1,0,0,0,0,0,0,0,1,0,0,0,0,1,0,0
CUS_0x3b83,56213.84,4955.486666666667,6,7,26,5,58,19,2.77,140,3626.94,23.57040065266104,120.15943330681644,311.2585712354875,334.1306621243627,2024-02-01,2025-10-06 10:51:05.346,4,8,1,1,1,0,0,0,1,0,0,1,0,0,0,0,0,0,1,0,0,0,0,0,1,0
CUS_0x4185,10439.97,1103.9975,9,5,15,9,19,24,18.21,80,4473.82,23.95832744633985,65.67432345956395,111.59841898181824,223.12700755861783,2024-02-01,2025-10-06 10:51:05.346,9,9,1,1,1,1,1,0,1,1,0,1,0,0,0,0,0,0,1,0,0,0,1,0,0,0
CUS_0x590,63539.56,4996.963333333333,8,7,15,2,16,18,2.03,140,2638.22,37.22538447928483,60.66704901520035,70.52600239978786,608.5032819183451,2024-02-01,2025-10-06 10:51:05.346,16,11,0,0,0,1,0,1,0,0,0,1,0,0,0,0,0,1,0,0,0,1,0,0,0,0
CUS_0xab44,62109.24,5152.77,5,4,15,4,29,11,7.63,70,1308.94,30.92163649514594,166.1585477440781,653.9601338450237,425.29571754290674,2024-02-01,2025-10-06 10:51:05.346,27,6,0,1,0,1,1,0,1,0,0,1,0,0,0,0,0,0,1,0,0,0,1,0,0,0
CUS_0xbd37,76072.76,6598.3966666666665,6,6,12,0,30,10,11.57,90,359.79,27.49995064555661,0.0,252.34321779044475,667.4964488762222,2024-02-01,2025-10-06 10:51:05.346,33,0,0,0,0,0,0,0,0,0,0,0,1,0,0,0,0,0,1,1,0,0,0,0,0,0
CUS_0xbd4,106614.18,9150.515,3,6,6,2,2,0,3.11,60,40.71,29.9906077183243,105.1786512581012,446.23528038829386,623.6375683536049,2024-02-01,2025-10-06 10:51:05.346,25,11,1,0,0,0,0,0,0,0,1,0,1,0,0,1,0,0,0,1,0,0,0,0,0,0
CUS_0x4f4d,124052.22,10290.685,2,6,2,3,23,3,17.310000000000002,40,330.83,38.85296963880944,179.07554934261097,352.70830681730513,747.2846438400841,2024-02-01,2025-10-06 10:51:05.346,22,3,0,0,1,0,0,0,0,1,0,0,1,0,0,1,0,0,0,0,1,0,0,0,0,0
CUS_0x587,18070.01,1469.8341666666663,9,7,34,3,41,25,8.89,80,2493.97,38.795053783165976,43.48068420047778,77.1295419247409,286.37319054144797,2024-02-01,2025-10-06 10:51:05.346,9,6,1,0,0,1,0,0,0,0,1,0,0,0,0,0,0,1,0,1,0,0,0,0,0,0
CUS_0x9974,36130.89,3192.9075,5,7,20,2,6,10,2.13,60,1395.65,24.63013130740459,32.589794901731246,55.07268165977193,471.62827343849676,2024-02-01,2025-10-06 10:51:05.346,28,11,0,0,0,0,0,0,0,1,0,0,1,0,0,0,1,0,0,0,0,1,0,0,0,0
CUS_0x6000,25203.1,2234.258333333333,5,7,17,2,8,9,2.61,30,393.77,23.55495816880106,39.270247170186096,69.20970731686276,364.9458788462845,2024-02-01,2025-10-06 10:51:05.346,30,5,0,1,1,0,0,0,0,0,0,1,0,0,0,0,1,0,0,0,1,0,0,0,0,0
CUS_0x7dd8,17451.235,1276.2695833333337,5,3,5,4,14,9,0.0,80,883.67,31.775894632172022,40.60167158128381,44.60156655963022,322.4237201924193,2024-02-01,2025-10-06 10:51:05.346,20,9,0,0,1,0,0,0,1,1,0,0,1,0,0,1,0,0,0,0,0,0,0,1,0,0
CUS_0x7ed9,112383.56,9542.296666666669,4,6,4,0,5,11,9.29,10,1271.36,34.59970231686525,0.0,542.1186082788327,672.1110583878341,2024-02-01,2025-10-06 10:51:05.346,22,2,0,0,0,0,0,0,0,0,0,0,0,0,0,0,0,0,1,1,0,0,0,0,0,0
CUS_0xc507,50340.14,4284.011666666666,7,4,15,1,29,18,11.25,70,464.51,32.9420436198806,33.187394044968464,203.2609711730878,451.9528014486104,2024-02-01,2025-10-06 10:51:05.346,25,0,0,0,0,0,0,1,0,0,0,0,1,0,0,0,1,0,0,1,0,0,0,0,0,0
CUS_0xc4e,17213.61,1350.4675,9,8,28,5,30,24,17.25,70,2818.55,36.26290094855037,70.42879204421682,143.71911661845346,210.8988413373297,2024-02-01,2025-10-06 10:51:05.346,1,5,1,1,1,0,1,0,0,0,0,1,0,0,0,0,0,1,0,0,0,0,1,0,0,0
CUS_0x52f7,36446.72,3002.9731947568034,8,4,16,3,25,17,19.8,10,1367.36,27.61897886310763,243.52210610056216,110.39866777281038,445.65536470315766,2024-02-01,2025-10-06 10:51:05.346,26,6,0,0,0,0,1,0,0,0,1,1,0,0,0,0,0,0,1,0,0,0,1,0,0,0
CUS_0x8eb2,21695.12,1516.6255805993344,8,6,17,5,14,9,0.0,70,1120.28,37.19518344102253,253.37802179003828,39.38802447612956,294.0277064678307,2024-02-01,2025-10-06 10:51:05.346,20,5,1,0,0,0,1,0,0,1,1,1,0,0,0,0,1,0,0,0,1,0,0,0,0,0
CUS_0x8a84,20397.51,1413.7924999999998,5,2,9,4,18,10,0.0,30,452.79,27.557856359925307,52.94486524391336,105.09621908629131,263.33816566979533,2024-02-01,2025-10-06 10:51:05.346,23,3,0,1,1,0,0,0,1,0,1,0,1,0,0,0,0,0,1,0,0,0,0,1,0,0
CUS_0x9081,71507.36,6072.946666666668,8,6,20,1,18,15,25.05,80,1223.0,26.78528090287823,50.18137687379004,132.97667975710664,664.13661003577,2024-02-01,2025-10-06 10:51:05.346,16,2,0,0,0,0,1,0,0,0,0,1,0,0,0,0,1,0,0,0,0,1,0,0,0,0
CUS_0x48a6,14691.485,928.2904166666668,3,4,10,1,11,12,1.9,50,196.65,33.191590923540765,7.7678943918962675,44.052203167669106,311.00894410710134,2024-02-01,2025-10-06 10:51:05.346,28,2,0,0,0,0,0,1,0,0,0,0,1,0,0,1,0,0,0,0,0,0,0,0,1,0
CUS_0x73f1,131282.91,10873.2425,4,3,1,4,9,12,0.0,70,929.64,30.930322149482173,262.87594167266747,1393.6862706808927,858.779546351932,2024-02-01,2025-10-06 10:51:05.346,22,11,1,1,1,1,0,0,0,0,0,0,1,0,0,0,0,0,1,0,0,0,1,0,0,0
CUS_0x9a1,49598.67,3860.2225,7,5,20,6,40,23,0.4400000000000004,90,3097.13,29.12782610503449,78239.0,255.5016722484181,192.80842600394985,2024-02-01,2025-10-06 10:51:05.346,13,6,1,0,1,1,1,1,0,0,1,0,0,0,0,0,0,1,0,0,0,0,0,0,1,0
CUS_0x6ca8,33763.89,2578.6575,4,3,8,0,17,19,4.7,0,812.74,25.085829643916146,30.02077906649661,107.64740055898369,253.22047216505558,2024-02-01,2025-10-06 10:51:05.346,30,8,1,0,0,0,0,0,0,1,0,0,1,0,0,0,1,0,0,0,0,0,0,1,0,0
CUS_0x917b,17086.73,1157.8941666666667,8,5,25,3,14,8,17.67,60,2548.19,30.340001935885248,30.473954459307237,62.02239818037428,293.2930640269852,2024-02-01,2025-10-06 10:51:05.346,11,3,0,0,1,0,0,1,0,0,0,1,0,0,0,0,1,0,0,0,0,0,0,0,1,0
CUS_0x1bef,121675.68,10085.64,2,6,3,1,8,4,8.0,10,984.27,28.90053351158594,95.8573469588994,170.70308216666984,992.0035708744307,2024-02-01,2025-10-06 10:51:05.346,16,3,0,0,1,0,0,0,0,0,0,0,1,0,0,1,0,0,0,0,1,0,0,0,0,0
CUS_0x753c,34081.78,2922.537694271435,6,6,30,8,60,16,25.91,80,2612.33,27.12404366948368,380.3924433767787,308.6731470142843,62.159882004168566,2024-02-01,2025-10-06 10:51:05.346,8,0,0,0,1,0,1,1,1,1,0,1,0,0,0,0,0,1,0,0,0,0,1,0,0,0
CUS_0x4380,14360.97,1262.7475,588,3,9,7,19,12,15.1,60,2000.14,36.78265020290755,48.722881256157706,73.02424941839692,284.52761932544536,2024-02-01,2025-10-06 10:51:05.346,8,5,0,1,1,0,0,1,1,0,1,1,0,0,0,0,1,0,0,0,0,0,0,1,0,0
CUS_0xc143,20395.54,1909.628333333333,3,3,20,2,7,10,9.01,40,451.16,31.53699895319273,42872.0,33.15312962969542,378.31841321874487,2024-02-01,2025-10-06 10:51:05.346,24,5,1,0,0,0,0,0,1,0,0,0,0,0,0,0,1,0,0,0,0,1,0,0,0,0
CUS_0xaa5,60493.08,4976.09,9,7,30,9,26,15,25.0,120,3680.62,32.261275683616525,432.5810336521795,298.3226387493229,36.705327598497604,2024-02-01,2025-10-06 10:51:05.346,13,11,1,1,1,0,0,0,1,1,0,1,0,0,0,0,0,1,0,0,0,0,0,0,1,0
CUS_0xb1f8,95858.31,8019.1925,3,6,6,2,25,8,6.89,30,345.07,36.70808038109234,149.80092011180002,142.32779766973871,759.7905322184613,2024-02-01,2025-10-06 10:51:05.346,25,0,0,1,0,0,1,0,0,0,0,0,1,0,0,0,0,0,1,0,0,0,0,0,0,1
CUS_0x3a39,18692.02,1622.668333333333,2,4,1,1,0,0,2.43,40,1246.97,34.53180091582307,8.616123307996686,150.35288507281902,283.2978249525177,2024-02-01,2025-10-06 10:51:05.346,16,10,1,0,0,0,0,0,0,0,0,0,0,0,0,1,0,0,0,0,0,0,0,1,0,0
CUS_0x9894,120789.44,10076.786666666669,5,6,9,0,9,10,8.98,20,1015.79,38.72398723171853,0.0,143.6534774554208,1104.025189211246,2024-02-01,2025-10-06 10:51:05.346,26,10,0,0,0,0,0,0,0,0,0,1,0,0,0,0,1,0,0,0,0,1,0,0,0,0
CUS_0xa87f,102460.44,7545.800910547207,5,5,10,1,27,14,3.22,50,587.02,35.95549982615717,887.4515845602427,1045.8775766600636,31.47692823248724,2024-02-01,2025-10-06 10:51:05.346,32,8,0,0,0,0,0,0,1,0,0,1,0,0,0,0,1,0,0,0,0,0,1,0,0,0
CUS_0xb01f,28560.71,2444.0591666666664,4,7,12,1,2,12,8.79,20,24.57,40.79385343391564,13.797062646438716,10000.0,381.629068010652,2024-02-01,2025-10-06 10:51:05.346,28,6,0,0,0,0,0,0,0,0,1,0,1,0,0,1,0,0,0,1,0,0,0,0,0,0
CUS_0x438d,108782.52,7704.746711331262,5,7,5,0,29,13,7.82,90,858.29,38.81178414560822,1314.4632886687368,618.6722567513733,553.2487432486265,2024-02-01,2025-10-06 10:51:05.346,17,0,0,0,0,0,0,0,0,0,0,1,0,0,0,0,1,0,0,0,0,0,0,0,1,0
CUS_0x5f3b,56343.8,4661.316666666667,6,3,5,0,8,18,7.24,10,1209.53,27.25428414371467,0.0,194.55145297418252,531.5802136924842,2024-02-01,2025-10-06 10:51:05.346,29,5,0,0,0,0,0,0,0,0,0,0,1,0,0,0,1,0,0,0,0,0,0,0,0,1
CUS_0x66dd,52116.66,4364.055,7,7,17,4,18,10,17.7,50,2031.94,24.36633737639371,114.99621016844463,274.1346149987648,337.27467483279065,2024-02-01,2025-10-06 10:51:05.346,19,11,0,0,1,0,1,0,0,1,1,1,0,0,0,0,1,0,0,0,0,0,1,0,0,0
CUS_0x8149,82293.24,6727.77,8,7,22,7,48,19,19.71,110,4940.32,41.27733746622428,285.74504341545634,140.20330994362277,486.82864664092097,2024-02-01,2025-10-06 10:51:05.346,9,3,1,1,0,1,1,1,1,0,1,1,0,0,0,0,0,1,0,0,0,0,0,0,0,1
CUS_0xa130,42384.08,3296.0066666666667,3,4,4,0,21,19,11.55,50,887.44,26.56417142520809,0.0,192.94971295837482,426.65095370829187,2024-02-01,2025-10-06 10:51:05.346,24,0,0,0,0,0,0,0,0,0,0,0,1,0,0,0,1,0,0,0,0,0,1,0,0,0
CUS_0xaf88,43008.33,3332.0275,5,4,4,3,22,3,6.9,20,93.93,27.94344996928791,14852.0,53.497250976505136,447.5839984623982,2024-02-01,2025-10-06 10:51:05.346,23,5,0,0,0,1,0,0,1,0,0,0,0,0,0,1,0,0,0,0,0,1,0,0,0,0
CUS_0x2226,35300.5,2972.708333333333,3,5,14,4,9,11,12.08,60,404.81,27.243849235383177,106.10407772223444,231.32952662663556,249.83722898446342,2024-02-01,2025-10-06 10:51:05.346,14,4,0,0,1,1,0,0,0,1,0,1,0,0,0,0,0,0,1,0,0,0,1,0,0,0
CUS_0x4e7d,17039.16,1196.93,3,4,10,7,27,10,0.0,80,1056.19,35.48038272455594,87.42717222413825,117.38567957725132,204.88014819861047,2024-02-01,2025-10-06 10:51:05.346,11,11,0,1,1,0,1,0,0,0,1,1,0,0,0,0,1,0,0,0,0,0,1,0,0,0
CUS_0x8cd4,20871.24,1818.27,3,5,6,0,17,11,2.95,0,364.42,26.47862620715637,0.0,63.43467783738288,368.3923221626171,2024-02-01,2025-10-06 10:51:05.346,15,9,0,0,0,0,0,0,0,0,0,0,1,0,0,1,0,0,0,0,1,0,0,0,0,0
CUS_0x8e70,16618.17,1628.8475,6,9,17,2,29,18,9.95,110,1467.27,25.847944561924656,21.097100510407188,53.5327428153476,368.2549066742452,2024-02-01,2025-10-06 10:51:05.346,20,3,0,0,0,0,0,1,0,0,0,1,0,0,0,0,0,0,1,0,0,0,0,1,0,0
CUS_0xc5a5,35611.71,3255.6425,4,6,2,0,10,10,10.06,30,1092.47,24.49420889448411,0.0,247.1065233441431,348.45772665585696,2024-02-01,2025-10-06 10:51:05.346,23,10,0,0,0,0,0,0,0,0,0,0,1,0,0,0,0,0,1,0,0,0,0,0,1,0
CUS_0x53cc,147327.8,12351.316666666666,5,5,7,1,8,18,8.47,110,738.15,36.89767185573631,73.57466388587883,373.09218036254583,1038.464822418242,2024-02-01,2025-10-06 10:51:05.346,18,9,0,0,0,0,1,0,0,0,0,0,0,0,0,0,1,0,0,0,1,0,0,0,0,0
CUS_0x86ea,59673.22,5200.768333333333,3,4,12,2,0,7,6.0,30,5.67,36.11979733570736,90.72547780071396,101.42252861498122,577.9288269176383,2024-02-01,2025-10-06 10:51:05.346,33,5,0,0,1,0,0,0,0,0,1,0,0,0,0,1,0,0,0,0,1,0,0,0,0,0
CUS_0xa6d4,35733.69,2953.807500000001,4,3,11,2,8,5,2.71,20,63.44,36.81700901575139,44.65081870879241,93.84037298746195,416.8895583037457,2024-02-01,2025-10-06 10:51:05.346,32,5,0,0,1,0,0,0,0,1,0,0,1,0,0,1,0,0,0,1,0,0,0,0,0,0
CUS_0x12b6,67104.12,5829.009999999998,9,9,19,5,28,25,21.54,80,4635.75,27.64402303686195,265.0221602340179,10000.0,391.6203151405448,2024-02-01,2025-10-06 10:51:05.346,1,9,0,1,0,0,1,1,0,1,0,1,0,0,0,0,0,1,0,0,0,0,0,1,0,0
CUS_0x8a47,65163.0,5586.25,3,3,6,5,6,9,18.2,40,64.66,35.12219936006129,224.52070041763284,143.06450736497968,451.0397922173876,2024-02-01,2025-10-06 10:51:05.346,11,10,1,0,1,1,0,0,0,1,1,1,0,0,0,0,1,0,0,1,0,0,0,0,0,0
CUS_0x4100,19300.34,1512.361666666667,6,7,17,5,53,19,9.95,80,2430.21,23.70919322410504,49.57206224445275,118.1855506983746,263.4785537238393,2024-02-01,2025-10-06 10:51:05.346,18,9,1,1,0,0,1,0,0,1,1,1,0,0,0,0,0,1,0,0,0,0,0,1,0,0
CUS_0x5446,69895.56,5893.63,3,6,9,4,15,8,9.65,30,91.34,25.472332107631747,154.58188683665853,264.17134929653616,440.60976386680534,2024-02-01,2025-10-06 10:51:05.346,16,9,0,0,0,0,1,1,1,1,0,0,1,0,0,0,0,0,1,0,0,0,0,0,1,0
CUS_0x5719,41342.86,3336.5999525700604,8,3,18,4,11,19,13.73,80,262.96,34.552610127691395,211.6741306472705,410.25349468639547,92.63458876294024,2024-02-01,2025-10-06 10:51:05.346,6,10,0,0,1,1,0,0,1,0,1,1,0,0,0,0,0,0,1,0,0,0,1,0,0,0
CUS_0x5dca,58510.3,4967.858333333334,7,4,12,0,18,11,2.45,40,984.82,39.663317833696325,0.0,97.5842572977768,659.2015760355566,2024-02-01,2025-10-06 10:51:05.346,17,11,0,0,0,0,0,0,0,0,0,0,1,0,0,0,1,0,0,1,0,0,0,0,0,0
CUS_0x84df,45595.08,3189.2121025570423,9,11,27,6,60,23,26.28,80,2723.1,32.21205482429193,491.9618460653184,45.197789294981824,411.57726208265814,2024-02-01,2025-10-06 10:51:05.346,14,5,1,1,1,0,0,0,1,0,0,1,0,0,0,0,0,1,0,0,0,1,0,0,0,0
CUS_0x88a6,15040.47,1367.3725,3,9,19,7,19,17,11.32,110,2386.98,38.26219349124657,52.9580088388426,124.06891046716005,249.71033069399726,2024-02-01,2025-10-06 10:51:05.346,6,10,1,1,1,1,1,1,0,0,1,1,0,0,0,0,1,0,0,0,0,0,1,0,0,0
CUS_0x99b9,77597.7,6619.474999999999,4,5,3,4,6,7,6.03,70,404.69,41.697642862216526,225.27823163625277,68.28024110102106,608.3890272627262,2024-02-01,2025-10-06 10:51:05.346,31,3,0,1,0,0,0,1,0,1,0,0,1,0,0,1,0,0,0,0,0,1,0,0,0,0
CUS_0xb0ca,20668.71,1993.3925,5,6,16,6,25,16,11.3,80,2272.74,26.15041153726093,73.81090347238526,69.93498845133173,325.6990833935085,2024-02-01,2025-10-06 10:51:05.346,8,2,1,0,1,0,1,1,0,1,1,1,0,0,0,0,1,0,0,0,0,1,0,0,0,0
CUS_0x4c6c,35416.64,3091.3866666666668,8,4,7,1,21,15,11.18,80,671.17,27.43588561637919,27.631534608553785,89.15621468291342,442.3509173751995,2024-02-01,2025-10-06 10:51:05.346,17,0,0,0,0,0,0,0,0,1,0,0,1,0,0,1,0,0,0,0,1,0,0,0,0,0
CUS_0x3ba0,15803.96,1307.996666666667,3,5,15,0,25,19,13.25,60,931.32,34.693919049811825,45.037244539889095,24.193224304637518,301.56919782214004,2024-02-01,2025-10-06 10:51:05.346,21,11,1,0,0,0,1,0,1,0,0,1,0,0,0,0,1,0,0,0,0,1,0,0,0,0
CUS_0x5b7,20721.78,1595.8149999999996,9,8,27,5,37,22,15.33,80,4730.33,32.47984313986231,75.3673708505764,161.7851350202104,202.42899412921327,2024-02-01,2025-10-06 10:51:05.346,13,9,1,0,0,1,0,0,1,0,0,1,0,0,0,0,0,1,0,0,0,0,0,1,0,0
CUS_0xbb33,100971.6,8286.3,2,6,7,1,11,5,4.0,30,1138.38,34.16924231537396,48.69755777171217,837.7249928426663,222.2074493856217,2024-02-01,2025-10-06 10:51:05.346,17,5,0,0,0,0,0,1,0,0,0,0,1,0,0,0,0,0,1,0,0,0,0,1,0,0
CUS_0x19fc,18390.3,1626.525,9,10,26,6,49,19,24.89,100,3383.55,39.39272035328592,52.422056164616926,69.12230588499789,321.1081379503852,2024-02-01,2025-10-06 10:51:05.346,0,11,1,0,0,0,1,1,0,0,1,1,0,0,0,0,0,1,0,0,0,0,0,1,0,0
CUS_0x858b,58233.58,4702.798333333333,7,3,9,3,23,10,10.55,40,544.6,38.00846658139177,97.87318373515366,10000.0,499.6213399092668,2024-02-01,2025-10-06 10:51:05.346,31,5,0,1,0,0,0,1,0,0,1,1,0,0,0,0,1,0,0,1,0,0,0,0,0,0
CUS_0x8653,14958.54,1090.9114742485326,6,10,18,7,41,19,17.88,80,1746.06,24.191780566363025,172.80670607187577,138.18279081929398,199.89852886029757,2024-02-01,2025-10-06 10:51:05.346,18,11,1,1,0,1,0,0,1,0,1,1,0,0,0,0,1,0,0,0,0,0,1,0,0,0
CUS_0x4edc,66693.51,5572.7925,8,5,8,4,20,11,2.88,30,278.35,34.469557554185045,132.64923578919206,140.3989402659277,544.2310739448801,2024-02-01,2025-10-06 10:51:05.346,26,11,1,0,0,0,1,0,0,1,1,0,1,0,0,1,0,0,0,1,0,0,0,0,0,0
CUS_0xad55,58337.79,4697.4825,8,6,19,2,7,10,13.36,80,1322.98,38.66390244463153,86.26591449084789,193.05633558284472,480.4259999263074,2024-02-01,2025-10-06 10:51:05.346,18,0,0,1,0,0,0,0,1,0,0,1,0,0,0,0,1,0,0,0,0,0,1,0,0,0
CUS_0x37e5,67863.92,5832.326666666668,10,8,15,7,56,17,19.66,60,3011.85,30.91792684292802,343.788951173702,128.35907238101163,351.08464311195297,2024-02-01,2025-10-06 10:51:05.346,10,2,0,0,1,1,1,1,0,0,0,1,0,0,0,0,0,1,0,0,0,1,0,0,0,0
CUS_0xc140,17844.19,1723.0158333333331,4,6,14,4,26,20,5.59,40,84.95,27.96652149144668,53.39852232555625,114.20167356660984,264.70138744116724,2024-02-01,2025-10-06 10:51:05.346,22,11,0,1,0,1,1,0,1,0,0,1,0,0,0,0,0,0,1,1,0,0,0,0,0,0
CUS_0xc78,33960.07,3080.005833333333,1,5,11,1,5,6,4.23,20,482.5,35.95798651476657,23.172582496377373,318.5642400414495,256.26376079550647,2024-02-01,2025-10-06 10:51:05.346,26,0,0,0,0,0,1,0,0,0,0,0,1,0,0,1,0,0,0,0,0,0,1,0,0,0
CUS_0x7202,8089.415,889.1179166666667,6,10,18,7,29,15,24.45,70,2864.82,27.86187233283157,41.953002560364105,64.7083842591759,262.2504048471267,2024-02-01,2025-10-06 10:51:05.346,14,4,0,0,1,0,0,0,1,1,1,1,0,0,0,0,0,1,0,0,0,0,0,1,0,0
CUS_0xa156,58674.66,4824.555,8,5,15,4,55,23,1.29,110,2425.38,33.808583730447694,116.10341691461672,334.26916451172764,322.0829185736557,2024-02-01,2025-10-06 10:51:05.346,13,8,0,1,0,0,1,0,1,1,0,0,0,0,0,0,0,0,1,0,0,0,1,0,0,0
CUS_0x2825,21467.56,1923.963333333333,4,5,19,0,20,19,17.5,50,730.35,23.67292902812553,52264.0,45.9820206235463,406.4143127097871,2024-02-01,2025-10-06 10:51:05.346,30,8,0,0,0,0,0,0,0,0,0,1,0,0,0,0,0,0,1,1,0,0,0,0,0,0
CUS_0xc76,10227.655,771.3045833333334,8,10,15,3,55,24,7.56,120,1784.53,24.74799893806509,18.09524427042212,52.15534786425065,296.87986619866064,2024-02-01,2025-10-06 10:51:05.346,19,4,0,0,0,1,0,0,0,1,0,1,0,0,0,0,0,0,1,0,0,0,1,0,0,0
CUS_0x2a30,62231.34,5006.945,6,4,17,2,26,12,4.64,0,551.4,37.33427445089642,58.25174720274664,10000.0,95.41955336480756,2024-02-01,2025-10-06 10:51:05.346,32,2,0,0,0,0,0,0,0,1,1,0,1,0,0,0,0,0,1,0,0,0,1,0,0,0
CUS_0x688e,42447.54,3583.295,5,5,13,4,12,16,12.04,70,2103.16,36.485288982858016,95.24041675248463,94.84421375116864,418.24486949634684,2024-02-01,2025-10-06 10:51:05.346,18,0,1,1,0,0,0,0,0,1,0,1,0,0,0,0,0,0,1,0,1,0,0,0,0,0
CUS_0x3ef5,7821.24,468.77,8,10,29,6,62,14,19.34,70,2924.76,30.10658137213297,19.727923492291534,49.56409519917959,267.5849813085289,2024-02-01,2025-10-06 10:51:05.346,10,4,1,1,0,1,0,0,1,1,0,1,0,0,0,0,0,1,0,0,0,0,1,0,0,0
CUS_0x231f,107288.16,9025.68,6,3,18,4,5,14,6.92,20,1258.47,22.923791006676268,346.0034021862512,905.7545256596762,533.2239207909558,2024-02-01,2025-10-06 10:51:05.346,28,11,1,0,0,0,1,1,0,1,0,0,1,0,0,0,1,0,0,0,0,0,1,0,0,0
CUS_0xa1bc,45455.94,3917.995,7,9,21,7,45,25,3.1500000000000004,150,3982.17,24.68119993261001,224.98238291104585,216.77459244888908,240.04252464006518,2024-02-01,2025-10-06 10:51:05.346,3,4,1,0,1,1,0,0,0,1,0,1,0,0,0,0,0,1,0,0,0,0,0,0,0,1
CUS_0xaf0d,87204.48,7459.04,6,6,15,3,6,12,18.08,50,748.53,33.05895884248184,208.8985776378624,103.20552857692431,673.7998937852134,2024-02-01,2025-10-06 10:51:05.346,31,8,0,1,0,1,0,0,1,0,0,1,0,0,0,0,1,0,0,0,0,1,0,0,0,0
CUS_0x2ba9,35746.07,2979.839166666666,2,5,10,4,33,12,3.04,80,553.5,32.927240536754226,59.88078006830594,199.44251570019088,298.66062089816984,2024-02-01,2025-10-06 10:51:05.346,17,11,0,0,0,0,0,1,0,1,0,0,1,0,0,1,0,0,0,1,0,0,0,0,0,0
CUS_0x7b1c,121466.8,10148.233333333334,0,7,8,2,2,12,2.1,20,475.07,38.46529630124078,178.19587372014968,150.79191824120898,935.8355413719746,2024-02-01,2025-10-06 10:51:05.346,30,10,0,0,0,1,0,1,0,0,0,0,1,0,0,1,0,0,0,0,1,0,0,0,0,0
CUS_0x8c76,122543.56,10343.963333333331,5,6,18,4,25,19,2.41,50,1302.42,28.39343321097129,349.48077196800506,211.16066674023895,713.7548946250894,2024-02-01,2025-10-06 10:51:05.346,28,6,0,1,0,0,0,1,0,0,0,0,1,0,0,0,1,0,0,0,0,1,0,0,0,0
CUS_0x9053,7087.38,619.615,7,8,26,7,18,22,31.43,120,3561.35,33.441400089928074,38.81107790569227,30.905038089721078,282.24538400458664,2024-02-01,2025-10-06 10:51:05.346,8,3,1,0,1,1,1,0,1,0,1,1,0,0,0,0,0,1,0,0,0,0,1,0,0,0
CUS_0xa13f,37547.68,3292.973333333333,4,6,8,1,19,6,0.89,10,1328.69,29.79894756881673,24.840072506739315,208.89526544357804,385.561995383016,2024-02-01,2025-10-06 10:51:05.346,22,5,1,0,0,0,0,0,0,0,0,0,0,0,0,1,0,0,0,0,0,0,1,0,0,0
CUS_0x48a3,11629.69,1263.1408333333334,7,3,4,0,18,19,8.42,70,517.34,25.216322781996517,0.0,100.1716370605827,306.14244627275065,2024-02-01,2025-10-06 10:51:05.346,28,2,0,0,0,0,0,0,0,0,0,0,0,0,0,1,0,0,0,0,0,0,0,1,0,0
CUS_0x65b9,28686.15,2346.5125000000007,4,563,2,0,8,0,8.41,40,806.96,29.22777227137205,0.0,148.7384745366094,375.9127754633906,2024-02-01,2025-10-06 10:51:05.346,19,9,0,0,0,0,0,0,0,0,0,0,0,0,0,1,0,0,0,0,0,0,1,0,0,0
CUS_0xa73b,26526.93,2199.5775,4,7,13,4,5,8,5.3,10,896.49,35.35611944017093,76.55602867899759,142.22706844286958,291.1746528781328,2024-02-01,2025-10-06 10:51:05.346,30,6,0,1,0,0,1,1,1,0,0,1,0,0,0,0,1,0,0,0,0,0,1,0,0,0
CUS_0x2f52,141347.32,11676.943333333336,8,6,1,0,23,20,2.13,80,1029.44,43.76738781268686,0.0,183.68999575707988,1224.0043375762534,2024-02-01,2025-10-06 10:51:05.346,28,5,0,0,0,0,0,0,0,0,0,0,1,0,0,1,0,0,0,0,0,1,0,0,0,0
CUS_0xa93f,10324.26,708.355,7,9,29,9,27,19,21.52,110,3276.53,32.265304154012696,44.12355815389902,49.76082241940714,256.9511194266938,2024-02-01,2025-10-06 10:51:05.346,3,3,1,1,1,1,1,0,1,1,0,1,0,0,0,0,0,1,0,0,0,0,0,1,0,0
CUS_0xc3df,10142.545,991.2120833333332,8,8,31,9,54,21,12.0,120,4969.7,36.72798877119904,54.56928063161024,59.72182977106082,274.8300979306623,2024-02-01,2025-10-06 10:51:05.346,2,3,0,1,0,1,1,0,0,1,1,0,0,0,0,0,0,1,0,0,0,0,0,0,0,1
CUS_0x847b,19331.53,1417.960833333333,885,7,27,2,44,16,15.47,80,1268.03,31.672873653464137,21.28260906074354,97.00405129865864,313.5094229739312,2024-02-01,2025-10-06 10:51:05.346,8,5,1,0,1,0,0,0,0,0,0,1,0,0,0,0,1,0,0,0,0,0,1,0,0,0
CUS_0x1739,14144.48,1206.7066666666667,7,9,16,6,25,18,4.93,170,2537.18,29.748074192916626,47.60616184740381,136.6564757180036,321.2689526865259,2024-02-01,2025-10-06 10:51:05.346,11,9,0,1,0,0,1,0,1,1,0,1,0,0,0,0,0,1,0,0,0,0,1,0,0,0
CUS_0x55cd,19705.74,1377.1450000000002,5,4,10,2,13,11,11.98,0,39.75,32.07344388860426,22.96687927543136,152.24368474371167,252.50393598085697,2024-02-01,2025-10-06 10:51:05.346,15,9,0,0,0,1,0,0,1,0,0,1,0,0,0,0,1,0,0,0,0,0,1,0,0,0
CUS_0x58ef,57776.52,5080.71,4,4,11,0,22,8,10.57,50,189.28,24.771362686279844,0.0,97.97062440231764,670.1003755976824,2024-02-01,2025-10-06 10:51:05.346,31,10,0,0,0,0,0,0,0,0,0,0,1,0,0,0,1,0,0,1,0,0,0,0,0,0
CUS_0x8725,21905.095,1787.4245833333334,0,4,6,1,5,5,2.73,30,306.88,31.176904751459407,17.201641042130312,100.74563595641045,320.79518133479263,2024-02-01,2025-10-06 10:51:05.346,32,2,0,0,0,0,0,1,0,0,0,0,1,0,0,1,0,0,0,1,0,0,0,0,0,0
CUS_0x8c03,54987.52,4762.293333333333,4,5,10,0,18,17,9.81,80,1263.12,29.00091276490523,0.0,420.21996427447965,326.0093690588536,2024-02-01,2025-10-06 10:51:05.346,16,9,0,0,0,0,0,0,0,0,0,1,0,0,0,0,1,0,0,0,0,0,0,0,1,0
CUS_0xbb1b,60546.72,4968.56,5,3,11,5,12,15,8.37,100,220.02,32.754750841328175,240.764162524638,181.2057500039727,324.8860874713894,2024-02-01,2025-10-06 10:51:05.346,7,8,1,0,0,0,1,1,0,1,0,1,0,0,0,0,1,0,0,0,1,0,0,0,0,0
CUS_0xce1,31256.02,2841.668333333333,3,4,19,7,28,15,14.76,60,2408.4,33.78696276455705,122.85242653216687,132.2169195175655,289.097487283601,2024-02-01,2025-10-06 10:51:05.346,5,11,1,0,1,1,0,1,1,0,1,1,0,0,0,0,1,0,0,1,0,0,0,0,0,0
CUS_0x5b64,14982.0,1137.5,6,3,17,2,27,21,14.66,70,693.77,26.190151179817608,24.569160909979956,125.85082055322802,253.33001853679198,2024-02-01,2025-10-06 10:51:05.346,22,8,0,0,0,0,0,0,1,0,1,1,0,0,0,0,1,0,0,0,0,0,1,0,0,0
CUS_0x5c67,38103.74,3175.311666666666,8,7,16,0,3,9,4.74,50,129.64,29.182421550328414,0.0,33.98486427338268,533.5463023932839,2024-02-01,2025-10-06 10:51:05.346,32,8,0,0,0,0,0,0,0,0,0,0,1,0,0,0,1,0,0,0,1,0,0,0,0,0
CUS_0xa68e,26065.91,2342.159166666667,7,5,9,2,6,16,14.87,60,388.24,24.83284517118808,22.152921997786848,150.4228176670795,351.6401770018004,2024-02-01,2025-10-06 10:51:05.346,8,6,0,0,1,0,0,0,1,0,0,1,0,0,0,0,1,0,0,0,0,0,1,0,0,0
CUS_0xb805,34471.16,2682.596666666667,8,6,13,2,22,14,17.84,60,561.18,37.9051660960986,36.5855343153719,84.51297820916096,397.1611541421338,2024-02-01,2025-10-06 10:51:05.346,14,2,0,0,1,0,0,0,0,0,1,1,0,0,0,0,1,0,0,0,1,0,0,0,0,0
CUS_0x4339,135596.28,11343.69,4,3,12,1,17,10,3.85,30,298.74,34.92744197561256,111.1157137468094,213.40024014838286,1059.8530461048078,2024-02-01,2025-10-06 10:51:05.346,16,5,0,0,0,0,0,0,1,0,0,0,1,0,0,0,0,0,1,0,0,0,0,0,0,1
CUS_0x8ea5,124085.91,10104.4925,5,4,12,1,7,10,6.76,20,224.19,26.755937052869506,92.61396572813472,133.0605297088508,1024.7747545630143,2024-02-01,2025-10-06 10:51:05.346,27,5,0,0,0,0,0,1,0,0,0,0,1,0,0,1,0,0,0,0,0,1,0,0,0,0
CUS_0x7d93,52820.16,4457.68,6,4,5,2,5,10,1.27,0,1173.99,27.107896180172187,81.53346235369195,167.4597587697713,446.7747788765368,2024-02-01,2025-10-06 10:51:05.346,29,0,0,0,0,0,0,0,0,0,1,0,1,0,0,0,0,0,1,0,1,0,0,0,0,0
CUS_0xb05b,106529.8,8906.483333333334,4,3,16,0,6,17,0.0,40,1488.37,30.248368554422363,0.0,201.43066885905037,929.2176644742833,2024-02-01,2025-10-06 10:51:05.346,24,11,0,0,0,0,0,0,0,0,0,1,0,0,0,0,1,0,0,0,0,1,0,0,0,0
CUS_0xb9cd,33146.84,2704.2366666666658,6,4,11,1,26,16,10.829999999999998,50,168.46,26.99663404821187,19.921125145527093,212.8740453555558,327.62849616558367,2024-02-01,2025-10-06 10:51:05.346,31,8,0,0,0,0,0,1,0,0,0,1,0,0,0,0,1,0,0,0,0,0,1,0,0,0
CUS_0x6919,107242.64,8979.886666666667,4,2,6,1,14,12,10.66,30,258.85,33.53491806383412,73.53336066176095,306.42511441715993,798.0301915877458,2024-02-01,2025-10-06 10:51:05.346,32,9,0,0,0,0,0,1,0,0,0,0,1,0,0,1,0,0,0,0,0,0,0,1,0,0
CUS_0xab83,15333.865,1057.8220833333332,6,3,7,2,20,19,16.55,20,630.24,32.96514915896696,14.566559305432506,37.607887559510935,343.60776146838987,2024-02-01,2025-10-06 10:51:05.346,28,10,0,0,0,0,1,0,0,1,0,1,0,0,0,0,1,0,0,0,0,0,1,0,0,0
CUS_0xe47,34336.3,2722.8120247564275,4,4,8,0,18,19,5.15,10,835.49,34.41125193490521,299.13118310055785,76.96573276817789,459.2852260415039,2024-02-01,2025-10-06 10:51:05.346,23,11,0,1,0,0,0,0,0,0,0,0,1,0,0,0,1,0,0,1,0,0,0,0,0,0
CUS_0x1bb0,20849.95,1951.4958333333327,8,3,7,1,20,20,4.83,20,327.77,29.31649307438443,9.060348682889094,135.35686137954613,340.7323732708981,2024-02-01,2025-10-06 10:51:05.346,27,6,0,0,0,0,0,0,0,1,0,0,1,0,0,0,1,0,0,0,0,0,1,0,0,0
CUS_0x277a,18796.03,1750.335833333333,6,8,31,7,54,18,28.03,100,3051.99,35.44480786857692,68.97842241022056,176.53990605805168,219.5152548650611,2024-02-01,2025-10-06 10:51:05.346,5,5,1,0,1,1,1,1,0,0,0,1,0,0,0,0,0,1,0,0,0,0,1,0,0,0
CUS_0x562f,23809.46,1916.121666666667,3,4,14,5,14,11,12.7,80,677.77,31.91593771069512,85.01185404603773,10000.0,221.98096654612172,2024-02-01,2025-10-06 10:51:05.346,20,0,0,1,0,0,0,0,0,1,1,1,0,0,0,0,1,0,0,0,0,0,0,0,1,0
CUS_0x1fcc,125866.24,10420.853333333334,5,4,17,3,20,14,17.46,100,717.86,27.5121643125234,253.1964893810349,826.3213097301093,806.2934314469082,2024-02-01,2025-10-06 10:51:05.346,6,11,0,1,0,0,0,0,0,1,1,1,0,0,0,0,0,0,1,0,0,0,0,0,0,1
CUS_0x3ade,20000.41,1713.9563272323765,2,5,5,1,11,733,4.48,0,446.57,30.27317982840683,191.72014304036887,68.02699149410651,360.4674548998149,2024-02-01,2025-10-06 10:51:05.346,27,9,0,0,0,0,0,0,1,0,0,0,1,0,0,1,0,0,0,0,1,0,0,0,0,0
CUS_0x98c3,37313.32,3045.443333333333,7,8,32,6,28,18,9.51,110,4919.69,28.43586238384364,170.65189779569494,270.43178930648577,153.46064623115262,2024-02-01,2025-10-06 10:51:05.346,10,9,1,1,1,1,1,0,0,0,1,0,0,0,0,0,0,1,0,0,0,0,1,0,0,0
CUS_0xc156,31369.58,2607.1316666666667,8,9,27,8,30,22,19.7,80,4259.91,36.38243681852056,171.7484180470571,44.99081104696325,293.9739375726464,2024-02-01,2025-10-06 10:51:05.346,12,6,1,0,0,1,1,0,1,0,0,1,0,0,0,0,0,1,0,0,1,0,0,0,0,0
CUS_0x7227,19519.66,1400.638333333333,3,3,16,3,27,17,5.84,10,529.09,31.57553633665596,45.55741614836241,15.300189531208382,276.9507485590388,2024-02-01,2025-10-06 10:51:05.346,32,3,0,0,0,0,1,0,1,0,0,1,0,0,0,0,1,0,0,0,0,0,1,0,0,0
CUS_0x9772,51582.54,4016.545,3,6,16,1,22,19,18.84,30,1354.35,26.7654435357874,35.857519606606616,231.74048842323052,424.0564919701629,2024-02-01,2025-10-06 10:51:05.346,25,2,0,0,0,0,0,0,1,0,0,1,0,0,0,0,1,0,0,0,0,0,1,0,0,0
CUS_0x2127,143239.84,12020.653333333335,0,1,8,2,5,0,11.45,10,1118.15,28.39367502054177,213.2877494159124,143.24910867720774,1095.5284752402133,2024-02-01,2025-10-06 10:51:05.346,32,10,0,0,0,1,0,1,0,0,0,0,0,0,0,1,0,0,0,0,1,0,0,0,0,0
CUS_0x57c7,74961.72,6421.81,5,6,16,4,4,8,17.9,110,2158.3,38.34879304659996,203.62686026618215,42.46345781812315,636.0906819156946,2024-02-01,2025-10-06 10:51:05.346,9,11,0,1,1,0,0,1,0,0,1,1,0,0,0,0,1,0,0,0,0,1,0,0,0,0
CUS_0x6db3,19667.73,1594.9775,10,9,19,8,28,16,17.73,100,4526.89,31.92282785818036,8088.0,73.7826746863652,275.9039361056893,2024-02-01,2025-10-06 10:51:05.346,6,3,1,1,1,0,0,0,0,0,0,0,0,0,0,0,0,1,0,0,0,0,1,0,0,0
CUS_0x804b,11274.515,689.5429166666668,2,4,6,4,5,16,2.25,50,771.99,25.42217393603617,32.0336534398321,41.966548767393725,254.95408945944084,2024-02-01,2025-10-06 10:51:05.346,17,2,0,0,0,1,0,1,0,1,1,0,1,0,0,0,0,0,1,1,0,0,0,0,0,0
CUS_0x817c,18014.3,1734.1916666666666,8,8,16,6,58,15,3.43,90,2216.07,33.98947420710723,58.81059793555762,86.50682459610492,318.10174413500414,2024-02-01,2025-10-06 10:51:05.346,13,10,1,1,1,1,0,1,0,0,0,1,0,0,0,0,0,1,0,0,0,0,1,0,0,0
CUS_0xa26,29377.62,2430.135,5,4,5,1,15,16,11.48,80,911.06,33.46273913564972,17.32722005069449,53.743679136381004,411.9426008129245,2024-02-01,2025-10-06 10:51:05.346,28,0,0,0,0,0,0,0,0,0,1,1,0,0,0,0,1,0,0,0,0,1,0,0,0,0
CUS_0xaf63,33949.42,3102.1183333333333,5,6,5,2,7,17,3.15,30,385.92,28.29806207407017,44.4612790237676,56.94254747033782,468.8080068392279,2024-02-01,2025-10-06 10:51:05.346,19,11,0,0,1,0,0,0,1,0,0,0,1,0,0,0,1,0,0,1,0,0,0,0,0,0
CUS_0xc0f3,90438.88,7440.573333333334,8,6,10,3,15,15,11.89,0,898.09,33.171250911675465,176.2534284275713,90.73868973847435,717.0652151672878,2024-02-01,2025-10-06 10:51:05.346,33,4,0,0,0,0,0,1,0,1,1,1,0,0,0,0,1,0,0,0,0,1,0,0,0,0
CUS_0xc317,55115.26,4302.9383333333335,7,4,14,0,5,15,10.62,30,134.87,24.924749404651976,0.0,10000.0,396.2221705255365,2024-02-01,2025-10-06 10:51:05.346,24,4,0,0,0,0,0,0,0,0,0,1,0,0,0,0,1,0,0,1,0,0,0,0,0,0
CUS_0x25be,8213.68,926.4733333333336,5,4,14,6,24,8,16.84,110,2685.31,34.823882937519,33.642367411365264,96.44766851789076,252.5572974040773,2024-02-01,2025-10-06 10:51:05.346,14,10,0,0,0,1,1,1,0,1,1,0,0,0,0,0,1,0,0,0,0,0,1,0,0,0
CUS_0x3a85,12731.78,1246.9816666666668,6,1456,8,439,17,15,12.0,20,80.09,33.273354765562885,0.0,43.98599606955696,370.71217059710966,2024-02-01,2025-10-06 10:51:05.346,16,5,0,0,0,0,0,0,0,0,0,0,1,0,0,0,1,0,0,0,0,0,1,0,0,0
CUS_0x4ef0,7177.535,412.1279166666667,9,9,16,5,45,16,7.48,120,1339.34,39.054564303784296,22.08428099374675,40.350129240725416,268.7783814321945,2024-02-01,2025-10-06 10:51:05.346,6,4,1,1,1,0,1,0,0,1,0,0,0,0,0,0,0,0,1,0,0,0,1,0,0,0
CUS_0x983b,12349.37,1288.1141666666667,4,7,17,1,9,15,0.8899999999999997,0,896.92,37.87658981370145,8.02234259121041,50.47446374472873,320.3146103307276,2024-02-01,2025-10-06 10:51:05.346,23,8,0,0,0,0,0,0,0,0,1,1,0,0,0,0,1,0,0,0,1,0,0,0,0,0
CUS_0xb436,62854.98,5370.915,10,5,23,7,39,18,11.38,110,2563.31,32.102579556978085,228.34416326250752,91.79573469779028,466.9516020397023,2024-02-01,2025-10-06 10:51:05.346,11,4,1,0,0,1,1,0,0,1,0,1,0,0,0,0,0,1,0,0,1,0,0,0,0,0
CUS_0x581b,12860.695,1348.7245833333334,4,7,5,1,22,19,7.51,90,809.86,37.93092690615666,8.32457870219988,100.2956793330727,306.2522002980608,2024-02-01,2025-10-06 10:51:05.346,29,9,0,0,0,0,1,0,0,0,0,0,1,0,0,1,0,0,0,0,0,0,0,1,0,0
CUS_0x7f5d,20615.79,1761.9825,7,7,21,7,56,13,10.01,80,1901.5,37.844951837793545,72.10578358210539,181.74734838932216,212.34511802857247,2024-02-01,2025-10-06 10:51:05.346,12,4,1,1,1,1,0,0,1,1,1,1,0,0,0,0,1,0,0,0,0,0,1,0,0,0
CUS_0x84c9,88044.6,7073.05,5,4,5,0,28,1,10.57,70,344.46,36.81238888553004,0.0,752.3535442106755,244.95145578932454,2024-02-01,2025-10-06 10:51:05.346,33,5,0,0,0,0,0,0,0,0,0,0,1,0,0,1,0,0,0,0,0,0,1,0,0,0
CUS_0xbd3d,118236.03,9882.0025,4,5,8,0,12,2,7.43,0,699.62,31.476673111220585,0.0,178.89787512498017,1049.30237487502,2024-02-01,2025-10-06 10:51:05.346,22,4,0,0,0,0,0,0,0,0,0,0,1,0,0,1,0,0,0,0,0,1,0,0,0,0
CUS_0x4822,70732.4,5874.366666666666,8,10,26,5,20,15,7.18,70,1468.67,33.51684579867198,165.05107540934517,151.38461978142288,511.0009714758986,2024-02-01,2025-10-06 10:51:05.346,20,0,0,0,1,1,1,0,0,1,1,1,0,0,0,0,0,1,0,0,0,1,0,0,0,0
CUS_0x5fd8,33388.1,2599.3416666666667,6,4,8,0,24,13,9.51,20,589.89,25.57882175723253,0.0,60.18743502551986,439.7467316411468,2024-02-01,2025-10-06 10:51:05.346,20,4,0,0,0,0,0,0,0,0,0,1,0,0,0,0,1,0,0,0,0,1,0,0,0,0
CUS_0x9893,17471.63,1182.9691666666668,6,4,8,6,21,15,11.51,80,1050.26,28.47905471375553,58.90504147471576,86.87380679322331,242.51806839872762,2024-02-01,2025-10-06 10:51:05.346,17,8,1,1,0,1,0,0,1,1,0,1,0,0,0,0,1,0,0,0,0,0,0,0,1,0
CUS_0x9c55,8137.58,554.1316666666668,6,1276,17,3,6,13,7.7,60,998.45,35.61035996576221,14.302914114617195,68.26836012549272,262.84189242655674,2024-02-01,2025-10-06 10:51:05.346,6,10,1,0,0,1,0,0,1,0,0,1,0,0,0,0,1,0,0,0,0,0,1,0,0,0
CUS_0xbfcb,35023.49,2651.6241666666665,3,4,18,3,22,9,14.86,60,305.79,36.371277788749154,52.66554536265468,65.10311350727922,387.3937577967328,2024-02-01,2025-10-06 10:51:05.346,32,0,0,0,0,1,1,0,1,0,0,1,0,0,0,0,1,0,0,0,0,1,0,0,0,0
CUS_0x2daf,43270.47,3882.8725,3,4,19,2,12,15,15.01,90,1401.86,37.89178376201239,71.75087621356266,99.9456206377518,456.5907531486856,2024-02-01,2025-10-06 10:51:05.346,17,5,0,0,0,0,0,1,1,0,0,1,0,0,0,0,1,0,0,0,0,0,0,0,0,1
CUS_0x6f38,60552.76,4950.0633333333335,3,7,12,3,35,11,8.72,40,463.07,34.87343319737134,111.72882006933048,10000.0,346.4100328968133,2024-02-01,2025-10-06 10:51:05.346,19,4,1,1,0,0,0,0,1,0,0,0,1,0,0,1,0,0,0,0,0,0,1,0,0,0
CUS_0x6fec,136556.44,11613.703333333331,5,4,6,1,21,17,1.49,20,694.02,31.756438097907857,94.17978856796884,323.7347961490769,993.4557486162877,2024-02-01,2025-10-06 10:51:05.346,28,2,0,0,0,0,0,1,0,0,0,0,1,0,0,0,1,0,0,0,1,0,0,0,0,0
CUS_0x981c,57906.8,4734.566666666667,6,7,27,5,49,25,23.63,120,2501.85,36.067340616153615,182.2752671521449,152.3664793259638,388.81492018855806,2024-02-01,2025-10-06 10:51:05.346,14,0,1,0,1,0,1,1,0,0,0,1,0,0,0,0,0,1,0,0,1,0,0,0,0,0
CUS_0x9a43,85720.48,6999.373333333332,7,6,16,4,18,18,13.31,20560,707.08,25.760663006090816,171.47714995402183,79.66495101074244,688.795232368569,2024-02-01,2025-10-06 10:51:05.346,17,6,1,0,1,0,0,1,1,0,0,1,0,0,0,0,1,0,0,0,0,0,0,0,0,1
CUS_0xaa68,83923.24,6723.6033333333335,4,4,9,3,9,20,2.54,30,1236.73,31.33189591255713,139.34039244047392,195.5921291808432,587.4278117120164,2024-02-01,2025-10-06 10:51:05.346,23,4,0,0,0,0,0,1,0,0,1,0,1,0,0,1,0,0,0,0,1,0,0,0,0,0
CUS_0xb53e,73747.58,6166.631666666667,3,5,7,2,28,14,15.1,100,497.98,35.88073754773794,93.21286109736572,344.9308068660935,458.5194987032075,2024-02-01,2025-10-06 10:51:05.346,30,8,1,0,0,0,0,0,0,0,1,1,0,0,0,0,1,0,0,0,0,0,0,1,0,0
CUS_0xbed,42074.42,3587.2016666666664,4,1,5241,1,0,12,2.29,40,211.92,35.24393487042533,22.65287287863623,83.21610768670759,492.85118610132287,2024-02-01,2025-10-06 10:51:05.346,31,11,0,0,0,1,0,0,0,0,0,0,1,0,0,0,0,0,1,0,0,1,0,0,0,0
CUS_0x2855,34185.14,2659.7616666666668,3,7,5,4,10,15,9.56,10,1461.18,32.83177539059976,103.40156978571272,85.76022610538847,356.81437077556546,2024-02-01,2025-10-06 10:51:05.346,28,8,0,0,1,0,1,1,0,0,1,0,1,0,0,0,0,0,1,0,0,0,0,1,0,0
CUS_0x46eb,20502.64,1588.553333333333,8,10,28,8,14,18,25.18,150,4182.21,26.599641969524,87.46214102385784,63.46105889273961,287.9321334167359,2024-02-01,2025-10-06 10:51:05.346,2,0,1,1,0,1,0,0,1,0,1,1,0,0,0,0,0,0,1,0,0,0,0,1,0,0
CUS_0x576c,41655.16,3743.263333333334,3,4,5,2,28,21,5.72,40,1240.64,33.03944545834335,66.91250933776806,243.88921882496845,353.52460517059694,2024-02-01,2025-10-06 10:51:05.346,29,6,0,1,0,1,0,0,0,0,0,0,1,0,0,0,1,0,0,0,0,0,1,0,0,0
CUS_0xb0fd,10250.2,873.1833333333334,7,4,19,4,21,18,8.04,70,1437.24,38.667698139800855,30.95734002396283,51.15693026839836,298.28165069144507,2024-02-01,2025-10-06 10:51:05.346,8,10,0,1,1,0,1,1,0,0,0,0,0,0,0,0,1,0,0,0,0,0,0,0,1,0
CUS_0x3769,127160.94,10216.886014968688,4,7,3,2,17,3,3.55,30,559.07,25.44566865297337,759.9857463717369,325.0578191265941,872.8899195329825,2024-02-01,2025-10-06 10:51:05.346,27,9,0,0,0,1,0,0,1,0,0,0,1,0,0,1,0,0,0,0,1,0,0,0,0,0
CUS_0x85d5,114128.44,9743.703333333331,7,4,10,2,18,12,1.37,20,951.72,29.81698368584651,164.95861813650438,178.71075843248698,880.7009567643421,2024-02-01,2025-10-06 10:51:05.346,17,6,0,0,1,0,0,1,0,0,0,1,0,0,0,0,1,0,0,0,1,0,0,0,0,0
CUS_0x36ac,10494.44,1048.5366666666666,3,6,7,6,19,11,11.07,70,2579.62,38.534746963604704,46.16021051909581,33.128436798558624,280.7529063259504,2024-02-01,2025-10-06 10:51:05.346,15,6,1,1,0,0,0,1,0,1,0,1,0,0,0,0,1,0,0,0,0,0,1,0,0,0
CUS_0xc63a,18438.875,1275.7586924571965,0,4,10,1,6,11,5.08,30,435.96,23.755263682841363,205.1602534991548,103.39399140955321,317.81727096742907,2024-02-01,2025-10-06 10:51:05.346,32,0,0,0,0,0,1,0,0,0,0,0,0,0,0,1,0,0,0,0,0,0,1,0,0,0
CUS_0x4812,106790.32,8961.193333333335,3,3,6,3,29,15,7.17,40,678.54,31.732199553746728,147.48044023143387,588.3617147121801,420.2771783897196,2024-02-01,2025-10-06 10:51:05.346,26,6,1,0,1,0,0,0,1,0,0,1,0,0,0,0,1,0,0,1,0,0,0,0,0,0
CUS_0x4946,20346.15,1901.5125,10,6,24,8,30,18,5.19,140,1543.16,27.28546781526702,60525.0,141.59097726671425,266.266374741878,2024-02-01,2025-10-06 10:51:05.346,8,1,0,1,1,0,1,1,1,0,1,1,0,0,0,0,0,1,0,0,0,0,1,0,0,0
CUS_0x4c89,62805.48,5247.79,6,7,30,5,32,22,0.85,150,1584.95,26.388586233078147,134.01028824172923,128.46735497437413,512.3013567838966,2024-02-01,2025-10-06 10:51:05.346,20,2,1,1,0,0,0,1,0,0,1,1,0,0,0,0,0,0,1,0,1,0,0,0,0,0
CUS_0x918d,17025.51,1137.7924999999998,0,3,4,2,6,9,1.02,90,42.85,27.57610517540791,25279.0,109.5330169367284,274.1613173718895,2024-02-01,2025-10-06 10:51:05.346,17,10,0,0,1,0,0,0,0,0,1,0,1,0,0,0,0,0,1,0,0,0,1,0,0,0
CUS_0xa4dc,43802.10000000001,3468.175000000001,10,5,33,6,37,6,11.52,90,2156.04,25.422683787681127,167.9030685385797,329.8971955523072,129.01723590911323,2024-02-01,2025-10-06 10:51:05.346,9,9,1,0,1,0,0,0,1,1,1,1,0,0,0,0,1,0,0,0,0,0,0,1,0,0
CUS_0x99e9,22530.97,1684.5808333333334,3,3,4,1,7,16,8.89,40,370.35,30.124181519374204,11.381599902770322,106.13106353377957,320.9454198967835,2024-02-01,2025-10-06 10:51:05.346,21,4,0,0,0,1,0,0,0,0,0,0,1,0,0,1,0,0,0,0,0,0,0,0,1,0
CUS_0x887c,15709.22,1290.1016666666667,9,7,16,9,29,19,2.15,100,1995.84,23.113395972136157,60.27511459352723,119.35902081389796,239.37603125924147,2024-02-01,2025-10-06 10:51:05.346,9,2,1,1,1,1,1,1,0,0,1,1,0,0,0,0,0,1,0,0,0,0,1,0,0,0
CUS_0x9b4c,18744.4,1410.0333333333335,8,7,29,9,21,23,20.17,120,4432.68,29.571431677594155,139.94038519003894,65.69335412982427,225.3695940134701,2024-02-01,2025-10-06 10:51:05.346,6,2,1,1,1,1,1,1,0,0,1,1,0,0,0,0,0,1,0,0,0,0,1,0,0,0
CUS_0xa8d6,31263.7,2812.308333333333,4,6,1,0,7,0,4.13,50,1086.65,37.80985699256547,0.0,113.00215471556696,448.2286786177663,2024-02-01,2025-10-06 10:51:05.346,31,8,0,0,0,0,0,0,0,0,0,0,1,0,0,1,0,0,0,0,0,0,0,1,0,0
CUS_0x62c6,144881.68,11877.473333333332,3,4,15,4,3,12,10.1,20,404.51,37.536347664994494,414.65601320398537,553.2672857325957,479.8240343967524,2024-02-01,2025-10-06 10:51:05.346,26,4,0,0,1,0,0,1,1,0,1,1,0,0,0,0,1,0,0,1,0,0,0,0,0,0
CUS_0x2032,56622.69,4825.5575,6,7,19,8,62,22,20.46,140,3896.87,36.551885674174095,348.6732713850269,81.59445649452282,302.2880221204502,2024-02-01,2025-10-06 10:51:05.346,3,10,1,1,1,1,1,1,1,0,1,1,0,0,0,0,0,1,0,0,0,0,0,0,0,1
CUS_0x8a5c,42399.03,3572.2525,7,5,31,7,6,12,11.69,170,2073.54,36.434448650461576,196.6894915615451,358.9480495713778,91.58770886707708,2024-02-01,2025-10-06 10:51:05.346,6,10,0,0,1,1,0,1,1,1,0,1,0,0,0,0,0,0,1,0,0,0,1,0,0,0
CUS_0x17ec,30813.68,2109.2054909703334,3,3,8,4,7,10,6.93,20,1312.2,35.3800553201252,236.6567313279753,198.92522329626956,243.9998877387553,2024-02-01,2025-10-06 10:51:05.346,18,10,0,1,0,0,0,1,1,0,0,0,1,0,0,0,0,0,1,0,0,0,0,0,1,0
CUS_0x437,105816.45,8977.0375,4,3,11,0,23,9,11.37,80,1342.14,36.72678618159621,79.49597160314157,10000.0,629.588921869532,2024-02-01,2025-10-06 10:51:05.346,20,9,0,0,0,0,0,0,0,0,1,1,0,0,0,0,0,0,1,0,0,0,1,0,0,0
CUS_0x510d,38212.84,3306.403333333333,7,10,23,8,33,24,0.4000000000000004,80,1384.44,39.76695194208275,148.66472537381816,138.71429486574397,293.26131309377115,2024-02-01,2025-10-06 10:51:05.346,8,4,1,1,0,1,1,0,1,1,0,1,0,0,0,0,0,0,1,0,1,0,0,0,0,0
CUS_0x82a5,34365.96,2993.83,8,9,26,2,15,18,7.57,90,2011.12,30.686028400025894,52.203311406669,143.16091364327008,374.0187749500609,2024-02-01,2025-10-06 10:51:05.346,7,3,0,0,0,0,0,1,0,1,0,0,0,0,0,0,0,0,1,0,0,0,0,0,0,1
CUS_0xa90c,34676.0,3160.666666666666,3,6,18,4,25,16,9.99,70,138.3,38.837215910482726,69.52897556389723,153.29294242758962,363.24474867517984,2024-02-01,2025-10-06 10:51:05.346,6,10,0,0,1,0,1,1,1,0,0,1,0,0,0,0,1,0,0,0,0,0,0,0,1,0
CUS_0x70a3,14920.97,1424.414166666667,6,10,16,2,58,16,13.48,120,1288.58,37.47398714883335,19.90951245535901,137.17161207895253,265.3602921323551,2024-02-01,2025-10-06 10:51:05.346,13,6,0,1,0,0,0,1,0,0,0,1,0,0,0,0,1,0,0,0,0,0,0,1,0,0
CUS_0x8f3a,70566.82,6070.568333333334,8,1084,14,1,30,12,12.43,0,1256.67,37.3519883890984,30.09371436515327,229.9846760448238,626.9784429233564,2024-02-01,2025-10-06 10:51:05.346,20,6,0,0,0,1,0,0,0,0,0,1,0,0,0,0,0,0,1,0,0,0,0,1,0,0
CUS_0x2a36,99990.78,8256.565,1,3,9,1,9,3,8.87,80,155.2,30.26809193458023,45.30442650278234,548.8422851859837,501.50978831123405,2024-02-01,2025-10-06 10:51:05.346,16,8,0,0,0,1,0,0,0,0,0,0,1,0,0,0,0,0,1,0,0,0,0,0,1,0
CUS_0x6ed0,138206.04,11568.17,1,2,8,3,15,5,4.76,70,1337.34,26.59309590671647,173.2347549574972,1386.0319696503434,413.29105018352936,2024-02-01,2025-10-06 10:51:05.346,21,8,0,1,1,0,0,1,0,0,0,0,1,0,0,0,0,0,1,0,0,0,1,0,0,0
CUS_0x6fef,16474.845,1247.9037500000004,0,5,2,2,13,6,4.17,70,340.96,29.7120403410917,19.660740384509907,80.06191173229948,295.06772288319064,2024-02-01,2025-10-06 10:51:05.346,24,3,0,1,0,0,0,0,1,0,0,0,1,0,0,1,0,0,0,0,0,0,0,0,1,0
CUS_0x7b3a,14276.64,1397.72,7,8,18,7,43,18,0.0,70,4400.77,37.84903562200406,51.69662378612414,18.95428348301004,319.1210927308658,2024-02-01,2025-10-06 10:51:05.346,13,4,0,1,0,1,0,1,1,1,1,1,0,0,0,0,0,1,0,0,0,0,0,0,0,1
CUS_0x2a91,42070.96,3506.575736829253,7,1130,17,2,24,18,9.02,70,369.11,26.202193982177345,296.74572931112607,92.50368506090172,485.77951546538566,2024-02-01,2025-10-06 10:51:05.346,17,9,0,0,0,0,0,1,0,0,1,1,0,0,0,0,0,0,1,1,0,0,0,0,0,0
CUS_0x5875,23621.48,2158.456666666667,5,4,18,0,9,16,17.96,20,1451.24,30.46320333834505,0.0,80.64909426654788,415.19657240011884,2024-02-01,2025-10-06 10:51:05.346,17,2,0,0,0,0,0,0,0,0,0,1,0,0,0,0,1,0,0,0,0,0,0,1,0,0
CUS_0xa560,133410.66,11387.555,1,3,4,0,5,5,1.05,30,933.84,27.00522991665245,0.0,518.2357809204392,880.5197190795609,2024-02-01,2025-10-06 10:51:05.346,27,11,0,0,0,0,0,0,0,0,0,0,1,0,0,1,0,0,0,1,0,0,0,0,0,0
CUS_0xa7f8,88709.79000000002,7636.482500000001,4,5,11,0,15,12,11.09,20,1452.43,43.29864014993829,0.0,64.006855301114,939.6413946988863,2024-02-01,2025-10-06 10:51:05.346,24,3,0,0,0,0,0,0,0,0,0,0,1,0,0,1,0,0,0,0,0,1,0,0,0,0
CUS_0xc27,34956.58,2809.0483333333336,0,310,11,3,0,1,9.86,50,595.8,30.26700141083733,59.15521313386304,95.46283579332331,427.41099570418334,2024-02-01,2025-10-06 10:51:05.346,16,0,0,1,0,1,0,0,0,0,1,0,0,0,0,0,0,0,1,0,0,0,0,0,0,1
CUS_0x115c,41695.76,3401.646666666667,6,7,15,9,24,20,31.99,80,4453.51,26.69776846386521,302.8057257057672,85.68416842593166,221.67477253496787,2024-02-01,2025-10-06 10:51:05.346,8,6,1,0,1,0,1,1,0,0,1,0,0,0,0,0,0,1,0,0,0,0,0,0,1,0
CUS_0x7ff3,144456.16,12222.013333333334,4,3,6,5,27,19,13.62,80,1061.63,38.19209934598161,481.0079648265306,751.1455711642105,260.04779734259216,2024-02-01,2025-10-06 10:51:05.346,13,11,1,0,0,0,1,0,1,1,0,1,0,0,0,0,1,0,0,0,0,0,0,0,1,0
CUS_0xa922,25740.18,2197.015,5,6,1,1,17,10,2.77,20,1273.88,28.11026107418015,19.46604342760477,10000.0,371.8360622434821,2024-02-01,2025-10-06 10:51:05.346,21,10,1,0,0,0,0,0,0,0,0,0,1,0,0,0,1,0,0,0,0,0,0,0,0,1
CUS_0x6b4d,47458.54,3860.8783333333336,3,3,8,4,5,14,7.6,60,566.05,35.87221222476111,127.72864752411192,114.45372437608508,423.9054614331363,2024-02-01,2025-10-06 10:51:05.346,7,5,0,0,0,1,1,0,1,0,0,1,0,0,0,0,1,0,0,0,0,0,0,1,0,0
CUS_0x99ec,131844.32,10874.026666666668,6,3,10,1,5,18,14.31,90,398.2,27.67382745632517,106.77960906902388,10000.0,17.719701838406873,2024-02-01,2025-10-06 10:51:05.346,8,0,0,1,0,0,0,0,0,0,0,1,0,0,0,0,1,0,0,0,0,0,1,0,0,0
CUS_0x178b,43456.5,3437.375,2,680,8,0,0,8,0.62,30,389.9,24.298378138643645,0.0,398.74744046917954,234.99005953082053,2024-02-01,2025-10-06 10:51:05.346,31,5,0,0,0,0,0,0,0,0,0,0,0,0,0,0,0,0,1,0,0,0,1,0,0,0
CUS_0x5f7e,14677.92,1289.16,10,8,21,4,44,21,18.08,120,2127.73,32.02421812148215,36.69339441478327,121.76039937793169,250.46220620728508,2024-02-01,2025-10-06 10:51:05.346,16,9,0,0,1,0,1,1,0,0,1,1,0,0,0,0,0,1,0,0,0,0,0,1,0,0
CUS_0x756e,8128.965,688.41375,8,7,18,6,32,17,9.63,110,1973.0,24.230845161494564,33.013906376919785,36.413153019184506,289.41431560389566,2024-02-01,2025-10-06 10:51:05.346,9,2,1,0,1,0,1,1,1,0,0,1,0,0,0,0,1,0,0,0,0,0,1,0,0,0
CUS_0xa77f,39800.12,3047.6766666666667,7,5,12,3,17,20,11.53,40,660.69,28.62288043181345,58.48765733950958,274.45624868905134,251.82376063810585,2024-02-01,2025-10-06 10:51:05.346,18,4,0,1,0,1,0,0,0,1,0,1,0,0,0,0,1,0,0,0,0,0,0,1,0,0
CUS_0x4d98,87416.52,7037.71,2,7,6,3,4,2,6.67,30,814.52,36.387928270004615,151.85679759335918,316.3343750892003,505.5798273174406,2024-02-01,2025-10-06 10:51:05.346,18,2,0,0,1,1,0,0,0,0,1,0,1,0,0,1,0,0,0,0,0,0,0,0,1,0
CUS_0x67de,32102.6,2958.2166666666667,3,7,10,0,9,13,11.36,50,1210.25,27.251236440986272,0.0,249.8338362386177,335.98783042804894,2024-02-01,2025-10-06 10:51:05.346,19,2,0,0,0,0,0,0,0,0,0,1,0,0,0,0,1,0,0,0,0,0,1,0,0,0
CUS_0xb53d,69955.56,4858.617659067718,8,6,6,0,14,19,6.93,100,552.5,36.64042086134968,817.0123409322828,173.21849456497185,654.3445054350283,2024-02-01,2025-10-06 10:51:05.346,24,11,0,0,0,0,0,0,0,0,0,1,0,0,0,0,0,0,1,1,0,0,0,0,0,0
CUS_0x23d8,16245.125,1080.7604166666667,3,5,6,0,11,2,3.79,70,744.47,37.70254306547601,0.0,92.01158146840149,306.0644601982653,2024-02-01,2025-10-06 10:51:05.346,28,8,0,0,0,0,0,0,0,0,0,0,1,0,0,1,0,0,0,0,0,0,1,0,0,0
CUS_0x36e1,20364.57,1626.0475,6,8,32,3,23,9,10.3,110,2500.04,27.57647762267587,26.168108925039405,92.51897591535379,303.9176651596068,2024-02-01,2025-10-06 10:51:05.346,9,8,1,0,0,1,0,1,0,0,0,1,0,0,0,0,1,0,0,1,0,0,0,0,0,0
CUS_0x6939,14822.81,981.2341666666664,8,7,16,6,27,25,26.48,120,2921.16,29.105045730098105,51.83455347868679,10000.0,261.0550735706628,2024-02-01,2025-10-06 10:51:05.346,8,5,0,1,0,1,0,0,0,1,0,0,0,0,0,0,0,1,0,0,0,0,1,0,0,0
CUS_0x784,12302.195,822.1829166666665,7,7,7,0,14,21,5.54,10,419.95,25.536167160701225,0.0,80.73798492876273,281.480306737904,2024-02-01,2025-10-06 10:51:05.346,20,6,0,0,0,0,0,0,0,0,0,0,1,0,0,0,1,0,0,0,0,0,0,1,0,0
CUS_0x79cb,15907.91,1272.6591666666666,8,6,34,5,62,10,9.43,120,1424.12,24.288082590092444,55.89436241087717,63.99447932298397,287.3770749328056,2024-02-01,2025-10-06 10:51:05.346,7,2,0,0,1,1,0,1,0,1,1,1,0,0,0,0,1,0,0,0,0,0,0,1,0,0
CUS_0xa692,38029.86,3032.155,10,9,18,5,16,20,30.72,110,2850.68,30.66390554443484,111.5043450323457,67.91664143784217,383.79451352981215,2024-02-01,2025-10-06 10:51:05.346,10,9,1,1,1,0,0,0,0,0,1,1,0,0,0,0,0,0,1,1,0,0,0,0,0,0
CUS_0x5255,29873.96,2477.4966666666664,5,4,10,0,30,7,16.759999999999998,90,1117.08,39.05374035882927,0.0,75.68106604610855,422.0686006205581,2024-02-01,2025-10-06 10:51:05.346,26,6,0,0,0,0,0,0,0,0,0,0,1,0,0,1,0,0,0,0,1,0,0,0,0,0
CUS_0xacb0,65187.34,5161.278333333333,6,6,8,3,23,9,5.38,10,441.86,38.09470620811253,99.98202004847784,143.98471607572174,522.1610972091337,2024-02-01,2025-10-06 10:51:05.346,20,6,0,1,1,0,0,0,0,0,0,0,1,0,0,0,1,0,0,0,1,0,0,0,0,0
CUS_0xb4ee,19989.65,1563.8041666666668,10,5,21,9,53,21,0.2400000000000002,140,2083.35,39.18374968461847,94.215518723392,204.50732984798884,147.65756809528582,2024-02-01,2025-10-06 10:51:05.346,9,8,1,1,0,0,1,1,0,0,1,1,0,0,0,0,0,1,0,0,0,0,1,0,0,0
CUS_0x30ca,59861.2,4847.433333333333,3,4,6,4,20,7,13.04,30,511.5,24.07025533602776,157.3423557694311,587.6535629873413,29.747414576561084,2024-02-01,2025-10-06 10:51:05.346,29,8,0,0,0,1,0,0,0,1,1,1,0,0,0,0,1,0,0,0,0,0,1,0,0,0
CUS_0x458f,14535.105,1345.25875,1,7,3,2,18,3539,6.63,20,70.66,29.533130768720603,15.775026734816825,166.49890228020706,242.25194598497612,2024-02-01,2025-10-06 10:51:05.346,25,8,0,0,1,0,0,0,0,0,1,0,1,0,0,1,0,0,0,0,0,0,1,0,0,0
CUS_0x52ee,87974.28,7222.19,5,8,10,2,6,9,6.75,80,60.08,28.996201727054228,92.2082941432976,290.0077412892731,590.0029645674293,2024-02-01,2025-10-06 10:51:05.346,19,5,0,1,0,0,0,0,1,0,0,0,1,0,0,0,1,0,0,0,1,0,0,0,0,0
CUS_0x795,14517.44,1293.7866666666666,10,8,30,6,62,22,4.73,60,1384.57,23.99456913438266,40.13808966650808,113.2588200264411,265.9817569737175,2024-02-01,2025-10-06 10:51:05.346,16,10,0,0,1,1,1,0,1,1,0,1,0,0,0,0,0,1,0,0,0,0,1,0,0,0
CUS_0x872d,47183.94,3803.995,7,9,27,5,53,24,9.71,120,4579.44,38.75575630141688,166.89065453921577,59.585486718293545,393.9233587424908,2024-02-01,2025-10-06 10:51:05.346,13,5,0,0,0,1,1,0,1,0,1,1,0,0,0,0,0,1,0,0,0,1,0,0,0,0
CUS_0x77bf,83158.26,7033.855,1,2,10,4,4,9,0.0,40,241.08,34.4394273651504,186.87756674130367,575.4183460058763,231.08958725282014,2024-02-01,2025-10-06 10:51:05.346,22,9,0,0,0,1,1,0,1,0,0,0,1,0,0,1,0,0,0,0,0,0,1,0,0,0
CUS_0x2d6f,81815.31,7036.9425,4,6,3,1,25,14,5.34,0,437.82,27.09960694445566,39.67611651171757,138.87393250930106,765.1442009789813,2024-02-01,2025-10-06 10:51:05.346,16,5,1,0,0,0,0,0,0,0,0,0,1,0,0,0,1,0,0,0,0,1,0,0,0,0
CUS_0x376f,60575.7,4794.975,4,7,15,3,16,18,0.0,40,832.55,37.610730567041614,135.03772302070848,34.378266618332354,92.00204314061392,2024-02-01,2025-10-06 10:51:05.346,30,3,0,0,1,1,0,0,1,0,0,0,1,0,0,0,1,0,0,0,0,0,1,0,0,0
CUS_0x5c59,19662.27,1351.5225,2,3,8,0,17,9,2.58,60,879.41,27.736688075991356,15.645155900068357,81.28477234519757,318.22232175473414,2024-02-01,2025-10-06 10:51:05.346,25,2,0,1,0,0,0,0,0,0,0,0,1,0,0,0,0,0,1,0,0,0,0,0,0,1
CUS_0x60d5,38217.6,3204.8,6,6,13,2,19,19,6.29,50,448.54,27.90713303323893,57.881716929471615,111.31699647221205,401.28128659831634,2024-02-01,2025-10-06 10:51:05.346,22,8,0,1,0,0,1,0,0,0,0,0,1,0,0,0,1,0,0,0,1,0,0,0,0,0
CUS_0x78d3,17773.775,1388.1479166666668,3,1,2,2,5,2,4.57,40,730.73,31.760332202725515,28.23975347493477,95.1899972951944,305.38504089653753,2024-02-01,2025-10-06 10:51:05.346,26,6,0,0,0,0,0,0,1,0,1,0,1,0,0,1,0,0,0,0,0,0,1,0,0,0
CUS_0x7ea0,20273.53,1427.460833333333,3,5,15,4,28,15,8.03,60,1278.4,24.43597025294488,40.67137268310915,37.92807830294574,314.1466323472785,2024-02-01,2025-10-06 10:51:05.346,13,11,0,0,1,0,0,1,1,0,0,0,0,0,0,0,1,0,0,0,1,0,0,0,0,0
CUS_0x32e2,31172.1,2600.675,6,10,16,5,53,24,26.93,70,3912.19,37.5139883675795,106.0456041544089,174.00402856455574,240.0178672810353,2024-02-01,2025-10-06 10:51:05.346,10,4,0,1,0,0,1,1,0,0,0,1,0,0,0,0,0,1,0,1,0,0,0,0,0,0
CUS_0xac2b,15723.705,1191.30875,7,3,6,4,8,11,5.68,30,632.13,35.90360199388707,29.31306813104736,10000.0,221.8635055562146,2024-02-01,2025-10-06 10:51:05.346,19,11,1,1,1,1,0,0,0,0,0,0,1,0,0,0,1,0,0,0,0,0,1,0,0,0
CUS_0xc1a7,14656.405,1024.3670833333333,5,5,15,5,12,20,7.44,120,1328.53,36.901489654939866,39.19525656117582,43.60468742701038,309.6367643451471,2024-02-01,2025-10-06 10:51:05.346,7,11,0,0,0,1,1,1,0,0,1,1,0,0,0,0,1,0,0,0,0,0,1,0,0,0
CUS_0x938,12593.445,763.4537499999999,4,4,7,2,6,12,8.42,50,43.68,38.74600112596087,18.94454817970755,54.676693061022796,292.72413375926965,2024-02-01,2025-10-06 10:51:05.346,16,10,0,0,1,1,0,0,0,0,0,1,0,0,0,0,1,0,0,0,0,0,1,0,0,0
CUS_0x9535,14187.13,1304.6423790505771,3,4,22,3,25,19,18.35,100,1481.83,26.70592387675671,64.5410201780017,73.23746005174154,324.06605738634624,2024-02-01,2025-10-06 10:51:05.346,11,6,0,1,0,0,0,0,0,0,1,0,0,0,0,0,1,0,0,0,0,0,1,0,0,0
CUS_0x4dfb,119809.72,9939.143333333332,0,2,11,0,14,6,6.2,20,542.7,29.36279551241099,0.0,443.66590875758277,830.2484245757506,2024-02-01,2025-10-06 10:51:05.346,19,5,0,0,0,0,0,0,0,0,0,0,1,0,0,0,0,0,1,0,0,0,0,1,0,0
CUS_0x5354,90133.59,7795.1325,6,6,608,3,12,23,16.25,60,1464.72,30.305691618854624,194.60977603170076,121.5878094446591,703.3156645236403,2024-02-01,2025-10-06 10:51:05.346,12,9,0,0,1,0,0,1,0,0,0,1,0,0,0,0,1,0,0,0,0,1,0,0,0,0
CUS_0x7833,43311.84,3879.32,3,4,9,3,14,8,2.78,10,951.78,33.968983281474344,73.54904407064399,97.69663879704196,466.6863171323142,2024-02-01,2025-10-06 10:51:05.346,23,4,1,0,1,0,0,0,1,0,0,0,1,0,0,1,0,0,0,0,1,0,0,0,0,0
CUS_0x9ed9,32348.4,2966.7000000000007,5,7,7,0,28,20,1.66,50,1416.25,36.51201103027154,0.0,49.040892255583344,497.6291077444167,2024-02-01,2025-10-06 10:51:05.346,32,8,0,0,0,0,0,0,0,0,0,0,1,0,0,1,0,0,0,0,1,0,0,0,0,0
CUS_0x15da,127014.28,10870.523333333333,7,6,14,3,28,13,0.0,90,245.63,36.14219109482836,215.3848503127789,323.43067652816967,828.2368064923847,2024-02-01,2025-10-06 10:51:05.346,9,1,0,0,0,0,1,1,0,1,0,1,0,0,0,0,0,0,1,0,0,0,0,1,0,0
CUS_0x8c2d,35165.46,2694.455,5,6,18,0,20,18,8.21,30,1034.08,26.731252838976747,0.0,149.13590591511533,380.30959408488474,2024-02-01,2025-10-06 10:51:05.346,20,4,0,0,0,0,0,0,0,0,0,0,1,0,0,0,1,0,0,1,0,0,0,0,0,0
CUS_0xb14,49967.01,4091.9175,6,5,31,6,27,11,19.87,120,2253.95,31.52078179699133,156.00331166279182,116.36129396965664,386.8271443675515,2024-02-01,2025-10-06 10:51:05.346,17,5,0,1,0,0,1,1,0,1,1,1,0,0,0,0,1,0,0,0,1,0,0,0,0,0
CUS_0x3c96,48181.11,3888.0925,8,8,34,4,10,10,13.08,90,2623.14,31.34141209822134,82.03861836216738,33.46671898557893,513.3039126522538,2024-02-01,2025-10-06 10:51:05.346,6,10,1,0,1,0,1,0,0,0,1,0,0,0,0,0,1,0,0,0,0,1,0,0,0,0
CUS_0xf6c,76046.25,6082.1875,7,3,16,3,17,19,3.29,90,91.84,22.548634538831447,172.98551542126657,10000.0,60.97820663471237,2024-02-01,2025-10-06 10:51:05.346,30,8,0,0,1,0,0,0,0,1,0,1,0,0,0,0,1,0,0,0,0,0,1,0,0,0
CUS_0x6b9f,8446.315,627.8595833333334,9,6,18,6,19,12,11.05,120,1291.0,31.931514708080503,28.201959285524588,37.20761624520093,287.3763828026078,2024-02-01,2025-10-06 10:51:05.346,9,9,1,1,1,1,1,0,0,0,0,1,0,0,0,0,0,0,1,0,0,0,1,0,0,0
CUS_0x1e50,31500.55,2665.045833333333,1,4,6,0,10,11,4.79,40,861.13,39.85644022718055,0.0,134.7814977352757,401.72308559805765,2024-02-01,2025-10-06 10:51:05.346,19,3,0,0,0,0,0,0,0,0,0,0,1,0,0,1,0,0,0,0,0,0,0,0,1,0
CUS_0x2c3c,17238.11,1599.509166666667,8,8,23,9,44,16,1.46,110,1500.09,26.375303847224288,84.144303350945,44.06228906220249,291.74432425351915,2024-02-01,2025-10-06 10:51:05.346,9,3,1,1,1,0,1,0,1,1,1,1,0,0,0,0,0,1,0,1,0,0,0,0,0,0
CUS_0x480f,22431.61,1775.3008333333337,5,6,5,0,3,1,4.86,30,1450.57,26.16652579110361,0.0,158.81107411551417,288.71900921781923,2024-02-01,2025-10-06 10:51:05.346,17,6,0,0,0,0,0,0,0,0,0,0,1,0,0,1,0,0,0,0,0,0,0,0,1,0
CUS_0x6630,61607.34,5192.945,9,9,28,7,46,23,20.67,110,3146.2,33.88122387815963,330.1506947054402,146.5968116610416,292.54699363351824,2024-02-01,2025-10-06 10:51:05.346,9,9,1,1,0,1,1,1,0,0,0,0,0,0,0,0,0,1,0,0,1,0,0,0,0,0
CUS_0x77b5,107991.54,8763.295,1,3,1,1,3,8,2.4000000000000004,40,1163.93,42.43479325634086,68.64103884295949,65.48515410494971,982.2033070520907,2024-02-01,2025-10-06 10:51:05.346,32,3,0,0,0,0,0,0,0,0,1,0,1,0,0,1,0,0,0,0,0,1,0,0,0,0
CUS_0x7a0f,38364.82,2904.068333333333,9,6,32,4,34,22,3.44,110,1973.63,35.43225493894156,74.85037187731447,73.0126754399525,402.54378601606635,2024-02-01,2025-10-06 10:51:05.346,19,10,1,0,0,0,1,0,1,0,1,1,0,0,0,0,0,1,0,1,0,0,0,0,0,0
CUS_0xad5e,15769.54,1438.128333333333,8,6,2023,2,18,17,7.02,140,1599.96,32.01979444080199,18.98573218971632,99.59116380398373,315.2359373396333,2024-02-01,2025-10-06 10:51:05.346,6,8,0,0,1,0,0,0,1,0,0,1,0,0,0,0,0,0,1,0,0,0,1,0,0,0
CUS_0x364f,20843.43,1774.9525,7,10,15,5,53,22,21.32,150,4556.91,35.463393574129725,56.350245002594654,209.16813116277518,201.97687383463017,2024-02-01,2025-10-06 10:51:05.346,14,3,0,0,0,0,1,1,1,0,1,1,0,0,0,0,0,1,0,0,0,0,1,0,0,0
CUS_0x4bda,69886.64,4873.622245698728,4,6,3,1,10,1,7.52,20,683.01,42.33935953300223,857.399184254989,156.0927577988915,604.1611455807245,2024-02-01,2025-10-06 10:51:05.346,17,10,0,0,0,0,0,0,1,0,0,0,1,0,0,0,0,0,1,0,1,0,0,0,0,0
CUS_0x8853,43549.86,3672.155,7,5,24,9,27,23,21.52,60,4639.59,28.16521204743114,193.11437921855344,33.09086759532486,381.01025318612176,2024-02-01,2025-10-06 10:51:05.346,12,8,1,1,1,1,0,1,0,0,1,1,0,0,0,0,0,1,0,0,0,0,0,0,0,1
CUS_0xc0a4,38095.88,2793.9252867211208,1,3,7,0,9,5,7.91,40,562.34,39.52385150419244,434.7313799455458,163.0754991857271,419.7901674809395,2024-02-01,2025-10-06 10:51:05.346,23,2,0,0,0,0,0,0,0,0,0,0,1,0,0,1,0,0,0,1,0,0,0,0,0,0
CUS_0x965a,21353.19,1856.4325,4,7,5,0,17,20,18.01,40,1198.13,40.392323151237406,0.0,63.035131249505284,372.60811875049467,2024-02-01,2025-10-06 10:51:05.346,33,6,0,0,0,0,0,0,0,0,0,1,0,0,0,0,0,0,1,0,1,0,0,0,0,0
CUS_0xa7c3,8882.47,555.2058333333333,9,7,19,7,40,18,15.62,70,1580.91,25.603199809116557,27.528699132623988,19.851946712043983,298.1399374886654,2024-02-01,2025-10-06 10:51:05.346,19,9,0,1,1,1,1,0,0,1,1,0,0,0,0,0,0,1,0,0,0,0,1,0,0,0
CUS_0x1bbf,14749.06,1008.0883333333336,8,10,28,5,42,14,27.54,120,2777.31,35.44188194646754,47.85880178285707,84.2331809419905,248.71685060848574,2024-02-01,2025-10-06 10:51:05.346,2,3,0,1,0,1,1,0,0,0,1,1,0,0,0,0,0,1,0,0,0,0,0,0,0,1
CUS_0x4379,19204.25,1660.354166666667,5,7,13,3,14,12,5.31,70,504.06,34.49942909396475,35.14812339828019,157.3218419058421,253.5654513625444,2024-02-01,2025-10-06 10:51:05.346,30,2,1,0,1,0,1,0,0,0,0,0,1,0,0,0,1,0,0,0,0,0,0,1,0,0
CUS_0x6aec,9290.25,478.1875,6,7,32,9,24,19,9.28,80,1633.87,36.61160850868327,40.856737331467954,36.77306304071735,260.1889496278147,2024-02-01,2025-10-06 10:51:05.346,15,0,1,0,1,1,1,0,1,1,0,1,0,0,0,0,0,1,0,0,0,0,0,0,0,1
CUS_0xae52,17001.68,1485.8066666666666,10,7,18,6,44,15,8.19,110,4033.83,39.04571044000805,53.391971393009264,115.53187878599142,269.656816487666,2024-02-01,2025-10-06 10:51:05.346,13,0,1,0,0,0,0,0,1,1,1,1,0,0,0,0,0,1,0,0,0,0,1,0,0,0
CUS_0x1f4f,1.7370154E7,1383.9225,1,3,6,0,0,5,8.68,0,1008.2,29.734144578603,0.0,56.64578004406296,341.74646995593713,2024-02-01,2025-10-06 10:51:05.346,23,11,0,0,0,0,0,0,0,0,0,0,1,0,0,0,0,0,1,1,0,0,0,0,0,0
CUS_0x2365,57610.32,4517.86,8,10,25,9,41,23,21.31,70,4428.64,37.740502015919645,256.2341792269896,110.75256034642612,324.79926042658434,2024-02-01,2025-10-06 10:51:05.346,2,0,1,0,0,1,1,1,1,1,0,1,0,0,0,0,0,1,0,0,0,1,0,0,0,0
CUS_0x4a70,94034.8,7693.233333333334,8,4,11,1,15,6,10.98,40,775.83,28.677096342567825,61.90277478928471,570.0224356636722,407.3981228803764,2024-02-01,2025-10-06 10:51:05.346,22,2,0,0,0,0,1,0,0,0,0,0,0,0,0,1,0,0,0,0,0,0,0,0,1,0
CUS_0x6829,52977.54,4711.795,8,7,12,1,6,8,12.27,30,174.2,40.42556822137527,42.30739171681553,179.26957050958873,509.60253777359566,2024-02-01,2025-10-06 10:51:05.346,28,4,0,0,0,0,0,1,0,0,0,1,0,0,0,0,1,0,0,1,0,0,0,0,0,0
CUS_0x6cda,16586.58,1470.215,6,5,32,3,51,19,4.6,70,2424.8,30.94595845731823,22.914327935939244,80.64524755385563,323.46192451020517,2024-02-01,2025-10-06 10:51:05.346,13,11,1,0,0,0,1,0,0,1,0,1,0,0,0,0,0,1,0,0,0,0,0,1,0,0
CUS_0x1c24,87263.22,7297.935,8,6,16,1,21,14,7.82,80,135.88,33.683644180692006,67.17035351661022,184.6298111786277,717.9933353047621,2024-02-01,2025-10-06 10:51:05.346,27,2,1,0,0,0,0,0,0,0,0,1,0,0,0,0,0,0,1,0,0,1,0,0,0,0
CUS_0x73b1,34150.84,2946.903333333333,10,10,29,4,46,18,8.93,120,2089.71,24.58535053498145,67.97113360789109,125.53157712995554,361.1876225954867,2024-02-01,2025-10-06 10:51:05.346,9,9,0,0,1,1,0,0,0,1,0,1,0,0,0,0,0,1,0,1,0,0,0,0,0,0
CUS_0x8359,10418.315,672.571436539939,7,5,28,6,23,23,6.51,110,2484.72,28.94192821368912,62.72004895760057,39.93703316432644,262.8836896714674,2024-02-01,2025-10-06 10:51:05.346,15,3,0,1,1,1,0,0,0,1,0,0,0,0,0,0,0,1,0,0,0,0,0,1,0,0
CUS_0x10c0,49454.13,4328.1775,8,5,23,2,59,23,4.95,80,1388.56,28.97842663428932,73.34635944957465,148.5406575943259,459.07807620141364,2024-02-01,2025-10-06 10:51:05.346,13,4,0,1,0,0,0,0,0,1,0,0,0,0,0,0,0,1,0,0,0,0,0,1,0,0
CUS_0x7040,30547.98,2353.665,7,3,5,3,7,19,2.54,40,687.69,34.098404564279896,55.52452793259675,64.35081778811957,395.49115427928365,2024-02-01,2025-10-06 10:51:05.346,24,2,0,0,0,1,0,0,0,1,0,1,0,0,0,0,1,0,0,0,0,0,0,1,0,0
CUS_0x8095,34982.69,2851.224166666667,5,7,18,2,9,17,0.98,30,1496.77,34.67149516346972,44.39325121747316,312.25676886868735,218.47239658050614,2024-02-01,2025-10-06 10:51:05.346,30,8,0,0,1,0,0,0,0,0,1,0,1,0,0,0,1,0,0,0,0,0,0,0,0,1
CUS_0x46b6,63023.18,5028.931666666666,3,4,5,4,15,11,5.08,15660,1307.67,30.525193398064,157.72873776226757,434.2871167162082,200.87731218819084,2024-02-01,2025-10-06 10:51:05.346,30,4,0,0,0,0,0,1,1,0,1,0,1,0,0,1,0,0,0,0,0,0,1,0,0,0
CUS_0x5510,20921.76,1573.4799999999998,4,7,11,2,16,20,12.62,70,453.11,30.27120363531356,33.09944814910589,10000.0,271.16951212025725,2024-02-01,2025-10-06 10:51:05.346,24,0,0,0,0,0,1,0,1,0,0,1,0,0,0,0,1,0,0,0,0,0,0,0,0,1
CUS_0xa36d,10127.625,872.96875,10,8,32,8,23,16,10.25,90,4673.99,21.990835728723063,39.103704516487326,86.04891543848612,252.14425504502654,2024-02-01,2025-10-06 10:51:05.346,9,3,1,1,1,1,0,1,1,1,0,1,0,0,0,0,0,1,0,0,0,0,1,0,0,0
CUS_0x99b4,89757.46,6373.027992652464,2,1,2,0,0,8,9.39,0,149.48,40.82169001677611,943.7603406808716,585.0110578896622,426.66777544367113,2024-02-01,2025-10-06 10:51:05.346,24,2,0,0,0,0,0,0,0,0,0,0,1,0,0,0,0,0,1,0,0,0,0,1,0,0
CUS_0xa9c2,9243.765,564.3137499999998,9,8,19,2,50,19,4.1,60,1459.06,30.747086104292244,13.682893365785114,28.27386864574968,294.4746129884652,2024-02-01,2025-10-06 10:51:05.346,13,11,1,1,0,0,0,0,0,0,0,0,0,0,0,0,0,1,0,0,0,0,0,1,0,0
CUS_0x1fa5,53643.9,4696.325,9,5,15,5,47,26,6.31,160,2935.85,30.00137450590981,113.848414545652,196.01329836902016,409.7707870853279,2024-02-01,2025-10-06 10:51:05.346,13,9,1,1,0,0,1,1,1,0,0,1,0,0,0,0,0,1,0,0,1,0,0,0,0,0
CUS_0x53f3,27909.81,2574.8175,5,5,12,1,12,22,1.71,50,1128.36,24.818991866971142,21.477335453674527,120.94553340375505,405.0588811425705,2024-02-01,2025-10-06 10:51:05.346,22,3,1,0,0,0,0,0,0,0,0,0,1,0,0,1,0,0,0,0,0,0,1,0,0,0
CUS_0x7b65,8968.555,880.3795833333335,10,8,30,8,58,19,24.83,120,2502.86,26.55246729273076,57.07883301994548,61.638889841857186,259.3202354715307,2024-02-01,2025-10-06 10:51:05.346,11,10,1,1,1,1,1,0,0,0,1,1,0,0,0,0,0,1,0,0,0,0,1,0,0,0
CUS_0x194b,161272.04,13312.336666666668,1,7,7,3,14,5,6.94,10,705.53,44.519081907438405,288.01367819674346,241.23393334314645,1041.986055126777,2024-02-01,2025-10-06 10:51:05.346,19,9,1,0,0,0,1,1,0,0,0,0,1,0,0,1,0,0,0,0,0,1,0,0,0,0
CUS_0x3554,10112.045,521.3610652530066,4,5,6,1,30,8,6.74,20,49.62,33.42126992735524,56.143096551465966,52.160437906495474,268.0728586223654,2024-02-01,2025-10-06 10:51:05.346,29,4,0,0,0,1,0,0,0,0,0,0,1,0,0,0,1,0,0,0,0,0,0,0,1,0
CUS_0x230c,75857.6,6596.466666666667,6,5,31,9,44,23,3.24,110,4673.3,26.36550812206456,485.23702340256966,77.91851027063731,249.5102984703461,2024-02-01,2025-10-06 10:51:05.346,3,11,1,0,1,0,1,0,1,0,0,1,0,0,0,0,0,1,0,0,0,1,0,0,0,0
CUS_0x872b,8898.495,738.5412500000001,8,10,33,7,52,8,16.57,100,2665.74,39.48337122960925,37.06935856945269,27.691199323876802,289.0935671066705,2024-02-01,2025-10-06 10:51:05.346,6,10,1,1,0,0,0,1,1,0,1,1,0,0,0,0,1,0,0,0,0,0,0,1,0,0
CUS_0x415f,99384.72,8236.06,4,6,10,0,3,14,9.61,10,199.26,40.31849816672249,249.34599091177964,153.5902045051862,680.6698045830343,2024-02-01,2025-10-06 10:51:05.346,20,5,0,0,0,1,1,0,0,1,0,0,1,0,0,0,0,0,1,1,0,0,0,0,0,0
CUS_0x7eda,162053.08,13470.423333333332,1,7,11,1,7,7,4.63,30,1469.14,33.51963988570394,96.0721304833948,10000.0,122.68409123403057,2024-02-01,2025-10-06 10:51:05.346,24,8,1,0,0,0,0,0,0,0,0,0,1,0,0,1,0,0,0,0,0,0,1,0,0,0
CUS_0xb4b7,39538.62,3540.885,10,5,23,3,41,11,14.71,80,1822.92,30.339170978803963,54.2013642176932,148.6092836232741,401.2778521590328,2024-02-01,2025-10-06 10:51:05.346,18,6,0,0,1,0,1,1,0,0,0,1,0,0,0,0,0,0,1,0,1,0,0,0,0,0
CUS_0x3066,102333.28,8306.773333333333,6,21,6,4,19,8,15.01,100,1052.65,40.82754380039993,223.96862876211404,126.65406864097969,720.0546359302396,2024-02-01,2025-10-06 10:51:05.346,17,8,0,0,0,0,1,0,1,0,1,1,0,0,0,0,0,0,1,0,0,1,0,0,0,0
CUS_0x6c65,62276.37,5249.6975,5,8,29,2,10,9,18.89,120,1402.89,24.48805158778181,70.0544594293605,294.3637203710478,420.55157019959165,2024-02-01,2025-10-06 10:51:05.346,17,9,0,0,0,0,0,0,0,1,0,1,0,0,0,0,1,0,0,1,0,0,0,0,0,0
CUS_0x944c,83206.72,7003.8933333333325,9,10,25,7,26,22,3.81,60,1394.25,32.59603714476823,472.48502129086927,230.75123152713292,277.15308051533117,2024-02-01,2025-10-06 10:51:05.346,7,2,1,0,0,1,0,1,1,1,1,1,0,0,0,0,0,1,0,0,0,0,0,1,0,0
CUS_0x2f0b,12165.52,1176.7933333333335,8,7,10,3,25,16,9.16,30,1377.18,34.37850957527024,19.500532110963437,115.01490238123148,273.16389884113846,2024-02-01,2025-10-06 10:51:05.346,19,11,0,0,1,1,0,0,0,1,0,0,1,0,0,1,0,0,0,0,0,0,1,0,0,0
CUS_0x3ed3,7749555.0,5774.633333333334,5,7,9,1,13,20,7.28,0,1004.53,26.99032512631409,51.87885400348978,81.26785505249471,684.316624277349,2024-02-01,2025-10-06 10:51:05.346,22,5,0,0,0,1,0,0,0,0,0,1,0,0,0,0,1,0,0,0,0,0,0,0,0,1
CUS_0x43bc,22312.07,2013.3391666666664,0,3,4,3,9,8,9.04,30,51.37,30.05921058801612,32.89118636984925,23.00309350191133,395.43963679490616,2024-02-01,2025-10-06 10:51:05.346,23,10,0,0,0,0,0,1,1,0,1,0,1,0,0,1,0,0,0,0,1,0,0,0,0,0
CUS_0x7380,16135.12,1623.5933333333337,5,4,12,2,23,9,4.8,40,1091.33,40.74589923981814,14.212944868059886,104.65535266718568,333.4910357980878,2024-02-01,2025-10-06 10:51:05.346,29,10,1,0,0,0,1,0,0,0,0,1,0,0,0,0,1,0,0,0,0,0,0,0,0,1
CUS_0x15f7,60314.22,5004.185,10,7,16,7,43,13,9.32,140,1902.05,26.78270535305777,219.9813241689872,142.25517025647517,388.18200557453764,2024-02-01,2025-10-06 10:51:05.346,17,5,0,0,1,0,1,0,1,1,1,1,0,0,0,0,1,0,0,0,1,0,0,0,0,0
CUS_0x3df0,31021.08,2500.09,2,4,10,1,9,5,2.33,70,366.86,34.8099596470333,16.968840989407706,10000.0,424.16633998684097,2024-02-01,2025-10-06 10:51:05.346,24,8,0,0,0,0,1,0,0,0,0,0,1,0,0,1,0,0,0,0,0,0,0,0,0,1
CUS_0x68c8,24069.55,1861.287841965388,7,7,20,0,25,19,15.02,90,315.97,32.26529399159506,263.5079913679457,184.2840331145289,318.19555021880444,2024-02-01,2025-10-06 10:51:05.346,29,11,0,0,0,0,0,0,0,0,0,1,0,0,0,0,0,0,1,0,0,0,1,0,0,0
CUS_0x6e61,44806.6,4031.883333333333,0,3,7,4,15,6,11.87,0,176.26,38.51611643317723,109.555808470867,10000.0,494.51025708519575,2024-02-01,2025-10-06 10:51:05.346,21,11,0,0,0,1,1,1,0,0,0,0,1,0,0,1,0,0,0,0,0,1,0,0,0,0
CUS_0x7ae7,18235.61,1313.6341666666667,8,6,9,2,24,15,14.29,90,1259.92,24.251097133660327,22.99100814982672,59.2325281621957,309.1398803546442,2024-02-01,2025-10-06 10:51:05.346,10,3,0,0,0,1,0,0,0,1,0,1,0,0,0,0,1,0,0,1,0,0,0,0,0,0
CUS_0x81ff,31467.58,2643.525590525283,0,5,1,2,15,7,3.2,40,680.89,39.49199884268828,36875.0,131.29541305462422,387.282997858145,2024-02-01,2025-10-06 10:51:05.346,26,3,0,0,1,1,0,0,0,0,0,0,1,0,0,1,0,0,0,0,0,0,1,0,0,0
CUS_0xa1b1,84373.31999999999,7035.11,2,5,2,2,9,0,3.82,0,1390.19,37.803333418171576,93.23117811301157,448.11270546401977,422.1671164229686,2024-02-01,2025-10-06 10:51:05.346,23,2,1,0,0,0,0,1,0,0,0,0,1,0,0,1,0,0,0,1,0,0,0,0,0,0
CUS_0xbede,51477.8,4130.816666666667,3,5,8,2,16,15,15.84,70,478.17,37.58848130614725,67.79771853588983,227.9178882268319,397.3660599039449,2024-02-01,2025-10-06 10:51:05.346,17,11,0,0,0,0,0,1,0,1,0,1,0,0,0,0,1,0,0,0,0,0,0,1,0,0
CUS_0x4196,58966.89,4628.9075,1540,5,7,0,32,14,11.77,80,1452.98,33.3153180959412,0.0,112.58981814525328,600.3009318547468,2024-02-01,2025-10-06 10:51:05.346,19,2,0,0,0,0,0,0,0,0,0,1,0,0,0,0,1,0,0,0,1,0,0,0,0,0
CUS_0x501d,31236.52,2622.043333333333,8,9,30,7,20,18,20.01,140,3596.37,38.81139832567633,160.3929254873634,30.509178986216178,321.30222885975377,2024-02-01,2025-10-06 10:51:05.346,10,8,1,0,1,1,1,1,0,0,0,1,0,0,0,0,0,1,0,0,1,0,0,0,0,0
CUS_0x557f,83204.52,6831.71,8,10,29,5,60,18,27.98,120,3388.37,24.46573673163653,276.87481319761883,205.4942174591687,450.80196934321253,2024-02-01,2025-10-06 10:51:05.346,13,0,0,0,0,1,0,1,1,1,1,1,0,0,0,0,0,1,0,0,1,0,0,0,0,0
CUS_0x5eec,97609.35,7327.620936037323,5,3,11,1,29,9,5.78,0,573.35,26.81575710085421,923.8348486030224,514.5141880311281,545.2537773285256,2024-02-01,2025-10-06 10:51:05.346,21,4,0,0,0,0,0,0,0,0,1,1,0,0,0,0,1,0,0,0,0,0,0,0,0,1
CUS_0x71e8,20013.55,1397.7958333333331,7,6,16,6,27,16,22.98,130,4965.78,32.72569682268983,69.5382514782818,76.87533193382005,283.3659999212315,2024-02-01,2025-10-06 10:51:05.346,13,11,1,1,0,1,0,1,0,0,0,1,0,0,0,0,0,1,0,0,0,0,1,0,0,0
CUS_0x5e33,14860.49,1406.374166666667,9,8,23,0,53,19,7.13,100,2688.87,23.79877326164818,31.650546104172488,81.21967493102264,317.7671956314715,2024-02-01,2025-10-06 10:51:05.346,17,10,1,1,1,0,0,0,0,1,0,1,0,0,0,0,1,0,0,0,0,0,1,0,0,0
CUS_0x7072,35952.25,2966.020833333333,0,4,6,0,14,9,11.93,40,480.11,38.48620787107971,0.0,188.9891059645073,377.6129773688261,2024-02-01,2025-10-06 10:51:05.346,17,10,0,0,0,0,0,0,0,0,0,0,1,0,0,1,0,0,0,0,0,0,0,0,1,0
CUS_0x8466,60485.13,5179.4275,9,7,15,8,19,21,3.1500000000000004,150,1746.37,39.660345554825824,297.16487268665674,192.04425419731658,278.7336231160267,2024-02-01,2025-10-06 10:51:05.346,14,9,0,1,1,1,0,1,1,0,1,1,0,0,0,0,0,1,0,0,1,0,0,0,0,0
CUS_0x4a05,50051.28,3934.94,6,9,34,3,33,23,9.0,130,1936.41,28.679037694590672,102.95644079731524,147.75094130009106,402.78661790259366,2024-02-01,2025-10-06 10:51:05.346,9,5,0,1,0,0,0,1,0,1,0,1,0,0,0,0,0,1,0,1,0,0,0,0,0,0
CUS_0x3cf1,19749.04,1544.753333333333,7,7,17,8,42,25,8.96,80,3655.44,31.915374032227287,128.3315287002651,56.99684547437902,219.14695915868924,2024-02-01,2025-10-06 10:51:05.346,5,10,1,1,1,0,1,0,0,1,1,1,0,0,0,0,0,1,0,0,1,0,0,0,0,0
CUS_0x4b9f,81365.06999999999,6899.4225,3,3,6,4,9,16,11.73,50,1188.76,35.32660678943952,250.3763595401097,428.32271134173226,291.24317911815814,2024-02-01,2025-10-06 10:51:05.346,22,10,0,0,1,0,0,0,0,0,1,1,0,0,0,0,1,0,0,0,0,0,0,1,0,0
CUS_0x5964,32810.76,2984.23,6,10,18,9,31,16,19.08,70,4229.13,37.783037912712224,196.7778976441964,171.32820950186286,210.3168928539408,2024-02-01,2025-10-06 10:51:05.346,4,3,1,1,0,1,0,0,1,1,1,1,0,0,0,0,0,1,0,0,0,0,0,1,0,0
CUS_0x2d9f,59692.58,4733.381666666667,4,3,18,4,11,19,12.52,60,458.68,29.52878212165075,112.3904285849415,324.7478886502043,296.19984943152093,2024-02-01,2025-10-06 10:51:05.346,18,4,0,0,0,1,1,1,0,1,0,1,0,0,0,0,1,0,0,1,0,0,0,0,0,0
CUS_0x2fe0,8357.98,693.4983333333333,6,10,15,6,55,15,1.1,22620,2431.46,38.61479004240449,29.017979713299752,22.97786407701283,297.3539895430208,2024-02-01,2025-10-06 10:51:05.346,20,0,0,0,1,0,1,0,0,0,1,1,0,0,0,0,0,0,1,0,0,0,0,1,0,0
CUS_0x3d73,33718.73,2955.894166666667,7,6,6,1,10,14,8.28,30,1074.66,27.75667047513408,21.66210627386815,77.12996137085948,446.797349021939,2024-02-01,2025-10-06 10:51:05.346,18,4,0,0,0,0,0,0,0,1,0,0,0,0,0,0,1,0,0,0,1,0,0,0,0,0
CUS_0x6cd2,22558.95,1991.9125,4,5,11,0,6,14,17.74,50,141.14,32.90655644436113,64.30119007088052,75.41721319949492,339.47284672962456,2024-02-01,2025-10-06 10:51:05.346,31,6,1,1,0,1,0,1,0,0,0,1,0,0,0,0,0,0,1,0,0,0,0,1,0,0
CUS_0x9ca,60530.7,4962.224999999999,3,180,9,1,22,19,9.35,70,361.83,40.153037854407295,40.76317256421069,59.29216284146327,646.1671645943261,2024-02-01,2025-10-06 10:51:05.346,29,5,0,1,0,0,0,0,0,0,0,0,1,0,0,0,1,0,0,0,1,0,0,0,0,0
CUS_0xa2d5,18666.83,1628.569166666667,7,5,27,9,50,17,24.89,120,4072.19,29.213448757175893,65376.0,138.46995851032236,212.374123955466,2024-02-01,2025-10-06 10:51:05.346,10,5,1,1,1,0,0,0,1,1,1,1,0,0,0,0,0,1,0,0,0,0,1,0,0,0
CUS_0x2fd8,116742.54,9924.545,5,3,10,2,0,5,4.14,60,295.19,31.586182232307024,186.72603497542545,613.0958067343773,648.0361846416134,2024-02-01,2025-10-06 10:51:05.346,28,6,0,0,1,0,0,0,0,1,0,0,0,0,0,1,0,0,0,0,1,0,0,0,0,0
CUS_0x350e,106154.46,8961.205,1,2,10,1,11,1,5.38,20,386.42,35.602555589309006,47.78999860395541,525.8216748210356,602.508826575009,2024-02-01,2025-10-06 10:51:05.346,23,5,0,0,0,0,1,0,0,0,0,0,1,0,0,1,0,0,0,0,0,0,0,1,0,0
CUS_0x6ecf,118042.88,9823.906666666668,6,3,9,1,27,10,1.09,0,1476.36,34.347164116978625,56.10129553748701,554.2617411179966,652.0276300111831,2024-02-01,2025-10-06 10:51:05.346,17,11,0,0,0,0,0,0,0,0,1,1,0,0,0,0,0,0,1,0,0,0,0,1,0,0
CUS_0xa570,9999.42,797.2447970040636,8,6,14,3,7,12,1.56,20,153.12,30.70024680110216,112.6753670005195,89.56367809743753,267.6296578979795,2024-02-01,2025-10-06 10:51:05.346,28,3,0,0,1,0,1,0,0,1,0,0,1,0,0,0,1,0,0,0,0,0,1,0,0,0
CUS_0xc67b,64175.56,5154.963333333333,7,8,25,5,33,23,21.21,60,3203.71,31.92116214145498,179.59986089917138,90.92425751667943,504.97221491748263,2024-02-01,2025-10-06 10:51:05.346,3,11,1,0,1,0,1,0,0,0,0,1,0,0,0,0,0,1,0,0,0,0,0,0,0,1
CUS_0x9002,20851.59,1701.6325,4,6,18,0,24,14,14.46,50,1195.06,36.515635101766456,9.299161964160938,21.983857806562327,378.88023022927683,2024-02-01,2025-10-06 10:51:05.346,16,8,1,0,0,0,0,0,0,0,0,1,0,0,0,0,1,0,0,0,0,1,0,0,0,0
CUS_0x953d,37419.7,3174.308333333333,1,7,5,4,11,0,7.69,0,653.66,31.925028711868123,76.18253576332933,129.83570122623408,401.4125963437699,2024-02-01,2025-10-06 10:51:05.346,22,3,0,1,0,0,0,1,0,0,1,0,1,0,0,1,0,0,0,0,0,0,1,0,0,0
CUS_0xabc9,28415.93,2241.994166666667,2,2,12,2,6,10,3.6,10,1112.8,32.25222952988121,35.469400999269865,189.31258325425773,279.41743241313907,2024-02-01,2025-10-06 10:51:05.346,24,3,0,0,0,1,0,0,0,1,0,0,1,0,0,1,0,0,0,0,0,0,0,1,0,0
CUS_0xbfa7,8886.055,544.5045833333334,8,3,6,6,14,8,12.43,80,1190.59,37.44669692907728,34.78888164233539,70.24391271538688,239.41766397561105,2024-02-01,2025-10-06 10:51:05.346,19,5,0,0,1,0,1,0,0,1,1,1,0,0,0,0,1,0,0,0,0,0,1,0,0,0
CUS_0x1414,51093.12,4080.76,8,9,25,6,42,22,27.67,120,3628.5,30.714886675295038,246.088595517438,330.92236338088344,121.06504110167856,2024-02-01,2025-10-06 10:51:05.346,11,2,0,0,1,0,1,0,1,1,0,1,0,0,0,0,0,1,0,0,0,0,1,0,0,0
CUS_0x6ad0,8027.195,560.9329166666666,10,5,20,2,30,28,1.48,140,1720.19,28.904384436632903,8.961406105567454,32.29192211507269,304.8399634460265,2024-02-01,2025-10-06 10:51:05.346,10,0,0,0,0,1,0,1,0,0,0,1,0,0,0,0,0,1,0,0,0,0,1,0,0,0
CUS_0x7d4d,40511.74,3439.978333333333,3,6,16,3,28,17,20.18,90,2272.58,33.99539432153917,69.28277942579743,352.3930530036525,202.3220009038833,2024-02-01,2025-10-06 10:51:05.346,16,11,1,1,0,0,0,0,0,0,0,1,0,0,0,0,1,0,0,0,0,0,0,1,0,0
CUS_0xa80c,89607.24,7256.27,0,5,12,2,12,3,4.54,70,715.19,38.361579957976495,147.8470094912456,57.3678176570084,760.4121728517462,2024-02-01,2025-10-06 10:51:05.346,30,2,0,0,1,0,0,1,0,0,0,0,0,0,0,1,0,0,0,0,0,1,0,0,0,0
CUS_0xaeb2,68267.04,5531.094715382072,7,7,32,2,17,15,16.0,120,2357.03,37.749576650134,316.7432761786178,221.97169270914884,536.002315730161,2024-02-01,2025-10-06 10:51:05.346,11,3,0,1,0,0,1,0,0,0,0,1,0,0,0,0,1,0,0,1,0,0,0,0,0,0
CUS_0x3ff8,25810.93,1916.910833333333,5,3,14,3,13,15,16.53,50,1123.51,30.43004670309702,51.42495073815972,132.471955381346,267.79417721382765,2024-02-01,2025-10-06 10:51:05.346,17,5,0,1,1,0,1,0,0,0,0,1,0,0,0,0,0,0,1,1,0,0,0,0,0,0
CUS_0x5b9b,16955.24,1634.523386546429,7,5,19,2,11,20,19.2,40,714.71,39.180245084691954,84.64285174667768,94.79151679127888,339.37257824894766,2024-02-01,2025-10-06 10:51:05.346,18,0,0,0,0,0,1,0,0,0,1,1,0,0,0,0,1,0,0,0,0,0,1,0,0,0
CUS_0xc88,29378.06,2312.1716666666666,7,6,17,4,23,8,8.81,60,1078.84,36.826866957368885,93.0172931787162,16.16564754686062,362.0342259410898,2024-02-01,2025-10-06 10:51:05.346,18,5,0,0,1,1,0,0,1,0,1,1,0,0,0,0,0,0,1,0,0,1,0,0,0,0
CUS_0x1b3a,15858.64,1414.553333333333,9,7,17,7,61,19,4.06,160,4874.77,26.403447836925128,53.11698768801588,137.65245502983504,240.6858906154824,2024-02-01,2025-10-06 10:51:05.346,0,9,0,1,1,1,0,1,1,1,0,1,0,0,0,0,0,1,0,0,0,0,1,0,0,0
CUS_0xe3f,109370.55,9036.2125,4,6,5,1,13,12,14.43,50,1387.19,42.91169947518601,86.8235854974944,203.69696777289784,863.1006967296076,2024-02-01,2025-10-06 10:51:05.346,16,4,0,0,0,0,0,0,1,0,0,1,0,0,0,0,1,0,0,0,1,0,0,0,0,0
CUS_0x5aa7,21252.83,1778.069166666667,4,5,9,2,24,10,6.32,60,261.57,35.387045605137104,32.270224908566554,34.01539024125515,351.521301516845,2024-02-01,2025-10-06 10:51:05.346,26,8,0,0,0,1,0,1,0,0,0,0,1,0,0,1,0,0,0,0,0,1,0,0,0,0
CUS_0xb5e4,36772.66,2925.388333333334,1,4,4,3,7,4,7.25,40,418.16,24.26505216109924,67.83515071711838,254.1400698608208,250.56361275539425,2024-02-01,2025-10-06 10:51:05.346,16,0,0,1,0,1,1,0,0,0,0,0,1,0,0,1,0,0,0,0,0,0,0,1,0,0
CUS_0x5d1,81998.84,6900.236666666668,7,6,28,6,32,17,26.08,170,3520.62,30.98725719860636,260.57083693176025,119.75173240445154,549.7010973304549,2024-02-01,2025-10-06 10:51:05.346,1,11,0,1,0,0,1,0,1,1,1,1,0,0,0,0,0,0,1,0,0,1,0,0,0,0
CUS_0x6617,115643.01,9910.9175,3,7,2,3,18,1,13.89,10,951.36,39.1727994010737,195.39400914592812,731.125162760684,344.57257809338773,2024-02-01,2025-10-06 10:51:05.346,18,6,0,0,0,0,1,1,0,0,0,0,1,0,0,1,0,0,0,0,0,0,0,0,0,1
CUS_0x8ac5,77104.47,6571.3725,3,7,6,4,6,15,4.29,40,109.76,31.316585979432,177.01761693236332,118.24434096253887,601.8752921050979,2024-02-01,2025-10-06 10:51:05.346,22,5,1,0,0,1,0,1,0,0,0,1,0,0,0,0,1,0,0,0,0,1,0,0,0,0
CUS_0x38c6,12629.6,941.4666666666668,7,3,17,2,25,20,19.97,70,1090.8,33.11408567432733,17.809233422767285,23.416599018138985,322.92083422576036,2024-02-01,2025-10-06 10:51:05.346,15,11,0,1,0,0,1,0,0,0,0,1,0,0,0,0,1,0,0,0,0,0,0,0,1,0
CUS_0x5db9,24858.67,1977.555833333333,8,6,11,2,26,16,2.99,40,585.59,28.39671450066681,35.193365013694184,109.8598511744898,342.7023671451493,2024-02-01,2025-10-06 10:51:05.346,15,9,1,0,0,0,0,0,0,0,0,0,1,0,0,1,0,0,0,0,0,0,1,0,0,0
CUS_0xad7d,28338.43,2171.535833333333,6,3,8,1,13,18,21.1,70,135.5,26.331490541508284,12.805281246658785,232.55000871787502,261.7982933687996,2024-02-01,2025-10-06 10:51:05.346,19,3,0,0,0,0,0,0,1,0,0,1,0,0,0,0,1,0,0,0,0,0,1,0,0,0
CUS_0xb9c8,19942.04,1783.8366666666668,7,9,20,6,51,25,24.57,140,4542.88,36.62296356358048,7103.0,105.79321681294745,251.13082247430248,2024-02-01,2025-10-06 10:51:05.346,5,9,0,1,0,0,1,0,0,1,1,1,0,0,0,0,0,1,0,0,0,0,0,0,1,0
CUS_0x2170,59134.0,4669.833333333333,3,7,6,3,13,0,9.86,40,776.03,26.390836228437177,79.12661299118112,248.46355451079197,429.3931658313603,2024-02-01,2025-10-06 10:51:05.346,19,10,0,1,1,0,0,0,0,0,1,0,1,0,0,1,0,0,0,0,0,0,1,0,0,0
CUS_0x2e72,17670.52,1529.543333333333,10,7,21,8,56,19,7.15,90,4931.01,26.22866826165341,71.85825674589788,101.78323982731592,269.3128367601195,2024-02-01,2025-10-06 10:51:05.346,5,6,0,0,1,1,1,1,1,0,1,1,0,0,0,0,0,1,0,0,0,0,1,0,0,0
CUS_0xb4f,56622.3,4469.5250000000015,1,4,11,0,4,0,7.9,10,110.19,27.75243331603353,0.0,186.4414352834666,542.6338658961718,2024-02-01,2025-10-06 10:51:05.346,29,2,0,0,0,0,0,0,0,0,0,0,1,0,0,0,0,0,1,0,0,0,0,0,0,1
CUS_0x2654,139664.96,11777.746666666664,3,6,12,4,14,12,12.39,90,365.66,29.73540060566116,423.7310158122875,1104.4162492061591,635.7541742867235,2024-02-01,2025-10-06 10:51:05.346,30,2,0,0,1,0,0,1,0,0,0,1,0,0,0,0,1,0,0,0,0,0,0,0,1,0
CUS_0x8e4e,24444.2,1738.0166666666669,8,7,12,6,27,8,8.24,90,718.42,29.64816602533376,76.60697244447836,18.796866201216982,318.39782802097136,2024-02-01,2025-10-06 10:51:05.346,15,2,0,0,0,1,0,1,1,0,1,1,0,0,0,0,1,0,0,0,0,1,0,0,0,0
CUS_0xac04,71508.27,5994.0225,7,6,13,4,17,16,10.47,40,1266.04,40.28624008685875,132.09684694356892,54.91811005986674,652.3872929965643,2024-02-01,2025-10-06 10:51:05.346,26,2,0,0,0,0,1,1,0,1,0,1,0,0,0,0,1,0,0,0,0,1,0,0,0,0
CUS_0xb56b,74192.06999999999,6200.6725,4,4,18,3,10,22,11.59,50,1200.73,27.17765354106976,101.06621551726778,137.63552571332082,621.3655087694115,2024-02-01,2025-10-06 10:51:05.346,22,4,1,0,1,0,0,1,0,0,0,1,0,0,0,0,0,0,1,0,0,1,0,0,0,0
CUS_0x95a9,72579.72,5916.31,6,6,20,0,24,10,4.97,30,314.2,36.46131811867353,0.0,351.18356533936606,500.44743466063403,2024-02-01,2025-10-06 10:51:05.346,19,8,0,0,0,0,0,0,0,0,0,1,0,0,0,0,1,0,0,1,0,0,0,0,0,0
CUS_0x3c5e,20588.45,1557.7041666666669,6,10,23,4,16,16,5.12,140,2160.86,38.26500906579061,54.05859209106389,38.39854459284717,313.3132799827556,2024-02-01,2025-10-06 10:51:05.346,6,3,0,0,0,0,1,0,0,1,1,1,0,0,0,0,0,1,0,0,1,0,0,0,0,0
CUS_0x780c,49125.57,4177.7975000000015,7,8,32,7,22,15,21.88,90,2575.83,33.12501143045647,168.28609600394057,66.06403555020276,433.42961844585676,2024-02-01,2025-10-06 10:51:05.346,14,8,0,0,1,1,0,1,1,1,0,1,0,0,0,0,0,1,0,0,1,0,0,0,0,0
CUS_0x8980,74766.86,6025.571666666668,4,7,2,0,13,8,3.82,10,107.57,40.19265520407996,153.39499394571286,60.56554630896235,628.5966264119917,2024-02-01,2025-10-06 10:51:05.346,22,8,1,0,0,0,0,1,0,1,0,0,1,0,0,1,0,0,0,0,0,1,0,0,0,0
CUS_0xbde6,1.0805206E7,2844.2875,7,6,13,5,21,14,16.78,60,1497.12,38.18995834233017,135.1026903037025,98.17115096828121,311.15490872801627,2024-02-01,2025-10-06 10:51:05.346,15,11,1,0,0,1,1,0,1,1,0,1,0,0,0,0,0,0,1,1,0,0,0,0,0,0
CUS_0x4242,18458.05,1288.1708333333331,7,7,6,3,19,11,16.58,40,705.4,39.25786314832639,42.43928511971047,89.30505229469318,267.0727459189297,2024-02-01,2025-10-06 10:51:05.346,27,8,0,1,0,0,0,0,0,1,1,0,1,0,0,0,0,0,1,0,0,0,0,0,1,0
CUS_0x5220,39916.18,3257.348333333333,8,5,19,9,27,22,17.13,70,3988.4,27.4473450545902,163.2808287680574,107.53898837111916,241.56372599954915,2024-02-01,2025-10-06 10:51:05.346,9,10,0,1,1,0,1,1,0,0,0,1,0,0,0,0,0,1,0,1,0,0,0,0,0,0
CUS_0x79a8,106674.51,8657.5425,7,4,17,0,26,11,4.24,80,316.39,39.71761924926845,0.0,617.8491266389373,537.9051233610627,2024-02-01,2025-10-06 10:51:05.346,19,10,0,0,0,0,0,0,0,0,0,0,1,0,0,0,1,0,0,0,0,0,1,0,0,0
CUS_0x96e8,17484.02,1491.0016666666668,5,5,33,3,9,18,17.0,15880,2483.63,27.156709518093624,43.672944165120846,165.56881864136508,229.85840386018083,2024-02-01,2025-10-06 10:51:05.346,20,6,1,0,0,0,1,0,0,0,1,1,0,0,0,0,1,0,0,0,0,0,1,0,0,0
CUS_0xa69f,8475.64,794.3033333333333,10,10,22,3,50,25,5.76,110,2033.14,36.9403104107531,12.792122582684335,98.34895696507351,258.2892537855755,2024-02-01,2025-10-06 10:51:05.346,10,3,0,0,1,1,0,0,0,0,0,1,0,0,0,0,0,1,0,0,0,0,1,0,0,0
CUS_0xc555,14214.46,898.5383333333333,4,7,19,4,12,9,12.7,120,908.46,30.4204528194942,41.88616646402907,43.686605041576215,284.281061827728,2024-02-01,2025-10-06 10:51:05.346,16,4,1,1,0,1,0,0,0,0,0,1,0,0,0,0,1,0,0,0,0,0,0,1,0,0
CUS_0x52f3,72304.38,6099.365000000002,8,7,14,2,16,8,8.94,20,1295.99,31.42183686604132,64.06920215489151,309.2850876250506,526.582210220058,2024-02-01,2025-10-06 10:51:05.346,33,3,0,1,0,0,0,0,1,0,0,1,0,0,0,0,0,0,1,0,0,0,1,0,0,0
CUS_0x8da1,15608.695,1300.5880028744134,7,3,12,4,12,19,12.35,100,488.34,34.860901024499924,92.91440921428024,128.73945745272295,261.1551721252499,2024-02-01,2025-10-06 10:51:05.346,19,11,1,1,0,0,0,0,0,1,1,1,0,0,0,0,0,0,1,0,0,0,0,1,0,0
CUS_0x25cd,67512.6,5804.05,7,6,31,3,28,9,13.48,150,2342.79,38.97144081276607,88.99393704043982,270.97280409049597,510.43825886906427,2024-02-01,2025-10-06 10:51:05.346,10,4,0,0,1,0,0,1,1,0,0,1,0,0,0,0,1,0,0,0,0,0,1,0,0,0
CUS_0x2ffe,13913.795,1156.4829166666666,7,4,11,3,25,15,7.01,0,1470.31,24.00776652034057,24.636450688253717,89.41213765699649,291.59970332141637,2024-02-01,2025-10-06 10:51:05.346,17,4,0,0,0,0,0,1,1,0,1,0,0,0,0,0,1,0,0,0,0,0,1,0,0,0
CUS_0x85c0,53698.44,4293.87,7,5,29,5,36,22,23.44,120,3436.19,27.904841947623023,143.31668636274762,212.9620545887646,333.1082590484877,2024-02-01,2025-10-06 10:51:05.346,13,5,1,1,0,0,0,0,1,1,0,0,0,0,0,0,0,1,0,0,0,0,0,0,0,1
CUS_0xc04f,54734.0,4607.166666666667,5,3,8,4,24,15,2.18,0,1241.94,27.804083113089906,155.36704202552642,167.33383998216203,428.01578465897836,2024-02-01,2025-10-06 10:51:05.346,18,8,1,1,0,1,1,0,0,0,0,1,0,0,0,0,1,0,0,0,0,0,1,0,0,0
CUS_0xfa4,15035.19,1214.9325,9,1180,1641,5,61,18,10.98,130,1447.52,23.51254212305313,39.94969316390585,41.73804952179924,329.8055073142949,2024-02-01,2025-10-06 10:51:05.346,12,11,1,1,0,0,1,0,0,1,0,1,0,0,0,0,0,1,0,0,0,0,1,0,0,0
CUS_0x746,71172.68,5685.056666666666,4,5,11,2,20,20,0.0,60,193.48,38.213993589167735,94.03522060143072,121.14987071456706,603.3205753506691,2024-02-01,2025-10-06 10:51:05.346,26,9,0,1,0,1,0,0,0,0,0,0,1,0,0,1,0,0,0,0,1,0,0,0,0,0
CUS_0x264c,48608.78,4300.731666666667,5,403,5,2,14,17,15.11,120,345.71,38.54866892460159,60.10848226180946,314.62427615972234,325.3404082451349,2024-02-01,2025-10-06 10:51:05.346,16,5,0,1,0,0,0,0,0,0,1,1,0,0,0,0,1,0,0,0,0,0,0,0,1,0
CUS_0x61ab,19124.4,1859.7,5,8,7,1,15,10,2.99,70,1110.63,26.27305620080083,15.522587276283309,52.02256333452198,368.4248493891947,2024-02-01,2025-10-06 10:51:05.346,32,2,0,0,0,0,0,0,1,0,0,0,1,0,0,0,1,0,0,0,1,0,0,0,0,0
CUS_0x987b,7186.5,850.875,6,10,23,7,39,22,5.89,120,2241.6,29.42198020535565,23.633808823763214,83.9190591074167,267.5346320688201,2024-02-01,2025-10-06 10:51:05.346,19,5,1,0,0,1,0,1,1,1,0,1,0,0,0,0,0,1,0,0,0,0,1,0,0,0
CUS_0x990e,35260.69,2839.390833333333,0,6,5,4,1,0,1.16,20,51.5,30.623820502618543,91.4291217839192,185.41215757308743,277.0978039763268,2024-02-01,2025-10-06 10:51:05.346,29,10,0,0,0,0,0,0,1,1,1,0,1,0,0,1,0,0,0,0,0,0,0,0,1,0
CUS_0xa39e,15364.1,1530.341666666667,8,10,20,5,39,16,1.57,140,2639.72,29.791708491951205,58.03431777182677,141.49918662229516,233.50066227254476,2024-02-01,2025-10-06 10:51:05.346,18,2,0,0,0,1,1,0,1,1,0,1,0,0,0,0,0,1,0,0,0,0,0,1,0,0
CUS_0x37ea,121107.9,9322.687972407062,0,7,5,0,18,6,9.41,80,1490.72,30.57654410329857,657.6370275929391,614.3232517113307,663.7092482886693,2024-02-01,2025-10-06 10:51:05.346,16,8,0,0,0,0,0,0,0,0,0,0,1,0,0,1,0,0,0,0,0,0,0,1,0,0
CUS_0x909a,17283.9,1360.325,182,3,6,4,3,16,16.41,80,759.22,28.19699523313088,55.01570932761869,176.85159911682527,194.1651915555561,2024-02-01,2025-10-06 10:51:05.346,19,0,1,1,0,0,0,0,1,1,0,1,0,0,0,0,1,0,0,0,0,0,1,0,0,0
CUS_0x5a8b,41771.88,3337.99,3,6,1550,2,16,12,0.9400000000000004,70,2236.0,28.659319876756463,58.64897434147301,35.54140462770743,489.60862103081945,2024-02-01,2025-10-06 10:51:05.346,12,5,0,0,1,0,0,0,0,1,0,1,0,0,0,0,0,0,1,0,1,0,0,0,0,0
CUS_0x7701,48115.6,4287.633333333333,8,5,12,2,28,18,2.81,50,454.94,33.048463410774715,45.392163488128325,124.2680262254054,509.1031436197995,2024-02-01,2025-10-06 10:51:05.346,25,6,1,0,0,0,0,0,0,0,1,0,1,0,0,0,0,0,1,0,1,0,0,0,0,0
CUS_0xb967,33131.6,2770.9666666666667,2,6,8,0,2,10,11.49,0,724.78,28.36578632426581,0.0,108.1033164882432,448.99335017842344,2024-02-01,2025-10-06 10:51:05.346,27,9,0,0,0,0,0,0,0,0,0,0,1,0,0,1,0,0,0,0,0,0,0,1,0,0
CUS_0x15cc,9669.05,925.7541666666666,8,6,31,6,27,23,4.75,150,1626.12,32.38111701039556,44.19159101141758,49.238724934324026,289.14510072092514,2024-02-01,2025-10-06 10:51:05.346,9,10,0,1,1,1,1,0,0,0,1,1,0,0,0,0,0,1,0,0,0,0,1,0,0,0
CUS_0x54bf,7153.435,532.1195833333334,8,9,24,2,48,11,16.98,100,1272.77,31.306217960344423,7.05443635523817,68.34597181100146,267.8115501670937,2024-02-01,2025-10-06 10:51:05.346,14,2,0,0,0,1,0,0,0,0,0,1,0,0,0,0,1,0,0,0,0,0,1,0,0,0
CUS_0xa660,7895.565,911.96375,5,10,34,5,8,15,0.0,150,2659.39,33.771868099665106,26.66209872343164,23.409974545956008,281.1243017306124,2024-02-01,2025-10-06 10:51:05.346,19,4,0,1,0,0,1,1,0,0,0,1,0,0,0,0,1,0,0,0,0,1,0,0,0,0
CUS_0x2dca,14161.12,1284.0933333333337,10,7,24,6,25,25,23.19,120,3754.62,39.73871372069181,43.99615494074878,45.89528751803218,308.5178908745524,2024-02-01,2025-10-06 10:51:05.346,5,10,1,0,1,0,1,0,1,1,0,1,0,0,0,0,0,1,0,0,0,0,0,0,1,0
CUS_0x795b,19841.34,1680.445,10,8,22,5,16,21,28.44,120,4355.7,31.57084442179036,52.754122277335824,25.12230508875277,330.1680726339114,2024-02-01,2025-10-06 10:51:05.346,1,10,1,0,0,0,1,1,0,0,1,1,0,0,0,0,0,0,1,0,0,1,0,0,0,0
CUS_0x5287,19428.03,1809.0025,7,6,7,1,6,10,13.1,90,798.1,37.942740332092576,9.076122705270205,16.87001582604407,394.9541114686857,2024-02-01,2025-10-06 10:51:05.346,29,8,0,0,1,0,0,0,0,0,0,1,0,0,0,0,1,0,0,0,0,1,0,0,0,0
CUS_0x5fe3,81475.28,6865.606666666668,6,3,17,0,24,18,12.33,100,1271.12,37.58435376228847,47610.0,357.0876226514203,619.4730440152465,2024-02-01,2025-10-06 10:51:05.346,22,10,0,0,0,0,0,0,0,0,0,1,0,0,0,0,1,0,0,0,0,0,1,0,0,0
CUS_0x61d3,26178.22,2211.518333333333,5,5,7,7,26,13,8.36,40,834.87,40.62714255447476,95.03722924979527,197.98254105208457,218.13206303145347,2024-02-01,2025-10-06 10:51:05.346,18,9,1,1,1,1,1,0,0,0,0,1,0,0,0,0,1,0,0,0,0,0,1,0,0,0
CUS_0xb808,61711.89,5403.6575,6,6,5,2,21,14,14.46,70,464.0,30.65793706823301,68.57886737085119,306.5608475074196,435.2260351217293,2024-02-01,2025-10-06 10:51:05.346,5,10,0,0,0,0,0,0,1,1,0,1,0,0,0,0,0,0,1,0,0,0,0,0,1,0
CUS_0x3f5f,16808.35,1188.6958333333332,8,6,11,7,8,16,21.51,50,1330.72,28.702877355586747,64.87719124671851,122.85701806191345,221.13537402470132,2024-02-01,2025-10-06 10:51:05.346,20,0,0,1,1,0,0,0,1,1,1,1,0,0,0,0,1,0,0,0,0,0,1,0,0,0
