Customer_ID,Annual_Income,Monthly_Inhand_Salary,Num_Bank_Accounts,Num_Credit_Card,Interest_Rate,Num_of_Loan,Delay_from_due_date,Num_of_Delayed_Payment,Changed_Credit_Limit,Num_Credit_Inquiries,Outstanding_Debt,Credit_Utilization_Ratio,Total_EMI_per_month,Amount_invested_monthly,Monthly_Balance,snapshot_date,_ingested_at_utc,credit_history_age_year,credit_history_age_month,mortgage_loan,auto_loan,credit_builder_loan,personal_loan,not_specified,student_loan,home_equity_loan,payday_loan,debt_consolidation_loan,ohe__payment_of_min_amount__yes,ohe__payment_of_min_amount__no,ohe__payment_of_min_amount__nm,ohe__payment_of_min_amount__unknown,ohe__credit_mix__good,ohe__credit_mix__standard,ohe__credit_mix__bad,ohe__credit_mix__unknown,ohe__payment_behaviour__high_spent_small_value_payments,ohe__payment_behaviour__high_spent_medium_value_payments,ohe__payment_behaviour__high_spent_large_value_payments,ohe__payment_behaviour__low_spent_small_value_payments,ohe__payment_behaviour__low_spent_medium_value_payments,ohe__payment_behaviour__low_spent_large_value_payments,ohe__payment_behaviour__unknown
CUS_0x386c,88827.66,7456.305,3,1,4,0,0,8,11.16,0,1061.08,41.35302058025285,0.0,10000.0,902.2742291634028,2024-05-01,2025-10-06 10:51:36.43,15,11,0,0,0,0,0,0,0,0,0,0,1,0,0,1,0,0,0,0,0,1,0,0,0,0
CUS_0x61e0,100697.64,8649.47,8,7,16,1,9,13,19.19,60,1115.0,35.22761000666068,81935.0,574.2273065869582,482.2990056423152,2024-05-01,2025-10-06 10:51:36.43,21,4,0,0,0,0,1,0,0,0,0,0,0,0,0,0,1,0,0,0,0,0,0,0,1,0
CUS_0xa7d5,16595.94,1175.995,7,5,27,4,29,15,18.35,60,1747.16,28.56723331585673,40.69342045804145,81.28054358970799,275.6255359522506,2024-05-01,2025-10-06 10:51:36.43,7,2,0,1,1,0,0,1,1,0,0,1,0,0,0,0,1,0,0,0,0,0,0,1,0,0
CUS_0xba51,170751.96,14415.33,3,4,6,4,14,0,7.7799999999999985,70,1076.56,32.59321805960193,443.1054535943721,119.04221646469894,1119.385329940929,2024-05-01,2025-10-06 10:51:36.43,32,11,0,0,1,0,0,1,1,0,1,0,1,0,0,1,0,0,0,0,0,0,0,0,0,1
CUS_0x9117,34493.58,2997.465,1,5,6,0,14,12,4.92,0,953.17,39.03369563247158,0.0,118.16963033873905,441.5768696612609,2024-05-01,2025-10-06 10:51:36.43,32,8,0,0,0,0,0,0,0,0,0,0,1,0,0,1,0,0,0,1,0,0,0,0,0,0
CUS_0xb2bd,35566.44,3239.870000000001,6,8,32,6,20,11,10.59,120,2203.49,33.057230246159754,171.59050838028304,237.26196427135108,195.13452734836596,2024-05-01,2025-10-06 10:51:36.43,8,4,0,1,0,1,1,0,1,1,0,1,0,0,0,0,1,0,0,0,0,0,0,1,0,0
CUS_0xb89c,11919.42,1088.285,4,7,4,1,11,20,8.19,70,1073.98,25.80420659862309,9.882767305565991,76.18044391566313,312.76528877877087,2024-05-01,2025-10-06 10:51:36.43,17,9,0,0,0,0,1,0,0,0,0,0,1,0,0,1,0,0,0,0,0,0,1,0,0,0
CUS_0x4425,59788.89,5053.4075,9,9,20,7,41,25,18.13,100,3547.66,36.432540419418565,188.57871324909755,274.1835571537102,332.57847959719237,2024-05-01,2025-10-06 10:51:36.43,7,5,0,0,0,0,1,1,0,0,1,1,0,0,0,0,0,1,0,0,0,0,1,0,0,0
CUS_0xb19f,8884.825,869.4020833333334,3,5,9,3,14,10,8.71,110,446.31,36.44150549800441,20.760362400003125,59.65815871287254,286.5216872204577,2024-05-01,2025-10-06 10:51:36.43,15,10,0,0,0,1,1,0,0,0,1,1,0,0,0,0,1,0,0,0,0,0,0,1,0,0
CUS_0x6ba7,27223.1,2363.5916666666667,8,6,7,0,21,18,3.81,60,1373.38,33.704338444071354,0.0,22.71440807105463,453.64475859561213,2024-05-01,2025-10-06 10:51:36.43,16,8,0,0,0,0,0,0,0,0,0,0,1,0,0,1,0,0,0,0,0,1,0,0,0,0
CUS_0x32a9,37679.19,3348.932500000001,1,2,12,1,5,10,1.5099999999999998,10,771.0,39.96058564485414,18.552219155468364,41.675358381698494,514.6656724628332,2024-05-01,2025-10-06 10:51:36.43,22,3,0,0,0,0,1,0,0,0,0,0,0,0,0,0,0,0,1,0,0,1,0,0,0,0
CUS_0x679e,29258.69,2737.2241666666664,7,7,12,7,27,9,8.37,90,1285.35,39.65633934461783,164.08147131066943,44.61834738341399,315.02259797258324,2024-05-01,2025-10-06 10:51:36.43,13,0,1,0,1,0,0,0,0,1,1,1,0,0,0,0,1,0,0,0,1,0,0,0,0,0
CUS_0xaf1e,26420.21,2462.6841666666664,8,3,11,1,26,15,5.09,10,289.24,28.78023476014739,14.364049176623592,90.33698342895549,431.56738406108764,2024-05-01,2025-10-06 10:51:36.43,33,8,0,1,0,0,0,0,0,0,0,0,1,0,0,0,0,0,1,0,0,0,1,0,0,0
CUS_0xc7b,26135.86,2009.9883333333328,8,5,6,0,17,8,11.62,20,1233.42,28.07254618793568,33.711655740499914,223.7570319110228,233.5301456818106,2024-05-01,2025-10-06 10:51:36.43,27,4,1,0,1,0,0,0,0,0,0,1,0,0,0,0,1,0,0,0,0,0,1,0,0,0
CUS_0xac0c,63876.28,5325.0233333333335,6,5,27,5,35,23,17.51,160,3886.33,34.792819581401055,160.20431954657408,241.73299590885068,400.56501787790864,2024-05-01,2025-10-06 10:51:36.43,1,3,1,1,0,0,1,0,0,0,1,1,0,0,0,0,0,1,0,0,0,0,0,0,1,0
CUS_0x6e7,95745.88,7799.823333333334,7,6,18,3,15,13,10.17,80,738.41,35.024227138910014,142.28077091909554,497.30871765610664,410.39284475813133,2024-05-01,2025-10-06 10:51:36.43,21,5,0,0,0,0,0,1,0,1,0,1,0,0,0,0,0,0,1,0,0,0,0,0,1,0
CUS_0xaec2,17445.15,1239.5357096248335,7,9,26,3,44,10,19.76,120,2362.17,24.67002176414929,86.35931776778169,33.45101361334869,333.8927089940362,2024-05-01,2025-10-06 10:51:36.43,18,6,0,1,1,0,0,1,0,0,0,1,0,0,0,0,1,0,0,0,0,0,0,1,0,0
CUS_0x907d,29085.38,2200.7816666666668,3,5,16,4,30,12,15.71,40,328.7,27.39801903072754,88.0186284700699,203.91956697239732,218.13997122419946,2024-05-01,2025-10-06 10:51:36.43,25,2,1,1,0,0,0,0,1,1,0,1,0,0,0,0,1,0,0,0,0,0,1,0,0,0
CUS_0x1cb8,53003.18,4275.931666666666,6,6,6,4,16,15,2.84,40,1387.17,29.259960217438817,175.35445533670952,82.22125251078627,410.0174588191708,2024-05-01,2025-10-06 10:51:36.43,29,5,0,1,1,1,0,0,0,1,0,1,0,0,0,0,1,0,0,0,0,1,0,0,0,0
CUS_0x9346,93622.5,7975.875,3,7,2,0,4,2,6.99,40,142.09,41.297729967353774,0.0,745.1769704709512,977.1839241791677,2024-05-01,2025-10-06 10:51:36.43,26,10,0,0,0,0,0,0,0,0,0,0,0,0,0,1,0,0,0,0,0,0,0,0,0,1
CUS_0xa690,19852.32,1413.36,7,8,29,6,40,15,1.98,80,2625.27,34.77758255427813,52.93074342971981,185.1004308994456,193.3048256708346,2024-05-01,2025-10-06 10:51:36.43,16,4,0,1,1,1,0,0,0,1,1,1,0,0,0,0,0,1,0,0,0,0,0,0,0,1
CUS_0x3678,15984.15,1303.0125,5,7,34,7,25,14,15.77,110,1412.45,36.11814841468309,69.52726572195733,110.32498777596943,240.4489965020733,2024-05-01,2025-10-06 10:51:36.43,7,5,1,1,1,1,0,0,0,0,1,1,0,0,0,0,1,0,0,0,0,0,1,0,0,0
CUS_0x3cb6,107275.71,9188.6425,6,7,6,0,19,10,14.28,50,174.76,38.24964547021352,0.0,255.03963279106145,933.8246172089388,2024-05-01,2025-10-06 10:51:36.43,17,9,0,0,0,0,0,0,0,0,0,0,1,0,0,1,0,0,0,0,0,0,0,0,1,0
CUS_0x94bc,103345.12,7880.753238618135,3,6,14,5,17,12,12.52,60,100.7,23.387886720590465,817.9870256960498,808.6339871960478,13.828415156433266,2024-05-01,2025-10-06 10:51:36.43,6,9,1,0,0,0,0,1,1,0,1,0,0,0,0,0,0,0,1,0,0,0,0,1,0,0
CUS_0xb46f,14930.95,969.2458333333334,3,4,3,4,12,8,10.49,50,1326.75,33.465729519535124,25.21902008763336,97.98190940262722,253.7236538430728,2024-05-01,2025-10-06 10:51:36.43,17,2,0,0,1,0,0,1,0,0,1,0,0,0,0,1,0,0,0,0,0,0,0,1,0,0
CUS_0xbe49,35615.68,2677.973333333333,2,3,8,0,28,7,5.05,50,1448.89,23.98761428179405,0.0,105.01770604510841,422.77962728822496,2024-05-01,2025-10-06 10:51:36.43,29,2,0,0,0,0,0,0,0,0,0,0,1,0,0,1,0,0,0,1,0,0,0,0,0,0
CUS_0xc6bb,60889.08,4859.09,10,6,21,9,44,23,27.19,100,4198.06,37.34244091277768,336.8419981494883,195.5909628258609,203.47603902465082,2024-05-01,2025-10-06 10:51:36.43,10,9,0,0,1,1,1,1,1,1,1,1,0,0,0,0,0,1,0,0,1,0,0,0,0,0
CUS_0x31e0,131908.24,11162.353333333333,4,4,20,0,22,12,6.72,40,344.86,45.21627626212816,0.0,215.87156099882398,1140.3637723345093,2024-05-01,2025-10-06 10:51:36.43,21,5,0,0,0,0,0,0,0,0,0,0,0,0,0,0,1,0,0,0,0,1,0,0,0,0
CUS_0xb52b,20290.79,1477.2195384325278,6,8,23,5,39,23,17.81,100,2727.69,28.750565750855465,235.05439145343,106.88834651484613,252.52680693252967,2024-05-01,2025-10-06 10:51:36.43,11,10,1,1,0,1,1,1,0,0,0,1,0,0,0,0,0,0,1,0,0,0,0,0,1,0
CUS_0x1b55,67672.4,5878.366666666666,8,1029,27,5,32,24,0.5,100,1826.19,34.69234172303808,233.30062425741264,442.5540329040722,181.9820095051817,2024-05-01,2025-10-06 10:51:36.43,16,4,0,1,1,1,0,0,0,1,0,1,0,0,0,0,0,1,0,0,0,0,0,0,0,1
CUS_0x55d3,18474.665,1623.5554166666668,6,4,8,4,28,8,17.81,50,1070.85,31.696418626240863,41.77876669551781,152.1723408720496,258.40443409909926,2024-05-01,2025-10-06 10:51:36.43,27,3,1,1,0,0,1,1,0,0,0,1,0,0,0,0,1,0,0,0,0,0,1,0,0,0
CUS_0xbf4d,144469.36,11835.113333333333,1,5,5,1,19,0,3.52,40,361.73,37.12878596890781,95.04860774282392,591.451004349154,757.0117212413554,2024-05-01,2025-10-06 10:51:36.43,33,0,0,0,1,0,0,0,0,0,0,0,1,0,0,0,0,0,1,1,0,0,0,0,0,0
CUS_0x3ee5,78738.68,6583.556666666666,9,7,29,0,49,19,8.38,110,1738.0,36.7669845664395,97.01484552793929,227.321730818235,584.0190903204923,2024-05-01,2025-10-06 10:51:36.43,11,6,1,1,0,0,0,0,0,0,0,1,0,0,0,0,0,1,0,0,1,0,0,0,0,0
CUS_0x77fc,21172.98,1887.415,4,3,5,3,21,20,14.66,80,409.58,29.438017287668465,32.635401796310894,45.70524410830284,360.40085409538625,2024-05-01,2025-10-06 10:51:36.43,30,5,0,0,1,1,1,0,0,0,0,1,0,0,0,0,0,0,1,0,1,0,0,0,0,0
CUS_0x2c10,51715.68000000001,4529.64,8,8,15,7,22,24,28.99,110,3812.9,37.69605488746665,44387.0,184.19648971064805,350.2495634227725,2024-05-01,2025-10-06 10:51:36.43,8,6,0,1,0,1,1,1,1,0,0,1,0,0,0,0,0,1,0,0,1,0,0,0,0,0
CUS_0x640e,34107.42,3000.285,8,5,17,2,15,15,0.0,70,884.77,25.55286878892348,44.53855484382924,48.53566846279247,321.2613710584528,2024-05-01,2025-10-06 10:51:36.43,17,2,1,0,0,0,0,0,1,0,0,1,0,0,0,0,1,0,0,0,0,0,1,0,0,0
CUS_0x81f5,35626.75,2954.895833333333,4,7,13,3,11,9,13.09,90,1200.59,23.33326208871707,47.33271657209453,214.05331366726398,304.1035530939748,2024-05-01,2025-10-06 10:51:36.43,18,0,0,0,0,1,0,0,0,1,0,1,0,0,0,0,1,0,0,0,0,0,0,0,1,0
CUS_0x95f4,19863.68,1709.3066666666666,8,8,19,7,25,24,25.05,120,2555.9,36.85175455495789,88.53584479765499,19.54424947465753,302.8505723943542,2024-05-01,2025-10-06 10:51:36.43,2,2,1,0,0,0,1,1,1,0,1,1,0,0,0,0,0,1,0,0,0,1,0,0,0,0
CUS_0x230a,28587.29,2621.2741666666666,4,1,7,0,0,2,1.22,10,1496.38,28.10611882257154,0.0,123.20256314871656,408.9248535179501,2024-05-01,2025-10-06 10:51:36.43,24,9,0,0,0,0,0,0,0,0,0,0,1,0,0,1,0,0,0,0,0,0,0,0,1,0
CUS_0x6ced,19071.07,1887.2558333333327,7,6,20,4,44,27,7.06,130,1538.98,30.807983674194013,52.15717233704647,151.08892702400308,275.47948397228384,2024-05-01,2025-10-06 10:51:36.43,13,2,1,0,1,1,0,0,0,0,0,1,0,0,0,0,0,1,0,0,0,0,1,0,0,0
CUS_0x843,17912.65,1665.7208333333335,9,5,25,0,26,23,16.19,110,2822.13,27.846650639399517,57.04388305971095,47.4687548653409,312.05944540828153,2024-05-01,2025-10-06 10:51:36.43,7,0,0,0,1,1,1,0,0,1,1,1,0,0,0,0,0,0,1,0,0,0,0,0,0,1
CUS_0x9ed4,32493.04,2503.7533333333336,3,7,11,4,8,9,10.71,80,412.23,38.075222348678814,65.7564797724268,10000.0,234.1220739086231,2024-05-01,2025-10-06 10:51:36.43,27,11,1,0,0,1,0,0,0,1,0,0,1,0,0,1,0,0,0,0,0,0,0,0,1,0
CUS_0x26f2,9221.745,758.4787500000001,9,8,34,7,57,17,2.26,120,2546.6,38.7163032736015,51.10622347529139,40.39243009534373,264.3492214293649,2024-05-01,2025-10-06 10:51:36.43,7,9,0,1,1,1,0,1,1,1,0,1,0,0,0,0,0,0,1,0,0,0,0,0,0,1
CUS_0x910e,10943.535,931.96125,6,4,8,2,5,18,5.88,20,593.95,24.85943878459048,16.71590242996404,92.63047175970176,273.84975081033417,2024-05-01,2025-10-06 10:51:36.43,31,6,0,1,1,0,0,0,0,0,0,0,1,0,0,1,0,0,0,0,0,0,1,0,0,0
CUS_0xbd72,14850.16,976.5133333333332,7,3,5,4,24,19,9.51,110,543.37,26.9618029538542,34.17909352299577,78.07618235341985,265.39605745691773,2024-05-01,2025-10-06 10:51:36.43,6,6,1,0,0,0,0,0,0,0,1,0,0,0,0,0,0,0,1,0,0,0,0,1,0,0
CUS_0x8b6d,102594.9,8391.575,3,4,11,0,5,12,1.82,50,416.11,44.28607890430968,0.0,129.4325765423929,949.7249234576072,2024-05-01,2025-10-06 10:51:36.43,19,3,0,0,0,0,0,0,0,0,0,0,1,0,0,0,1,0,0,0,0,1,0,0,0,0
CUS_0x8c9e,29367.88,2094.1634016759303,4,6,6,2,23,8,17.15,40,1392.93,31.351549309589103,55092.0,50.21496085128092,400.07193494433295,2024-05-01,2025-10-06 10:51:36.43,19,3,0,0,0,0,0,0,0,1,0,1,0,0,0,0,1,0,0,0,1,0,0,0,0,0
CUS_0xaed9,97566.81,8327.567500000001,0,3,6,3,0,4,3.68,20,523.21,28.542224264261627,203.4421694694717,194.50809282172864,674.8064877087999,2024-05-01,2025-10-06 10:51:36.43,25,4,0,1,0,0,1,1,0,0,0,0,1,0,0,1,0,0,0,0,0,1,0,0,0,0
CUS_0x9976,31182.38,2569.5316666666668,10,7,33,7,40,17,7.87,90,2525.66,28.887874535864118,181.57283440723816,84.46069883872755,240.91963342070096,2024-05-01,2025-10-06 10:51:36.43,16,8,0,1,0,1,1,1,0,1,1,1,0,0,0,0,1,0,0,0,1,0,0,0,0,0
CUS_0xa022,29727.93,2678.3275,6,6,14,1,25,13,11.87,80,1237.42,23.704902682951584,12.908511124600595,53.7503396071009,451.1738992682983,2024-05-01,2025-10-06 10:51:36.43,29,6,0,0,0,0,1,0,0,0,0,1,0,0,0,0,1,0,0,0,0,0,0,0,0,1
CUS_0x5bcb,115484.2,9403.683333333332,5,6,5,0,2,6,1.6399999999999997,30,715.73,39.39372233427113,0.0,783.1490121653823,427.21932116795114,2024-05-01,2025-10-06 10:51:36.43,19,2,0,0,0,0,0,0,0,0,0,0,1,0,0,1,0,0,0,0,0,0,0,0,1,0
CUS_0x67bb,86567.96,6326.657281117846,3,7,1,1,15,10,0.8700000000000001,20,921.87,29.182093452754327,698.5065572181737,50.77970851077567,820.0527864865393,2024-05-01,2025-10-06 10:51:36.43,24,11,0,0,0,0,0,0,0,0,1,0,1,0,0,1,0,0,0,0,0,1,0,0,0,0
CUS_0x848d,143469.16,11690.763333333334,4,1172,10,0,19,19,7.94,50,790.97,34.69545494687287,0.0,102.40519885545116,1306.6711344778826,2024-05-01,2025-10-06 10:51:36.43,27,6,0,0,0,0,0,0,0,0,0,1,0,0,0,0,1,0,0,0,0,1,0,0,0,0
CUS_0xb3c4,10299.565,712.2970833333335,5,9,28,2,19,19,8.5,80,1710.58,27.033317377609706,8.724970589613072,69.00079643383125,283.503941309889,2024-05-01,2025-10-06 10:51:36.43,15,2,0,1,0,0,1,0,0,0,0,1,0,0,0,0,1,0,0,0,0,0,1,0,0,0
CUS_0x641e,16799.32,1216.9433333333334,10,9,33,6,21,16,25.87,110,4014.35,23.694490702471217,73.97358727607158,41.53764778947665,296.0291139197365,2024-05-01,2025-10-06 10:51:36.43,6,4,1,0,0,0,1,0,0,0,1,1,0,0,0,0,0,1,0,0,0,0,1,0,0,0
CUS_0x830e,107451.03,9204.2525,0,5,11,1,7,10,14.34,30,671.46,33.69260550019996,68.48670349412913,307.68659444146334,824.2519520644076,2024-05-01,2025-10-06 10:51:36.43,27,2,0,0,0,0,0,0,0,1,0,0,0,0,0,1,0,0,0,0,0,0,0,1,0,0
CUS_0xc187,19223.44,1476.9533333333331,5,5,28,7,28,10,7.56,80,1639.82,27.23467477190584,63.98582890305908,22.393775678849842,301.3157287514244,2024-05-01,2025-10-06 10:51:36.43,13,4,1,1,1,1,0,0,1,1,0,1,0,0,0,0,1,0,0,0,0,1,0,0,0,0
CUS_0x3e92,23029.61,1981.671966881406,4,5,3,4,28,17,0.88,40,424.17,38.53837805214743,100.0204572087236,30.44971300527792,375.40544623792573,2024-05-01,2025-10-06 10:51:36.43,29,4,0,1,0,1,0,0,0,0,0,0,0,0,0,1,0,0,0,0,1,0,0,0,0,0
CUS_0x419a,63851.24,5328.9366666666665,8,4,19,2,13,18,8.94,70,2061.5,27.680716431287657,78.33983613533862,198.95505243982967,505.5987780914984,2024-05-01,2025-10-06 10:51:36.43,12,5,0,1,0,0,0,0,0,0,1,1,0,0,0,0,1,0,0,0,1,0,0,0,0,0
CUS_0x55a1,21412.855,1708.4045833333332,5,4,7,2,0,7,11.76,30,107.79,28.50983748052252,21.292806879781825,137.41627987323713,282.13137158031435,2024-05-01,2025-10-06 10:51:36.43,25,9,1,0,0,0,0,0,1,0,0,0,1,0,0,1,0,0,0,0,0,0,0,0,0,1
CUS_0xbd4a,112990.08,9349.84,8,4,9,4,13,14,15.19,40,992.89,34.59019771892644,360.3414703285484,572.2231863500175,282.41934332143416,2024-05-01,2025-10-06 10:51:36.43,31,4,1,0,0,0,1,0,1,0,0,1,0,0,0,0,1,0,0,0,0,0,0,1,0,0
CUS_0x1e84,65937.12,5465.759999999998,5,5,12,2,24,13,8.46,20,1256.89,37.343552153038274,87.37564919357271,105.91464139052906,603.2857094158983,2024-05-01,2025-10-06 10:51:36.43,32,9,0,1,0,0,0,0,0,1,0,0,1,0,0,0,0,0,1,0,1,0,0,0,0,0
CUS_0x4d26,20978.49,1853.2075,6,10,20,3,29,10,12.32,100,2305.13,38.654773598295606,28.45284753399817,95.11340117012155,331.75450129588035,2024-05-01,2025-10-06 10:51:36.43,8,2,1,0,1,0,0,0,0,0,1,1,0,0,0,0,1,0,0,0,0,0,0,0,1,0
CUS_0x2452,65806.24,5626.8533333333335,4,7,20,7,10,18,12.26,110,2301.51,35.6003132933179,229.42222037991684,477.5910083805902,135.6721045728263,2024-05-01,2025-10-06 10:51:36.43,11,9,1,0,0,0,1,0,1,1,1,1,0,0,0,0,1,0,0,0,0,0,0,1,0,0
CUS_0x67b5,42918.75,3295.5625,0,5,2,2,15,6,2.75,30,370.57,33.04853087053507,55.24293910142214,10000.0,391.92814615949266,2024-05-01,2025-10-06 10:51:36.43,23,9,0,0,0,1,0,0,0,1,0,0,1,0,0,1,0,0,0,0,1,0,0,0,0,0
CUS_0x8a0f,83703.52,6955.293333333334,6,9,27,8,26,17,28.02,100,4525.08,25.27080549298297,363.23731168748384,443.08066547403166,179.21135617181798,2024-05-01,2025-10-06 10:51:36.43,10,11,0,1,1,1,1,1,1,1,0,1,0,0,0,0,0,1,0,0,0,0,1,0,0,0
CUS_0xbcdf,68721.08,5560.756666666667,5,7,4,1,9,12,8.55,70,130.89,33.794269949645745,47.835726216524,181.65170215815843,586.5882382919842,2024-05-01,2025-10-06 10:51:36.43,23,4,0,0,0,0,0,0,1,0,0,0,1,0,0,1,0,0,0,1,0,0,0,0,0,0
CUS_0x6eb9,16533.7,1095.8083333333334,7,6,33,7,33,19,28.15,110,3707.41,33.203743290811296,78.55521572824148,46.763062002830374,274.2625556022615,2024-05-01,2025-10-06 10:51:36.43,7,10,0,0,0,0,1,1,1,1,0,1,0,0,0,0,0,0,1,0,0,0,1,0,0,0
CUS_0xc3ad,7168.48,556.3733333333333,7,8,20,8,57,17,6.31,90,2673.71,36.46261255387272,24855.0,39.72331792580263,259.96944278079263,2024-05-01,2025-10-06 10:51:36.43,12,6,1,1,1,1,1,0,1,1,0,1,0,0,0,0,0,1,0,0,0,0,1,0,0,0
CUS_0xc5d1,33029.66,2766.471666666667,8,10,18,4,43,15,12.66,160,2000.96,22.676199711135816,76.87655994683209,93.44631347464134,376.32429324519325,2024-05-01,2025-10-06 10:51:36.43,17,4,1,0,0,1,0,1,0,0,1,1,0,0,0,0,0,0,1,0,0,0,0,0,1,0
CUS_0x122f,18231.52,1448.293333333333,6,1375,15,9,35,17,1.83,70,1358.96,34.00302836545173,86.60864700923113,102.26056639522305,245.96011992887915,2024-05-01,2025-10-06 10:51:36.43,15,5,0,1,0,0,1,1,0,1,1,1,0,0,0,0,0,0,1,0,0,0,1,0,0,0
CUS_0x3def,43360.74,3647.395,2,6,12,2,4,8,1.56,60,287.65,26.54425074441404,57.6589505006376,100.00126468648922,457.07928481287314,2024-05-01,2025-10-06 10:51:36.43,30,11,0,0,1,0,0,1,0,0,0,0,1,0,0,0,0,0,1,0,1,0,0,0,0,0
CUS_0x62f8,16895.24,1509.936666666667,0,7,9,3,25,6,3.69,0,1087.34,30.553920538905487,29.26888574479901,93.86142548837688,317.8633554334908,2024-05-01,2025-10-06 10:51:36.43,18,10,0,0,0,0,0,0,0,1,1,0,1,0,0,1,0,0,0,0,0,0,1,0,0,0
CUS_0x3e83,33857.41,2683.4508333333342,3,3,20,4,25,19,17.52,50,899.22,27.68618342632008,89.43153713789715,68.12073934975346,380.79280684568283,2024-05-01,2025-10-06 10:51:36.43,18,2,0,0,1,0,1,0,1,1,0,0,0,0,0,0,0,0,1,0,0,0,0,0,1,0
CUS_0x42a5,15191.03,1523.9191666666668,6,6,20,5,31,8,9.34,110,1424.06,22.0096747033376,48.626658102749126,33.223459534685766,320.54179902923175,2024-05-01,2025-10-06 10:51:36.43,16,9,0,0,0,0,1,1,0,1,1,1,0,0,0,0,1,0,0,0,1,0,0,0,0,0
CUS_0xb8d3,30061.36,2480.113333333333,5,6,7,2,15,19,13.28,40,242.47,28.84525839859244,37.38493719894231,151.48142315121146,339.1449729831796,2024-05-01,2025-10-06 10:51:36.43,26,8,0,0,0,0,0,0,1,0,1,1,0,0,0,0,1,0,0,0,0,0,0,1,0,0
CUS_0xb62c,27880.82,2145.401666666666,4,5,20,4,15,11,8.01,100,1499.92,28.84587443505959,51.06157152731232,115.20932881292448,338.2692663264299,2024-05-01,2025-10-06 10:51:36.43,16,2,0,0,0,0,1,1,0,0,1,0,0,0,0,0,0,0,1,0,0,0,1,0,0,0
CUS_0x1a5c,10585.1,590.0916666666667,8,4,6,4,27,8,8.85,50,0.56,31.225150971385283,29.541637370666265,31.411403408559643,288.05612588744077,2024-05-01,2025-10-06 10:51:36.43,13,0,0,1,0,1,0,0,0,1,0,1,0,0,0,0,1,0,0,0,0,0,1,0,0,0
CUS_0x2811,19328.71,1480.7258333333332,3,5,2,2,7,4,7.27,30,160.03,30.87102941176155,25.87483029223768,57.89038239962823,314.30737064146734,2024-05-01,2025-10-06 10:51:36.43,17,3,0,0,1,0,0,1,0,0,0,0,1,0,0,1,0,0,0,0,1,0,0,0,0,0
CUS_0x2f78,90409.32,7758.11,7,5,9,4,30,13,2.17,50,352.83,30.16656240128373,167.030738002733,639.5224950680757,239.25776692919132,2024-05-01,2025-10-06 10:51:36.43,22,10,1,0,0,0,1,0,0,1,0,1,0,0,0,0,1,0,0,0,0,0,0,0,1,0
CUS_0x43a4,14530.755,1184.89625,8,7,7,4,13,8,12.69,60,1279.24,35.73809647104901,28.4109397988362,11.503000903785672,318.57568429737813,2024-05-01,2025-10-06 10:51:36.43,29,4,1,1,0,1,0,0,0,0,0,1,0,0,0,0,1,0,0,0,0,0,0,0,0,1
CUS_0x89ab,105910.08,8876.84,6,5,18,3,22,15,9.67,80,1300.88,28.91939981461224,241.7943760300149,606.9872583802228,318.90236558976244,2024-05-01,2025-10-06 10:51:36.43,10,4,0,1,0,0,0,1,0,0,1,0,0,0,0,0,1,0,0,0,0,0,0,1,0,0
CUS_0x3d7e,68173.92,5948.16,6,10,32,5,33,17,25.49,110,3117.01,24.85901263636167,144.37436119004283,483.56251520363475,256.87912360632254,2024-05-01,2025-10-06 10:51:36.43,6,6,1,0,1,0,0,0,0,1,0,1,0,0,0,0,0,1,0,0,0,0,1,0,0,0
CUS_0x4f07,26460.7,2295.058333333333,6,6,10,4,16,19,16.21,50,1378.46,29.04432355520585,49.03625746800107,299.2987504679932,171.17082539733906,2024-05-01,2025-10-06 10:51:36.43,31,0,0,0,0,1,0,1,1,1,0,1,0,0,0,0,1,0,0,0,0,0,1,0,0,0
CUS_0x9853,132897.24,11193.77,3,5,7,1,8,1,11.35,40,1473.37,30.845778071752807,67.30924983408644,149.27781658310408,1152.7899335828095,2024-05-01,2025-10-06 10:51:36.43,33,3,0,0,0,0,1,0,0,0,0,0,1,0,0,1,0,0,0,0,0,0,0,0,0,1
CUS_0x1f70,90074.64,7233.22,0,7,9,3,1,11,11.12,70,1454.14,32.79436823665709,132.1107031980545,220.080283414916,621.1310133870297,2024-05-01,2025-10-06 10:51:36.43,20,2,1,0,0,0,0,1,0,0,0,0,1,0,0,1,0,0,0,0,1,0,0,0,0,0
CUS_0x9f8a,8361.59,640.7991666666667,10,7,33,7,24,19,9.35,60,1883.47,35.019042824916006,27.87815482158329,10000.0,280.29032836573515,2024-05-01,2025-10-06 10:51:36.43,17,11,1,0,1,1,1,0,0,1,1,1,0,0,0,0,0,0,1,0,0,0,1,0,0,0
CUS_0xa4e2,125905.84,10306.153333333334,6,4,18,1,16,8,20.72,30,1416.79,35.019157712081764,81.12026027517106,593.1075340700831,646.3875389880792,2024-05-01,2025-10-06 10:51:36.43,18,6,0,0,0,0,1,0,0,0,0,1,0,0,0,0,0,0,1,0,0,0,1,0,0,0
CUS_0x453d,159327.84,13543.32,3,6,12,4,8,6,8.34,10,803.43,40.38465725803896,443.6757809360507,198.3281768601753,952.328042203774,2024-05-01,2025-10-06 10:51:36.43,17,9,0,1,0,1,0,0,1,0,1,0,1,0,0,1,0,0,0,0,0,1,0,0,0,0
CUS_0x63b7,10095.545,755.2954166666667,5,3,13,4,31,17,2.26,10,1205.77,31.40808515540755,20.02483324678473,69.59370345411628,265.9110049657657,2024-05-01,2025-10-06 10:51:36.43,30,8,1,0,1,0,0,0,0,1,0,0,1,0,0,0,1,0,0,0,0,0,0,1,0,0
CUS_0xa2df,8905.45,487.1208333333333,9,10,23,6,27,14,16.15,110,1794.51,30.169576509171897,34.941821203543604,16.213618541598667,247.55664358819104,2024-05-01,2025-10-06 10:51:36.43,14,10,1,0,1,0,0,0,1,1,1,1,0,0,0,0,0,0,1,0,1,0,0,0,0,0
CUS_0xaf39,19879.05,1464.5875,4,4,12,0,25,12,11.03,70,1013.71,38.003650897360615,0.0,10000.0,249.68101767043711,2024-05-01,2025-10-06 10:51:36.43,19,2,0,0,0,0,0,0,0,0,0,0,1,0,0,0,1,0,0,0,0,0,1,0,0,0
CUS_0xba67,24795.16,1807.263333333333,8,6,20,0,27,9,6.26,0,664.38,32.326778115056115,0.0,52.01965000077849,398.70668333255486,2024-05-01,2025-10-06 10:51:36.43,27,10,0,0,0,0,0,0,0,0,0,0,1,0,0,0,0,0,1,0,0,0,0,0,1,0
CUS_0x289b,17153.69,1206.4741666666666,6,8,22,3,58,24,11.78,140,1757.24,24.309713114166136,58051.0,10000.0,247.4411731529113,2024-05-01,2025-10-06 10:51:36.43,19,6,0,0,1,0,0,0,1,1,0,1,0,0,0,0,0,1,0,0,0,0,1,0,0,0
CUS_0x6b56,9667.645,950.6370833333334,6,5,26,9,24,19,17.37,110,2704.28,36.98989042762491,68.56040389657137,70.08376333264003,236.41954110412198,2024-05-01,2025-10-06 10:51:36.43,13,5,1,1,1,1,0,1,1,0,0,0,0,0,0,0,0,1,0,0,0,0,0,1,0,0
CUS_0x44ec,162144.64,13743.053333333335,1,6,5,1,22,7,5.02,50,80.76,47.17844594079932,117.65868074928473,240.31947222738015,1276.3271803566688,2024-05-01,2025-10-06 10:51:36.43,17,5,0,0,0,0,1,0,0,0,0,0,1,0,0,1,0,0,0,1,0,0,0,0,0,0
CUS_0xa088,32012.57,2623.714166666666,4,7,20,1,28,16,13.81,50,87.33,32.04416690522328,19.87326285917023,10000.0,404.9549231971926,2024-05-01,2025-10-06 10:51:36.43,32,10,0,0,0,1,0,0,0,0,0,1,0,0,0,0,0,0,1,0,0,0,1,0,0,0
CUS_0xae14,15137.3,1303.4416666666666,8,5,32,6,26,13,15.7,160,1896.03,33.8570968034639,59.76126725009346,71.58370086910902,288.9991985474642,2024-05-01,2025-10-06 10:51:36.43,17,3,0,1,1,1,1,0,0,0,0,1,0,0,0,0,0,0,1,0,0,0,1,0,0,0
CUS_0x69a9,97640.4,8034.7,5,7,6,4,19,14,9.86,40,80.5,25.91202307717459,259.8059368695418,356.4875127119888,467.17655041846945,2024-05-01,2025-10-06 10:51:36.43,11,5,0,1,1,0,0,1,0,0,0,1,0,0,0,0,1,0,0,0,0,0,0,1,0,0
CUS_0x7e25,15833.87,1398.489166666667,5,4,10,2,30,20,13.71,60,211.35,27.449368833756427,23.14444966214418,70.08106467609645,336.62340232842604,2024-05-01,2025-10-06 10:51:36.43,13,3,0,0,1,0,0,0,1,0,0,1,0,0,0,0,1,0,0,0,0,0,1,0,0,0
CUS_0x9bb4,59247.0,4782.25,8,3,18,5,29,13,7.34,140,1406.53,39.27412167855619,241.9696720134679,295.58167358088923,230.67365440564288,2024-05-01,2025-10-06 10:51:36.43,19,5,1,1,0,1,1,0,0,0,1,0,0,0,0,0,0,0,1,0,0,0,1,0,0,0
CUS_0x22e5,95267.49,7974.9575,6,5,13,2,17,13,4.98,50,586.28,33.64859620568589,113.31952739448973,93.14698123175732,831.029241373753,2024-05-01,2025-10-06 10:51:36.43,24,9,0,0,0,0,0,1,0,1,0,0,1,0,0,0,1,0,0,0,0,1,0,0,0,0
CUS_0x7546,11866.345,984.8620833333332,7,7,20,1,17,22,17.73,60,276.34,38.18742593887183,8.367989377877612,86.7433629290619,273.3748560263938,2024-05-01,2025-10-06 10:51:36.43,24,8,0,0,1,0,0,0,0,0,0,1,0,0,0,0,1,0,0,0,0,0,0,0,1,0
CUS_0x7a50,170374.76,14176.896666666667,5,2,5,3,13,8,2.98,10,179.42,33.39979718264062,281.63145042133925,252.17019933069008,1133.8880169146375,2024-05-01,2025-10-06 10:51:36.43,18,2,1,0,0,0,0,1,1,0,0,0,1,0,0,0,0,0,1,0,1,0,0,0,0,0
CUS_0x648c,75305.44,6427.453333333334,9,7,34,7,53,27,19.8,130,3517.23,22.63292195876357,434.13007255784106,508.415784017875,301.44635669821696,2024-05-01,2025-10-06 10:51:36.43,12,11,1,1,0,1,1,1,0,0,0,1,0,0,0,0,0,1,0,0,0,0,0,1,0,0
CUS_0x2a57,9592.415,440.0408798729257,3,4,9,3,27,19,0.0,40,754.55,38.09255210856568,74.70271356166579,11.218797305950387,286.64231759279136,2024-05-01,2025-10-06 10:51:36.43,24,8,0,0,0,0,1,0,1,1,0,0,1,0,0,1,0,0,0,1,0,0,0,0,0,0
CUS_0x3716,78937.1,6605.091666666667,3,7,7,4,9,7,6.05,70,520.56,36.6058341427004,174.41634376694446,105.0306673626262,621.062155537096,2024-05-01,2025-10-06 10:51:36.43,32,2,1,0,0,0,0,0,1,1,0,0,0,0,0,1,0,0,0,0,0,1,0,0,0,0
CUS_0xb585,16253.0,1620.416666666667,8,570,24,9,30,16,7.54,60,1467.62,29.552332506606213,75.13662168225113,64.90054313813687,302.0045018462787,2024-05-01,2025-10-06 10:51:36.43,16,3,0,1,1,0,0,0,1,1,1,1,0,0,0,0,0,1,0,0,0,0,0,0,0,1
CUS_0x2984,20855.32,2015.9433333333327,5,7,20,0,24,14,19.38,50,57.51,40.63180929485628,0.0,52.64286467396762,408.9514686593657,2024-05-01,2025-10-06 10:51:36.43,28,5,0,0,0,0,0,0,0,0,0,1,0,0,0,0,0,0,1,1,0,0,0,0,0,0
CUS_0x3f37,44620.44,3496.370000000001,0,5,12,2,0,11,4.57,50,286.9,35.067978936008075,50.78830522662874,55.606797387011426,493.24189738636,2024-05-01,2025-10-06 10:51:36.43,26,8,0,0,0,0,1,0,0,0,0,0,1,0,0,1,0,0,0,0,1,0,0,0,0,0
CUS_0x61d5,66979.76,5398.6466666666665,6,10,21,0,27,16,0.78,120,1966.61,36.93330544628692,96.26557190203152,10000.0,558.1731650634167,2024-05-01,2025-10-06 10:51:36.43,11,5,1,0,0,0,1,0,0,0,0,1,0,0,0,0,0,1,0,0,1,0,0,0,0,0
CUS_0x6282,12859.76,1133.6466666666668,4,7,20,4,28,14,11.09,30,531.26,38.66702304650229,30.99969077692539,124.65392053897794,247.71105535076333,2024-05-01,2025-10-06 10:51:36.43,29,8,0,0,0,1,1,0,1,0,0,0,1,0,0,0,1,0,0,0,0,0,1,0,0,0
CUS_0xa014,168491.44,13884.953333333331,4,4,12,0,7,7,1.35,70,332.39,47.08748271580666,0.0,141.75831324696026,1344.9848611442644,2024-05-01,2025-10-06 10:51:36.43,27,10,0,0,0,0,0,0,0,0,0,0,0,0,0,1,0,0,0,0,0,1,0,0,0,0
CUS_0xaa93,18314.09,1779.174166666667,6,6,34,4,19,9,12.5,60,1865.26,35.869624945441544,38.43049906347612,70.80409630241684,358.6828213007737,2024-05-01,2025-10-06 10:51:36.43,11,3,1,1,1,0,0,0,0,0,1,1,0,0,0,0,0,0,1,0,0,0,1,0,0,0
CUS_0x82d,8167.74,771.645,9,10,19,5,44,17,24.7,110,4335.7,35.936704650480266,23.129363881810598,73.01020130710859,271.0249348110808,2024-05-01,2025-10-06 10:51:36.43,8,5,0,0,1,1,0,1,0,1,0,1,0,0,0,0,0,1,0,0,0,0,1,0,0,0
CUS_0x7925,30951.64,2291.3033333333333,9,5,26,0,32,21,6.34,100,4972.87,29.87402678366977,103.03004123888029,169.9164362853311,246.18385580912198,2024-05-01,2025-10-06 10:51:36.43,9,8,1,0,1,1,0,1,1,0,0,1,0,0,0,0,0,1,0,0,0,0,1,0,0,0
CUS_0x240e,27476.99,2301.749166666667,7,4,20,4,15,13,12.8,70,566.21,27.82606730656361,73.4785381922064,42.95200444882333,363.7443740256369,2024-05-01,2025-10-06 10:51:36.43,22,9,1,0,1,0,1,0,1,0,0,1,0,0,0,0,0,0,1,0,1,0,0,0,0,0
CUS_0x399d,56285.44,4990.453333333334,5,929,12,0,10,7,1.25,50,29.18,41.52688304717415,106.76419855452696,105.45858654666347,526.8225482321428,2024-05-01,2025-10-06 10:51:36.43,21,9,0,0,1,1,0,0,0,0,0,0,1,0,0,1,0,0,0,0,0,1,0,0,0,0
CUS_0x7982,73355.38,6136.948333333334,3,7,12,1,16,14,11.56,70,998.81,32.25803712460284,36.42229863478497,75.0172715666721,742.2552631318762,2024-05-01,2025-10-06 10:51:36.43,28,6,0,0,1,0,0,0,0,0,0,0,1,0,0,0,1,0,0,0,0,1,0,0,0,0
CUS_0xa91f,134327.56,11411.963333333331,4,6,13,2,1,18,11.11,10,1077.5,40.04215776593991,187.67681271061744,667.4800585259231,576.0394620967927,2024-05-01,2025-10-06 10:51:36.43,27,6,0,0,0,1,0,0,0,0,0,0,1,0,0,0,0,0,1,0,0,0,1,0,0,0
CUS_0x2d1a,93451.41,7802.6175,3,7,15,2,20,18,7.98,0,1048.87,29.28487558636654,121.47913614776014,202.56044257569755,696.2221712765423,2024-05-01,2025-10-06 10:51:36.43,26,4,0,0,0,0,0,1,1,0,0,0,1,0,0,0,1,0,0,0,0,1,0,0,0,0
CUS_0xb2cc,14672.87,1281.7391666666667,9,10,28,4,33,12,16.81,140,2174.83,25.03854584311364,48.66960492951393,72.59753864979893,296.9067730873538,2024-05-01,2025-10-06 10:51:36.43,13,11,1,0,0,0,0,0,1,1,1,1,0,0,0,0,0,0,1,0,0,0,1,0,0,0
CUS_0x4683,108734.13,8077.402365237668,5,6,9,2,21,11,18.89,120,1105.29,38.60345642862772,910.3314912425516,279.4210560553346,732.6403374644457,2024-05-01,2025-10-06 10:51:36.43,20,5,0,0,0,0,0,0,0,1,1,0,0,0,0,0,1,0,0,0,0,0,0,1,0,0
CUS_0x17e5,28027.52,2046.6266666666663,6,6,19,5,32,17,9.18,90,1438.18,29.15784511113565,58.88247459842248,101.71900747219765,334.0611845960465,2024-05-01,2025-10-06 10:51:36.43,14,9,1,0,0,0,1,0,1,1,0,1,0,0,0,0,0,1,0,0,0,0,1,0,0,0
CUS_0x6698,168878.08,14302.173333333332,5,5,6,1,23,5,4.7,60,700.71,38.52621425429972,98.71209749198584,348.9771652924643,1135.4551382742893,2024-05-01,2025-10-06 10:51:36.43,28,5,0,0,1,0,0,0,0,0,0,0,0,0,0,0,0,0,1,0,1,0,0,0,0,0
CUS_0xb36c,67413.2,5824.766666666666,9,10,16,4,47,11,16.18,160,1663.58,33.015742311707264,178.85076212191186,243.4437480654256,410.18215647932925,2024-05-01,2025-10-06 10:51:36.43,13,5,1,0,0,0,0,0,0,0,0,1,0,0,0,0,1,0,0,0,1,0,0,0,0,0
CUS_0xb594,9106.91,892.9091666666667,7,7,19,0,28,21,28.98,140,3030.75,29.562756963098263,46.58308962959864,42.32322234541697,290.38460469165113,2024-05-01,2025-10-06 10:51:36.43,0,8,0,1,1,1,0,0,1,1,1,0,0,0,0,0,0,1,0,0,0,0,1,0,0,0
CUS_0xa8c0,60148.65,4970.3875,7,7,19,6,7,14,18.52,80,903.86,34.629292139564164,216.36727337578472,254.70785187869126,315.96362474552404,2024-05-01,2025-10-06 10:51:36.43,19,10,0,0,0,1,1,1,1,1,0,1,0,0,0,0,1,0,0,0,0,0,1,0,0,0
CUS_0x2e4c,37679.14,3267.9283333333333,10,6,17,5,34,18,22.42,70,4857.87,37.19475780280438,95.41117062152838,69.38248207150116,421.99918064030396,2024-05-01,2025-10-06 10:51:36.43,10,9,1,1,0,0,0,0,0,1,0,1,0,0,0,0,0,1,0,1,0,0,0,0,0,0
CUS_0x6156,31729.38,2715.115,2,5,3,4,1,1,8.24,60,1221.11,35.66675307712578,95.75852837894756,71.94990273852818,353.80306888252426,2024-05-01,2025-10-06 10:51:36.43,20,0,1,0,0,1,0,0,0,1,1,0,1,0,0,0,0,0,1,0,1,0,0,0,0,0
CUS_0x8318,10190.065,845.1720833333335,8,7,11,5,6,16,10.19,100,962.78,31.76684474300373,22.548002795666605,105.29235551278299,246.67685002488372,2024-05-01,2025-10-06 10:51:36.43,8,2,0,0,1,1,0,1,0,1,0,0,0,0,0,0,0,0,1,0,0,0,1,0,0,0
CUS_0xa5a0,33000.46,2772.038333333333,8,4,10,4,11,14,23.23,0,33.61,33.179543331402016,57.890103252137024,370.02327410077453,139.29045598042168,2024-05-01,2025-10-06 10:51:36.43,29,6,0,0,1,0,0,1,0,0,0,1,0,0,0,0,1,0,0,0,0,0,1,0,0,0
CUS_0x128f,75816.52,6291.043333333334,6,9,22,5,20,25,27.85,90,2555.9,30.813631817618536,158.16377910521788,73.05451259749084,637.8860416306247,2024-05-01,2025-10-06 10:51:36.43,6,2,1,0,0,0,1,1,1,0,0,1,0,0,0,0,0,0,1,0,0,0,0,0,0,1
CUS_0x32ce,62050.89,5386.9075,8,7,22,7,18,23,9.95,130,4293.32,25.80109763519901,286.9592209872785,119.08402219065613,382.6475068220655,2024-05-01,2025-10-06 10:51:36.43,6,0,0,0,1,1,0,1,1,0,0,0,0,0,0,0,0,1,0,0,1,0,0,0,0,0
CUS_0xbbcf,49187.06999999999,3823.9225,6,6,25,6,31,12,12.04,70,1357.26,38.61469449584506,198.6083323566276,100.40086744718569,333.38305019618673,2024-05-01,2025-10-06 10:51:36.43,17,8,0,1,1,1,1,0,0,1,0,0,0,0,0,0,1,0,0,0,1,0,0,0,0,0
CUS_0x2040,10287.56,788.2966666666665,5,5,21,4,15,23,10.66,40,2698.94,36.6143619201832,32.83336911729712,71.00567120617356,264.99062634319597,2024-05-01,2025-10-06 10:51:36.43,9,10,0,1,0,0,1,1,1,0,0,1,0,0,0,0,0,0,1,0,0,0,1,0,0,0
CUS_0x5fc5,122161.96,10153.163333333334,7,5,15,4,7,20,14.15,70,1316.32,28.560652317896267,278.85217122399047,400.70490851780664,605.7592535915364,2024-05-01,2025-10-06 10:51:36.43,14,8,1,0,0,0,0,1,0,1,0,1,0,0,0,0,1,0,0,0,0,0,0,0,1,0
CUS_0x2477,45404.4,3821.7,9,8,22,7,55,20,17.83,110,2313.6,28.74246568259388,195.24028829542408,211.33397503327262,265.5957366713033,2024-05-01,2025-10-06 10:51:36.43,15,10,0,1,1,1,0,0,1,1,0,1,0,0,0,0,1,0,0,0,0,0,1,0,0,0
CUS_0x544d,7139.64,451.97,10,8,30,6,53,20,4.46,90,1705.7,28.62681253534098,21.59530183179807,25.54760635852969,288.05409180967223,2024-05-01,2025-10-06 10:51:36.43,19,0,0,0,1,0,0,1,1,0,1,1,0,0,0,0,0,0,1,0,0,0,1,0,0,0
CUS_0x90b2,10277.33,1072.444166666667,6,6,14,7,29,14,13.24,80,1248.05,27.21114818385385,47.90153370238895,69.30820409454165,280.0346788697361,2024-05-01,2025-10-06 10:51:36.43,8,5,1,0,1,1,0,1,1,0,0,1,0,0,0,0,1,0,0,0,0,0,1,0,0,0
CUS_0x2c75,168682.56,14118.88,4,3,3,4,16,9,11.64,40,463.57,29.175890240040516,305.7537414146373,290.0053471906392,1056.1289113947234,2024-05-01,2025-10-06 10:51:36.43,29,4,1,1,0,0,0,0,0,0,0,0,1,0,0,0,0,0,1,0,0,1,0,0,0,0
CUS_0x37be,87888.72,7253.06,5,3,11,0,19,4069,8.91,10,135.76,28.769207465082324,0.0,224.22036699916023,771.0856330008397,2024-05-01,2025-10-06 10:51:36.43,30,10,0,0,0,0,0,0,0,0,0,1,0,0,0,0,1,0,0,0,0,0,0,0,1,0
CUS_0x4b1c,20455.28,1407.6066666666666,4,4,2,4,14,8,6.92,50,426.13,26.647985775843967,46.744493771577645,149.29809430357062,234.7180785915184,2024-05-01,2025-10-06 10:51:36.43,22,11,0,0,1,1,1,0,0,0,1,0,1,0,0,1,0,0,0,0,0,0,1,0,0,0
CUS_0xaf2a,17654.72,1173.2266666666667,7,8,30,0,54,19,7.61,90,1452.82,36.62562175384877,30.458716720241828,145.351053329172,231.5128966172529,2024-05-01,2025-10-06 10:51:36.43,18,8,1,0,0,0,0,0,0,1,0,1,0,0,0,0,0,0,1,0,0,0,1,0,0,0
CUS_0x4aa7,17147.215,1129.9345833333334,2,3,4,0,6,1,9.99,40,5.8,34.73120348377859,0.0,10000.0,290.3763486949915,2024-05-01,2025-10-06 10:51:36.43,20,5,0,0,0,0,0,0,0,0,0,0,1,0,0,1,0,0,0,0,0,0,0,0,1,0
CUS_0x133b,44261.65,3317.279510476521,4,1,5,1,4,12,1.64,20,452.2,35.48997956263001,460.3113893092255,348.0590151520802,277.5680017288395,2024-05-01,2025-10-06 10:51:36.43,30,3,0,0,0,0,0,0,0,0,1,0,1,0,0,0,0,0,1,0,0,0,0,0,1,0
CUS_0x20a1,82339.36,6944.613333333334,7,3,19,4,9,19,18.2,70,1136.96,31.31427579941664,180.8383381571661,131.03123556935842,632.5917596068089,2024-05-01,2025-10-06 10:51:36.43,28,9,1,0,0,1,1,0,0,0,0,1,0,0,0,0,1,0,0,0,1,0,0,0,0,0
CUS_0xb82a,11280.545,1068.0454166666668,8,3,11,2,8,13,13.68,30,817.93,33.72875156287216,65080.0,32.061894856322276,339.2307838417686,2024-05-01,2025-10-06 10:51:36.43,16,4,1,0,1,0,0,0,0,0,0,1,0,0,0,0,0,0,1,0,0,0,0,1,0,0
CUS_0x125c,32129.0,2514.4166666666665,3,7,10,2,28,19,16.84,80,2554.25,30.281945043658663,34.996481164896124,93.27286749089956,403.172318010871,2024-05-01,2025-10-06 10:51:36.43,13,8,0,0,0,1,0,1,0,0,0,1,0,0,0,0,1,0,0,0,0,0,0,1,0,0
CUS_0xbec0,78006.32,6399.526666666668,9,5,23,6,30,19,17.9,120,4799.54,39.74381273500591,274.43341823294503,82.68168839364431,522.8375600400775,2024-05-01,2025-10-06 10:51:36.43,1,3,0,1,1,1,0,0,0,1,0,1,0,0,0,0,0,1,0,0,0,1,0,0,0,0
CUS_0x1fd1,33494.36,2677.1966666666667,9,9,28,8,52,28,8.78,90,3304.83,39.15880820346657,197.25553305220703,66.18393827658439,254.28019533787528,2024-05-01,2025-10-06 10:51:36.43,9,6,0,0,0,0,1,1,1,1,1,1,0,0,0,0,0,1,0,0,1,0,0,0,0,0
CUS_0x8fe0,25352.0,2077.6666666666665,5,6,8,2,26,15,15.19,80,1320.31,34.04490221441994,26.50359850189216,105.12938595248684,346.1336822122877,2024-05-01,2025-10-06 10:51:36.43,19,0,0,0,0,0,0,1,0,1,0,1,0,0,0,0,0,0,1,0,0,0,0,0,1,0
CUS_0x670c,90668.85,7149.133238615535,5,4,8,4,29,10,3.03,70,813.27,33.21583954047386,736.9973839783856,51.525034664746116,723.6555927413342,2024-05-01,2025-10-06 10:51:36.43,25,8,1,0,0,0,1,0,0,1,1,0,1,0,0,0,1,0,0,0,0,1,0,0,0,0
CUS_0xae08,63523.48,5438.623333333334,7,7,19,5,30,17,8.39,100,1884.63,37.03831780184422,237.07301941124928,83.53382655013006,463.25548737195396,2024-05-01,2025-10-06 10:51:36.43,16,0,1,0,1,1,0,0,1,0,1,0,0,0,0,0,1,0,0,0,0,0,0,0,0,1
CUS_0x97d7,29043.12,2149.26,5,3,12,0,29,8,19.47,30,489.94,25.123424775110877,0.0,35.02097814401199,429.905021855988,2024-05-01,2025-10-06 10:51:36.43,25,2,0,0,0,0,0,0,0,0,0,1,0,0,0,0,1,0,0,0,1,0,0,0,0,0
CUS_0xaf23,17164.72,1223.3933333333334,10,6,19,9,34,16,25.15,70,4813.02,36.98798025290933,99.1263779692473,138.93334796586515,174.2796073982209,2024-05-01,2025-10-06 10:51:36.43,11,0,0,0,1,1,1,1,1,0,0,1,0,0,0,0,0,1,0,0,0,0,1,0,0,0
CUS_0x48fd,15991.02,1375.585,7,10,28,8,46,19,28.79,80,4667.33,39.49577018091305,59.003070039251874,108.3055689809974,250.24986097975074,2024-05-01,2025-10-06 10:51:36.43,9,4,0,0,1,1,1,1,0,1,0,1,0,0,0,0,0,1,0,0,0,0,0,1,0,0
CUS_0xfdb,32284.62,2898.385,6,7,17,6,13,12,2.2200000000000006,100,1283.37,27.930123710625228,103.03756035536594,359.7718322852988,117.02910735933534,2024-05-01,2025-10-06 10:51:36.43,7,0,1,0,1,1,1,0,0,1,0,1,0,0,0,0,1,0,0,0,0,0,1,0,0,0
CUS_0x2e01,62253.54,5223.795,4,5,10,4,10,8,12.55,0,355.34,31.138873671233657,181.08217954809805,10000.0,467.82760779409966,2024-05-01,2025-10-06 10:51:36.43,30,5,0,0,1,0,0,0,1,0,1,0,1,0,0,0,0,0,1,1,0,0,0,0,0,0
CUS_0x2e8a,23012.43,1781.7025,7,6,10,1,12,14,0.81,20,351.41,29.46290454309436,13.815226811595664,154.2659863317599,280.0890368566444,2024-05-01,2025-10-06 10:51:36.43,15,8,1,0,0,0,0,0,0,0,0,0,1,0,0,0,1,0,0,0,0,0,0,0,1,0
CUS_0x45ef,34798.03,3190.835833333333,0,5,12,1,7,10,8.72,10,1214.29,29.511217039453825,24.338060673970496,169.0174662501445,405.7280564092183,2024-05-01,2025-10-06 10:51:36.43,31,8,0,0,0,0,0,0,0,0,1,0,1,0,0,1,0,0,0,0,0,0,0,1,0,0
CUS_0x9344,19126.65,1683.8875,8,8,28,3,52,18,1.93,140,2699.31,39.3046552566184,36.161658295200525,71.87457086213126,320.35252084266824,2024-05-01,2025-10-06 10:51:36.43,18,11,0,1,0,0,1,0,1,0,0,1,0,0,0,0,0,1,0,1,0,0,0,0,0,0
CUS_0x9bb3,24127.79,2097.649166666667,5,7,15,5,20,16,13.47,70,899.21,30.343636805422268,61723.0,126.86165109556549,245.98361781521245,2024-05-01,2025-10-06 10:51:36.43,19,11,1,1,1,0,1,0,0,0,0,1,0,0,0,0,1,0,0,1,0,0,0,0,0,0
CUS_0x68b4,128429.68,10830.473333333332,6,7,3,2,13,8,3.52,40,1052.0,38.93679506732019,129.5216685458713,10000.0,883.2326420296324,2024-05-01,2025-10-06 10:51:36.43,18,8,0,0,1,0,0,0,1,0,0,0,1,0,0,1,0,0,0,1,0,0,0,0,0,0
CUS_0x6cc3,16090.31,1079.8591666666666,7,5,23,2,54,20,0.61,80,1673.31,36.44684978813312,17.39779271292952,45.82642523249864,334.76169872123853,2024-05-01,2025-10-06 10:51:36.43,14,4,1,0,0,0,0,1,0,0,0,1,0,0,0,0,0,0,1,0,0,0,1,0,0,0
CUS_0x6f5f,33063.59,2741.2991666666658,8,3,6,7,12,16,7.19,100,788.4,26.999719848603817,143.7567213449993,102.01985620430399,278.35333911736336,2024-05-01,2025-10-06 10:51:36.43,18,2,0,1,1,1,0,1,1,1,0,1,0,0,0,0,1,0,0,0,1,0,0,0,0,0
CUS_0x761b,25795.66,1924.638333333333,5,7,9,0,28,19,1.38,40,777.94,25.259449166568427,0.0,61.222441730333024,391.2413916030004,2024-05-01,2025-10-06 10:51:36.43,30,0,0,0,0,0,0,0,0,0,0,0,1,0,0,0,1,0,0,1,0,0,0,0,0,0
CUS_0x1190,44134.06,3182.4816954086864,4,4,9,3,29,19,0.9000000000000004,50,809.59,33.943525567429425,551.2715538571302,97.11016167424476,467.158755726605,2024-05-01,2025-10-06 10:51:36.43,23,5,0,1,0,1,0,1,0,0,0,0,0,0,0,1,0,0,0,0,0,0,0,0,1,0
CUS_0x9b85,104658.75,8434.5625,4,7,11,1,14,14,17.76,90,1218.42,39.5290832051383,52.071931078891744,439.1156292190223,622.268689702086,2024-05-01,2025-10-06 10:51:36.43,29,0,0,0,0,0,1,0,0,0,0,1,0,0,0,0,1,0,0,0,0,0,0,0,1,0
CUS_0x9c4,16355.71,1240.9758333333332,9,8,23,3,54,16,20.0,130,1696.82,29.10046940548061,24.93505006645188,96.49873536879987,282.66379789808155,2024-05-01,2025-10-06 10:51:36.43,8,10,0,0,0,1,0,1,0,0,1,1,0,0,0,0,1,0,0,0,0,0,0,1,0,0
CUS_0x99f7,21434.275,1790.1895833333335,1,5,3,3,9,3,4.54,30,166.49,39.94457702412353,49.59958594514175,66.84344884819487,332.5759235399968,2024-05-01,2025-10-06 10:51:36.43,16,2,1,0,1,0,0,1,0,0,0,0,1,0,0,1,0,0,0,0,0,0,0,0,1,0
CUS_0x4427,67092.51,5767.0425,4,4,17,1,8,8,5.43,80,846.08,40.98506978757142,53.47969946748356,45.763252309664345,717.4612982228522,2024-05-01,2025-10-06 10:51:36.43,29,11,0,0,0,0,0,0,0,1,0,0,1,0,0,0,1,0,0,0,0,1,0,0,0,0
CUS_0x691,86015.16,6997.93,4,5,3,3,8,4,5.35,20,1283.47,34.623458782227246,119.12900402531444,271.1201882792555,559.5438076954301,2024-05-01,2025-10-06 10:51:36.43,28,2,1,0,0,0,0,0,1,0,1,0,1,0,0,1,0,0,0,0,1,0,0,0,0,0
CUS_0x738b,123828.52,9317.324054438875,4,6,17,0,25,9,4.33,70,1288.43,33.19552054799174,999.7192788944552,150.44430341836323,1121.26002991497,2024-05-01,2025-10-06 10:51:36.43,32,8,0,0,0,0,0,0,0,0,0,1,0,0,0,0,1,0,0,0,0,1,0,0,0,0
CUS_0xbc1f,69083.08,5451.379028457369,6,4,19,1,25,16,8.7,20,451.12,41.48415623205045,457.0265845995678,121.96971201094084,673.1403415987892,2024-05-01,2025-10-06 10:51:36.43,21,4,0,0,0,0,0,0,1,0,0,0,0,0,0,0,1,0,0,0,0,1,0,0,0,0
CUS_0x9ed7,85325.24,7395.436666666667,3,4,10,1,18,15,5.5,70,1264.92,29.772312970039,65.24523990005538,390.2652271960988,829.6243116472368,2024-05-01,2025-10-06 10:51:36.43,22,9,0,0,0,0,1,0,0,0,0,0,0,0,0,0,1,0,0,0,0,1,0,0,0,0
CUS_0x39d8,14130.645,980.55375,3,6,8,3,19,9,1.27,60,1145.9,38.51948680834112,32.556703906399214,34.74422327363485,280.75444781996595,2024-05-01,2025-10-06 10:51:36.43,31,8,0,0,1,0,0,0,0,1,1,0,1,0,0,0,0,0,1,0,1,0,0,0,0,0
CUS_0x485e,108691.17,9162.5975,4,2,2,0,8,7,1.42,40,1245.73,35.414750505504244,0.0,10000.0,843.3694685132541,2024-05-01,2025-10-06 10:51:36.43,32,3,0,0,0,0,0,0,0,0,0,0,1,0,0,1,0,0,0,0,1,0,0,0,0,0
CUS_0x5e53,19742.24,1619.186666666667,7,6,32,4,18,13,9.55,90,1373.49,29.404768762372814,52.09095848007586,41.77613238600368,338.0515758005872,2024-05-01,2025-10-06 10:51:36.43,9,1,1,0,1,0,0,0,0,1,1,1,0,0,0,0,1,0,0,0,0,0,0,0,1,0
CUS_0x79d5,19171.68,1413.64,10,10,34,9,37,23,11.5,130,2092.74,35.272047669813546,92.59091305437772,82.8446083207139,245.92847862490842,2024-05-01,2025-10-06 10:51:36.43,11,10,1,1,1,0,1,0,1,1,0,1,0,0,0,0,0,1,0,0,0,0,0,1,0,0
CUS_0x8d46,18248.5,1811.708333333333,7,7,26,2,57,8,14.17,120,1738.41,35.77512053026805,24.893701723726977,62.71499004700461,352.0692061639408,2024-05-01,2025-10-06 10:51:36.43,16,0,0,0,0,0,1,0,0,0,0,1,0,0,0,0,1,0,0,0,0,0,0,0,0,1
CUS_0xb692,29663.56,2715.9633333333336,7,5,482,2,12,20,11.91,100,1915.89,28.27384378592661,40.71075935197649,54.095197624757134,426.79037635659967,2024-05-01,2025-10-06 10:51:36.43,18,2,1,0,0,0,0,0,1,0,0,1,0,0,0,0,0,0,1,0,1,0,0,0,0,0
CUS_0x6807,73376.94,5961.745,5,5,10,3,5,0,7.51,60,493.15,30.89175166871356,178.47096453293454,302.8708678775116,384.8326675895538,2024-05-01,2025-10-06 10:51:36.43,23,0,0,0,0,1,1,0,1,0,0,0,1,0,0,0,0,0,1,0,0,0,0,0,0,1
CUS_0x8f68,82659.32,6796.851833080382,10,7,32,9,60,22,31.59,110,3492.03,26.02605765365997,384.2426848072856,68.23475397873264,360.9750614669343,2024-05-01,2025-10-06 10:51:36.43,1,9,0,0,1,1,1,1,1,1,0,1,0,0,0,0,0,1,0,0,0,1,0,0,0,0
CUS_0x1f64,14417.71,1425.4758333333332,7,8,34,7,59,24,28.56,120,3077.57,22.961512904334175,58.37874486332576,59.26170852032422,284.9071299496834,2024-05-01,2025-10-06 10:51:36.43,8,10,1,0,1,0,1,0,1,1,0,1,0,0,0,0,0,0,1,1,0,0,0,0,0,0
CUS_0x3bba,75655.48,6016.623333333332,1,3,11,3,9,10,11.0,10,1174.52,38.00645603729604,111.02302673173772,326.04484516072387,444.59446144087167,2024-05-01,2025-10-06 10:51:36.43,32,10,0,1,0,0,1,0,0,0,0,0,1,0,0,0,0,0,1,0,0,0,0,1,0,0
CUS_0x4c61,22373.535,2137.4612500000007,5,5,10,2,2,9,10.24,0,1472.78,26.137438185901303,31.947799063150374,286.54186501597763,185.25646092087203,2024-05-01,2025-10-06 10:51:36.43,25,2,0,0,0,0,1,0,1,0,0,0,1,0,0,1,0,0,0,0,0,0,0,0,0,1
CUS_0x6b13,11949.505,774.7920833333333,6,6,18,2,21,8,12.32,30,664.23,36.38903421191754,19.88405275701032,29.32462811112461,278.2705274651984,2024-05-01,2025-10-06 10:51:36.43,24,11,0,0,0,1,0,0,0,0,1,1,0,0,0,0,1,0,0,0,1,0,0,0,0,0
CUS_0x7042,33409.33,2529.1108333333336,4,7,5,3,5,1841,9.83,50,812.01,37.81962394796943,46.129408623488615,186.84126893380773,299.94040577603704,2024-05-01,2025-10-06 10:51:36.43,20,5,1,0,0,0,0,0,0,0,1,1,0,0,0,0,1,0,0,0,0,0,0,1,0,0
CUS_0x1d28,16644.79,1547.065833333333,7,6,24,9,15,22,10.93,120,3519.49,33.069952873760336,100.76576699930284,152.94624533548154,190.99457099854897,2024-05-01,2025-10-06 10:51:36.43,5,2,1,0,1,1,1,0,1,1,0,0,0,0,0,0,0,1,0,0,0,0,1,0,0,0
CUS_0x552f,132842.56,9717.93620806432,6,5,17,1,7,8,7.41,70,837.96,30.418672242389903,1645.5293878658206,314.04103789073093,996.1280328457956,2024-05-01,2025-10-06 10:51:36.43,21,8,0,0,1,0,0,0,0,0,0,0,0,0,0,0,1,0,0,0,1,0,0,0,0,0
CUS_0xb9b8,32314.44,2681.16628073925,2,5,5,3,6,11,16.54,20,1339.6,40.381051411646204,204.9179107962496,112.65746800217116,377.8942416545098,2024-05-01,2025-10-06 10:51:36.43,22,3,0,0,1,0,1,1,0,0,0,0,1,0,0,1,0,0,0,0,0,0,0,0,1,0
CUS_0x786,7957.91,563.1591666666667,2,2,17,5,23,17,11.13,80,818.5,27.517014928466768,31.461448390614915,32.407788670650795,282.4466796054009,2024-05-01,2025-10-06 10:51:36.43,10,3,1,0,0,1,1,0,0,0,0,1,0,0,0,0,1,0,0,0,0,0,1,0,0,0
CUS_0xa1c5,22049.235,1764.43625,4,3,12,2,1,1,4.75,50,385.85,34.244239777389964,27.50533677409816,137.27946818542034,291.6588200404815,2024-05-01,2025-10-06 10:51:36.43,30,0,0,0,1,0,0,1,0,0,0,0,1,0,0,1,0,0,0,0,0,0,0,1,0,0
CUS_0x2009,85272.06,7276.005,1,3,5,0,12,10,4.93,40,919.31,40.12667584572298,36.57053949227449,313.3090919034138,657.7208686043116,2024-05-01,2025-10-06 10:51:36.43,28,11,0,1,0,0,0,0,0,0,0,0,1,0,0,1,0,0,0,0,0,0,0,1,0,0
CUS_0x3b60,37655.98,3365.998333333333,6,3,19,6,19,22,16.1,70,1256.83,29.70278619188543,155.23733009475217,77.52551951193547,353.83698372664566,2024-05-01,2025-10-06 10:51:36.43,12,5,0,0,1,1,1,0,0,0,1,1,0,0,0,0,1,0,0,0,0,0,0,0,0,1
CUS_0xb27a,30320.06,2507.6716666666666,9,524,20,5,51,23,7.23,160,2051.53,24.68755440586739,110.2912819763388,299.62488154010003,130.85100315022785,2024-05-01,2025-10-06 10:51:36.43,18,6,0,0,0,0,0,1,0,1,1,1,0,0,0,0,0,1,0,0,0,0,1,0,0,0
CUS_0xebb,70078.82,5727.901666666668,7,6,13,2,10,10,1.25,40,1169.99,33.90756819911529,71.66882169265726,10000.0,432.35473033488165,2024-05-01,2025-10-06 10:51:36.43,23,11,0,0,0,0,0,0,0,1,1,0,1,0,0,0,1,0,0,1,0,0,0,0,0,0
CUS_0x22b7,24446.05,1686.4245623646727,4,7,20,1,22,10,4.6400000000000015,90,760.95,27.32804087028886,142.24478495293576,26.00878826128325,379.80978108777487,2024-05-01,2025-10-06 10:51:36.43,19,6,0,0,0,0,1,0,0,0,0,1,0,0,0,0,1,0,0,0,0,1,0,0,0,0
CUS_0x442b,78749.9,6433.491666666666,0,5,5,2,15,5,1.17,40,807.52,25.06835321693052,129.55408946913357,177.36888948706803,596.426187710465,2024-05-01,2025-10-06 10:51:36.43,22,0,0,1,0,0,1,0,0,0,0,0,1,0,0,1,0,0,0,1,0,0,0,0,0,0
CUS_0x6c24,80906.36,6990.196666666668,7,7,23,1480,42,16,5.43,90,4841.43,32.54496196865686,403.48487748329705,118.27246592202609,417.2623232613436,2024-05-01,2025-10-06 10:51:36.43,9,3,1,1,0,1,0,0,1,0,1,1,0,0,0,0,0,1,0,0,0,1,0,0,0,0
CUS_0x82dd,16397.44,1113.4533333333334,2,1,1,1,14,7,0.0,60,804.67,38.55647812380048,6.898288998100544,93.80833093250729,300.6387134027255,2024-05-01,2025-10-06 10:51:36.43,32,6,0,1,0,0,0,0,0,0,0,0,1,0,0,1,0,0,0,0,0,0,1,0,0,0
CUS_0xc702,31959.4,2532.665670555116,8,10,28,9,38,22,29.29,90,2753.45,34.23956143399295,140.93671551254178,100.05840391688395,205.850876682125,2024-05-01,2025-10-06 10:51:36.43,6,4,0,1,1,1,0,1,0,1,1,1,0,0,0,0,0,1,0,1,0,0,0,0,0,0
CUS_0xb76d,53894.12,4583.176666666667,8,4,11,1,24,18,8.71,30,557.04,30.48988813444447,23.93700874604136,293.6241484640811,410.75650945654434,2024-05-01,2025-10-06 10:51:36.43,20,11,0,0,0,1,0,0,0,0,0,0,1,0,0,0,0,0,1,0,0,0,0,0,1,0
CUS_0x21c8,71554.68000000001,5758.89,3,6,12,2,11,13,16.49,10,90.14,24.60942294954351,103.39767420611496,534.5403538867807,217.9509719071042,2024-05-01,2025-10-06 10:51:36.43,31,4,0,0,0,0,0,0,0,1,0,1,0,0,0,0,1,0,0,0,0,0,0,1,0,0
CUS_0xb89f,12768.94,1079.0783333333334,8,5,15,1,12,8,10.37,40,487.17,39.57916731454026,5.351086151020351,60.4367698650243,298.66002233199555,2024-05-01,2025-10-06 10:51:36.43,33,5,0,0,0,0,0,1,0,0,0,1,0,0,0,0,1,0,0,0,0,0,0,1,0,0
CUS_0x290b,18508.39,1461.834895274152,7,7,33,2,35,20,8.48,80,2123.47,31.349938348097577,133.6133238352218,108.0814215038554,318.2727760534375,2024-05-01,2025-10-06 10:51:36.43,19,3,0,0,0,0,0,1,1,0,0,1,0,0,0,0,0,1,0,0,0,0,0,0,0,1
CUS_0x4279,17151.19,1625.2658333333331,10,9,32,7,21,21,19.02,80,2672.12,26.81552915762361,61.2300104588122,89.06878112361228,302.2277917509088,2024-05-01,2025-10-06 10:51:36.43,10,2,0,1,0,0,1,1,0,1,1,1,0,0,0,0,0,0,1,0,0,0,1,0,0,0
CUS_0xb138,19966.31,1509.8591666666669,6,1123,33,9,39,19,27.36,60,2785.45,34.096738979758875,135.39467810938834,103.63448535544347,201.95675320183486,2024-05-01,2025-10-06 10:51:36.43,5,5,1,1,1,0,1,0,1,0,1,1,0,0,0,0,0,0,1,0,0,0,1,0,0,0
CUS_0x19c1,14188.48,1312.3733333333332,9,10,22,7,30,15,4.53,70,1315.32,32.23866604598337,46.82795344764917,90.67283037734177,283.73654950834236,2024-05-01,2025-10-06 10:51:36.43,20,6,1,0,1,1,0,0,0,0,1,1,0,0,0,0,0,0,1,0,0,0,1,0,0,0
CUS_0xc72e,32125.54,2559.1283333333336,7,192,23,3,11,14,8.07,100,2557.14,36.71263697388582,59.33092218404161,34.88359293377096,401.69831821552077,2024-05-01,2025-10-06 10:51:36.43,6,5,1,1,0,0,0,0,0,0,0,1,0,0,0,0,0,0,1,0,0,1,0,0,0,0
CUS_0x9ab6,37909.82,3043.151666666666,4,4,9,3,7,10,11.44,60,1821.39,30.699512609186463,87.1464121582284,184.3189718757384,312.8497826327,2024-05-01,2025-10-06 10:51:36.43,16,2,0,0,1,1,0,0,0,0,1,1,0,0,0,0,1,0,0,0,0,0,0,1,0,0
CUS_0xc4f9,92200.68,7404.39,2,6,1,1,21,5,4.67,30,936.63,36.83737477584773,52.433666768022135,193.66170291470021,754.3436303172776,2024-05-01,2025-10-06 10:51:36.43,28,3,0,1,0,0,0,0,0,0,0,0,1,0,0,1,0,0,0,1,0,0,0,0,0,0
CUS_0x3229,9830.785,977.2320833333332,10,5,31,9,22,19,4.2,90,3670.07,32.87106312490185,55.7022529107393,83.58353205656898,225.43691962773892,2024-05-01,2025-10-06 10:51:36.43,1,8,1,1,1,0,1,1,1,0,0,1,0,0,0,0,0,1,0,0,0,0,0,1,0,0
CUS_0x5353,9607.53,982.6275,2,2,22,5,19,11,7.63,80,2282.28,28.146849174996728,22.125548791257163,39.222549403926564,296.91465180481634,2024-05-01,2025-10-06 10:51:36.43,17,6,0,0,0,1,0,0,0,1,1,1,0,0,0,0,1,0,0,1,0,0,0,0,0,0
CUS_0x87f6,21404.24,1887.686666666667,4,6,2173,2,25,21,15.44,50,132.26,35.22327605736473,21.310599406753344,102.56132066785268,324.8967465920607,2024-05-01,2025-10-06 10:51:36.43,14,5,0,1,0,0,1,0,0,0,0,1,0,0,0,0,1,0,0,1,0,0,0,0,0,0
CUS_0xab56,43609.13,3058.989126517349,2,3,11,1,15,0,2.5,50,1312.58,30.567856096465977,386.0726430377688,10000.0,506.4376240791323,2024-05-01,2025-10-06 10:51:36.43,24,6,0,0,0,1,0,0,0,0,0,0,1,0,0,1,0,0,0,0,1,0,0,0,0,0
CUS_0xb639,25780.78,2188.398333333333,7,6,5,2,19,6,6.32,30,97.33,31.45771548397991,40.82459716793424,48.651271030985534,369.3639651344136,2024-05-01,2025-10-06 10:51:36.43,18,6,1,0,1,0,0,0,0,0,0,0,1,0,0,0,1,0,0,0,0,1,0,0,0,0
CUS_0x148e,19911.77,1833.3141666666668,5,5,17,7,12,15,21.01,60,2141.86,27.76849156840357,95.50358440605991,58.10678715144866,279.72104510915807,2024-05-01,2025-10-06 10:51:36.43,20,5,0,1,1,1,1,1,1,0,0,1,0,0,0,0,1,0,0,0,1,0,0,0,0,0
CUS_0x6947,14051.56,1306.9633333333334,9,9,31,8,62,19,16.54,120,4300.59,36.87345640213764,75.1589017621037,102.3382200184873,233.1992115527424,2024-05-01,2025-10-06 10:51:36.43,8,3,1,1,0,0,1,1,1,1,0,1,0,0,0,0,0,1,0,0,0,0,0,1,0,0
CUS_0xaeb5,17816.75,1623.729166666667,5,5,8,1171,29,15,3.03,50,438.66,33.95916949633424,12.03182073160791,114.75942808813758,325.5816678469212,2024-05-01,2025-10-06 10:51:36.43,15,11,0,1,0,0,0,0,0,0,0,1,0,0,0,0,0,0,1,0,0,0,1,0,0,0
CUS_0x1f46,23079.29,1755.2741666666668,3,5,8,3,7,15,0.33999999999999986,60,850.79,34.44028889738025,45.55427580511181,62.24642414187239,327.7267167196825,2024-05-01,2025-10-06 10:51:36.43,26,9,0,0,0,0,1,1,0,1,0,0,1,0,0,1,0,0,0,1,0,0,0,0,0,0
CUS_0x45de,112287.88,9168.323333333334,4,3,12,4,0,4,4.43,30,705.33,36.27832088208232,271.7979981839746,501.1556658068337,413.87866934252486,2024-05-01,2025-10-06 10:51:36.43,20,8,0,0,0,1,0,0,0,1,1,0,1,0,0,0,0,0,1,0,0,0,0,0,1,0
CUS_0x5f7a,32597.48,2734.4566666666665,1,2,2,2,10,10,6.3,20,1313.52,31.44095261906587,45.053384914710776,222.83263637045428,295.55964538150164,2024-05-01,2025-10-06 10:51:36.43,19,11,0,1,1,0,0,0,0,0,0,0,1,0,0,1,0,0,0,0,0,0,1,0,0,0
CUS_0xbaa1,84687.54,6839.294999999999,0,3,1,1,9,10,8.75,40,69.41,31.22002562182804,64.18217564635987,150.30721275110957,719.4401116025307,2024-05-01,2025-10-06 10:51:36.43,15,8,0,1,0,0,0,0,0,0,0,0,1,0,0,1,0,0,0,0,1,0,0,0,0,0
CUS_0x25f6,20417.48,1646.2809777904044,9,5,34,8,46,21,24.53,80,2852.17,27.042028383700035,125.22743077514755,21.667597929397374,290.92632683838417,2024-05-01,2025-10-06 10:51:36.43,12,6,1,0,0,0,0,0,1,1,1,1,0,0,0,0,0,1,0,0,0,1,0,0,0,0
CUS_0x39ce,45852.8,3655.066666666667,5,5,9,3,21,20,5.69,40,1249.64,32.53585143390752,104.5891791544132,90.54556356983372,430.3719239424198,2024-05-01,2025-10-06 10:51:36.43,33,4,0,1,0,0,0,0,0,1,0,0,1,0,0,1,0,0,0,1,0,0,0,0,0,0
CUS_0x5f3d,51729.75,4565.8125,275,6,28,8,47,19,5.19,130,2296.5,35.64988125692627,247.40065349819284,152.89394402126575,306.2866524805415,2024-05-01,2025-10-06 10:51:36.43,10,3,1,1,1,1,0,0,1,0,1,1,0,0,0,0,0,0,1,0,1,0,0,0,0,0
CUS_0x624e,172413.64,14258.803333333335,2,3,2,0,12,8,3.18,60,1094.29,45.34304546287699,0.0,272.86581049026796,1403.0145228430654,2024-05-01,2025-10-06 10:51:36.43,22,9,0,0,0,0,0,0,0,0,0,0,1,0,0,0,0,0,1,0,1,0,0,0,0,0
CUS_0x291b,24613.73,2269.1441666666665,8,3,11,0,18,6,8.18,40,637.25,25.406025830305577,56.50145629262512,234.5078225896506,225.90513778439092,2024-05-01,2025-10-06 10:51:36.43,25,6,1,0,0,0,0,1,0,0,0,0,1,0,0,1,0,0,0,0,0,0,0,0,0,1
CUS_0xadf6,7506.125,802.5644816593215,10,7,22,5,53,21,25.04,110,4183.22,22.43524385314724,92.8543462441659,57.48866510951827,266.8539653203278,2024-05-01,2025-10-06 10:51:36.43,11,4,0,1,0,0,1,0,1,1,0,1,0,0,0,0,0,1,0,1,0,0,0,0,0,0
CUS_0xb713,18002.675,1430.2229166666666,6,3,10,3,27,9,0.94,10500,698.05,24.82783774638193,34.03249572465915,86.78065112273339,312.2091448192741,2024-05-01,2025-10-06 10:51:36.43,28,5,0,0,0,1,0,0,0,0,1,0,1,0,0,1,0,0,0,0,0,0,1,0,0,0
CUS_0xbf6e,40343.42,3485.9516666666664,0,7,5,3,7,12,4.63,40,747.34,33.90457482769969,54.47344350810354,89.9637236457903,454.15799951277285,2024-05-01,2025-10-06 10:51:36.43,15,8,1,1,0,0,0,1,0,0,0,0,1,0,0,1,0,0,0,0,1,0,0,0,0,0
CUS_0x41e3,62203.08,5375.59,9,5,21,2,36,16,9.57,100,2375.42,28.12452411847792,61.16764899158685,301.44471156548235,444.9466394429309,2024-05-01,2025-10-06 10:51:36.43,14,8,0,0,0,0,0,1,1,0,0,1,0,0,0,0,1,0,0,0,0,0,0,0,1,0
CUS_0x4a3b,7455.07,357.25583333333327,10,6,28,9,40,19,23.73,70,4559.45,26.925968578418427,39.60788086607506,23.921117945444266,232.196584521814,2024-05-01,2025-10-06 10:51:36.43,3,10,1,0,0,1,1,0,1,0,0,1,0,0,0,0,0,0,1,1,0,0,0,0,0,0
CUS_0x6294,32825.81,2649.4841666666666,2,7,3,4,15,5,1.94,60,1035.24,38.80888793709871,64.30557527820918,242.52685281860008,248.11598856985745,2024-05-01,2025-10-06 10:51:36.43,27,9,1,0,1,0,0,0,1,0,1,0,1,0,0,1,0,0,0,0,0,0,1,0,0,0
CUS_0x1dc4,20170.75,1930.895833333333,10,5,25,2,47,10,10.14,80,1854.76,26.66931912704532,20.9491624068454,151.5951220865231,310.54529883996486,2024-05-01,2025-10-06 10:51:36.43,6,3,0,0,1,0,0,0,0,1,0,1,0,0,0,0,1,0,0,0,0,0,1,0,0,0
CUS_0x510c,21414.43,1963.535833333333,5,2,5,3,14,6,10.58,40,39.47,23.62152517864937,30.21422896905732,55.02533891790949,381.1140154463665,2024-05-01,2025-10-06 10:51:36.43,26,2,0,0,1,1,0,0,0,0,0,0,1,0,0,1,0,0,0,0,0,0,0,0,1,0
CUS_0xbb48,87078.93000000001,7554.5775,6,6,16,1,17,14,9.94,30,635.84,30.142646849933424,39.06252885910222,151.13279757218857,815.2624235687092,2024-05-01,2025-10-06 10:51:36.43,23,3,0,0,0,0,0,1,0,0,0,1,0,0,0,0,1,0,0,0,1,0,0,0,0,0
CUS_0x2004,73420.92,6333.41,4,5,8,2,4,0,10.35,20,278.08,33.25644510203006,67.04438352937039,254.96219125731014,571.3344252133195,2024-05-01,2025-10-06 10:51:36.43,31,0,0,0,0,1,1,0,0,0,0,0,1,0,0,0,0,0,1,1,0,0,0,0,0,0
CUS_0x8e5,7012.31,577.3591666666667,8,6,20,5,38,24,5.64,100,4784.12,33.18098936071288,20.58222058783164,22.63287707222494,274.5208190066101,2024-05-01,2025-10-06 10:51:36.43,9,8,0,0,1,0,1,1,0,0,1,1,0,0,0,0,0,1,0,1,0,0,0,0,0,0
CUS_0x26f5,41547.99,3192.3325,0,7,8,0,24,8,11.38,20,1156.82,35.28850247279897,78.79997468864158,50.40258834975352,440.03068696160483,2024-05-01,2025-10-06 10:51:36.43,24,4,0,1,0,0,0,0,0,0,1,0,1,0,0,0,0,0,1,0,1,0,0,0,0,0
CUS_0x468b,21018.0,2011.5,8,4,17,0,14,13,16.1,40,98.61,30.53798538509954,81171.0,164.3459240774099,316.80407592259013,2024-05-01,2025-10-06 10:51:36.43,27,6,0,0,0,0,0,0,0,0,0,1,0,0,0,0,1,0,0,0,0,0,0,1,0,0
CUS_0x49d9,19170.73,1315.5608333333332,3,5,8,4,0,0,11.35,40,318.94,37.20983798840114,58.048072449421085,164.35344518055848,199.15456570335374,2024-05-01,2025-10-06 10:51:36.43,20,4,0,1,1,1,0,0,0,0,1,0,1,0,0,1,0,0,0,0,0,0,1,0,0,0
CUS_0x218e,14428.91,1029.4091666666666,6,8,28,5,54,25,8.5,120,1726.92,32.07828767401538,39.761412232519305,45.763056778258274,307.41644765588916,2024-05-01,2025-10-06 10:51:36.43,17,4,1,1,1,0,1,0,0,0,0,1,0,0,0,0,0,1,0,0,0,0,1,0,0,0
CUS_0x29ff,33254.2,3062.183333333333,4,7,3,0,29,3,6.94,20,67.51,31.98050120742832,0.0,89.70796634778183,486.51036698555146,2024-05-01,2025-10-06 10:51:36.43,17,9,0,0,0,0,0,0,0,0,0,0,1,0,0,1,0,0,0,0,0,0,0,0,1,0
CUS_0xac33,34956.22,2827.018333333333,10,6,24,0,47,18,18.54,80,3803.71,29.68404234215645,95.23067108874017,97.02796651718106,350.4431957274121,2024-05-01,2025-10-06 10:51:36.43,1,5,0,0,1,0,1,1,0,1,1,1,0,0,0,0,0,1,0,1,0,0,0,0,0,0
CUS_0x8854,1.5655612E7,768.9763681816107,10,5,22,0,28,2138,7.66,140,1709.48,34.94454586317175,83.93550476683569,49.02025546030126,270.8662882579189,2024-05-01,2025-10-06 10:51:36.43,15,2,1,1,1,0,1,0,0,1,0,1,0,0,0,0,0,1,0,0,0,0,0,0,1,0
CUS_0xab7d,58366.22,5041.8516666666665,5,5,1,1,13,19,1.37,30,383.3,31.6033911784371,36.1102767797026,148.3549115020293,579.7199783849347,2024-05-01,2025-10-06 10:51:36.43,23,3,0,0,1,0,0,0,0,0,0,0,0,0,0,1,0,0,0,1,0,0,0,0,0,0
CUS_0xb0f7,30678.73,2615.560833333333,8,4,11,3,13,11,1.84,50,1484.42,36.35920536098156,69.33783254618763,129.10890512266738,353.1093456644783,2024-05-01,2025-10-06 10:51:36.43,18,3,0,1,0,1,0,0,1,0,0,1,0,0,0,0,1,0,0,0,0,0,1,0,0,0
CUS_0xf0c,31911.34,2424.278333333333,1,4,4,4,16,11,0.0,50,737.96,29.45217684572385,53.71104493648031,47.22208852058237,391.4946998762706,2024-05-01,2025-10-06 10:51:36.43,30,0,0,0,1,0,1,1,0,0,0,0,1,0,0,1,0,0,0,0,1,0,0,0,0,0
CUS_0x56f5,41848.26,3578.355,8,7,11,1,16,17,5.61,20,616.98,23.21187746134032,31.72574557145813,154.1237817593823,431.9859726691596,2024-05-01,2025-10-06 10:51:36.43,32,11,0,0,0,1,0,0,0,0,0,0,1,0,0,0,1,0,0,1,0,0,0,0,0,0
CUS_0x583c,31696.73,2363.3941666666665,3,6,15,0,26,12,10.4,70,1055.29,26.952421022339745,0.0,47.82122100165525,438.5181956650114,2024-05-01,2025-10-06 10:51:36.43,21,8,0,0,0,0,0,0,0,0,0,0,1,0,0,0,1,0,0,0,1,0,0,0,0,0
CUS_0x76b8,112030.92,9368.91,1,4,4,2,14,11,9.15,0,1385.67,43.27523414624319,151.15829930460208,63.83911471322753,961.8935859821704,2024-05-01,2025-10-06 10:51:36.43,30,0,0,0,1,0,0,0,1,0,0,0,1,0,0,1,0,0,0,0,0,1,0,0,0,0
CUS_0xc249,24057.73,2279.810833333333,3,7,13,3,8,12,11.73,10,633.61,37.851118897336384,50.04247097084885,198.13769593072402,259.8009164317604,2024-05-01,2025-10-06 10:51:36.43,20,0,0,0,0,0,1,0,1,0,0,0,1,0,0,0,1,0,0,0,0,0,0,1,0,0
CUS_0x48ab,28337.76,2000.1702689880465,0,5,1,1,4,7,2.23,40,680.16,38.523296088350094,152.1375550236154,48.48544250926531,377.28331169270257,2024-05-01,2025-10-06 10:51:36.43,30,0,0,0,0,0,1,0,0,0,0,0,1,0,0,1,0,0,0,0,1,0,0,0,0,0
CUS_0x7a24,10234.39,881.8658333333333,4,6,6,4,24,13,6.7,40,627.2,34.56433450614573,26.99631557679216,22.875281603681184,318.31498615286,2024-05-01,2025-10-06 10:51:36.43,16,6,0,0,1,0,0,1,0,1,0,0,1,0,0,0,1,0,0,0,0,0,0,1,0,0
CUS_0xa137,101066.4,8547.2,4,4,12,2,28,7,19.35,60,1461.27,32.13686778645066,95.7067648637974,10000.0,906.4235642627035,2024-05-01,2025-10-06 10:51:36.43,27,10,0,0,0,1,0,0,1,0,0,0,0,0,0,0,1,0,0,0,0,1,0,0,0,0
CUS_0xa5a1,10341.68,761.8066666666667,7,6,16,8,41,23,4.61,140,2712.98,35.48887329312045,50.88803778141636,73.29457808323475,241.9980508020156,2024-05-01,2025-10-06 10:51:36.43,8,4,1,1,1,0,1,0,0,1,0,0,0,0,0,0,0,1,0,0,0,0,1,0,0,0
CUS_0xb5e9,23848.02,2234.335,8,3,10,0,5,22,1.36,50,340.16,37.7742945191392,0.0,291.0383756865989,222.3951243134011,2024-05-01,2025-10-06 10:51:36.43,16,8,0,0,0,0,0,0,0,0,0,0,1,0,0,0,1,0,0,0,0,0,1,0,0,0
CUS_0x4815,73849.54,6250.128333333332,2,1,7,2,14,14,5.02,40,1484.51,30.64818380543975,120.84417296319788,434.07845008605096,350.0902102840845,2024-05-01,2025-10-06 10:51:36.43,27,11,0,0,0,0,1,0,1,0,0,0,1,0,0,1,0,0,0,0,0,0,0,1,0,0
CUS_0xa8ba,20804.77,1436.730833333333,6,6,30,5,35,22,25.57,110,4443.32,36.91660088155008,50.20546975335496,48.920952259203005,324.5466613207753,2024-05-01,2025-10-06 10:51:36.43,9,5,0,0,0,0,0,1,1,1,1,0,0,0,0,0,0,1,0,0,0,0,0,1,0,0
CUS_0x4577,8504.55,934.7125,8,6,23,7,23,22,5.58,90,2870.02,25.70522723764257,26.610876770744703,29.05276222173647,317.8076110075188,2024-05-01,2025-10-06 10:51:36.43,2,3,1,0,0,1,0,1,1,1,0,1,0,0,0,0,0,1,0,0,0,0,0,1,0,0
CUS_0x8d48,10813.53,1149.1275,4,4,10,4,11,16,11.12,60,862.42,28.8579480410507,24.058783646903013,90.09791878785514,290.7560475652419,2024-05-01,2025-10-06 10:51:36.43,28,0,0,1,1,0,1,0,0,1,0,1,0,0,0,0,0,0,1,0,0,0,1,0,0,0
CUS_0xbdc7,21697.64,2088.1366666666668,3,7,8,2,5,13,10.65,40,431.39,28.330445301447902,36.1425286636439,66.43001630691464,356.2411216961081,2024-05-01,2025-10-06 10:51:36.43,19,5,0,1,0,1,0,0,0,0,0,1,0,0,0,0,1,0,0,0,1,0,0,0,0,0
CUS_0x131f,68105.6,5636.466666666667,8,8,19,5,28,27,26.05,130,2867.7,24.145902467916198,279.08206906571314,62.664706965685504,471.8998906352681,2024-05-01,2025-10-06 10:51:36.43,2,5,0,0,1,0,1,0,0,0,0,1,0,0,0,0,0,1,0,0,1,0,0,0,0,0
CUS_0x424f,142285.72,11841.143333333332,2,3,1,3,15,1,0.3200000000000001,40,1135.31,31.02879122188587,268.20870021401583,226.511246543236,929.3943865760817,2024-05-01,2025-10-06 10:51:36.43,32,6,0,0,0,1,1,0,0,0,0,0,1,0,0,1,0,0,0,0,0,1,0,0,0,0
CUS_0x4b41,121486.92,10314.91,3,5,12,3,21,5,1.9499999999999995,40,605.65,31.50676905298903,217.1600114270701,135.35058560670174,918.9804029662282,2024-05-01,2025-10-06 10:51:36.43,16,9,0,0,0,0,0,1,1,0,0,0,1,0,0,1,0,0,0,0,0,1,0,0,0,0
CUS_0x878d,131296.92,10722.410000000002,4,3,12,3,4,0,3.88,70,1029.35,32.65366419429751,231.00945321311627,188.3326519417941,892.8988948450899,2024-05-01,2025-10-06 10:51:36.43,27,6,0,0,0,1,1,0,1,0,0,0,1,0,0,1,0,0,0,0,0,1,0,0,0,0
CUS_0x96ad,15755.455,1605.9545833333334,8,4,9,0,13,15,12.17,30,149.94,39.16160108851429,0.0,97.09310832973713,343.5023500035963,2024-05-01,2025-10-06 10:51:36.43,25,9,0,0,0,0,0,0,0,0,0,1,0,0,0,0,1,0,0,0,0,0,0,1,0,0
CUS_0x8588,144446.72,11874.226666666667,5,3,10,0,16,13,4.26,30,1098.96,36.46792222509329,176.43961198828706,97.8039306707292,1153.1791240076504,2024-05-01,2025-10-06 10:51:36.43,32,10,0,1,0,0,0,1,0,0,0,0,1,0,0,0,1,0,0,0,0,1,0,0,0,0
CUS_0x8696,36980.1,3352.675,6,10,29,6,59,13,9.55,140,2403.26,39.98338495406551,174.0872208516925,129.7667312955061,281.41354785280134,2024-05-01,2025-10-06 10:51:36.43,17,8,0,1,1,0,0,0,0,0,0,1,0,0,0,0,0,0,1,0,0,0,0,0,0,1
CUS_0x39a0,74005.12,5941.093333333332,6,8,19,6,19,19,12.69,90,2170.45,34.19536371676729,190.9110895600943,442.74655573899133,250.4516880342477,2024-05-01,2025-10-06 10:51:36.43,13,3,1,0,1,0,0,0,1,0,1,1,0,0,0,0,0,0,1,0,0,0,1,0,0,0
CUS_0x3ed1,64874.08,5460.173333333333,3,5,8,0,14,9,0.89,30,700.64,40.92906364535866,0.0,181.81654143062352,614.2007919027099,2024-05-01,2025-10-06 10:51:36.43,18,6,0,0,0,0,0,0,0,0,0,0,0,0,0,1,0,0,0,0,1,0,0,0,0,0
CUS_0x7a9f,62848.74000000001,4980.395,10,6,20,6,29,20,17.8,100,4623.69,38.13912425200952,240.2198053767979,414.6596173892009,133.16007723400128,2024-05-01,2025-10-06 10:51:36.43,3,0,1,1,1,0,1,0,1,0,1,1,0,0,0,0,0,1,0,0,0,0,1,0,0,0
CUS_0x9403,82796.52,6927.71,3,5,6,1,22,21,18.06,70,966.79,28.991412991072902,55.12145259502531,90.96229151743509,786.6872558875398,2024-05-01,2025-10-06 10:51:36.43,19,8,0,0,0,0,0,1,0,0,0,1,0,0,0,0,0,0,1,0,0,1,0,0,0,0
CUS_0x9ece,25703.34,1935.945,3,4,16,1,11,4053,12.64,30,42.6,40.55795970885543,16.720738892284757,47.135042536486395,369.73871857122884,2024-05-01,2025-10-06 10:51:36.43,19,5,0,0,0,0,0,0,0,0,1,1,0,0,0,0,1,0,0,0,0,1,0,0,0,0
CUS_0xc3cd,36818.29,3007.1908333333336,6,6,11,7,14,9,19.92,70,563.84,38.52085748759434,195.5092874229128,323.9156267942198,71.29416911620075,2024-05-01,2025-10-06 10:51:36.43,13,6,0,0,1,1,1,0,1,0,1,1,0,0,0,0,1,0,0,0,0,0,1,0,0,0
CUS_0x97ca,20616.95,1476.0791666666669,10,6,15,5,34,27,16.89,60,1776.76,22.71156895075379,48.09561340441202,70.53377487559534,318.9785283866593,2024-05-01,2025-10-06 10:51:36.43,8,0,1,1,1,0,1,0,1,0,0,1,0,0,0,0,0,1,0,0,0,0,1,0,0,0
CUS_0x5b28,72637.48,6064.123333333332,6,5,4751,4,15,14,8.41,100,1933.9,36.92508105965754,174.42735551909198,152.7338244152173,519.251153399024,2024-05-01,2025-10-06 10:51:36.43,11,9,0,1,1,0,1,0,1,0,0,1,0,0,0,0,0,0,1,0,0,1,0,0,0,0
CUS_0xb04,60174.93000000001,4912.5775,9,8,26,5,29,19,9.18,110,3015.47,26.08052527405399,135.89444021017394,266.78891278302444,507.47024815640566,2024-05-01,2025-10-06 10:51:36.43,0,11,1,0,0,1,0,0,1,0,1,1,0,0,0,0,0,1,0,0,0,1,0,0,0,0
CUS_0x6a33,23808.75,1993.0625,8,7,8,0,22,13,19.79,10,7.87,37.19031140265156,0.0,251.7137956417501,237.59245435824988,2024-05-01,2025-10-06 10:51:36.43,25,5,0,0,0,0,0,0,0,0,0,1,0,0,0,0,1,0,0,0,0,0,1,0,0,0
CUS_0x7fe3,19167.04,1479.253333333333,6,6,15,4,31,16,0.0,60,1297.12,35.479581815973226,44.535451602125065,30.44002055924684,322.94986117196135,2024-05-01,2025-10-06 10:51:36.43,7,0,0,1,0,0,1,0,0,1,0,1,0,0,0,0,1,0,0,0,1,0,0,0,0,0
CUS_0x875,21568.28,1606.3566666666666,3,6,9,0,26,19,2.26,20,1039.53,34.74075985369114,0.0,194.54069760686437,256.09496905980234,2024-05-01,2025-10-06 10:51:36.43,19,6,0,0,0,0,0,0,0,0,0,0,1,0,0,0,1,0,0,0,0,0,1,0,0,0
CUS_0xeea,31909.18,2555.098333333333,9,6,29,8,18,21,1.63,80,3409.48,29.527953538134717,202.9119719512957,124.05407810078422,188.54378328125347,2024-05-01,2025-10-06 10:51:36.43,8,11,1,0,1,0,0,1,0,0,1,1,0,0,0,0,0,1,0,1,0,0,0,0,0,0
CUS_0x3e67,35802.82,3130.568333333333,2,4,10,3,7,8,7.1099999999999985,40,665.78,29.834747292579628,82.48648430937206,129.25647658105132,371.31387244290994,2024-05-01,2025-10-06 10:51:36.43,16,0,0,0,1,0,1,0,0,0,0,0,0,0,0,0,0,0,1,0,0,0,0,0,1,0
CUS_0x4b2c,22488.625,1700.052083333333,1,3,6,1,10,14,0.69,30,590.85,25.75006796993597,11.478601693258964,35.08065620068748,373.4459504393869,2024-05-01,2025-10-06 10:51:36.43,16,3,0,0,0,0,0,0,0,1,0,0,1,0,0,1,0,0,0,0,1,0,0,0,0,0
CUS_0x8670,27697.18,2283.098333333333,4,3,19,3,19,10,10.06,120,824.16,26.04764621217201,45.03536155055368,128.9852138441185,344.2892579386612,2024-05-01,2025-10-06 10:51:36.43,17,4,0,0,1,0,0,0,1,0,0,0,0,0,0,0,1,0,0,0,0,0,1,0,0,0
CUS_0x711e,26848.21,2022.3508333333327,4,7,9,1,17,19,1.68,10,1476.59,30.13780454991245,22.082560304147133,103.53426585000912,336.61825717917714,2024-05-01,2025-10-06 10:51:36.43,18,11,0,0,1,0,0,0,0,0,0,0,1,0,0,0,1,0,0,1,0,0,0,0,0,0
CUS_0x387b,18425.6,1690.4666666666665,3,3,32,5,24,12,17.8,80,1773.7,26.186745940788143,67.23257019006239,40.42501981199181,301.38907666461245,2024-05-01,2025-10-06 10:51:36.43,11,5,1,0,1,0,1,0,1,0,1,1,0,0,0,0,1,0,0,0,0,1,0,0,0,0
CUS_0x4916,19603.315,1533.6095833333331,1,5,6,1,14,11,7.74,0,1048.56,31.735243616573214,10.640032525530623,37.93050334926825,374.79042245853447,2024-05-01,2025-10-06 10:51:36.43,21,11,0,0,0,0,0,0,1,0,0,0,1,0,0,0,0,0,1,0,0,0,0,0,1,0
CUS_0x4b78,131080.8,11015.4,5,7,10,2,4,18,7.28,40,161.29,25.066666879132534,136.0498221961801,819.7850450616423,435.7051327421775,2024-05-01,2025-10-06 10:51:36.43,23,3,0,0,0,0,0,0,0,1,1,0,1,0,0,0,1,0,0,0,0,0,1,0,0,0
CUS_0x7319,63362.6,5036.216666666666,4,6,15,1,18,16,16.57,60,302.87,35.118420348540766,30.17383525270052,608.8605158513402,154.58731556262592,2024-05-01,2025-10-06 10:51:36.43,21,6,0,0,0,0,0,1,0,0,0,1,0,0,0,0,0,0,1,0,0,0,1,0,0,0
CUS_0x8917,21434.2,1879.3966122894967,6,6,18,6,16,10,10.09,110,1240.7,35.902049629031154,177.69396481251323,80.64314700185548,312.86794256280126,2024-05-01,2025-10-06 10:51:36.43,7,8,1,1,1,1,1,0,0,0,0,1,0,0,0,0,1,0,0,0,0,0,1,0,0,0
CUS_0x1ea8,33896.53,2667.710833333333,7,3,18,2,26,10,10.95,50,807.65,26.800550220086397,40.29352918151739,88.09824698156828,388.37930717024767,2024-05-01,2025-10-06 10:51:36.43,27,4,0,0,0,0,0,0,0,1,1,1,0,0,0,0,0,0,1,0,0,0,0,0,0,1
CUS_0x5b0d,14433.94,1113.8283333333334,9,5,34,9,26,21,28.84,60,3155.47,27.777084542276373,81.00111264305716,78.25414714830707,242.1275735419691,2024-05-01,2025-10-06 10:51:36.43,13,8,0,0,1,0,0,1,1,1,1,0,0,0,0,0,0,1,0,0,0,0,1,0,0,0
CUS_0x5c5,9955.465,887.6220833333333,9,10,28,2,53,8,9.65,90,2520.04,33.48805836509742,15.468790593057706,10000.0,296.17388262161165,2024-05-01,2025-10-06 10:51:36.43,19,9,0,0,0,1,0,0,0,1,0,0,0,0,0,0,0,0,1,1,0,0,0,0,0,0
CUS_0xb6ad,61008.0,5235.0,10,5,32,4,16,19,19.44,170,1755.81,41.88727835207022,189.4265306646308,196.66644512672366,387.40702420864545,2024-05-01,2025-10-06 10:51:36.43,9,3,0,1,0,0,0,1,1,0,0,1,0,0,0,0,1,0,0,0,1,0,0,0,0,0
CUS_0x15dd,13351.83,1256.6525,6,3,13,2,13,13,19.48,10,303.84,26.12263728826686,13.913944014294458,50.065309347823906,341.6859966378817,2024-05-01,2025-10-06 10:51:36.43,23,5,0,1,0,0,0,0,0,1,0,1,0,0,0,0,0,0,1,0,0,0,0,1,0,0
CUS_0xb017,15766.76,1288.8966666666668,8,6,25,8,36,16,30.49,80,3479.89,37.18017595634559,76.95304496224523,171.01254072832614,170.92408097609533,2024-05-01,2025-10-06 10:51:36.43,11,6,1,0,0,0,1,1,1,1,1,1,0,0,0,0,0,0,1,0,0,0,1,0,0,0
CUS_0xc029,57442.5,4934.875,8,8,27,2,58,25,4.06,120,2419.98,37.59403616574888,91.85758959564836,355.80949949197463,315.82041091237716,2024-05-01,2025-10-06 10:51:36.43,18,3,0,0,0,0,0,1,0,1,0,0,0,0,0,0,0,1,0,0,0,0,0,0,1,0
CUS_0xc41e,10119.76,1067.3133333333335,10,6,31,4,53,23,0.16000000000000014,130,1388.38,35.456321833610566,18.93990492253925,47.09796970079945,300.6934587099946,2024-05-01,2025-10-06 10:51:36.43,15,8,1,0,0,0,1,1,0,0,0,1,0,0,0,0,0,1,0,1,0,0,0,0,0,0
CUS_0x68be,26938.02,2277.835,3,5,8,4,18,10,6.43,40,579.96,30.17402093307409,79.04761037712251,42.17741030796071,356.55847931491684,2024-05-01,2025-10-06 10:51:36.43,18,0,0,0,0,1,1,0,0,1,0,1,0,0,0,0,1,0,0,0,1,0,0,0,0,0
CUS_0x8363,58564.62,4752.385,5,7,24,3,14,18,19.44,120,2044.39,26.832644759482942,102.57780417354824,176.9202023082141,445.7404935182377,2024-05-01,2025-10-06 10:51:36.43,10,5,0,0,0,1,0,1,0,1,0,1,0,0,0,0,1,0,0,0,1,0,0,0,0,0
CUS_0x162f,9743.96,889.9966666666666,8,7,4,4,20,12,9.98,50,625.73,21.99770365688404,18.85845156233991,70.83848547289192,289.30272963143483,2024-05-01,2025-10-06 10:51:36.43,16,11,0,0,0,0,1,0,1,1,1,0,1,0,0,1,0,0,0,0,0,0,1,0,0,0
CUS_0x3de4,56544.0,4524.0,9,1328,20,9,52,20,27.18,90,4247.61,38.854268100930575,281.5836300719024,47.01410087309741,363.8022690550001,2024-05-01,2025-10-06 10:51:36.43,7,6,1,0,1,1,1,0,1,0,1,0,0,0,0,0,0,1,0,0,0,0,0,0,0,1
CUS_0x1233,42112.56,3511.38,5,6,9,4,1,3,0.0,40,1052.71,25.03652442406168,132.19354223673596,218.91425990052966,290.0301978627343,2024-05-01,2025-10-06 10:51:36.43,16,10,0,1,0,1,1,0,0,0,0,0,1,0,0,1,0,0,0,0,0,0,1,0,0,0
CUS_0x29e7,10203.99,1119.3325,6,10,30,3,15,8,8.53,120,1710.59,29.96005142710144,16.576583289658963,10000.0,306.13106270624473,2024-05-01,2025-10-06 10:51:36.43,5,8,0,0,1,0,0,1,1,0,0,1,0,0,0,0,1,0,0,0,0,0,0,0,1,0
CUS_0x4838,103007.7,8637.975,1,3,4,3,9,3,0.73,50,904.53,35.80546386106064,224.4373279269476,162.0671545307936,717.293017542259,2024-05-01,2025-10-06 10:51:36.43,20,2,1,0,1,0,0,1,0,0,0,0,1,0,0,1,0,0,0,0,0,1,0,0,0,0
CUS_0xeb9,9637.635,663.13625,7,7,28,6,40,18,1.3200000000000005,110,2574.11,29.179500048434047,42.46995944778222,62.95142194378824,250.89224360842957,2024-05-01,2025-10-06 10:51:36.43,9,8,0,1,0,0,0,0,1,1,0,1,0,0,0,0,0,1,0,0,0,0,1,0,0,0
CUS_0x4ee7,128502.38999999998,10530.5325,1,4,11,0,2,5,8.53,80,1422.93,39.29394568619608,0.0,710.2082148250224,602.8450351749774,2024-05-01,2025-10-06 10:51:36.43,21,10,0,0,0,0,0,0,0,0,0,0,1,0,0,1,0,0,0,1,0,0,0,0,0,0
CUS_0x56a5,38933.58,3432.465,4,7,9,3,15,12,4.84,30,149.0,23.77929509946917,78.40985092746416,436.21393700850615,118.62271206402966,2024-05-01,2025-10-06 10:51:36.43,31,9,1,0,0,0,0,0,0,0,0,0,0,0,0,1,0,0,0,0,0,0,1,0,0,0
CUS_0x766b,84094.1,6874.841666666667,0,2,3,3,1,12,11.12,40,554.82,41.0011086202774,185.2324779907228,281.6509752277022,490.60071344824183,2024-05-01,2025-10-06 10:51:36.43,23,4,0,0,0,1,0,1,0,0,1,0,1,0,0,0,0,0,1,0,0,0,0,0,1,0
CUS_0x9127,32808.09,2968.0075,3,7,13,1,16,13,5.57,10,676.54,27.948200810359587,15.68867436807238,85.15362352698448,455.95845210494315,2024-05-01,2025-10-06 10:51:36.43,32,8,0,0,0,0,0,0,0,0,1,0,1,0,0,0,1,0,0,0,0,0,0,0,0,1
CUS_0x954e,95187.6,7912.3,4,7,15,0,7,15,3.29,20,1249.88,37.794666351420986,0.0,118.92568225615143,912.3043177438484,2024-05-01,2025-10-06 10:51:36.43,30,10,0,0,0,0,0,0,0,0,0,1,0,0,0,0,0,0,1,0,0,1,0,0,0,0
CUS_0xa666,31153.48,2543.123333333333,2,5,9,3,14,9,5.96,50,737.93,29.433256742468764,68.46128852529768,105.86270402297116,329.9883407850645,2024-05-01,2025-10-06 10:51:36.43,18,8,0,0,0,0,0,0,1,1,1,0,1,0,0,1,0,0,0,0,1,0,0,0,0,0
CUS_0xab13,45367.94,4031.661666666667,4,4,4,2,5,19,7.6,30,43.92,32.14524904288827,68.77066952079372,229.94875605470355,364.44674109116943,2024-05-01,2025-10-06 10:51:36.43,31,2,0,1,0,0,1,0,0,0,0,0,1,0,0,0,1,0,0,0,0,0,0,0,0,1
CUS_0xb108,57449.79,4907.4825,8,8,26,6,63,23,5.64,140,3990.44,24.7976765727208,278.90419530033785,590.7974187676774,383.20977129400717,2024-05-01,2025-10-06 10:51:36.43,7,0,0,1,1,0,0,0,1,1,0,1,0,0,0,0,0,0,1,0,0,0,1,0,0,0
CUS_0x1249,9529.855,688.1545833333333,9,8,26,3,50,15,7.2,100,1818.36,35.67904963474193,12.010942528772643,50.6320354592125,296.1724803453482,2024-05-01,2025-10-06 10:51:36.43,7,2,0,1,0,0,1,0,0,1,0,1,0,0,0,0,0,1,0,0,0,0,1,0,0,0
CUS_0x1dab,10622.485,722.2070833333332,6,4,8,4,19,13,9.31,10,1335.49,30.19150046294264,20.08372380406877,27.02597514382118,285.11100938544337,2024-05-01,2025-10-06 10:51:36.43,15,11,0,0,0,1,0,0,1,0,0,1,0,0,0,0,0,0,1,1,0,0,0,0,0,0
CUS_0x7f08,9888.7,829.9135224981819,8,7,33,5,21,17,21.5,100,1416.74,28.00755549366795,100.78284596687428,26.863192171138376,284.7046060304721,2024-05-01,2025-10-06 10:51:36.43,7,2,1,0,1,0,1,0,0,1,0,1,0,0,0,0,1,0,0,0,1,0,0,0,0,0
CUS_0xc2d8,16221.07,1510.7558333333334,0,3,3,2,9,6,5.39,20,197.05,35.73684156366425,19.251995593865928,25.272974933146372,356.55061280632106,2024-05-01,2025-10-06 10:51:36.43,16,6,0,1,0,0,0,0,1,0,0,0,1,0,0,1,0,0,0,0,1,0,0,0,0,0
CUS_0x3d09,33199.8,2326.6907638407165,7,10,22,6,26,18,12.0,150,1935.68,30.316343616801795,282.2892593157832,83.18633284244706,336.2486440010536,2024-05-01,2025-10-06 10:51:36.43,13,6,0,1,1,0,0,1,1,0,1,1,0,0,0,0,0,0,1,0,0,0,0,0,1,0
CUS_0x9e6c,44360.46,3743.705,3,4,13,0,27,16,7.91,70,565.04,30.86135699625273,0.0,216.83039296176426,417.54010703823576,2024-05-01,2025-10-06 10:51:36.43,30,11,0,0,0,0,0,0,0,0,0,1,0,0,0,0,1,0,0,1,0,0,0,0,0,0
CUS_0x901c,15577.01,1383.0841666666668,6,5,24,4,25,18,10.63,120,2173.67,38.16743663319696,50.87262730882666,103.71352877420586,273.7222605836342,2024-05-01,2025-10-06 10:51:36.43,6,0,0,0,1,1,0,1,0,0,0,1,0,0,0,0,0,1,0,0,0,0,1,0,0,0
CUS_0x9c38,61922.67,5090.2225,10,6,34,5,22,19,7.28,100,2270.42,37.11519452035784,32134.0,60.52304143085758,505.63523481005967,2024-05-01,2025-10-06 10:51:36.43,10,9,1,1,0,0,1,0,1,1,0,0,0,0,0,0,0,1,0,0,0,1,0,0,0,0
CUS_0x9b9,58468.08,4592.34,10,9,28,5,29,8,11.93,150,1447.46,35.576392682584235,169.46515645417855,51.995206971318034,487.7736365745035,2024-05-01,2025-10-06 10:51:36.43,8,0,1,0,0,0,0,0,1,0,0,1,0,0,0,0,1,0,0,0,1,0,0,0,0,0
CUS_0x1a22,32344.64,2657.3866666666668,6,7,20,6,32,21,33.739999999999995,60,2681.27,27.04837355245281,154.42644979728755,164.1945765875738,227.1176402818053,2024-05-01,2025-10-06 10:51:36.43,14,0,1,1,0,0,0,1,1,1,0,1,0,0,0,0,0,0,1,0,0,0,0,1,0,0
CUS_0x974f,26025.94,2221.828333333333,8,7,7,0,30,17,9.23,10,669.99,33.0135707099896,0.0,261.71905575509203,250.46377757824138,2024-05-01,2025-10-06 10:51:36.43,23,8,0,0,0,0,0,0,0,0,0,1,0,0,0,0,0,0,1,0,0,0,0,0,0,1
CUS_0xb432,44890.9,3715.908333333333,3,7,6,4,11,8,5.45,0,1347.65,33.810231054142854,83.72378732184616,98.93553226382149,438.9315137476658,2024-05-01,2025-10-06 10:51:36.43,19,6,1,0,0,0,0,0,1,1,0,0,0,0,0,1,0,0,0,0,1,0,0,0,0,0
CUS_0xa3a9,97575.9,7850.325,7,472,15,2,7,15,2.39,60,366.88,26.28349773607743,152.06027061935222,773.9149318597861,139.05729752086188,2024-05-01,2025-10-06 10:51:36.43,22,2,0,0,0,0,0,0,1,0,0,0,1,0,0,0,1,0,0,0,0,0,0,1,0,0
CUS_0x48cb,9934.62,897.8850000000001,10,5,15,5,31,19,29.98,140,2743.33,39.45918620165421,35.267746174055254,48.18091349703386,266.3398403289109,2024-05-01,2025-10-06 10:51:36.43,2,9,1,1,0,0,0,0,1,1,1,1,0,0,0,0,0,1,0,1,0,0,0,0,0,0
CUS_0xc26a,37080.88,3347.0733333333333,7,7,29,9,34,24,21.96,8580,3004.98,33.756785606936816,222.0722164981464,351.69910965661813,50.93600717856887,2024-05-01,2025-10-06 10:51:36.43,5,4,0,1,0,1,0,1,1,1,1,0,0,0,0,0,0,1,0,0,0,0,1,0,0,0
CUS_0x1185,18963.65,1794.3041666666668,4,8,29,6,27,7,13.04,110,2422.18,26.01558081219003,64.12529496657565,60.75560555668723,304.5495161434038,2024-05-01,2025-10-06 10:51:36.43,7,0,0,0,1,1,1,1,0,1,1,1,0,0,0,0,1,0,0,0,1,0,0,0,0,0
CUS_0x44b4,97637.4,8159.45,3,6,3,1,18,14,7.15,10,82.11,41.66255980039488,48.95227219473077,303.8221437178302,713.1705840874391,2024-05-01,2025-10-06 10:51:36.43,25,11,0,0,1,0,0,0,0,0,0,0,1,0,0,1,0,0,0,0,1,0,0,0,0,0
CUS_0xa2f0,22428.96,2065.08,7,3,16,1,10,14,1.29,0,1299.61,34.722306611530115,15.329064693223396,203.60018263570717,277.5787526710694,2024-05-01,2025-10-06 10:51:36.43,24,2,0,0,0,0,1,0,0,0,0,0,0,0,0,0,1,0,0,0,0,0,1,0,0,0
CUS_0xbe1,55188.52,4876.043333333333,5,4,8,0,28,16,5.84,40,299.91,37.47471599453412,0.0,131.3904913506075,606.2138419827259,2024-05-01,2025-10-06 10:51:36.43,21,10,0,0,0,0,0,0,0,0,0,0,0,0,0,0,0,0,1,0,1,0,0,0,0,0
CUS_0xc571,79494.4,6501.533333333333,4,3,22,5,8,10,10.92,120,2307.13,37.09115320710573,268.45940163869653,10000.0,576.4176050682372,2024-05-01,2025-10-06 10:51:36.43,18,0,1,0,1,1,0,1,1,0,0,1,0,0,0,0,0,0,1,0,0,0,0,0,0,1
CUS_0x785,100536.2,8310.016666666666,3,4,14,4,24,17,11.64,30,412.77,29.84730021033173,224.88405012184813,209.06496604981086,637.0526504950076,2024-05-01,2025-10-06 10:51:36.43,16,9,0,0,1,0,1,1,0,0,1,1,0,0,0,0,1,0,0,0,0,1,0,0,0,0
CUS_0x8380,17271.6,1496.3,9,6,23,6,60,27,9.2,130,2594.46,34.35956850437521,56.6832109016507,92.69259769357521,280.2541914047741,2024-05-01,2025-10-06 10:51:36.43,16,0,0,1,1,0,1,1,0,0,0,1,0,0,0,0,0,1,0,0,0,0,0,1,0,0
CUS_0x91df,129695.72,10589.976666666667,1,4,1,2,11,8,4.34,30,1446.6,33.21126162792958,192.32609826080227,667.9410336542279,478.73053475163664,2024-05-01,2025-10-06 10:51:36.43,17,0,0,0,1,0,0,0,1,0,0,0,1,0,0,0,0,0,1,0,0,0,0,1,0,0
CUS_0x5cdf,75273.24,6424.022011446845,8,6,32,5,50,11,12.8,80,2497.34,39.12441778394828,351.36704467467814,369.49172024092206,343.1662236375567,2024-05-01,2025-10-06 10:51:36.43,5,9,0,0,1,0,0,0,1,1,1,1,0,0,0,0,1,0,0,0,0,0,0,1,0,0
CUS_0x8336,26738.26,2058.188333333333,7,6,20,6,10,13,22.85,110,828.93,27.249859890089827,86.26335628826408,234.58208127247602,174.97339577259322,2024-05-01,2025-10-06 10:51:36.43,6,8,0,1,1,0,1,1,1,0,1,1,0,0,0,0,0,0,1,0,0,0,1,0,0,0
CUS_0x8464,36403.98,3012.6650000000004,6,5,17,6,22,10,16.89,70,524.79,28.34228018577797,133.1854954468626,97.78746523946472,330.29353931367274,2024-05-01,2025-10-06 10:51:36.43,15,11,1,1,1,0,0,0,1,1,1,1,0,0,0,0,1,0,0,1,0,0,0,0,0,0
CUS_0xf7d,57437.4,4916.45,9,5,31,7,39,16,15.85,70,2625.73,27.15541054152369,175.0096263802841,90.24302115521505,476.3923524645009,2024-05-01,2025-10-06 10:51:36.43,9,5,1,1,0,1,0,0,0,1,1,0,0,0,0,0,0,0,1,0,1,0,0,0,0,0
CUS_0x7414,48305.18,4314.431666666667,8,7,7,2,24,12,8.19,50,1410.73,35.568526908997484,42.22270574008596,75.35024978487931,563.8702111417015,2024-05-01,2025-10-06 10:51:36.43,22,6,0,1,0,0,0,0,0,1,0,1,0,0,0,0,1,0,0,0,1,0,0,0,0,0
CUS_0x8f02,40330.08,3271.84,5,6,3,4,10,5,7.79,50,613.91,36.26904492386921,108.80262549455244,63.221800807110434,417.1104059571096,2024-05-01,2025-10-06 10:51:36.43,20,11,1,0,0,1,1,0,1,0,0,0,1,0,0,1,0,0,0,0,1,0,0,0,0,0
CUS_0x6dc5,34860.05,2622.004166666667,3,1,10,3,14,0,9.6,20,1218.18,37.3084069217514,51.29232525693208,80.98137869357716,399.9267127161575,2024-05-01,2025-10-06 10:51:36.43,22,11,0,1,0,0,1,1,0,0,0,0,0,0,0,1,0,0,0,0,0,0,0,0,1,0
CUS_0x2e9e,29745.08,2434.7566666666667,1,4,3,0,13,11,7.69,20,438.28,41.25240583130793,0.0,85.56365569863401,427.9120109680327,2024-05-01,2025-10-06 10:51:36.43,27,9,0,0,0,0,0,0,0,0,0,0,1,0,0,1,0,0,0,0,0,0,0,0,1,0
CUS_0x4c9f,30587.68,2759.973333333333,6,7,15,6,9,20,13.77,80,1005.5,37.58656770774042,108.11916371343357,151.54571491992647,296.33245469997337,2024-05-01,2025-10-06 10:51:36.43,15,4,1,0,0,1,0,0,1,0,1,1,0,0,0,0,1,0,0,0,0,0,0,1,0,0
CUS_0xb276,64090.04,4735.522445686195,4,7,8,2,0,8,6.7,90,386.16,24.631412713531,604.3509939598088,99.42240021063354,572.3244934766958,2024-05-01,2025-10-06 10:51:36.43,19,6,0,1,0,0,0,0,0,0,1,0,1,0,0,1,0,0,0,0,1,0,0,0,0,0
CUS_0xc00f,57617.88,4398.371681346484,6,9,26,9,49,25,2.49,60,1747.08,26.132056189963368,635.08808203018,490.8963654035558,287.65787302278613,2024-05-01,2025-10-06 10:51:36.43,6,10,0,1,1,1,1,1,1,1,0,1,0,0,0,0,0,1,0,0,0,0,1,0,0,0
CUS_0x3f47,53071.47,4656.6225,8,5,2620,8,44,19,8.05,100,1740.38,26.52877462243205,54574.0,191.21481720128844,345.96398475080633,2024-05-01,2025-10-06 10:51:36.43,19,2,1,0,1,0,0,1,1,1,0,1,0,0,0,0,0,1,0,0,0,0,0,1,0,0
CUS_0x4aee,42956.58,3665.715,5,3,2,0,14,8,1.16,40,541.7,36.449470430002,0.0,10000.0,502.10362126924963,2024-05-01,2025-10-06 10:51:36.43,22,5,0,0,0,0,0,0,0,0,0,0,1,0,0,1,0,0,0,0,1,0,0,0,0,0
CUS_0x6d25,40908.16,3273.013333333334,0,7,10,0,12,8,8.01,40,1210.4,27.9315343276002,0.0,295.0757056303292,302.22562770300425,2024-05-01,2025-10-06 10:51:36.43,17,5,0,0,0,0,0,0,0,0,0,0,1,0,0,1,0,0,0,0,0,0,0,0,1,0
CUS_0x1e76,35361.27,3112.7725,4,6,7,0,14,2,5.91,50,982.38,33.254650227155864,0.0,199.19755538464432,372.07969461535566,2024-05-01,2025-10-06 10:51:36.43,17,2,0,0,0,0,0,0,0,0,0,0,1,0,0,1,0,0,0,1,0,0,0,0,0,0
CUS_0x260b,81066.76,7043.563333333333,8,8,24,2,51,15,12.53,110,2345.24,25.82514987703448,108.44673756048812,193.1447697858849,682.7648259869602,2024-05-01,2025-10-06 10:51:36.43,8,2,0,0,0,0,1,0,1,0,0,1,0,0,0,0,0,0,1,0,0,0,0,1,0,0
CUS_0x42c3,40056.1,3391.008333333333,6,4,13,3,29,15,5.02,20,182.58,29.84968644519856,76.83324885387147,82.69350604207109,429.5740784373908,2024-05-01,2025-10-06 10:51:36.43,32,7,0,1,0,0,0,0,0,0,1,0,1,0,0,0,1,0,0,0,1,0,0,0,0,0
CUS_0x1b62,8805.955,525.8295833333333,6,5,19,4,18,13,13.04,100,584.78,27.776876907273287,23.5773532899226,41.427589512153006,257.57801553125773,2024-05-01,2025-10-06 10:51:36.43,10,2,0,0,1,0,1,1,0,0,0,1,0,0,0,0,1,0,0,0,0,0,0,0,1,0
CUS_0x457e,59343.12,4919.26,7,7,8,0,15,12,17.27,40,9.32,39.5618241088031,0.0,123.45654719780038,618.4694528021996,2024-05-01,2025-10-06 10:51:36.43,21,3,0,0,0,0,0,0,0,0,0,1,0,0,0,0,1,0,0,0,1,0,0,0,0,0
CUS_0x82ff,35366.38,2816.1983333333333,9,5,29,8,26,24,18.35,80,4456.34,25.93645038192215,140.7618721665133,186.78575136377304,234.072209803047,2024-05-01,2025-10-06 10:51:36.43,10,3,1,1,1,0,1,1,0,0,0,1,0,0,0,0,0,1,0,0,0,0,0,1,0,0
CUS_0x8a04,18717.02,1294.7516666666668,8,5,15,5,4,18,15.3,100,2103.99,29.05066679848906,60.64699329311761,66.72044915641453,292.1077242171345,2024-05-01,2025-10-06 10:51:36.43,15,11,0,0,1,1,1,0,0,0,1,1,0,0,0,0,1,0,0,0,0,0,1,0,0,0
CUS_0xbe9,1.064858E7,1054.075833333333,5,4,5,1,24,7,0.75,40,192.25,35.295458813889326,10.421803798369153,108.2745679648323,266.71121157013187,2024-05-01,2025-10-06 10:51:36.43,31,2,0,0,0,0,1,0,0,0,0,0,1,0,0,0,0,0,1,0,0,0,0,1,0,0
CUS_0x1ce6,65635.12,5762.593333333332,7,7,20,5,40,16,2.21,80,1250.01,25.76426291705253,180.1874058663947,71.59888324756855,564.4730442193701,2024-05-01,2025-10-06 10:51:36.43,12,9,0,0,1,0,1,1,0,1,1,1,0,0,0,0,0,1,0,0,0,1,0,0,0,0
CUS_0x48e5,107068.92,8657.41,3,3,5,3,8,13,11.69,70,122.31,38.61206228236863,211.87092824406523,127.22124092702083,766.6488308289139,2024-05-01,2025-10-06 10:51:36.43,18,4,1,0,0,0,0,1,1,0,0,1,0,0,0,0,1,0,0,0,0,1,0,0,0,0
CUS_0x753,29416.29,2151.3575,4,5,5,4,9,6,0.97,20,905.18,33.07414845692131,93.32743827639888,184.6156064799109,227.1927052436902,2024-05-01,2025-10-06 10:51:36.43,24,10,0,0,0,0,1,0,1,0,1,0,1,0,0,1,0,0,0,0,0,0,1,0,0,0
CUS_0x8201,68948.32,5671.693333333334,4,2,4,1,8,10,7.29,60,287.63,27.196336201510924,57.21828801735872,547.0352928314991,242.91575248447566,2024-05-01,2025-10-06 10:51:36.43,16,11,0,1,0,0,0,0,0,0,0,0,1,0,0,1,0,0,0,0,0,0,0,1,0,0
CUS_0x8430,57744.68,4824.056666666666,4,6,9,4,8,10,3.29,60,674.36,25.7400683561868,189.7556355746508,203.2606945928529,379.3893364991629,2024-05-01,2025-10-06 10:51:36.43,23,5,1,0,1,0,0,0,0,0,0,0,1,0,0,1,0,0,0,0,0,0,1,0,0,0
CUS_0x4c62,35586.4,2796.5333333333333,5,5,6,6,12,17,14.68,100,1355.24,29.60292798775368,137.65589403875794,233.06947487569684,178.92796441887864,2024-05-01,2025-10-06 10:51:36.43,18,3,0,1,1,1,0,1,0,0,0,1,0,0,0,0,1,0,0,0,0,0,0,0,1,0
CUS_0xe03,82565.52,6917.46,3,7,6,3,15,10,19.37,50,445.9,30.464171963687047,164.1610445418341,115.81412363685328,651.7708318213126,2024-05-01,2025-10-06 10:51:36.43,17,3,0,0,1,0,1,0,0,1,0,1,0,0,0,0,1,0,0,0,0,1,0,0,0,0
CUS_0x1075,24709.33,1933.468717801689,5,5,6,3,27,11,7.0,14970,413.18,32.76125199236517,196.02716159875592,120.55873988527756,334.6672973809443,2024-05-01,2025-10-06 10:51:36.43,17,10,0,0,0,1,0,1,0,0,1,0,1,0,0,0,0,0,1,0,0,0,1,0,0,0
CUS_0x2ebb,85710.48,7438.54,6,4,5,3,12,20,5.08,50,434.31,40.55511813591282,174.3188286211691,201.33475535660847,628.2004160222225,2024-05-01,2025-10-06 10:51:36.43,17,4,1,0,1,0,0,0,0,0,0,0,1,0,0,1,0,0,0,1,0,0,0,0,0,0
CUS_0x6320,72309.42,6135.785,1,5,2,0,10,11,4.29,10,493.99,39.24678756122632,0.0,71.45881288987556,782.1196871101245,2024-05-01,2025-10-06 10:51:36.43,32,7,0,0,0,0,0,0,0,0,0,0,1,0,0,1,0,0,0,0,0,1,0,0,0,0
CUS_0x1dac,72886.08,5805.84,882,9,30,9,58,17,18.19,90,3839.64,38.56716503066517,331.71951010181215,299.1377264110828,299.9934763774976,2024-05-01,2025-10-06 10:51:36.43,7,11,0,1,1,0,0,1,1,0,0,1,0,0,0,0,0,1,0,0,0,0,0,1,0,0
CUS_0x302f,88714.41,7504.8675,4,4,12,0,0,3,9.12,30,643.75,22.83840332508135,47.81724751557965,516.3277912132891,446.3417112711314,2024-05-01,2025-10-06 10:51:36.43,16,0,1,0,0,0,0,0,0,0,0,0,1,0,0,1,0,0,0,1,0,0,0,0,0,0
CUS_0x4cb8,68299.04,5887.586666666666,3,5,4,2,11,2,0.44,50,395.22,22.90610856290056,81.07807107734321,406.08046452059034,381.60013106873305,2024-05-01,2025-10-06 10:51:36.43,28,6,0,0,0,0,1,0,0,0,0,0,1,0,0,1,0,0,0,0,0,0,0,1,0,0
CUS_0x5379,73458.16,6151.513333333332,1,4,2828,4,8,1,5.31,50,121.79,34.12104604497505,139.61735170622543,125.37831893881331,590.1556626882946,2024-05-01,2025-10-06 10:51:36.43,16,10,0,0,1,0,0,0,0,1,1,0,1,0,0,1,0,0,0,0,0,1,0,0,0,0
CUS_0x58d4,108057.12,8067.3126666749295,1,4,9,4,10,10,0.92,70,173.56,27.207144557196425,1042.25203963996,467.92369940923516,367.94759427587485,2024-05-01,2025-10-06 10:51:36.43,20,6,0,0,0,0,1,1,1,0,0,0,1,0,0,1,0,0,0,0,0,0,0,1,0,0
CUS_0x6a84,69279.38,5836.281666666668,3,5,8,0,6,10,9.25,30,1475.0,36.51905729306544,0.0,217.54806026064173,616.0801064060248,2024-05-01,2025-10-06 10:51:36.43,20,6,0,0,0,0,0,0,0,0,0,0,1,0,0,0,0,0,1,0,0,0,0,0,0,1
CUS_0x77f8,80942.22,6630.185,5,1,11,0,15,2,7.13,40,405.01,27.283347174327588,0.0,566.6193273925372,386.39917260746284,2024-05-01,2025-10-06 10:51:36.43,31,6,0,0,0,0,0,0,0,0,0,0,1,0,0,0,0,0,1,0,0,0,1,0,0,0
CUS_0x8936,18979.35,1712.6125,8,10,29,7,30,9,16.12,130,1472.35,31.781890135032377,95.00727385353672,85.9437457039847,260.3102304424786,2024-05-01,2025-10-06 10:51:36.43,13,8,1,0,1,1,0,0,1,0,1,1,0,0,0,0,1,0,0,0,0,0,0,0,1,0
CUS_0xde1,21453.93,1600.8275,6,4,9,0,26,14,10.96,10,162.76,30.82307303008655,0.0,53.80543535354745,376.2773146464526,2024-05-01,2025-10-06 10:51:36.43,33,0,0,0,0,0,0,0,0,0,0,0,1,0,0,0,1,0,0,0,0,0,0,0,1,0
CUS_0x2703,18661.91,1305.1591666666666,6,6,27,8,15,26,15.81,140,4736.08,25.792843315544086,65.31669775791117,10000.0,268.5375734126892,2024-05-01,2025-10-06 10:51:36.43,11,0,1,1,1,1,1,0,1,0,0,1,0,0,0,0,0,1,0,0,0,0,1,0,0,0
CUS_0x2e65,40167.84,3532.32,7,5,5,1,8,17,11.59,40,277.38,34.606928065590374,19.025280248359067,62.605928128958205,511.60079162268266,2024-05-01,2025-10-06 10:51:36.43,17,4,0,0,0,0,0,0,0,0,1,1,0,0,0,0,1,0,0,0,0,1,0,0,0,0
CUS_0x7f4b,31920.78,2690.065,1,3,10,1,0,3,0.97,20,280.11,24.230582350818214,15.34406130863702,81.14994412519351,442.5124945661695,2024-05-01,2025-10-06 10:51:36.43,17,11,0,0,0,0,0,1,0,0,0,0,1,0,0,1,0,0,0,0,0,0,0,0,1,0
CUS_0x7226,58871.28,5042.94,5,4,9,4,0,10,8.73,40,1465.8,24.70147094358993,167.0765791621539,271.53722221753293,355.6801986203132,2024-05-01,2025-10-06 10:51:36.43,33,2,1,0,1,0,0,0,0,1,0,0,0,0,0,1,0,0,0,0,0,0,1,0,0,0
CUS_0x839e,14584.155,959.34625,4,6,4,3,19,12,10.46,60,883.9,35.543835467295104,24.71282860421116,53.14761878167202,298.0741776141168,2024-05-01,2025-10-06 10:51:36.43,31,0,1,0,0,0,1,0,0,0,1,0,0,0,0,0,1,0,0,0,0,0,0,0,0,1
CUS_0xaa9e,24629.46,1703.8655211455814,5,3,15,0,9,9,7.85,50,1237.39,27.95126755912853,260.58947885441825,71.0382609474557,385.4072390525443,2024-05-01,2025-10-06 10:51:36.43,16,11,0,0,0,0,0,0,0,0,0,0,0,0,0,0,1,0,0,1,0,0,0,0,0,0
CUS_0x246a,8283.985,764.3320833333332,8,4,17,5,26,9,15.47,60,1225.06,40.41066659389371,27.717669924871537,63.19736279255647,275.5181756159053,2024-05-01,2025-10-06 10:51:36.43,12,8,1,1,0,0,0,1,0,0,0,1,0,0,0,0,1,0,0,0,0,0,1,0,0,0
CUS_0x331a,17767.41,1407.6175,6,10,28,5,36,21,8.73,90,2595.94,39.87138439694522,65.48999469784222,66.86909317161626,298.4026621305416,2024-05-01,2025-10-06 10:51:36.43,10,5,0,0,1,0,1,1,0,0,0,1,0,0,0,0,0,0,1,0,0,0,1,0,0,0
CUS_0x66e0,20256.39,1971.0325,8,6,21,7,52,17,14.89,150,1803.77,33.78781750483221,70.63605834281462,225.0701397751852,191.3970518820002,2024-05-01,2025-10-06 10:51:36.43,9,8,0,1,0,0,1,1,0,1,1,1,0,0,0,0,0,1,0,0,0,0,1,0,0,0
CUS_0x7e30,112743.08,9463.256666666666,3,6,2,3,4,3,4.37,40,782.51,31.8154798637918,235.7798989501266,589.1088156284916,381.43695208804843,2024-05-01,2025-10-06 10:51:36.43,16,6,0,0,0,1,1,0,0,0,0,0,1,0,0,0,0,0,1,1,0,0,0,0,0,0
CUS_0xb451,63675.84,5296.32,10,9,24,8,20,23,16.09,20010,3841.48,33.105314786031286,242.19530305193456,240.9608721357051,336.4758248123603,2024-05-01,2025-10-06 10:51:36.43,7,6,0,0,1,1,0,0,1,1,1,1,0,0,0,0,0,1,0,0,0,0,1,0,0,0
CUS_0x793f,51182.85000000001,3983.2375,6,9,21,7,16,25,17.43,60,4822.72,23.013895253093988,268.1975042138929,494.1963175464933,120.18622940913002,2024-05-01,2025-10-06 10:51:36.43,10,10,0,1,1,0,0,1,1,1,0,1,0,0,0,0,0,1,0,0,0,0,1,0,0,0
CUS_0x2306,73455.03,6367.2525,8,4,7,2,10,8,8.83,70,833.37,31.95120466159515,86.49480091004787,317.38442122447105,512.8460278654811,2024-05-01,2025-10-06 10:51:36.43,30,0,0,0,1,0,1,0,0,0,0,0,0,0,0,0,0,0,1,0,0,0,0,1,0,0
CUS_0x3385,1.1308032E7,2836.380833333333,5,4,15,1,10,19,14.46,10,982.98,38.3160129827704,24.55212741922102,57.39333232624136,451.69262358787097,2024-05-01,2025-10-06 10:51:36.43,21,2,0,0,0,0,1,0,0,0,0,1,0,0,0,0,0,0,1,0,1,0,0,0,0,0
CUS_0x6f74,18623.41,1764.950833333333,8,7,21,4,54,13,15.41,130,2454.73,34.687250117594,58.517943082334696,48.108139440708904,329.8690008102898,2024-05-01,2025-10-06 10:51:36.43,20,4,0,0,1,1,1,0,0,0,1,1,0,0,0,0,1,0,0,1,0,0,0,0,0,0
CUS_0x724a,14012.055,1464.67125,4,6,14,3,30,8,2.8,30,702.16,22.35618558865702,29.837981487470213,197.34583615641486,209.28330735611493,2024-05-01,2025-10-06 10:51:36.43,15,11,1,0,1,0,0,1,0,0,0,0,1,0,0,0,1,0,0,0,0,0,1,0,0,0
CUS_0x8543,36637.1,3069.0916666666667,7,6,15,2,18,1177,11.39,50,68.98,31.637389454077773,50.96763021392703,10000.0,160.64863939121582,2024-05-01,2025-10-06 10:51:36.43,27,11,1,0,0,0,0,1,0,0,0,0,0,0,0,0,1,0,0,0,0,0,0,0,0,1
CUS_0x45f7,19853.35,1613.0032412063474,7,4,6,2,25,17,11.63,20,816.46,29.85795807199153,141.5145576001361,68.85193779899774,325.7206800611853,2024-05-01,2025-10-06 10:51:36.43,19,4,0,0,0,0,0,0,1,0,1,0,1,0,0,0,1,0,0,0,1,0,0,0,0,0
CUS_0x15a7,120368.32,10210.693333333336,1,7,12,3,1,9,8.87,10,785.01,39.00212050225493,288.94969199284304,338.30237913918234,643.8172622013083,2024-05-01,2025-10-06 10:51:36.43,21,10,1,0,0,0,1,0,0,1,0,0,1,0,0,1,0,0,0,0,1,0,0,0,0,0
CUS_0x23e5,31563.9,2808.3250000000007,10,10,19,5,24,22,8.44,80,2241.78,40.12935381903881,99.5232497682634,69.08564156316595,362.2236086685707,2024-05-01,2025-10-06 10:51:36.43,13,10,1,0,0,0,1,1,1,0,0,1,0,0,0,0,0,0,1,0,1,0,0,0,0,0
CUS_0x2be1,17623.09,1227.5908333333334,10,5,16,7,46,19,12.7,110,2847.24,31.363508817372196,68.13723211481158,95.4350821005525,249.18676911796928,2024-05-01,2025-10-06 10:51:36.43,6,2,1,0,1,1,1,0,0,1,1,1,0,0,0,0,0,1,0,0,0,0,1,0,0,0
CUS_0x6854,42150.69,2927.2784657120146,3,3,6,1,4,11,7.87,40,1013.95,29.076308452491865,465.6457910309625,69.33913690064718,483.24985635637626,2024-05-01,2025-10-06 10:51:36.43,31,5,0,0,0,0,0,0,1,0,0,0,1,0,0,1,0,0,0,0,1,0,0,0,0,0
CUS_0x7736,8930.885,842.2404166666665,10,6,17,8,18,21,24.52,100,3377.5,28.089067334442163,33.59607244455133,26.070247099018694,304.5577221230966,2024-05-01,2025-10-06 10:51:36.43,1,4,0,1,1,1,0,0,1,1,1,1,0,0,0,0,0,0,1,0,0,0,0,1,0,0
CUS_0xad18,17946.85,1437.5708333333332,8,10,33,6,41,22,22.61,70,4348.48,26.972420344246277,53.61062329648181,135.24065853744628,244.9058014994052,2024-05-01,2025-10-06 10:51:36.43,6,11,1,1,0,0,0,1,1,1,0,1,0,0,0,0,0,0,1,0,0,0,1,0,0,0
CUS_0x8d3f,24995.92,2099.9933333333333,5,3,8,3,21,6,8.07,30,968.32,38.52895294059741,45.91062371157364,47.652694800408476,366.43601482135125,2024-05-01,2025-10-06 10:51:36.43,28,9,0,1,0,0,0,0,1,0,0,1,0,0,0,0,1,0,0,0,1,0,0,0,0,0
CUS_0xab6e,20974.05,1914.8375,7,8,27,6,38,12,14.54,120,1460.23,30.381225768257785,83.76324659787207,80.05399086654646,317.66651253558143,2024-05-01,2025-10-06 10:51:36.43,12,11,0,1,1,0,0,0,1,1,1,1,0,0,0,0,1,0,0,0,0,0,1,0,0,0
CUS_0x4357,17187.48,1707.29,6,5,9,0,5,13,17.98,90,1453.63,38.78288328530269,0.0,100.02464038186773,360.70435961813234,2024-05-01,2025-10-06 10:51:36.43,11,0,0,0,0,0,0,0,0,0,0,1,0,0,0,0,1,0,0,0,0,0,1,0,0,0
CUS_0x7387,59119.74000000001,4846.645,10,7,16,0,55,9,7.02,110,1501.19,32.17596307068194,312.4433517143036,10000.0,200.13047507631077,2024-05-01,2025-10-06 10:51:36.43,6,9,1,1,0,0,0,1,1,1,0,1,0,0,0,0,1,0,0,0,0,0,1,0,0,0
CUS_0x29fd,7709.625,625.46875,7,9,31,6,28,18,12.01,140,2518.98,37.19924264587536,55488.0,0.0,272.6830922246957,2024-05-01,2025-10-06 10:51:36.43,8,9,1,0,1,1,1,0,0,0,1,1,0,0,0,0,0,0,1,0,0,1,0,0,0,0
CUS_0x38c4,83359.08,6767.181856853233,8,6,13,3,22,10,10.42,0,1024.19,30.71304383538723,590.5575368855424,242.40956126181885,535.3000449994059,2024-05-01,2025-10-06 10:51:36.43,18,4,0,1,0,0,0,0,0,0,1,1,0,0,0,0,1,0,0,0,1,0,0,0,0,0
CUS_0x55e6,24251.49,1991.9575,8,4,14,1,23,16,10.53,20,1062.17,39.36017738166811,18.8355504949142,162.223678996723,381.96935341049414,2024-05-01,2025-10-06 10:51:36.43,30,5,0,0,0,0,0,1,0,0,0,1,0,0,0,0,0,0,1,0,1,0,0,0,0,0
CUS_0x8bde,16943.505,1382.95875,4,6,11,1,24,16,8.93,50,961.19,39.35551916188575,11.203244455239489,162.34362787837554,254.74900266638497,2024-05-01,2025-10-06 10:51:36.43,25,10,1,0,0,0,0,0,0,0,0,0,1,0,0,1,0,0,0,0,0,0,1,0,0,0
CUS_0xbc03,16770.91,1617.575833333333,7,7,30,6,24,8,10.44,90,2576.18,32.3928102841445,42.361152387025,58.79172085468414,330.60471009162416,2024-05-01,2025-10-06 10:51:36.43,19,6,0,0,1,1,0,1,1,1,1,1,0,0,0,0,1,0,0,0,0,0,0,0,1,0
CUS_0xb298,78024.96,6746.080000000001,6,9,32,5,28,23,24.34,60,4732.06,25.09330324908725,301.0706312329842,394.3278178598711,269.2095509071449,2024-05-01,2025-10-06 10:51:36.43,13,0,0,0,1,1,1,1,0,0,1,1,0,0,0,0,0,1,0,0,0,0,1,0,0,0
CUS_0x5392,100884.81,8631.0675,3,7,18,3,12,7,17.939999999999994,60,783.27,34.85966994570059,248.1318373618913,1007.056152421702,70.77964547562091,2024-05-01,2025-10-06 10:51:36.43,30,4,0,1,0,0,0,0,1,0,0,1,0,0,0,0,0,0,1,0,0,0,1,0,0,0
CUS_0x5d4f,110398.13999999998,9007.845,4,3,11,3,9,5,7.65,40,901.05,31.855069921942853,167.29478822165316,188.8406274439877,784.6490843343591,2024-05-01,2025-10-06 10:51:36.43,30,0,1,0,0,0,1,0,0,0,1,0,1,0,0,0,0,0,1,0,0,1,0,0,0,0
CUS_0x6ce0,37889.06,3034.421666666666,9,7,15,5,33,22,16.72,140,2063.0,40.14900515619668,94.7879956533391,193.6296914693967,285.0244795439308,2024-05-01,2025-10-06 10:51:36.43,19,2,1,0,0,1,0,0,0,1,1,1,0,0,0,0,0,1,0,0,0,0,0,0,1,0
CUS_0xac18,24497.42,1840.4516666666664,4,3,14,1,6,15,15.41,80,946.84,24.1049558743582,15.448183476047149,40.564562330531956,378.0324208600875,2024-05-01,2025-10-06 10:51:36.43,16,11,0,0,1,0,0,0,0,0,0,1,0,0,0,0,1,0,0,0,1,0,0,0,0,0
CUS_0x6f59,21713.61,2076.4675,4,3,20,1,12,9,1.55,20,748.62,36.26958394703288,11.706313374568763,53.63544524136464,392.3049913840666,2024-05-01,2025-10-06 10:51:36.43,24,11,0,0,0,0,0,0,1,0,0,1,0,0,0,0,1,0,0,0,1,0,0,0,0,0
CUS_0xbe56,19807.545,1942.62875,0,3,10,3,6,8,8.94,10,1286.59,24.803565563886607,38.296182892215775,32.30244566395944,373.6642464438248,2024-05-01,2025-10-06 10:51:36.43,22,2,0,0,0,1,0,1,1,0,0,0,1,0,0,1,0,0,0,0,1,0,0,0,0,0
CUS_0x80f4,7304.925,780.74375,7,8,32,8,42,18,24.07,90,4405.99,25.55068820713825,32.44151245424638,30.86413217971644,294.7687303660372,2024-05-01,2025-10-06 10:51:36.43,10,0,1,0,1,1,0,1,1,1,0,1,0,0,0,0,0,1,0,0,0,0,0,1,0,0
CUS_0x1382,11391.83,752.3349060667548,8,5,1,4,17,19,14.02,40,589.97,24.736315985466103,26270.0,18.57588363160864,299.3465423111908,2024-05-01,2025-10-06 10:51:36.43,19,6,0,0,1,1,1,0,0,0,0,0,1,0,0,0,1,0,0,0,0,0,0,0,1,0
CUS_0x53bf,19916.14,1840.678333333333,6,5,22,7,37,24,0.9,70,4358.08,22.427262378089114,76.85648947688156,166.86929454077455,210.3420493156773,2024-05-01,2025-10-06 10:51:36.43,13,11,0,0,1,1,1,1,1,1,1,1,0,0,0,0,0,1,0,0,0,0,0,0,0,1
CUS_0x6786,30678.97,2444.580833333333,1,7,2,4,8,12,6.74,10,828.7,35.81844649782848,53.737311485960205,121.58048091276441,359.14029093460874,2024-05-01,2025-10-06 10:51:36.43,27,2,0,0,0,0,0,0,1,0,1,0,1,0,0,0,0,0,1,0,0,0,1,0,0,0
CUS_0x717e,18965.08,1602.4233333333334,7,7,15,7,34,20,1.14,120,2678.15,27.24998614252409,93.64338765140214,35.47600733227693,281.1229383496543,2024-05-01,2025-10-06 10:51:36.43,8,4,1,1,0,0,1,1,1,0,0,1,0,0,0,0,0,1,0,0,1,0,0,0,0,0
CUS_0x7594,21642.16,2048.5133333333333,8,7,16,3,24,20,11.29,70,1058.31,32.96516755442763,33.058791634853925,145.6838182817118,316.1087234167676,2024-05-01,2025-10-06 10:51:36.43,13,11,0,0,0,0,0,1,0,1,0,0,0,0,0,0,1,0,0,0,0,0,1,0,0,0
CUS_0x84c,39141.08,3134.7566666666667,5,3,3,3,2,8,8.99,40,1226.61,30.06769086632287,58.382491538309615,85.16683553526434,439.92633959309273,2024-05-01,2025-10-06 10:51:36.43,30,3,0,0,0,1,1,0,0,1,0,0,1,0,0,0,0,0,1,0,0,0,0,0,1,0
CUS_0x9a93,30412.85,2781.4041666666667,3,4,14,0,11,7,5.8100000000000005,20,1220.51,34.12946221933095,0.0,148.6434293506369,389.4969873160298,2024-05-01,2025-10-06 10:51:36.43,27,6,0,0,0,0,0,0,0,0,0,0,0,0,0,0,1,0,0,1,0,0,0,0,0,0
CUS_0xae36,31433.97,2798.4975,3,3,16,0,18,16,6.99,30,188.89,35.837038156628424,0.0,206.23551413023625,363.6142358697638,2024-05-01,2025-10-06 10:51:36.43,33,2,0,0,0,0,0,0,0,0,0,0,1,0,0,0,1,0,0,0,0,0,1,0,0,0
CUS_0x63f1,7077.87,670.8225,4,3,17,7,10,18,9.44,60,1923.54,38.591926463862,24.74499014614123,37.97259335407684,297.93613591428795,2024-05-01,2025-10-06 10:51:36.43,6,5,0,0,1,0,0,1,0,1,1,1,0,0,0,0,1,0,0,0,0,0,0,1,0,0
CUS_0x76ad,29704.64,2365.3866666666668,4,7,13,5,16,17,7.1,70,1713.04,25.264245733702,68.74078854308499,33.62931649339541,384.16856163018633,2024-05-01,2025-10-06 10:51:36.43,14,9,0,0,0,0,0,0,1,1,1,1,0,0,0,0,1,0,0,0,1,0,0,0,0,0
CUS_0xa70c,31380.64,2356.0533333333333,2,1450,4,3,3,1,7.18,60,1027.38,39.04795447997449,74.05278677083537,90.73704542405544,330.81550113844247,2024-05-01,2025-10-06 10:51:36.43,25,6,0,0,0,1,0,1,0,0,1,0,1,0,0,1,0,0,0,1,0,0,0,0,0,0
CUS_0xb1dc,74270.8,6325.233333333334,7,5,16,9,39,25,26.68,100,3955.65,24.416084377725905,391.0468209208228,95.01179894417618,386.46471346833437,2024-05-01,2025-10-06 10:51:36.43,13,11,1,1,1,0,0,1,0,0,1,1,0,0,0,0,0,1,0,0,0,1,0,0,0,0
CUS_0xc641,18065.0,1539.5885678094205,10,9,28,9,34,18,4.68,100,2580.19,36.93650883254907,194.55407074582135,87.35275074519893,244.36294403289253,2024-05-01,2025-10-06 10:51:36.43,20,0,1,0,1,1,0,1,0,1,1,1,0,0,0,0,0,0,1,0,0,0,1,0,0,0
CUS_0xb189,35006.38,3103.1983333333333,7,7,33,3,47,17,8.57,110,2680.07,37.20042243593948,86.71138464422998,34.71834023551455,428.89010845358877,2024-05-01,2025-10-06 10:51:36.43,13,6,0,0,0,0,0,1,1,1,0,1,0,0,0,0,0,1,0,0,0,1,0,0,0,0
CUS_0x922,33599.08,2749.9233333333336,5,5,13,4,13,10,7.18,50,743.6,32.85332537562776,95.59666049476527,306.61053545267794,162.78513738589015,2024-05-01,2025-10-06 10:51:36.43,27,3,1,0,0,1,1,0,0,0,1,1,0,0,0,0,1,0,0,0,0,0,1,0,0,0
CUS_0x9d29,20468.75,1459.729166666667,8,1374,19,6,32,16,5.59,100,3274.91,32.60102909636307,64.50158626634902,52.034164434464365,319.4371659658533,2024-05-01,2025-10-06 10:51:36.43,3,6,1,1,1,0,0,1,0,0,0,1,0,0,0,0,0,1,0,0,0,0,1,0,0,0
CUS_0x4157,114838.41,9843.8675,2,5,7,3,11,11,8.24,80,1377.74,27.813353640375272,226.8927919215432,254.57176724837916,742.9221908300779,2024-05-01,2025-10-06 10:51:36.43,21,11,0,1,0,1,0,0,0,0,1,0,1,0,0,1,0,0,0,0,0,1,0,0,0,0
CUS_0x65cf,72145.32,5822.1100000000015,1,6,10,0,4,11,3.14,0,1285.49,39.85577610592547,0.0,90.53505154562914,741.675948454371,2024-05-01,2025-10-06 10:51:36.43,27,5,0,0,0,0,0,0,0,0,0,0,1,0,0,1,0,0,0,0,1,0,0,0,0,0
CUS_0x7d5e,26862.64,2409.5533333333333,6,6,9,6,28,8,8.52,80,829.49,28.48978096653768,94.4619078855738,222.70192895632275,193.79149649143682,2024-05-01,2025-10-06 10:51:36.43,18,5,1,0,1,0,0,1,1,1,0,1,0,0,0,0,1,0,0,0,0,0,0,0,1,0
CUS_0x86b8,28274.17,2087.1808333333333,0,7,1,1,27,9,5.77,70,1486.2,25.640307414958485,12.211342826598983,154.23643600989826,393.8004341085604,2024-05-01,2025-10-06 10:51:36.43,30,5,0,0,1,0,0,0,0,0,0,0,1,0,0,1,0,0,0,0,1,0,0,0,0,0
CUS_0xae95,116594.91,9836.2425,5,6,10,2,10,3,8.47,0,1124.02,24.48590726971701,171.07702427754958,1121.7984964056889,959.5553002141432,2024-05-01,2025-10-06 10:51:36.43,29,9,1,0,0,0,1,0,0,0,0,0,1,0,0,1,0,0,0,0,0,0,1,0,0,0
CUS_0xc113,65397.5,5287.791666666667,6,6,18,0,12,11,3.76,70,1392.76,33.93453488360751,0.0,658.3130568027784,160.46610986388828,2024-05-01,2025-10-06 10:51:36.43,31,6,0,0,0,0,0,0,0,0,0,1,0,0,0,0,1,0,0,0,0,0,1,0,0,0
CUS_0xae57,16909.09,1254.0908333333334,9,10,28,5,37,19,10.98,60,1890.74,32.072661404204695,37.43267819051026,96.51898399399981,281.4574211488233,2024-05-01,2025-10-06 10:51:36.43,11,2,1,0,1,1,0,0,0,0,1,1,0,0,0,0,0,0,1,0,0,0,1,0,0,0
CUS_0x24f6,65017.26,5248.105000000001,5,7,12,4,7,8,7.1,50,978.14,37.43559998960389,168.39190561568046,163.6516651443168,442.7669292400028,2024-05-01,2025-10-06 10:51:36.43,31,5,1,0,0,0,0,0,0,1,1,0,1,0,0,0,1,0,0,0,0,0,0,0,0,1
CUS_0x2916,99100.29,8025.3575,3,3,8,1,29,10,8.19,50,696.74,34.285751545272674,50.081045013171774,136.1654730187453,856.2892319680831,2024-05-01,2025-10-06 10:51:36.43,32,11,0,0,0,0,0,1,0,0,0,1,0,0,0,0,1,0,0,0,0,1,0,0,0,0
CUS_0xb182,19903.785,1670.64875,1,4,7,0,0,2,4.33,60,1015.4,35.12300385827461,0.0,38.76867174701808,388.296203252982,2024-05-01,2025-10-06 10:51:36.43,29,4,0,0,0,0,0,0,0,0,0,0,1,0,0,1,0,0,0,1,0,0,0,0,0,0
CUS_0x5953,147894.56,12186.546666666669,0,5,4,0,15,7,0.57,20,1301.91,30.74172121694625,0.0,999.8610676363429,498.7935990303238,2024-05-01,2025-10-06 10:51:36.43,16,10,0,0,0,0,0,0,0,0,0,0,1,0,0,0,0,0,1,0,0,0,0,1,0,0
CUS_0x83a1,134328.90000000002,11330.075000000004,2,4,8,0,8,7,3.76,30,579.41,34.02454574021378,0.0,199.90497255558626,1173.1025274444141,2024-05-01,2025-10-06 10:51:36.43,18,5,0,0,0,0,0,0,0,0,0,0,0,0,0,1,0,0,0,0,0,1,0,0,0,0
CUS_0x8417,34253.08,3025.4233333333336,3,9,25,6,11,12,11.66,120,1485.7,28.742352370865053,133.84381259881434,134.06016199687204,294.63835873764697,2024-05-01,2025-10-06 10:51:36.43,19,5,0,1,1,0,1,1,0,0,0,1,0,0,0,0,1,0,0,1,0,0,0,0,0,0
CUS_0xa6b,86274.99,6929.5825,6,7,12,3,10,12,17.33,0,138.25,39.40967613980185,167.08439573345802,199.8921694679409,605.9816847986012,2024-05-01,2025-10-06 10:51:36.43,20,6,1,0,1,0,0,0,1,0,0,1,0,0,0,0,1,0,0,0,0,0,0,1,0,0
CUS_0x78d,35372.4,2671.7000000000007,1,6,5,3,0,5,3.1999999999999997,10,564.79,37.998419329943296,63.39018115962452,175.40213035185337,308.3776884885221,2024-05-01,2025-10-06 10:51:36.43,30,0,0,0,0,1,0,0,1,1,0,0,1,0,0,1,0,0,0,0,0,0,0,1,0,0
CUS_0x1631,63093.32,5212.776666666667,4,3,7,3,19,13,11.71,60,1441.44,40.91673521539371,120.85044028056808,76.15493041454476,574.2722959715537,2024-05-01,2025-10-06 10:51:36.43,8,10,0,0,1,0,0,1,0,0,1,1,0,0,0,0,1,0,0,0,1,0,0,0,0,0
CUS_0x5067,35104.32,2769.36,3,5,10,4,29,7,7.85,70,1166.23,39.09726346928361,75.22465523908845,260.67158809986506,221.03975666104648,2024-05-01,2025-10-06 10:51:36.43,24,2,0,0,1,1,0,0,1,0,0,0,1,0,0,1,0,0,0,0,0,0,0,0,0,1
CUS_0xb13b,11840.105,763.6754166666666,7,4,20,2,7,13,19.25,20,1259.92,38.37367410798324,10.135246429253586,45.6371482555724,310.5951469818407,2024-05-01,2025-10-06 10:51:36.43,21,10,0,0,1,0,0,0,0,0,0,1,0,0,0,0,1,0,0,0,0,0,1,0,0,0
CUS_0x59cd,10009.905,646.15875,8,5,20,3,13,19,11.23,120,2616.31,40.66869723976375,23.94543338423418,30.25821206400056,280.41222955176534,2024-05-01,2025-10-06 10:51:36.43,14,4,0,1,0,0,1,0,0,0,0,1,0,0,0,0,1,0,0,0,0,0,0,0,1,0
CUS_0x64ed,28741.71,2606.1425,5,5,9,2,9,3,2.86,70,993.17,33.98666950563959,28.02880168176461,264.5514210375251,258.03402728071035,2024-05-01,2025-10-06 10:51:36.43,27,8,0,0,0,0,1,0,0,0,1,0,1,0,0,0,0,0,1,0,0,0,1,0,0,0
CUS_0x7b30,10977.79,1110.8158333333336,6,3,15,0,3,15,18.07,60,1457.57,33.11935146093962,0.0,28.892243468310088,352.18933986502327,2024-05-01,2025-10-06 10:51:36.43,24,0,0,0,0,0,0,0,0,0,0,1,0,0,0,0,1,0,0,0,0,0,0,0,1,0
CUS_0xbd46,64918.54,5704.878333333332,8,7,8,2,17,11,9.98,50,916.93,41.46719244242127,71.21983734655845,10000.0,528.1519621594289,2024-05-01,2025-10-06 10:51:36.43,23,6,0,1,0,0,0,0,0,0,1,0,1,0,0,1,0,0,0,0,1,0,0,0,0,0
CUS_0x92e8,12989.77,822.4808333333333,4,4,7,6,20,15,14.37,90,1298.38,28.724537050380874,62.214613638648615,60.821536095845616,249.21193359883912,2024-05-01,2025-10-06 10:51:36.43,14,1,1,1,1,0,1,1,0,0,0,0,0,0,0,0,1,0,0,0,0,0,1,0,0,0
CUS_0x4e01,39014.5,3456.208333333333,4,7,5,0,16,12,4.54,0,1301.66,27.93870605502457,0.0,231.63900835040988,403.9818249829235,2024-05-01,2025-10-06 10:51:36.43,15,9,0,0,0,0,0,0,0,0,0,0,0,0,0,1,0,0,0,0,0,0,1,0,0,0
CUS_0x4f8f,20341.87,1505.155833333333,8,9,34,7,28,19,20.74,100,4006.34,24.869413323745263,75.54384988310204,66.86949654224196,298.1022369079893,2024-05-01,2025-10-06 10:51:36.43,8,6,0,1,1,1,0,0,1,1,0,1,0,0,0,0,0,1,0,0,0,0,1,0,0,0
CUS_0x73c1,19457.51,1850.4591666666663,7,5,26,9,51,23,22.32,8770,4713.23,37.151753223296645,75.80109830718233,118.92044303743393,280.3243753220504,2024-05-01,2025-10-06 10:51:36.43,12,2,1,1,0,0,1,0,0,1,1,1,0,0,0,0,0,1,0,0,0,0,1,0,0,0
CUS_0x2472,78113.56,6486.463333333332,0,4,5663,2,8,10,10.28,70,978.3,42.66486378980185,103.3982068456582,122.83942913291372,672.4086973547613,2024-05-01,2025-10-06 10:51:36.43,24,11,0,0,0,0,0,0,1,1,0,0,1,0,0,1,0,0,0,0,1,0,0,0,0,0
CUS_0xa1ce,17092.69,1695.3908333333331,7,3,19,7,21,14,16.4,80,1417.06,37.2793783035678,62.79425951657174,79.93115440538907,286.8136694113725,2024-05-01,2025-10-06 10:51:36.43,12,5,1,0,1,0,1,0,0,0,0,1,0,0,0,0,1,0,0,1,0,0,0,0,0,0
CUS_0xc150,31016.6,2653.7166666666667,8,4,5,1,27,15,2.29,40,143.75,33.07535093656531,15.44940663829799,103.82151598933014,436.10074403903855,2024-05-01,2025-10-06 10:51:36.43,20,0,0,0,0,1,0,0,0,0,0,0,1,0,0,0,0,0,1,0,0,0,1,0,0,0
CUS_0x54a4,29750.77,2518.230833333333,3,7,15,2,20,16,5.41,30,706.22,36.94979161467255,43.18330713250506,39.641583603467154,418.99819259736114,2024-05-01,2025-10-06 10:51:36.43,23,11,0,0,0,0,0,0,1,1,0,1,0,0,0,0,0,0,1,0,1,0,0,0,0,0
CUS_0x850f,14829.17,1033.7641666666666,4,4,12,2,9,17,7.07,70,300.47,33.91872300548945,17.934999615983862,116.54833291232354,258.8930841383593,2024-05-01,2025-10-06 10:51:36.43,18,9,0,1,1,0,0,0,0,0,0,1,0,0,0,0,1,0,0,0,0,0,1,0,0,0
CUS_0xf4b,28485.71,2401.8091666666664,1,6,7,3,5,2,9.33,10,939.54,39.520221347892,51.28993103573894,92.61576858352966,346.27521704739814,2024-05-01,2025-10-06 10:51:36.43,22,3,0,0,1,0,1,1,0,0,0,0,1,0,0,1,0,0,0,0,0,0,0,0,0,1
CUS_0x1fbe,29482.06,2395.8383333333336,8,3,9,2,9,22,14.09,100,668.5,30.411584084143254,28.819894041562254,41.47686282633559,419.28707646543546,2024-05-01,2025-10-06 10:51:36.43,22,6,0,0,0,0,0,0,1,1,0,1,0,0,0,0,1,0,0,0,1,0,0,0,0,0
CUS_0x315f,41794.32,3347.86,0,5,7,3,1,12,3.78,40,302.02,27.862279390744447,89.81563465332981,371.9643803034298,163.00598504324046,2024-05-01,2025-10-06 10:51:36.43,26,4,0,0,0,0,0,0,1,1,0,0,1,0,0,1,0,0,0,0,0,0,1,0,0,0
CUS_0x8ed,42796.52,3461.376666666666,4,4,9,0,2,17,13.85,100,631.12,37.27115128239599,0.0,449.17852255006005,186.95914411660664,2024-05-01,2025-10-06 10:51:36.43,20,3,0,0,0,0,0,0,0,0,0,1,0,0,0,0,0,0,1,0,0,0,1,0,0,0
CUS_0x9e1e,19253.6,1823.4666666666665,8,6,332,9,52,18,6.42,130,3671.25,34.697009995995,125.9126095331716,152.9122036298029,193.52185350369217,2024-05-01,2025-10-06 10:51:36.43,5,0,1,1,0,1,1,0,1,1,0,1,0,0,0,0,0,1,0,0,0,0,1,0,0,0
CUS_0x2205,67917.44,5611.786666666668,8,7,28,6,58,13,14.74,160,2216.36,27.742773807245804,170.4184241432159,90.4356524414108,550.32459008204,2024-05-01,2025-10-06 10:51:36.43,12,4,0,0,0,1,1,1,1,0,1,1,0,0,0,0,1,0,0,0,1,0,0,0,0,0
CUS_0x734d,109945.32,9122.11,3,1281,9,2,27,19,9.49,80,709.14,29.32911946031327,110.41495527502268,939.6316590607801,473.95619119873703,2024-05-01,2025-10-06 10:51:36.43,5,8,1,0,0,0,0,0,1,0,0,1,0,0,0,0,1,0,0,0,0,0,0,0,1,0
CUS_0xa00f,105950.76,8905.23,6,5,12,1,21,17,10.18,80,746.19,31.594551375330035,46.54472119383624,72.46380995837937,1011.5144688477844,2024-05-01,2025-10-06 10:51:36.43,30,4,0,0,0,0,1,0,0,0,0,0,1,0,0,0,1,0,0,0,0,1,0,0,0,0
CUS_0x15b4,106168.77,8700.3975,0,4,9,3,2,11,4.62,40,525.82,34.674693721706426,191.44880586599075,1054.2301015011735,791.8875793083447,2024-05-01,2025-10-06 10:51:36.43,24,9,1,0,1,1,0,0,0,0,0,0,1,0,0,1,0,0,0,0,0,0,0,0,0,1
CUS_0x28a6,35207.73,3081.9775000000004,4,7,5,2,11,8,11.85,20,871.67,27.458910718977588,38.98416654009254,294.22153076115717,264.9920526987503,2024-05-01,2025-10-06 10:51:36.43,25,0,0,1,0,0,0,0,0,0,1,0,1,0,0,1,0,0,0,0,0,0,1,0,0,0
CUS_0x150b,17009.84,1469.486666666667,7,8,15,3,34,16,19.22,60,2587.8,36.37459963668278,75581.0,94.08350964786295,263.21363355610214,2024-05-01,2025-10-06 10:51:36.43,12,10,0,1,0,0,1,0,0,0,0,1,0,0,0,0,1,0,0,0,0,0,1,0,0,0
CUS_0x4bd,36274.17,3106.8475,8,4,15,4,16,16,8.99,60,237.17,23.110384306671047,83.92104895382352,55.18664893948817,431.5770521066883,2024-05-01,2025-10-06 10:51:36.43,26,2,0,1,0,0,0,1,0,1,1,0,1,0,0,0,1,0,0,1,0,0,0,0,0,0
CUS_0x25f8,15686.54,1291.2116666666668,3,5,8,4,5,11,16.119999999999994,90,1657.45,28.60008606446074,28.17472787597497,124.55819347162327,266.38824531906846,2024-05-01,2025-10-06 10:51:36.43,14,6,0,1,1,0,0,0,0,0,1,1,0,0,0,0,1,0,0,0,0,0,1,0,0,0
CUS_0x8892,59730.56999999999,5167.5475,4,3,5,3,32,13,1.13,0,335.22,37.93236985840388,109.39947691047064,373.5565808793139,303.7986922102154,2024-05-01,2025-10-06 10:51:36.43,18,0,1,0,0,0,0,1,1,0,0,0,1,0,0,0,1,0,0,0,0,0,0,0,1,0
CUS_0xaac2,17223.875,1599.529004765349,3,732,16,4,6,15,11.57,130,637.5,37.54522131323756,120.7601921065446,97.63383912469631,324.8321723367432,2024-05-01,2025-10-06 10:51:36.43,8,10,1,0,0,0,0,0,0,1,0,1,0,0,0,0,1,0,0,0,0,0,1,0,0,0
CUS_0x6236,18683.75,1819.979166666667,8,8,29,7,17,21,20.96,60,3532.63,34.115003305123246,101.06195170075743,177.67743165614402,193.25853330976528,2024-05-01,2025-10-06 10:51:36.43,2,9,0,1,0,0,1,0,1,1,1,1,0,0,0,0,0,1,0,0,0,0,0,0,0,1
CUS_0x755e,19127.84,1440.986666666667,7,10,23,5,33,23,29.71,120,2623.2,37.46564859605157,63.97034095639469,10000.0,256.13712955765146,2024-05-01,2025-10-06 10:51:36.43,6,8,1,0,1,1,0,0,0,0,0,1,0,0,0,0,0,1,0,0,0,0,0,0,1,0
CUS_0x1236,28352.24,2385.686666666667,4,4,7,3,4,0,9.02,0,1085.7,23.101989352758928,46.3907297619036,101.71524766286512,380.462689241898,2024-05-01,2025-10-06 10:51:36.43,16,10,1,0,0,1,0,1,0,0,0,0,1,0,0,1,0,0,0,0,0,0,1,0,0,0
CUS_0x258c,24018.71,1799.559166666667,4,4,5,3,22,17,5.07,30,1440.63,23.51034042241217,43.67036538533901,63.82009864562906,322.4654526356986,2024-05-01,2025-10-06 10:51:36.43,27,2,0,1,0,0,0,1,1,0,0,0,1,0,0,0,0,0,1,0,1,0,0,0,0,0
CUS_0x849d,174826.76,14584.896666666667,5,7,11,2,11,8,15.5,0,819.92,39.30581055972176,279.6048939854535,312.0519620519865,385.90530775451754,2024-05-01,2025-10-06 10:51:36.43,28,11,0,0,0,0,1,0,0,1,0,0,1,0,0,1,0,0,0,0,0,0,0,1,0,0
CUS_0xaea3,31950.94,2697.578333333333,3,3,5,1,26,16,9.43,40,256.26,30.018880289651623,18.4966712392762,70.26657719226041,430.9945849017967,2024-05-01,2025-10-06 10:51:36.43,16,2,0,0,1,0,0,0,0,0,0,1,0,0,0,0,0,0,1,0,1,0,0,0,0,0
