Customer_ID,Annual_Income,Monthly_Inhand_Salary,Num_Bank_Accounts,Num_Credit_Card,Interest_Rate,Num_of_Loan,Delay_from_due_date,Num_of_Delayed_Payment,Changed_Credit_Limit,Num_Credit_Inquiries,Outstanding_Debt,Credit_Utilization_Ratio,Total_EMI_per_month,Amount_invested_monthly,Monthly_Balance,snapshot_date,_ingested_at_utc,credit_history_age_year,credit_history_age_month,mortgage_loan,auto_loan,credit_builder_loan,personal_loan,not_specified,student_loan,home_equity_loan,payday_loan,debt_consolidation_loan,ohe__payment_of_min_amount__yes,ohe__payment_of_min_amount__no,ohe__payment_of_min_amount__nm,ohe__payment_of_min_amount__unknown,ohe__credit_mix__good,ohe__credit_mix__standard,ohe__credit_mix__bad,ohe__credit_mix__unknown,ohe__payment_behaviour__high_spent_small_value_payments,ohe__payment_behaviour__high_spent_medium_value_payments,ohe__payment_behaviour__high_spent_large_value_payments,ohe__payment_behaviour__low_spent_small_value_payments,ohe__payment_behaviour__low_spent_medium_value_payments,ohe__payment_behaviour__low_spent_large_value_payments,ohe__payment_behaviour__unknown
CUS_0x37e6,25846.78,1909.898333333333,7,3,16,4,11,12,11.92,10,1.23,32.2431491565881,85.27657308240245,33.63162279459721,322.0816374563336,2024-07-01,2025-10-06 10:51:58.104,24,6,0,0,0,1,1,0,1,1,0,0,1,0,0,0,1,0,0,0,1,0,0,0,0,0
CUS_0x3ae7,41702.9,3249.241666666667,7,8,27,6,45,20,6.31,100,2334.29,35.039439386970145,145.6395523263464,178.8061609479517,260.4784533923686,2024-07-01,2025-10-06 10:51:58.104,8,4,1,1,0,0,1,0,1,0,1,1,0,0,0,0,0,1,0,1,0,0,0,0,0,0
CUS_0xc050,20235.8,1699.3166666666666,8,7,7,2,20,15,4.74,60,856.73,24.84726839154171,28.317032541678863,108.50142781847954,293.11320630650835,2024-07-01,2025-10-06 10:51:58.104,18,11,1,0,0,1,0,0,0,0,0,0,1,0,0,0,1,0,0,1,0,0,0,0,0,0
CUS_0x3124,43502.68,3733.223333333333,0,7,6,1,15,5,4.93,30,862.14,23.584333662652305,32.03232756170208,439.4001346303508,191.8898711412805,2024-07-01,2025-10-06 10:51:58.104,26,2,0,0,0,0,0,0,1,0,0,0,1,0,0,1,0,0,0,0,0,0,1,0,0,0
CUS_0x9c3c,85543.0,6829.583333333332,5,8,2,4,8,8,8.44,30,1070.94,40.05426176074185,269.23904044195933,107.8345666312262,545.8847262601479,2024-07-01,2025-10-06 10:51:58.104,28,11,0,0,1,0,0,1,1,0,0,0,1,0,0,1,0,0,0,0,0,0,0,0,0,1
CUS_0xb6b9,122050.38,10173.865,3,2,8,4,15,5,10.66,50,490.86,34.42004357092308,336.37541623969247,256.6588190504856,684.3522647098222,2024-07-01,2025-10-06 10:51:58.104,22,0,0,0,0,1,0,0,0,1,1,0,1,0,0,1,0,0,0,1,0,0,0,0,0,0
CUS_0x251e,32504.22,2643.685,4,7,3,0,15,9,7.1,50,315.39,40.50961424728461,19.042218115289067,51.459359146626475,443.8669227380845,2024-07-01,2025-10-06 10:51:58.104,26,6,0,0,0,0,0,0,0,0,1,0,1,0,0,1,0,0,0,0,1,0,0,0,0,0
CUS_0x4213,28496.3,2357.6916666666666,7,10,21,2,15,18,3.06,120,1513.71,32.60520806631982,45.5651069881152,213.82916597911847,246.37489369943302,2024-07-01,2025-10-06 10:51:58.104,20,5,1,0,0,0,0,0,0,1,0,0,0,0,0,0,0,0,1,0,0,0,0,0,1,0
CUS_0x77b7,15120.0,1447.0,7,7,32,7,58,3865,5.61,130,2981.88,36.95178256669384,58.56632826752824,98.73275307453925,257.40091865793255,2024-07-01,2025-10-06 10:51:58.104,2,4,1,1,1,0,0,0,0,1,1,0,0,0,0,0,0,1,0,0,0,0,0,0,1,0
CUS_0x5487,14632.3,996.3583333333332,1,3,11,2,9,11,11.25,10,1373.01,40.27672375116809,15.87191512105401,59.108477786156904,294.65544042612237,2024-07-01,2025-10-06 10:51:58.104,22,3,0,1,0,0,0,0,0,0,1,0,1,0,0,0,0,0,1,0,0,0,0,0,1,0
CUS_0x61c6,125456.44,10544.703333333331,5,6,5,2,28,12,18.04,40,558.93,40.40234962097289,188.27168362422816,837.3632525274861,308.8353971816191,2024-07-01,2025-10-06 10:51:58.104,32,6,0,0,1,1,0,0,0,0,0,1,0,0,0,0,1,0,0,0,0,0,0,1,0,0
CUS_0x7943,59044.74000000001,4875.395,8,9,33,9,39,23,15.09,170,3605.28,30.12710788155391,321.25438382484003,121.2956907245252,294.9894254506349,2024-07-01,2025-10-06 10:51:58.104,13,9,1,1,1,1,1,1,0,1,1,1,0,0,0,0,0,1,0,0,1,0,0,0,0,0
CUS_0x6225,144342.52,12119.543333333331,0,1,12,1,6,10,10.61,10,1123.41,37.31951402170904,104.57986855439886,177.95981290940293,1169.4146518695316,2024-07-01,2025-10-06 10:51:58.104,33,0,0,1,0,0,0,0,0,0,0,0,1,0,0,1,0,0,0,0,0,1,0,0,0,0
CUS_0x9cc2,48755.5,3801.958333333334,5,6,1,2,24,13,8.46,30,918.88,32.867234504277846,76.71479236853966,10000.0,449.912957122468,2024-07-01,2025-10-06 10:51:58.104,21,4,0,0,0,0,0,0,1,0,1,0,1,0,0,0,1,0,0,0,1,0,0,0,0,0
CUS_0x786e,178053.4,15066.783333333333,0,3,12,0,0,12,3.3599999999999994,40,218.43,33.57558593749149,304.990327759835,10000.0,1016.0058143652903,2024-07-01,2025-10-06 10:51:58.104,20,3,0,1,0,1,1,0,1,0,0,0,1,0,0,1,0,0,0,0,1,0,0,0,0,0
CUS_0xaba3,20558.68,1899.223333333333,10,7,25,5,23,15,10.25,120,2079.91,27.14851877053768,85.08651720386409,49.6947288227872,305.14108730668204,2024-07-01,2025-10-06 10:51:58.104,16,4,1,1,1,0,0,1,0,0,0,1,0,0,0,0,0,1,0,0,1,0,0,0,0,0
CUS_0x30de,15475.27,1264.6058333333333,6,6,28,6,39,16,21.33,60,4683.73,31.35834878740377,42.08797369093296,83.29089571795946,291.08171392444086,2024-07-01,2025-10-06 10:51:58.104,14,3,1,1,1,0,0,1,0,0,1,1,0,0,0,0,0,1,0,0,0,0,1,0,0,0
CUS_0x8b7a,8928.69,601.0575,9,10,16,5,49,15,18.46,100,1506.12,33.629450717852194,27.305595281191767,44.587113905290664,268.21304081351764,2024-07-01,2025-10-06 10:51:58.104,11,6,1,1,0,0,1,1,0,0,1,1,0,0,0,0,0,1,0,0,0,0,0,1,0,0
CUS_0xdc1,28893.09,2295.7575,4,1,11,0,11,2,4.98,10,224.36,38.94258629701561,0.0,85.71733143385252,403.8584185661475,2024-07-01,2025-10-06 10:51:58.104,22,6,0,0,0,0,0,0,0,0,0,0,1,0,0,1,0,0,0,1,0,0,0,0,0,0
CUS_0x2bce,38957.34,3038.445,9,7,31,3,15,14,15.37,90,2274.1,29.942673216943213,52.07530566390997,270.1913491841799,251.57784515191008,2024-07-01,2025-10-06 10:51:58.104,16,11,1,1,0,0,1,0,0,0,0,1,0,0,0,0,0,0,1,0,0,0,0,0,1,0
CUS_0xa04c,38299.84,3461.653333333333,8,520,29,7,62,10,13.58,100,1512.31,31.40318271676421,124.76769156216731,79.04346465335877,382.3541771178072,2024-07-01,2025-10-06 10:51:58.104,13,9,0,0,1,0,0,0,1,1,1,1,0,0,0,0,0,0,1,0,0,1,0,0,0,0
CUS_0x2d83,15325.73,1181.1441666666667,6,8,30,5,31,21,15.49,110,4445.87,30.46478053277143,61.85078441490701,62.522219729297596,253.74141252246204,2024-07-01,2025-10-06 10:51:58.104,11,10,1,1,0,0,0,0,0,0,1,1,0,0,0,0,0,1,0,0,0,0,0,0,0,1
CUS_0x9c3b,17891.16,1589.551559837185,10,9,27,8,44,18,2.62,80,2200.96,33.94099367264294,76.92303388526908,69.81047999435374,296.0379262831918,2024-07-01,2025-10-06 10:51:58.104,8,6,1,1,1,1,0,0,1,0,0,1,0,0,0,0,0,1,0,0,0,0,1,0,0,0
CUS_0x9e3f,15923.295,1621.94125,4,3,5,2,6,12,7.89,10,1480.54,39.324585822199154,24.84397732618231,47.56472601936964,349.7854216544481,2024-07-01,2025-10-06 10:51:58.104,27,4,0,0,0,0,0,0,1,0,1,0,1,0,0,0,1,0,0,0,0,0,0,0,0,1
CUS_0x6572,99475.83,8108.6525,7,6,10,1,25,16,3.84,14230,587.9,30.210595855718445,49.27572404842071,544.876565155028,506.7129607965514,2024-07-01,2025-10-06 10:51:58.104,28,0,0,0,0,0,0,0,1,0,0,0,1,0,0,0,1,0,0,0,0,0,1,0,0,0
CUS_0x1dd3,68484.44,5684.036666666668,5,7,5,5,16,20,12.52,80,105.41,37.66204647062917,225.53566734078024,308.53434580921885,314.33365351666765,2024-07-01,2025-10-06 10:51:58.104,12,8,0,0,1,1,1,0,1,0,0,1,0,0,0,0,0,0,1,0,0,0,0,1,0,0
CUS_0x2e5f,82668.24,6873.02,7,4,16,2,28,7,10.31,60,1596.58,26.14944179224661,113.16484167511636,10000.0,620.6762194645556,2024-07-01,2025-10-06 10:51:58.104,8,9,0,1,0,0,0,0,0,1,0,1,0,0,0,0,1,0,0,0,1,0,0,0,0,0
CUS_0x7e5b,29894.7,2570.225,4,3,19,0,20,15,10.33,60,1049.2,25.28157268415276,95.87008851162832,29.85333864289988,371.2990728454717,2024-07-01,2025-10-06 10:51:58.104,13,5,1,1,0,0,1,1,0,1,0,1,0,0,0,0,1,0,0,0,0,1,0,0,0,0
CUS_0x85a2,30053.32,2254.443333333333,7,8,29,917,20,20,14.96,110,1300.78,25.68007176067308,130.46428247872706,146.13106729666802,218.84898355793823,2024-07-01,2025-10-06 10:51:58.104,13,5,1,0,1,1,1,0,1,0,1,1,0,0,0,0,0,1,0,0,0,0,0,0,1,0
CUS_0xafe1,36512.4,3221.7000000000007,1,3,3,4,0,11,16.66,60,623.42,30.48254683444827,110.95996576540009,76.49298187469589,384.7170523599041,2024-07-01,2025-10-06 10:51:58.104,24,11,0,1,1,0,0,1,0,0,1,0,1,0,0,1,0,0,0,0,1,0,0,0,0,0
CUS_0x24a1,17200.97,1185.4141666666667,8,9,27,4,22,10,7.3,90,1513.27,30.57668445140128,48.51381569201107,143.74703336793837,216.28056760671726,2024-07-01,2025-10-06 10:51:58.104,13,9,1,1,0,0,0,1,0,0,0,1,0,0,0,0,1,0,0,0,0,0,1,0,0,0
CUS_0x65e4,63733.54,4720.400923954431,4,5,13,4,21,16,11.74,30,542.35,33.086502682584765,645.6379857341342,98.73703898176909,464.6652179963325,2024-07-01,2025-10-06 10:51:58.104,16,5,1,0,0,0,1,1,0,0,0,1,0,0,0,0,1,0,0,0,1,0,0,0,0,0
CUS_0xa6e,82823.92,7098.993333333333,4,5,18,2,25,11,11.59,70,171.45,30.65476405158472,118.06483203177945,521.2376916680959,350.59680963345795,2024-07-01,2025-10-06 10:51:58.104,13,3,0,0,0,0,1,0,0,1,0,1,0,0,0,0,1,0,0,0,0,0,0,1,0,0
CUS_0xbf43,49639.2,4364.6,8,501,13,2,10,10,14.71,70,451.16,34.94454630616872,45.02028606718953,177.63016297324776,463.80955095956284,2024-07-01,2025-10-06 10:51:58.104,8,3,0,0,1,0,0,0,1,0,0,1,0,0,0,0,1,0,0,0,1,0,0,0,0,0
CUS_0x32be,178088.4,14839.7,5,4,11,3,22,12,9.32,0,676.1,38.396521178048594,341.7256607676155,132.71139167395245,1249.532947558432,2024-07-01,2025-10-06 10:51:58.104,18,10,0,1,0,0,0,0,0,1,1,0,1,0,0,1,0,0,0,0,0,1,0,0,0,0
CUS_0x584e,43600.04,3880.336666666666,8,4,17,5,13,16,0.0,80,773.73,38.55204332720563,178.10226580269955,104.29305919215119,355.638341671816,2024-07-01,2025-10-06 10:51:58.104,12,5,0,1,1,0,0,0,0,1,1,1,0,0,0,0,1,0,0,0,1,0,0,0,0,0
CUS_0xc1e9,38535.5,3208.342954265416,7,9,32,2,34,18,2.96,100,2137.77,37.37931908036272,256.3746044621196,42.430738166012226,507.37253643978624,2024-07-01,2025-10-06 10:51:58.104,5,9,0,0,1,0,0,1,0,0,0,1,0,0,0,0,0,1,0,0,1,0,0,0,0,0
CUS_0x28e7,10395.46,1160.2883333333334,6,8,23,9,52,25,15.39,90,1781.57,31.125773206102792,68.93438310792592,35.01792737904684,262.0765228463606,2024-07-01,2025-10-06 10:51:58.104,14,9,1,0,1,1,0,1,1,1,1,1,0,0,0,0,0,0,1,0,1,0,0,0,0,0
CUS_0x2ad8,17770.795,1447.899583333333,7,7,6,4,27,20,15.04,20,429.74,36.999433468573706,35.83161116128699,10000.0,230.52579475814036,2024-07-01,2025-10-06 10:51:58.104,20,5,0,1,0,1,1,1,0,0,0,1,0,0,0,0,0,0,1,0,0,0,1,0,0,0
CUS_0xa667,32021.48,2444.4566666666665,2,1,7,3,0,0,4.7,50,1317.45,25.524107345907787,56.11966957514071,251.8562174738047,226.46977961772126,2024-07-01,2025-10-06 10:51:58.104,33,6,0,1,0,0,0,0,0,1,0,0,1,0,0,0,0,0,1,0,0,0,1,0,0,0
CUS_0x49b8,19798.93,1579.9108333333334,6,8,17,4,15,23,3.09,150,1250.46,31.747538382861737,61.25335492907123,79.72625305382428,307.0114753504378,2024-07-01,2025-10-06 10:51:58.104,5,11,0,0,1,0,0,1,0,1,0,1,0,0,0,0,0,1,0,0,0,0,1,0,0,0
CUS_0x2a9f,31049.54,2374.4616666666666,9,10,32,6,48,9,16.91,100,1924.07,38.826333857582775,145.13948814228922,121.97716496932466,264.23621883465216,2024-07-01,2025-10-06 10:51:58.104,15,10,1,1,0,0,1,1,1,0,0,1,0,0,0,0,1,0,0,0,0,0,1,0,0,0
CUS_0x13b8,18341.47,1323.4558333333334,2,3,6,0,4,6,5.93,60,1300.64,38.68624106468091,0.0,98.06490155058232,314.280681782751,2024-07-01,2025-10-06 10:51:58.104,18,5,0,0,0,0,0,0,0,0,0,0,1,0,0,1,0,0,0,0,0,0,0,1,0,0
CUS_0x6176,19608.98,1408.081666666667,6,6,34,5,61,16,15.5,160,3447.68,40.41386229247176,55.84262566259928,114.49036951799812,260.4751714860693,2024-07-01,2025-10-06 10:51:58.104,14,8,1,1,1,0,0,0,0,1,0,1,0,0,0,0,0,1,0,0,0,0,1,0,0,0
CUS_0x9c05,7453.305,828.10875,6,10,22,9,34,22,16.6,100,2718.93,34.89684789560327,40.43972300596853,54.121525649834005,248.24962634419745,2024-07-01,2025-10-06 10:51:58.104,1,4,0,0,1,0,1,0,1,1,1,1,0,0,0,0,0,1,0,1,0,0,0,0,0,0
CUS_0x7dc6,127760.4,10721.7,2,7,11,4,13,1,0.0,30,443.32,36.1545240129321,373.921956166601,149.89176678797375,798.3562770454249,2024-07-01,2025-10-06 10:51:58.104,16,5,0,1,0,0,0,0,1,1,1,0,0,0,0,1,0,0,0,0,1,0,0,0,0,0
CUS_0x38a1,79980.52,6712.043333333334,7,9,24,7,30,25,18.72,160,3921.14,34.179338826137794,287.9370711819461,264.32874375856585,368.9385183928215,2024-07-01,2025-10-06 10:51:58.104,4,8,1,0,1,0,1,0,0,1,0,1,0,0,0,0,0,1,0,0,1,0,0,0,0,0
CUS_0x8122,19797.22,1928.7683333333327,6,7,27,9,55,18,20.48,70,4986.03,34.482826987296555,92.60397135286658,93.76043698456364,286.5124249959032,2024-07-01,2025-10-06 10:51:58.104,3,5,0,1,1,1,1,0,1,0,0,1,0,0,0,0,0,1,0,0,0,0,0,1,0,0
CUS_0x9e81,17774.32,1205.1933333333334,0,4,6,3,14,2,1.19,10,1026.7,26.04141762803927,40.29685737844689,35.788828339081235,324.4336476158052,2024-07-01,2025-10-06 10:51:58.104,25,8,0,0,1,0,0,1,0,0,0,0,1,0,0,1,0,0,0,0,0,0,0,1,0,0
CUS_0xac0b,117946.44,9988.87,4,5,1,3,4,0,0.0,0,573.65,36.94335249444885,19770.0,129.81259375375782,913.5428657469088,2024-07-01,2025-10-06 10:51:58.104,25,9,0,0,1,0,0,1,0,1,0,0,1,0,0,1,0,0,0,0,0,1,0,0,0,0
CUS_0x5a5e,107437.53,8665.1275,4,4,9,1,20,4,9.37,80,50.07,40.168132813546464,53479.0,154.51904093147456,906.9166058902937,2024-07-01,2025-10-06 10:51:58.104,15,11,0,0,1,0,0,0,0,0,0,0,1,0,0,1,0,0,0,0,1,0,0,0,0,0
CUS_0x8d90,14826.93,916.7634182108624,6,6,17,9,19,28,21.21,90,3732.22,27.56637507200564,172.66728963645184,63.39586805598342,224.60867409670243,2024-07-01,2025-10-06 10:51:58.104,7,10,0,1,1,0,0,1,0,1,1,1,0,0,0,0,0,1,0,0,0,0,0,0,0,1
CUS_0x96fa,69740.96,5926.746666666668,5,1,9,2,7,2,0.0,0,894.04,38.32305268717091,78.45405613629792,92.29142887264686,671.9291816577219,2024-07-01,2025-10-06 10:51:58.104,19,10,0,0,0,1,1,0,0,0,0,0,1,0,0,1,0,0,0,0,1,0,0,0,0,0
CUS_0xab9,50573.81999999999,4175.485,8,6,10,5,21,9,18.95,80,1969.76,36.89110739070468,105.71222017817392,302.97743856415167,298.85884125767444,2024-07-01,2025-10-06 10:51:58.104,7,5,0,1,1,0,1,1,0,0,0,0,0,0,0,0,0,0,1,0,0,0,1,0,0,0
CUS_0x6671,9898.815,781.90125,8,6,16,3,58,16,13.1,70,2381.42,29.74802391817691,21.362569128893117,56.411767354594915,290.41578851651195,2024-07-01,2025-10-06 10:51:58.104,10,3,1,0,0,0,0,0,0,0,1,1,0,0,0,0,1,0,0,0,0,0,1,0,0,0
CUS_0x98b3,58508.76,4722.730000000001,6,5,17,4,25,15,18.72,70,1048.25,26.96197582885255,164.1990219368715,174.16084275413806,383.91313530899055,2024-07-01,2025-10-06 10:51:58.104,14,10,1,0,1,1,1,0,0,0,0,1,0,0,0,0,0,0,1,0,1,0,0,0,0,0
CUS_0x727a,68529.92,6000.826666666668,10,10,18,7,34,20,17.99,120,2643.57,27.328946026030803,318.1943615136928,119.5904716271683,402.2978335258055,2024-07-01,2025-10-06 10:51:58.104,14,3,1,1,1,0,1,1,0,0,0,1,0,0,0,0,1,0,0,0,0,1,0,0,0,0
CUS_0x7447,71703.22,5888.2683333333325,7,5,7,0,14,19,8.76,90,641.99,28.23133656434287,0.0,67.94578348466133,770.8810498486722,2024-07-01,2025-10-06 10:51:58.104,17,3,0,0,0,0,0,0,0,0,0,1,0,0,0,0,1,0,0,0,1,0,0,0,0,0
CUS_0x9235,63199.96,5426.663333333333,0,5,1,0,0,11,11.01,70,1435.61,27.5235955060428,0.0,317.9021423126058,484.7641910207275,2024-07-01,2025-10-06 10:51:58.104,15,9,0,0,0,0,0,0,0,0,0,0,0,0,0,1,0,0,0,1,0,0,0,0,0,0
CUS_0x6568,38493.68,3060.806666666667,4,4,15,2,23,20,22.03,40,2489.75,32.47687611266262,36.46477122499322,331.6692311507734,227.9466642909001,2024-07-01,2025-10-06 10:51:58.104,7,6,0,0,0,1,1,0,0,0,0,1,0,0,0,0,1,0,0,0,0,0,1,0,0,0
CUS_0x7baa,21028.91,1823.4091666666664,5,6,8,3,14,11,14.3,30,658.48,30.877701300592197,27.30214569285592,183.2400971515632,261.79867382224757,2024-07-01,2025-10-06 10:51:58.104,24,8,1,1,0,0,0,0,0,0,1,0,1,0,0,0,1,0,0,0,0,0,1,0,0,0
CUS_0x8d01,34769.69,3009.474166666667,2,3,6,4,2,15,5.88,30,219.87,26.984694266593003,109.99939566576136,33.046765639474124,170.05576271859263,2024-07-01,2025-10-06 10:51:58.104,16,10,0,0,1,0,0,1,1,1,0,0,1,0,0,1,0,0,0,0,0,0,1,0,0,0
CUS_0xbe68,58726.71,5167.8925,6,7,33,6,17,25,26.96,100,3544.22,33.925208523495336,225.7694427268837,214.4007676630499,326.61903961006647,2024-07-01,2025-10-06 10:51:58.104,4,3,1,1,1,0,1,0,0,0,1,1,0,0,0,0,0,1,0,0,1,0,0,0,0,0
CUS_0x33ba,79878.52,6535.543333333334,3,1,7,2,0,9,7.42,80,189.33,36.04322266037165,81.16999130109285,469.10249514204605,383.28184689019463,2024-07-01,2025-10-06 10:51:58.104,25,3,0,0,0,1,1,0,0,0,0,0,1,0,0,1,0,0,0,0,0,0,0,0,0,1
CUS_0x432a,103769.88,8421.817158669059,5,6,14,4,12,10,14.15,80,436.69,37.06393602850678,596.3370135445879,351.39711160602303,538.1877161803284,2024-07-01,2025-10-06 10:51:58.104,16,11,1,0,1,0,0,0,1,1,0,1,0,0,0,0,1,0,0,0,0,0,0,1,0,0
CUS_0x4590,28056.94,2115.078333333333,4,6,10,2,9,12,16.43,60,822.94,34.382303234382185,41.74919161384339,17.971917483009094,391.7867242364808,2024-07-01,2025-10-06 10:51:58.104,14,5,0,0,1,1,0,0,0,0,0,1,0,0,0,0,1,0,0,0,0,1,0,0,0,0
CUS_0x5d95,71034.88,5743.573333333334,7,7,26,9,28,23,4.82,80,2717.6,26.427082490594465,335.7367503188206,265.8101188120686,242.81046420244417,2024-07-01,2025-10-06 10:51:58.104,10,0,0,1,1,1,0,0,1,1,1,1,0,0,0,0,0,1,0,0,0,0,0,0,1,0
CUS_0x5e30,25122.47,1860.539166666667,4,4,16,4,16,17,19.68,90,1247.63,36.30545358333313,62.48455602427023,159.62704362774636,253.9423170146501,2024-07-01,2025-10-06 10:51:58.104,29,1,0,1,0,0,0,0,1,1,0,1,0,0,0,0,1,0,0,0,0,0,1,0,0,0
CUS_0x30e3,9691.165,689.5970833333334,8,6,28,6,47,11,9.22,110,1653.14,28.115116940393648,38.46153447383693,80.57082798902866,239.92734587046775,2024-07-01,2025-10-06 10:51:58.104,19,10,1,0,1,0,0,0,1,0,1,1,0,0,0,0,1,0,0,0,0,0,1,0,0,0
CUS_0x56cf,29960.97,2240.7475,3,6,14,1,15,19,19.54,60,744.37,29.645878529884754,17.23485856709106,128.15050297311114,368.68938845979784,2024-07-01,2025-10-06 10:51:58.104,31,6,0,0,0,0,0,0,1,0,0,1,0,0,0,0,1,0,0,0,0,0,1,0,0,0
CUS_0xab16,17168.925,1438.74375,4,4,4,0,11,10,8.25,10050,708.27,36.6241060645145,16.369621886776606,63.768721105874576,343.7360320073488,2024-07-01,2025-10-06 10:51:58.104,19,3,0,0,0,0,0,0,0,1,1,0,1,0,0,1,0,0,0,0,0,0,0,1,0,0
CUS_0xc4d7,35296.32,2939.36,7,6,5,4,23,12,11.91,50,902.23,27.7961209521593,59.16549863768918,72.89464256957058,431.87585879274025,2024-07-01,2025-10-06 10:51:58.104,23,0,0,0,1,0,1,0,0,0,1,1,0,0,0,0,1,0,0,0,0,0,0,0,1,0
CUS_0x259a,27865.26,2606.105,4,3,6,1,22,18,19.05,50,635.59,25.687375053748628,17.69844332156168,117.03365813386696,415.8783985445714,2024-07-01,2025-10-06 10:51:58.104,30,11,0,0,0,0,0,1,0,0,0,1,0,0,0,0,1,0,0,0,0,0,1,0,0,0
CUS_0x32fa,69209.85,6047.4875,6,3,9,2,29,12,6.9,20,225.58,34.93396871047994,86.37788508852127,422.35854645186515,376.0123184596137,2024-07-01,2025-10-06 10:51:58.104,32,10,0,1,1,0,0,0,0,0,0,0,1,0,0,0,1,0,0,0,0,0,0,1,0,0
CUS_0x806c,61228.6,4876.383333333333,10,7,33,4,31,2737,16.16,160,2321.1,28.046672302707588,108.993644036196,201.77407459402184,466.87061470311545,2024-07-01,2025-10-06 10:51:58.104,18,0,0,0,0,0,0,1,0,1,0,1,0,0,0,0,0,0,1,0,0,0,1,0,0,0
CUS_0x15ec,21487.835,1602.652916666667,1,2,6,3,11,13,2.93,30,425.9,30.099802242768284,41.00638370696507,10000.0,326.77111426942304,2024-07-01,2025-10-06 10:51:58.104,25,6,0,0,0,0,1,1,1,0,0,0,0,0,0,0,0,0,1,0,0,0,0,1,0,0
CUS_0x183e,19191.52,1872.293333333333,8,5,19,8,39,22,17.9,130,2571.56,25.09971567358479,105.27768363297994,153.4614268120524,198.4902228883009,2024-07-01,2025-10-06 10:51:58.104,1,5,0,1,1,1,1,1,1,1,0,1,0,0,0,0,0,0,1,0,0,0,0,0,1,0
CUS_0x3aa7,36825.11,2997.7591666666667,5,3,9,1,24,13,4.8599999999999985,40,520.36,31.044957007479912,24.319835720160512,47.866640448594865,477.5894404979113,2024-07-01,2025-10-06 10:51:58.104,18,10,1,0,0,0,0,0,0,0,0,0,1,0,0,1,0,0,0,0,1,0,0,0,0,0
CUS_0x47e8,39131.02,3001.918333333333,2,6,9,3,1,4,0.8,60,42.32,38.73968316684008,52.409968601988105,344.7637940004313,193.01807073091393,2024-07-01,2025-10-06 10:51:58.104,29,4,0,1,0,0,0,0,1,0,0,0,1,0,0,0,0,0,1,0,0,0,1,0,0,0
CUS_0x4a02,160728.04,13469.003333333336,2,5,11,2,11,7,0.87,10,1242.39,37.75151507003719,205.08669885065,1185.6452637434425,226.16837073924103,2024-07-01,2025-10-06 10:51:58.104,18,3,0,0,0,0,0,1,0,0,0,0,1,0,0,1,0,0,0,0,0,0,0,0,1,0
CUS_0x9dfd,80633.22,6463.435,2,4,6,4,12,5,6.27,10,295.42,40.462233854179495,142.8242213715675,146.68888956821303,606.8303890602195,2024-07-01,2025-10-06 10:51:58.104,27,5,0,1,1,0,0,0,0,1,0,0,1,0,0,1,0,0,0,0,1,0,0,0,0,0
CUS_0xc0d,14184.33,921.0275,6,7,17,0,9,14,8.71,10,1146.79,24.04321412761849,0.0,113.27712802415985,268.82562197584014,2024-07-01,2025-10-06 10:51:58.104,22,9,0,0,0,0,0,0,0,0,0,1,0,0,0,0,1,0,0,0,0,0,0,0,0,1
CUS_0x5789,93529.05,7775.087499999999,5,4,17,2,20,9,7.33,90,757.74,31.336779431035943,122.84071771887484,685.0102295282534,249.6578027528717,2024-07-01,2025-10-06 10:51:58.104,19,10,0,0,0,0,0,0,1,0,1,0,0,0,0,0,0,0,1,0,0,0,0,1,0,0
CUS_0x9793,19006.52,1551.8766666666668,1733,6,15,5,44,20,5.69,110,2930.71,36.39979288301458,48.95753865596856,10000.0,299.92208966998965,2024-07-01,2025-10-06 10:51:58.104,1,11,0,0,1,1,1,1,1,0,0,1,0,0,0,0,0,0,1,0,0,0,1,0,0,0
CUS_0x4518,60532.5,4892.375,6,3,5,4,5,17,16.54,90,1475.77,27.046975330487623,158.02883710490437,473.8581648106168,137.35049808447891,2024-07-01,2025-10-06 10:51:58.104,6,10,0,1,1,0,0,0,0,0,1,1,0,0,0,0,1,0,0,0,0,0,0,1,0,0
CUS_0x82a3,44332.62,3691.385,9,8,28,3,18,23,15.94,80,2380.89,34.75406328674392,75.71692855733535,185.6750017802793,387.7465696623854,2024-07-01,2025-10-06 10:51:58.104,8,8,0,0,0,0,0,1,0,0,1,1,0,0,0,0,0,1,0,0,0,0,0,1,0,0
CUS_0xa0a2,165002.4,13725.2,4,3,9,1,15,6,6.43,30,108.82,38.30376585792927,123.58133652852656,284.25380840686864,1214.6848550646046,2024-07-01,2025-10-06 10:51:58.104,20,6,1,0,0,0,0,0,0,0,0,0,0,0,0,1,0,0,0,0,1,0,0,0,0,0
CUS_0x5ae,47752.38,4227.365,8,6,28,6,21,17,13.13,140,1801.77,37.044552380051854,166.37574402655838,250.00044980488255,310.16015264329974,2024-07-01,2025-10-06 10:51:58.104,16,10,0,1,1,1,1,1,0,0,0,1,0,0,0,0,1,0,0,1,0,0,0,0,0,0
CUS_0x6030,50212.71,4341.3925,7,5,16,6,27,18,13.95,70,1796.17,30.525476924049887,132.43159320732607,70.43677084170794,471.27088595096603,2024-07-01,2025-10-06 10:51:58.104,18,4,0,0,1,0,1,0,1,1,1,1,0,0,0,0,1,0,0,0,0,1,0,0,0,0
CUS_0xab9d,8391.185,488.2654166666666,6,7,17,4,16,15,19.32,110,1588.39,38.47878310332701,21.8322270694534,58.46927955714582,271.0723285972263,2024-07-01,2025-10-06 10:51:58.104,12,4,0,0,0,0,0,1,1,1,1,1,0,0,0,0,1,0,0,0,0,0,1,0,0,0
CUS_0xb8eb,45243.21,3855.2675,7,7,21,3,61,27,0.9,60,2482.56,31.68470013666338,89.29681595547069,124.4946817164208,421.7352523281085,2024-07-01,2025-10-06 10:51:58.104,13,8,1,0,0,0,1,1,0,0,0,1,0,0,0,0,0,1,0,0,1,0,0,0,0,0
CUS_0x6d71,58452.18,4676.015,3,5,2,0,2,4,10.83,50,1437.16,36.72838819888038,0.0,47.91748912921897,659.6840108707811,2024-07-01,2025-10-06 10:51:58.104,17,11,0,0,0,0,0,0,0,0,0,0,1,0,0,1,0,0,0,0,0,1,0,0,0,0
CUS_0x7204,9009.775,692.8145833333333,8,5,26,3,7,6,14.83,130,1941.95,34.05393900975739,21.468536453376583,36.171518023033975,271.64140385692275,2024-07-01,2025-10-06 10:51:58.104,14,2,1,0,0,0,1,0,0,1,0,1,0,0,0,0,1,0,0,1,0,0,0,0,0,0
CUS_0x72c0,116522.68,8986.315953451429,3,4,16,6,26,7,16.74,110,272.6,26.254382113361164,1042.6742094601684,571.6997364369594,293.4557673181089,2024-07-01,2025-10-06 10:51:58.104,5,11,1,0,0,0,1,1,1,1,0,1,0,0,0,0,0,0,1,0,0,0,0,1,0,0
CUS_0x83fe,79284.92,6426.076666666668,8,5,15,0,19,23,23.72,170,2761.46,26.15400099734048,374.3950465171338,222.38400842499442,325.8286117245385,2024-07-01,2025-10-06 10:51:58.104,1,9,1,1,0,0,1,0,0,0,0,1,0,0,0,0,0,1,0,0,0,0,0,1,0,0
CUS_0x9da6,20516.18,1766.6816666666666,5,7,17,4,8,14,8.76,10,232.52,31.83718331684272,56.37071107419772,64.45319294175546,305.8442626507135,2024-07-01,2025-10-06 10:51:58.104,18,8,0,0,1,0,0,0,0,1,1,0,1,0,0,0,1,0,0,0,0,0,0,0,0,1
CUS_0x49b0,20858.03,1528.1691666666666,10,7,32,2,54,25,3.25,130,2164.84,22.869052141546387,30.79305493700541,70.9851731300151,341.0386885996461,2024-07-01,2025-10-06 10:51:58.104,12,3,1,0,0,0,0,0,0,0,1,1,0,0,0,0,0,1,0,0,0,0,1,0,0,0
CUS_0x753d,28694.16,2544.18,8,9,15,8,44,22,6.52,100,2481.83,30.92248017982752,123.70439538098508,160.46346618729083,250.25013843172408,2024-07-01,2025-10-06 10:51:58.104,5,9,1,0,1,1,0,0,1,0,0,0,0,0,0,0,0,1,0,0,0,0,0,1,0,0
CUS_0x90ca,32613.98,2688.8316666666665,4,4,17,4,11,20,0.7,50,954.65,29.0227127988175,75.40541208004393,72.90900002801354,370.56875455860916,2024-07-01,2025-10-06 10:51:58.104,29,5,0,0,0,0,0,0,1,1,1,0,1,0,0,0,1,0,0,0,1,0,0,0,0,0
CUS_0x930a,178969.48,14647.123333333337,0,5,1,4,7,7,2.87,90,667.15,25.188056687316827,554.1672740684295,857.321306499613,333.2237527652911,2024-07-01,2025-10-06 10:51:58.104,21,8,1,0,0,0,1,1,0,0,1,0,1,0,0,1,0,0,0,0,0,0,0,1,0,0
CUS_0x8842,60498.6,5147.55,7,6,12,1,27,18,9.92,30,736.07,25.59278426485368,47.9282096116055,639.8991393247993,116.92765106359529,2024-07-01,2025-10-06 10:51:58.104,26,10,0,0,0,1,0,0,0,0,0,0,1,0,0,0,1,0,0,0,0,0,1,0,0,0
CUS_0x4768,36237.51,2902.7925,7,3,15,3,19,20,19.68,70,588.79,36.91523481331518,59.88225172939515,85.78954338177822,394.6074548888266,2024-07-01,2025-10-06 10:51:58.104,19,11,0,0,1,0,0,0,1,0,1,1,0,0,0,0,0,0,1,0,1,0,0,0,0,0
CUS_0x8447,17004.86,1231.0716666666667,10,10,18,2,24,16,3.49,120,1261.59,33.35279053632815,25.022768764738228,70.63354516917333,307.45085273275515,2024-07-01,2025-10-06 10:51:58.104,13,0,0,0,0,1,0,0,0,1,0,1,0,0,0,0,0,0,1,0,0,0,0,1,0,0
CUS_0x3896,11183.865,1066.98875,8,7,5,4,16,8,0.59,30,304.5,39.18557126012328,31.61086838321392,140.65767703855877,224.43032957822726,2024-07-01,2025-10-06 10:51:58.104,25,4,0,0,0,0,0,1,1,1,0,0,1,0,0,0,0,0,1,0,0,0,1,0,0,0
CUS_0x84d1,19609.38,1531.4826356866015,9,7,23,8,16,21,18.1,150,4186.04,33.2290256783314,230.9139077760489,56.94900149347802,283.28095504387136,2024-07-01,2025-10-06 10:51:58.104,5,9,1,1,1,0,1,0,1,1,0,0,0,0,0,0,0,1,0,1,0,0,0,0,0,0
CUS_0xab0d,22032.32,1926.6220650139471,4,5,10,0,1,7,5.11,70,1356.88,26.680931539866897,147.40460165271972,41.053302060934335,406.3493646057323,2024-07-01,2025-10-06 10:51:58.104,22,6,0,0,0,0,0,0,0,0,0,0,1,0,0,1,0,0,0,0,0,0,0,0,0,1
CUS_0x3eb6,120015.52,10208.293333333331,7,7,14,2,15,13,11.88,100,1236.14,26.92424895276153,155.50102333582404,132.593765825764,972.7345441717453,2024-07-01,2025-10-06 10:51:58.104,21,10,1,1,0,0,0,0,0,0,0,0,0,0,0,0,1,0,0,0,0,1,0,0,0,0
CUS_0x6d43,18538.55,1379.8791666666666,7,8,33,7,50,23,1.04,150,3934.53,31.75522934588596,73.27023594580915,40.68471883861704,284.0329618822405,2024-07-01,2025-10-06 10:51:58.104,10,11,0,1,0,0,1,1,1,1,1,1,0,0,0,0,0,1,0,1,0,0,0,0,0,0
CUS_0x7c33,134630.91,11491.2425,5,1,5,0,9,1975,7.65,80,647.77,36.70370888055974,0.0,977.2373293754974,441.8869206245026,2024-07-01,2025-10-06 10:51:58.104,20,2,0,0,0,0,0,0,0,0,0,0,1,0,0,0,0,0,1,0,0,0,0,0,1,0
CUS_0xb191,17158.43,1507.8691666666666,8,7,2127,7,53,27,28.45,60,4438.41,30.37243120453137,97.71693434810184,139.66154679091883,203.408435527646,2024-07-01,2025-10-06 10:51:58.104,8,6,1,1,1,1,0,0,1,0,0,1,0,0,0,0,0,1,0,0,0,0,1,0,0,0
CUS_0x1abe,14909.4,1177.45,6,7,24,2,19,12,16.49,80,1992.2,23.21863897374731,13.069308505074778,101.37002367241709,293.3056678225082,2024-07-01,2025-10-06 10:51:58.104,11,6,0,0,1,0,1,0,0,0,0,1,0,0,0,0,1,0,0,0,0,0,1,0,0,0
CUS_0x4a82,21426.07,1511.5058333333334,5,7,16,7,29,20,8.79,4390,1024.27,35.614361570617966,117.26678653680165,93.0666214256734,200.8171753708583,2024-07-01,2025-10-06 10:51:58.104,15,8,1,0,1,1,0,0,0,1,1,1,0,0,0,0,1,0,0,1,0,0,0,0,0,0
CUS_0x66c3,36693.66,3144.8050000000007,6,6,19,9,58,22,28.74,90,2971.17,35.76365144981883,189.9826851874652,130.2803585608615,254.21745625167333,2024-07-01,2025-10-06 10:51:58.104,10,9,1,1,0,0,0,1,0,1,1,1,0,0,0,0,0,1,0,1,0,0,0,0,0,0
CUS_0x9c80,59426.85000000001,5049.2375,8,10,27,9,54,18,29.06,140,4625.22,35.50543863754128,226.45577118438945,162.90580998320118,395.5621688324095,2024-07-01,2025-10-06 10:51:58.104,1,6,0,1,1,1,1,1,1,0,0,1,0,0,0,0,0,0,1,0,0,0,0,1,0,0
CUS_0x38b4,56831.7,4919.975,10,7,23,2,60,19,7.82,120,2551.01,29.52795478786497,56.70861052495783,123.90413555733757,551.3847539177049,2024-07-01,2025-10-06 10:51:58.104,17,0,0,0,0,0,0,0,0,0,1,1,0,0,0,0,0,1,0,0,0,1,0,0,0,0
CUS_0x571f,66567.32,5800.276666666668,5,7,5,2,7,14,1.33,20,233.79,28.453785791216827,100.18936089086122,82.84422854536191,636.9940772304436,2024-07-01,2025-10-06 10:51:58.104,24,9,1,0,0,0,1,0,0,0,0,0,0,0,0,0,1,0,0,0,0,1,0,0,0,0
CUS_0x6962,40198.96,3424.913333333333,4,6,10,2,6,20,0.58,10,530.04,30.30680635225471,39.96049353351493,10000.0,432.95547723323824,2024-07-01,2025-10-06 10:51:58.104,28,4,0,0,0,0,0,0,0,1,1,0,1,0,0,0,1,0,0,0,1,0,0,0,0,0
CUS_0x8a74,106695.48,7810.766878898677,3,5,5,2,15,13,4.18,30,715.37,34.5808686847958,1130.7251751172157,630.7512938947602,411.2756520893474,2024-07-01,2025-10-06 10:51:58.104,31,11,1,0,0,0,0,0,0,0,0,0,1,0,0,0,0,0,1,0,0,0,1,0,0,0
CUS_0x2c4f,31941.88,2526.8233333333333,5,6,16,0,11,16,4.9,60,1048.97,34.78334480521806,0.0,85.51133154118304,417.1710017921503,2024-07-01,2025-10-06 10:51:58.104,20,8,0,0,0,0,0,0,0,0,0,0,1,0,0,0,1,0,0,0,1,0,0,0,0,0
CUS_0xa120,81096.44,6604.036666666668,8,1226,15,5,8,14,14.05,90,1056.01,27.20680490257039,207.85706783425252,10000.0,452.53332859586806,2024-07-01,2025-10-06 10:51:58.104,11,9,0,0,0,0,1,0,0,1,1,0,0,0,0,0,1,0,0,0,1,0,0,0,0,0
CUS_0x37d2,29044.29,2438.3575,5,6,12,0,4,2,2.31,40,1078.8,29.51998056042946,56524.0,199.65828451715782,334.1774654828422,2024-07-01,2025-10-06 10:51:58.104,21,0,0,0,0,0,0,0,0,0,0,0,1,0,0,1,0,0,0,0,0,0,1,0,0,0
CUS_0x8928,16578.115,1426.5095833333337,3,5,15,2,10,13,13.29,70,1054.86,33.19470505775127,21.42597208431386,160.054057289336,323.85435911926857,2024-07-01,2025-10-06 10:51:58.104,23,4,0,0,0,0,1,1,0,0,0,1,0,0,0,0,1,0,0,0,0,0,0,0,0,1
CUS_0x8e2,84114.48,6848.54,8,4,12,3,6,16,17.49,70,1080.17,33.502690031364125,208.35276362129812,253.0736410936833,503.42759528501864,2024-07-01,2025-10-06 10:51:58.104,31,2,0,0,0,1,0,0,0,1,0,1,0,0,0,0,1,0,0,0,0,0,0,1,0,0
CUS_0xa2b8,134809.28,10506.750932839754,2,3,6,2,13,5,7.34,50,309.3,42.55324454838302,1119.7229272670445,134.65889399599004,1144.3845792305442,2024-07-01,2025-10-06 10:51:58.104,24,11,0,1,0,0,0,0,0,1,0,0,0,0,0,0,0,0,1,0,0,1,0,0,0,0
CUS_0x4298,2716542.0,4456.6375,8,9,19,3,59,25,0.0,110,1624.6,41.67899225292032,99.88706368701192,193.34814281861443,422.4285434943737,2024-07-01,2025-10-06 10:51:58.104,6,8,0,0,1,0,0,1,0,0,0,1,0,0,0,0,0,1,0,0,0,0,0,0,1,0
CUS_0x4ee1,62679.87,5375.3225,8,8,17,2,34,19,3.1,60,2172.76,29.95792162471951,100.10260089398822,257.4977353915915,439.9319137144204,2024-07-01,2025-10-06 10:51:58.104,16,0,1,0,0,0,1,0,0,0,0,1,0,0,0,0,0,0,1,1,0,0,0,0,0,0
CUS_0x5ddd,60061.64,4719.136666666666,10,9,24,6,16,20,27.91,90,4771.2,32.85349341979624,169.286269391961,232.73831090164975,339.8890863730559,2024-07-01,2025-10-06 10:51:58.104,6,4,0,1,1,0,1,0,0,1,1,0,0,0,0,0,0,1,0,0,0,0,0,0,1,0
CUS_0x845d,37731.42,3206.285,1,6,6,0,21,9,9.33,50,1204.17,32.86047746675997,41584.0,129.6899875748009,440.9385124251991,2024-07-01,2025-10-06 10:51:58.104,20,6,0,0,0,0,0,0,0,0,0,0,1,0,0,1,0,0,0,0,1,0,0,0,0,0
CUS_0xa340,60417.68,5237.806666666666,5,4,18,1,17,12,8.3,40,1010.73,34.57190911649613,27.46092673718074,503.8629590944081,282.45678083507784,2024-07-01,2025-10-06 10:51:58.104,32,8,0,0,1,0,0,0,0,0,0,0,1,0,0,0,0,0,1,0,0,0,1,0,0,0
CUS_0x2d37,60253.11,4817.0925,8,6,11,0,23,8,13.73,40,1901.82,30.8173322829635,195.74133917864123,133.36572820392988,412.60218261742887,2024-07-01,2025-10-06 10:51:58.104,14,10,1,0,1,1,0,1,0,0,0,1,0,0,0,0,1,0,0,1,0,0,0,0,0,0
CUS_0x58f4,107360.1,9145.675,7,7,13,1,8,17,8.04,50,1456.75,35.35663418260046,81.23913389170148,563.689135403784,549.6392307045145,2024-07-01,2025-10-06 10:51:58.104,17,2,0,0,0,0,0,0,0,1,0,1,0,0,0,0,1,0,0,0,0,0,0,1,0,0
CUS_0x80bb,18998.52,1761.21,6,10,25,9,28,16,6.5,130,4419.75,31.26269056306775,137.70774166739392,163.22419766716462,145.18906066544147,2024-07-01,2025-10-06 10:51:58.104,8,0,0,1,1,1,1,1,0,1,0,1,0,0,0,0,0,1,0,0,0,0,0,0,1,0
CUS_0x6a91,38964.65,3250.054166666667,1,6,11,0,9,6,3.02,10,860.91,27.131006074930912,0.0,51.02782276857892,513.9775938980879,2024-07-01,2025-10-06 10:51:58.104,18,6,0,0,0,0,0,0,0,0,0,0,1,0,0,1,0,0,0,0,0,1,0,0,0,0
CUS_0x9318,15381.59,1409.799166666667,7,10,30,7,54,18,9.49,110,1753.16,25.43829870857408,49.534821850093614,115.88153990781574,265.56355490875734,2024-07-01,2025-10-06 10:51:58.104,7,3,0,1,1,1,1,0,1,0,1,1,0,0,0,0,0,1,0,0,0,0,1,0,0,0
CUS_0xb86e,9283.17,807.5975,9,8,28,8,44,21,3.95,120,1603.67,35.20190782391923,59.797864817441216,106.51748242951841,204.44440275304038,2024-07-01,2025-10-06 10:51:58.104,18,6,1,1,1,1,1,1,1,0,0,1,0,0,0,0,0,1,0,0,0,0,1,0,0,0
CUS_0x8a63,85172.7,6428.929519812165,1,3,3,1,7,10,3.63,70,394.22,29.50721224642349,593.5502398660569,10000.0,707.5212035418099,2024-07-01,2025-10-06 10:51:58.104,20,4,0,0,0,0,0,0,1,0,0,0,1,0,0,1,0,0,0,0,0,0,0,0,1,0
CUS_0xadf1,20756.69,1818.7241666666664,8,10,16,7,56,24,27.93,130,4206.64,30.676183705921087,62.38847206194168,86.08758151681081,313.3963630879142,2024-07-01,2025-10-06 10:51:58.104,1,6,0,0,1,0,1,0,1,1,1,1,0,0,0,0,0,1,0,0,0,0,0,1,0,0
CUS_0xd3a,34599.8,3130.316666666667,8,4,16,3,9,18,16.53,50,851.37,35.63140675492271,82.51668928284417,150.7288876676216,339.786089716201,2024-07-01,2025-10-06 10:51:58.104,6,2,0,0,0,1,0,1,1,0,0,1,0,0,0,0,1,0,0,1,0,0,0,0,0,0
CUS_0x8fc8,34766.91,2790.2425000000007,8,5,3,3,26,18,3.95,20,217.5,31.63712680635217,76.90821915797284,349.42052688661084,142.6955039554163,2024-07-01,2025-10-06 10:51:58.104,19,2,1,1,0,0,0,0,0,0,1,0,1,0,0,0,1,0,0,0,0,0,1,0,0,0
CUS_0x5a54,54758.55,4730.2125,8,8,27,6,24,20,29.9,160,3072.06,34.79381740979468,216.33556973671384,72.62368672070323,434.06199354258285,2024-07-01,2025-10-06 10:51:58.104,8,9,1,0,1,0,0,1,1,0,1,1,0,0,0,0,0,1,0,0,1,0,0,0,0,0
CUS_0x8e73,15807.59,1398.299166666667,6,8,28,5,40,15,7.59,100,2400.96,38.48344032463687,39.44534881572145,93.90973476592664,266.4748330850186,2024-07-01,2025-10-06 10:51:58.104,14,8,1,0,0,1,1,0,0,1,0,1,0,0,0,0,0,0,1,1,0,0,0,0,0,0
CUS_0xaee8,19268.3,1652.6916666666666,4,5,16,4,8,19,17.0,60,2220.34,38.6464718877364,49.43098075292709,197.59221859964097,208.24596731409858,2024-07-01,2025-10-06 10:51:58.104,17,10,1,1,1,0,1,0,0,0,0,1,0,0,0,0,0,0,1,0,0,0,1,0,0,0
CUS_0x80a0,121237.53,9995.1275,3,6,4,0,7,3,8.66,10,684.03,41.27789909147455,232.057191993378,319.2644929993805,698.1910650072417,2024-07-01,2025-10-06 10:51:58.104,30,6,0,0,0,0,1,0,1,0,1,0,1,0,0,1,0,0,0,0,1,0,0,0,0,0
CUS_0x9d10,132641.34,11051.445,1,3,6,1,3,11,7.6,30,831.63,28.825645122805856,70.10041864527824,984.3857359017537,320.6583454529683,2024-07-01,2025-10-06 10:51:58.104,21,2,0,0,1,0,0,0,0,0,0,0,1,0,0,1,0,0,0,0,0,0,0,0,1,0
CUS_0x531b,28408.97,1985.5193131955905,1,5,4,4,9,3,7.23,30,542.72,37.576162235122005,144.71509392680213,10000.0,343.60626555706494,2024-07-01,2025-10-06 10:51:58.104,19,8,0,1,0,0,0,0,1,1,0,0,1,0,0,0,0,0,1,0,0,1,0,0,0,0
CUS_0x5ff8,84880.65,7333.3875,5,6,14,0,33,11,2.23,90,1344.85,29.32362057405744,0.0,199.5300968759668,813.8086531240332,2024-07-01,2025-10-06 10:51:58.104,24,9,0,0,0,0,0,0,0,0,0,0,1,0,0,0,1,0,0,0,0,0,0,1,0,0
CUS_0x1b02,12743.995,1271.9995833333337,3,4,8,2,28,12,7.22,60,998.95,26.198088970943843,12.867267979246217,46.82978811181179,347.5029022422753,2024-07-01,2025-10-06 10:51:58.104,24,2,0,0,0,1,0,1,0,0,0,0,1,0,0,0,1,0,0,0,0,0,0,1,0,0
CUS_0x22ba,115023.36,9801.28,3,4,1,2,10,4,6.13,70,1143.52,25.75920766718255,5041.0,637.93589594398,513.7786843500293,2024-07-01,2025-10-06 10:51:58.104,21,5,0,0,0,0,1,0,1,0,0,0,1,0,0,0,0,0,1,0,0,0,0,1,0,0
CUS_0xa16e,10183.015,1074.5845833333333,7,5,17,5,48,21,7.97,60,1672.43,36.83702882243363,37.58807283812568,71.12274735436063,288.747638140847,2024-07-01,2025-10-06 10:51:58.104,10,8,1,0,1,0,0,1,0,0,0,1,0,0,0,0,0,1,0,0,0,0,1,0,0,0
CUS_0xc146,83859.84,6759.32,8,4,14,0,26,18,8.41,20,881.24,25.972780509306464,0.0,671.4431475848913,284.4888524151088,2024-07-01,2025-10-06 10:51:58.104,18,8,0,0,0,0,0,0,0,0,0,0,1,0,0,0,1,0,0,0,0,0,0,1,0,0
CUS_0x40df,64536.99000000001,5639.0825,6,5,15,4,16,18,4.72,60,1441.12,30.57528339659212,210.01601580776463,748.543928225489,525.2042698637879,2024-07-01,2025-10-06 10:51:58.104,26,3,0,1,0,0,0,1,1,0,0,0,1,0,0,0,1,0,0,0,0,0,1,0,0,0
CUS_0x4282,32507.76,2918.98,6,3,10,3,18,14,9.81,40,384.04,30.839838063884184,40136.0,74.40091303219603,434.37295763746187,2024-07-01,2025-10-06 10:51:58.104,19,0,0,1,1,0,0,0,0,0,1,1,0,0,0,0,1,0,0,0,0,0,0,0,1,0
CUS_0x4424,105150.2,8836.516666666666,8,3,13,4,20,19,14.46,70,1265.73,38.9795132918695,323.443242977122,138.2767167375354,661.9317069520092,2024-07-01,2025-10-06 10:51:58.104,18,10,0,1,0,0,0,1,1,0,1,1,0,0,0,0,0,0,1,0,0,1,0,0,0,0
CUS_0x248e,38551.09,3380.590833333333,0,7,3,3,8,4,11.96,40,342.3,33.83140547072885,78.03882884142057,82.0123143272108,428.007940164702,2024-07-01,2025-10-06 10:51:58.104,28,10,0,1,0,1,0,0,1,0,0,0,1,0,0,1,0,0,0,0,1,0,0,0,0,0
CUS_0x82cc,7526.205,836.18375,8,8,27,9,40,22,15.55,100,2526.03,24.82625047018236,49.36401454904247,70.39226038616498,243.86210006479254,2024-07-01,2025-10-06 10:51:58.104,1,10,0,1,1,1,0,1,1,0,1,1,0,0,0,0,0,1,0,0,0,0,0,0,0,1
CUS_0xb43,17995.83,1304.6525,7,1246,30,7,35,21,16.64,110,1596.16,31.489501201597136,99.63753630228236,123.19712890131996,197.6305847963977,2024-07-01,2025-10-06 10:51:58.104,9,4,0,1,1,0,0,0,1,1,1,1,0,0,0,0,0,1,0,0,0,0,0,0,0,1
CUS_0x3aa1,47888.94,4197.745000000001,4,4,27,4,9,16,8.84,80,1835.98,36.19591193491776,150.78374500259952,95.94631214557563,413.04444285182495,2024-07-01,2025-10-06 10:51:58.104,14,6,1,0,0,0,1,1,1,0,0,1,0,0,0,0,1,0,0,0,0,1,0,0,0,0
CUS_0x840b,9623.005,960.9170833333332,7,9,28,5,52,15,5.13,110,1693.0,26.72297607659672,26.240813349400305,100.41195395991323,259.43894102401975,2024-07-01,2025-10-06 10:51:58.104,18,3,0,0,1,0,0,1,1,1,1,1,0,0,0,0,0,1,0,0,0,0,1,0,0,0
CUS_0x6c12,33827.58,2736.965,8,3,14,2,13,7,17.96,0,1191.4,37.87336617326439,32.360852571207,351.22459460175656,180.1110528270364,2024-07-01,2025-10-06 10:51:58.104,32,2,0,0,0,0,1,0,0,0,1,1,0,0,0,0,1,0,0,0,0,0,1,0,0,0
CUS_0x9fbc,58528.3,4661.358333333334,4,5,6,2,7,12,18.13,30,1473.38,26.537252814832765,65.45196537741583,225.64319816681197,465.0406697891056,2024-07-01,2025-10-06 10:51:58.104,25,3,1,0,0,1,0,0,0,0,0,1,0,0,0,0,0,0,1,0,0,0,1,0,0,0
CUS_0x1eae,21421.73,1689.144166666667,5,3,17,4,18,13,9.11,17760,1378.89,32.1960626529784,47.62902007953036,30.044337703105693,351.2410588840306,2024-07-01,2025-10-06 10:51:58.104,22,2,1,0,1,0,0,0,1,0,0,0,1,0,0,0,1,0,0,1,0,0,0,0,0,0
CUS_0x52b1,27226.38,2332.865,4,5,11,2,8,18,7.07,20,1153.62,37.06384627008702,42.85108110077245,120.32845724338532,330.10696165584227,2024-07-01,2025-10-06 10:51:58.104,25,5,0,0,1,0,0,0,0,1,0,0,1,0,0,1,0,0,0,1,0,0,0,0,0,0
CUS_0xc3e4,29409.66,2579.805,5,1,6,2,8,5,2.42,0,301.38,32.687840358133734,35.00184261101656,205.8159614492834,287.16269593970003,2024-07-01,2025-10-06 10:51:58.104,31,11,0,0,1,0,0,0,0,0,1,0,0,0,0,1,0,0,0,0,0,0,0,0,0,1
CUS_0x9a3b,95031.84,7938.32,3,7,17,4,5,13,7.0,30,573.91,32.55617134744335,167.45998847929977,752.8279502456343,153.54406127506581,2024-07-01,2025-10-06 10:51:58.104,21,2,0,1,1,1,0,0,0,1,0,0,0,0,0,0,1,0,0,0,0,0,0,0,0,1
CUS_0x9da4,77380.48,6229.81907152606,5,2,8,0,0,0,2.2,10,486.34,27.77716790438314,388.55426180727386,99.4969398742959,802.3403934590375,2024-07-01,2025-10-06 10:51:58.104,20,3,0,0,0,0,0,0,0,0,0,0,1,0,0,0,0,0,1,0,0,1,0,0,0,0
CUS_0x3175,36776.48,2836.706666666667,6,5,20,6,62,15,6.43,110,2418.37,30.147618181588715,105.91828209412095,264.91323641510877,326.06057079937,2024-07-01,2025-10-06 10:51:58.104,14,11,0,0,1,1,0,1,0,1,1,0,0,0,0,0,0,1,0,0,0,0,1,0,0,0
CUS_0x5923,58995.8,4886.316666666667,6,6,18,0,21,19,9.13,20,974.73,26.06307111875904,41.64582635053812,296.5998751395252,410.3859651766034,2024-07-01,2025-10-06 10:51:58.104,33,6,0,0,0,0,0,0,0,0,1,1,0,0,0,0,0,0,1,1,0,0,0,0,0,0
CUS_0x7b8c,116623.44,9836.62,5,4,9,0,3,10,3.67,60,1198.03,27.424333547266144,0.0,538.7147175152187,734.9472824847815,2024-07-01,2025-10-06 10:51:58.104,30,10,0,0,0,0,0,0,0,0,0,0,1,0,0,1,0,0,0,0,0,0,1,0,0,0
CUS_0xaa14,33287.12,2844.9266666666667,7,238,9,2,23,10,16.64,60,1137.16,37.315357208576096,45.78583996575001,51.184164079735545,437.52266262118115,2024-07-01,2025-10-06 10:51:58.104,16,9,1,0,0,1,0,0,0,0,0,0,1,0,0,0,1,0,0,0,1,0,0,0,0,0
CUS_0x8d4f,7106.15,592.1791666666667,6,5,29,3,41,21,3.66,70,2688.12,28.11749569382151,9.575854756288654,40.91181906941336,298.73024284096465,2024-07-01,2025-10-06 10:51:58.104,19,5,0,1,0,1,0,0,0,0,1,1,0,0,0,0,0,1,0,0,0,0,1,0,0,0
CUS_0x48fe,71843.52,5836.96,7,6,10,0,26,11,13.82,80,369.7,41.29231885622968,0.0,248.2689758995885,625.4270241004116,2024-07-01,2025-10-06 10:51:58.104,13,5,0,0,0,0,0,0,0,0,0,0,0,0,0,0,0,0,1,0,0,0,1,0,0,0
CUS_0x6b42,18503.85,1634.9875,3,7,15,7,27,7,11.33,80,742.33,30.864335926093784,77.24096384870384,131.7124024076159,262.27172978392485,2024-07-01,2025-10-06 10:51:58.104,16,6,1,0,0,0,0,0,1,1,0,1,0,0,0,0,1,0,0,1,0,0,0,0,0,0
CUS_0x674e,70413.48,5971.79,7,10,27,8,29,20,1.9,120,2927.77,36.07536081133394,354.647164925606,271.51259173089096,241.01924334350304,2024-07-01,2025-10-06 10:51:58.104,9,3,1,1,1,1,0,0,1,1,0,0,0,0,0,0,0,1,0,0,0,0,0,0,1,0
CUS_0x6610,107313.84,9242.82,8,7,17,0,10,19,11.77,20,794.53,32.152767879023536,0.0,848.4430662727231,345.838933727277,2024-07-01,2025-10-06 10:51:58.104,25,6,0,0,0,0,0,0,0,0,0,0,1,0,0,0,1,0,0,0,0,0,0,0,1,0
CUS_0x88f9,10242.055,1100.5045833333334,8,5,17,2,29,12,13.6,110,1698.42,39.097117755449815,14.928551276236966,53.40068956131607,331.7212174957803,2024-07-01,2025-10-06 10:51:58.104,17,2,0,0,0,1,0,0,1,0,0,1,0,0,0,0,1,0,0,0,0,0,1,0,0,0
CUS_0x8a56,53872.34,4565.361666666667,5,4,16,2,30,9,13.78,20,329.07,30.74598468232037,82.63234144134398,188.30782963962588,435.59599558569687,2024-07-01,2025-10-06 10:51:58.104,24,2,0,0,0,0,1,1,0,0,0,1,0,0,0,0,1,0,0,0,1,0,0,0,0,0
CUS_0x6a9a,10484.96,1091.7466666666664,10,6,23,9,47,15,22.64,130,3345.76,31.92776972073026,59.77990402325282,53.161033853676976,286.23372878973686,2024-07-01,2025-10-06 10:51:58.104,5,11,1,1,1,0,0,0,1,0,0,1,0,0,0,0,0,1,0,0,0,0,1,0,0,0
CUS_0xbbfc,33978.57,2685.5475,5,5,6,3,30,12,13.98,70,1082.25,38.29540574781636,60.06864329328245,272.44539496825945,226.04071173845813,2024-07-01,2025-10-06 10:51:58.104,16,3,1,0,0,1,1,0,0,0,0,1,0,0,0,0,1,0,0,0,0,0,1,0,0,0
CUS_0xc01e,40883.92,3525.9933333333333,6,10,15,5,59,23,0.0,110,1831.87,40.884593946625294,131.52815362537774,107.62876418986679,363.44241551808886,2024-07-01,2025-10-06 10:51:58.104,15,10,0,0,0,0,1,0,1,1,0,1,0,0,0,0,0,1,0,0,1,0,0,0,0,0
CUS_0x544,17013.29,1326.7741666666668,813,1,10,1,6,1,11.93,30,1452.79,28.05168403290585,13.109662870945856,55.72695329443804,353.8408005012828,2024-07-01,2025-10-06 10:51:58.104,32,6,0,0,0,0,0,0,0,0,1,0,0,0,0,0,0,0,1,0,0,0,1,0,0,0
CUS_0x6960,43788.75,3394.0625,3,7,10,1,7,6,4.43,40,1427.84,25.991295318428683,23.44304387445748,366.83473756248833,239.12846856305424,2024-07-01,2025-10-06 10:51:58.104,29,0,0,0,0,0,1,0,0,0,0,0,1,0,0,1,0,0,0,0,0,0,1,0,0,0
CUS_0xaa40,33200.52,2755.71,6,4,20,2,25,18,8.59,70,1290.73,33.492237977627425,28.064296618865253,36.79032481176309,290.3205347583568,2024-07-01,2025-10-06 10:51:58.104,18,0,0,0,0,0,0,1,0,0,0,0,1,0,0,0,1,0,0,0,0,0,1,0,0,0
CUS_0xc0b3,15990.655,1244.5545833333333,7,3,17,5,6,17,11.85,80,1214.53,39.14277658837066,53.91846893142056,106.10635274011145,254.43063666180137,2024-07-01,2025-10-06 10:51:58.104,14,8,1,0,1,0,0,1,0,0,0,0,0,0,0,0,1,0,0,0,0,0,1,0,0,0
CUS_0x4192,16697.83,1662.4858333333334,10,8,19,7,32,19,14.88,80,2514.35,34.27510289197928,67.60115189277269,31.000650311577306,307.6467811289834,2024-07-01,2025-10-06 10:51:58.104,11,9,1,0,1,1,1,0,1,1,0,1,0,0,0,0,1,0,0,0,0,1,0,0,0,0
CUS_0x4863,41709.64,3739.803333333333,3,2,8,0,9,2,8.08,30,1307.73,36.17811568135062,0.0,248.17288325296482,395.80745008036865,2024-07-01,2025-10-06 10:51:58.104,23,0,0,0,0,0,0,0,0,0,0,0,1,0,0,0,0,0,1,0,0,0,0,0,1,0
CUS_0x6951,35462.52,2718.21,8,9,31,4,58,17,19.14,120,2371.87,33.82221197121719,75.22703204859808,181.3313397391553,285.26262821224657,2024-07-01,2025-10-06 10:51:58.104,8,8,0,1,1,0,0,1,0,1,0,1,0,0,0,0,0,1,0,0,0,0,0,0,1,0
CUS_0x8c1f,10405.01,694.0841666666665,6,7,30,5,56,15,12.66,130,2086.22,28.78999856533403,33.60279492191524,80.02928607607187,245.7763356686796,2024-07-01,2025-10-06 10:51:58.104,15,3,1,0,1,0,0,1,0,0,1,1,0,0,0,0,1,0,0,0,0,0,1,0,0,0
CUS_0x1bb7,9022.16,1045.8466666666668,6,9,23,7,25,18,3.93,110,1682.25,22.495940042258724,41.611207203587725,135.9357430119322,217.03771645114682,2024-07-01,2025-10-06 10:51:58.104,12,0,1,1,0,1,0,0,1,1,1,1,0,0,0,0,0,1,0,0,0,0,1,0,0,0
CUS_0x92fc,86446.44,7309.87,0,2,7,1,0,0,8.12,11940,1396.41,26.52627993707052,53.20448799505711,177.60869671949794,566.7381686247413,2024-07-01,2025-10-06 10:51:58.104,18,5,0,0,0,0,0,1,0,0,0,0,1,0,0,1,0,0,0,0,0,0,1,0,0,0
CUS_0x1c82,62719.36,5315.613333333334,1,7,1,2,13,3,5.15,50,73.8,32.786196535467674,58.31563822856903,264.1783346557805,499.067360448984,2024-07-01,2025-10-06 10:51:58.104,30,5,0,0,0,0,0,1,0,1,0,0,1,0,0,1,0,0,0,0,0,0,1,0,0,0
CUS_0x7dcd,140731.72,10190.249318889946,8,6,11,3,30,18,8.25,30,125.46,30.35430189234048,29384.0,993.3689078533702,275.86405214505277,2024-07-01,2025-10-06 10:51:58.104,21,6,1,0,0,0,0,0,0,0,1,1,0,0,0,0,1,0,0,0,0,0,0,1,0,0
CUS_0xb385,57575.04,4948.92,9,10,20,8,38,20,18.65,100,2726.95,31.71431863259268,264.968276636229,97.045006989175,382.878716374596,2024-07-01,2025-10-06 10:51:58.104,10,4,1,1,1,1,0,0,0,1,0,0,0,0,0,0,0,1,0,0,1,0,0,0,0,0
CUS_0xa53,107289.36000000002,9031.78,6,4,7,3,9,9,7.77,50,815.62,32.906426861237094,207.77772889476967,59.669931638722325,875.730339466508,2024-07-01,2025-10-06 10:51:58.104,23,3,1,0,0,1,0,0,0,0,0,0,0,0,0,0,0,0,1,0,0,1,0,0,0,0
CUS_0x1b41,19910.51,1622.2091666666663,9,10,15,5,59,24,0.0,160,3957.01,31.604644410729488,57.67071368461316,23.60906900530841,320.9411339767451,2024-07-01,2025-10-06 10:51:58.104,6,2,1,1,0,0,0,0,1,1,0,1,0,0,0,0,0,1,0,0,0,1,0,0,0,0
CUS_0x38cd,35856.82,2918.068333333333,2,5,20,1,16,15,16.02,50,1212.78,34.509681564428384,20.552122957413133,185.3440282900771,365.9106820858431,2024-07-01,2025-10-06 10:51:58.104,25,10,0,0,0,0,0,0,0,1,0,0,0,0,0,0,1,0,0,0,0,0,0,1,0,0
CUS_0x3d0e,71424.56999999999,5743.0475,4,6,1,4,14,21,10.35,60,484.43,27.252218057634057,230.45578409109245,178.32459432315412,415.5243715857534,2024-07-01,2025-10-06 10:51:58.104,17,4,1,1,1,0,1,0,0,0,0,0,1,0,0,0,0,0,1,0,1,0,0,0,0,0
CUS_0x40c,20884.58,1855.381666666667,6,6,15,0,15,12,16.15,40,22.45,33.206875810184464,12.480008351295863,62.09113328539782,360.967025029973,2024-07-01,2025-10-06 10:51:58.104,24,3,0,0,0,0,0,0,1,0,0,1,0,0,0,0,1,0,0,0,1,0,0,0,0,0
CUS_0x996f,162688.28,13580.356666666668,0,5,2,2,17,0,4.48,20,641.14,31.870589770168827,178.6439386512262,115.64128166367763,1303.750446351763,2024-07-01,2025-10-06 10:51:58.104,32,4,0,0,0,0,0,0,1,0,1,0,1,0,0,1,0,0,0,0,0,1,0,0,0,0
CUS_0x1595,30509.4,2321.4500000000007,5,7,8,4,7,14,10.95,60,1496.06,24.82668374611937,66.36791773064007,102.29316549827708,343.4839167710829,2024-07-01,2025-10-06 10:51:58.104,20,5,1,0,0,0,1,0,0,0,1,1,0,0,0,0,0,0,1,0,0,0,0,0,0,1
CUS_0x2c4c,17476.37,1241.3641666666665,5,7,21,5,19,20,11.88,90,1533.86,30.38777994495707,72.33847952004095,82.31508940825981,249.48284773836585,2024-07-01,2025-10-06 10:51:58.104,8,5,0,1,0,1,0,0,1,1,1,1,0,0,0,0,0,0,1,0,0,0,0,1,0,0
CUS_0x30f0,28942.36,2670.863333333333,5,4,3,4,5,1,13.41,40,626.5,26.97655348552485,87.1698091721312,211.76827536740535,248.1482487937968,2024-07-01,2025-10-06 10:51:58.104,27,6,0,0,0,0,0,0,1,1,1,0,1,0,0,0,0,0,1,0,0,0,0,1,0,0
CUS_0x49da,96582.24,7886.52,3,3,13,1,10,18,19.79,0,482.88,36.153906480162185,72.46021109841324,115.29322010002757,840.8985688015593,2024-07-01,2025-10-06 10:51:58.104,26,2,0,1,0,0,0,0,0,0,0,1,0,0,0,0,0,0,1,0,0,1,0,0,0,0
CUS_0x5b65,85248.15,6891.0125,4,7,5,2,6,7,2.24,50,1326.06,34.17849315803221,113.4336024221999,565.5127766570765,280.1548709207236,2024-07-01,2025-10-06 10:51:58.104,24,9,1,0,0,0,1,0,0,0,0,0,1,0,0,1,0,0,0,0,0,0,0,0,1,0
CUS_0xa737,79556.37,6378.697499999998,8,5,19,0,7,20,9.88,70,1191.79,32.356366072090246,0.0,107.68583843580238,770.1839115641977,2024-07-01,2025-10-06 10:51:58.104,30,4,0,0,0,0,0,0,0,0,0,1,0,0,0,0,1,0,0,0,0,1,0,0,0,0
CUS_0xbb70,25971.13,1724.6971374789466,386,4,2,4,12,9,3.35,40,771.67,38.93155655514396,240.4295747509253,136.65147308342875,291.70873135336626,2024-07-01,2025-10-06 10:51:58.104,15,9,0,0,0,0,1,0,0,1,0,0,1,0,0,0,0,0,1,0,0,0,1,0,0,0
CUS_0x34e1,15605.73,1505.4775,10,7,30,6,36,21,7.66,110,1937.91,22.545288635093303,59.17488901917528,70.92268069725951,300.45018028356526,2024-07-01,2025-10-06 10:51:58.104,13,6,1,0,1,0,1,0,0,0,0,1,0,0,0,0,0,1,0,0,0,0,0,1,0,0
CUS_0x8973,30472.5,2270.375,3,7,27,7,21,14,14.87,60,1872.17,37.91767382699001,128.78518538714843,70.34772967157592,287.9045849412757,2024-07-01,2025-10-06 10:51:58.104,14,5,0,1,0,1,1,0,1,1,1,1,0,0,0,0,1,0,0,1,0,0,0,0,0,0
CUS_0x4ead,10412.225,761.6854166666667,8,7,10,3,15,11,10.13,70,4.5,35.818656861574674,18.83691358053301,76.36305683750076,270.9685712486329,2024-07-01,2025-10-06 10:51:58.104,30,2,1,0,0,0,1,0,1,0,0,1,0,0,0,0,1,0,0,0,0,0,1,0,0,0
CUS_0xbb30,71535.38,5886.281666666668,4,7,14,2,22,18,5.26,50,1349.87,25.6659897398658,118.72567367247862,608.2007629174788,151.7017300767094,2024-07-01,2025-10-06 10:51:58.104,23,9,0,0,0,1,0,0,0,1,0,1,0,0,0,0,1,0,0,0,0,0,1,0,0,0
CUS_0x49b9,71617.92,6009.16,7,9,19,6,66,16,25.51,80,3466.45,39.47536238898508,264.7394573990407,339.78096607593164,266.3955765250277,2024-07-01,2025-10-06 10:51:58.104,8,5,0,1,1,1,0,1,1,0,0,1,0,0,0,0,0,1,0,0,0,0,0,0,1,0
CUS_0x9c0d,144444.64,11929.053333333335,4,4,6,7,5,19,17.91,50,1389.48,39.431304325330245,720.1557662082834,274.8414164997638,437.9081506252865,2024-07-01,2025-10-06 10:51:58.104,18,11,0,1,0,1,1,0,1,0,1,1,0,0,0,0,1,0,0,0,0,1,0,0,0,0
CUS_0xab8,74820.12,6511.009999999998,9,6,27,5,19,17,6.72,90,2532.0,28.81888416895479,255.5801522181416,160.05783441270182,475.46301336915656,2024-07-01,2025-10-06 10:51:58.104,3,2,1,0,1,1,1,1,0,0,0,1,0,0,0,0,0,1,0,0,0,1,0,0,0,0
CUS_0x76bc,42355.28,3512.606666666666,2,4,12,2,0,0,4.8,20,778.49,23.51485769520686,52.21671111994953,242.41411338907972,316.62984215763737,2024-07-01,2025-10-06 10:51:58.104,32,2,0,0,0,1,0,0,1,0,0,0,1,0,0,1,0,0,0,1,0,0,0,0,0,0
CUS_0xc1d9,78860.2,6332.6833333333325,8,4,6,0,25,11,12.19,30,836.53,38.05107251153708,0.0,247.55367441709208,635.7146589162412,2024-07-01,2025-10-06 10:51:58.104,19,2,0,0,0,0,0,0,0,0,0,0,0,0,0,0,1,0,0,0,1,0,0,0,0,0
CUS_0xc6c2,49056.09,4037.299792032216,7,8,19,3,27,20,6.29,170,1336.77,31.454501884842323,333.4027771369232,196.60772307386497,392.0979577569953,2024-07-01,2025-10-06 10:51:58.104,6,11,0,0,0,0,0,1,0,1,0,1,0,0,0,0,0,1,0,0,0,0,0,1,0,0
CUS_0x22b9,9856.98,754.415,6,5,23,6,22,13,8.43,100,1455.73,29.03742245964372,28.41082376206376,78.87125786695005,258.1594183709862,2024-07-01,2025-10-06 10:51:58.104,13,8,0,1,1,1,1,0,0,0,0,1,0,0,0,0,0,0,1,0,0,0,1,0,0,0
CUS_0x27d8,1.3371054E7,2994.471666666667,5,3,2,1,0,6,4.28,40,216.62,31.49466439049548,19.42813320922236,63.16461820502194,456.8544152524224,2024-07-01,2025-10-06 10:51:58.104,30,2,0,0,0,0,0,0,0,1,0,0,1,0,0,0,0,0,1,0,0,1,0,0,0,0
CUS_0x34b6,30726.96,2304.58,10,10,16,6,17,14,3.92,120,4381.33,35.749960552971814,100.6085183670002,100.11049285279827,319.7389887802016,2024-07-01,2025-10-06 10:51:58.104,8,11,1,0,0,0,1,1,0,1,0,1,0,0,0,0,0,1,0,0,0,0,1,0,0,0
CUS_0x792f,90216.75,7487.0625,4,2,12,1,10,8,5.8100000000000005,20,9.35,33.949485833940464,37.760370899923245,79.19840965272647,871.7474694473503,2024-07-01,2025-10-06 10:51:58.104,20,9,0,0,0,0,0,0,0,1,0,0,1,0,0,1,0,0,0,0,0,1,0,0,0,0
CUS_0x7daf,13613.385,1078.44875,7,6,11,0,5,17,15.83,50,506.93,35.383250875093296,0.0,143.4329937136934,254.41188128630662,2024-07-01,2025-10-06 10:51:58.104,17,3,0,0,0,0,0,0,0,0,0,1,0,0,0,0,1,0,0,0,0,0,1,0,0,0
CUS_0x9226,37573.92,3191.16,8,6,24,4,7,12,12.25,50,2007.3,32.584012685060266,109.92690680256852,69.96695912260769,379.22213407482377,2024-07-01,2025-10-06 10:51:58.104,13,9,0,0,1,1,1,0,0,0,0,1,0,0,0,0,0,0,1,0,0,1,0,0,0,0
CUS_0x2e0c,62028.36,5048.03,8,10,20,8,47,23,29.55,120,3842.37,26.58722706772097,280.7397596660354,59.172556942884064,414.8906833910805,2024-07-01,2025-10-06 10:51:58.104,1,3,0,0,1,1,0,1,1,1,0,1,0,0,0,0,0,1,0,0,1,0,0,0,0,0
CUS_0x8271,20127.115,1800.2595833333337,4,4,8,2,9,6,16.59,50,328.91,24.47621914366537,29.95953999860552,43.29706342251581,346.76935491221207,2024-07-01,2025-10-06 10:51:58.104,18,5,0,0,0,0,1,0,0,1,0,0,1,0,0,1,0,0,0,0,0,1,0,0,0,0
CUS_0x880d,50109.76,4354.8133333333335,6,3,4,1,16,19,9.66,0,893.62,30.564612756685147,22.847437955635804,50.220343233192395,612.4135521445053,2024-07-01,2025-10-06 10:51:58.104,16,6,0,0,0,1,0,0,0,0,0,0,1,0,0,1,0,0,0,0,1,0,0,0,0,0
CUS_0xb6d,30171.86,2772.3216666666667,6,7,30,9,51,23,22.49,100,3406.51,29.733290596440437,205.4039258550139,180.44456348337897,151.38367732827376,2024-07-01,2025-10-06 10:51:58.104,10,5,1,0,1,1,0,1,1,0,0,1,0,0,0,0,0,0,1,1,0,0,0,0,0,0
CUS_0xc2eb,93068.88,7497.740000000002,5,8,16,4,32,18,1.36,40,151.6,37.63420794606617,221.0214999577448,797.4188037964598,21.33369624579564,2024-07-01,2025-10-06 10:51:58.104,24,9,1,0,0,1,0,0,0,1,0,0,1,0,0,0,1,0,0,0,0,0,1,0,0,0
CUS_0x34a2,36603.85,3204.320833333333,4,5,7,4,16,17,15.75,60,1127.32,26.38547632892658,106.36660605038576,136.02327775383802,328.0421995291096,2024-07-01,2025-10-06 10:51:58.104,28,6,0,0,0,1,1,0,1,0,1,1,0,0,0,0,1,0,0,0,1,0,0,0,0,0
CUS_0x508c,28420.92,2355.41,2,5,4,4,9,11,4.55,30,433.44,40.87136502612052,86.15357285433218,91.66423979635128,347.7231873493165,2024-07-01,2025-10-06 10:51:58.104,24,5,1,0,0,0,0,0,1,1,1,0,0,0,0,1,0,0,0,0,0,0,1,0,0,0
CUS_0x95a3,7798.79,885.8991666666667,8,8,32,7,18,18,8.39,70,2281.65,34.12390068914946,29.56821574560457,29.51830054788519,309.50340037317693,2024-07-01,2025-10-06 10:51:58.104,17,6,0,1,1,1,0,0,1,1,0,1,0,0,0,0,1,0,0,0,0,0,0,1,0,0
CUS_0x9ae1,82670.04,6775.169999999999,9,9,31,6,35,17,28.91,100,2541.88,34.015345147990345,388.6253064477928,140.44234992761932,388.4493436245879,2024-07-01,2025-10-06 10:51:58.104,2,2,0,1,1,1,1,1,0,0,0,1,0,0,0,0,0,1,0,0,0,1,0,0,0,0
CUS_0x82f8,34336.93,2319.831269200303,7,4,8,3,24,9,8.53,10,604.77,39.25506074266756,396.4200838868785,225.36422254644714,274.8363410330384,2024-07-01,2025-10-06 10:51:58.104,26,0,0,1,0,0,0,1,0,1,0,0,1,0,0,0,0,0,1,0,0,0,1,0,0,0
CUS_0xa6e7,37424.09,3182.674166666666,4,5,5,2,1,3827,3.55,10,509.45,36.07648490438002,62.10742941594819,10000.0,468.6484851112813,2024-07-01,2025-10-06 10:51:58.104,28,8,0,1,0,0,0,0,1,0,0,0,1,0,0,0,0,0,1,0,1,0,0,0,0,0
CUS_0x268f,65448.14,5226.011666666666,3,3,10,3,26,10,0.66,80,391.31,35.09807736446064,96.75535858875192,525.1575922972481,180.68821578066658,2024-07-01,2025-10-06 10:51:58.104,24,9,0,0,0,0,1,0,0,0,1,0,1,0,0,0,0,0,1,0,0,0,0,1,0,0
CUS_0x4d75,22089.68,1766.8066666666666,7,3,6,2,31,18,3.95,40,346.64,33.749261346056365,35.73370990650746,138.91823851754026,272.028718242619,2024-07-01,2025-10-06 10:51:58.104,24,10,0,1,0,0,0,0,0,0,1,0,0,0,0,0,1,0,0,0,0,0,0,0,1,0
CUS_0x7f72,40838.93,3440.244166666667,2,2,4,4,8,12,3.52,70,475.65,29.96866561709953,95.1253107349487,103.40845152231371,395.49065440940427,2024-07-01,2025-10-06 10:51:58.104,29,0,1,1,0,0,0,0,0,0,1,0,1,0,0,1,0,0,0,0,1,0,0,0,0,0
CUS_0x3139,19369.96,1791.1633333333332,6,5,18,4,13,21,17.39,90,1266.31,30.485390362885354,57.412212456357366,222.34162497525384,189.36249590172216,2024-07-01,2025-10-06 10:51:58.104,16,2,0,0,1,0,0,0,0,1,1,1,0,0,0,0,1,0,0,0,0,0,1,0,0,0
CUS_0x450b,21112.76,1641.3966666666663,3,3,16,4,11,12,15.11,90,1439.72,35.890312814446006,42.38339184597867,193.17275534907557,218.5835194716124,2024-07-01,2025-10-06 10:51:58.104,31,2,1,1,0,0,1,0,0,0,1,1,0,0,0,0,0,0,1,0,0,0,1,0,0,0
CUS_0x9efc,33418.55,2739.879166666667,6,3,5,2,11,17,18.98,70,415.34,36.0310745653239,37.63232989584368,126.47806805432744,389.8775187164956,2024-07-01,2025-10-06 10:51:58.104,11,0,0,0,0,0,0,1,0,1,0,1,0,0,0,0,1,0,0,0,0,0,0,1,0,0
CUS_0xc620,42769.78,3549.5603376559643,4,4,16,4,10,11,7.58,30,308.91,36.002611593680065,40105.0,24.429547606278906,484.8086733917134,2024-07-01,2025-10-06 10:51:58.104,23,6,1,1,0,0,0,1,0,0,1,0,0,0,0,0,0,0,1,0,0,1,0,0,0,0
CUS_0xbb79,22324.105,1723.3420833333332,1,4,4,3,13,11,8.72,10,874.44,31.067987557697805,45.02575122482221,77.84937532449455,329.45908178401663,2024-07-01,2025-10-06 10:51:58.104,31,5,0,0,0,0,1,0,0,0,1,0,0,0,0,1,0,0,0,0,0,0,0,1,0,0
CUS_0x3d76,25145.36,2047.446666666667,3,3,18,2,11,17,14.2,0,904.83,30.213166553741427,31.28002923905184,25.330880740512534,398.1337566871023,2024-07-01,2025-10-06 10:51:58.104,32,8,0,0,0,0,1,0,0,1,0,1,0,0,0,0,0,0,1,0,1,0,0,0,0,0
CUS_0x3f5b,80108.31,6866.6925,5,3,17,0,25,19,14.22,40,997.28,28.12327833446457,0.0,127.88628896345242,808.7829610365477,2024-07-01,2025-10-06 10:51:58.104,18,2,0,0,0,0,0,0,0,0,0,1,0,0,0,0,1,0,0,0,0,0,0,0,0,1
CUS_0x515a,22500.52,1770.043333333333,5,3,19,5,14,16,16.61,80,864.7,33.08629049151944,65.0210261192878,99.76825098189656,292.215056232149,2024-07-01,2025-10-06 10:51:58.104,12,10,1,0,0,1,0,0,1,1,1,1,0,0,0,0,1,0,0,0,0,0,0,1,0,0
CUS_0xa4de,35844.02,2703.0016666666666,3,7,13,1,5,19,14.17,100,1072.28,30.488109786191675,24.56853693521975,239.8543267702008,295.87730296124613,2024-07-01,2025-10-06 10:51:58.104,20,10,1,0,0,0,0,0,0,0,0,1,0,0,0,0,1,0,0,0,0,0,1,0,0,0
CUS_0x183d,7005.93,835.8275,10,7,30,6,21,9,8.49,90,1703.39,26.178696298320645,18.672909361455407,92.44429644114679,262.4655441973978,2024-07-01,2025-10-06 10:51:58.104,11,5,0,1,0,0,0,1,1,1,0,0,0,0,0,0,1,0,0,0,0,0,1,0,0,0
CUS_0x96e5,19017.29,1741.7741666666668,9,6,18,6,48,19,5.96,110,2088.76,27.692952979836456,71.6668659708896,107.28466896453571,285.2258817312414,2024-07-01,2025-10-06 10:51:58.104,18,8,1,0,1,0,1,1,0,0,1,1,0,0,0,0,0,0,1,0,0,0,1,0,0,0
CUS_0xb14a,18084.08,1740.006666666667,7,5,29,3,19,21,9.86,80,2303.77,26.23481171122404,42.92277703984765,81.64598022825149,339.4319093985676,2024-07-01,2025-10-06 10:51:58.104,9,11,0,0,1,0,0,0,1,0,0,1,0,0,0,0,0,1,0,0,0,0,1,0,0,0
CUS_0x1108,117499.47,9780.6225,4,5,8,0,10,8,8.32,40,337.9,30.61812257306397,0.0,334.3979770998342,923.6642729001657,2024-07-01,2025-10-06 10:51:58.104,30,8,0,0,0,0,0,0,0,0,0,0,1,0,0,1,0,0,0,0,0,0,0,1,0,0
CUS_0x7f27,100058.19,8529.1825,7,5,5,4,19,18,11.45,60,1109.15,41.28412641819116,320.7675610736531,163.31495372890637,631.3061541836453,2024-07-01,2025-10-06 10:51:58.104,16,3,1,1,1,0,0,0,1,0,0,1,0,0,0,0,1,0,0,0,0,1,0,0,0,0
CUS_0x90e,70256.94,5888.745,1,4,6,1,27,2,2.09,20,859.38,34.896985524165004,38.07247761362628,159.0392733399453,641.7627490464283,2024-07-01,2025-10-06 10:51:58.104,19,2,0,0,0,0,0,0,0,0,1,0,1,0,0,1,0,0,0,0,1,0,0,0,0,0
CUS_0x4a96,42832.16,3786.346666666667,0,4,5,2,9,2,6.86,60,565.03,35.759799889921304,66.18222802101384,268.6839401939404,333.7684984517125,2024-07-01,2025-10-06 10:51:58.104,16,10,1,1,0,0,0,0,0,0,0,0,1,0,0,1,0,0,0,0,0,0,1,0,0,0
CUS_0x82b,16784.74,1133.7283333333337,7,10,23,5,52,17,29.57,140,4174.75,34.320902789378735,58.5658081096479,10000.0,284.18707806516204,2024-07-01,2025-10-06 10:51:58.104,3,4,0,0,0,0,1,0,1,1,1,1,0,0,0,0,0,1,0,0,1,0,0,0,0,0
CUS_0x95c9,59612.64,5067.72,6,5,32,7,60,25,17.93,120,4764.4,29.564445891501705,283.7334319714929,250.28688415356382,232.75168387494327,2024-07-01,2025-10-06 10:51:58.104,3,6,1,1,1,0,1,0,0,1,0,1,0,0,0,0,0,1,0,1,0,0,0,0,0,0
CUS_0x4c49,17243.24,1619.936666666667,8,10,20,7,21,22,23.21,80,2657.29,28.462195063311825,82.44795825725815,95.30206141971512,274.2436469896934,2024-07-01,2025-10-06 10:51:58.104,3,4,1,1,0,1,1,1,0,0,0,1,0,0,0,0,0,1,0,0,0,0,1,0,0,0
CUS_0x3240,136765.92,11577.160000000002,3,2,4,4,2,15,1.82,10,390.9,41.43065450835474,300.4755553229292,638.0379525247936,499.2024921522774,2024-07-01,2025-10-06 10:51:58.104,22,10,0,0,0,0,1,1,1,0,1,0,1,0,0,1,0,0,0,0,0,0,0,1,0,0
CUS_0x7e8b,30118.94,2473.9116666666664,6,6,34,3,31,22,12.16,150,1693.64,28.83319823340608,44.81642046832427,300.53198253688737,192.042763661455,2024-07-01,2025-10-06 10:51:58.104,18,10,1,1,0,0,0,0,0,1,0,1,0,0,0,0,0,1,0,0,0,0,1,0,0,0
CUS_0xc1f0,68130.20999999999,5903.517499999999,7,5,19,2,24,17,14.0,50,1069.66,22.95268219217464,58.2531215874777,530.1397097073951,271.95891870512713,2024-07-01,2025-10-06 10:51:58.104,17,5,0,0,0,1,0,0,1,0,0,1,0,0,0,0,0,0,1,0,0,0,0,0,1,0
CUS_0x36ed,28452.8,2267.0666666666666,10,917,21,5,58,20,8.18,140,1909.79,32.36850658817297,106.58414239646105,81.12960663300386,328.9929176372018,2024-07-01,2025-10-06 10:51:58.104,18,6,0,0,0,1,1,0,0,0,1,1,0,0,0,0,0,0,1,0,0,0,1,0,0,0
CUS_0x3974,8007.85,897.3208333333333,8,7,24,7,52,19,29.98,120,2914.68,25.834747808677676,36.22285932990693,45.38950219490022,288.1197218085262,2024-07-01,2025-10-06 10:51:58.104,6,6,1,0,0,0,1,0,1,1,1,1,0,0,0,0,0,1,0,0,0,0,0,1,0,0
CUS_0x777b,90661.35,7346.1125,8,3,11,2,29,6,14.76,90,1375.13,29.964092791652604,113.12629803961146,484.1270732072171,417.35787875317146,2024-07-01,2025-10-06 10:51:58.104,16,3,0,0,1,0,0,0,0,0,1,1,0,0,0,0,1,0,0,0,0,0,0,0,0,1
CUS_0x9ec8,29020.31,2176.3591666666666,0,4,6,2,3,4,9.78,40,940.83,26.421126271910573,31.81302218592132,66.83909847569134,368.9837960050541,2024-07-01,2025-10-06 10:51:58.104,23,3,0,0,0,1,0,0,0,0,1,0,1,0,0,1,0,0,0,0,1,0,0,0,0,0
CUS_0x1a56,16662.535,1464.544583333333,4,5,19,7,21,17,13.170000000000002,60,1384.8,23.184106554725275,88.45540374084648,76.98693520087501,271.01211939161186,2024-07-01,2025-10-06 10:51:58.104,11,4,1,1,1,1,0,1,0,1,0,1,0,0,0,0,0,0,1,0,0,0,1,0,0,0
CUS_0x1b85,36228.12,3105.01,3,7,3,2,6,3,11.62,50,1475.78,33.74617363989949,39.04583086510205,101.72432585529236,449.73084327960566,2024-07-01,2025-10-06 10:51:58.104,27,9,0,0,1,0,1,0,0,0,0,0,1,0,0,0,0,0,1,0,0,0,0,1,0,0
CUS_0x421d,49675.38,4109.615,9,6,22,2,33,15,14.75,120,2665.67,27.78413204040245,57.52334544589755,193.4652045864445,419.9729499676578,2024-07-01,2025-10-06 10:51:58.104,12,4,0,0,0,0,0,0,0,1,1,1,0,0,0,0,1,0,0,1,0,0,0,0,0,0
CUS_0x56a4,9762.175,751.5145833333332,8,8,19,3,53,20,4.0600000000000005,70,1737.34,23.86417179513032,17.991364719311928,43.21577773445749,283.9443158795639,2024-07-01,2025-10-06 10:51:58.104,7,5,0,0,0,0,0,0,0,1,1,1,0,0,0,0,0,1,0,0,0,0,0,0,1,0
CUS_0x8484,44390.76,3586.23,4,6,12,6,21,13,15.01,70,24.73,27.459520044986068,153.72431867540476,89.13661391787048,365.7620674067248,2024-07-01,2025-10-06 10:51:58.104,17,9,0,1,0,0,1,1,0,1,0,1,0,0,0,0,0,0,1,0,1,0,0,0,0,0
CUS_0x2cd4,18115.21,1327.6008333333332,9,8,18,6,15,10,9.18,110,1440.76,36.85624210955449,62.846716397123,46.32971141397026,313.58365552224006,2024-07-01,2025-10-06 10:51:58.104,19,5,1,1,1,0,1,1,0,0,0,1,0,0,0,0,1,0,0,0,0,0,0,0,0,1
CUS_0x640a,10344.865,969.0720833333336,10,516,22,3,62,17,8.46,120,2528.61,26.958228207045625,14.493806770729725,128.42814825807372,243.98525330452992,2024-07-01,2025-10-06 10:51:58.104,10,9,0,0,0,1,0,0,1,1,0,1,0,0,0,0,0,1,0,0,0,0,1,0,0,0
CUS_0xdcd,39277.22,3117.101666666667,7,7,27,5,41,14,23.59,100,2801.32,28.269837998177078,88.28071513793499,10000.0,430.0652417308586,2024-07-01,2025-10-06 10:51:58.104,5,6,1,1,0,0,0,1,0,1,0,1,0,0,0,0,0,1,0,0,0,1,0,0,0,0
CUS_0x21b7,18157.95,1095.8120759925243,6,7,28,2,26,12,9.03,150,1795.88,34.269897357504,217.31281892722657,161.82386431674013,235.32999076350904,2024-07-01,2025-10-06 10:51:58.104,8,6,0,0,0,1,0,0,1,0,0,1,0,0,0,0,1,0,0,0,0,0,1,0,0,0
CUS_0x5bf5,41896.88,3664.406666666666,5,7,1,4,22,9,5.9,50,317.73,36.36326821271904,132.31810861531056,73.73107532115111,400.391482730205,2024-07-01,2025-10-06 10:51:58.104,27,5,1,0,0,0,1,1,1,0,0,0,1,0,0,1,0,0,0,0,0,1,0,0,0,0
CUS_0x8ff8,58246.4,4780.866666666667,6,5,18,2,42,22,16.79,80,2534.49,38.29480962547314,55.39520153014778,299.26656101223665,413.4249041242823,2024-07-01,2025-10-06 10:51:58.104,8,11,0,0,0,0,0,0,0,1,1,0,0,0,0,0,0,0,1,0,0,0,1,0,0,0
CUS_0x617b,14049.075,1213.75625,4,7,4,1,13,1,6.69,50,1409.86,37.81729923595149,10.8487870987918,27.854399522317557,342.6724383788906,2024-07-01,2025-10-06 10:51:58.104,18,3,0,0,0,0,0,1,0,0,0,0,1,0,0,1,0,0,0,1,0,0,0,0,0,0
CUS_0x8a0e,131617.4,10742.116666666669,4,3,15,0,13,20,1.82,70,929.47,36.84907482745103,0.0,163.61342783213706,1160.5982388345296,2024-07-01,2025-10-06 10:51:58.104,22,2,0,0,0,0,0,0,0,0,0,0,1,0,0,0,1,0,0,0,1,0,0,0,0,0
CUS_0xc31a,74288.45999999999,6284.704999999999,7,7,1655,0,7,19,2.31,70,1378.2,34.97835858635918,0.0,118.04445411975901,750.426045880241,2024-07-01,2025-10-06 10:51:58.104,31,2,0,0,0,0,0,0,0,0,0,1,0,0,0,0,1,0,0,0,0,1,0,0,0,0
CUS_0x2579,101453.49,8620.4575,3,7,20,4,7,15,0.8200000000000001,30,769.18,29.16421000499705,232.58751284048583,268.8771573663639,610.5810797931504,2024-07-01,2025-10-06 10:51:58.104,30,8,0,1,0,0,1,0,0,0,1,1,0,0,0,0,1,0,0,0,1,0,0,0,0,0
CUS_0x3852,15589.34,1005.1116666666668,8,8,33,8,41,22,0.0,120,2917.05,38.74679835250193,91.57182950349753,29.351943650630783,259.5873935125384,2024-07-01,2025-10-06 10:51:58.104,2,2,1,1,0,1,1,0,1,0,0,1,0,0,0,0,0,1,0,0,0,0,0,1,0,0
CUS_0x46dd,44572.43,3757.369166666667,2,4,10,0,2,6,4.09,10,198.87,29.273303738012743,0.0,246.7459285490881,418.99098811757864,2024-07-01,2025-10-06 10:51:58.104,15,8,0,0,0,0,0,0,0,0,0,0,1,0,0,1,0,0,0,0,0,0,1,0,0,0
CUS_0x8f34,32430.34,2917.528333333333,3,4,14,3,24,12,19.42,50,589.18,38.369595810267406,65.20849708873882,100.70871719932077,375.83561904527375,2024-07-01,2025-10-06 10:51:58.104,18,6,0,0,1,0,1,0,0,0,0,1,0,0,0,0,1,0,0,0,1,0,0,0,0,0
CUS_0x81f0,77233.44,6528.12,9,9,17,5,55,27,8.23,100,2259.82,26.26820753985186,245.17691304403456,367.79170072039534,309.84338623557005,2024-07-01,2025-10-06 10:51:58.104,12,6,1,0,1,0,0,0,1,1,0,1,0,0,0,0,0,1,0,0,0,0,0,0,1,0
CUS_0xc80,48706.1,4052.841666666666,5,3,7,3,24,10,13.02,70,1083.76,38.21476447838814,107.15255769255536,170.764142038143,377.3674669359684,2024-07-01,2025-10-06 10:51:58.104,17,5,0,0,0,1,0,1,0,1,0,1,0,0,0,0,1,0,0,0,0,0,0,0,0,1
CUS_0x1ebc,122307.96,10230.33,1,5,6,0,1,7,2.31,50,630.24,30.30199892466966,0.0,120.07803965362476,1103.2863353790144,2024-07-01,2025-10-06 10:51:58.104,27,3,0,0,0,0,0,0,0,0,0,0,1,0,0,1,0,0,0,0,0,1,0,0,0,0
CUS_0x7a15,62877.88,5485.823333333333,8,8,18,5,47,19,27.71,120,4792.62,42.50487279673373,169.51409719909554,106.26525888312456,522.8029772511131,2024-07-01,2025-10-06 10:51:58.104,5,8,1,0,1,0,0,1,0,1,0,1,0,0,0,0,0,0,1,0,1,0,0,0,0,0
CUS_0xb8a3,38310.6,3371.55,8,6,20,3,30,17,19.55,100,1616.26,34.26926644123149,72.17252428485044,70.17865698794154,434.803818727208,2024-07-01,2025-10-06 10:51:58.104,7,11,1,1,0,0,1,0,0,0,0,1,0,0,0,0,1,0,0,0,0,1,0,0,0,0
CUS_0xbac4,37367.34,3303.945,2,7,10,3,8,2,3.4,40,452.85,26.280048806996053,63.48696610549253,31.30949452352049,475.59803937098695,2024-07-01,2025-10-06 10:51:58.104,32,7,0,0,1,0,0,0,1,0,1,0,1,0,0,1,0,0,0,0,0,1,0,0,0,0
CUS_0xc428,38266.44,3282.870000000001,9,8,29,9,54,17,8.93,130,2318.76,24.81720611841985,258.80769889852365,225.3957536572646,124.08354744421172,2024-07-01,2025-10-06 10:51:58.104,13,3,0,1,1,1,0,1,1,0,1,1,0,0,0,0,0,1,0,0,0,0,0,1,0,0
CUS_0x2df7,122915.96,10003.996666666668,6,6,17,2,16,14,7.89,30,478.02,42.2579626652858,123.9844735298822,323.6015435409471,802.8136495958377,2024-07-01,2025-10-06 10:51:58.104,32,5,0,0,0,1,0,1,0,0,0,0,1,0,0,0,0,0,1,0,1,0,0,0,0,0
CUS_0x3d44,23557.5,1797.125,7,4,6,4,19,20,0.0,0,7.51,40.62018932744071,41.417036028041785,18.298610462761605,359.9968535091966,2024-07-01,2025-10-06 10:51:58.104,28,5,1,0,1,0,0,1,0,0,0,0,1,0,0,0,1,0,0,0,0,1,0,0,0,0
CUS_0x5d9e,27706.71,2416.8925,1213,6,15,3,14,14,10.49,10,204.35,38.01930810561608,49.17183279878304,163.62152244503562,318.8958947561813,2024-07-01,2025-10-06 10:51:58.104,19,0,1,0,0,0,0,0,0,0,1,0,1,0,0,0,1,0,0,0,0,0,1,0,0,0
CUS_0x65fa,123388.83,10405.4025,1,4,3,0,15,9,5.24,0,869.62,31.922856086182605,114.30565075691572,213.57516423981158,952.6594350032727,2024-07-01,2025-10-06 10:51:58.104,33,3,0,0,0,1,0,1,0,0,0,0,1,0,0,1,0,0,0,0,0,1,0,0,0,0
CUS_0x855f,142204.08,12141.339999999998,6,7,17,4,21,11,3.43,30,1259.66,38.99629567318532,250.40888139736407,968.4281973699159,275.2969212327197,2024-07-01,2025-10-06 10:51:58.104,24,0,0,1,0,0,1,0,1,1,0,1,0,0,0,0,0,0,1,0,0,0,0,1,0,0
CUS_0xb59c,28101.46,2173.463806859156,5,7,8,3,29,11,1.85,40,454.67,31.310946314170295,268.26801161579965,110.4534385991442,336.58190959256666,2024-07-01,2025-10-06 10:51:58.104,26,10,0,0,1,0,0,1,0,0,1,0,1,0,0,0,0,0,1,1,0,0,0,0,0,0
CUS_0x2f6c,81411.2,6537.266666666666,5,5,6,1,13,2,5.48,50,467.99,42.23664628625564,42.52959454079117,128.48654068343322,732.7105314424423,2024-07-01,2025-10-06 10:51:58.104,28,11,0,0,0,0,0,0,1,0,0,0,1,0,0,1,0,0,0,0,1,0,0,0,0,0
CUS_0x5756,75602.28,6185.19,8,3,1,4,27,16,9.07,10,957.62,40.7382139084557,244.88850016100952,137.19730605169042,476.4331937873,2024-07-01,2025-10-06 10:51:58.104,20,0,0,0,0,0,1,1,1,0,0,0,1,0,0,1,0,0,0,0,0,1,0,0,0,0
CUS_0xaf6f,60733.7,5189.141666666666,7,3,5,2,14,6,5.36,50,570.4,28.94369552255194,93.18161999737671,73.19005900075506,592.5424876685348,2024-07-01,2025-10-06 10:51:58.104,29,5,0,1,0,0,0,0,0,0,1,1,0,0,0,0,1,0,0,0,0,1,0,0,0,0
CUS_0x4c0,74017.08,6375.09,6,10,20,0,58,27,21.76,120,4686.94,27.096041827438675,218.9997114767588,229.2260661421672,469.28322238107415,2024-07-01,2025-10-06 10:51:58.104,3,4,1,0,1,1,0,1,0,0,1,1,0,0,0,0,0,1,0,0,0,0,0,1,0,0
CUS_0x5480,64493.46,5026.587583877411,6,7,6,2,17,18,14.83,20,165.76,25.54858746241136,449.9561279954632,106.0672354988644,622.1895526282611,2024-07-01,2025-10-06 10:51:58.104,25,10,0,0,0,0,1,0,0,1,0,0,0,0,0,0,1,0,0,0,0,0,0,0,0,1
CUS_0x8a14,20223.0,1614.25,6,8,15,5,14,15,15.03,110,393.55,37.59727871053608,73.64467479040795,29.11132921892453,298.66899599066755,2024-07-01,2025-10-06 10:51:58.104,7,6,0,1,0,0,0,1,0,0,0,1,0,0,0,0,1,0,0,0,0,1,0,0,0,0
CUS_0x16fd,10227.53,987.2941666666668,9,6,22,6,24,20,2.38,80,1610.77,36.60535915420492,42.27073229372549,124.96137702790249,262.1127606996644,2024-07-01,2025-10-06 10:51:58.104,8,4,1,1,1,0,0,1,0,1,0,1,0,0,0,0,0,0,1,0,0,0,0,1,0,0
CUS_0xa493,57586.82,4789.901666666667,4,7,1,0,9,8,1.59,30,823.24,39.47227111616451,75532.0,135.06376172086658,603.9264049458003,2024-07-01,2025-10-06 10:51:58.104,31,9,0,0,0,0,0,0,0,0,0,0,1,0,0,1,0,0,0,1,0,0,0,0,0,0
CUS_0x818c,10105.995,552.1662500000001,7,8,16,7,20,19,3.46,120,2056.61,26.544606215122556,43.98006780255106,28.30304837494908,255.23230989022917,2024-07-01,2025-10-06 10:51:58.104,7,10,1,1,1,0,0,1,0,0,1,1,0,0,0,0,0,1,0,0,0,0,1,0,0,0
CUS_0xa3b5,68588.28,5913.69,8,7,17,1,11,9,2.61,30,347.58,30.43425959799849,35.65185868338628,195.4920139370187,610.225127379595,2024-07-01,2025-10-06 10:51:58.104,30,5,0,0,0,0,0,0,0,1,0,0,1,0,0,0,1,0,0,0,1,0,0,0,0,0
CUS_0x335f,32340.83,2556.0691666666667,4,5,5024,3,16,9,2.95,40,1455.41,35.144859546285936,79.44209355215166,179.03131054100598,287.13351257350905,2024-07-01,2025-10-06 10:51:58.104,29,10,0,1,1,0,1,0,0,0,0,0,1,0,0,0,1,0,0,0,0,0,1,0,0,0
CUS_0x64c6,97868.73,8272.7275,6,5,11,2,8,17,4.68,80,355.24,29.49573602909016,156.05535922779032,800.2555876191248,150.96180315308501,2024-07-01,2025-10-06 10:51:58.104,32,9,0,0,0,0,1,1,0,0,0,0,1,0,0,1,0,0,0,0,0,0,0,1,0,0
CUS_0x1e8d,29146.6,2561.883333333333,4,3,12,2,7,9,2.79,70,179.48,35.06000715233332,26.241714866152805,177.74994324259492,322.1966752245856,2024-07-01,2025-10-06 10:51:58.104,18,4,0,0,0,0,0,0,0,1,0,0,1,0,0,0,0,0,1,0,0,0,0,0,1,0
CUS_0x6ae6,9045.485,644.6648423387917,8,1180,20,6,49,16,19.16,110,2271.24,29.314607979651512,63.795418053590815,26.58441077467401,292.8247871662769,2024-07-01,2025-10-06 10:51:58.104,18,10,0,1,0,0,1,1,0,0,0,1,0,0,0,0,0,1,0,0,0,0,1,0,0,0
CUS_0x8388,60177.04,5093.753333333333,7,1413,11,3,10,19,17.55,30,765.97,28.64816049001338,142.75070762898002,273.50565945604177,373.1189662483116,2024-07-01,2025-10-06 10:51:58.104,21,2,0,0,0,1,1,0,0,1,0,1,0,0,0,0,1,0,0,0,0,0,0,1,0,0
CUS_0x13b5,17931.375,1633.28125,6,6,16,3,22,8,8.3,30,51.82,30.06874117885965,43.58458276243936,160.95107854737273,248.7924636901879,2024-07-01,2025-10-06 10:51:58.104,16,11,1,1,0,0,1,0,0,0,0,0,1,0,0,0,0,0,1,0,0,0,1,0,0,0
CUS_0x9fa9,102737.63999999998,8497.47,7,6,16,4,29,10,16.46,80,484.79,28.855835683553124,298.6968172210913,10000.0,446.07772578927325,2024-07-01,2025-10-06 10:51:58.104,29,11,0,0,1,0,1,0,1,1,0,1,0,0,0,0,1,0,0,0,0,0,0,0,0,1
CUS_0x2ad1,75654.81,6113.5675,7,6,12,1,12,15,11.4,60,1063.69,32.764293617739625,43.03785726464682,70.08708083012664,738.2318119052266,2024-07-01,2025-10-06 10:51:58.104,21,6,1,0,0,0,0,0,0,0,0,1,0,0,0,0,1,0,0,0,0,1,0,0,0,0
CUS_0x6d5c,31429.81,2723.1508333333336,0,7,9,0,14,6,2.44,0,117.3,34.415918665649755,0.0,10000.0,382.82797933346563,2024-07-01,2025-10-06 10:51:58.104,25,0,0,0,0,0,0,0,0,0,0,0,1,0,0,1,0,0,0,1,0,0,0,0,0,0
CUS_0x92aa,98703.99,8350.3325,2,6,8,3,10,3,8.72,70,1386.11,32.59824614534295,142.6663747064683,147.16310323090818,785.2037720626236,2024-07-01,2025-10-06 10:51:58.104,29,2,0,1,0,0,0,1,0,0,1,0,1,0,0,1,0,0,0,0,0,1,0,0,0,0
CUS_0x5a72,58144.56,4791.38,6,3,8,3,20,10,18.84,17260,2466.95,30.1146183870988,75.29088273392074,109.15204273113984,544.6950745349393,2024-07-01,2025-10-06 10:51:58.104,19,0,0,0,1,0,1,0,0,1,0,1,0,0,0,0,1,0,0,0,0,0,0,0,0,1
CUS_0x9bc7,35033.33,3205.4441666666667,5,5,7,4,21,14,0.92,30,1319.63,32.20335855649887,60.80623849651296,175.5559226344822,364.18225553567146,2024-07-01,2025-10-06 10:51:58.104,20,3,0,0,1,1,0,0,1,0,1,0,0,0,0,0,0,0,1,0,0,0,0,1,0,0
CUS_0xc21e,29470.76,2251.8966666666665,0,4,9,4,13,8,5.79,70,557.5,36.8166874466026,79.50204790507881,300.49297798390234,135.19464077768552,2024-07-01,2025-10-06 10:51:58.104,22,8,0,1,0,1,1,0,0,1,0,0,1,0,0,1,0,0,0,0,0,0,1,0,0,0
CUS_0x7d96,16549.78,1175.1483333333333,627,6,29,5,59,22,20.31,160,4003.87,29.94329473737287,67.41099640218913,156.4020268038083,183.70181012733596,2024-07-01,2025-10-06 10:51:58.104,1,3,1,0,0,1,0,1,1,0,1,1,0,0,0,0,0,1,0,0,0,0,1,0,0,0
CUS_0xaad,38644.16,3102.346666666667,6,8,28,5,26,17,26.19,130,2585.11,30.767355152677258,88.10659876588167,404.0069799465773,108.12108795420777,2024-07-01,2025-10-06 10:51:58.104,9,4,1,1,0,1,0,0,0,0,1,1,0,0,0,0,0,1,0,0,0,0,1,0,0,0
CUS_0xbc74,17509.0,1657.083333333333,10,9,20,4,26,16,0.0,110,2421.12,31.796279269315924,53.880713226640026,81.3279896022134,320.49963050447985,2024-07-01,2025-10-06 10:51:58.104,15,3,1,0,0,0,0,0,1,1,0,1,0,0,0,0,0,1,0,0,0,0,1,0,0,0
CUS_0x2e9b,29735.22,2208.935,10,8,25,4,48,16,1.23,120,1750.14,27.21798308162066,64.477076487746,137.38651944605738,309.02990406619665,2024-07-01,2025-10-06 10:51:58.104,19,9,0,1,1,0,0,0,1,0,0,1,0,0,0,0,0,1,0,0,0,0,1,0,0,0
CUS_0xb627,71551.18,5936.598333333332,8,3,8,4,16,9,18.44,70,697.67,30.090364122242185,160.20003652789117,181.83652578409584,511.6232710213463,2024-07-01,2025-10-06 10:51:58.104,18,6,0,0,1,1,1,0,1,0,0,1,0,0,0,0,0,0,1,1,0,0,0,0,0,0
CUS_0xc737,78676.32,6710.3600000000015,50,1,4,1,7,4,9.8,70,1080.98,30.77318028608489,48.57797805613716,692.1782018067677,210.2798201370952,2024-07-01,2025-10-06 10:51:58.104,19,5,0,0,1,0,0,0,0,0,0,0,1,0,0,1,0,0,0,0,0,0,0,1,0,0
CUS_0x27e0,17945.77,1349.4808333333333,6,8,23,9,53,17,22.54,130,4496.04,35.06826810406063,108.45882767501008,58.335073792618196,238.15418186570503,2024-07-01,2025-10-06 10:51:58.104,13,4,1,1,0,1,1,1,0,0,1,1,0,0,0,0,0,1,0,0,0,0,0,0,1,0
CUS_0x3de6,14475.14,1092.2616666666663,8,3,13,4,20,11,3.2,60,609.66,31.57874219024037,33.58727290306868,70.56960659654669,295.0692871670513,2024-07-01,2025-10-06 10:51:58.104,21,2,0,0,0,1,0,0,1,0,1,1,0,0,0,0,1,0,0,0,0,0,1,0,0,0
CUS_0x5eee,35873.36,2922.4466666666667,9,5,18,3,27,12,4.38,110,2336.04,39.32104660204579,77.42019571131699,90.48592025354259,374.3385507018071,2024-07-01,2025-10-06 10:51:58.104,19,0,0,0,0,0,1,1,1,0,0,1,0,0,0,0,0,1,0,0,1,0,0,0,0,0
CUS_0x609d,14165.23,1057.4358333333332,7,10,33,9,61,26,8.82,110,2797.17,35.201445477378066,58.86844083860843,133.8825777377157,202.9925647570092,2024-07-01,2025-10-06 10:51:58.104,14,6,1,0,1,1,0,1,0,1,0,0,0,0,0,0,0,0,1,0,0,0,1,0,0,0
CUS_0xb397,171399.84,14098.32,4,3,6,1,8,1,8.61,30,1306.63,23.14358898103943,101.86714656507404,1181.683121891645,406.281731543281,2024-07-01,2025-10-06 10:51:58.104,15,9,1,0,0,0,0,0,0,0,0,0,1,0,0,0,0,0,1,0,0,0,0,1,0,0
CUS_0xbc5f,34498.62,3168.885,5,6,1,0,18,4,7.21,50,1238.7,38.04908748171696,0.0,252.21540969753278,354.67309030246724,2024-07-01,2025-10-06 10:51:58.104,27,3,0,0,0,0,0,0,0,0,0,0,1,0,0,1,0,0,0,0,0,0,0,0,0,1
CUS_0x6d2c,18226.13,1383.844166666667,8,3,15,5,17,20,15.9,40,1125.37,29.41262581015321,61.35256821747503,131.57570113412027,235.45614731507138,2024-07-01,2025-10-06 10:51:58.104,19,6,1,0,0,0,0,1,1,1,0,1,0,0,0,0,1,0,0,0,0,0,1,0,0,0
CUS_0x9987,16440.63,1105.0525,3,3,28,7,18,13,13.87,60,1946.81,35.57720248726945,47.99206967525544,38.31283215704389,314.20034816770067,2024-07-01,2025-10-06 10:51:58.104,9,8,1,0,0,0,1,1,0,0,1,1,0,0,0,0,1,0,0,0,0,0,1,0,0,0
CUS_0xb86b,14656.68,1410.39,6,6,15,4,11,11,13.96,70,1395.09,22.143880562285577,32.357067970517704,55.21320037092959,313.4687316585527,2024-07-01,2025-10-06 10:51:58.104,25,6,0,0,1,0,0,0,1,0,1,1,0,0,0,0,1,0,0,1,0,0,0,0,0,0
CUS_0xb85a,56370.98,4973.581666666667,4,6,3,4,18,0,6.92,30,726.6,29.464155548054585,180.81029483236568,76.22391691918135,490.3239549151197,2024-07-01,2025-10-06 10:51:58.104,18,3,0,1,0,1,0,0,0,0,1,0,1,0,0,1,0,0,0,0,1,0,0,0,0,0
CUS_0xbd07,83340.98,6978.081666666666,2,1,6,1,15,1,11.49,90,943.78,36.71521675295693,53.55095825825508,160.56960800753953,733.6876004008722,2024-07-01,2025-10-06 10:51:58.104,22,8,1,0,0,0,0,0,0,0,0,0,0,0,0,0,0,0,1,0,1,0,0,0,0,0
CUS_0x28f5,88073.68,7236.473333333332,5,7,5,4,18,15,10.67,30,1482.24,40.9922659057309,226.69892027897205,56.41657791604269,680.5318351383188,2024-07-01,2025-10-06 10:51:58.104,22,11,1,0,1,0,1,0,0,1,0,0,1,0,0,1,0,0,0,0,0,1,0,0,0,0
CUS_0x658a,29281.94,2588.1616666666664,6,7,22,8,43,24,19.91,150,4432.46,31.479990963776608,161.97821919259908,10000.0,182.67597219054196,2024-07-01,2025-10-06 10:51:58.104,10,4,1,1,1,0,1,1,0,0,1,1,0,0,0,0,0,0,1,1,0,0,0,0,0,0
CUS_0xb678,74268.2,6186.016666666666,5,5,15,2,16,20,7.5,110,1764.61,33.984213117610715,77.65119482619478,213.74059560085308,607.2098762396188,2024-07-01,2025-10-06 10:51:58.104,14,0,0,0,0,1,0,0,0,0,1,1,0,0,0,0,1,0,0,0,0,0,0,1,0,0
CUS_0x20a3,28793.49,2669.4575,7,5,17,3,25,20,9.01,60,405.99,23.588534533691917,69.88827520495059,77.52860866084792,379.5288661342015,2024-07-01,2025-10-06 10:51:58.104,22,0,0,0,0,1,0,0,1,1,0,1,0,0,0,0,1,0,0,1,0,0,0,0,0,0
CUS_0x6c2d,74248.72,6285.485352194949,6,6,26,6,15,16,13.69,120,1989.71,31.74761514605006,411.96260933813033,105.83795438916182,449.64675074442533,2024-07-01,2025-10-06 10:51:58.104,10,8,0,1,0,1,1,1,0,1,0,1,0,0,0,0,0,0,1,0,0,1,0,0,0,0
CUS_0x6fb9,20027.29,1491.940833333333,6,9,26,5,50,10,19.3,120,2174.74,32.02531331860218,52.274177856118776,23.288971766842078,323.6309337103725,2024-07-01,2025-10-06 10:51:58.104,7,0,1,1,0,0,0,0,0,0,1,1,0,0,0,0,1,0,0,0,0,0,0,0,0,1
CUS_0xa8d,74063.28,6201.94,3,6,5,2,12,17,13.91,100,1040.09,36.09827395157616,117.43613984825971,453.3245941244965,329.4332660272437,2024-07-01,2025-10-06 10:51:58.104,18,4,0,1,0,0,0,0,0,1,0,1,0,0,0,0,1,0,0,0,0,0,0,1,0,0
CUS_0xb06e,15117.51,1216.7925,6,5,28,7,14,10,19.94,130,2032.74,40.63186223763874,78.696591380847,47.398498920395355,255.5841596987577,2024-07-01,2025-10-06 10:51:58.104,6,11,0,1,0,1,1,0,1,0,1,1,0,0,0,0,1,0,0,0,0,0,0,0,0,1
CUS_0xbc3a,7363.13,695.5941666666665,10,9,16,8,24,21,0.71,130,3599.87,28.009012623665704,42.202970028570135,58.282074192645645,259.0743724454509,2024-07-01,2025-10-06 10:51:58.104,13,3,1,1,0,0,0,1,0,1,1,1,0,0,0,0,0,1,0,0,0,0,0,0,0,1
CUS_0x1fc1,31501.87,2482.155833333333,5,3,16,2,23,13,15.25,30,333.02,38.01331493960149,37.42615839037271,47.7199241519897,423.0695007909709,2024-07-01,2025-10-06 10:51:58.104,30,3,0,0,0,1,0,0,1,0,0,0,0,0,0,0,1,0,0,1,0,0,0,0,0,0
CUS_0x2a85,16041.85,1479.8208333333334,9,6,30,7,44,17,2.17,110,4902.52,39.71137432143461,59.99621236014839,24.127751592490913,303.85811938069406,2024-07-01,2025-10-06 10:51:58.104,7,11,1,1,0,1,1,0,1,0,0,1,0,0,0,0,0,1,0,0,0,1,0,0,0,0
CUS_0x2eb3,28876.41,2682.3675,8,4,6,4,18,11,16.19,80,812.5,29.14662496804028,50.29382155486634,31.94701370002997,435.9959147451037,2024-07-01,2025-10-06 10:51:58.104,8,5,1,0,0,0,1,1,1,0,0,1,0,0,0,0,1,0,0,0,1,0,0,0,0,0
CUS_0x2ff8,11654.425,945.2020833333332,3,4,8,1,9,13,6.98,50,1154.58,25.4859337963572,8.996502339506062,42.22118015339992,333.30252584042734,2024-07-01,2025-10-06 10:51:58.104,18,2,0,0,0,0,0,1,0,0,0,1,0,0,0,0,1,0,0,0,0,0,1,0,0,0
CUS_0x411,112287.51,9097.2925,3,5,5,3,11,6,0.0,50,281.28,39.52843870825676,167.0641236073926,177.94641445760135,804.7187119350059,2024-07-01,2025-10-06 10:51:58.104,19,6,0,1,1,0,1,0,0,0,0,0,1,0,0,0,0,0,1,0,0,0,0,0,0,1
CUS_0x65f0,15724.73,1194.3941666666667,6,859,18,6,18,17,16.43,100,1653.25,28.926032062502365,49.56535093647793,99.12395914251536,219.27216024919028,2024-07-01,2025-10-06 10:51:58.104,15,8,0,0,0,0,1,1,1,0,1,1,0,0,0,0,1,0,0,0,0,0,1,0,0,0
CUS_0x3d79,17914.24,1744.8533333333337,6,6,11,5,26,9,4.98,50,703.21,38.36740434416553,65.91462582093743,140.00416152386074,238.56654598853518,2024-07-01,2025-10-06 10:51:58.104,10,0,1,0,0,0,1,0,0,1,1,1,0,0,0,0,1,0,0,0,0,0,0,0,1,0
CUS_0x40cf,30953.51,2807.459166666666,4,4,14,2,9,13,8.04,40,1106.09,28.83801735144352,28.53957580088931,49.22138112965118,452.9849597361262,2024-07-01,2025-10-06 10:51:58.104,26,2,0,0,1,1,0,0,0,0,0,1,0,0,0,0,1,0,0,0,1,0,0,0,0,0
CUS_0x4c4a,12613.92,1155.16,4,6,13,3,14,17,17.51,30,569.11,28.36762490785997,16.941902672805586,40.7850162219858,327.78908110520865,2024-07-01,2025-10-06 10:51:58.104,31,11,0,0,0,1,0,1,1,0,0,1,0,0,0,0,1,0,0,0,0,0,0,0,1,0
CUS_0x5478,22229.37,1727.4475,4,106,17,3,9,20,9.24,0,1084.78,23.57624296950337,39.47443517929428,30.259298839101405,353.0110159816043,2024-07-01,2025-10-06 10:51:58.104,22,11,0,1,0,1,0,0,0,0,0,1,0,0,0,0,1,0,0,0,0,0,0,0,0,1
CUS_0x56d6,17943.885,1548.3237499999998,4,3,6,3,24,19,10.55,100,1490.82,31.48209028254716,35.30356913107998,61.20524031067282,348.3235655582472,2024-07-01,2025-10-06 10:51:58.104,17,8,0,0,0,0,0,1,0,1,0,1,0,0,0,0,1,0,0,0,0,0,1,0,0,0
CUS_0x7ca7,38873.01,3287.4175,5,7,12,4,12,11,5.42,80,17.87,30.07224748146957,83.28570297516731,79.47244257337519,405.9836044514575,2024-07-01,2025-10-06 10:51:58.104,28,6,0,0,1,1,0,1,1,0,0,0,1,0,0,1,0,0,0,0,0,1,0,0,0,0
CUS_0x930d,69312.12,5956.009999999998,8,6,7,4,5,12,8.43,80,170.5,28.01648923078569,220.16144078406663,233.1493157586143,402.2902434573191,2024-07-01,2025-10-06 10:51:58.104,16,8,1,1,0,0,0,1,0,1,0,1,0,0,0,0,1,0,0,1,0,0,0,0,0,0
CUS_0xb995,52566.39,4617.5325,8,9,23,5,59,20,25.02,12940,4966.57,32.34893799026876,139.85212554777172,35.646802804320714,526.2543216479074,2024-07-01,2025-10-06 10:51:58.104,10,11,1,0,0,1,1,0,1,1,0,0,0,0,0,0,0,1,0,0,0,1,0,0,0,0
CUS_0x72b6,1.5195492E7,5905.6433333333325,10,8,31,8,37,23,16.28,110,4192.67,24.197837048325983,399.15221909613416,415.9121524805896,186.56255341342253,2024-07-01,2025-10-06 10:51:58.104,10,10,1,0,0,0,1,0,1,1,0,1,0,0,0,0,0,1,0,1,0,0,0,0,0,0
CUS_0x32df,82969.92,6694.16,4,5,20,1,4,18,0.0,40,822.11,33.51566792356129,42.32757483365058,445.6060468604408,471.48237830590864,2024-07-01,2025-10-06 10:51:58.104,15,10,0,0,0,0,0,0,0,0,1,0,1,0,0,0,1,0,0,0,0,0,1,0,0,0
CUS_0x6ef6,122178.93,9778.753302530213,5,1,11,4,3,2,2.11,10,1314.14,27.918887460136013,61393.0,362.15372743630684,693.474079799229,2024-07-01,2025-10-06 10:51:58.104,28,6,0,1,0,0,0,1,0,1,1,0,1,0,0,1,0,0,0,1,0,0,0,0,0,0
CUS_0xbcde,32875.17,2657.5975,4,1,8,2,6,0,11.55,40,122.69,25.64746895317451,30.868014792885997,331.2475096932747,193.6442255138393,2024-07-01,2025-10-06 10:51:58.104,17,3,1,0,0,1,0,0,0,0,0,0,1,0,0,1,0,0,0,0,0,0,1,0,0,0
CUS_0x144f,74346.44,6134.536666666668,7,10,25,8,62,18,6.52,150,2684.09,30.231115801457506,303.47327144120067,77.59476206265225,472.38563316281375,2024-07-01,2025-10-06 10:51:58.104,10,4,0,0,1,1,1,1,1,0,1,1,0,0,0,0,0,0,1,0,0,1,0,0,0,0
CUS_0x7745,60983.72,5162.9766666666665,1,7,6,1,23,0,11.18,30,491.77,27.67335410622581,34.22826739889327,265.3439275096395,486.725471758134,2024-07-01,2025-10-06 10:51:58.104,27,2,0,1,0,0,0,0,0,0,0,0,1,0,0,1,0,0,0,0,0,0,0,0,1,0
CUS_0x7d87,21039.26,1628.2716666666663,5,4,3032,2,27,10,9.21,60,1401.54,37.5032941233071,20.21434136998039,109.68533724378108,312.92748805290523,2024-07-01,2025-10-06 10:51:58.104,21,0,1,0,0,0,0,0,1,0,0,1,0,0,0,0,1,0,0,0,0,0,0,0,0,1
CUS_0x9d2c,23051.72,1873.976666666667,4,5,7,0,22,20,4.53,30,713.33,38.50515915570664,0.0,69.17115593309612,408.22651073357054,2024-07-01,2025-10-06 10:51:58.104,28,2,0,0,0,0,0,0,0,0,0,0,1,0,0,0,0,0,1,0,0,0,1,0,0,0
CUS_0x48ed,17750.19,1327.1825,9,10,28,7,21,21,28.47,150,4385.27,26.68041595196195,56.33577390711153,50.53179274179433,315.8506833510941,2024-07-01,2025-10-06 10:51:58.104,11,10,1,0,0,0,1,1,1,1,1,1,0,0,0,0,0,1,0,0,0,0,1,0,0,0
CUS_0x7997,16568.58,1601.715,5,5,23,7,21,17,20.05,110,4556.34,31.447695216465423,80.97704531198512,10000.0,159.53546090350653,2024-07-01,2025-10-06 10:51:58.104,13,6,1,0,0,1,1,1,1,0,1,1,0,0,0,0,0,0,1,0,0,0,1,0,0,0
CUS_0x235c,106824.68,9088.056666666664,5,6,13,3,28,20,12.94,90,704.23,36.24490600081761,263.28032142212885,164.61128108614497,740.914064158393,2024-07-01,2025-10-06 10:51:58.104,17,9,0,1,0,1,1,0,0,0,0,1,0,0,0,0,1,0,0,1,0,0,0,0,0,0
CUS_0x42ca,28702.52,2420.8766666666666,5,6,9,3,6,430,10.16,20,1005.41,37.26551539918655,36.65081375775504,83.79442758728484,371.6424253216268,2024-07-01,2025-10-06 10:51:58.104,19,3,0,0,1,0,0,0,0,1,1,1,0,0,0,0,1,0,0,0,1,0,0,0,0,0
CUS_0xb2b6,84687.48,7284.29,1,6,7,2,1,5,3.18,20,320.83,37.659816538641024,86.47793019437485,172.20814690817343,739.7429228974518,2024-07-01,2025-10-06 10:51:58.104,21,3,0,0,0,0,1,0,1,0,0,0,1,0,0,1,0,0,0,0,0,0,0,0,1,0
CUS_0x2031,20675.475,1899.95625,3,1,11,2,11,7,5.76,30,78.09,27.358790743748564,21.99594319256204,52.47633733446922,375.5233444729688,2024-07-01,2025-10-06 10:51:58.104,21,9,0,0,0,0,0,1,0,1,0,0,1,0,0,1,0,0,0,1,0,0,0,0,0,0
CUS_0x4203,39649.74,3078.145,5,3,5272,0,15,6,1.47,70,1338.65,30.917052470345613,0.0,111.6540042099905,446.1604957900095,2024-07-01,2025-10-06 10:51:58.104,21,11,0,0,0,0,0,0,0,0,0,0,1,0,0,1,0,0,0,0,1,0,0,0,0,0
CUS_0x457b,82330.2,6731.849999999999,9,10,20,3,41,20,19.76,90,1679.91,35.452187305642255,155.61941899193215,609.2495495918084,188.3160314162592,2024-07-01,2025-10-06 10:51:58.104,8,10,1,0,0,0,0,1,0,0,1,1,0,0,0,0,0,1,0,0,0,0,0,1,0,0
CUS_0xa0c8,16489.74,1075.4716312343628,4,3,10,3,18,12,18.18,50,1367.75,40.41244980714954,103.52151006545704,46.240103879851645,299.92625482032867,2024-07-01,2025-10-06 10:51:58.104,12,6,1,1,0,1,0,0,0,0,0,1,0,0,0,0,1,0,0,1,0,0,0,0,0,0
CUS_0x33eb,20674.5,1447.875,7,8,31,5,66,21,23.05,90,2827.23,23.82753824439651,52.39284992084472,43.70781321096501,318.68683686819026,2024-07-01,2025-10-06 10:51:58.104,14,0,0,1,0,0,1,0,1,0,1,1,0,0,0,0,0,1,0,0,0,0,0,0,1,0
CUS_0x3909,17423.69,1707.9741666666666,6,5,15,0,19,14,16.74,70,1158.96,31.008190570928758,0.0,136.0178599501698,304.77955671649687,2024-07-01,2025-10-06 10:51:58.104,31,9,0,0,0,0,0,0,0,0,0,1,0,0,0,0,1,0,0,0,0,0,0,0,1,0
CUS_0x51a4,56390.0,4743.166666666667,7,6,28,8,11,18,4.8,100,4402.43,29.40196136504739,329.39848940752154,140.60201331021543,264.31616394892984,2024-07-01,2025-10-06 10:51:58.104,13,6,0,0,1,1,1,1,0,1,0,1,0,0,0,0,0,1,0,1,0,0,0,0,0,0
CUS_0x7e7c,63861.36,5487.78,4,6,12,4,13,2,3.91,10,1071.97,37.68975372370928,150.25910536965495,102.82240880280183,535.6964858275431,2024-07-01,2025-10-06 10:51:58.104,22,11,0,0,1,1,0,0,0,1,1,0,1,0,0,1,0,0,0,0,0,1,0,0,0,0
CUS_0xacbf,34269.74,2950.811666666666,4,6,3,4,8,10,3.31,60,609.77,29.6666128968942,108.1668113670246,10000.0,287.6815857688497,2024-07-01,2025-10-06 10:51:58.104,21,9,1,1,1,0,0,0,0,0,1,0,1,0,0,1,0,0,0,1,0,0,0,0,0,0
CUS_0xc490,42776.51,3278.709166666667,4,4,3,0,11,11,1.45,20,152.77,35.269718310777485,0.0,36.0112681695036,389.103861943205,2024-07-01,2025-10-06 10:51:58.104,21,11,0,0,0,0,0,0,0,0,0,0,1,0,0,1,0,0,0,0,0,0,0,0,1,0
CUS_0x3cfe,29498.09,2626.1741666666667,2,4,1,2,9,2,2.58,30,565.26,38.62296563193348,43.71561691758411,227.04599784488082,281.8558019042017,2024-07-01,2025-10-06 10:51:58.104,27,2,1,0,0,0,0,0,0,0,1,0,1,0,0,1,0,0,0,0,0,0,1,0,0,0
CUS_0x7eb6,16627.15,1236.5958333333335,9,6,4759,8,32,15,4.39,140,2607.71,30.82158063768377,92.23669596479422,71.07118348252776,240.3517038860114,2024-07-01,2025-10-06 10:51:58.104,16,9,1,1,1,0,0,0,0,1,1,1,0,0,0,0,0,0,1,0,0,0,0,1,0,0
CUS_0x939,29491.38,2525.615,7,9,21,7,21,11,19.22,140,1593.63,31.809726907143364,96.29849553456243,227.4439418224593,198.81906264297825,2024-07-01,2025-10-06 10:51:58.104,14,5,0,0,0,0,1,1,1,1,0,1,0,0,0,0,0,0,1,0,0,0,0,0,1,0
CUS_0xb97,14160.58,1067.0483333333334,7,7,14,0,23,17,18.46,70,670.02,29.39563148265708,0.0,100.13311708027945,286.5717162530539,2024-07-01,2025-10-06 10:51:58.104,24,8,0,0,0,0,0,0,0,0,0,0,0,0,0,0,0,0,1,0,0,0,0,1,0,0
CUS_0x733c,32995.78,2540.648333333333,9,6,16,4,21,20,15.69,90,1338.2,40.84535095638497,105.68703389448248,66.9880846432969,331.3897147955539,2024-07-01,2025-10-06 10:51:58.104,17,3,1,0,0,0,0,0,1,1,0,0,0,0,0,0,0,1,0,0,1,0,0,0,0,0
CUS_0x5ea2,17869.29,1643.1075,6,3,19,4,30,10,9.2,60,276.09,27.60574336325031,42.04241999493512,89.93387496084463,292.33445504422025,2024-07-01,2025-10-06 10:51:58.104,27,6,0,1,0,0,1,0,0,1,0,1,0,0,0,0,1,0,0,1,0,0,0,0,0,0
CUS_0x98f1,15301.71,1087.1425,5,7,20,4,21,14,10.21,90,1963.92,33.01429492201268,47.544028029259614,0.0,292.17360136871275,2024-07-01,2025-10-06 10:51:58.104,18,2,0,0,1,0,0,1,0,0,0,1,0,0,0,0,1,0,0,0,0,1,0,0,0,0
CUS_0xb6ef,35618.39,3174.1991666666668,4,4,3223,7,7,17,9.89,70,1320.37,31.825700985321888,163.20242698666175,295.0385074528419,139.1789822271631,2024-07-01,2025-10-06 10:51:58.104,11,2,1,0,1,1,0,1,1,0,0,1,0,0,0,0,1,0,0,0,0,0,0,0,0,1
CUS_0x7ee,20637.2,1668.7666666666669,4,5,14,4,15,18,4.74,40,1387.48,37.32110859036855,68.57490437116253,124.57593820305243,263.7258240924517,2024-07-01,2025-10-06 10:51:58.104,22,3,1,0,0,1,0,0,0,0,0,1,0,0,0,0,1,0,0,0,0,0,1,0,0,0
CUS_0x5d75,114826.56,9280.88,4,1,4,3,9,3,11.01,50,202.11,37.78438976360704,226.86320307976115,71.1100532319072,870.1147436883316,2024-07-01,2025-10-06 10:51:58.104,21,7,0,0,0,1,0,1,0,1,0,0,1,0,0,1,0,0,0,0,0,1,0,0,0,0
CUS_0x7512,35234.99,2827.249166666666,3,5,8,2,7,4,9.89,40,1369.84,25.980872300081916,46.84749755599314,177.83268771901874,348.0447313916548,2024-07-01,2025-10-06 10:51:58.104,16,0,1,0,0,0,0,0,1,0,0,0,1,0,0,1,0,0,0,0,0,0,1,0,0,0
CUS_0x9962,126689.0,10543.416666666666,3,1,5,3,14,0,6.73,30,597.81,34.418702013099434,272.2814363914512,403.35039814134313,628.7098321338724,2024-07-01,2025-10-06 10:51:58.104,19,10,1,0,0,1,0,0,0,0,1,0,1,0,0,0,0,0,1,0,1,0,0,0,0,0
CUS_0x9ec7,34512.78,2902.065,3,5,7,2,14,5,11.36,40,394.52,33.82528980152257,36.11736924841464,76.21702747852882,427.87210327305655,2024-07-01,2025-10-06 10:51:58.104,28,11,0,0,0,0,0,0,0,1,0,0,1,0,0,1,0,0,0,0,1,0,0,0,0,0
CUS_0x5641,56609.58,4726.465,8,3,10,2,26,11,10.59,0,548.32,40.26314563341694,73.93347450006742,143.48145911976098,515.2315663801717,2024-07-01,2025-10-06 10:51:58.104,19,3,1,0,0,0,0,0,0,0,1,1,0,0,0,0,1,0,0,1,0,0,0,0,0,0
CUS_0xa874,142170.12,11584.51,3,4,8,2,3,1,2.58,30,282.56,41.70837610560034,183.75951310113632,245.88920862007575,968.802278278788,2024-07-01,2025-10-06 10:51:58.104,24,10,1,0,0,0,0,0,1,0,0,0,1,0,0,1,0,0,0,0,0,1,0,0,0,0
CUS_0x413,41806.16,3564.846666666667,2,7,7,1,7,4,6.04,50,300.61,33.915055791864816,21.8646820566588,127.07409819989608,457.5458864101119,2024-07-01,2025-10-06 10:51:58.104,26,9,0,0,0,1,0,0,0,0,0,0,0,0,0,1,0,0,0,0,1,0,0,0,0,0
CUS_0xa4a5,66361.76,5781.1466666666665,9,10,25,9,18,19,9.46,110,2531.63,38.474529869661104,371.3229140456485,109.7069107106855,347.0848419103327,2024-07-01,2025-10-06 10:51:58.104,14,5,1,0,0,1,0,1,0,1,1,1,0,0,0,0,0,1,0,0,1,0,0,0,0,0
CUS_0x49dd,15544.47,1030.3725,8,5,32,5,34,21,25.11,120,2909.71,25.113042261548127,35.256798302336925,82.32418188260107,265.456269815062,2024-07-01,2025-10-06 10:51:58.104,1,10,1,0,1,0,1,0,0,0,1,0,0,0,0,0,0,0,1,0,0,0,0,1,0,0
CUS_0x4f3,58477.59,5005.1325,10,8,19,6,33,15,26.44,80,4896.77,27.506614013064237,228.81610493670183,263.02911730661117,288.66802775668685,2024-07-01,2025-10-06 10:51:58.104,2,5,1,0,0,0,1,1,0,0,1,1,0,0,0,0,0,1,0,0,0,0,0,1,0,0
CUS_0x98e6,53226.52,4432.543333333333,7,4,17,2,15,14,23.84,40,816.31,25.37630064275056,60.9273031335529,98.58578785723888,523.7412423425415,2024-07-01,2025-10-06 10:51:58.104,17,11,0,1,0,0,0,1,0,0,0,0,0,0,0,0,1,0,0,0,0,1,0,0,0,0
CUS_0x2fd7,14599.89,1464.6575,7,8,21,5,23,16,27.64,130,2660.55,35.16233254554052,39.08622974297613,82.2370538443407,315.1424664126832,2024-07-01,2025-10-06 10:51:58.104,9,10,0,0,0,1,0,0,1,1,1,1,0,0,0,0,0,0,1,0,0,0,1,0,0,0
CUS_0x374c,33413.88,2770.49,5,7,10,3,22,9,19.75,40,1270.74,29.96013215901873,46.39958672663737,124.11934561817353,396.53006765518916,2024-07-01,2025-10-06 10:51:58.104,22,4,0,1,0,0,0,0,0,0,1,1,0,0,0,0,1,0,0,0,0,0,1,0,0,0
CUS_0x6d85,14951.22,1214.935,7,10,17,8,57,22,28.79,100,3270.39,27.36482614514949,51.84110547722873,20.9004722702174,297.367923747175,2024-07-01,2025-10-06 10:51:58.104,7,9,1,1,1,0,1,0,0,0,1,1,0,0,0,0,0,1,0,0,0,0,1,0,0,0
CUS_0xb7be,81908.34,6902.695,3,5,13,5,8,1879,12.29,70,1069.99,24.92885118442399,266.6734271206387,78.98160662673891,594.6144662526224,2024-07-01,2025-10-06 10:51:58.104,6,8,1,0,0,1,0,1,1,0,1,0,0,0,0,0,0,0,1,0,1,0,0,0,0,0
CUS_0x3f89,31346.22,2493.185,8,5,3604,9,49,19,3.76,160,1795.98,33.28920820973339,187.42513603543927,211.96611928918628,119.9272446753745,2024-07-01,2025-10-06 10:51:58.104,9,2,0,1,0,1,1,1,1,0,1,1,0,0,0,0,0,1,0,0,0,0,0,0,1,0
CUS_0x7532,30839.77,2203.9453378778685,4,6,20,3,23,11,5.66,60,1086.63,32.48601348456307,218.7546585183884,143.38350301442205,294.49541725598783,2024-07-01,2025-10-06 10:51:58.104,25,5,0,0,0,0,0,0,1,1,1,0,0,0,0,0,1,0,0,0,0,0,0,1,0,0
CUS_0x47e5,40806.35,3618.529166666666,3,7,12,2,8,5,0.96,30,595.2,31.72441156421172,44.19786860682191,157.68426670702127,419.9707813528236,2024-07-01,2025-10-06 10:51:58.104,31,4,0,1,0,0,0,0,0,0,0,0,1,0,0,1,0,0,0,1,0,0,0,0,0,0
CUS_0x4947,44248.14,3654.345,9,7,31,6,41,17,0.84,80,1857.47,30.04197472819594,210.73382965827,72.56139379739537,322.1392765443346,2024-07-01,2025-10-06 10:51:58.104,11,6,0,1,0,1,0,0,1,0,1,1,0,0,0,0,0,1,0,0,0,1,0,0,0,0
CUS_0x335e,93345.76,7751.813333333333,5,7,16,4,7,12,8.17,60,1203.25,30.512690572645297,220.098870516356,232.65422838720292,572.4282344297744,2024-07-01,2025-10-06 10:51:58.104,16,3,0,1,1,0,1,1,0,0,0,0,1,0,0,0,0,0,1,0,1,0,0,0,0,0
CUS_0x435c,83132.28,6549.91493895924,6,7,32,3,34,16,13.95,130,1630.08,32.17169745736093,615.3509122165436,120.00246200084982,679.6906868233649,2024-07-01,2025-10-06 10:51:58.104,12,0,1,0,0,1,0,0,0,1,0,0,0,0,0,0,1,0,0,0,0,1,0,0,0,0
CUS_0x6e1e,61449.66,5333.805,7,8,25,6,43,20,7.25,120,1315.4,30.614726136029557,159.54641419956758,102.92955788811744,520.9045279123152,2024-07-01,2025-10-06 10:51:58.104,12,0,1,0,0,0,0,1,0,1,0,1,0,0,0,0,0,0,1,0,1,0,0,0,0,0
CUS_0x7025,20945.23,1552.4358333333332,1240,7,20,9,40,25,23.42,130,4622.5,27.831461271820597,151.2004602069578,116.98465171648482,167.0584714098907,2024-07-01,2025-10-06 10:51:58.104,2,10,1,0,1,0,1,0,1,0,1,0,0,0,0,0,0,0,1,0,0,0,0,1,0,0
CUS_0x9664,15197.25,979.4375,6,5,20,8,19,20,25.4,100,3323.17,24.381580625030857,89.07717529271261,65.91063581550978,222.9559388917776,2024-07-01,2025-10-06 10:51:58.104,5,2,1,1,1,0,0,1,0,0,0,1,0,0,0,0,0,1,0,0,0,0,0,1,0,0
CUS_0x4661,35304.41,3132.034166666667,8,6,16,7,21,14,8.16,110,290.39,37.1878374935224,201.325667479212,197.7559740565761,174.1217751308787,2024-07-01,2025-10-06 10:51:58.104,13,11,1,1,0,0,1,0,1,0,1,1,0,0,0,0,0,0,1,1,0,0,0,0,0,0
CUS_0x901,19041.48,1883.79,7,7,16,7,46,17,6.64,160,1819.24,30.96342813896273,83.18812400062909,142.25568101691633,232.93519498245465,2024-07-01,2025-10-06 10:51:58.104,7,11,1,0,0,1,0,1,1,1,1,1,0,0,0,0,0,0,1,0,0,0,0,0,1,0
CUS_0xbcf,179239.6,15204.633333333331,5,4,1,2,1,8,4.67,40,1246.12,35.479779932227466,208.7973776152392,218.17095089932369,1333.4950048187704,2024-07-01,2025-10-06 10:51:58.104,18,10,0,0,0,1,0,0,0,0,0,0,1,0,0,1,0,0,0,0,0,1,0,0,0,0
CUS_0x3702,19078.93,1304.9108333333334,5,7,2660,0,19,13,13.34,80,265.86,32.49506507418052,0.0,55.624209301408364,353.86119274174246,2024-07-01,2025-10-06 10:51:58.104,18,10,0,0,0,0,0,0,0,0,0,1,0,0,0,0,1,0,0,0,0,0,0,0,0,1
CUS_0x92b9,46855.17,3987.5975,7,5,27,6,36,20,19.86,70,1653.0,32.842437940342215,145.55242168068656,140.93209748065638,392.27523083865714,2024-07-01,2025-10-06 10:51:58.104,11,3,0,1,0,0,1,1,0,0,1,1,0,0,0,0,1,0,0,0,0,0,0,1,0,0
CUS_0xad74,20145.525,1401.79375,2,4,6,1,16,0,7.66,20,1491.08,36.26323649753186,9.94639680352548,113.00388469158915,307.2290935048854,2024-07-01,2025-10-06 10:51:58.104,21,10,0,0,0,1,0,0,0,0,0,0,1,0,0,1,0,0,0,0,0,0,1,0,0,0
CUS_0x5053,97735.08,8376.59,3,6,5,4,0,3,0.1299999999999999,20,358.24,31.393047525835115,233.43593515907187,935.1319078342759,113.20955596318979,2024-07-01,2025-10-06 10:51:58.104,32,3,0,1,1,0,0,0,1,0,0,0,1,0,0,1,0,0,0,0,0,0,1,0,0,0
CUS_0xae0e,102596.63999999998,8718.72,4,5,8,0,24,2,11.61,40,1033.59,29.302587214017752,0.0,348.3441977073201,773.5278022926799,2024-07-01,2025-10-06 10:51:58.104,21,2,0,0,0,0,0,0,0,0,0,0,1,0,0,1,0,0,0,0,1,0,0,0,0,0
CUS_0xbc50,35482.43,2578.434351568324,8,5,13,1,7,6,16.84,80,73.08,29.327337481179704,208.42527592665303,45.323643421505864,444.7728124168509,2024-07-01,2025-10-06 10:51:58.104,26,3,0,1,0,0,0,0,0,0,0,1,0,0,0,0,1,0,0,0,0,1,0,0,0,0
CUS_0x3551,19797.56,1856.7966666666669,8,7,31,2,21,20,7.21,100,1793.37,32.282370867923134,22.44875876451056,249.68559555729004,203.5453123448661,2024-07-01,2025-10-06 10:51:58.104,14,11,1,0,0,0,0,0,1,0,0,1,0,0,0,0,0,1,0,0,0,0,1,0,0,0
CUS_0x7799,15762.72,1593.56,3,3,20,4,19,8,10.76,40,1050.18,23.68720806100088,51704.0,22.713372984324693,346.09348530795893,2024-07-01,2025-10-06 10:51:58.104,21,5,0,0,0,0,0,1,1,0,1,1,0,0,0,0,1,0,0,0,0,0,1,0,0,0
CUS_0x2c40,82651.74,6756.645,7,4,14,3,7,20,21.66,120,1348.26,28.723344569378856,147.5225030934002,573.3397287939256,244.80226811267426,2024-07-01,2025-10-06 10:51:58.104,17,5,1,0,0,1,0,0,0,0,1,0,0,0,0,0,1,0,0,0,0,0,1,0,0,0
CUS_0x42ab,57993.84,4885.82,7,8,22,8,23,21,8.08,110,1873.53,30.212032068110176,234.4392138691016,175.0826457648533,329.0601403660452,2024-07-01,2025-10-06 10:51:58.104,6,2,0,0,1,1,1,1,1,1,1,1,0,0,0,0,0,0,1,0,1,0,0,0,0,0
CUS_0x4d1c,82892.4,6685.7,7,9,29,9,20,24,27.96,110,3885.46,31.038121324945443,432.5257530425988,447.5756310222927,58.468615935108566,2024-07-01,2025-10-06 10:51:58.104,12,7,1,0,1,1,1,1,1,1,0,1,0,0,0,0,0,0,1,0,0,0,0,0,1,0
CUS_0x86bc,30821.3,2808.441666666666,4,3,11,3,5,17,3.86,0,603.03,31.00168643561148,60.78632608725688,145.17615336006182,364.881687219348,2024-07-01,2025-10-06 10:51:58.104,25,4,1,1,0,0,0,0,1,0,0,0,0,0,0,0,0,0,1,0,0,0,1,0,0,0
CUS_0x2ac3,131931.12,11045.26,5,5,12,2,12,3,3.19,60,1381.1,36.25085306130191,177.893491710559,10000.0,916.6862310588753,2024-07-01,2025-10-06 10:51:58.104,18,3,0,0,1,1,0,0,0,0,0,0,1,0,0,1,0,0,0,0,0,0,0,1,0,0
CUS_0x4a18,110608.83,9434.4025,6,6,19,1,12,20,4.05,90,247.54,25.87491349771738,68.98888573228041,856.675177175707,297.77618709201266,2024-07-01,2025-10-06 10:51:58.104,28,9,0,0,0,0,0,1,0,0,0,0,1,0,0,0,1,0,0,0,0,0,0,1,0,0
CUS_0x7d62,19193.42,1589.4516666666666,5,6,9,4,28,20,16.83,80,211.4,30.35157121789285,37947.0,79.12078248066567,299.70771812729646,2024-07-01,2025-10-06 10:51:58.104,29,5,1,0,0,0,0,0,1,0,0,1,0,0,0,0,1,0,0,0,0,0,0,1,0,0
CUS_0x930c,10355.675,901.9729166666666,7,8,16,5,44,24,9.18,120,1794.66,25.476167185079213,25.702808542413877,63.446065596113186,291.0484175281396,2024-07-01,2025-10-06 10:51:58.104,19,11,0,0,1,1,0,1,0,0,1,1,0,0,0,0,0,0,1,0,0,0,1,0,0,0
CUS_0x9d6b,21115.99,1730.6658333333337,3,7,17,0,24,16,14.28,40,474.21,31.37705619138363,0.0,35.35206940322366,377.7145139301097,2024-07-01,2025-10-06 10:51:58.104,32,4,0,0,0,0,0,0,0,0,0,1,0,0,0,0,0,0,1,0,0,1,0,0,0,0
CUS_0x47af,16614.765,1424.56375,4,7,20,1,23,15,6.55,80,931.36,31.410774490611207,7.403524777057425,116.7261186084735,308.3267316144691,2024-07-01,2025-10-06 10:51:58.104,32,3,0,0,0,0,0,0,1,0,0,0,1,0,0,0,1,0,0,0,0,0,1,0,0,0
CUS_0x8188,63730.08,5606.84,3,660,7,2,8,19,13.43,70,1760.01,30.26965535714539,54.747015014558535,109.27383084794495,636.6631541374967,2024-07-01,2025-10-06 10:51:58.104,18,0,0,0,0,1,0,1,0,0,0,1,0,0,0,0,1,0,0,0,0,1,0,0,0,0
CUS_0x37fb,35166.35,3139.5291666666667,4,4,2,1,15,12,4.33,30,1185.57,39.14041091042855,10747.0,186.45307890792458,390.6433365245487,2024-07-01,2025-10-06 10:51:58.104,21,4,0,0,0,0,1,0,0,0,0,0,1,0,0,1,0,0,0,0,0,0,1,0,0,0
CUS_0x6b10,105675.6,8894.3,7,5,18,0,15,19,6.449999999999998,10,941.61,36.89358486668828,0.0,347.61984708556275,791.8101529144371,2024-07-01,2025-10-06 10:51:58.104,32,0,0,0,0,0,0,0,0,0,0,0,1,0,0,0,1,0,0,0,1,0,0,0,0,0
CUS_0x7b94,107427.99,8868.3325,8,3,20,1,22,17,5.76,90,1124.02,38.17590127360375,55.65910096545989,152.5520616470583,918.622087387482,2024-07-01,2025-10-06 10:51:58.104,32,1,0,0,0,0,1,0,0,0,0,0,1,0,0,0,1,0,0,0,0,1,0,0,0,0
CUS_0x1cd5,80182.28,6684.856666666668,4,4,9,1,7,8,3.9,40,645.51,41.855321452646216,36.038954600952295,171.17557621263902,711.2711358530755,2024-07-01,2025-10-06 10:51:58.104,32,3,0,0,0,0,0,0,1,0,0,0,1,0,0,0,1,0,0,0,1,0,0,0,0,0
CUS_0x7067,173650.68,14516.89,4,4,2,0,4,0,1.5499999999999998,30,1076.16,34.86074678344019,28540.0,243.3341737986425,1035.7898918788685,2024-07-01,2025-10-06 10:51:58.104,27,8,0,1,1,1,0,0,0,0,1,0,1,0,0,1,0,0,0,0,0,1,0,0,0,0
CUS_0x406d,45432.51,3954.0425,10,8,21,6,57,24,3.35,140,2157.17,33.54090122251885,48321.0,235.79642369724164,235.0904732681993,2024-07-01,2025-10-06 10:51:58.104,12,9,1,0,0,0,1,0,1,0,1,1,0,0,0,0,0,1,0,0,0,0,0,0,1,0
CUS_0x99d4,20592.97,1843.0808333333327,637,4,12,7,7,10,0.0,50,1555.94,30.934892427011377,85.28357880109834,147.4263136602902,221.5981908719448,2024-07-01,2025-10-06 10:51:58.104,11,10,0,1,1,1,1,0,1,0,0,1,0,0,0,0,0,0,1,0,0,0,0,0,1,0
CUS_0xa06b,14146.59,1178.8825,3,5,2997,1,5,4,8.74,50,1302.82,33.79316076829486,7.904920536954126,36.26943780390332,353.71389165914263,2024-07-01,2025-10-06 10:51:58.104,32,11,0,0,0,1,0,0,0,0,0,0,1,0,0,1,0,0,0,0,0,0,0,1,0,0
CUS_0x6275,30355.01,2525.5841666666665,4,2,2,0,12,7,9.37,40,820.04,40.53998071544813,20.51068135774853,238.0843368804576,283.9633984284605,2024-07-01,2025-10-06 10:51:58.104,28,9,0,0,0,0,0,1,0,0,0,0,1,0,0,1,0,0,0,0,0,0,0,0,0,1
CUS_0xc1db,17951.3,1342.9416666666666,3,4,4376,7,29,12,18.77,80,664.65,32.53260785346829,62.69181676224886,54.50969368459877,307.09265621981905,2024-07-01,2025-10-06 10:51:58.104,18,8,0,1,1,1,0,0,0,0,1,1,0,0,0,0,1,0,0,0,0,0,0,0,0,1
CUS_0x2c42,38147.38,3161.9483333333333,4,5,7,3,27,8,16.990000000000002,10,857.12,33.496341076383096,92.3528509501499,295.52796900550663,198.3140133776769,2024-07-01,2025-10-06 10:51:58.104,21,11,0,1,0,0,0,0,1,0,0,1,0,0,0,0,0,0,1,0,0,0,0,0,1,0
CUS_0x7b2b,79631.28,6459.94,6,7,23,6,17,19,7.37,110,2692.66,37.4721816866795,289.47121296244643,195.62321340264458,440.8995736349089,2024-07-01,2025-10-06 10:51:58.104,15,9,1,1,1,0,0,1,0,1,0,1,0,0,0,0,0,1,0,0,0,0,0,1,0,0
CUS_0x8785,175718.04,14628.17,4,4,2,1,30,11,8.62,30,444.46,38.17123007926418,145.95261303601262,1363.9206218203226,232.9437651436649,2024-07-01,2025-10-06 10:51:58.104,17,0,1,0,0,0,0,0,0,0,0,0,1,0,0,1,0,0,0,0,0,0,0,1,0,0
CUS_0x277e,86097.54000000001,7202.795000000001,1,2,11,2,9,5,0.0,18340,10.29,27.29642882549921,128.40407522529622,249.13861358191247,592.7368111927913,2024-07-01,2025-10-06 10:51:58.104,19,6,0,0,0,0,0,1,1,0,0,0,1,0,0,0,0,0,1,0,1,0,0,0,0,0
CUS_0x2e96,61669.47,5190.1225,3,6,13,0,23,18,6.94,60,1083.29,24.899821243756584,0.0,374.6276528389904,424.38459716100976,2024-07-01,2025-10-06 10:51:58.104,32,9,0,0,0,0,0,0,0,0,0,0,1,0,0,0,1,0,0,0,0,0,0,1,0,0
CUS_0x4824,26794.85,2371.9343312278465,4,7,18,7,7,19,10.57,50,1484.37,34.20585453543226,148.8925603585945,295.93138161669657,79.0363101301958,2024-07-01,2025-10-06 10:51:58.104,13,2,1,1,1,0,0,1,1,0,1,1,0,0,0,0,1,0,0,0,0,0,1,0,0,0
CUS_0x4829,14180.935,1172.7445833333334,4,6,8,0,2,11,10.55,0,1019.14,30.821022197842545,0.0,43.078824353774564,364.1956339795588,2024-07-01,2025-10-06 10:51:58.104,30,9,0,0,0,0,0,0,0,0,0,0,1,0,0,1,0,0,0,0,0,0,1,0,0,0
CUS_0x4bef,38505.32,2922.147520381959,7,4,10,4,9,15,17.09,50,2159.19,23.33484882582469,214.6586972499585,130.97422642371902,374.5738892776966,2024-07-01,2025-10-06 10:51:58.104,10,6,1,0,1,0,0,1,0,0,1,0,0,0,0,0,1,0,0,0,0,0,0,0,1,0
CUS_0x825b,27592.7,2357.391666666667,8,7,12,0,20,19,4.45,40,1310.17,35.955284959608484,61.62016242641794,137.31294616422105,306.80605807602774,2024-07-01,2025-10-06 10:51:58.104,29,8,0,0,1,0,1,1,0,0,0,0,1,0,0,0,1,0,0,0,0,0,0,0,0,1
CUS_0x7768,104946.48,8701.54,3,3,11,4,1,5,7.54,30,1349.46,37.768649795058,12532.0,819.6118533257446,501.29793507826264,2024-07-01,2025-10-06 10:51:58.104,17,5,1,0,0,1,0,0,0,0,1,0,0,0,0,1,0,0,0,0,0,0,0,1,0,0
CUS_0x8d0b,35251.49,2831.624166666666,0,4,2,3,3,3,1.87,70,143.46,25.099948713218456,78.04706428179196,96.55898977014604,398.55636261472864,2024-07-01,2025-10-06 10:51:58.104,26,4,0,0,1,0,0,0,1,1,0,0,1,0,0,1,0,0,0,0,0,0,1,0,0,0
CUS_0x2c31,173196.32,14258.026666666668,4,7,9,1,7,5,6.06,40,967.23,36.990443104852034,107.8108996477876,1563.5128933226804,44.478873696198896,2024-07-01,2025-10-06 10:51:58.104,29,0,0,0,0,0,0,0,1,0,0,0,1,0,0,0,0,0,1,0,0,0,1,0,0,0
CUS_0x553,20456.35,1581.1940073090664,7,10,15,9,28,18,8.58,90,4424.37,32.20838709242714,85.67526558810448,29.73538216176681,240.36076160772882,2024-07-01,2025-10-06 10:51:58.104,8,2,0,0,1,1,0,0,1,1,1,1,0,0,0,0,0,1,0,0,0,1,0,0,0,0
CUS_0x56e5,127313.4,9556.314852204663,5,5,5,1,13,10,3.86,20,1075.47,36.87244513898402,1179.2539209991462,10000.0,781.1940320954112,2024-07-01,2025-10-06 10:51:58.104,27,6,0,0,0,1,0,0,0,0,0,0,1,0,0,0,0,0,1,0,1,0,0,0,0,0
CUS_0x69c3,43354.77,3491.8975,1,4,4,1,5,12,8.23,50,1159.33,27.74269424869679,29.916254436706645,244.55678363956986,354.71671192372355,2024-07-01,2025-10-06 10:51:58.104,16,9,0,0,0,0,0,1,0,0,0,0,1,0,0,0,0,0,1,0,0,0,0,1,0,0
CUS_0xb369,85677.29999999999,7139.774999999999,1,5,8,1,9,2,8.66,20,415.77,24.76355803664748,49.67208144143834,10000.0,701.9886820639045,2024-07-01,2025-10-06 10:51:58.104,29,9,0,0,0,0,0,0,0,0,1,0,1,0,0,1,0,0,0,0,1,0,0,0,0,0
CUS_0x69bf,10156.33,755.3608333333333,6,8,20,8,25,20,25.76,140,4345.51,28.924218074887147,59.29049520610571,51.00510648325668,235.2404816439709,2024-07-01,2025-10-06 10:51:58.104,10,9,0,0,0,1,1,0,0,1,0,1,0,0,0,0,0,0,1,0,0,0,0,0,1,0
CUS_0xbef8,105488.68,8848.723333333333,3,7,12,1,14,14,10.83,0,921.89,28.281868613678032,67028.0,352.52140845799073,738.3439648879958,2024-07-01,2025-10-06 10:51:58.104,18,10,0,0,0,0,0,1,0,0,0,0,1,0,0,0,0,0,1,0,0,0,1,0,0,0
CUS_0x65e1,34642.94,3180.911666666667,3,5,7,3,5,20,10.84,20,1079.65,22.7649550212536,49.685271311903456,141.0166419306798,387.3892534240834,2024-07-01,2025-10-06 10:51:58.104,26,11,1,0,1,0,0,0,0,1,0,1,0,0,0,0,0,0,1,1,0,0,0,0,0,0
CUS_0x9dd,27356.1,1998.675,3,4,10,4,29,19,4.94,10,685.14,32.919403963262404,60.66011126251932,162.12717360234018,358.43801716348196,2024-07-01,2025-10-06 10:51:58.104,20,8,0,1,0,0,1,1,0,0,0,1,0,0,0,0,1,0,0,0,0,1,0,0,0,0
CUS_0xb0f5,20730.55,1598.5458333333331,8,6,27,7,19,12,15.37,140,1388.52,37.26399618208982,106.997594248061,14.348934409008011,278.5080546762644,2024-07-01,2025-10-06 10:51:58.104,9,10,1,1,0,0,1,1,0,1,1,0,0,0,0,0,1,0,0,0,0,1,0,0,0,0
CUS_0x84da,130688.56,11134.713333333331,0,2,2,0,14,6,4.31,50,466.13,43.528851246209975,0.0,370.62063837381373,992.8506949595196,2024-07-01,2025-10-06 10:51:58.104,16,3,0,0,0,0,0,0,0,0,0,0,1,0,0,0,0,0,1,0,1,0,0,0,0,0
CUS_0xbc99,38985.96,2980.83,6,8,15,9,52,17,20.86,100,3879.42,31.221684661344742,279.3249669493241,170.74745625868857,138.01057679198738,2024-07-01,2025-10-06 10:51:58.104,2,2,0,0,0,1,0,1,1,1,1,1,0,0,0,0,0,1,0,0,0,0,1,0,0,0
CUS_0xa57b,20616.63,1784.0525,6,6,15,6,32,17,29.79,100,3389.04,30.92362845410207,70.5729572431843,124.78970155043123,253.04259120638451,2024-07-01,2025-10-06 10:51:58.104,10,11,0,1,1,1,1,0,0,0,1,1,0,0,0,0,0,1,0,0,0,0,0,0,1,0
CUS_0x507d,34668.59,3143.049166666666,6,3,10,3,11,15,8.13,70,291.46,27.20909502605752,72.26613726311984,50.41056201736146,431.6282173861854,2024-07-01,2025-10-06 10:51:58.104,21,5,0,1,1,0,1,0,0,0,0,0,1,0,0,0,1,0,0,0,0,1,0,0,0,0
CUS_0x6073,107595.68,8704.306666666665,8,4,4257,4,6,17,10.1,80,225.86,40.71134642789704,346.14312101743866,289.23301276513666,505.0545328840913,2024-07-01,2025-10-06 10:51:58.104,11,2,0,0,1,0,1,0,0,0,0,1,0,0,0,0,1,0,0,0,0,0,0,0,1,0
CUS_0x8617,57326.49000000001,5042.2075,3,5,13,2,16,19,11.24,30,1040.21,40.78697038229049,55.24500538233422,283.5315817064948,455.444162911171,2024-07-01,2025-10-06 10:51:58.104,23,6,0,0,0,0,0,1,0,1,0,0,1,0,0,0,1,0,0,0,0,0,1,0,0,0
CUS_0x861c,58539.84,4794.32,6,7,32,8,21,21,19.56,100,2735.13,39.494022974835616,79792.0,176.94700637271038,355.92266578927337,2024-07-01,2025-10-06 10:51:58.104,6,2,1,0,0,0,1,1,0,1,1,1,0,0,0,0,0,1,0,0,0,0,1,0,0,0
CUS_0x9a95,46175.49,4098.9575,6,6,18,4,38,22,8.11,70,2488.96,39.190910785077854,105.32410165618906,351.38887411151944,243.18277423229156,2024-07-01,2025-10-06 10:51:58.104,11,8,0,1,0,0,0,1,0,0,1,1,0,0,0,0,0,1,0,0,0,0,1,0,0,0
CUS_0xb3fe,73716.2,6214.016666666666,7,3,16,5,10,8,11.87,100,2444.21,37.30131703849161,250.7158706082634,168.59782288784112,469.38734013842713,2024-07-01,2025-10-06 10:51:58.104,15,6,1,1,1,0,1,0,0,0,0,1,0,0,0,0,1,0,0,0,0,1,0,0,0,0
CUS_0x5d87,70260.2,5564.016666666666,9,7,20,5,60,24,9.97,80,2228.79,30.13850582872778,246.37864489909137,114.70863250783856,445.3143892597368,2024-07-01,2025-10-06 10:51:58.104,18,4,1,0,0,0,1,1,1,1,0,0,0,0,0,0,0,1,0,0,1,0,0,0,0,0
CUS_0x5e1a,35739.7,2810.308333333333,4,6,5,0,30,9,5.74,30,404.81,35.8885775022843,0.0,38.38443517345089,492.6463981598824,2024-07-01,2025-10-06 10:51:58.104,20,10,0,0,0,0,0,0,0,0,0,0,1,0,0,1,0,0,0,0,1,0,0,0,0,0
CUS_0x8a8c,14219.02,1126.9183333333333,10,5,23,7,38,14,25.86,100,3628.5,22.22269941371449,76.48600820166872,110.01820880669231,216.18761632497225,2024-07-01,2025-10-06 10:51:58.104,3,4,0,1,1,1,1,0,1,0,1,1,0,0,0,0,0,1,0,0,0,0,1,0,0,0
CUS_0x5c40,14646.96,1156.58,7,7,20,4,28,9,19.6,50,1461.76,31.6036672803948,46.00273231964941,107.90542700581541,241.7498406745352,2024-07-01,2025-10-06 10:51:58.104,17,3,1,0,0,0,0,0,0,1,1,0,0,0,0,0,1,0,0,0,0,0,0,1,0,0
CUS_0xc19f,31239.32,2513.276666666666,9,6,26,6,58,22,28.23,100,2585.96,37.50012472941845,141.09962707119888,148.45434438657247,251.7736952088953,2024-07-01,2025-10-06 10:51:58.104,11,3,1,0,0,0,0,1,0,0,1,1,0,0,0,0,0,1,0,0,0,0,1,0,0,0
CUS_0x3d6d,84001.66,6555.609083346229,1,3,11,0,0,3,5.05,30,201.67,38.93753950569428,394.2230916173059,331.5221145899459,437.89787711318667,2024-07-01,2025-10-06 10:51:58.104,22,5,0,1,1,0,0,1,0,0,0,0,1,0,0,1,0,0,0,1,0,0,0,0,0,0
CUS_0x3d77,58301.44,4998.453333333334,3,7,19,4,12,13,7.44,0,352.44,25.138671650916205,169.9120689388641,134.5746391136437,445.35862528082566,2024-07-01,2025-10-06 10:51:58.104,26,11,1,0,1,1,0,1,0,0,0,1,0,0,0,0,1,0,0,0,1,0,0,0,0,0
CUS_0x7303,60335.25,5120.9375,9,9,15,2,44,16,11.04,70,1814.22,36.07776650888568,92.4254713823744,104.55273269007223,575.1155459275534,2024-07-01,2025-10-06 10:51:58.104,17,3,0,0,0,0,1,0,1,0,0,1,0,0,0,0,0,0,1,1,0,0,0,0,0,0
CUS_0x86c0,14273.35,1387.4458333333334,9,7,24,8,45,19,9.16,90,3509.08,30.83876245370574,81.23849769033188,84.64276211882137,262.8633235241801,2024-07-01,2025-10-06 10:51:58.104,8,11,1,1,1,1,1,0,1,0,0,1,0,0,0,0,0,1,0,0,0,0,1,0,0,0
CUS_0xbd5b,31040.14,2474.6783333333333,833,5,16,2,7,8,13.77,50,1288.66,26.95388294952193,44.31614812683518,111.27366906608455,381.8780161404136,2024-07-01,2025-10-06 10:51:58.104,30,0,1,1,0,0,0,0,0,0,0,1,0,0,0,0,1,0,0,0,0,0,1,0,0,0
CUS_0x14ec,35180.42,2695.7016666666664,5,7,12,2,16,0,7.2,20,33.8,32.76956004383627,44.60716114646277,209.20010216238876,285.76290335781516,2024-07-01,2025-10-06 10:51:58.104,25,8,1,0,0,0,0,0,0,0,0,0,1,0,0,1,0,0,0,0,0,0,0,0,1,0
CUS_0x4a83,35322.24,2805.52,5,5,6,3,11,1,10.51,20,907.76,36.3304853159484,61.72578801827049,205.71626979113103,303.1099421905985,2024-07-01,2025-10-06 10:51:58.104,30,8,0,1,1,0,0,0,0,0,0,0,1,0,0,0,0,0,1,0,0,0,1,0,0,0
CUS_0x5735,95310.03,7978.5025,0,6,10,4,4,8,15.2,40,716.24,33.176790919199085,160.7692719097578,244.84333412296718,662.2376439672751,2024-07-01,2025-10-06 10:51:58.104,31,3,0,0,0,0,0,0,1,1,1,0,1,0,0,1,0,0,0,0,0,0,0,0,1,0
CUS_0x924a,9829.665,970.13875,8,10,18,7,54,21,23.54,90,2783.29,28.40765645393713,41.54009594798175,66.65566116240922,248.81811788960903,2024-07-01,2025-10-06 10:51:58.104,6,0,0,1,0,1,1,0,1,0,0,1,0,0,0,0,0,1,0,1,0,0,0,0,0,0
CUS_0x48e6,52042.32,3780.988059572468,3,7,7,1,30,10,6.86,0,1160.3,29.42155094599117,389.1598076586161,88.57794424066094,535.220188528255,2024-07-01,2025-10-06 10:51:58.104,22,4,0,0,0,0,1,0,0,0,0,0,1,0,0,0,0,0,1,0,1,0,0,0,0,0
CUS_0xbab2,27752.64,2105.72,3,4,12,1,30,13,8.27,60,915.19,25.9852307430504,16.180335372840187,77.92180487121064,376.4698597559492,2024-07-01,2025-10-06 10:51:58.104,13,3,0,0,0,0,0,0,0,0,1,1,0,0,0,0,0,0,1,1,0,0,0,0,0,0
CUS_0x583b,32853.95,2426.630244682668,2,3,2,0,12,8,10.73,30,1044.27,22.65397298221448,361.3783131672174,374.23597536064034,177.86755012280796,2024-07-01,2025-10-06 10:51:58.104,31,0,0,1,0,0,0,0,0,0,0,0,1,0,0,0,0,0,1,0,0,0,1,0,0,0
CUS_0x8971,73678.88,6362.906666666668,10,9,22,9,55,25,16.66,80,4936.75,23.2804383435642,367.553575590438,249.23449015695806,269.5026009192707,2024-07-01,2025-10-06 10:51:58.104,0,9,1,1,1,0,1,0,1,1,1,1,0,0,0,0,0,0,1,0,0,0,0,1,0,0
CUS_0xc662,70976.45999999999,6061.704999999999,4,5,17,6,6,12,12.99,70,689.88,34.960950217103765,234.1872556923959,71.55797663631769,540.4252676712863,2024-07-01,2025-10-06 10:51:58.104,7,4,1,0,1,0,0,0,1,1,0,0,0,0,0,0,1,0,0,0,0,1,0,0,0,0
CUS_0x1dbb,7187.17,488.9308333333333,8,8,22,5,32,26,15.44,90,1438.65,37.87554863597126,26.825212964975705,49.214084528290776,252.85378584006682,2024-07-01,2025-10-06 10:51:58.104,8,3,0,0,1,0,1,1,0,1,1,1,0,0,0,0,0,1,0,0,0,0,0,1,0,0
CUS_0x44c0,48854.85000000001,3957.237500000001,9,5,16,6,21,25,14.82,130,3013.18,26.19195333204714,208.98502560833896,76.72995367054331,350.0087707211178,2024-07-01,2025-10-06 10:51:58.104,13,8,0,0,0,0,1,1,1,0,1,1,0,0,0,0,0,1,0,0,0,1,0,0,0,0
CUS_0x4716,10094.05,609.1708333333332,7,7,18,2,7,13,17.91,70,695.09,40.997787520064506,15.684761106563904,26.164845007690452,289.06747721907897,2024-07-01,2025-10-06 10:51:58.104,17,9,0,1,0,0,0,0,1,0,0,1,0,0,0,0,1,0,0,0,0,0,0,0,1,0
CUS_0x4da1,33797.0,2909.416666666666,2,3,4,2,5,12,3.61,40,469.99,35.3456160769288,39.77565865623979,177.78739587463681,333.37861213579015,2024-07-01,2025-10-06 10:51:58.104,24,5,0,1,0,1,0,0,0,0,0,0,1,0,0,0,0,0,1,1,0,0,0,0,0,0
CUS_0x2f7a,77883.54000000001,6290.295000000001,3,7,6,0,17,9,0.0,60,656.57,39.26750338143647,0.0,143.59947994170054,725.4300200582995,2024-07-01,2025-10-06 10:51:58.104,30,8,0,0,0,0,0,0,0,0,0,0,1,0,0,1,0,0,0,0,0,1,0,0,0,0
CUS_0x5816,32473.32,2875.11,7,3,4237,0,32,19,19.38,40,893.83,25.479351976198007,136.2291007799522,144.13626388058086,297.145635339467,2024-07-01,2025-10-06 10:51:58.104,9,2,0,0,0,0,1,0,1,1,0,1,0,0,0,0,1,0,0,0,0,0,1,0,0,0
CUS_0x627e,72116.25,5886.6875,4,7,9,2,22,13,5.06,80,243.75,36.90266608964489,76.87560725652268,622.3813574786964,179.41178526478097,2024-07-01,2025-10-06 10:51:58.104,18,10,0,1,0,0,0,0,0,1,0,0,1,0,0,0,1,0,0,0,0,0,1,0,0,0
CUS_0x2abb,68898.56,5549.546666666666,9,7,30,9,16,12,22.8,80,3234.47,26.510088453262963,498.0651867723192,76.56250597892911,230.3269739154183,2024-07-01,2025-10-06 10:51:58.104,1,0,0,1,1,0,1,0,1,1,1,1,0,0,0,0,0,1,0,0,1,0,0,0,0,0
CUS_0xaf49,65804.04,5189.735169709576,0,1,8,2,4,8,8.23,80,1450.47,30.39030896082916,486.26339221504224,350.91346899524063,402.72496908014017,2024-07-01,2025-10-06 10:51:58.104,20,11,0,1,1,0,0,0,0,0,0,0,1,0,0,1,0,0,0,0,0,0,0,0,1,0
CUS_0xbc2b,20867.67,1489.9725,1,3,11,1,13,11,1.1,40,884.52,23.034512152378284,16.83718937945217,192.34738386560426,229.81267675494357,2024-07-01,2025-10-06 10:51:58.104,31,10,0,0,0,0,0,0,0,0,1,0,0,0,0,0,0,0,1,0,0,0,0,0,0,1
CUS_0x4b86,17565.58,1588.7983333333334,10,8,32,8,16,16,19.67,120,2986.89,33.551946267430765,100.63745960566128,193.95137590409058,154.29099782358142,2024-07-01,2025-10-06 10:51:58.104,6,10,1,1,1,1,0,0,0,1,0,1,0,0,0,0,0,1,0,0,0,0,1,0,0,0
CUS_0x660b,118875.69,9939.3075,0,4,12,2,10,3,9.5,10,374.28,29.73018205698844,99.33992627175422,175.21149948556544,969.3793242426804,2024-07-01,2025-10-06 10:51:58.104,31,9,0,1,0,0,1,0,0,0,0,0,1,0,0,1,0,0,0,0,1,0,0,0,0,0
CUS_0xc211,22252.63,1826.385833333333,8,6,1132,0,20,14,17.3,60,358.36,28.00497708270482,28.043911972698822,54.57980225562204,350.0148691050125,2024-07-01,2025-10-06 10:51:58.104,31,5,1,1,0,0,0,0,0,0,0,1,0,0,0,0,1,0,0,0,1,0,0,0,0,0
