Customer_ID,Annual_Income,Monthly_Inhand_Salary,Num_Bank_Accounts,Num_Credit_Card,Interest_Rate,Num_of_Loan,Delay_from_due_date,Num_of_Delayed_Payment,Changed_Credit_Limit,Num_Credit_Inquiries,Outstanding_Debt,Credit_Utilization_Ratio,Total_EMI_per_month,Amount_invested_monthly,Monthly_Balance,snapshot_date,_ingested_at_utc,credit_history_age_year,credit_history_age_month,mortgage_loan,auto_loan,credit_builder_loan,personal_loan,not_specified,student_loan,home_equity_loan,payday_loan,debt_consolidation_loan,ohe__payment_of_min_amount__yes,ohe__payment_of_min_amount__no,ohe__payment_of_min_amount__nm,ohe__payment_of_min_amount__unknown,ohe__credit_mix__good,ohe__credit_mix__standard,ohe__credit_mix__bad,ohe__credit_mix__unknown,ohe__payment_behaviour__high_spent_small_value_payments,ohe__payment_behaviour__high_spent_medium_value_payments,ohe__payment_behaviour__high_spent_large_value_payments,ohe__payment_behaviour__low_spent_small_value_payments,ohe__payment_behaviour__low_spent_medium_value_payments,ohe__payment_behaviour__low_spent_large_value_payments,ohe__payment_behaviour__unknown
CUS_0x72a8,52860.62,4676.051666666667,6,7,8,3,18,7,7.36,20,1453.24,30.501782940881814,121.78588517209243,195.35871622949486,400.46056526507937,2024-12-01,2025-10-06 10:53:00.784,17,3,0,0,0,0,1,0,1,1,0,0,1,0,0,0,1,0,0,0,1,0,0,0,0,0
CUS_0xbe46,68369.88,5691.490000000002,4,5,11,2,13,20,9.66,20,40.13,35.92646916308062,40101.0,606.2918442215082,152.46670859737802,2024-12-01,2025-10-06 10:53:00.784,16,6,0,1,0,0,0,0,0,1,0,0,1,0,0,0,1,0,0,0,0,0,1,0,0,0
CUS_0x1948,82489.92,7055.16,9,9,25,3,48,15,11.33,110,1816.7,38.71449356022916,199.5546871577393,176.11096871965287,579.8503441226079,2024-12-01,2025-10-06 10:53:00.784,10,9,0,0,0,0,0,1,0,0,0,1,0,0,0,0,1,0,0,0,0,0,0,0,0,1
CUS_0x8fec,45559.59,3860.6325,10,7,24,5,59,15,13.28,70,2663.43,38.15561559600751,138.81006997841018,242.8237295590386,264.42945046255124,2024-12-01,2025-10-06 10:53:00.784,16,4,1,0,0,1,0,1,0,1,0,1,0,0,0,0,1,0,0,1,0,0,0,0,0,0
CUS_0x926f,84389.44,7097.453333333334,7,7,6,3,20,17,6.84,10,1368.62,35.90277715024107,162.64634775152552,219.62509283248366,577.4738927493242,2024-12-01,2025-10-06 10:53:00.784,32,2,0,0,1,1,0,1,0,0,0,0,1,0,0,0,1,0,0,0,1,0,0,0,0,0
CUS_0xb7d9,89126.25,7675.1875,4,5,19,2,7,19,15.8,90,631.58,38.46590089841064,125.29314199736976,537.5586519684391,384.66695603419123,2024-12-01,2025-10-06 10:53:00.784,18,6,1,0,1,0,0,0,0,0,0,1,0,0,0,0,1,0,0,0,0,0,0,1,0,0
CUS_0x768c,53908.41,4456.3675,9,5,17,5,39,24,25.07,110,3078.82,24.67719916073469,219.838310179153,446.34044722252764,360.22547892619264,2024-12-01,2025-10-06 10:53:00.784,14,1,1,1,1,0,1,1,0,0,0,1,0,0,0,0,0,1,0,0,0,0,0,0,1,0
CUS_0xc000,35883.18,3176.265,6,5,8,4,16,10,7.63,50,78.52,35.70743541167115,115.80242971608308,129.1651538454417,322.65891643847533,2024-12-01,2025-10-06 10:53:00.784,31,3,0,1,0,0,1,0,0,0,0,0,1,0,0,1,0,0,0,0,1,0,0,0,0,0
CUS_0x6503,29949.1,2419.758333333333,3,3,6,7,13,17,9.87,50,1316.19,31.928041484465275,148.9974444432497,82.85996832486913,280.1184205652145,2024-12-01,2025-10-06 10:53:00.784,20,3,1,0,0,0,1,0,0,0,1,1,0,0,0,0,1,0,0,0,0,0,0,0,1,0
CUS_0x6c89,23001.71,1901.809166666667,5,6,12,3,20,16,0.83,40,1091.42,34.067769010290434,47.40727166488168,48.95746113090482,343.8161838708802,2024-12-01,2025-10-06 10:53:00.784,30,6,0,0,0,1,0,0,1,0,1,1,0,0,0,0,0,0,1,0,1,0,0,0,0,0
CUS_0x714a,6912531.0,3076.995833333333,3,5,19,4,16,13,11.23,20,1390.77,32.15187828093586,111.91060457282668,246.085177671642,219.70380108886462,2024-12-01,2025-10-06 10:53:00.784,22,11,0,0,0,1,1,1,0,1,0,0,1,0,0,0,1,0,0,0,0,0,0,0,1,0
CUS_0x8e8a,21863.8,1895.983333333333,7,3,14,2,10,15,10.68,20,1377.13,31.89533245110021,26.05413693394768,22.325343785761103,391.21885261362456,2024-12-01,2025-10-06 10:53:00.784,30,6,0,0,0,1,0,0,0,1,0,1,0,0,0,0,1,0,0,0,1,0,0,0,0,0
CUS_0xc4de,70897.32,6139.1100000000015,7,8,23,7,31,19,29.02,130,3657.73,38.9473421385233,268.8336032794297,154.5885460466914,430.488850673879,2024-12-01,2025-10-06 10:53:00.784,13,8,0,0,0,1,1,1,1,0,0,1,0,0,0,0,0,1,0,0,0,1,0,0,0,0
CUS_0x935b,10616.07,899.6725,5,6,14,5,5,20,17.36,70,765.97,28.72982191289068,28.71775192183189,32.973551759815194,278.2759463183529,2024-12-01,2025-10-06 10:53:00.784,10,10,1,0,1,1,0,1,1,0,0,1,0,0,0,0,0,0,1,0,1,0,0,0,0,0
CUS_0x26eb,13999.185,932.59875,8,5,6,0,14,15,0.4500000000000002,60,16.3,35.943999560606656,10.962584704325865,47.85500458026053,314.4422857154136,2024-12-01,2025-10-06 10:53:00.784,20,4,0,0,0,1,0,0,0,0,0,1,0,0,0,0,1,0,0,0,0,0,0,1,0,0
CUS_0x36d5,23679.61,2266.300833333333,8,5,15,0,29,18,4.74,40,622.58,38.87430514159544,0.0,122.3909637303777,394.2391196029557,2024-12-01,2025-10-06 10:53:00.784,19,5,0,0,0,0,0,0,0,0,0,0,1,0,0,0,1,0,0,0,0,0,1,0,0,0
CUS_0x3be5,11900.03,1264.6691666666666,3,5,18,4,15,12,2.86,0,399.01,27.14646894971261,35.54622165922838,24.69872721009273,316.2219677973456,2024-12-01,2025-10-06 10:53:00.784,19,5,1,0,0,0,1,0,0,0,0,0,1,0,0,0,1,0,0,0,1,0,0,0,0,0
CUS_0x6b7f,29823.91,2256.3258333333333,1,1,2,1,9,1,9.52,70,1268.94,26.511919012889603,18.604779603859907,10000.0,415.372783559988,2024-12-01,2025-10-06 10:53:00.784,30,2,0,0,0,0,1,0,0,0,0,0,1,0,0,1,0,0,0,0,1,0,0,0,0,0
CUS_0x8ae9,9114.48,660.54,8,35,33,7,31,23,19.05,60,2823.42,26.529803598637407,30.08078845093603,68.51477444961131,257.4584370994527,2024-12-01,2025-10-06 10:53:00.784,7,2,1,0,1,1,1,0,1,0,0,1,0,0,0,0,0,0,1,0,0,0,1,0,0,0
CUS_0x9562,28843.09,2394.590833333333,5,6,15,2,27,17,10.55,80,74.41,35.007829801213035,25.7834897040745,152.1989096071527,351.4766840221061,2024-12-01,2025-10-06 10:53:00.784,20,6,1,0,0,0,0,0,1,0,0,0,0,0,0,0,1,0,0,0,0,0,1,0,0,0
CUS_0xa79e,35917.34,3159.111666666666,6,4,8,3,29,9,5.57,50,1213.82,24.440089680274163,70.33046053368393,229.30321760923343,306.27748852374924,2024-12-01,2025-10-06 10:53:00.784,18,2,0,0,0,0,1,0,1,0,0,0,0,0,0,0,0,0,1,0,0,0,1,0,0,0
CUS_0x21a7,126732.6,10443.05,7,5,16,4,7,9,11.6,30,18.99,33.15760362833751,294.9937275965356,164.86268158417568,824.4485908192888,2024-12-01,2025-10-06 10:53:00.784,24,6,0,0,0,0,0,1,1,1,1,0,1,0,0,0,1,0,0,0,0,1,0,0,0,0
CUS_0x57c,52984.53,4272.3775,8,7,16,8,35,23,26.85,130,3528.88,39.078353949988696,291.2091440463247,160.44090732616274,225.5876986275125,2024-12-01,2025-10-06 10:53:00.784,12,5,0,1,1,1,0,1,1,0,0,1,0,0,0,0,0,1,0,0,1,0,0,0,0,0
CUS_0x76b0,8103.425,572.2854166666667,9,10,32,8,47,21,31.92,110,2944.35,27.01735071771265,39.15389972643829,10000.0,267.1573731846834,2024-12-01,2025-10-06 10:53:00.784,10,6,0,0,1,0,1,0,1,1,1,1,0,0,0,0,0,1,0,0,0,0,0,1,0,0
CUS_0x83b5,99166.77,8305.8975,1,7,7,0,15,7,7.92,30,1115.36,35.62294165594696,0.0,569.6327642589906,540.9569857410094,2024-12-01,2025-10-06 10:53:00.784,27,6,0,0,0,0,0,0,0,0,0,0,1,0,0,1,0,0,0,0,0,0,0,1,0,0
CUS_0x8d77,80370.32,6856.526666666668,8,7,17,0,27,6,12.36,40,1135.98,28.74297129605837,0.0,189.2370622980993,756.4156043685675,2024-12-01,2025-10-06 10:53:00.784,27,10,0,0,0,0,0,0,0,0,0,1,0,0,0,0,1,0,0,1,0,0,0,0,0,0
CUS_0x278f,14646.28,1186.5233333333333,6,3,17,6,21,19,8.96,90,522.36,29.158223763842344,45.64989384781744,101.75413907624252,251.24830040927338,2024-12-01,2025-10-06 10:53:00.784,16,10,0,1,1,1,1,0,0,1,0,0,0,0,0,0,1,0,0,0,0,0,0,1,0,0
CUS_0x771d,36849.5,3029.791666666666,8,6,25,9,42,22,3.88,100,2327.11,39.06567350129613,174.52908239784335,267.94090779751514,130.50917647130817,2024-12-01,2025-10-06 10:53:00.784,19,10,1,1,1,1,1,0,1,1,0,0,0,0,0,0,0,1,0,0,0,0,0,0,1,0
CUS_0x961f,13838.18,1420.1816666666666,5,4,15,6,12,16,9.6,70,1381.32,23.099164746587228,51.98653037308748,54.408204866177975,325.6234314274012,2024-12-01,2025-10-06 10:53:00.784,18,6,0,0,0,0,1,1,0,1,1,1,0,0,0,0,0,0,1,0,0,0,1,0,0,0
CUS_0x4931,71734.24,5906.8533333333335,8,10,34,4,29,25,2.54,90,2290.25,37.508373536155965,219.4354268604336,125.10343900789358,496.146467465006,2024-12-01,2025-10-06 10:53:00.784,5,10,0,1,1,1,1,0,0,0,0,1,0,0,0,0,0,1,0,0,1,0,0,0,0,0
CUS_0x5afa,20576.69,1992.7241666666664,10,5,27,7,23,24,2.24,100,3050.91,35.92754463517715,68.07893419052836,180.75521057728042,240.43827189885792,2024-12-01,2025-10-06 10:53:00.784,9,8,0,0,1,1,0,1,1,1,1,1,0,0,0,0,0,1,0,0,0,0,1,0,0,0
CUS_0x6877,30493.34,2527.1116666666667,5,5,11,4,13,7,7.11,20,448.51,31.62923291977524,94.48242759104392,95.02870251809048,313.2000365575323,2024-12-01,2025-10-06 10:53:00.784,24,0,0,0,1,0,0,0,1,1,0,0,1,0,0,1,0,0,0,0,1,0,0,0,0,0
CUS_0x8b5b,32077.74,2905.145,5,4,5,1430,14,10,8.52,100,255.82,38.798318193757545,0.0,371.97274648500877,208.5417535149913,2024-12-01,2025-10-06 10:53:00.784,6,7,0,0,0,0,0,0,0,0,0,0,0,0,0,0,1,0,0,0,0,0,1,0,0,0
CUS_0xa936,131488.44,11031.37,7,7,4,3,16,17,3.95,40,1024.09,42.693781629807525,203.09172474687256,139.66360882238686,1000.3816664307408,2024-12-01,2025-10-06 10:53:00.784,28,4,1,0,0,1,0,0,0,0,1,0,1,0,0,1,0,0,0,0,0,1,0,0,0,0
CUS_0x3ae3,25040.59,2278.715833333333,4,4,5709,3,9,7,4.97,60,715.69,29.24702834888912,53.572750991129006,92.75332831308077,331.54550402912355,2024-12-01,2025-10-06 10:53:00.784,32,4,0,0,1,0,0,1,0,0,1,0,1,0,0,0,1,0,0,0,1,0,0,0,0,0
CUS_0x689c,19436.28,1640.6899999999996,5,5,16,5,16,12,17.59,90,1819.46,36.45503515258872,80.27057495503294,10000.0,211.35324676288076,2024-12-01,2025-10-06 10:53:00.784,15,10,1,1,1,0,0,1,0,0,0,1,0,0,0,0,0,0,1,0,0,0,1,0,0,0
CUS_0x8706,88556.7,7158.724999999999,1,3,8,1,9,14,2.17,50,732.51,34.481523437946954,60.73625879661435,127.0748077100583,485.58290917145365,2024-12-01,2025-10-06 10:53:00.784,24,3,0,0,0,0,0,0,0,0,1,0,1,0,0,1,0,0,0,0,0,0,0,1,0,0
CUS_0x2372,62086.53,5316.8775,7,4,16,2,9,16,4.08,70,1286.42,35.041379562314646,57.40295877139104,36.92546353738529,677.3593276912236,2024-12-01,2025-10-06 10:53:00.784,33,2,0,1,0,0,0,0,0,1,0,0,0,0,0,0,1,0,0,0,0,0,0,0,0,1
CUS_0xbe9a,34058.47,2874.205833333333,1,2,5,2,6,4,4.01,30,339.54,28.97438966682541,49.181506041643416,93.13285259341028,395.10622469827973,2024-12-01,2025-10-06 10:53:00.784,24,8,1,0,0,0,0,0,0,0,1,0,1,0,0,1,0,0,0,0,1,0,0,0,0,0
CUS_0x4293,60116.7,5091.725,5,8,19,7,19,13,19.62,110,2042.27,39.33052847143173,218.51488799997335,116.7483723490598,413.90923965096687,2024-12-01,2025-10-06 10:53:00.784,12,11,0,0,1,0,1,1,1,0,1,1,0,0,0,0,0,0,1,0,0,0,0,0,0,1
CUS_0x9f69,43504.07,3767.339166666666,5,4,2,2,10,2,6.76,60,530.51,33.49812582751278,53.4283374998532,360.9005926481629,252.4049865186505,2024-12-01,2025-10-06 10:53:00.784,30,8,1,0,0,0,0,1,0,0,0,0,1,0,0,1,0,0,0,0,0,0,0,0,0,1
CUS_0xa3ba,60082.77,5125.8975,8,5,15,6,52,17,20.68,70,3040.88,31.51570608076836,21445.0,406.9774977707126,236.29172540141042,2024-12-01,2025-10-06 10:53:00.784,6,10,0,1,1,0,1,1,0,0,1,1,0,0,0,0,0,0,1,0,0,0,1,0,0,0
CUS_0xb7ea,12975.96,1036.33,8,5,16,1,19,12,2.93,40,531.08,29.803768561992484,5.766275880264306,67.67783224540945,320.18889187432626,2024-12-01,2025-10-06 10:53:00.784,26,2,0,0,0,0,0,0,1,0,0,0,1,0,0,0,1,0,0,0,0,0,1,0,0,0
CUS_0x44dc,18282.34,1769.5283333333334,5,10,34,6,14,16,24.0,120,1310.97,29.08616768959937,85.69683656090676,179.04958133542686,202.2064154369997,2024-12-01,2025-10-06 10:53:00.784,8,9,1,0,1,0,1,1,0,0,0,0,0,0,0,0,1,0,0,0,0,0,1,0,0,0
CUS_0xb45a,145175.4,12016.95,3,1,6,1,12,0,5.58,20,1271.95,33.239615924333954,67.83706538387564,432.4030992597657,961.4548353563588,2024-12-01,2025-10-06 10:53:00.784,23,10,0,0,0,1,0,0,0,0,0,0,1,0,0,1,0,0,0,1,0,0,0,0,0,0
CUS_0xba11,18942.005,1349.5004166666668,1,3,10,1,11,12,1.88,20,156.54,31.91175781687666,14.040810431117595,136.72170902284222,264.1875222127069,2024-12-01,2025-10-06 10:53:00.784,17,10,0,0,1,0,0,0,0,0,0,0,1,0,0,1,0,0,0,0,0,0,0,1,0,0
CUS_0x24e4,43108.4,3362.366666666667,3,6,8,0,19,14,11.49,50,905.03,34.54781048067844,0.0,435.18091405857916,510.2480972297206,2024-12-01,2025-10-06 10:53:00.784,28,8,0,0,0,0,0,0,0,0,0,0,1,0,0,1,0,0,0,0,0,1,0,0,0,0
CUS_0xaccf,32701.56,2930.13,2,3,8,2,13,4,6.91,60,1070.74,38.52732106534285,45.40276459177159,123.80258264617102,413.80765276205744,2024-12-01,2025-10-06 10:53:00.784,29,10,1,0,1,0,0,0,0,0,0,0,1,0,0,0,0,0,1,0,0,0,1,0,0,0
CUS_0x3801,85688.49,7208.7075,8,3,19,7,13,20,12.71,80,0.34,27.37591328929654,461.1396230634466,455.2494783636415,74.48164857291205,2024-12-01,2025-10-06 10:53:00.784,16,3,0,0,1,1,0,0,0,1,1,1,0,0,0,0,1,0,0,0,0,0,0,0,1,0
CUS_0x67aa,45594.72,3808.56,7,4,18,6,15,22,9.47,80,1256.49,28.62402047580995,182.1071855917206,330.6920327745434,148.05678163373597,2024-12-01,2025-10-06 10:53:00.784,16,3,0,0,1,1,1,0,0,1,0,1,0,0,0,0,1,0,0,0,0,0,0,1,0,0
CUS_0x98a8,44190.3,3695.525,7,6,18,2,7,14,10.74,70,476.56,39.12248145372938,51.27285349524957,114.45283631996072,453.8268101847897,2024-12-01,2025-10-06 10:53:00.784,33,3,0,0,0,1,0,0,0,0,1,0,1,0,0,0,1,0,0,0,1,0,0,0,0,0
CUS_0xb8a8,45705.04,3722.7533333333336,8,6,6,3,13,13,16.69,70,378.16,35.431910832868034,69.0449502064084,74.49803168446849,468.7323514424564,2024-12-01,2025-10-06 10:53:00.784,16,9,0,0,1,0,1,0,0,0,1,1,0,0,0,0,0,0,1,0,0,1,0,0,0,0
CUS_0x6a9d,74576.76,6196.73,9,8,31,4,23,21,0.56,110,1961.29,30.52223910563873,155.6248826773683,584.4759023032491,159.57221501938258,2024-12-01,2025-10-06 10:53:00.784,7,8,0,1,0,0,0,0,1,1,0,0,0,0,0,0,0,1,0,0,0,0,0,1,0,0
CUS_0x6ef2,88620.14,6814.368374629676,1,5,10,4,15,3,10.34,0,82.36,30.453963124143144,993.4409317127752,535.6839313861311,340.51959560475245,2024-12-01,2025-10-06 10:53:00.784,26,4,0,0,0,1,0,1,1,0,1,0,1,0,0,1,0,0,0,0,0,0,0,1,0,0
CUS_0x8ddb,55762.11,4583.8425,6,9,23,7,55,13,9.24,100,2288.18,32.67074793374659,193.22666848812085,615.9863633853164,362.974336751345,2024-12-01,2025-10-06 10:53:00.784,7,0,0,0,1,1,1,0,1,1,1,1,0,0,0,0,1,0,0,0,0,0,1,0,0,0
CUS_0x9a29,33119.82,3024.985,10,5,32,5,50,18,15.79,100,2545.0,33.810566545145186,111.4227017745117,265.92258923109443,370.6074980582689,2024-12-01,2025-10-06 10:53:00.784,14,8,1,0,0,0,1,0,1,0,1,1,0,0,0,0,0,1,0,0,0,0,1,0,0,0
CUS_0x882f,38847.8,3215.316666666667,7,7,25,7,57,19,23.87,80,3401.56,33.93436670948036,123.91654849898408,114.31094303983608,353.3041751278466,2024-12-01,2025-10-06 10:53:00.784,7,2,1,0,1,0,1,1,0,0,1,1,0,0,0,0,0,1,0,0,0,0,0,0,1,0
CUS_0xbf60,49649.73,4144.4775,7,6,24,0,39,15,7.57,90,2268.36,32.80867797107268,203.23808840905053,103.3376531324802,377.87200845846934,2024-12-01,2025-10-06 10:53:00.784,6,11,0,0,0,0,0,0,1,0,1,1,0,0,0,0,0,1,0,0,0,0,0,0,1,0
CUS_0x144d,20938.03,1896.835833333333,6,9,23,5,12,15,2.16,110,1657.74,26.55798600695456,56.26113896851847,62.558838199254424,350.86360616556044,2024-12-01,2025-10-06 10:53:00.784,10,3,0,0,0,0,1,1,0,1,0,1,0,0,0,0,0,1,0,0,0,0,0,1,0,0
CUS_0x9641,71677.59,5889.1325,5,6,16,0,6,11,11.9,0,130.54,32.130541280225806,0.0,263.7896886705196,615.1235613294804,2024-12-01,2025-10-06 10:53:00.784,17,9,0,0,0,0,0,0,0,0,0,0,1,0,0,0,1,0,0,0,0,0,1,0,0,0
CUS_0xa2dd,23956.27,1773.355833333333,3,7,12,1320,5,16,10.52,110,893.87,34.62266655574217,46.97565396788573,117.35028136776985,303.0096479976778,2024-12-01,2025-10-06 10:53:00.784,14,8,0,0,0,0,0,1,0,1,1,1,0,0,0,0,1,0,0,0,0,0,1,0,0,0
CUS_0x51e3,98803.47,8099.622499999998,0,3,3,2,6,6,1.17,20,766.77,37.18807321175864,120.17368971419693,718.73371055683,251.0548497289731,2024-12-01,2025-10-06 10:53:00.784,31,3,0,0,0,0,1,0,0,0,1,0,1,0,0,0,0,0,1,0,0,0,0,1,0,0
CUS_0x1234,64996.98,5215.415,3,5,12,2,26,12,19.69,60,340.81,42.01869962525193,97.54060256064837,586.023630407846,577.8538450608727,2024-12-01,2025-10-06 10:53:00.784,32,5,0,1,0,0,1,0,0,0,0,1,0,0,0,0,1,0,0,0,0,1,0,0,0,0
CUS_0x18bc,72617.54999999999,5996.462499999999,26,4,5,0,22,15,0.0,70,1475.91,28.91926157534652,89.40561295123986,389.7809702665799,400.4596667821802,2024-12-01,2025-10-06 10:53:00.784,28,2,0,0,0,1,0,0,0,0,1,0,1,0,0,1,0,0,0,0,0,0,0,1,0,0
CUS_0x3119,37346.16,3028.1800000000007,0,5,7,1,12,7,11.2,10,1276.04,38.66572901381139,15366.0,146.0115379497953,398.62790385094735,2024-12-01,2025-10-06 10:53:00.784,18,4,0,0,1,0,0,0,0,0,0,0,1,0,0,0,0,0,1,1,0,0,0,0,0,0
CUS_0x4722,18040.67,1270.3891666666666,5,5,27,5,10,18,7.44,60,1874.52,26.57751943094989,53.73438354250983,82.15387657672646,281.1506565474304,2024-12-01,2025-10-06 10:53:00.784,12,3,0,0,1,0,0,1,0,0,0,1,0,0,0,0,1,0,0,0,0,0,1,0,0,0
CUS_0x66c8,139631.08,11557.923333333332,3,4,12,0,10,0,9.67,70,202.29,45.783989101553246,0.0,234.6786378492029,1181.1136954841306,2024-12-01,2025-10-06 10:53:00.784,21,0,0,0,0,0,0,0,0,0,0,0,1,0,0,1,0,0,0,1,0,0,0,0,0,0
CUS_0xbe0a,173721.16,14635.763333333334,5,5,3,1,14,0,11.75,50,905.23,43.28912086129165,124.86763481303726,188.28234776578316,1400.426350754513,2024-12-01,2025-10-06 10:53:00.784,22,2,0,0,0,0,0,1,0,0,0,0,1,0,0,0,0,0,1,0,1,0,0,0,0,0
CUS_0x1437,127921.84,10899.153333333334,7,6,18,3,8,20,13.37,9460,1043.09,38.44770193290576,226.7458196025704,535.5454972866727,597.6240164440902,2024-12-01,2025-10-06 10:53:00.784,29,11,0,0,1,1,0,0,0,0,1,1,0,0,0,0,1,0,0,0,0,0,0,0,1,0
CUS_0x24e7,29346.17,2368.5141666666664,3,3,1,1,13,1,0.0,30,718.62,31.788119519661464,18.99723825988557,24.702546874543987,433.1516315322371,2024-12-01,2025-10-06 10:53:00.784,32,0,0,0,0,0,0,0,0,1,0,0,0,0,0,1,0,0,0,0,0,1,0,0,0,0
CUS_0xaa39,22530.69,1755.5575,5,6,5,0,22,13,11.56,70,845.93,24.464236013195205,0.0,40.39601699647418,375.1597330035258,2024-12-01,2025-10-06 10:53:00.784,20,11,0,0,0,0,0,0,0,0,0,1,0,0,0,0,1,0,0,0,0,1,0,0,0,0
CUS_0xb4b3,68399.64,5899.97,6,5,23,5,60,18,22.68,140,2781.7,26.94663564793803,241.10770096124105,167.27612871797663,431.6131703207824,2024-12-01,2025-10-06 10:53:00.784,4,5,0,1,0,0,0,0,1,1,1,1,0,0,0,0,0,1,0,0,1,0,0,0,0,0
CUS_0x66e3,10279.675,754.6395833333332,3,4,20,4,17,19,16.68,60,2099.89,34.380982818220204,19.728325885107758,52.347859844186004,283.38777260403964,2024-12-01,2025-10-06 10:53:00.784,9,1,1,0,1,1,0,0,1,0,0,1,0,0,0,0,1,0,0,0,0,0,0,1,0,0
CUS_0x775d,32146.13,2698.8441666666668,0,7,12,0,11,9,3.58,60,65.89,29.712637969882284,24.73686007413482,93.3596596830706,431.78789690946127,2024-12-01,2025-10-06 10:53:00.784,29,3,0,0,0,1,0,0,0,0,0,0,1,0,0,1,0,0,0,0,0,0,0,1,0,0
CUS_0xabf0,62428.53,5330.3775,10,8,17,6,41,27,21.38,90,3999.56,24.9192145544842,245.6112589157045,203.20141043780683,334.2250806464886,2024-12-01,2025-10-06 10:53:00.784,0,10,0,1,1,1,0,0,1,0,1,1,0,0,0,0,0,1,0,0,1,0,0,0,0,0
CUS_0xb457,14363.23,1156.9358333333332,9,6,32,5,37,16,23.95,120,2802.45,24.67654381658723,53.600350818955576,51.6035241283873,290.48970838599047,2024-12-01,2025-10-06 10:53:00.784,1,9,0,0,0,0,0,1,1,1,1,1,0,0,0,0,0,1,0,0,0,0,0,1,0,0
CUS_0x48c6,44895.61,3697.300833333333,1,6,6,4,21,2560,7.37,10,728.29,24.98314706596677,83.71856411207224,247.73123724253392,318.2802819787272,2024-12-01,2025-10-06 10:53:00.784,24,6,1,0,1,0,0,1,0,0,1,0,1,0,0,1,0,0,0,0,0,0,0,1,0,0
CUS_0x7438,119094.64,9803.553333333331,3,6,15,3,24,15,0.0,80,1258.59,35.48837076785739,259.64985684896334,98.11552677902368,862.5899497053465,2024-12-01,2025-10-06 10:53:00.784,24,8,0,0,0,1,1,0,0,0,0,0,0,0,0,0,0,0,1,0,0,1,0,0,0,0
CUS_0x7bf9,18309.76,1370.8133333333333,8,5,11,6,22,16,14.26,130,2193.28,31.967172621213003,48.339817901260936,29.142661271290546,299.5988541607818,2024-12-01,2025-10-06 10:53:00.784,14,9,0,0,1,1,1,1,0,1,1,1,0,0,0,0,1,0,0,0,0,1,0,0,0,0
CUS_0x9fff,25020.07,1928.005833333333,4,3,10,1,23,10,3.1,50,94.75,36.79139951528244,17.06628101073421,63.81834689773877,361.9159554248604,2024-12-01,2025-10-06 10:53:00.784,22,5,0,0,0,0,0,0,1,0,0,0,0,0,0,0,0,0,1,0,1,0,0,0,0,0
CUS_0x21af,87027.66,7494.305,1,6,5,3,30,8,5.960000000000001,20,884.63,40.26243233397485,139.9342826155717,308.838029494847,580.6581878895812,2024-12-01,2025-10-06 10:53:00.784,17,9,0,0,0,1,0,0,1,1,0,0,1,0,0,1,0,0,0,0,0,0,0,1,0,0
CUS_0x5a61,34767.12,2700.553359311817,3,6,14,6,16,16,8.79,80,2084.72,36.42623523284313,183.1940279356796,173.24000777065862,243.99860498184484,2024-12-01,2025-10-06 10:53:00.784,19,2,0,0,0,0,1,0,0,1,1,1,0,0,0,0,1,0,0,0,0,0,1,0,0,0
CUS_0x8e9c,32500.35,2728.017744648057,2,6,6,1,8,6,7.0,780,1203.72,28.09359214326412,140.47364627380568,385.4633588368787,174.74400024125828,2024-12-01,2025-10-06 10:53:00.784,24,5,0,0,0,0,0,0,1,0,0,0,1,0,0,1,0,0,0,0,0,0,1,0,0,0
CUS_0xae89,56141.26,4137.240857317524,8,4,11,1,12,16,19.38,100,932.69,37.7727456659176,501.7442123046832,130.28665630799978,557.7104407364596,2024-12-01,2025-10-06 10:53:00.784,20,8,0,1,0,0,0,0,0,0,0,0,0,0,0,0,1,0,0,0,1,0,0,0,0,0
CUS_0xc2da,18038.0,1534.166666666667,5,1,10,0,0,6,5.4,40,486.12,28.173168547084963,0.0,65.26086334633881,368.1558033203279,2024-12-01,2025-10-06 10:53:00.784,17,0,0,0,0,0,0,0,0,0,0,0,1,0,0,1,0,0,0,0,0,0,0,1,0,0
CUS_0xd4d,23163.38,1995.281666666667,4,3,8,5,17,14,9.38,80,506.3,32.433021726475395,68.55642939971186,98.49000007472894,322.4817371922258,2024-12-01,2025-10-06 10:53:00.784,16,3,0,1,1,0,1,0,0,1,1,1,0,0,0,0,1,0,0,0,0,0,1,0,0,0
CUS_0x2d09,36243.05,3235.254166666667,4,5,14,3,20,13,8.2,50,1009.33,31.133931980974864,73.89110879347028,156.51298074920686,353.12132712398966,2024-12-01,2025-10-06 10:53:00.784,18,10,0,0,0,0,1,0,1,0,0,1,0,0,0,0,0,0,1,1,0,0,0,0,0,0
CUS_0xb363,32470.08,2733.84,6,6,19,2,13,14,17.11,110,1456.87,37.92644490255636,51.98769344528149,10000.0,152.1044129460098,2024-12-01,2025-10-06 10:53:00.784,17,6,1,0,0,0,0,1,0,0,0,1,0,0,0,0,1,0,0,0,0,0,1,0,0,0
CUS_0x3dd8,32928.14,2948.0116666666668,0,2,5,0,10,0,8.63,50,929.04,33.89946926356562,0.0,149.1397544099442,425.6614122567225,2024-12-01,2025-10-06 10:53:00.784,30,2,0,0,0,0,0,0,0,0,0,0,1,0,0,0,0,0,1,0,0,0,0,1,0,0
CUS_0x4ba1,70705.88,6034.156666666668,6,9,955,6,21,1989,13.81,80,2207.69,28.07487087007138,321.0964318738197,95.46684532632419,426.85238946652265,2024-12-01,2025-10-06 10:53:00.784,13,9,0,0,1,1,0,0,1,1,0,1,0,0,0,0,1,0,0,0,0,1,0,0,0,0
CUS_0x5bc7,10485.62,633.8016666666667,8,6,32,3,15,17,12.22,100,2522.06,37.18883298678102,21.09269988964236,15.591730405769573,276.69573637125467,2024-12-01,2025-10-06 10:53:00.784,10,4,0,0,0,1,0,0,0,1,1,1,0,0,0,0,0,1,0,0,1,0,0,0,0,0
CUS_0x950,102261.27,8731.7725,3,5,13,1,12,8,6.77,20,1164.89,29.91053297105964,79.77979643791113,222.14766191165515,643.8137503944369,2024-12-01,2025-10-06 10:53:00.784,20,10,0,0,0,0,0,0,0,0,1,0,1,0,0,0,0,0,1,1,0,0,0,0,0,0
CUS_0xbdc2,172891.36,14156.613333333333,3,7,1,3,0,1,5.93,60,922.15,38.399156370991065,272.81222584868823,166.3900945940764,1216.4590128905686,2024-12-01,2025-10-06 10:53:00.784,27,5,1,0,1,0,0,0,0,0,0,0,1,0,0,0,0,0,1,0,0,0,0,0,0,1
CUS_0x8109,179068.04,14978.336666666668,5,6,6,4,30,11,11.86,20,484.16,37.12567507868389,501.2124041604145,364.47495864118736,872.146303865065,2024-12-01,2025-10-06 10:53:00.784,17,9,1,1,1,1,0,0,0,0,0,0,1,0,0,1,0,0,0,0,0,1,0,0,0,0
CUS_0xa969,18102.96,1267.063842996978,5,5,18,5,6,8,11.79,100,99.73,35.350347657509346,116.32708885865064,135.64763545889784,236.79943268547345,2024-12-01,2025-10-06 10:53:00.784,10,2,0,1,0,0,1,0,0,0,1,1,0,0,0,0,1,0,0,0,0,0,1,0,0,0
CUS_0x2cb5,72817.02,5800.085,805,7,5,1,27,9,11.35,50,992.2,40.68064793266657,53.57619796162368,105.95397083064678,660.4783312077295,2024-12-01,2025-10-06 10:53:00.784,22,4,0,0,0,0,0,0,1,0,0,0,1,0,0,0,0,0,1,0,0,0,0,0,0,1
CUS_0x4ad7,93305.76,7837.48,3,6,15,1,14,20,4.55,30,1275.86,36.478111710860254,39.38564366905048,96.81027024157522,897.5520860893743,2024-12-01,2025-10-06 10:53:00.784,30,2,0,0,0,0,0,1,0,0,0,1,0,0,0,0,1,0,0,0,1,0,0,0,0,0
CUS_0x1833,11527.73,839.6441666666666,3,7,14,1,12,12,1.39,30,532.86,23.33033014028687,5.913472082013276,43.23742383911657,304.8135207455368,2024-12-01,2025-10-06 10:53:00.784,23,11,0,1,0,0,0,0,0,0,0,0,0,0,0,0,1,0,0,0,0,0,0,0,1,0
CUS_0x63f7,16168.52,1513.3766666666668,5,7,17,1,13,11,8.65,30,92.04,33.04849006395699,7.188037221560094,168.5691179252294,265.5805115198772,2024-12-01,2025-10-06 10:53:00.784,18,10,0,0,0,0,0,0,0,1,0,0,0,0,0,0,0,0,1,0,0,0,1,0,0,0
CUS_0x69ea,77519.04,6184.919999999999,6,6,23,7,31,14,16.57,60,3343.32,37.65279832063058,360.6812788524779,500.8134477019729,36.997273445549176,2024-12-01,2025-10-06 10:53:00.784,9,0,1,0,1,1,1,1,0,0,1,1,0,0,0,0,0,1,0,0,0,0,0,1,0,0
CUS_0xbfe8,15007.61,1135.6341666666667,6,6,27,4,28,18,22.28,130,2530.81,28.444682699704597,49.65825698288429,108.0190853643968,245.8860743193856,2024-12-01,2025-10-06 10:53:00.784,16,4,1,1,1,0,0,0,1,0,0,1,0,0,0,0,1,0,0,0,0,0,0,0,0,1
CUS_0x7341,16633.78,1613.148333333333,5,3,10,3,9,3,7.199999999999998,40,110.89,29.360670835911023,40.15058774350474,90.90420795084879,300.2600376389798,2024-12-01,2025-10-06 10:53:00.784,21,8,0,1,0,0,0,0,0,0,1,0,1,0,0,1,0,0,0,0,0,0,0,0,1,0
CUS_0x7a53,8489.19,908.4325,6,10,20,6,23,19,25.25,130,3358.6,26.413435138425218,26.42685604233018,83.73638455612506,260.6800094015448,2024-12-01,2025-10-06 10:53:00.784,11,9,0,0,1,1,0,1,0,1,0,1,0,0,0,0,0,0,1,0,0,0,0,1,0,0
CUS_0x8b4f,117116.32,8748.792401915676,1,2,12,3,0,9,4.63,50,987.98,27.212757461633743,1299.8169379505991,771.1161529401595,254.13717386023384,2024-12-01,2025-10-06 10:53:00.784,20,2,1,0,0,0,0,1,0,0,0,0,0,0,0,1,0,0,0,0,0,0,0,0,1,0
CUS_0x49a4,14739.96,1159.33,6,5,16,4,8,18,14.38,90,1298.28,32.50436070617814,47.73187713318789,24.424494960698294,303.7766279061138,2024-12-01,2025-10-06 10:53:00.784,13,6,1,1,0,0,0,0,0,1,0,1,0,0,0,0,1,0,0,1,0,0,0,0,0,0
CUS_0x5ee0,65319.32,5616.276666666668,4,6,9,2,9,16,10.09,110,1081.77,40.3842500958599,65.1735235467646,175.86869152639062,580.5854515935114,2024-12-01,2025-10-06 10:53:00.784,14,3,0,0,0,0,0,0,1,0,1,1,0,0,0,0,0,0,1,1,0,0,0,0,0,0
CUS_0x8608,169339.88,13931.656666666668,1,6,9,3,8,6,0.0,20,1163.93,40.94693285077357,343.1893536716368,576.1846134141559,723.791699580874,2024-12-01,2025-10-06 10:53:00.784,26,0,0,0,0,0,1,1,0,1,0,0,1,0,0,0,0,0,1,0,1,0,0,0,0,0
CUS_0x902e,69851.4,5581.95,9,8,23,3,21,11,7.68,110,1713.36,38.8387342344689,140.725299643043,129.12344723859556,538.3462531183615,2024-12-01,2025-10-06 10:53:00.784,17,5,1,0,0,0,0,1,0,0,1,0,0,0,0,0,1,0,0,0,0,0,0,0,0,1
CUS_0xbae3,13268.945,1225.7454166666666,5,3,17,1,13,13,5.88,40,544.02,38.717961586770656,9.576857833565448,118.63986457274751,284.3578192603537,2024-12-01,2025-10-06 10:53:00.784,29,10,1,0,0,0,0,0,0,0,0,1,0,0,0,0,1,0,0,0,0,0,1,0,0,0
CUS_0xc530,31751.78,2712.9816666666666,7,3,11,1070,28,1884,0.61,40,581.67,25.78943411555507,0.0,124.46452025111958,406.83364641554704,2024-12-01,2025-10-06 10:53:00.784,25,6,0,0,0,0,0,0,0,0,0,0,0,0,0,0,1,0,0,1,0,0,0,0,0,0
CUS_0x347d,30305.19,2292.4325,8,4,16,0,23,11,12.17,70,258.04,32.6109339479937,119.33564355425489,62.464898642428906,297.4427078033162,2024-12-01,2025-10-06 10:53:00.784,14,0,0,1,0,1,0,1,0,0,0,1,0,0,0,0,1,0,0,0,1,0,0,0,0,0
CUS_0x6088,18668.09,1735.674166666667,7,6,29,5,17,15,17.07,80,2347.06,35.725516210341894,72.9893887500134,38.08892511678736,322.48910279986586,2024-12-01,2025-10-06 10:53:00.784,6,9,1,0,0,0,0,1,1,1,0,1,0,0,0,0,1,0,0,1,0,0,0,0,0,0
CUS_0x86b,69692.16,6034.68,9,5,32,7,15,21,14.66,90,2128.87,25.415546810731048,395.8793931426952,222.19755823190116,255.39104862540364,2024-12-01,2025-10-06 10:53:00.784,13,4,1,1,0,1,0,0,0,0,1,1,0,0,0,0,0,1,0,0,0,0,0,0,1,0
CUS_0x9fdc,34388.0,2711.6666666666665,0,5,5,0,7,5,9.53,50,874.17,26.55680340623417,0.0,267.82475471601134,293.34191195065534,2024-12-01,2025-10-06 10:53:00.784,22,3,0,0,0,0,0,0,0,0,0,0,1,0,0,1,0,0,0,0,0,0,1,0,0,0
CUS_0xba21,45491.7,3753.44458686965,3,7,1459,3,20,20,15.3,70,634.36,26.99792786813201,381.9317546016069,10000.0,301.68357264909923,2024-12-01,2025-10-06 10:53:00.784,27,2,0,0,0,1,0,0,0,0,1,1,0,0,0,0,1,0,0,0,0,0,1,0,0,0
CUS_0xb9fd,9389456.0,11228.895,3,5,11,1,15,0,1.17,40,309.13,42.52634635782838,77.63386826733726,398.35039352043185,926.905238212231,2024-12-01,2025-10-06 10:53:00.784,29,0,0,0,0,0,0,0,1,0,0,0,1,0,0,1,0,0,0,0,0,0,0,1,0,0
CUS_0xc10,127464.8,10572.066666666668,7,4,14,1,26,17,10.98,20,917.37,36.70877142880765,85.26475732495409,483.69961784404495,778.2422914976677,2024-12-01,2025-10-06 10:53:00.784,18,10,0,0,0,0,0,0,1,0,0,1,0,0,0,0,0,0,1,0,0,0,1,0,0,0
CUS_0x1197,92300.01,7437.6675,2,4,11,3,27,9,18.96,20,755.17,26.98978682085289,49236.0,220.8621525417414,581.1567885447394,2024-12-01,2025-10-06 10:53:00.784,18,11,0,0,1,0,1,0,0,0,0,1,0,0,0,0,0,0,1,0,0,0,0,0,1,0
CUS_0x3640,15432.2,1201.0166666666669,2,6,7,4,12,3,3.27,30,1478.53,32.234683154915835,30.02712483094223,80.85302996278564,289.2215118729388,2024-12-01,2025-10-06 10:53:00.784,16,4,1,0,1,0,0,0,0,0,1,0,1,0,0,0,0,0,1,0,0,0,0,1,0,0
CUS_0x6e2a,53320.08,4387.34,8,7,2,2,21,13,3.54,30,592.65,31.477082198923554,45.789962485987,74.44891624352256,558.4951212704905,2024-12-01,2025-10-06 10:53:00.784,20,2,0,0,0,0,1,1,0,0,0,0,1,0,0,1,0,0,0,0,0,1,0,0,0,0
CUS_0x8977,58051.53,4819.6275,10,7,32,8,28,19,2.48,120,2156.34,34.039027337565734,312.64465725840887,168.52733588616874,250.79075685542242,2024-12-01,2025-10-06 10:53:00.784,16,2,0,1,0,0,1,1,0,1,0,1,0,0,0,0,0,1,0,0,1,0,0,0,0,0
CUS_0x2ecc,73020.54,6183.044999999999,2,5,6,3,30,3,2.98,20,1363.68,36.98494378353055,172.89418613885428,250.86810136355362,454.54221249759206,2024-12-01,2025-10-06 10:53:00.784,27,5,0,1,0,1,1,0,0,0,0,0,1,0,0,1,0,0,0,1,0,0,0,0,0,0
CUS_0x4ce8,18138.0,1464.5,9,6,28,5,36,20,15.1,100,3919.09,38.00225989320109,45.99505329106543,90.49889824913807,289.9560484597965,2024-12-01,2025-10-06 10:53:00.784,3,10,0,1,1,0,0,1,0,1,0,1,0,0,0,0,0,1,0,0,0,0,0,1,0,0
CUS_0x652c,59703.46,4739.288333333333,3,3,9,4,6,8,9.36,40,621.5,31.38292197533589,49752.0,191.6900320680187,420.27147836376116,2024-12-01,2025-10-06 10:53:00.784,24,6,1,0,1,1,0,0,0,0,0,0,1,0,0,1,0,0,0,1,0,0,0,0,0,0
CUS_0xf55,78443.48,6358.956666666666,7,5,23,4,39,19,6.37,60,1527.77,24.704428552805982,177.38756256402195,528.7469053018515,209.76119880079318,2024-12-01,2025-10-06 10:53:00.784,15,10,1,0,0,1,0,1,1,0,0,0,0,0,0,0,0,1,0,0,0,0,0,1,0,0
CUS_0x3761,73338.12,6373.509999999998,3,4,12,7,1,8,11.92,50,2449.13,33.59735970888224,395.33480814444215,86.49377154222039,395.5224203133375,2024-12-01,2025-10-06 10:53:00.784,18,2,0,1,1,1,1,1,0,0,0,1,0,0,0,0,1,0,0,0,0,1,0,0,0,0
CUS_0x4c9b,27947.42,2488.9516666666664,7,5,15,2,27,18,11.04,50,1472.05,28.937908476599407,31.33536159917632,57.56156678181424,409.9982382856761,2024-12-01,2025-10-06 10:53:00.784,32,8,0,1,0,0,1,0,0,0,0,1,0,0,0,0,1,0,0,0,1,0,0,0,0,0
CUS_0x7765,15777.945,1304.82875,0,4,12,1,12,12,6.89,40,1026.46,39.76059765610482,6.637556691814388,43.41218615352725,340.4331321546584,2024-12-01,2025-10-06 10:53:00.784,32,0,0,0,0,0,0,0,0,0,1,0,0,0,0,1,0,0,0,1,0,0,0,0,0,0
CUS_0x1852,35846.52,3014.21,4,3,19,3,23,19,17.92,80,332.22,26.207185656333195,84.34603363743744,86.73583604680769,390.33913031575486,2024-12-01,2025-10-06 10:53:00.784,20,3,1,0,0,0,1,1,0,0,0,1,0,0,0,0,1,0,0,1,0,0,0,0,0,0
CUS_0x4c44,20917.51,1547.125833333333,6,5,22,9,22,13,3.92,70,1743.25,32.5903987706839,151.4146987878959,209.0307405329496,84.26714401248782,2024-12-01,2025-10-06 10:53:00.784,18,11,0,1,1,0,1,1,1,0,0,1,0,0,0,0,0,0,1,0,0,0,1,0,0,0
CUS_0xb884,28475.19,2090.9325,5,4,990,4,10,18,11.96,60,147.14,28.740462676672887,67.08218313758837,47.492307427309896,354.5187594351018,2024-12-01,2025-10-06 10:53:00.784,12,3,0,0,1,0,0,0,1,0,1,1,0,0,0,0,1,0,0,1,0,0,0,0,0,0
CUS_0xa7db,94256.48,7558.706666666666,6,4,8,3,15,20,10.43,70,191.78,33.01724590188634,148.75492494587874,155.00830359076946,692.1074381300183,2024-12-01,2025-10-06 10:53:00.784,6,3,0,1,0,0,1,0,0,0,1,1,0,0,0,0,0,0,1,0,0,1,0,0,0,0
CUS_0x39a6,49441.62,4419.135,9,10,15,5,52,18,23.1,120,3119.6,32.01045233284458,176.48402845591357,125.22811891419586,400.2013526298906,2024-12-01,2025-10-06 10:53:00.784,1,0,1,0,0,1,1,1,0,0,0,1,0,0,0,0,0,1,0,0,0,0,0,0,0,1
CUS_0xadc4,31506.9,2448.5750000000007,6,10,34,7,51,16,16.75,80,1612.7,33.17509372863909,115.72383994306948,57.4697594808451,311.66390057608544,2024-12-01,2025-10-06 10:53:00.784,13,3,0,1,1,1,1,0,0,0,0,1,0,0,0,0,1,0,0,0,0,1,0,0,0,0
CUS_0x441e,67422.8,5435.566666666667,4,7,12,0,0,13,16.16,10,1082.56,27.467537515610555,85.7478360236963,406.5115418285946,321.2972888143758,2024-12-01,2025-10-06 10:53:00.784,29,9,0,0,0,0,0,1,0,0,1,1,0,0,0,0,0,0,1,0,0,0,0,0,0,1
CUS_0x4e66,85471.89,7179.6575,4,5,3,0,11,10,4.4,40,232.67,39.13566091983,0.0,147.23003845126576,830.7357115487342,2024-12-01,2025-10-06 10:53:00.784,23,3,0,0,0,0,0,0,0,0,0,0,1,0,0,0,0,0,1,1,0,0,0,0,0,0
CUS_0x6da9,85426.68,7024.889999999999,3,6,5,0,11,9,1.91,30,1187.02,27.73530618549209,0.0,856.9792955447119,135.50970445528807,2024-12-01,2025-10-06 10:53:00.784,30,6,0,0,0,0,0,0,0,0,0,0,0,0,0,0,0,0,1,0,0,0,1,0,0,0
CUS_0x22ee,59885.28,5057.44,8,3,21,4,25,13,3.5700000000000003,70,2100.23,33.414827945154826,118.42020655109768,103.76407534963543,523.5597180992668,2024-12-01,2025-10-06 10:53:00.784,18,3,0,0,1,0,0,0,1,1,0,1,0,0,0,0,0,0,1,0,0,1,0,0,0,0
CUS_0xb047,38698.64,3335.8866666666668,7,6,16,7,35,17,3.18,100,1371.12,34.10633428706809,128.80675993220956,48.18086683056535,406.60103990389183,2024-12-01,2025-10-06 10:53:00.784,9,11,1,0,0,1,1,0,1,0,1,1,0,0,0,0,0,1,0,0,1,0,0,0,0,0
CUS_0xbb1f,67271.24,5325.9366666666665,6,6,28,7,16,22,2.62,100,1559.06,38.4242116435531,272.4460254624677,104.6353653186615,405.51227588553763,2024-12-01,2025-10-06 10:53:00.784,12,4,1,0,0,0,1,0,0,0,1,1,0,0,0,0,0,0,1,0,1,0,0,0,0,0
CUS_0x3b9d,73226.6,6192.216666666667,10,5,22,6,65,18,12.62,80,2492.68,34.5752486054619,270.75720848112286,342.2594461497771,286.20501203576686,2024-12-01,2025-10-06 10:53:00.784,14,8,0,1,0,0,0,1,1,1,1,1,0,0,0,0,0,0,1,0,0,0,0,1,0,0
CUS_0x9093,38158.8,2846.477896361128,6,8,30,8,61,16,29.34,120,2678.85,34.428457242315375,394.86172370315546,70.33758499124734,230.5127949444692,2024-12-01,2025-10-06 10:53:00.784,6,8,0,1,0,0,1,1,1,1,0,1,0,0,0,0,0,1,0,0,1,0,0,0,0,0
CUS_0x54b3,53146.47,4665.8725,9,8,18,6,41,22,4.92,150,2202.35,29.90893853953616,243.8100460797545,475.2236276218627,37.55357629838284,2024-12-01,2025-10-06 10:53:00.784,14,8,1,0,1,0,0,1,0,0,1,1,0,0,0,0,0,1,0,0,0,0,1,0,0,0
CUS_0x92e5,63402.48,5574.54,5,7,2,2,11,9,1.86,0,707.85,28.822235307341757,55.21913468849078,218.0315208214981,544.2033444900112,2024-12-01,2025-10-06 10:53:00.784,16,5,1,1,0,0,0,0,0,0,0,0,1,0,0,0,0,0,1,1,0,0,0,0,0,0
CUS_0xb7d8,134569.34999999998,10979.112499999996,0,4,8,2,13,7,7.39,90,384.01,26.73027965432967,61771.0,107.33412860473814,1030.6948688490666,2024-12-01,2025-10-06 10:53:00.784,18,5,0,0,0,1,0,0,0,0,1,0,0,0,0,1,0,0,0,0,0,1,0,0,0,0
CUS_0x4831,34766.06,3133.171666666666,0,1,11,0,4,7,5.71,0,1374.23,22.85036837975912,78.09310673608609,10000.0,324.163795801386,2024-12-01,2025-10-06 10:53:00.784,16,4,0,1,0,0,0,0,1,0,0,0,1,0,0,1,0,0,0,0,0,0,1,0,0,0
CUS_0x574d,30410.33,2550.1941666666667,8,3,5,2,28,20,14.5,110,808.55,28.70711625165168,46.08981911929367,18.209465874049137,384.5907297306657,2024-12-01,2025-10-06 10:53:00.784,11,10,0,0,0,0,1,0,0,0,0,1,0,0,0,0,1,0,0,0,0,0,0,0,0,1
CUS_0x9cf7,134282.84,11126.236666666666,8,7,19,2,20,12,11.58,30,551.46,35.63623065562723,131.58405538455835,919.6207170347524,978.0578738770853,2024-12-01,2025-10-06 10:53:00.784,23,4,1,0,0,0,1,0,0,0,0,0,1,0,0,0,1,0,0,0,0,1,0,0,0,0
CUS_0xaa6e,18412.85,1634.4041666666665,6,6,23,9,56,26,23.03,110,3825.77,23.32693290108985,128.1553484739272,186.21913848355652,139.065929709183,2024-12-01,2025-10-06 10:53:00.784,12,0,0,0,1,1,0,1,1,0,1,1,0,0,0,0,0,1,0,0,0,0,1,0,0,0
CUS_0x18fd,19711.14,1490.595,1,4,11,1,5,9,2.77,70,334.63,23.911742158966558,14.424565757578272,162.42855718359874,262.20637705882297,2024-12-01,2025-10-06 10:53:00.784,21,3,0,0,0,0,0,0,0,0,1,0,1,0,0,1,0,0,0,0,0,0,1,0,0,0
CUS_0x8264,46407.58,3832.2983333333336,5,4,17,2,11,18,14.6,90,952.39,29.784952188934945,75.30936407917284,343.03114941145014,254.88931984271042,2024-12-01,2025-10-06 10:53:00.784,20,4,1,0,0,0,0,0,1,0,0,1,0,0,0,0,0,0,1,0,0,0,0,0,0,1
CUS_0x922e,10322.13,1056.233011755885,5,4,10,0,19,8,18.48,70,2223.56,33.55655556545463,67987.0,10000.0,315.8577352444727,2024-12-01,2025-10-06 10:53:00.784,6,6,0,0,0,0,1,0,0,1,0,1,0,0,0,0,1,0,0,0,0,0,0,0,0,1
CUS_0x2e2e,22387.75,1938.645833333333,7,7,15,1,31,11,9.4,40,133.02,33.858657038357855,14.442148707643025,171.401029166597,278.02140545909333,2024-12-01,2025-10-06 10:53:00.784,28,3,0,0,0,0,0,0,0,1,0,0,1,0,0,0,1,0,0,0,0,0,0,0,1,0
CUS_0x4d0f,14602.16,1222.8466666666666,10,8,33,7,50,21,18.02,80,4205.7,24.6690873819189,80.65111898262793,96.56917643944195,225.06437124459683,2024-12-01,2025-10-06 10:53:00.784,3,8,0,1,1,0,1,1,0,1,1,1,0,0,0,0,0,0,1,0,0,0,0,1,0,0
CUS_0xb11c,15319.65,1460.6375,6,7,15,4,54,16,17.13,60,1453.61,34.55750953449938,28.182033386452645,191.87777851803025,216.00393809551707,2024-12-01,2025-10-06 10:53:00.784,11,4,0,1,0,0,0,0,1,0,0,1,0,0,0,0,0,1,0,0,0,0,1,0,0,0
CUS_0x3615,122425.8,10001.15,4,4,6,2,29,20,16.189999999999998,20,1252.3,32.94760154759635,148.18817898295953,808.5001353400571,313.42668567698337,2024-12-01,2025-10-06 10:53:00.784,23,11,0,1,0,0,0,1,0,0,0,1,0,0,0,0,1,0,0,0,0,0,0,0,1,0
CUS_0x3ff5,87636.03,6291.992443316578,4,1,4,2,3,2,3.38,30,202.96,40.000275024421406,1054.845873521209,60.72935307420884,823.9350800880046,2024-12-01,2025-10-06 10:53:00.784,30,5,0,0,0,0,0,0,0,1,1,0,1,0,0,1,0,0,0,0,0,1,0,0,0,0
CUS_0x372c,42903.79,3468.3158333333336,0,4,6,1,9,0,5.1,10,1079.48,35.716618300707005,34.975456694041306,115.18498444443384,446.6711421948582,2024-12-01,2025-10-06 10:53:00.784,28,8,0,0,0,0,1,0,0,0,0,0,1,0,0,1,0,0,0,0,1,0,0,0,0,0
CUS_0x6410,59390.4,4948.2,9,5,29,5,23,23,7.039999999999999,140,4363.44,37.64835415200759,204.80544004507567,124.96413442966444,405.05042552525987,2024-12-01,2025-10-06 10:53:00.784,9,11,0,0,0,0,1,0,1,0,1,1,0,0,0,0,0,0,1,0,0,1,0,0,0,0
CUS_0x7167,9067.12,637.5933333333334,10,5,30,6,20,22,20.79,160,2563.0,39.04745423928034,39.71022376605856,10000.0,237.21789171728668,2024-12-01,2025-10-06 10:53:00.784,3,3,1,0,1,1,0,1,0,0,0,1,0,0,0,0,0,0,1,0,0,0,1,0,0,0
CUS_0xb328,16128.395,1264.0329166666668,7,3,10,3,27,14,12.54,110,1212.99,26.096577095060034,5972.0,50.341461618421505,329.71777838683767,2024-12-01,2025-10-06 10:53:00.784,17,3,0,1,1,0,1,0,0,0,0,1,0,0,0,0,1,0,0,0,0,0,1,0,0,0
CUS_0x43c0,70064.92,5938.743333333333,7,10,16,8,60,19,26.61,70,3863.22,29.798763619937898,390.243292189894,234.47800017034993,239.1530409730893,2024-12-01,2025-10-06 10:53:00.784,13,3,0,0,0,1,1,0,1,1,1,1,0,0,0,0,0,1,0,0,0,0,0,0,1,0
CUS_0x11ec,14867.69,1005.9741666666664,9,9,18,6,39,15,18.5,80,2344.06,24.344387515679117,55.45960424165637,100.14574834721886,224.99206407779144,2024-12-01,2025-10-06 10:53:00.784,17,2,0,1,1,1,0,1,0,0,1,1,0,0,0,0,1,0,0,0,0,0,0,1,0,0
CUS_0x579e,19723.82,1398.6516666666666,10,82,23,3,50,16,2.45,100,2683.21,32.59360270740553,48.84009701836088,169.516528546323,211.50854110198281,2024-12-01,2025-10-06 10:53:00.784,12,10,0,1,0,1,0,0,0,0,0,0,0,0,0,0,0,0,1,0,0,0,1,0,0,0
CUS_0x1d63,15993.33,1544.7775,5,5,25,5,7,11,18.41,120,2447.8,39.75414984380613,43.57508044974145,160.38090242367383,240.52176712658473,2024-12-01,2025-10-06 10:53:00.784,20,6,0,1,1,0,0,1,1,0,1,1,0,0,0,0,1,0,0,0,0,0,1,0,0,0
CUS_0x332c,17693.62,1598.468333333333,9,9,33,2,35,17,14.29,130,2476.23,35.03090342852514,20.003248049876948,10000.0,372.9334794475409,2024-12-01,2025-10-06 10:53:00.784,10,10,0,0,0,0,0,1,0,1,0,1,0,0,0,0,1,0,0,0,0,0,1,0,0,0
CUS_0x2076,26281.03,2440.085833333333,8,3,16,3,30,20,10.82,70,267.49,32.321198564020825,46.42616160739375,152.742182816676,304.84023890926363,2024-12-01,2025-10-06 10:53:00.784,16,5,1,1,0,0,1,0,0,0,0,1,0,0,0,0,1,0,0,1,0,0,0,0,0,0
CUS_0x340e,106119.68,9128.306666666664,3,5,18,3,8,14,16.95,50,336.54,33.39604424295805,256.32974338951124,807.5886680824028,128.9122551947527,2024-12-01,2025-10-06 10:53:00.784,15,8,1,1,0,0,0,1,0,0,0,1,0,0,0,0,1,0,0,0,0,0,0,1,0,0
CUS_0x82e5,15116.91,1005.7425,5,2,10,0,7,16,13.84,90,391.93,27.069264448859283,75.32554728942284,22.079240276364786,243.16946243421242,2024-12-01,2025-10-06 10:53:00.784,16,2,1,1,1,0,1,1,1,0,0,1,0,0,0,0,1,0,0,0,0,1,0,0,0,0
CUS_0x8b31,94811.36,7999.946666666668,4,5,10,6,26,20,14.5,90,461.05,40.28768666860557,248.46071707798,461.70813839752486,359.8258111911618,2024-12-01,2025-10-06 10:53:00.784,13,8,1,1,1,1,0,1,0,0,1,1,0,0,0,0,0,0,1,0,0,0,0,0,1,0
CUS_0x26a7,28023.54,2532.295,5,446,12,3,10,7,14.37,80,1151.05,29.211948602904226,41.31955337506004,195.88842001284237,286.0215266120977,2024-12-01,2025-10-06 10:53:00.784,7,10,0,1,0,0,0,0,1,0,1,1,0,0,0,0,1,0,0,0,0,0,0,0,1,0
CUS_0x5aa9,64269.24,5112.77,6,7,6,6,25,16,19.51,80,187.22,30.52374091541343,268.31399622952654,455.44625259873743,77.51675117173602,2024-12-01,2025-10-06 10:53:00.784,14,4,0,0,1,0,1,0,0,1,1,1,0,0,0,0,1,0,0,0,0,0,0,0,0,1
CUS_0x164f,8845.965,846.16375,7,10,26,5,40,25,1.33,60,1422.97,31.324579511070148,33.948743668377794,29.725163517081043,300.9424678145412,2024-12-01,2025-10-06 10:53:00.784,16,8,1,0,1,0,0,0,1,0,0,1,0,0,0,0,0,1,0,0,0,0,0,1,0,0
CUS_0x3172,117724.16,9778.346666666666,1,5,10,2,13,11,10.26,50,560.8,32.26778690984909,156.37487624479274,218.69671350247032,852.7630769194037,2024-12-01,2025-10-06 10:53:00.784,16,4,0,1,0,0,0,0,1,0,0,0,1,0,0,1,0,0,0,0,0,0,0,0,0,1
CUS_0x9244,48818.10000000001,4293.175000000001,8,6,20,6,61,21,1.43,120,2218.45,31.965401486019807,162.34322284444113,177.4752133608186,339.4990637947404,2024-12-01,2025-10-06 10:53:00.784,17,5,1,0,1,0,1,0,0,1,1,1,0,0,0,0,0,1,0,0,1,0,0,0,0,0
CUS_0xbe4d,71738.16,5820.18,7,5,16,8,42,22,29.51,100,4320.49,35.35448869750246,446.3667146389336,285.54753598225614,120.1037493788104,2024-12-01,2025-10-06 10:53:00.784,5,10,0,0,1,1,1,0,1,0,1,1,0,0,0,0,0,0,1,0,0,0,0,0,1,0
CUS_0x2555,33818.2,2879.183333333333,8,591,18,1,23,21,0.0,40,170.13,36.45898835753217,23.68594246225356,97.88706774525507,416.3453231258247,2024-12-01,2025-10-06 10:53:00.784,31,6,0,0,1,0,0,0,0,0,0,0,0,0,0,0,1,0,0,0,1,0,0,0,0,0
CUS_0x6472,32218.68,2813.89,3,5,5124,1,1,9,8.18,60,94.27,28.36821659290727,24.02792788448875,132.74370129482892,384.61737082068237,2024-12-01,2025-10-06 10:53:00.784,17,4,0,0,0,0,1,0,0,0,0,0,1,0,0,1,0,0,0,1,0,0,0,0,0,0
CUS_0x1c3b,79357.14,6703.095,2,3,8,0,3,13,4.08,20,1171.51,37.07777742569337,171.99873553959546,85.44689333041234,662.8638711299922,2024-12-01,2025-10-06 10:53:00.784,18,4,1,0,1,0,0,0,0,1,0,0,1,0,0,1,0,0,0,0,1,0,0,0,0,0
CUS_0x4188,26454.21,2200.5175,7,4,8,65,9,13,16.66,110,32.11,38.19642603043735,86.98732855568144,50.474488723882025,322.58993272043654,2024-12-01,2025-10-06 10:53:00.784,17,5,0,1,1,0,0,1,0,0,1,1,0,0,0,0,1,0,0,0,0,0,0,0,0,1
CUS_0x47ea,63258.9,5061.575,6,6,11,1,23,8,4.78,40,137.98,35.29015895373574,28.64388925972857,149.67007758645505,587.8435331538166,2024-12-01,2025-10-06 10:53:00.784,22,11,0,0,0,0,0,0,0,1,0,0,1,0,0,1,0,0,0,1,0,0,0,0,0,0
CUS_0x7dc5,175572.44,14422.036666666669,5,4,1,3,10,2,6.09,10,388.99,43.30615590048,290.10697332337463,97.86036193763485,1294.2363314056572,2024-12-01,2025-10-06 10:53:00.784,32,10,0,1,0,1,0,1,0,0,0,0,1,0,0,1,0,0,0,0,0,1,0,0,0,0
CUS_0x8026,30420.88,2545.0733333333333,6,7,18,6,35,25,1.99,140,2728.69,23.71901221328125,137.87894547042842,275.19753450787016,131.43085335503469,2024-12-01,2025-10-06 10:53:00.784,9,11,0,1,1,1,0,1,1,1,0,0,0,0,0,0,0,0,1,0,0,0,1,0,0,0
CUS_0x8f74,37116.66,2955.0550000000007,3,7,32,5,21,22,12.54,100,1353.06,29.03165625502151,123.24105146801278,160.3159952929205,271.94845323906674,2024-12-01,2025-10-06 10:53:00.784,6,2,0,1,1,1,1,0,0,1,0,1,0,0,0,0,1,0,0,1,0,0,0,0,0,0
CUS_0x638b,139294.4,11380.866666666669,3,3,9,0,14,3,4.45,30,499.06,44.24702329687077,0.0,261.218503888287,1126.8681627783799,2024-12-01,2025-10-06 10:53:00.784,21,6,0,0,0,0,0,0,0,0,0,0,1,0,0,1,0,0,0,0,1,0,0,0,0,0
CUS_0xc57,38027.68,3214.973333333333,5,6,10,4,10,8,15.04,80,286.94,28.29691124943241,99.32828048079573,105.72684016718428,366.4422126853534,2024-12-01,2025-10-06 10:53:00.784,26,6,0,1,0,0,0,0,1,0,1,0,0,0,0,0,1,0,0,0,0,0,0,0,0,1
CUS_0x2aa8,97009.44,8257.119999999999,1413,7,2,0,11,7,7.53,30,472.88,36.73724434633818,0.0,403.33991644501845,682.3720835549816,2024-12-01,2025-10-06 10:53:00.784,21,9,0,0,0,0,0,0,0,0,0,0,1,0,0,1,0,0,0,1,0,0,0,0,0,0
CUS_0xadbd,35793.97,2799.830833333333,5,6,8,4,5,11,9.92,0,82.15,30.70217049926886,113.83339081388108,41.44274993967725,374.7069425797752,2024-12-01,2025-10-06 10:53:00.784,23,6,0,0,0,1,1,0,0,1,0,0,1,0,0,1,0,0,0,0,1,0,0,0,0,0
CUS_0x2b09,7630.57,910.8808333333332,5,5,20,6,53,16,19.96,130,3215.43,27.858672336196488,28.12958333492708,78.20019039803562,274.75830960037064,2024-12-01,2025-10-06 10:53:00.784,2,8,0,0,1,1,0,0,1,1,1,1,0,0,0,0,0,0,1,0,0,0,1,0,0,0
CUS_0xad46,19148.93,1639.7441666666666,4,7,10,3,11,9,2.14,80,1237.12,35.01046208471977,24.957219732072392,72.63720902862535,346.37998790596896,2024-12-01,2025-10-06 10:53:00.784,23,8,0,1,0,0,0,1,0,1,0,0,1,0,0,0,1,0,0,0,0,0,0,1,0,0
CUS_0x1ffd,14311.105,1277.5920833333332,4,3,4,3,5,12,4.53,30,380.09,28.710602507616343,21.815732505989967,66.75227833239732,329.19119749494604,2024-12-01,2025-10-06 10:53:00.784,21,9,1,0,1,0,0,0,0,0,0,0,0,0,0,0,0,0,1,0,0,0,1,0,0,0
CUS_0x25e0,11073.6,699.8000000000002,3,3,13,4,8,12,8.78,20,1097.02,24.92419651878839,2017.0,10000.0,248.25095075514642,2024-12-01,2025-10-06 10:53:00.784,32,8,0,1,1,1,0,0,1,0,0,0,1,0,0,0,1,0,0,0,0,0,1,0,0,0
CUS_0x349b,1.357143E7,8170.530000000002,5,4,11,2,7,10,14.87,30,559.35,42.623340124526464,150.30728042472842,166.883296685222,739.8624228900496,2024-12-01,2025-10-06 10:53:00.784,25,4,0,0,0,0,0,1,1,0,0,0,1,0,0,1,0,0,0,0,0,1,0,0,0,0
CUS_0x42f,36366.68,2987.556666666667,5,4,13,2,16,18,13.17,40,484.73,24.837754400698145,52.17659090535482,134.45348985390922,423.05284711715103,2024-12-01,2025-10-06 10:53:00.784,32,6,0,0,0,1,0,1,0,0,0,1,0,0,0,0,1,0,0,0,1,0,0,0,0,0
CUS_0x6ec8,32283.52,2840.293333333333,1,7,8,4,7,11,1.17,30,557.8,36.99430135208685,60.40249583230536,179.7373168524775,313.8895206485505,2024-12-01,2025-10-06 10:53:00.784,30,5,1,0,0,0,1,0,0,1,1,0,1,0,0,0,0,0,1,0,0,0,0,0,1,0
CUS_0x38a7,11650.835,1125.902916666667,6,7,3,4,30,12,6.78,60,362.4,30.512681015942626,23.32579105961548,57.383605022339495,291.8808955847116,2024-12-01,2025-10-06 10:53:00.784,23,0,1,1,1,0,0,0,0,0,0,0,1,0,0,1,0,0,0,1,0,0,0,0,0,0
CUS_0x38cc,22713.82,1619.8183333333334,6,6,16,2,28,16,19.49,70,1410.54,38.82793039455672,19.37348721639388,70.72624553737026,351.88210057956917,2024-12-01,2025-10-06 10:53:00.784,17,8,0,0,0,0,1,0,0,1,0,1,0,0,0,0,0,0,1,0,0,0,0,0,0,1
CUS_0x524f,51150.64,4024.553333333333,8,5,17,3,28,19,15.739999999999998,20,1228.48,28.604687653957622,127.24919758383663,10000.0,437.906972833183,2024-12-01,2025-10-06 10:53:00.784,27,11,0,0,0,1,0,0,1,0,0,1,0,0,0,0,1,0,0,0,0,0,0,0,0,1
CUS_0x717a,75408.44,6403.036666666668,0,1,6,3,16,5,3.43,90,1487.63,39.37648486743149,102.56617772787853,77.30354302691119,700.4339459118768,2024-12-01,2025-10-06 10:53:00.784,22,5,0,0,0,0,0,1,1,0,0,0,1,0,0,1,0,0,0,0,0,1,0,0,0,0
CUS_0xb958,133931.61000000002,11369.9675,0,5,7,3,5,4,6.66,30,1122.87,42.70736283620444,290.8817795280972,233.02251035162055,853.0924601202823,2024-12-01,2025-10-06 10:53:00.784,19,6,0,0,1,1,1,0,0,0,0,0,1,0,0,0,0,0,1,0,0,1,0,0,0,0
CUS_0x3fa7,7854.735,698.56125,8,8,20,7,47,22,13.31,150,1516.73,38.31864913759917,28.636501448489728,65.52475804325194,255.69486550825837,2024-12-01,2025-10-06 10:53:00.784,15,0,0,0,1,1,0,1,0,1,1,1,0,0,0,0,0,1,0,0,0,0,0,1,0,0
CUS_0x3fb3,119568.15,9880.0125,0,4,1,3,9,11,8.87,0,451.46,40.91425043257176,249.68111315506025,368.2324389758899,620.0876978690501,2024-12-01,2025-10-06 10:53:00.784,23,3,0,0,0,0,1,1,0,0,0,0,1,0,0,1,0,0,0,0,1,0,0,0,0,0
CUS_0x79a,78858.4,6765.533333333333,4,5,16,2,30,18,14.84,80,1173.81,40.78256891684994,108.94280036682171,159.62656518007802,647.9839677864335,2024-12-01,2025-10-06 10:53:00.784,14,11,0,0,0,0,1,0,0,0,1,1,0,0,0,0,1,0,0,0,0,0,0,0,0,1
CUS_0x8353,17235.115,1693.2595833333337,0,1,1,1,13,10,11.37,50,506.37,33.872009302728664,13.580176677094602,102.00540863026104,343.7403730259777,2024-12-01,2025-10-06 10:53:00.784,26,0,0,0,0,0,0,0,0,1,0,0,1,0,0,1,0,0,0,0,0,0,1,0,0,0
CUS_0xb7b1,90827.68,7847.973333333332,8,4,20,3,24,11,0.9700000000000002,50,1167.05,35.063915915704065,25130.0,157.09567780568457,693.2958909000821,2024-12-01,2025-10-06 10:53:00.784,23,0,0,1,0,0,0,1,0,0,1,1,0,0,0,0,1,0,0,0,0,1,0,0,0,0
CUS_0x1563,147620.68,12059.723333333332,5,7,5,0,8,12,11.9,90,1082.41,29.226027186972605,0.0,462.4109903288031,1003.5613430045304,2024-12-01,2025-10-06 10:53:00.784,23,5,0,0,0,0,0,0,0,0,0,1,0,0,0,0,1,0,0,1,0,0,0,0,0,0
CUS_0x2b17,34447.49,2723.6241666666665,5,6,4,4,26,7,8.71,50,922.3,32.520434948463674,67.2362357555023,83.4965222039136,371.6296587072508,2024-12-01,2025-10-06 10:53:00.784,30,9,0,0,0,0,1,0,0,1,1,0,1,0,0,1,0,0,0,0,1,0,0,0,0,0
CUS_0x5382,47091.42,3962.285,5,5,16,4,11,20,19.67,60,629.67,39.37406185454735,146.47438531859015,131.74065282795738,368.01346185345255,2024-12-01,2025-10-06 10:53:00.784,9,10,1,0,0,0,1,0,1,0,0,1,0,0,0,0,1,0,0,0,1,0,0,0,0,0
CUS_0x6e06,20139.19,1664.2658333333331,10,10,19,6,24,22,18.19,110,2209.17,35.90477933535927,51.16717022456773,75.63907480142673,320.78771338438736,2024-12-01,2025-10-06 10:53:00.784,17,10,1,1,0,0,0,0,1,1,1,1,0,0,0,0,0,1,0,0,0,1,0,0,0,0
CUS_0x1354,78498.72,6568.56,8,5,17,0,17,9,8.82,70,910.99,25.32467874435631,0.0,70.04196387391798,836.8140361260821,2024-12-01,2025-10-06 10:53:00.784,9,11,0,0,0,0,0,0,0,0,0,1,0,0,0,0,1,0,0,0,1,0,0,0,0,0
CUS_0xa166,17448.08,1315.0066666666671,9,5,20,9,43,17,2.5,140,2575.23,40.1022308664839,94.8548681541716,25.437455719577084,251.20834279291802,2024-12-01,2025-10-06 10:53:00.784,15,10,1,1,0,0,1,1,1,1,0,1,0,0,0,0,0,1,0,0,0,1,0,0,0,0
CUS_0xace3,34902.43,3128.535833333333,7,3,6,3,26,7,14.74,60,241.38,27.23077827243689,44.14364379319273,86.84950527594806,431.86043426419263,2024-12-01,2025-10-06 10:53:00.784,21,8,0,1,1,0,0,0,1,0,0,1,0,0,0,0,0,0,1,0,1,0,0,0,0,0
CUS_0xb626,37921.54,2942.1283333333336,8,5,18,6,53,24,6.88,130,1752.99,35.18454346360717,137.77479929038634,70.95966579204442,325.47836825090263,2024-12-01,2025-10-06 10:53:00.784,18,11,1,0,0,1,1,0,1,1,0,0,0,0,0,0,0,1,0,0,0,1,0,0,0,0
CUS_0xbd5e,37452.59,2962.049166666666,4,3,1,1,4,9,4.11,80,1286.4,25.66353811884772,29.05427308361383,38.2420552020072,468.9085883810456,2024-12-01,2025-10-06 10:53:00.784,20,11,0,0,1,0,0,0,0,0,0,0,1,0,0,1,0,0,0,0,0,1,0,0,0,0
CUS_0x602a,57602.6,4721.216666666666,4,5,19,1,18,7,13.62,60,933.83,32.2251001291939,41.708245020642586,76.38794929010876,604.0254723559152,2024-12-01,2025-10-06 10:53:00.784,21,11,0,0,0,1,0,0,0,0,0,1,0,0,0,0,1,0,0,0,1,0,0,0,0,0
CUS_0x5b0a,21524.21,1720.684166666667,8,7,17,2,27,9,18.83,70,16.45,37.84896012378691,35.05141446445337,221.8589360665808,205.1580661356325,2024-12-01,2025-10-06 10:53:00.784,28,10,0,0,0,1,0,0,0,1,0,1,0,0,0,0,1,0,0,0,0,0,1,0,0,0
CUS_0x7888,122713.6,10114.133333333331,5,6,14,2,11,10,12.46,10,128.33,36.69183767765136,146.26888703519208,735.3854195916738,409.7590267064676,2024-12-01,2025-10-06 10:53:00.784,23,2,0,0,1,0,1,0,0,0,0,0,0,0,0,0,1,0,0,0,0,0,0,1,0,0
CUS_0x88fb,126680.84,10547.736666666666,7,7,8,7,23,16,13.23,110,124.18,26.52665056408868,565.128007049882,178.91992889496368,550.725730721821,2024-12-01,2025-10-06 10:53:00.784,13,4,0,0,1,1,1,1,1,1,1,1,0,0,0,0,1,0,0,0,0,1,0,0,0,0
CUS_0xa4d9,43956.23,3820.019166666667,3,4,4,0,14,1,7.16,40,1084.09,30.46817834389801,0.0,289.20833194383516,362.7935847228315,2024-12-01,2025-10-06 10:53:00.784,30,4,0,0,0,0,0,0,0,0,0,0,1,0,0,0,0,0,1,0,0,0,0,0,1,0
CUS_0x1f57,19547.065,1486.9220833333331,3,2,8,3,15,12,5.14,50,824.36,29.13058368255699,46.36255908582618,62.915603234664786,329.4140460128424,2024-12-01,2025-10-06 10:53:00.784,32,5,1,0,1,0,0,1,0,0,0,0,1,0,0,1,0,0,0,0,0,0,1,0,0,0
CUS_0x43bf,42671.51,3731.959166666667,1,1,10,4,11,11,7.28,50,132.87,35.8632465975349,87.77740256032335,56.10291576392928,469.31559834241415,2024-12-01,2025-10-06 10:53:00.784,19,2,0,0,0,1,1,1,0,0,1,0,1,0,0,1,0,0,0,0,0,1,0,0,0,0
CUS_0x5fa9,99925.17,7470.075969853417,4,7,2,1,26,8,4.13,70,1270.51,42.41330008360014,852.0745044308474,195.2221405410392,812.0346351746969,2024-12-01,2025-10-06 10:53:00.784,23,3,0,0,0,0,0,0,1,0,0,0,1,0,0,0,1,0,0,0,0,1,0,0,0,0
CUS_0x8f3f,20566.56,1711.88,8,10,30,8,62,22,7.59,150,4862.8,26.17580249280201,98.52215139436947,99.88163288743338,252.78421571819717,2024-12-01,2025-10-06 10:53:00.784,6,8,1,1,1,0,0,0,1,1,0,1,0,0,0,0,0,1,0,0,0,0,0,1,0,0
CUS_0xa607,40924.81,3469.400833333333,3,5,4,3,5,1,8.68,0,1204.84,35.0376466240768,68.38487777158893,369.0136931491385,199.54151241260587,2024-12-01,2025-10-06 10:53:00.784,27,4,0,0,1,0,0,1,0,0,1,0,1,0,0,1,0,0,0,0,0,0,1,0,0,0
CUS_0xba8,18327.97,1276.3308333333334,10,5,34,3,49,9,13.63,120,2358.32,24.803719430657694,23.823110550113203,116.26149418443016,257.54847859879,2024-12-01,2025-10-06 10:53:00.784,18,6,0,0,0,1,0,0,1,0,0,1,0,0,0,0,1,0,0,0,0,0,0,0,1,0
CUS_0x1542,70580.16,5991.68,5,3,4,4,2,3,9.93,30,1362.34,31.79808585279124,221.77036096639256,543.5765951528927,123.8210438807148,2024-12-01,2025-10-06 10:53:00.784,31,10,1,0,1,1,1,0,0,0,0,0,1,0,0,1,0,0,0,0,0,0,1,0,0,0
CUS_0x18ca,79716.94,6372.078333333334,0,4,6,1,15,7,8.63,40,1248.42,42.2767092058736,57.20732166284538,152.22311624869673,687.7773954217912,2024-12-01,2025-10-06 10:53:00.784,20,0,0,0,0,0,0,0,0,1,0,0,1,0,0,1,0,0,0,1,0,0,0,0,0,0
CUS_0x1eb6,19755.43,1734.2858333333334,7,6,20,8,48,17,23.89,60,3671.84,34.876408754048576,96.40455499328364,128.68556540689906,238.33846293315062,2024-12-01,2025-10-06 10:53:00.784,12,2,0,1,1,1,1,0,1,1,0,1,0,0,0,0,0,1,0,0,0,0,1,0,0,0
CUS_0xcc2,17532.55,1675.0458333333331,4,9,31,3,10,11,15.25,120,1347.44,23.94401101976308,22.870778332396146,170.8606124086074,263.77319259232985,2024-12-01,2025-10-06 10:53:00.784,8,10,0,0,0,0,0,0,1,1,0,1,0,0,0,0,1,0,0,0,0,0,1,0,0,0
CUS_0xb787,71875.28,5758.606666666668,4,5,30,0,20,14,11.27,60,2140.35,34.2713334002708,106.06321590465096,507.26214593958235,252.5353048224333,2024-12-01,2025-10-06 10:53:00.784,16,0,0,0,0,0,1,0,0,1,0,1,0,0,0,0,1,0,0,0,0,0,1,0,0,0
CUS_0xb858,34981.59,2463.3877227928297,6,6,15,3,27,14,7.2,50,349.84,28.97622512207447,291.55001114671114,204.5867077164117,295.1213083440473,2024-12-01,2025-10-06 10:53:00.784,19,9,0,1,0,0,1,0,1,0,0,0,1,0,0,0,0,0,1,0,0,0,1,0,0,0
CUS_0xfd1,78666.56999999999,6485.5475,3,4,17,4,29,10,5.37,30,1498.7,37.831761621360094,247.85114466764472,252.3461368272953,408.35746850506007,2024-12-01,2025-10-06 10:53:00.784,22,5,0,0,0,1,1,0,1,0,1,0,1,0,0,0,1,0,0,1,0,0,0,0,0,0
CUS_0x2f4b,29937.85,2605.820833333333,0,1,2,1,5,5,2.05,60,720.68,37.61696588436561,20.7794132937915,103.29857706620069,396.50409297334113,2024-12-01,2025-10-06 10:53:00.784,18,11,0,0,0,0,0,1,0,0,0,0,1,0,0,1,0,0,0,1,0,0,0,0,0,0
CUS_0x72e9,58267.5,4601.625,4,3,19,0,11,10,13.42,40,244.16,36.73090311743301,0.0,529.8816732426886,220.2808267573114,2024-12-01,2025-10-06 10:53:00.784,22,4,0,0,0,0,0,0,0,0,0,0,0,0,0,0,1,0,0,0,0,0,1,0,0,0
CUS_0x5197,10328.58,1118.715,6,4,11,1,29,18,8.49,10,1137.12,26.295673713210807,4.4628374669131645,113.36271019833792,284.04595233474896,2024-12-01,2025-10-06 10:53:00.784,23,5,0,0,0,0,1,0,0,0,0,1,0,0,0,0,1,0,0,0,0,0,1,0,0,0
CUS_0x69eb,14773.62,1085.135,5,3,23,5,10,12,12.16,110,2367.13,37.73192139525705,42.99065078092292,23.864376327452806,301.6584728916243,2024-12-01,2025-10-06 10:53:00.784,13,6,0,1,1,1,0,0,0,0,1,1,0,0,0,0,1,0,0,1,0,0,0,0,0,0
CUS_0x6ed7,44915.91,3138.63093911549,3,6,20,3,13,10,17.53,70,1754.88,27.17414417447466,537.0395603274477,80.23255569908041,449.5886948579818,2024-12-01,2025-10-06 10:53:00.784,15,2,0,1,0,1,0,0,0,0,0,0,0,0,0,0,1,0,0,0,0,1,0,0,0,0
CUS_0x9885,41086.4,3660.866666666667,3,4,6,7,15,20,17.86,100,113.98,35.211255404694974,145.5443201837779,116.51128060722036,374.0310658756685,2024-12-01,2025-10-06 10:53:00.784,12,0,1,1,0,1,1,1,1,0,0,1,0,0,0,0,1,0,0,0,0,0,0,0,0,1
CUS_0x3929,16164.77,1406.0641666666668,6,3,8,4,27,16,15.72,60,179.19,37.20779859512924,53.4515438936272,31.09501282554772,306.05985994749176,2024-12-01,2025-10-06 10:53:00.784,20,6,1,1,1,0,0,0,1,0,0,1,0,0,0,0,1,0,0,0,0,0,0,0,0,1
CUS_0x3b40,83334.5,6918.541666666668,5,3,3,3,6,3,10.54,80,1188.93,28.94513063026657,168.13173141552392,305.2214693221806,478.50096592896216,2024-12-01,2025-10-06 10:53:00.784,19,9,1,0,0,0,0,0,1,0,1,0,1,0,0,1,0,0,0,1,0,0,0,0,0,0
CUS_0x4314,80562.56,6587.546666666666,4,3,7,3,5,1673,0.79,50,88.98,38.51275743819623,136.88695375977477,247.617286935712,524.25042597118,2024-12-01,2025-10-06 10:53:00.784,31,11,0,1,0,1,0,0,0,0,0,0,1,0,0,1,0,0,0,0,1,0,0,0,0,0
CUS_0x8ac7,35075.33,3213.9441666666667,7,5,9,1,0,14,5.31,30,441.46,30.476709044302588,28.573030595961857,90.67817714890651,462.1432089217983,2024-12-01,2025-10-06 10:53:00.784,15,9,0,0,0,0,0,1,0,0,0,0,1,0,0,0,0,0,1,1,0,0,0,0,0,0
CUS_0x8934,60901.36,5351.113333333334,1,1,7,3,5,2,10.69,40,475.75,23.34895649522404,94.33599350226147,359.3084899300286,371.4668499010433,2024-12-01,2025-10-06 10:53:00.784,20,6,1,0,1,0,0,0,0,0,0,0,1,0,0,1,0,0,0,0,0,0,1,0,0,0
CUS_0x365a,41345.58,3260.465,0,5,10,0,7,0,6.42,70,646.47,23.74405011891018,0.0,101.59095840125009,494.45554159875,2024-12-01,2025-10-06 10:53:00.784,28,8,0,0,0,0,0,0,0,0,0,0,1,0,0,1,0,0,0,0,0,0,0,0,0,1
CUS_0x50df,15845.47,1039.4558333333332,5,10,26,6,25,16,0.0,120,1275.75,32.678150237339985,73.23949445257473,15.813145093387284,264.89294378737134,2024-12-01,2025-10-06 10:53:00.784,6,10,1,0,1,0,0,1,1,1,0,1,0,0,0,0,1,0,0,0,1,0,0,0,0,0
CUS_0x90d2,29095.94,2450.5814217046154,5,3,2337,4,4,20,8.01,90,2510.12,35.146799367800625,185.64587242434047,54.838918982990215,399.8616202213868,2024-12-01,2025-10-06 10:53:00.784,6,11,0,0,0,1,0,0,1,0,1,1,0,0,0,0,0,0,1,0,1,0,0,0,0,0
CUS_0x6d9f,15658.16,1098.8466666666666,10,8,21,6,26,16,16.67,70,2538.06,25.95870704840685,53.03590523919915,105.48713795376442,241.36162347370308,2024-12-01,2025-10-06 10:53:00.784,11,10,0,1,1,1,0,1,0,1,0,1,0,0,0,0,1,0,0,0,0,0,1,0,0,0
CUS_0x4132,51323.52,4227.96,9,7,20,3,52,22,4.23,140,2461.73,32.1678150098773,112.47875698675792,78.22794432765376,482.0892986855884,2024-12-01,2025-10-06 10:53:00.784,18,0,0,0,0,0,0,0,1,0,1,1,0,0,0,0,0,1,0,0,1,0,0,0,0,0
CUS_0x432e,29489.63,2679.4691666666668,485,4,5,0,3,10,3.7899999999999987,50,462.49,39.57130510244515,0.0,70.34339082435821,447.6035258423085,2024-12-01,2025-10-06 10:53:00.784,21,10,0,0,0,0,0,0,0,0,0,0,1,0,0,0,0,0,1,0,1,0,0,0,0,0
CUS_0x5b20,24771.94,2356.328333333333,3,6,17,3,27,12,11.77,70,238.37,24.894853163969287,58.45441760054048,49.07806487822964,368.1003508545632,2024-12-01,2025-10-06 10:53:00.784,21,2,1,0,0,0,0,0,0,1,1,0,0,0,0,0,1,0,0,0,0,1,0,0,0,0
CUS_0xb969,8628.61,530.0508333333332,9,5,18,4,50,16,9.3,100,1559.93,37.22558333025297,27.042246521770878,70.82409787055505,245.13873894100743,2024-12-01,2025-10-06 10:53:00.784,8,1,1,1,1,1,0,0,0,0,0,1,0,0,0,0,0,1,0,0,0,0,1,0,0,0
CUS_0x7483,89221.26,7226.105,4,4,4,4,8,0,11.94,50,143.9,39.37930182666455,226.049952244644,183.9179699669693,572.6425777883868,2024-12-01,2025-10-06 10:53:00.784,18,4,1,0,0,0,1,0,0,1,0,0,0,0,0,1,0,0,0,1,0,0,0,0,0,0
CUS_0x14f4,14274.32,907.5266666666664,4,4,12,3,15,9,8.48,40,1243.37,39.47855090006055,18.189579774383,50.189336656065166,302.3737502362185,2024-12-01,2025-10-06 10:53:00.784,12,2,1,0,0,0,0,0,0,0,1,1,0,0,0,0,1,0,0,0,0,0,0,1,0,0
CUS_0x556e,11889.26,736.7716666666665,5,4,14,3,4,16,17.0,20,351.01,39.93166318257304,23.455595391365737,43.91434016231437,266.30723111298647,2024-12-01,2025-10-06 10:53:00.784,26,5,0,0,1,1,0,0,0,1,0,1,0,0,0,0,0,0,1,1,0,0,0,0,0,0
CUS_0x7d6f,21454.72,1656.8933333333334,3,4,5,3,26,10,10.36,30,990.57,38.65167360624589,70242.0,44.408462896165034,351.58151038645735,2024-12-01,2025-10-06 10:53:00.784,30,6,1,0,0,1,0,0,0,1,0,1,0,0,0,0,0,0,1,0,0,0,0,0,1,0
CUS_0x3019,99007.68,8223.64,7,7,8,0,14,17,3.08,20,31.89,39.50943270701545,0.0,463.88020863157686,618.4837913684232,2024-12-01,2025-10-06 10:53:00.784,26,10,0,0,0,0,0,0,0,0,0,0,1,0,0,0,0,0,1,1,0,0,0,0,0,0
CUS_0x6b57,19708.86,1435.405,6,4,9,3,30,8,14.16,90,390.29,35.579571237779454,43.65067805389013,115.26880242525743,274.62101952085237,2024-12-01,2025-10-06 10:53:00.784,31,9,0,1,0,0,0,1,1,0,0,1,0,0,0,0,0,0,1,0,0,0,1,0,0,0
CUS_0xc60d,15618.52,1284.5433333333333,216,7,22,7,27,17,20.03,90,2908.07,36.507999216059005,86.63741509709585,129.36095384373937,202.4559643924981,2024-12-01,2025-10-06 10:53:00.784,14,4,1,1,0,1,0,0,1,0,1,1,0,0,0,0,0,1,0,0,0,0,0,0,0,1
CUS_0x34d6,129308.52,10979.71,5,3,1,0,14,7,3.19,20,1475.43,33.39245638368122,428.782069488894,860.8112253752928,78.37770513581323,2024-12-01,2025-10-06 10:53:00.784,27,6,0,1,1,0,1,0,0,0,0,0,1,0,0,1,0,0,0,0,0,0,0,0,1,0
CUS_0x79d1,16668.96,1234.08,6,3,6,0,29,12,10.36,1930,1426.06,29.681835343530107,0.0,46.82779959510775,326.58020040489225,2024-12-01,2025-10-06 10:53:00.784,19,0,0,0,0,0,0,0,0,0,0,1,0,0,0,0,1,0,0,0,1,0,0,0,0,0
CUS_0xa522,35133.49,2883.790833333333,4,4,8,3,12,12,7.29,40,586.6,38.54613994432553,45.8929106371186,23.68052108608419,458.80565161013055,2024-12-01,2025-10-06 10:53:00.784,28,11,1,0,0,0,0,1,1,0,0,1,0,0,0,0,0,0,1,0,0,1,0,0,0,0
CUS_0x361b,42767.89,3420.9908333333333,1,7,11,1,9,6,2.63,30,1413.55,40.448896287344326,20.338018617921698,29.219024087699648,532.5420406277119,2024-12-01,2025-10-06 10:53:00.784,26,6,0,0,0,0,0,1,0,0,0,0,1,0,0,1,0,0,0,0,0,1,0,0,0,0
CUS_0xbf7f,108491.28,9272.94,4,5,6,3,28,17,5.94,50,973.25,37.93563325889285,238.47369784856943,168.05543527395466,760.764866877476,2024-12-01,2025-10-06 10:53:00.784,19,9,0,0,1,0,0,0,0,1,1,0,1,0,0,0,1,0,0,0,0,1,0,0,0,0
CUS_0x1c0c,114148.24,9579.353333333334,6,4,5,1,7,19,13.15,0,1432.74,33.6756045003171,36416.0,113.97181822932205,989.6056150859513,2024-12-01,2025-10-06 10:53:00.784,33,2,0,1,0,0,0,0,0,0,0,1,0,0,0,0,0,0,1,0,0,1,0,0,0,0
CUS_0x50ee,58295.16,4590.93,10,7,18,0,21,25,21.04,100,2543.04,25.84976157426949,203.3793005520993,382.6394801881697,143.07421925973102,2024-12-01,2025-10-06 10:53:00.784,7,8,0,1,0,0,1,0,0,0,1,1,0,0,0,0,0,1,0,0,0,0,0,0,1,0
CUS_0x6649,34106.78,2767.231666666666,8,5,17,0,8,10,10.06,0,996.54,30.45487937090836,0.0,77.87534431690659,448.84782234976007,2024-12-01,2025-10-06 10:53:00.784,32,6,0,0,0,0,0,0,0,0,0,1,0,0,0,0,1,0,0,0,1,0,0,0,0,0
CUS_0x6dd7,60738.48,5336.54,8,734,20,5,52,26,3.6,150,2423.74,37.86762224933421,180.92572052838293,475.2631567228629,147.4651227487541,2024-12-01,2025-10-06 10:53:00.784,13,11,0,0,0,1,1,0,1,1,0,1,0,0,0,0,0,1,0,0,0,0,0,0,1,0
CUS_0xac5f,35531.83,2743.9858333333336,1,4,12,4,12,11,1.66,90,313.55,21.50221668908543,75.17187482069276,293.18486405703976,196.04184445560082,2024-12-01,2025-10-06 10:53:00.784,17,10,1,1,1,1,0,0,0,0,0,0,1,0,0,1,0,0,0,0,0,0,1,0,0,0
CUS_0xc21f,78385.2,6744.099999999999,9,5,21,8,33,16,17.31,130,3276.46,37.937361870747104,454.5267011590519,158.07422193343848,301.8090769075095,2024-12-01,2025-10-06 10:53:00.784,9,3,1,0,0,1,0,1,1,1,0,1,0,0,0,0,0,1,0,0,0,1,0,0,0,0
CUS_0xa262,67639.38,5679.615000000002,3,2,7,2,3,10,10.23,0,423.26,36.06750527005787,96.24654424227133,10000.0,415.2877388292044,2024-12-01,2025-10-06 10:53:00.784,26,7,0,0,0,0,0,0,1,0,1,0,1,0,0,1,0,0,0,0,0,0,0,0,1,0
CUS_0xa974,102432.51,7586.673428516378,8,4,19,1,18,10,3.74,20,571.65,37.95934963575231,1245.5698025869724,827.5040122616913,266.299506634958,2024-12-01,2025-10-06 10:53:00.784,29,6,0,0,0,0,1,0,0,0,0,0,1,0,0,0,0,0,1,0,0,0,1,0,0,0
CUS_0xbbf3,34547.54,2994.961666666666,6,6,5,1,20,13,3.59,60,939.31,25.487173763606496,27.764710968035736,68.2725422022309,443.4589134964,2024-12-01,2025-10-06 10:53:00.784,22,9,0,0,0,1,0,0,0,0,0,0,1,0,0,1,0,0,0,0,0,1,0,0,0,0
CUS_0x15df,162713.28,13672.44,2,3,422,1,5,5,3.13,30,640.07,29.74449752875093,97.8593625905203,560.0343667385356,989.3502706709444,2024-12-01,2025-10-06 10:53:00.784,29,9,0,0,1,0,0,0,0,0,0,0,1,0,0,1,0,0,0,0,0,0,0,1,0,0
CUS_0x4e35,41552.77,3482.730833333333,3,4,2,1,18,2,6.6,90,28.85,35.62195391352091,27.06386790932469,104.58918407777546,486.6200313462332,2024-12-01,2025-10-06 10:53:00.784,21,11,0,0,1,0,0,0,0,0,0,0,0,0,0,1,0,0,0,0,0,0,0,0,1,0
CUS_0x80c7,123181.16,10391.096666666666,4,5,9,0,26,10,6.44,70,877.78,35.248505686399696,0.0,789.8439999693179,529.2656666973487,2024-12-01,2025-10-06 10:53:00.784,25,3,0,0,0,0,0,0,0,0,0,0,1,0,0,1,0,0,0,0,0,0,0,1,0,0
CUS_0x87c2,77439.87,6504.322499999998,3,4,13,2,20,9,3.34,20,879.87,24.43708969677773,71.51584099962108,94.61619461653405,364.98045034069946,2024-12-01,2025-10-06 10:53:00.784,15,9,0,0,0,0,0,1,0,0,1,0,1,0,0,0,1,0,0,0,0,0,0,1,0,0
CUS_0x9015,94031.7,8115.975000000001,8,4,13,2,17,16,8.17,50,147.52,32.76058187610441,120.45505963035392,424.38147561715914,556.7609647524871,2024-12-01,2025-10-06 10:53:00.784,24,10,0,0,0,1,0,0,0,0,0,0,1,0,0,0,1,0,0,0,0,0,1,0,0,0
CUS_0xb560,62223.06,5326.255,7,4,10,3,30,13,19.85,70,1230.58,33.574201393490405,120.3581055797648,571.4290668060677,130.83832761416735,2024-12-01,2025-10-06 10:53:00.784,31,9,1,0,0,0,0,0,1,0,1,1,0,0,0,0,0,0,1,0,0,0,1,0,0,0
CUS_0x2fd5,10078.315,1047.8595833333334,8,3,1,3,19,17,1.17,60,642.57,22.47925213109517,20.94488074539622,107.86591990829572,255.97515767964143,2024-12-01,2025-10-06 10:53:00.784,19,10,1,0,1,0,0,0,1,0,0,0,1,0,0,0,0,0,1,0,0,0,0,1,0,0
CUS_0x745a,37089.86,2983.8216666666667,7,10,31,6,23,17,7.65,150,1950.21,38.16092666375712,152.48136134264442,236.35932560265098,199.5414797213713,2024-12-01,2025-10-06 10:53:00.784,20,2,1,0,0,1,0,1,0,1,1,1,0,0,0,0,1,0,0,0,0,0,1,0,0,0
CUS_0x1bde,170730.6,14353.55,4,7,3,0,15,4,4.54,40,327.43,28.6215220421658,0.0,766.3857646350563,938.969235364944,2024-12-01,2025-10-06 10:53:00.784,20,3,0,0,0,0,0,0,0,0,0,0,1,0,0,1,0,0,0,0,0,0,0,0,1,0
CUS_0x45b4,39580.3,3203.3583333333336,0,5,8,2,19,6,11.14,70,458.53,39.48024644958608,56.75506518153054,90.27327612599902,453.3074920258038,2024-12-01,2025-10-06 10:53:00.784,17,9,0,0,0,1,0,0,0,0,1,0,1,0,0,0,0,0,1,0,0,0,0,1,0,0
CUS_0x674a,70328.66,5682.721666666667,0,1,8,4,1,11,3.06,2250,1032.76,37.46105419269779,223.7227251368716,369.9293927106093,511.96204898317916,2024-12-01,2025-10-06 10:53:00.784,25,4,1,0,0,1,0,1,1,0,0,0,1,0,0,1,0,0,0,0,1,0,0,0,0,0
CUS_0x70bc,46152.92,4058.0766666666655,3,3,7,4,8,8,10.99,120,1294.2,36.6235887678976,147.96378292755728,55.20429708555263,452.6395866535568,2024-12-01,2025-10-06 10:53:00.784,19,7,1,0,0,0,0,1,1,0,0,1,0,0,0,0,1,0,0,0,1,0,0,0,0,0
CUS_0x3a06,30560.73,2692.7275,5,4,3,4,14,2,3.64,20,1354.32,35.19181290340993,73.51315400523272,247.86068242738895,217.8989135673784,2024-12-01,2025-10-06 10:53:00.784,25,2,0,0,1,1,0,1,0,0,0,0,1,0,0,1,0,0,0,0,0,0,0,0,1,0
CUS_0x3d50,146724.36,12276.03,1,4,3,1053,7,3,2.61,90,1319.64,35.116150449809254,94.21315119514816,1037.6845600207942,1260.3541667055506,2024-12-01,2025-10-06 10:53:00.784,28,5,0,0,0,0,1,0,0,0,0,0,1,0,0,1,0,0,0,0,0,1,0,0,0,0
CUS_0x273e,42811.36,3825.613333333333,5,3,18,4,22,12,0.0,50,742.29,28.689454754325823,74.60694981239641,463.5864770979972,134.36790642293977,2024-12-01,2025-10-06 10:53:00.784,25,10,0,0,0,1,1,0,0,0,0,0,1,0,0,0,1,0,0,0,0,0,1,0,0,0
CUS_0x3e7f,162590.56,13535.213333333331,5,1477,11,0,25,8,11.65,40,1000.11,37.93835112894924,0.0,1021.6331777264578,611.8881556068756,2024-12-01,2025-10-06 10:53:00.784,26,4,0,0,0,0,0,0,0,0,0,0,1,0,0,0,0,0,1,0,0,0,0,1,0,0
CUS_0x44fc,132662.22,10872.185,0,6,5,4,27,2,11.63,50,1493.5,36.55001706122124,356.14292923434965,80.77340003549604,890.3021707301542,2024-12-01,2025-10-06 10:53:00.784,18,3,1,0,0,1,1,0,0,1,0,0,1,0,0,1,0,0,0,0,0,1,0,0,0,0
CUS_0x7a91,22502.24,2120.1866666666665,6,7,12,5,7,10,14.97,70,1202.86,35.76662593512621,56.20728485418449,109.27274630866584,336.53863550381635,2024-12-01,2025-10-06 10:53:00.784,13,10,0,0,1,0,1,0,0,0,1,1,0,0,0,0,1,0,0,0,0,0,1,0,0,0
CUS_0x86f6,27653.79,2411.4825,8,7,12,4,23,6,10.8,30,13.24,27.124172589704568,49.87672143079835,271.07244579371616,210.19908277548552,2024-12-01,2025-10-06 10:53:00.784,32,5,0,0,0,1,0,1,0,0,1,0,1,0,0,0,0,0,1,0,0,0,1,0,0,0
CUS_0x91f,21450.72,1713.5600000000004,2,5,10,3,6,8,9.41,10,123.12,25.81001399695988,31.29690078186111,52.78699600085357,347.2721032172853,2024-12-01,2025-10-06 10:53:00.784,33,5,0,0,0,1,0,0,1,1,0,0,1,0,0,1,0,0,0,1,0,0,0,0,0,0
CUS_0x137d,43655.04,3794.92,5,7,5,4,10,2,2.71,0,97.41,33.7302575033904,131.23623588219482,231.21694902117784,277.03881509662745,2024-12-01,2025-10-06 10:53:00.784,29,7,0,1,0,0,0,0,0,1,1,0,1,0,0,0,0,0,1,1,0,0,0,0,0,0
CUS_0x490e,57296.46,4618.705,7,10,21,2,57,20,7.35,120,2371.73,23.90554692461464,66.18363518530407,619.0625978731213,66.62426694157466,2024-12-01,2025-10-06 10:53:00.784,12,6,0,0,0,0,0,1,0,0,1,1,0,0,0,0,0,1,0,0,0,0,1,0,0,0
CUS_0x60ae,41319.07,3045.8827535527503,4,4,11,1,11,6,5.43,90,563.84,34.533205775043825,475.6558916488229,239.51273219700283,334.9300392680908,2024-12-01,2025-10-06 10:53:00.784,25,9,0,0,1,0,0,0,0,0,0,0,1,0,0,1,0,0,0,1,0,0,0,0,0,0
CUS_0x7577,34769.18,3107.431666666667,4,3,3,1,0,3,13.77,1070,1407.19,30.52427395331221,15.57206019267749,122.20218463040231,452.9689218435869,2024-12-01,2025-10-06 10:53:00.784,22,10,1,0,0,0,0,0,0,0,0,0,1,0,0,1,0,0,0,0,0,0,0,1,0,0
CUS_0xa3b4,19648.09,1890.3408333333327,7,3,14,4,17,16,10.0,70,2052.35,26.97706993184075,39.66410354495496,27.07545091566001,372.29452887271833,2024-12-01,2025-10-06 10:53:00.784,12,4,1,0,0,1,0,1,1,0,0,1,0,0,0,0,0,0,1,0,1,0,0,0,0,0
CUS_0x20f1,68585.44,5618.453333333334,7,5,34,5,57,22,19.2,110,2335.55,23.321669645209862,164.11640866534432,739.1053480733037,533.023387508085,2024-12-01,2025-10-06 10:53:00.784,10,0,0,1,0,0,0,1,1,0,0,1,0,0,0,0,0,1,0,0,0,0,1,0,0,0
CUS_0x3d57,45834.57,3816.5475,7,7,19,2,9,16,15.07,80,2482.46,38.61901988584932,54.293093063069655,111.77896108533912,465.58269585159127,2024-12-01,2025-10-06 10:53:00.784,15,10,1,0,0,0,0,1,0,0,0,1,0,0,0,0,0,0,1,0,1,0,0,0,0,0
CUS_0x4e2,63484.24,5157.3533333333335,5,7,10,2,26,7,11.12,60,295.16,32.63776289237209,68.14234084783807,96.725432554457,590.8675599310384,2024-12-01,2025-10-06 10:53:00.784,27,9,0,0,0,0,0,0,0,1,1,0,1,0,0,1,0,0,0,0,0,1,0,0,0,0
CUS_0xa9a9,63331.9,5149.658333333334,5,4,20,0,9,19,8.86,60,362.71,26.99057802244908,0.0,175.665466863859,589.3003664694745,2024-12-01,2025-10-06 10:53:00.784,8,8,0,0,0,0,0,0,0,0,0,1,0,0,0,0,1,0,0,0,1,0,0,0,0,0
CUS_0xdba,60799.53,4989.6275,8,5,29,7,29,25,6.77,120,2129.37,34.85441227718627,214.5889461778601,313.4230890492294,423.3676982725847,2024-12-01,2025-10-06 10:53:00.784,18,3,1,0,0,1,1,1,0,0,1,1,0,0,0,0,0,1,0,0,0,1,0,0,0,0
CUS_0x48ef,105829.08,8729.09,3,5,18,4,16,17,5.65,60,549.99,27.19465313189089,237.0235891955191,154.28084705529878,721.6045637491823,2024-12-01,2025-10-06 10:53:00.784,19,5,0,0,0,0,0,1,0,1,1,0,1,0,0,0,1,0,0,0,0,1,0,0,0,0
CUS_0x7c51,28824.58,2679.0483333333336,0,3,5,4,17,12,8.89,0,1028.85,36.98517672529237,152.5571660818793,115.30619391026087,345.00136534001916,2024-12-01,2025-10-06 10:53:00.784,23,9,0,1,1,0,0,0,1,1,0,0,0,0,0,1,0,0,0,1,0,0,0,0,0,0
CUS_0x94e9,8128.065,467.33875,8,6,15,7,32,16,2.43,90,3742.92,37.12482501034626,38.20034095068528,19.512551338873813,249.0209827104409,2024-12-01,2025-10-06 10:53:00.784,7,2,1,1,0,0,0,1,0,1,1,1,0,0,0,0,0,1,0,1,0,0,0,0,0,0
CUS_0xb48f,100148.8,8175.733333333334,6,6,18,4,24,14,2.13,110,337.84,30.81128766835016,194.67031653560883,328.2907540359724,620.6049495071143,2024-12-01,2025-10-06 10:53:00.784,12,2,1,0,0,0,0,0,1,1,0,1,0,0,0,0,1,0,0,0,0,0,0,1,0,0
CUS_0xff4,25546.26,2415.855,8,7,14,5,15,13,7.83,50,758.44,39.33348789822524,101.3286373638512,189.81586133347676,230.44100130267208,2024-12-01,2025-10-06 10:53:00.784,18,9,0,1,1,0,1,1,0,0,0,1,0,0,0,0,1,0,0,0,0,0,0,1,0,0
CUS_0x2342,22961.35,2138.445833333333,8,6,18,2,20,17,10.3,10,1253.93,27.88551716150197,22.553206956538048,10000.0,356.82204595238534,2024-12-01,2025-10-06 10:53:00.784,30,3,0,0,0,0,0,1,0,0,1,1,0,0,0,0,1,0,0,0,1,0,0,0,0,0
CUS_0x61ff,145932.04,11979.003333333336,4,757,20,3,12,10,2.73,60,1381.48,27.07122643473853,275.96114506816946,231.81054839736615,940.1286398677977,2024-12-01,2025-10-06 10:53:00.784,20,4,0,1,0,1,0,1,0,0,0,0,1,0,0,0,1,0,0,0,1,0,0,0,0,0
CUS_0xc24b,40492.58,3275.3816666666667,7,1479,28,7,36,17,2.45,130,1442.56,35.08893845460332,177.8171897664585,206.23896452752706,233.4820123726812,2024-12-01,2025-10-06 10:53:00.784,9,6,1,1,1,0,0,1,0,0,1,1,0,0,0,0,0,1,0,0,0,0,0,0,0,1
CUS_0x8489,49136.88,4082.74,6,4,12,6,28,15,9.67,110,1933.38,38.99137636009253,184.7159866421425,106.48588471433729,377.0721286435202,2024-12-01,2025-10-06 10:53:00.784,13,0,0,0,1,1,0,0,1,1,0,1,0,0,0,0,0,0,1,1,0,0,0,0,0,0
CUS_0xb05d,65214.96,5403.58,2,1,12,0,3,7,11.82,20,341.02,37.939899550908045,411.9178360342999,149.59120895378618,640.7667910462139,2024-12-01,2025-10-06 10:53:00.784,26,2,0,0,0,0,0,0,0,0,0,0,1,0,0,1,0,0,0,0,0,0,0,0,0,1
CUS_0x7f40,120834.03,9094.413001291605,3,6,11,2,2,12,1.13,20,1282.2,30.209130710086956,955.411360487057,322.95486539743627,756.9735228239043,2024-12-01,2025-10-06 10:53:00.784,23,10,1,0,0,0,0,0,0,0,0,0,1,0,0,1,0,0,0,0,0,0,0,0,1,0
CUS_0xc2ee,42588.14,3368.0116666666668,7,3,6,0,25,19,0.89,40,751.44,25.32569418483771,0.0,376.31669770066725,250.48446896599944,2024-12-01,2025-10-06 10:53:00.784,19,9,0,0,0,0,0,0,0,0,0,0,1,0,0,0,1,0,0,0,0,0,1,0,0,0
CUS_0x597c,56069.64,4416.47,10,7,23,5,41,15,25.96,100,3497.65,34.15187472232711,151.2985192735885,518.2163483918679,62.1321323345436,2024-12-01,2025-10-06 10:53:00.784,2,2,1,1,1,0,0,0,0,0,1,1,0,0,0,0,0,1,0,0,0,0,1,0,0,0
CUS_0xb1d2,61737.94,4888.828333333334,5,3,20,3,13,20,8.38,60,161.0,27.987937089029664,111.63727651838812,226.28846245869832,420.95709435624696,2024-12-01,2025-10-06 10:53:00.784,30,4,0,1,0,0,0,1,0,0,1,0,1,0,0,0,1,0,0,0,0,0,0,0,1,0
CUS_0xb4cb,16620.755,1476.062916666667,3,3,5,2,2,11,6.91,50,9.55,24.529805764635334,32711.0,89.36141763277928,306.7591028211964,2024-12-01,2025-10-06 10:53:00.784,21,0,1,0,0,0,0,0,0,0,0,0,1,0,0,1,0,0,0,0,0,0,0,0,1,0
CUS_0x5ae2,35758.39,3212.8658333333333,3,3,15,3,26,18,8.82,90,785.19,24.88825762618769,49.72792354460272,35.868441587355946,485.6902182013746,2024-12-01,2025-10-06 10:53:00.784,14,8,0,0,0,0,0,0,1,1,1,1,0,0,0,0,1,0,0,0,1,0,0,0,0,0
CUS_0x8c44,141000.84,11973.07,5,3,20,4,29,9,8.25,30,290.5,29.885771241491284,255.3987089277089,1039.2587629307682,192.64952814152298,2024-12-01,2025-10-06 10:53:00.784,24,9,1,1,0,0,0,0,0,0,1,1,0,0,0,0,1,0,0,0,0,0,0,0,0,1
CUS_0xb2f6,67082.16,5622.18,8,8,18,6,33,18,4.96,110,1734.87,29.715297125754446,252.29165813289544,80.6569819168482,479.2693599502565,2024-12-01,2025-10-06 10:53:00.784,7,8,1,0,1,0,1,0,0,1,1,1,0,0,0,0,0,1,0,0,1,0,0,0,0,0
CUS_0x1a00,13590.595,1294.5495833333332,8,5,9,3,8,12,10.79,20,170.99,34.84173303907799,18.168134169397277,42.959406583384286,328.3274175805518,2024-12-01,2025-10-06 10:53:00.784,29,3,0,0,1,1,0,0,0,0,1,0,1,0,0,1,0,0,0,1,0,0,0,0,0,0
CUS_0x38bb,62956.56,5147.38,8,4,16,5,7,9,9.01,100,77.34,26.767910296981903,135.37959288444537,168.21267194334106,461.1457351722136,2024-12-01,2025-10-06 10:53:00.784,5,10,0,0,0,1,1,0,0,0,1,1,0,0,0,0,1,0,0,0,0,0,0,0,0,1
CUS_0x83f,10333.895,657.1579166666667,3,6,20,0,17,15,11.32,100,70.46,35.012090187583325,21.453340535857645,10000.0,279.17940072716584,2024-12-01,2025-10-06 10:53:00.784,10,6,0,0,1,1,1,1,0,0,0,1,0,0,0,0,1,0,0,0,0,0,0,0,1,0
CUS_0x8716,14351.21,1274.934166666667,8,7,18,6,15,14,21.91,90,4766.87,32.60477040982617,61.09871813783708,116.83765788754921,239.5570406412804,2024-12-01,2025-10-06 10:53:00.784,8,8,1,0,0,1,1,1,0,0,0,1,0,0,0,0,0,1,0,0,0,0,1,0,0,0
CUS_0xbba8,108337.32,8474.980346209326,3,4,20,4,5,14,11.63,110,434.61,33.72400154857864,806.6026384079158,347.95703201342485,543.6809833693329,2024-12-01,2025-10-06 10:53:00.784,30,3,0,0,1,0,1,0,0,0,1,1,0,0,0,0,1,0,0,0,1,0,0,0,0,0
CUS_0x2f68,93704.19,7905.6825,3,4,20,2,26,16,19.21,50,1194.35,40.30784969735256,88.93927103264716,66.77733210853016,820.4948579910782,2024-12-01,2025-10-06 10:53:00.784,28,10,1,0,0,0,0,0,1,0,0,1,0,0,0,0,0,0,1,0,0,1,0,0,0,0
CUS_0x46d4,29042.45,2252.204166666667,3,5,5,1,5,16,9.72,40,1092.55,35.856301386537844,16.756706537779973,207.3645150310893,291.0991950977974,2024-12-01,2025-10-06 10:53:00.784,24,3,0,0,0,0,0,1,0,0,0,1,0,0,0,0,1,0,0,0,0,0,1,0,0,0
CUS_0x63de,77613.39,6182.7825,7,6,12,0,7,10,9.01,60,321.59,30.517135993732253,0.0,154.26633095746374,734.0119190425363,2024-12-01,2025-10-06 10:53:00.784,30,10,0,0,0,0,0,0,0,0,0,1,0,0,0,0,1,0,0,0,0,0,0,0,1,0
CUS_0x6015,19163.22,1346.9350000000004,3,7,7,2,23,22,8.76,90,2226.37,22.40065717835176,24.17564764974174,175.65981942954707,224.85803292071117,2024-12-01,2025-10-06 10:53:00.784,16,8,0,0,0,1,0,0,0,1,0,1,0,0,0,0,1,0,0,0,0,0,1,0,0,0
CUS_0x6781,24460.96,2190.413333333333,5,6,9,1,30,15,0.0,20,796.9,37.72014850315879,10.8988971644424,45.85569605678929,402.2867401121016,2024-12-01,2025-10-06 10:53:00.784,23,4,0,0,0,1,0,0,0,0,0,0,1,0,0,0,1,0,0,0,0,0,0,0,0,1
CUS_0x9ead,100956.21,8658.0175,6,6,2,1,28,7,7.1,20,633.54,28.640325379607557,53.086569919082365,292.29367698820937,800.4215030927082,2024-12-01,2025-10-06 10:53:00.784,29,6,0,0,0,0,0,1,0,0,0,0,1,0,0,0,1,0,0,0,0,0,0,1,0,0
CUS_0xab00,31633.54,2930.1283333333336,1,5,8,3,8,7,9.7,40,846.45,35.003637556931764,50.76844004205578,136.63816954931966,365.60622374195793,2024-12-01,2025-10-06 10:53:00.784,22,3,1,0,1,1,0,0,0,0,0,0,0,0,0,1,0,0,0,1,0,0,0,0,0,0
CUS_0xac4f,19720.36,1666.3633333333337,6,5,21,9,38,21,4.93,140,2326.72,26.44664293124693,114.74023348146366,101.3609315248814,220.5351683269883,2024-12-01,2025-10-06 10:53:00.784,19,11,1,0,0,0,1,1,1,0,1,1,0,0,0,0,0,1,0,0,0,0,0,0,1,0
CUS_0xc0fd,29895.53,2246.2941666666666,4,5,8,0,6,0,3.22,60,878.78,32.90894383208206,0.0,264.86198988790545,249.76742677876118,2024-12-01,2025-10-06 10:53:00.784,26,9,0,0,0,0,0,0,0,0,0,0,1,0,0,0,0,0,1,0,0,0,1,0,0,0
CUS_0x477b,26775.49,2408.290833333333,983,4,7,1,17,22,6.42,50,1082.13,25.33646325598156,13.484294528386595,107.01980726310713,390.3249815418396,2024-12-01,2025-10-06 10:53:00.784,27,0,0,0,0,0,0,0,1,0,0,0,1,0,0,0,1,0,0,0,0,0,0,0,1,0
CUS_0x5873,40782.69,3157.557500000001,2,6,7,2,19,8,7.68,30,1233.24,25.708350694342656,39.548995747887936,112.51282098533659,470.7394511187983,2024-12-01,2025-10-06 10:53:00.784,28,10,0,0,0,0,0,1,0,1,0,0,1,0,0,1,0,0,0,0,0,1,0,0,0,0
CUS_0x9ef9,67188.58,5758.048333333332,805,7,9,3,9,2,3.16,40,1370.98,26.27984276440427,145.92959715216782,186.75315415548152,493.122082025684,2024-12-01,2025-10-06 10:53:00.784,19,4,0,0,1,0,1,0,0,0,1,0,1,0,0,1,0,0,0,0,1,0,0,0,0,0
CUS_0xa27d,20275.97,1623.664166666667,9,9,16,2,13,20,15.32,130,1803.18,33.245922146048734,26.113138972064466,86.91612594306505,339.3371517515372,2024-12-01,2025-10-06 10:53:00.784,19,9,1,1,0,0,0,0,0,0,0,1,0,0,0,0,1,0,0,0,0,0,1,0,0,0
CUS_0xab78,69061.0,5518.083333333332,8,6,17,7,20,10,6.19,70,233.54,32.90156161122949,275.74145644477403,68.97068830467478,447.0961885838845,2024-12-01,2025-10-06 10:53:00.784,19,10,1,1,1,0,0,1,0,0,0,0,0,0,0,0,0,0,1,0,0,1,0,0,0,0
CUS_0x6a39,87337.08,7441.09,6,7,18,0,16,8,17.86,120,94.46,40.08595958497961,0.0,376.3984680943705,647.7105319056295,2024-12-01,2025-10-06 10:53:00.784,27,2,0,0,0,0,0,0,0,0,0,1,0,0,0,0,1,0,0,0,0,0,0,1,0,0
CUS_0x9be7,30789.35,2738.7791666666667,5,4,7,4,5,6,5.72,60,1106.11,29.16604286056832,73.86569999494921,267.6623377518342,212.34987891988328,2024-12-01,2025-10-06 10:53:00.784,20,6,0,1,0,1,1,0,1,0,0,0,1,0,0,0,0,0,1,0,0,0,0,1,0,0
CUS_0x3ba2,59751.78,5044.315,7,7,17,4,22,13,16.82,90,1485.94,39.084121936313885,116.29841702305131,381.8003563842838,286.3327265926648,2024-12-01,2025-10-06 10:53:00.784,16,0,1,0,1,1,0,1,0,0,0,1,0,0,0,0,1,0,0,0,0,0,0,1,0,0
CUS_0x6692,21419.85,1509.9875,3,3,12,2,15,0,0.67,30,307.94,22.930219703302942,25.347351946154703,135.38654067150816,280.26485738233714,2024-12-01,2025-10-06 10:53:00.784,27,11,0,0,0,0,1,0,0,0,1,0,1,0,0,1,0,0,0,0,0,0,1,0,0,0
CUS_0x1195,30429.91,2808.8258333333333,4,6,16,2,22,17,1.67,15490,362.48,33.349050386579805,29.91407646402904,82.87878577514347,438.08972109416084,2024-12-01,2025-10-06 10:53:00.784,28,11,0,1,0,0,0,0,0,0,0,0,1,0,0,0,1,0,0,0,0,0,0,0,1,0
CUS_0x1be8,63528.7,5132.058333333333,4,6,9,3,21,11,7.09,30,617.89,31.048597462705327,128.27783377647378,108.43268223065132,526.4953173262082,2024-12-01,2025-10-06 10:53:00.784,27,2,0,1,0,0,1,1,0,0,0,0,1,0,0,1,0,0,0,0,1,0,0,0,0,0
CUS_0x9aeb,44620.48,3421.373333333333,7,4,10,1,24,17,10.63,60,1280.87,29.473160868638026,31.53785549714662,119.11730690953257,441.4821709266541,2024-12-01,2025-10-06 10:53:00.784,28,11,0,0,0,0,0,0,0,1,0,1,0,0,0,0,1,0,0,0,1,0,0,0,0,0
CUS_0xaadb,35577.23,3025.769166666667,8,4,5,172,25,16,15.76,100,20.94,27.704479048527308,0.0,90.49641612582741,482.0805005408393,2024-12-01,2025-10-06 10:53:00.784,25,11,0,0,0,0,0,0,0,0,0,1,0,0,0,0,1,0,0,0,0,0,0,0,1,0
CUS_0xb7ef,15013.73,1127.1441666666667,7,4,14,6,23,9,8.22,50,1403.17,34.97962331450225,51.547924156742056,39.56497520880101,273.67675239870516,2024-12-01,2025-10-06 10:53:00.784,12,4,0,0,1,1,1,0,0,1,1,1,0,0,0,0,1,0,0,0,0,0,0,0,1,0
CUS_0x1458,28127.13,2579.9275,6,5,11,1,12,14,15.0,50,1187.43,28.885774244682,17.031344641772293,162.65979823498074,348.301607123247,2024-12-01,2025-10-06 10:53:00.784,26,11,0,0,1,0,0,0,0,0,0,1,0,0,0,0,0,0,1,0,0,0,0,0,1,0
CUS_0x151b,47165.44,3782.453333333333,8,4,7,0,29,16,7.76,50,248.98,37.33974199527454,0.0,254.0774777443169,414.16785558901637,2024-12-01,2025-10-06 10:53:00.784,27,10,0,0,0,0,0,0,0,0,0,0,0,0,0,0,1,0,0,0,0,0,1,0,0,0
CUS_0x23f8,40019.64,3049.97,7,6,16,9,14,19,20.31,150,4187.21,27.821096654791543,290.972895512525,204.2752760822876,79.74882840518742,2024-12-01,2025-10-06 10:53:00.784,13,3,1,0,1,1,1,0,1,1,1,1,0,0,0,0,0,1,0,0,0,0,0,0,0,1
CUS_0x840f,14856.35,1473.029166666667,4,2,10,1,14,7,5.9,60,1456.25,38.8429153780037,6.524757595186792,66.0846295146743,358.11160750669177,2024-12-01,2025-10-06 10:53:00.784,26,4,0,0,0,0,0,0,1,0,0,0,1,0,0,1,0,0,0,0,0,0,1,0,0,0
CUS_0x9a8b,57921.74,4772.8116666666665,4,3,11,3,6,7,0.0,30,978.88,32.05103305587538,94.3673126042464,149.15049266041572,493.7633614020045,2024-12-01,2025-10-06 10:53:00.784,28,9,0,1,0,0,0,0,1,0,1,0,1,0,0,1,0,0,0,1,0,0,0,0,0,0
CUS_0xc042,124683.72,10193.31,5,6,8,7,25,8,19.27,120,318.37,30.464576380943903,612.3069690094261,670.2364399105286,16.78759108004533,2024-12-01,2025-10-06 10:53:00.784,14,5,0,1,1,0,1,0,1,1,0,1,0,0,0,0,1,0,0,0,0,0,0,1,0,0
CUS_0x4c84,18444.26,1268.397171006678,3,5,17,2,24,11,9.5,100,1353.57,33.4681230926318,112.58923471772646,174.06677431791184,230.97065329101693,2024-12-01,2025-10-06 10:53:00.784,20,0,1,0,0,1,0,0,0,0,0,1,0,0,0,0,1,0,0,0,0,0,1,0,0,0
CUS_0x5254,30961.62,2283.135,5,7,11,0,10,6,6.52,60,1304.15,28.66770505810017,0.0,106.12072411759384,382.1927758824062,2024-12-01,2025-10-06 10:53:00.784,26,2,0,0,0,0,0,0,0,0,0,0,1,0,0,0,0,0,1,1,0,0,0,0,0,0
CUS_0x66b8,87659.42,7399.951666666668,3,5,7,0,5,1,11.36,10,185.35,27.797163497989825,238.30845782664483,10000.0,245.16939146402112,2024-12-01,2025-10-06 10:53:00.784,17,9,0,0,1,0,1,0,1,1,0,0,1,0,0,1,0,0,0,0,0,0,0,1,0,0
CUS_0x936d,100433.58,8074.465,1,5,10,2,13,5,11.59,60,1023.93,32.47841193717736,100.16346588894956,144.18424730922658,803.0987868018241,2024-12-01,2025-10-06 10:53:00.784,20,10,0,0,0,0,0,1,0,0,1,0,1,0,0,1,0,0,0,0,0,1,0,0,0,0
CUS_0xc51,11970.955,1169.5795833333332,8,183,7,2,26,8,4.72,10,889.62,30.744100601662588,14.885194696934184,39.11298920131493,322.95977443508417,2024-12-01,2025-10-06 10:53:00.784,26,6,0,0,1,0,0,0,0,1,0,0,1,0,0,0,1,0,0,1,0,0,0,0,0,0
CUS_0x48a,32700.0,2802.0,2,4,5,18,4,2,7.16,40,1440.5,25.164869640351554,0.0,230.50825006517215,319.6917499348278,2024-12-01,2025-10-06 10:53:00.784,17,0,0,0,0,0,0,0,0,0,0,0,1,0,0,1,0,0,0,0,0,0,0,0,0,1
CUS_0x6e13,58792.74,4876.395,1,4,1,0,15,12,2.82,20,57.78,29.82817648984496,0.0,119.91573334415196,607.7237666558482,2024-12-01,2025-10-06 10:53:00.784,18,6,0,0,0,0,0,0,0,0,0,0,1,0,0,1,0,0,0,0,0,0,0,0,0,1
CUS_0x1d00,14638.54,1134.878333333333,6,9,17,8,45,20,26.3,140,3201.91,37.55926353618585,80.00617264982489,44.69070234095683,278.79095834255156,2024-12-01,2025-10-06 10:53:00.784,12,4,0,0,1,1,1,1,1,1,1,1,0,0,0,0,0,1,0,0,0,0,1,0,0,0
CUS_0x35a2,114447.09,9662.2575,4,7,1,3,6,14,9.97,30,1175.67,26.16673676425652,180.640903131414,68.56559050771484,957.0192563608713,2024-12-01,2025-10-06 10:53:00.784,22,2,0,0,1,0,1,0,0,0,0,0,1,0,0,1,0,0,0,0,0,1,0,0,0,0
CUS_0x3872,20547.59,1372.902588813681,6,4,13,1,20,17,19.46,40,942.99,31.17761268056963,120.24584349394632,116.37600629096096,307.70464473474516,2024-12-01,2025-10-06 10:53:00.784,17,9,0,1,0,0,0,0,0,0,0,1,0,0,0,0,1,0,0,0,0,0,1,0,0,0
CUS_0x6d63,8393.96,780.4966666666666,5,5,32,2,14,17,18.84,120,1402.78,38.58575012834393,8.025107606573853,86.94612281445295,273.07843624563986,2024-12-01,2025-10-06 10:53:00.784,14,5,0,0,0,0,0,0,0,0,1,1,0,0,0,0,0,0,1,0,0,0,1,0,0,0
CUS_0x7bc3,7636.4,884.3666666666667,6,9,20,7,31,17,20.33,80,2614.48,27.990316551350997,32.111347401544286,10000.0,294.4448996634999,2024-12-01,2025-10-06 10:53:00.784,9,6,1,0,0,1,1,0,1,0,1,1,0,0,0,0,0,1,0,0,0,0,1,0,0,0
CUS_0xcd5,20302.59,1991.8825,6,5,17,6,28,25,27.94,110,4828.75,40.05729078193716,62.884172384083605,112.54853621689982,303.75554139901664,2024-12-01,2025-10-06 10:53:00.784,9,10,0,1,0,1,1,1,1,1,0,1,0,0,0,0,0,1,0,0,0,0,0,1,0,0
CUS_0x4da6,20621.72,1849.476666666667,7,8,30,2,15,20,7.35,130,2309.82,37.54660641272368,29.602330765502074,33.789336682084944,381.55599921907964,2024-12-01,2025-10-06 10:53:00.784,18,9,1,0,0,0,0,1,0,0,0,1,0,0,0,0,1,0,0,1,0,0,0,0,0,0
CUS_0x5b0f,75908.66,6220.721666666667,4,4,12,4,9,9,8.49,30,58.5,32.79782883801449,186.25739691035776,251.56288734723583,464.2518824090732,2024-12-01,2025-10-06 10:53:00.784,33,0,0,0,0,0,1,1,0,0,1,0,1,0,0,1,0,0,0,0,0,0,0,1,0,0
CUS_0x67af,67287.0,5339.25,6,6,19,8,29,20,16.15,110,2589.93,36.55799999276751,335.1233724161384,112.33045482555048,346.4711727583112,2024-12-01,2025-10-06 10:53:00.784,5,10,1,0,1,1,0,1,1,0,1,1,0,0,0,0,0,1,0,1,0,0,0,0,0,0
CUS_0x8c51,62661.54,5053.795,5,5,12,1,11,20,7.2,10,466.2,26.07163364754082,32.721131029239615,408.3776663884368,344.2807025823236,2024-12-01,2025-10-06 10:53:00.784,27,8,0,0,0,1,0,0,0,0,0,0,1,0,0,1,0,0,0,0,0,0,0,1,0,0
CUS_0x774,88362.46,7255.538333333334,5,2,8,3,15,7,11.01,12510,325.93,36.53896300815056,211.1843903373817,80.07134635979541,674.2980966361563,2024-12-01,2025-10-06 10:53:00.784,31,3,0,0,0,1,0,0,1,0,1,0,1,0,0,1,0,0,0,0,0,1,0,0,0,0
CUS_0x8ba7,34153.67,2702.1391666666664,6,7,17,2,23,14,0.94,40,226.31,36.93757779739686,50.052619019361934,34.514158203723056,435.64713944358164,2024-12-01,2025-10-06 10:53:00.784,19,3,0,0,0,1,1,0,0,0,0,0,0,0,0,0,1,0,0,0,1,0,0,0,0,0
CUS_0x6a7,50043.26,4014.271666666666,5,5,9,5,19,14,4.3900000000000015,130,1208.82,30.29775995937776,142.2408760734134,53.62576316273083,445.56052743052237,2024-12-01,2025-10-06 10:53:00.784,7,11,1,1,1,0,0,0,1,1,0,1,0,0,0,0,1,0,0,0,0,1,0,0,0,0
CUS_0xa4ab,22115.435,1732.9529166666669,2,1,8,4,5,4,11.5,20,326.16,27.53772955439056,60.84692725876722,75.28992186267196,327.15844254522744,2024-12-01,2025-10-06 10:53:00.784,33,2,0,0,1,0,0,1,1,1,0,0,1,0,0,1,0,0,0,0,0,0,0,0,0,1
CUS_0x20dc,20975.4,1943.95,2,3,9,1,2,9,9.94,10,731.4,26.20504155165316,16.19679223168702,67.15820105635807,361.0400067119549,2024-12-01,2025-10-06 10:53:00.784,24,3,0,1,0,0,0,0,0,0,0,0,0,0,0,1,0,0,0,0,1,0,0,0,0,0
CUS_0x7e39,31134.22,2556.518333333333,7,6,5,3,10,10,17.23,80,1746.56,30.92023929267838,44.84666562293261,228.8713317017143,251.93383600868648,2024-12-01,2025-10-06 10:53:00.784,19,6,0,1,0,0,0,0,0,1,1,1,0,0,0,0,1,0,0,0,0,0,0,0,1,0
CUS_0x25a7,36029.3,3057.441666666667,6,6,32,8,23,17,1.2800000000000002,110,2608.97,37.764007747678,141.8851325215566,90.72121796778856,323.1378161773215,2024-12-01,2025-10-06 10:53:00.784,4,2,1,0,1,0,1,1,0,0,1,1,0,0,0,0,0,0,1,0,1,0,0,0,0,0
CUS_0x5fdb,43171.59,3812.6325,7,9,22,6,38,17,8.52,70,2028.14,29.398967876979047,11527.0,109.05098355637566,364.07730175488473,2024-12-01,2025-10-06 10:53:00.784,16,3,0,0,0,1,1,0,1,0,1,1,0,0,0,0,0,1,0,0,1,0,0,0,0,0
CUS_0x6e0d,38883.92,3163.3266666666664,6,3,11,2,15,10,16.8,110,23.58,32.48377362937091,53.58513706382647,52.56441586636879,426.5371213837915,2024-12-01,2025-10-06 10:53:00.784,27,6,0,0,0,0,0,0,0,1,1,0,0,0,0,0,1,0,0,1,0,0,0,0,0,0
CUS_0x8c13,59961.82,4983.818333333334,5,1,7,3,14,3,7.07,60,91.38,39.20207412300029,93.84233619266304,314.6982965270851,369.8412006135852,2024-12-01,2025-10-06 10:53:00.784,29,11,0,0,1,0,1,1,0,0,0,0,1,0,0,1,0,0,0,0,0,0,0,1,0,0
CUS_0x9b37,35865.45,2726.7875,6,5,7,0,8,9,3.27,70,1270.06,24.074015754013573,0.0,33.279870561930025,479.39887943806997,2024-12-01,2025-10-06 10:53:00.784,18,5,0,0,0,0,0,0,0,0,0,0,1,0,0,0,1,0,0,0,0,1,0,0,0,0
CUS_0xa8b9,23838.09,2031.5075,5,6,13,4,23,10,7.15,70,802.3,39.303353827471966,53.3080988945046,80.45043774864392,339.3922133568515,2024-12-01,2025-10-06 10:53:00.784,30,5,0,1,0,0,0,0,1,1,1,1,0,0,0,0,1,0,0,0,0,0,0,0,1,0
CUS_0xbe62,45070.56,3637.88,9,8,15,7,29,15,17.78,110,4106.9,30.750030506571235,166.2967046937647,161.98624916540345,295.5050461408318,2024-12-01,2025-10-06 10:53:00.784,13,0,1,0,0,1,1,1,1,0,1,1,0,0,0,0,0,1,0,1,0,0,0,0,0,0
CUS_0x204b,52256.67,4322.7225,10,5,21,3,60,23,19.69,130,2109.67,30.40407103051394,82.84402265818778,51.15649066531781,548.2717366764944,2024-12-01,2025-10-06 10:53:00.784,9,1,0,0,0,1,0,0,1,0,0,1,0,0,0,0,0,1,0,0,1,0,0,0,0,0
CUS_0x42e4,28204.79,2066.3991666666666,2,6,5,2,26,9,4.64,10,459.98,40.24078134081655,27.450126157616697,110.70753822181949,398.15035400107183,2024-12-01,2025-10-06 10:53:00.784,24,5,0,0,0,0,0,1,1,0,0,0,1,0,0,1,0,0,0,0,1,0,0,0,0,0
CUS_0x47ec,40314.54,3653.545,9,7,32,9,18,17,3.17,70,2209.6,34.589567924325344,284.9562117513819,259.1991181097257,101.19917013889244,2024-12-01,2025-10-06 10:53:00.784,13,5,1,1,1,1,0,0,1,1,1,1,0,0,0,0,0,1,0,0,0,0,0,1,0,0
CUS_0x7dc4,33042.48,2942.5400000000004,4,4,3,2,14,12,10.9,10,226.72,40.50656243407137,54.98819406838797,265.72262361290177,263.5431823187104,2024-12-01,2025-10-06 10:53:00.784,23,4,0,0,0,1,0,1,0,0,0,0,1,0,0,1,0,0,0,0,0,0,1,0,0,0
CUS_0x962b,1.7655551E7,11879.536666666669,6,6,6,6,31,16,13.29,70,1108.01,28.774660491460967,553.551878537163,107.79785094436974,766.603937185134,2024-12-01,2025-10-06 10:53:00.784,15,3,0,0,0,1,0,1,1,0,0,1,0,0,0,0,1,0,0,0,0,1,0,0,0,0
CUS_0x380d,17510.655,1214.2212499999996,4,6,19,0,18,10,5.6,60,1215.11,33.498206623565906,0.0,70.51195394066873,310.91017105933133,2024-12-01,2025-10-06 10:53:00.784,22,9,0,0,0,0,0,0,0,0,0,0,1,0,0,0,0,0,1,1,0,0,0,0,0,0
CUS_0x5afd,128275.84,10390.653333333334,8,6,17,0,7,16,2.87,30,1171.85,29.096539418587646,0.0,210.26885958417745,1078.7964737491561,2024-12-01,2025-10-06 10:53:00.784,16,9,0,0,0,0,0,0,0,0,0,0,1,0,0,0,1,0,0,0,1,0,0,0,0,0
CUS_0x11e2,44986.55,3689.879166666667,6,5,11,1,0,4,10.26,30,753.21,25.58628563739529,23.26713547724025,43.20363344633164,542.5171477430948,2024-12-01,2025-10-06 10:53:00.784,20,0,0,0,1,0,0,0,0,0,0,0,1,0,0,1,0,0,0,0,0,1,0,0,0,0
CUS_0x6133,85862.6,7080.216666666667,3,7,13,0,11,18,7.58,40,1201.93,28.418161392831315,0.0,285.73702119361235,682.2846454730545,2024-12-01,2025-10-06 10:53:00.784,17,2,0,0,0,0,0,0,0,0,0,1,0,0,0,0,1,0,0,1,0,0,0,0,0,0
CUS_0x29c0,64696.24,5319.3533333333335,5,3,9,4,30,8,7.25,40,1038.25,29.467556121684726,122.81481956935689,118.22473394476204,550.8957798192145,2024-12-01,2025-10-06 10:53:00.784,31,5,0,0,1,0,0,1,0,0,1,0,1,0,0,1,0,0,0,1,0,0,0,0,0,0
CUS_0x5e44,29297.14,2004.667802999039,2,5,1,0,15,6,1.8,40,1214.42,26.8742622171106,157.76053033429432,210.218261324748,286.0245720085854,2024-12-01,2025-10-06 10:53:00.784,22,11,0,0,0,0,0,0,0,0,0,0,1,0,0,1,0,0,0,0,0,0,0,1,0,0
CUS_0x88b6,93256.68,7697.39,5,7,19,1,24,17,16.79,80,1125.67,26.29770109501561,69.62122211054319,124.48026234718655,815.6375155422702,2024-12-01,2025-10-06 10:53:00.784,18,8,0,0,1,0,0,0,0,0,0,1,0,0,0,0,1,0,0,0,0,1,0,0,0,0
CUS_0xbfe4,38919.9,3215.3250000000007,8,7,13,0,7,10,10.2,0,1058.13,36.80867119574467,22.01288433547301,219.23429305074689,350.28532261378024,2024-12-01,2025-10-06 10:53:00.784,20,8,0,0,0,0,0,0,0,0,1,0,1,0,0,0,0,0,1,0,0,0,0,0,1,0
CUS_0x200a,81288.36,6765.03,10,6,17,6,13,18,24.92,100,3238.58,23.076290250381398,383.4599803750568,152.88680631914158,380.1562133058016,2024-12-01,2025-10-06 10:53:00.784,4,11,1,0,0,0,1,0,0,1,1,1,0,0,0,0,0,1,0,0,0,1,0,0,0,0
CUS_0xbbec,30962.65,2711.2208333333333,8,4,11,0,23,13,5.4,60,716.42,28.764770419880023,0.0,10000.0,422.87722339314575,2024-12-01,2025-10-06 10:53:00.784,23,11,0,0,0,0,0,0,0,0,0,0,1,0,0,0,0,0,1,0,0,0,1,0,0,0
CUS_0xb824,40021.11,3233.0925,3,5,6,1,0,9,3.44,20,148.4,33.994033510640875,19.37656741508198,61.17655434944329,492.75612823547476,2024-12-01,2025-10-06 10:53:00.784,18,9,0,0,0,0,0,0,0,0,1,0,1,0,0,1,0,0,0,0,1,0,0,0,0,0
CUS_0x1e17,15399.52,1438.293333333333,4,3,18,1,28,17,16.03,20,556.93,22.681039506551,11.418615429608494,76.73289163185878,325.67782627186614,2024-12-01,2025-10-06 10:53:00.784,28,5,0,1,0,0,0,0,0,0,0,1,0,0,0,0,1,0,0,0,0,0,0,0,1,0
CUS_0x5a89,28405.61,2645.1341666666667,7,7,6,3,35,17,8.42,40,582.97,25.93954353298247,45371.0,39.36913886279396,418.18530277661614,2024-12-01,2025-10-06 10:53:00.784,23,4,0,1,0,1,0,1,0,0,0,0,1,0,0,0,1,0,0,0,1,0,0,0,0,0
CUS_0x5fe6,29349.0,2442.75,7,6,17,2,27,19,9.88,20,1419.52,24.94000022174749,45.31352648250954,84.80217398511684,404.15929953237367,2024-12-01,2025-10-06 10:53:00.784,20,2,1,0,0,0,0,0,0,1,0,0,1,0,0,0,1,0,0,0,0,0,0,0,0,1
CUS_0x35b5,56803.71,4620.6425,7,5,25,6,44,23,16.23,110,2593.44,27.151242983425213,187.190218862138,359.73869396507706,205.13533717278492,2024-12-01,2025-10-06 10:53:00.784,6,3,1,0,0,0,0,1,0,1,1,1,0,0,0,0,0,1,0,0,0,0,1,0,0,0
CUS_0x7e70,34763.33,2907.9441666666667,7,5,8,2,15,19,7.5,50,856.97,30.600670979047766,39156.0,152.895427743872,383.31663127483336,2024-12-01,2025-10-06 10:53:00.784,18,8,1,0,0,0,0,0,0,0,0,1,0,0,0,0,1,0,0,0,0,0,1,0,0,0
CUS_0x42c0,67712.58,5549.715,3,5,15,1,11,3107,4.92,10,588.81,34.01341183999046,31.297835389824165,188.79328069372616,584.8803839164498,2024-12-01,2025-10-06 10:53:00.784,30,9,1,0,0,0,0,0,0,0,0,0,1,0,0,0,0,0,1,0,1,0,0,0,0,0
CUS_0x90fa,36918.96,2938.58,3,5,6,2,31,12,11.33,90,1190.58,33.242812661356226,41.24441838602852,230.2060975026444,292.4074841113271,2024-12-01,2025-10-06 10:53:00.784,18,9,0,0,0,1,0,0,0,0,1,0,1,0,0,0,1,0,0,0,0,0,0,0,1,0
CUS_0x986c,21298.53,1971.8775,4,5,17,4,12,19,4.69,0,134.95,34.91633220381045,31875.0,47.465400201144504,334.1765261885526,2024-12-01,2025-10-06 10:53:00.784,20,4,0,0,0,0,1,0,0,1,1,0,0,0,0,0,1,0,0,0,1,0,0,0,0,0
CUS_0xbebf,22222.15,1814.845833333333,7,6,20,4,28,9,14.91,80,81.68,37.33835716347971,44.47064856145728,55.95593420802726,331.0580005638488,2024-12-01,2025-10-06 10:53:00.784,27,8,1,0,0,1,0,0,0,0,1,1,0,0,0,0,0,0,1,0,1,0,0,0,0,0
CUS_0x5833,20320.175,1664.3479166666666,4,4,11,0,1,7,2.77,60,270.26,23.13806976916397,0.0,149.31653199787192,307.11825966879474,2024-12-01,2025-10-06 10:53:00.784,22,10,0,0,0,0,0,0,0,0,0,0,1,0,0,1,0,0,0,0,0,0,1,0,0,0
CUS_0xb167,22239.0,1859.25,4,5,11,0,14,3,1.34,20,127.91,28.80588438649629,70.17382304341935,208.8786768610945,196.87250009548612,2024-12-01,2025-10-06 10:53:00.784,28,8,1,0,0,1,0,1,0,0,1,0,1,0,0,1,0,0,0,0,0,0,1,0,0,0
CUS_0x1ca5,35413.43,2860.119166666667,6,4,6,3,5,12,4.48,50,381.28,36.547629799184975,67.2528769426232,274.7268842852083,234.0321554388352,2024-12-01,2025-10-06 10:53:00.784,32,10,0,1,0,0,0,1,0,0,0,1,0,0,0,0,1,0,0,0,0,0,1,0,0,0
CUS_0x2d07,63617.92,5231.493333333333,6,9,30,7,9,23,14.07,90,1826.94,27.118836374213533,257.52379720858227,377.0768287581111,178.54870736663997,2024-12-01,2025-10-06 10:53:00.784,6,8,0,1,1,0,0,1,0,1,1,1,0,0,0,0,1,0,0,0,0,0,1,0,0,0
CUS_0xc0e7,28468.13,2587.3441666666668,3,1,3,3,14,6,3.8,50,952.39,33.476372446671625,64.51921479772957,148.34822461243186,325.86697725650527,2024-12-01,2025-10-06 10:53:00.784,20,11,1,0,0,0,0,0,1,0,1,0,1,0,0,1,0,0,0,0,0,0,0,1,0,0
CUS_0x1a61,161689.72,13532.143333333332,0,7,6,0,16,4,1.59,50,1050.75,39.72585751529213,0.0,552.6214324154513,1050.5929009178822,2024-12-01,2025-10-06 10:53:00.784,28,9,0,0,0,0,0,0,0,0,0,0,1,0,0,1,0,0,0,0,1,0,0,0,0,0
CUS_0x22ac,57786.12,4686.51,6,6,32,6,26,19,18.69,70,1730.05,25.45930448561033,271.7490310056516,296.3164766858565,160.58549230849198,2024-12-01,2025-10-06 10:53:00.784,14,8,0,0,1,0,0,0,0,1,1,1,0,0,0,0,1,0,0,1,0,0,0,0,0,0
CUS_0x2fb9,41048.83,3379.7358333333336,4,6,11,4,14,7,5.23,40,1082.8,25.93214769836027,110.698801025945,137.75973320140324,339.51504910598516,2024-12-01,2025-10-06 10:53:00.784,23,4,0,0,0,0,0,0,1,1,0,0,1,0,0,0,0,0,1,0,1,0,0,0,0,0
CUS_0x7faa,87671.6,7202.966666666667,7,3,12,4,11,14,17.14,120,1375.37,31.087386646432645,195.77510963516343,67.7609987230084,696.7605583084949,2024-12-01,2025-10-06 10:53:00.784,14,5,0,0,0,0,0,1,1,1,0,1,0,0,0,0,1,0,0,0,0,1,0,0,0,0
CUS_0x810d,69932.08,5546.673333333332,5,1,7,0,14,5,9.25,20,109.2,34.553129148034806,0.0,168.3362975342811,666.3310357990523,2024-12-01,2025-10-06 10:53:00.784,24,3,0,0,0,0,0,0,0,0,0,0,1,0,0,1,0,0,0,0,0,0,0,1,0,0
CUS_0xac29,9654.115,620.5095833333334,6,7,18,3,60,17,14.3,140,2081.23,34.76747583668719,20.327733559387895,30.7554096446553,300.9678151292902,2024-12-01,2025-10-06 10:53:00.784,9,4,0,0,1,0,0,0,0,1,0,1,0,0,0,0,0,0,1,0,0,0,1,0,0,0
CUS_0x209a,34977.92,2670.8266666666664,6,4,3,4,5,14,2.71,40,992.64,33.70747733215814,95.27460136032886,97.5478400404655,364.2602252658722,2024-12-01,2025-10-06 10:53:00.784,18,0,0,0,1,1,0,0,0,1,1,0,1,0,0,1,0,0,0,0,0,0,1,0,0,0
CUS_0x37bc,119014.2,10116.85,4,2,12,2,6,3,8.22,40,189.33,41.48546849064703,67857.0,245.23453783763915,828.0296063324454,2024-12-01,2025-10-06 10:53:00.784,32,9,1,0,0,0,0,1,0,0,0,0,1,0,0,1,0,0,0,0,0,1,0,0,0,0
CUS_0x8966,103187.22,8420.935,0,3,6,0,9,8,4.07,40,790.99,42.463268378598926,48352.0,10000.0,910.7514833035233,2024-12-01,2025-10-06 10:53:00.784,22,6,0,0,0,0,0,0,0,0,0,0,1,0,0,0,0,0,1,0,1,0,0,0,0,0
CUS_0xb9ca,69847.44,6020.62,10,8,28,6,22,26,19.47,140,3413.05,34.694850523419625,255.27234453522323,212.56801284592774,384.22164261884905,2024-12-01,2025-10-06 10:53:00.784,5,5,0,1,1,1,0,1,1,0,1,1,0,0,0,0,0,1,0,0,1,0,0,0,0,0
CUS_0x677a,128331.42,10688.285,0,3,8,2,5,9,0.6699999999999999,20,462.96,32.34386456705821,114.9939913037042,419.44033022334116,784.3941784729548,2024-12-01,2025-10-06 10:53:00.784,29,3,1,0,0,0,0,1,0,0,0,0,1,0,0,1,0,0,0,0,1,0,0,0,0,0
CUS_0xb7f7,66250.64,5613.886666666666,8,6,18,7,49,10,13.28,80,2073.32,25.864245450061564,249.1620826334104,148.40257953118436,423.82400450207183,2024-12-01,2025-10-06 10:53:00.784,6,3,1,1,0,1,1,1,0,0,0,1,0,0,0,0,1,0,0,0,0,0,0,0,0,1
CUS_0x52bf,147334.32,12223.86,5,1,7,0,0,12,8.96,40,1133.25,40.06625267346579,0.0,690.4668648519693,811.9191351480307,2024-12-01,2025-10-06 10:53:00.784,25,3,0,0,0,0,0,0,0,0,0,0,1,0,0,1,0,0,0,0,0,0,0,1,0,0
CUS_0x670d,72471.32,6097.276666666668,8,10,30,0,27,19,9.4,110,4439.31,25.065321240141763,394.14465811549593,358.7736636086445,116.80934494252632,2024-12-01,2025-10-06 10:53:00.784,3,3,1,1,0,1,1,1,1,1,1,1,0,0,0,0,0,1,0,1,0,0,0,0,0,0
CUS_0xc06a,95389.71,7658.142499999999,6,7,16,1,24,5,11.92,10,544.02,26.154749663532705,42.20224926544056,96.48762545774805,877.1243752768112,2024-12-01,2025-10-06 10:53:00.784,29,11,0,0,0,0,1,0,0,0,0,1,0,0,0,0,1,0,0,0,1,0,0,0,0,0
CUS_0x1613,43340.44,3521.703333333333,3,5,9,1,4,11,8.76,40,539.33,37.729724874123455,35.764457689425235,10000.0,484.1870251277816,2024-12-01,2025-10-06 10:53:00.784,29,0,1,0,0,0,0,0,0,0,0,0,1,0,0,1,0,0,0,0,0,0,0,0,1,0
CUS_0xe6c,125597.52,9367.50018663296,1,3,12,4,2,9,9.89,40,1294.94,30.324257058772183,1278.1862513347712,964.5381161830327,763.3982127892344,2024-12-01,2025-10-06 10:53:00.784,30,5,0,0,0,0,1,1,0,0,1,0,0,0,0,1,0,0,0,0,0,0,0,1,0,0
CUS_0x308b,45207.54,3507.295,8,8,2724,6,24,20,9.78,130,2497.48,25.09430322022676,148.91327341500903,331.9257292023161,159.89049738267485,2024-12-01,2025-10-06 10:53:00.784,16,11,1,1,0,1,0,1,1,0,0,1,0,0,0,0,0,1,0,0,0,0,0,0,0,1
CUS_0x3278,20789.075,1807.4229166666669,5,4,1,3,12,2,11.23,30,544.01,36.70023928380103,48.0895572101854,35.958170687876475,346.69456376860484,2024-12-01,2025-10-06 10:53:00.784,33,0,0,0,0,1,1,1,0,0,0,0,1,0,0,0,0,0,1,0,1,0,0,0,0,0
CUS_0xbc0c,32637.88,2514.8233333333333,5,5,10,3,24,11,10.46,30,1061.77,33.378233608455005,69.57405666463872,30.996295006331028,400.91198166236364,2024-12-01,2025-10-06 10:53:00.784,17,10,0,0,0,1,1,0,0,1,0,1,0,0,0,0,1,0,0,0,1,0,0,0,0,0
CUS_0x500d,44998.71,3916.8925,10,5,31,3,58,9,16.65,80,2559.56,35.466178852635494,56.83945041255036,74.18352430487202,500.6662752825776,2024-12-01,2025-10-06 10:53:00.784,19,4,0,1,0,0,0,1,1,0,0,0,0,0,0,0,1,0,0,0,0,1,0,0,0,0
CUS_0x591,46010.4,3815.2,3,6,32,7,10,11,24.91,130,1274.59,24.97861962111321,182.11094591637803,342.1110347732682,137.29801931035374,2024-12-01,2025-10-06 10:53:00.784,11,4,0,0,0,1,1,0,1,0,1,1,0,0,0,0,1,0,0,0,0,0,0,1,0,0
CUS_0x8d7,110064.33,9095.0275,5,4,5,2,28,19,11.08,10,456.58,38.113553132131074,136.9409830700163,222.17864061622058,790.3831263137632,2024-12-01,2025-10-06 10:53:00.784,22,3,1,0,1,0,0,0,0,0,0,0,1,0,0,0,1,0,0,0,0,1,0,0,0,0
CUS_0x9251,56510.8,4543.233333333334,9,5,17,6,30,17,15.78,150,2731.73,29.593252758888354,43684.0,277.57416749825245,182.8297069328302,2024-12-01,2025-10-06 10:53:00.784,11,2,1,1,1,0,0,1,1,0,1,1,0,0,0,0,0,1,0,1,0,0,0,0,0,0
CUS_0xa776,38856.53,3337.044166666666,3,4,1,3,6,3,9.43,10,1375.65,30.08896504588383,51.75738955116719,211.08100735521637,340.8660197602832,2024-12-01,2025-10-06 10:53:00.784,25,4,0,0,0,0,0,0,0,1,1,0,1,0,0,0,0,0,1,0,0,0,0,0,1,0
CUS_0x30c5,19170.45,1510.5375,8,9,15,8,47,23,18.93,70,4402.46,39.121351254622205,114.42322548853274,46.35499954500803,240.27552496645924,2024-12-01,2025-10-06 10:53:00.784,9,6,1,1,1,0,0,1,1,0,1,1,0,0,0,0,0,1,0,0,1,0,0,0,0,0
CUS_0xa848,33212.27,2962.689166666666,6,6,7,6,20,17,15.02,90,45.65,27.76229749661889,130.81575783214393,10000.0,352.5212264042912,2024-12-01,2025-10-06 10:53:00.784,20,2,0,0,1,0,0,1,1,1,0,1,0,0,0,0,0,0,1,0,0,0,0,0,0,1
CUS_0xb71e,68354.84,5851.236666666668,5,5,7,7,23,10,21.95,50,914.82,27.08624996090405,241.74633356283871,127.70907329910612,465.6682598047219,2024-12-01,2025-10-06 10:53:00.784,9,6,0,1,0,1,1,1,1,1,0,1,0,0,0,0,0,0,1,0,1,0,0,0,0,0
CUS_0x3d5b,11703.605,993.3004166666666,8,4,20,0,28,19,13.87,70,1175.56,25.72193897425179,0.0,69.16501006722238,320.16503159944426,2024-12-01,2025-10-06 10:53:00.784,19,2,0,0,0,0,0,0,0,0,0,1,0,0,0,0,1,0,0,0,0,0,1,0,0,0
CUS_0xa446,44164.8,3425.4,8,7,14,4,11,7,9.08,70,1598.33,26.90956827395317,122.82908813099968,31.743114618260233,427.96779725074015,2024-12-01,2025-10-06 10:53:00.784,7,10,0,0,1,0,0,1,0,0,0,0,0,0,0,0,1,0,0,0,0,1,0,0,0,0
CUS_0x9ea,70851.84,5947.32,8,6,11,2,5,11,13.86,90,972.89,27.912150256743764,97.02789989416551,666.4340648948686,648.8412503704399,2024-12-01,2025-10-06 10:53:00.784,33,5,0,0,0,0,1,0,1,0,0,1,0,0,0,0,1,0,0,0,0,1,0,0,0,0
CUS_0x20de,52742.91,4441.2425,4,7,15,3,20,14,13.79,110,1645.23,37.24417047898467,76.63686697494155,159.49877479102125,457.9886082340373,2024-12-01,2025-10-06 10:53:00.784,12,0,1,0,0,0,1,1,0,0,0,1,0,0,0,0,1,0,0,0,1,0,0,0,0,0
CUS_0x376a,56304.16,3990.212538046356,5,7,13,5,15,14,8.8,80,1171.42,26.084225113573176,625.2852347934404,211.3296678975601,366.9872259293104,2024-12-01,2025-10-06 10:53:00.784,16,4,1,0,0,1,0,1,0,1,0,1,0,0,0,0,1,0,0,0,0,0,1,0,0,0
CUS_0x8800,15815.22,1241.935,6,10,19,5,18,20,7.89,90,2344.37,31.81285045245765,63.78234222479476,15.628512254044715,284.78264552116053,2024-12-01,2025-10-06 10:53:00.784,14,3,0,1,0,1,0,1,1,1,0,1,0,0,0,0,0,1,0,0,0,1,0,0,0,0
CUS_0xb4cc,48434.66,4201.221666666666,5,5,5,0,12,9,11.44,10,23.19,38.83205692437389,42558.0,155.78810139687513,514.3340652697915,2024-12-01,2025-10-06 10:53:00.784,23,9,0,0,0,0,0,0,0,0,0,1,0,0,0,0,1,0,0,0,1,0,0,0,0,0
CUS_0xb80e,36898.44,2957.870000000001,10,8,23,9,21,24,5.07,90,1684.17,28.200873195775053,266.50400229729024,148.8634016240621,140.41959607864771,2024-12-01,2025-10-06 10:53:00.784,13,0,1,0,1,0,1,1,1,1,0,1,0,0,0,0,0,1,0,1,0,0,0,0,0,0
CUS_0x5f59,90285.33,7342.7775,1,4,11,3,11,6,2.88,40,570.82,30.49468864182577,121.8490187455687,593.3791991641698,299.04953209026166,2024-12-01,2025-10-06 10:53:00.784,20,8,0,0,0,0,0,1,0,1,0,0,1,0,0,1,0,0,0,0,0,0,0,1,0,0
CUS_0x8f37,18014.97,1461.2475000000004,8,4,4,1,9,18,8.34,60,360.96,31.78982669067416,52709.0,196.3035287136612,264.5119844618873,2024-12-01,2025-10-06 10:53:00.784,20,8,1,0,0,0,0,0,0,0,0,0,1,0,0,0,1,0,0,0,0,0,0,1,0,0
CUS_0x17d7,141789.84,11656.82,6,6,19,1,17,17,4.02,10,1194.16,26.37778502206113,85.74180593008646,634.9142649357395,725.025929134174,2024-12-01,2025-10-06 10:53:00.784,32,4,0,0,0,0,1,0,0,0,0,1,0,0,0,0,1,0,0,0,0,0,0,1,0,0
CUS_0x7dfc,68790.22,5872.5183333333325,3,5,6,3,0,12,8.38,30,399.79,33.47356565178702,163.4102564532229,139.28016001383398,534.5614168662764,2024-12-01,2025-10-06 10:53:00.784,27,2,1,1,0,0,0,0,0,0,1,0,1,0,0,1,0,0,0,0,1,0,0,0,0,0
CUS_0x9b8b,8940.14,933.0116666666668,3,4,8,5,5,16,8.12,50,1250.27,28.931861931479176,35.22170250967845,17.89365177113389,280.1858123858543,2024-12-01,2025-10-06 10:53:00.784,7,11,0,0,1,0,1,0,0,1,0,1,0,0,0,0,1,0,0,0,0,1,0,0,0,0
CUS_0xa2db,16956.72,1696.0600000000004,5,5,13,6,30,8,18.24,40,1906.14,30.2740375017017,78.22574077418977,160.38184333303414,210.9984158927761,2024-12-01,2025-10-06 10:53:00.784,7,0,0,1,0,0,1,0,1,1,1,1,0,0,0,0,0,0,1,0,0,0,0,0,0,1
CUS_0x43c3,14424.97,1482.0808333333332,7,3,11,4,14,14,18.59,90,808.32,29.862481420351276,43.7925534716624,105.2668100817951,289.1487197798758,2024-12-01,2025-10-06 10:53:00.784,16,0,0,1,0,1,0,1,0,0,1,0,0,0,0,0,1,0,0,0,0,0,1,0,0,0
CUS_0x80ec,132753.52,10853.793333333331,5,4,6,3,1,9,10.78,50,1452.83,36.76237785096768,268.9165691281488,390.42458479630517,676.0381794088793,2024-12-01,2025-10-06 10:53:00.784,19,0,0,0,0,1,0,0,1,0,1,0,1,0,0,1,0,0,0,0,1,0,0,0,0,0
CUS_0x19a0,20618.37,1425.1975,6,6,22,2,34,20,18.74,100,1681.09,36.918347735499104,21.806686430747003,141.26134262777344,269.45172094147955,2024-12-01,2025-10-06 10:53:00.784,18,9,0,0,1,0,0,0,0,0,1,1,0,0,0,0,1,0,0,0,0,0,1,0,0,0
CUS_0x1c71,43280.82,3648.735,7,5,17,4,44,26,7.7,9990,2576.44,36.27007426023406,74.2901350692896,168.4516352103024,392.13172972040803,2024-12-01,2025-10-06 10:53:00.784,12,0,1,1,0,0,0,0,0,1,0,0,0,0,0,0,0,1,0,0,0,0,0,0,1,0
CUS_0x8124,15383.46,1325.955,3,2,1,4,8,11,6.03,13520,511.27,29.874647300934573,31.67114259018464,36.58121330694835,344.343144102867,2024-12-01,2025-10-06 10:53:00.784,18,0,0,1,0,0,0,1,1,0,0,0,1,0,0,1,0,0,0,0,0,0,0,1,0,0
CUS_0xb0d3,44272.0,3529.9396016576347,1,5,4,2,31,2,3.84,0,990.27,24.795719625600757,339.31255354713267,74.07487774996191,474.8396337119374,2024-12-01,2025-10-06 10:53:00.784,19,3,0,0,1,0,0,0,0,1,0,0,1,0,0,0,0,0,1,0,0,1,0,0,0,0
CUS_0xb87,31564.72,2629.393333333333,6,6,13,4,11,17,15.99,60,1077.62,25.954482415743453,73.39786305467443,20.78601434301293,408.75545593564595,2024-12-01,2025-10-06 10:53:00.784,16,9,0,0,0,1,1,0,1,0,0,1,0,0,0,0,1,0,0,0,0,1,0,0,0,0
CUS_0x30dd,42940.26,3828.355,3,7,2,1,12,10,6.84,30,90.74,38.19779286691913,34.679267029506825,292.29353996902813,345.86269300146506,2024-12-01,2025-10-06 10:53:00.784,18,5,0,0,0,0,1,0,0,0,0,0,1,0,0,1,0,0,0,0,0,0,1,0,0,0
CUS_0x7ce5,101912.13,8503.6775,4,0,4,0,5,3,4.83,20,152.6,42.51586126649593,0.0,411.27366724738965,719.0940827526103,2024-12-01,2025-10-06 10:53:00.784,20,6,0,0,0,0,0,0,0,0,0,0,1,0,0,0,0,0,1,0,0,0,0,0,0,1
CUS_0x81c7,17143.76,1451.6466666666663,8,8,15,0,38,17,23.39,150,3266.57,32.31402135009707,75.58541390635192,65.23975404777171,294.339498712543,2024-12-01,2025-10-06 10:53:00.784,3,0,1,0,1,1,1,0,1,0,1,1,0,0,0,0,0,1,0,0,0,0,1,0,0,0
CUS_0xe99,45461.54,3917.461666666666,6,3,5,2,20,9,11.38,60,647.24,27.26468473396545,69.31834886302312,42.941001590068666,519.4868162135749,2024-12-01,2025-10-06 10:53:00.784,16,9,0,0,1,0,0,0,0,1,0,0,1,0,0,0,1,0,0,0,0,1,0,0,0,0
CUS_0xa4c3,32179.72,2828.643333333333,8,10,34,4,21,16,15.3,130,2588.02,39.41487633255792,87.6666209732748,51.86563255150923,403.3320798085493,2024-12-01,2025-10-06 10:53:00.784,11,0,0,1,0,0,1,0,0,0,1,0,0,0,0,0,1,0,0,0,0,0,0,0,0,1
CUS_0x58e3,1.557391E7,1711.24,6,6,10,0,28,12,0.57,40,560.11,31.021094019745888,0.0,96.22104436952036,334.9029556304796,2024-12-01,2025-10-06 10:53:00.784,29,4,0,0,0,0,0,0,0,0,0,1,0,0,0,0,1,0,0,1,0,0,0,0,0,0
CUS_0x9ae4,14674.175,1199.8479166666666,2,1,6,0,13,9,2.7,40,1209.83,23.191790622520088,0.0,41.91640151006017,338.0683901566065,2024-12-01,2025-10-06 10:53:00.784,23,9,0,0,0,0,0,0,0,0,0,0,1,0,0,1,0,0,0,0,0,0,0,0,0,1
CUS_0x55fd,8291.845,946.9870833333332,8,9,29,5,18,26,23.81,150,4662.8,29.35028102457659,28.416585694787923,12.79079224767071,293.49133039087474,2024-12-01,2025-10-06 10:53:00.784,4,9,0,1,0,1,0,1,0,1,0,1,0,0,0,0,0,1,0,0,0,1,0,0,0,0
CUS_0x8a50,68281.18,5920.098333333332,4,3,2,2,4,11,9.49,50,476.18,32.28159138708467,103.32280654667072,426.1268180889345,352.56020869772806,2024-12-01,2025-10-06 10:53:00.784,17,7,0,0,0,0,1,0,0,1,0,0,0,0,0,1,0,0,0,0,0,0,1,0,0,0
CUS_0xbf3a,119612.28,9999.69,3,1,3,0,13,9,9.83,10,1274.05,33.144619332087245,0.0,583.2999462683565,686.6690537316435,2024-12-01,2025-10-06 10:53:00.784,19,6,0,0,0,0,0,0,0,0,0,0,1,0,0,1,0,0,0,0,0,0,0,0,1,0
CUS_0x3c7d,135671.32,11395.943333333336,4,5,10,4,4,0,4.82,30,1057.36,30.801244886505536,305.4040661809058,734.9306973080397,359.2595698443879,2024-12-01,2025-10-06 10:53:00.784,20,10,1,0,1,0,1,0,0,1,0,0,0,0,0,1,0,0,0,1,0,0,0,0,0,0
CUS_0x558f,26908.25,2254.3541666666665,6,5,19,3,18,17,9.86,30,546.83,25.65049872643712,52.07057309457394,36.744153382596956,376.62069018949586,2024-12-01,2025-10-06 10:53:00.784,19,4,0,1,0,0,0,1,1,0,0,0,1,0,0,0,1,0,0,0,0,1,0,0,0,0
CUS_0xa319,95401.47,8171.1225,7,7,20,4,28,11,19.38,20,921.31,39.67275561299194,230.0957676172412,552.0545071013863,304.9619752813727,2024-12-01,2025-10-06 10:53:00.784,19,2,1,0,0,0,0,0,1,1,0,1,0,0,0,0,1,0,0,0,0,0,0,0,1,0
CUS_0xbbbb,18500.54,1425.7116666666668,2,3,4,3,3,7,1.98,50,1153.0,36.642399589425175,41.79325921333727,137.78576466685922,252.9921427864702,2024-12-01,2025-10-06 10:53:00.784,25,5,0,1,1,0,0,0,0,0,1,0,1,0,0,1,0,0,0,0,0,0,1,0,0,0
CUS_0x1765,15186.175,1527.5145833333331,4,3,6,1,21,15,15.22,0,9.7,31.02592990031219,10.91506982808892,84.25057610368384,347.5858124015606,2024-12-01,2025-10-06 10:53:00.784,23,9,0,0,0,0,0,1,0,0,0,0,0,0,0,0,1,0,0,0,0,0,1,0,0,0
CUS_0x50c6,85583.02,7366.918333333334,4,1,2,3,14,2521,9.51,20,44.08,24.10881033968481,184.67647842121025,103.22427960002716,688.7910753120963,2024-12-01,2025-10-06 10:53:00.784,18,9,0,1,0,0,0,0,0,1,0,0,1,0,0,1,0,0,0,0,0,1,0,0,0,0
CUS_0x903e,57107.44,4629.953333333334,8,7,9,4,10,13,10.420000000000002,100,2112.32,38.542510275966016,175.42942226520088,578.9897520045428,443.8395851128826,2024-12-01,2025-10-06 10:53:00.784,8,10,0,1,0,1,0,0,0,0,1,1,0,0,0,0,1,0,0,0,0,0,1,0,0,0
CUS_0x3947,61141.24,5253.1033333333335,6,8,1292,8,33,17,19.99,90,2667.09,36.5991212225582,285.3807898259648,210.45537748254242,279.4741660248261,2024-12-01,2025-10-06 10:53:00.784,6,5,0,1,1,0,0,1,1,0,1,0,0,0,0,0,0,0,1,0,0,0,0,0,0,1
CUS_0x3d56,14977.93,1293.1608333333334,8,6,31,8,37,18,18.63,100,4857.54,38.19030109416392,72.66347358680184,59.60209192965897,277.05051781687257,2024-12-01,2025-10-06 10:53:00.784,13,3,1,0,0,1,0,0,1,1,1,1,0,0,0,0,0,0,1,0,0,0,0,1,0,0
CUS_0x5228,55558.71,4336.8925,10,5,32,7,22,16,19.59,130,4196.17,26.49278181110232,210.1897086921503,571.7792642845391,87.2779090798312,2024-12-01,2025-10-06 10:53:00.784,13,11,1,0,0,0,1,0,1,1,1,1,0,0,0,0,0,0,1,0,0,0,1,0,0,0
CUS_0x89aa,85744.12,7125.343333333332,6,7,11,2,29,18,18.08,50,717.79,40.55497775991556,72.09917649120034,537.0482155686957,373.3869412734373,2024-12-01,2025-10-06 10:53:00.784,15,10,0,1,0,0,0,0,0,0,1,1,0,0,0,0,1,0,0,0,0,0,0,0,1,0
CUS_0x9a86,29827.36,2722.613333333333,4,5,17,2,15,15,10.56,60,1872.75,24.50726715492293,31.496674151519752,152.90076335629578,347.86389582551783,2024-12-01,2025-10-06 10:53:00.784,6,9,0,0,1,0,0,1,0,0,0,1,0,0,0,0,1,0,0,0,0,0,0,0,0,1
CUS_0x9b0e,92699.31,7927.9425,3,3,9,4,2,0,6.33,30,46.93,40.13557509167498,217.75806385268416,158.24424480325015,656.7919413440658,2024-12-01,2025-10-06 10:53:00.784,18,3,0,0,0,1,0,1,0,1,0,0,1,0,0,0,0,0,1,0,0,1,0,0,0,0
CUS_0x9584,44705.10000000001,3856.425000000001,7,10,19,2,25,12,11.65,160,2026.71,25.550480451905432,53.02425173976759,333.62583266296923,278.9924155972633,2024-12-01,2025-10-06 10:53:00.784,7,11,0,0,0,0,1,1,0,0,0,1,0,0,0,0,1,0,0,0,0,0,0,1,0,0
CUS_0x9b22,88533.27,7323.7725,4,4,11,3,12,21,3.2300000000000004,30,364.08,36.94545996563941,183.6890271467306,79.88006253260767,708.8081603206617,2024-12-01,2025-10-06 10:53:00.784,30,10,0,0,0,0,0,1,0,1,1,0,1,0,0,0,1,0,0,0,0,1,0,0,0,0
CUS_0xc5ae,100666.59,8203.8825,3,1101,15,653,6,14,14.61,40,1233.25,23.99318524006152,197.79202753388125,830.3276546483653,72.26856781775336,2024-12-01,2025-10-06 10:53:00.784,19,4,0,1,1,0,0,1,0,1,0,1,0,0,0,0,0,0,1,0,0,0,0,1,0,0
CUS_0x2cbc,105997.47,8711.1225,3,2,8,0,9,3,2.85,50,1023.62,31.90095387650324,0.0,214.71523438342518,896.3970156165747,2024-12-01,2025-10-06 10:53:00.784,32,11,0,0,0,0,0,0,0,0,0,0,1,0,0,1,0,0,0,0,0,1,0,0,0,0
CUS_0x4f26,72200.76,5720.73,7,6,12,2,23,20,7.61,40,843.12,27.351027979795084,65.7791767041792,67.75414697704393,688.5396763187769,2024-12-01,2025-10-06 10:53:00.784,33,4,0,1,0,0,1,0,0,0,0,0,0,0,0,0,1,0,0,0,1,0,0,0,0,0
CUS_0x143d,19827.36,1469.28,8,7,17,1,18,10,9.96,60,282.29,25.017896392560303,15.0412032875037,70.85315783251433,351.033638879982,2024-12-01,2025-10-06 10:53:00.784,22,8,0,1,0,0,0,0,0,0,0,0,0,0,0,0,0,0,1,0,0,0,1,0,0,0
CUS_0x25ac,49233.0,3957.75,10,10,21,6,39,17,26.98,80,4082.37,36.1639612526253,227.44834149140172,308.9354837236624,149.3911747849359,2024-12-01,2025-10-06 10:53:00.784,2,8,0,1,1,1,0,1,1,0,0,1,0,0,0,0,0,1,0,0,0,0,1,0,0,0
CUS_0x408c,57107.52,4980.96,8,10,17,6,25,26,0.0,90,2538.7,37.58453752430149,154.70805785778015,142.4045111235427,470.9834310186772,2024-12-01,2025-10-06 10:53:00.784,13,9,0,1,1,0,1,0,0,1,0,1,0,0,0,0,0,1,0,0,0,0,0,0,1,0
CUS_0x8420,19930.93,1708.9108333333334,7,6,16,5,48,16,9.0,110,4417.41,36.65518150297544,56.85617567763767,216.62057992114543,187.41432773455026,2024-12-01,2025-10-06 10:53:00.784,14,4,0,1,1,1,1,0,0,1,0,1,0,0,0,0,0,0,1,0,0,0,1,0,0,0
CUS_0x97f7,141897.84,11987.82,4,7,6,7,16,11,16.09,100,1348.77,35.252170133905565,647.1602647203529,552.0077322732957,259.61400300635137,2024-12-01,2025-10-06 10:53:00.784,7,4,1,1,0,0,0,1,1,0,1,1,0,0,0,0,1,0,0,0,0,0,0,0,0,1
CUS_0x103e,98690.8,8262.233333333334,4,6,9,1,6,17,10.76,40,706.96,26.860663456485163,55.004407569291885,913.4813186573292,147.7376071067124,2024-12-01,2025-10-06 10:53:00.784,26,11,0,0,0,0,0,1,0,0,0,0,1,0,0,1,0,0,0,0,0,0,1,0,0,0
CUS_0x1e18,14366.56,1085.3622967330416,1,2,3,1,8,6,4.48,50,411.98,37.5285682189075,133.58884384912966,72.2334101116739,311.1501159728215,2024-12-01,2025-10-06 10:53:00.784,25,6,0,0,0,0,0,1,0,0,0,0,1,0,0,1,0,0,0,0,0,0,0,0,1,0
CUS_0x286f,121644.6,9859.007562802935,1,1,12,2,15,0,1.01,10,924.21,39.6845777687293,658.1925445358979,816.1036593107125,394.4512333504528,2024-12-01,2025-10-06 10:53:00.784,15,9,0,0,1,0,0,1,0,0,0,0,1,0,0,1,0,0,0,0,0,0,0,0,0,1
CUS_0x38df,18140.575,1764.7145833333334,1,4,5,1,12,11,2.09,40,850.7,34.84793319690131,7.954928158129438,25.20217564133087,393.3143545338729,2024-12-01,2025-10-06 10:53:00.784,17,0,1,0,0,0,0,0,0,0,0,0,0,0,0,1,0,0,0,0,1,0,0,0,0,0
CUS_0x4b76,20647.0,1714.583333333333,5,4,4,0,21,10,12.25,10,1370.19,30.84641501173799,65.57040509535044,28.214448557981157,327.67347968000166,2024-12-01,2025-10-06 10:53:00.784,32,5,0,0,1,1,1,0,0,0,0,0,1,0,0,0,0,0,1,0,1,0,0,0,0,0
CUS_0x6256,17251.0,1226.5833333333333,10,6,19,0,15,22,28.05,100,4537.36,38.28457713989111,49.92020786769209,88.42326238664906,254.3148630789922,2024-12-01,2025-10-06 10:53:00.784,10,2,0,1,1,0,1,1,1,0,1,1,0,0,0,0,0,0,1,0,0,0,0,0,1,0
CUS_0x7255,34271.96,3058.9966666666664,3,7,19,3,7,19,1.87,50,839.04,36.79446018348313,81.97543878995677,69.3329897020557,404.59123817465417,2024-12-01,2025-10-06 10:53:00.784,27,7,0,0,0,1,0,0,1,0,1,0,1,0,0,0,1,0,0,0,1,0,0,0,0,0
CUS_0xaf5f,85667.7,6966.974999999999,2,412,7,0,14,11,5.6,30,1457.34,29.69014935028697,0.0,464.9600955941068,501.73740440589324,2024-12-01,2025-10-06 10:53:00.784,21,8,0,0,0,0,0,0,0,0,0,0,1,0,0,1,0,0,0,0,0,0,0,0,1,0
CUS_0xbbff,16198.305,1089.85875,4,7,4,2,12,5,11.9,0,1439.09,35.25468192743148,14.35014610230254,37.075804255236655,317.5599246424608,2024-12-01,2025-10-06 10:53:00.784,31,3,0,0,0,0,1,0,0,0,0,0,1,0,0,1,0,0,0,1,0,0,0,0,0,0
CUS_0x233d,32488.7,2456.391666666667,7,7,25,0,52,10,8.34,160,2561.04,36.16702726786789,82.23268722060844,60.48816454133889,352.9183149047193,2024-12-01,2025-10-06 10:53:00.784,8,0,0,0,0,0,1,1,1,1,1,1,0,0,0,0,0,0,1,0,1,0,0,0,0,0
CUS_0x2963,82859.08,7200.923333333332,1,1,7,3,7,6,6.43,30,182.89,30.18500721659018,186.719704206244,333.53193215304884,479.84069697404055,2024-12-01,2025-10-06 10:53:00.784,26,9,0,0,0,0,1,0,1,1,0,0,1,0,0,0,0,0,1,0,0,0,0,1,0,0
CUS_0x62c7,60460.92,4855.41,4,6,16,1,19,5,9.3,80,1040.47,25.314857090163933,40.27501432269317,485.14235213009437,250.12363354721242,2024-12-01,2025-10-06 10:53:00.784,15,0,0,0,0,0,0,0,0,1,0,1,0,0,0,0,1,0,0,0,0,0,0,0,0,1
CUS_0x6b94,68197.72,5880.1433333333325,10,6,23,0,39,24,14.87,130,4156.67,28.75371320209415,295.03600952422784,174.16587324682854,368.8124505622769,2024-12-01,2025-10-06 10:53:00.784,3,6,1,1,1,1,1,1,1,0,1,1,0,0,0,0,0,1,0,0,1,0,0,0,0,0
CUS_0x8bcd,50778.48,4501.54,6,6,18,7,25,16,13.52,60,1554.93,37.09861814525179,152.95704567550013,309.06742410824864,268.12953021625117,2024-12-01,2025-10-06 10:53:00.784,17,6,1,0,0,1,1,0,1,1,0,1,0,0,0,0,1,0,0,0,0,0,0,1,0,0
CUS_0x89c7,16827.15,1608.2625,7,10,23,9,25,21,21.99,150,2761.57,32.197382851579626,124.4945459410904,10000.0,252.57369437049744,2024-12-01,2025-10-06 10:53:00.784,5,10,0,0,1,1,1,0,1,1,0,1,0,0,0,0,0,0,1,0,0,0,1,0,0,0
CUS_0x41a8,91570.71,7846.892499999999,3,7,20,3,25,10,8.0,60,448.59,36.736039823057695,126.95170200804029,121.10490779084816,776.6326402011115,2024-12-01,2025-10-06 10:53:00.784,12,3,0,1,0,0,1,0,0,0,1,1,0,0,0,0,1,0,0,0,0,1,0,0,0,0
CUS_0x97e3,10973.515,907.4595833333332,8,4,5,3,6,14,16.88,60,927.55,34.1937202475041,22.58008642877238,41.400293111470056,316.76557879309087,2024-12-01,2025-10-06 10:53:00.784,28,8,0,0,0,0,1,1,0,1,0,1,0,0,0,0,1,0,0,0,0,0,1,0,0,0
CUS_0xbb82,51886.18,4454.848333333333,8,7,7,4,24,16,15.76,80,1390.84,41.21423830819616,155.65671244900733,186.2834996133951,383.54462127093103,2024-12-01,2025-10-06 10:53:00.784,17,0,1,0,0,0,1,0,1,0,1,0,0,0,0,0,1,0,0,0,0,0,0,1,0,0
CUS_0x758c,19190.67,1775.2225,7,3,7,5,20,18,19.95,90,1644.44,37.35717324596185,54.14745922336186,103.30575760262421,300.06903317401384,2024-12-01,2025-10-06 10:53:00.784,15,10,0,0,1,0,0,0,1,0,1,1,0,0,0,0,1,0,0,0,0,0,0,1,0,0
