Customer_ID,Annual_Income,Monthly_Inhand_Salary,Num_Bank_Accounts,Num_Credit_Card,Interest_Rate,Num_of_Loan,Delay_from_due_date,Num_of_Delayed_Payment,Changed_Credit_Limit,Num_Credit_Inquiries,Outstanding_Debt,Credit_Utilization_Ratio,Total_EMI_per_month,Amount_invested_monthly,Monthly_Balance,snapshot_date,_ingested_at_utc,credit_history_age_year,credit_history_age_month,mortgage_loan,auto_loan,credit_builder_loan,personal_loan,not_specified,student_loan,home_equity_loan,payday_loan,debt_consolidation_loan,ohe__payment_of_min_amount__yes,ohe__payment_of_min_amount__no,ohe__payment_of_min_amount__nm,ohe__payment_of_min_amount__unknown,ohe__credit_mix__good,ohe__credit_mix__standard,ohe__credit_mix__bad,ohe__credit_mix__unknown,ohe__payment_behaviour__high_spent_small_value_payments,ohe__payment_behaviour__high_spent_medium_value_payments,ohe__payment_behaviour__high_spent_large_value_payments,ohe__payment_behaviour__low_spent_small_value_payments,ohe__payment_behaviour__low_spent_medium_value_payments,ohe__payment_behaviour__low_spent_large_value_payments,ohe__payment_behaviour__unknown
CUS_0x4797,114998.64,9729.22,4,4,9,0,15,11,7.87,30,369.08,36.4027095403416,0.0,64.89666151748472,344.01864530752266,2024-11-01,2025-10-06 10:52:47.427,18,9,0,0,0,0,0,0,0,0,0,0,1,0,0,1,0,0,0,0,0,0,0,1,0,0
CUS_0x77b3,30393.47,2760.789166666667,3,7,8,1,26,13,13.66,70,648.66,37.13731598640447,13.590245544287178,120.63575605859027,365.6236027995858,2024-11-01,2025-10-06 10:52:47.427,14,2,0,0,0,0,0,0,0,1,0,1,0,0,0,0,1,0,0,0,0,0,0,0,1,0
CUS_0xa374,34680.44,2730.6099918316863,3,3,18,0,20,11,14.72,50,551.18,26.32829185051693,405.4266748349807,324.13802241717616,279.46564424949054,2024-11-01,2025-10-06 10:52:47.427,27,6,0,0,0,0,0,0,0,0,0,0,0,0,0,0,1,0,0,0,0,0,1,0,0,0
CUS_0xacc7,92428.83,7799.4025,5,6,17,0,18,20,6.16,50,1396.62,41.83737340634868,0.0,242.8685775185381,797.071672481462,2024-11-01,2025-10-06 10:52:47.427,26,3,0,0,0,0,0,0,0,0,0,1,0,0,0,0,0,0,1,1,0,0,0,0,0,0
CUS_0x2bb0,44318.92,3491.2433333333333,6,6,8,0,9,9,15.55,40,1127.35,34.7449034648962,0.0,70.33292021398493,505.46957982893247,2024-11-01,2025-10-06 10:52:47.427,29,0,0,0,0,0,0,0,0,0,0,1,0,0,0,0,0,0,1,0,1,0,0,0,0,0
CUS_0xabd8,55663.5,4932.625,5,4,30,7,21,13,7.39,60,1319.74,29.41069626399413,223.544548232684,300.9042869224128,238.8136648449033,2024-11-01,2025-10-06 10:52:47.427,6,0,1,0,0,1,1,1,0,1,1,1,0,0,0,0,1,0,0,0,0,0,0,0,1,0
CUS_0x1c34,29987.16,2557.93,4,4,3,3,6,3,2.36,10,30.53,31.30274470564953,60.3005356305808,137.6637106949272,317.82875367449213,2024-11-01,2025-10-06 10:52:47.427,32,2,1,0,1,1,0,0,0,0,0,0,1,0,0,0,0,0,1,1,0,0,0,0,0,0
CUS_0x351d,146771.72,12197.976666666667,5,4,19,2,5,9,4.72,10,48.79,39.45294047555504,194.96003355240032,420.9908375872107,853.8467955270559,2024-11-01,2025-10-06 10:52:47.427,29,10,0,0,1,0,0,0,0,1,0,0,1,0,0,0,1,0,0,0,1,0,0,0,0,0
CUS_0x38dc,60036.75,5279.0625,7,8,34,5,46,18,26.9,150,3563.38,37.1449097615195,147.59303110175762,83.58675746773845,546.7264614305038,2024-11-01,2025-10-06 10:52:47.427,10,4,1,0,1,0,1,0,0,0,0,1,0,0,0,0,0,1,0,0,1,0,0,0,0,0
CUS_0xb7ca,9550.435,719.8695833333333,9,5,19,8,24,13,1.85,140,1823.14,23.349012079385577,48.021137822504905,36.557436529005926,257.4083839818225,2024-11-01,2025-10-06 10:52:47.427,12,8,1,0,1,1,0,1,0,1,0,1,0,0,0,0,0,1,0,0,0,0,0,0,1,0
CUS_0x4be,13627.925,1153.183343567521,5,7,11,7,33,19,12.28,90,639.32,38.05422186214956,135.3834287418645,103.24155354020748,261.7181324837403,2024-11-01,2025-10-06 10:52:47.427,7,10,1,1,0,0,1,1,0,1,0,1,0,0,0,0,1,0,0,0,0,0,0,1,0,0
CUS_0x4de0,30804.39,2448.0325,2,5,3,4,2,4,0.54,50,884.38,35.28285823517831,80.71921301091392,82.55918512914953,361.5248518599366,2024-11-01,2025-10-06 10:52:47.427,32,8,0,1,0,1,0,0,0,1,0,0,1,0,0,0,0,0,1,0,0,0,0,1,0,0
CUS_0x56e7,14581.315,1073.1095833333334,8,4,10,6,13,19,7.67,80,471.0,29.04057767184221,61.62907953515175,57.84578064892224,267.8360981492593,2024-11-01,2025-10-06 10:52:47.427,11,4,1,1,0,0,0,0,1,1,1,0,0,0,0,0,1,0,0,0,0,0,0,1,0,0
CUS_0x6d30,78035.96,6211.996666666668,5,4,17,6,26,17,16.21,60,429.44,27.71270224928757,365.1021826902591,129.10326218850759,366.9942217879002,2024-11-01,2025-10-06 10:52:47.427,19,8,0,1,0,0,0,1,1,1,0,1,0,0,0,0,1,0,0,0,0,1,0,0,0,0
CUS_0xbcf0,49465.98,4256.165,4,4,16,7,22,10,12.69,90,1694.28,36.04073386076906,252.95609499881385,100.50339287153984,312.1570121296463,2024-11-01,2025-10-06 10:52:47.427,15,11,1,1,0,0,1,0,0,0,1,1,0,0,0,0,1,0,0,0,0,1,0,0,0,0
CUS_0x28b3,37983.12,3398.26,7,1131,32,2,31,24,10.36,110,1629.11,37.38864673832301,50.43795578483841,193.48182687182097,385.9062173433406,2024-11-01,2025-10-06 10:52:47.427,9,4,0,0,0,1,0,0,1,0,0,1,0,0,0,0,0,1,0,0,0,0,1,0,0,0
CUS_0x69a2,32669.33,2850.4441666666667,3,4,7,1,14,14,3.7,20,154.63,38.54201220481772,16.36698148631289,10000.0,315.3331321316937,2024-11-01,2025-10-06 10:52:47.427,19,6,0,0,0,0,1,0,0,0,0,0,1,0,0,0,1,0,0,0,0,0,0,0,1,0
CUS_0x7666,113284.84,9516.403333333334,5,4,7,3,5,16,18.59,20,920.25,28.216687653829982,257.61661602194994,511.2635652711022,452.76015204028135,2024-11-01,2025-10-06 10:52:47.427,16,11,0,0,0,0,0,0,1,1,1,1,0,0,0,0,1,0,0,0,0,0,0,0,1,0
CUS_0x7740,14497.4,1040.1166666666666,6,10,25,6,57,25,19.54,120,4977.18,39.553609934864674,43.40016620906,88.27539391867283,242.33610653893382,2024-11-01,2025-10-06 10:52:47.427,4,11,0,0,1,1,1,0,1,0,1,1,0,0,0,0,0,1,0,0,0,0,0,0,1,0
CUS_0xbe55,16907.7,1212.944230939044,6,7,24,8,53,1178,31.0,140,2887.41,28.99477479313893,82.04425785301001,23.883015820640907,290.7009953873053,2024-11-01,2025-10-06 10:52:47.427,6,3,1,1,1,1,0,1,1,0,0,0,0,0,0,0,0,1,0,0,1,0,0,0,0,0
CUS_0x1b1a,29594.87,2493.2391666666667,5,6,7,3,29,9,9.69,110,772.83,27.679072288588124,70.19507834483241,36.10702816225242,393.0218101595818,2024-11-01,2025-10-06 10:52:47.427,29,11,0,0,1,1,0,1,0,0,0,1,0,0,0,0,1,0,0,0,1,0,0,0,0,0
CUS_0x5ac6,56180.84,4540.736666666667,6,10,33,5,21,16,24.16,100,1421.62,31.298064832323217,195.3462802997613,314.07344743735837,214.65393892954688,2024-11-01,2025-10-06 10:52:47.427,18,2,0,0,1,0,0,0,0,1,1,1,0,0,0,0,1,0,0,0,0,0,0,0,1,0
CUS_0xee6,16873.115,1582.092916666667,7,3,11,1,14,20,8.49,30,1143.31,35.042540108557226,11.225901466541725,156.18950650005846,280.79388370006643,2024-11-01,2025-10-06 10:52:47.427,32,2,0,0,0,0,0,0,0,1,0,0,1,0,0,0,0,0,1,0,0,0,1,0,0,0
CUS_0x138d,88069.62,7552.134999999998,162,7,5,3,5,8,13.72,70,1096.06,24.55571255159348,151.48940903843814,693.2090066263067,200.5150843352551,2024-11-01,2025-10-06 10:52:47.427,21,7,1,0,1,0,0,0,0,1,0,0,1,0,0,1,0,0,0,0,0,0,1,0,0,0
CUS_0xad2,26223.67,2387.3058333333333,5,6,14,3,20,8,8.06,90,462.91,25.19230098615148,54.76313024036377,124.16424470794468,349.80320838502485,2024-11-01,2025-10-06 10:52:47.427,29,9,1,0,0,1,0,0,0,0,0,1,0,0,0,0,1,0,0,0,0,0,1,0,0,0
CUS_0x5e3c,36607.63,2986.6358333333333,0,6,5,2,9,4,0.98,70,836.46,33.07283817536396,45.41123186833184,294.82572301540904,248.42662844959247,2024-11-01,2025-10-06 10:52:47.427,29,6,0,0,1,0,1,0,0,0,0,0,1,0,0,1,0,0,0,0,0,0,1,0,0,0
CUS_0x9150,131698.96,11196.913333333332,4,3,2,0,4,8,10.9,11460,959.06,36.40472578310874,0.0,380.2711898462059,438.7871705201184,2024-11-01,2025-10-06 10:52:47.427,29,8,0,0,0,0,0,0,0,0,0,0,1,0,0,1,0,0,0,0,0,0,0,1,0,0
CUS_0x4044,19151.85,1746.9875,8,9,24,2,38,13,6.89,21900,2585.2,33.836069962054964,31.780785473650518,17.412706147140977,365.5052583792085,2024-11-01,2025-10-06 10:52:47.427,15,3,0,0,0,1,0,0,1,0,0,1,0,0,0,0,0,1,0,0,0,1,0,0,0,0
CUS_0x6fe2,62214.36,4997.53,9,7,19,9,56,16,1.05,110,2892.91,28.615221008090547,339.97158180105623,225.7938589496664,203.9875592492773,2024-11-01,2025-10-06 10:52:47.427,14,5,1,0,1,0,0,1,0,1,0,1,0,0,0,0,0,1,0,0,0,0,0,0,1,0
CUS_0x94ee,42755.64,3141.5021395998256,7,8,15,6,53,21,5.01,170,1486.46,30.54948895437706,488.4043871641893,75.37834168573568,363.8821315502494,2024-11-01,2025-10-06 10:52:47.427,7,3,0,1,1,0,0,1,0,0,1,0,0,0,0,0,0,0,1,0,1,0,0,0,0,0
CUS_0xa706,96275.84,8101.986666666668,6,6,19,1,7,18,2.9400000000000004,50,999.36,28.33900507815053,64.96133685120404,129.83196666684861,855.405363148614,2024-11-01,2025-10-06 10:52:47.427,26,9,0,0,0,0,1,0,0,0,0,0,0,0,0,0,1,0,0,0,0,0,0,0,0,1
CUS_0xc1bf,16750.82,1252.9016666666666,6,7,25,5,33,16,29.46,90,2765.09,30.091454418820373,36.876502807545634,144.18704595957732,234.22661789954373,2024-11-01,2025-10-06 10:52:47.427,10,3,1,1,0,1,0,1,0,0,0,1,0,0,0,0,0,0,1,0,0,0,1,0,0,0
CUS_0x373e,21039.8,1875.3166666666664,4,5,10,0,5,11,1.19,20,8.99,35.493406042455526,0.0,252.70464631948516,224.82702034718156,2024-11-01,2025-10-06 10:52:47.427,24,6,0,0,0,0,0,0,0,0,0,0,1,0,0,0,0,0,1,0,0,0,1,0,0,0
CUS_0x4349,86763.16,7138.263333333332,4,1467,9,6,17,13,15.87,100,959.9,28.92453969254184,324.06493905603764,284.07890471202387,345.0338396000123,2024-11-01,2025-10-06 10:52:47.427,9,3,0,0,0,1,1,1,0,1,1,1,0,0,0,0,1,0,0,1,0,0,0,0,0,0
CUS_0x6c45,41600.34,3507.695,7,3,17,6,27,10,11.32,110,2600.88,23.741588610114423,137.64230965321966,169.0000479400997,324.12714240668066,2024-11-01,2025-10-06 10:52:47.427,20,4,1,0,1,0,0,1,1,0,0,1,0,0,0,0,1,0,0,0,0,0,0,1,0,0
CUS_0x815c,42373.7,3742.1416666666655,0,6,4,3,8,4,10.84,20,1391.5,27.19764270639025,88.86030124130865,87.66821334821479,447.6856520771432,2024-11-01,2025-10-06 10:52:47.427,28,9,0,0,0,0,0,1,0,1,1,0,1,0,0,1,0,0,0,0,1,0,0,0,0,0
CUS_0xc5d5,49995.18000000001,4382.265,8,6,22,6,20,18,8.54,100,1783.96,27.00650801763997,148.05426179393018,291.0002614021052,259.1719768039647,2024-11-01,2025-10-06 10:52:47.427,18,11,0,1,1,0,0,1,1,0,1,1,0,0,0,0,0,1,0,1,0,0,0,0,0,0
CUS_0x4170,23336.97,1744.7475000000004,3,4,20,1,11,21,5.96,60,276.17,32.37955795664223,17.019996170330053,187.23256857696683,260.2221852527032,2024-11-01,2025-10-06 10:52:47.427,20,10,0,0,0,0,0,0,1,0,0,0,1,0,0,0,1,0,0,0,0,0,1,0,0,0
CUS_0x4ed5,29180.37,2409.6975,4,4,4,2,28,18,4.14,60,363.07,35.743648432863004,43.76933694219254,10000.0,216.26571925854455,2024-11-01,2025-10-06 10:52:47.427,31,3,1,0,0,1,0,0,0,0,0,0,1,0,0,1,0,0,0,0,0,0,1,0,0,0
CUS_0x81e8,121274.24,9887.186666666666,2,7,10,2,11,10,8.22,60,844.6,36.8020402012089,167.4310717450765,173.83613698696308,897.4514579346271,2024-11-01,2025-10-06 10:52:47.427,27,8,0,1,0,0,1,0,0,0,0,0,0,0,0,0,0,0,1,0,1,0,0,0,0,0
CUS_0x98b5,117878.55,9836.2125,3,3,6,3,6,8,7.72,0,84.22,27.942726424324484,259.23699825623834,80.83225973038105,883.5519920133806,2024-11-01,2025-10-06 10:52:47.427,26,1,0,1,0,0,0,0,1,0,0,0,1,0,0,1,0,0,0,0,0,0,0,0,0,1
CUS_0x1835,34888.64,2771.3866666666668,5,5,20,3,29,16,17.08,60,817.6,24.7701516213974,46.09169698112407,96.82983022297876,394.2171394625638,2024-11-01,2025-10-06 10:52:47.427,8,11,1,0,1,0,0,0,0,0,0,1,0,0,0,0,0,0,1,1,0,0,0,0,0,0
CUS_0xbe1d,74203.38,5891.615000000002,4,3,19,0,10,18,12.88,90,1360.21,30.31358019690917,0.0,75.92810993481487,763.2333900651853,2024-11-01,2025-10-06 10:52:47.427,15,8,0,0,0,0,0,0,0,0,0,1,0,0,0,0,0,0,1,0,1,0,0,0,0,0
CUS_0x8998,85768.98,7148.415,2,1,8,0,1,1,3.25,20,773.33,29.965245656172787,0.0,658.9069979233416,335.93450207665853,2024-11-01,2025-10-06 10:52:47.427,23,5,0,0,0,0,0,0,0,0,0,0,1,0,0,1,0,0,0,0,0,0,0,1,0,0
CUS_0x9857,16014.16,1402.513333333333,7,6,29,9,26,24,9.47,90,1280.01,27.199780195611147,76.2232106832582,60.5583496511474,293.46977299892774,2024-11-01,2025-10-06 10:52:47.427,9,8,1,1,1,0,1,1,1,1,0,1,0,0,0,0,0,1,0,0,0,0,1,0,0,0
CUS_0xa3bb,21637.515,1542.12625,3,5,9,0,6,0,9.15,30,999.48,30.802294956136823,0.0,178.05886203903606,266.153762960964,2024-11-01,2025-10-06 10:52:47.427,31,11,0,0,0,0,0,0,0,0,0,0,1,0,0,1,0,0,0,0,0,0,1,0,0,0
CUS_0xa5e0,25312.34,1857.361666666667,4,7,5,2,11,19,10.54,20,893.13,27.40506513977432,37.091824463334405,210.12892791693463,228.51541428639763,2024-11-01,2025-10-06 10:52:47.427,20,9,1,0,0,0,0,0,0,0,0,1,0,0,0,0,0,0,1,0,0,0,1,0,0,0
CUS_0x30ab,42079.65,3561.6375,4,7,6,2,7,14,18.34,50,1460.57,31.90828429436516,53.36083741192754,82.49240640852696,470.31050617954537,2024-11-01,2025-10-06 10:52:47.427,18,5,0,0,1,0,0,1,0,0,0,1,0,0,0,0,1,0,0,0,1,0,0,0,0,0
CUS_0x58ed,57707.74,4715.9783333333335,3,3,20,4,33,16,10.01,120,1223.0,38.61145642215657,117.15831731283453,133.97596458658407,470.46355143391474,2024-11-01,2025-10-06 10:52:47.427,26,10,0,0,0,0,0,1,0,1,0,1,0,0,0,0,0,0,1,0,1,0,0,0,0,0
CUS_0x43e9,16674.26,1104.5216666666663,6,6,6,4,8,20,9.11,130,2187.49,26.23478863951418,29.62010595462748,96.66006932259857,264.1719913894406,2024-11-01,2025-10-06 10:52:47.427,18,2,0,1,0,1,0,0,0,1,0,1,0,0,0,0,1,0,0,0,0,0,0,1,0,0
CUS_0x592a,17116.42,1590.368333333333,8,6,22,7,37,20,3.64,150,2574.89,35.61174628031901,89.75068619884186,135.80128013974274,213.48486699474876,2024-11-01,2025-10-06 10:52:47.427,19,2,1,0,1,1,1,1,0,0,1,1,0,0,0,0,0,1,0,0,0,0,0,1,0,0
CUS_0x993d,89057.64,7318.47,5,3,10,2,14,23,6.32,30,600.66,28.075169434087115,75.72074704799104,10000.0,725.3539034284835,2024-11-01,2025-10-06 10:52:47.427,33,6,1,0,1,0,0,0,0,0,0,0,1,0,0,0,1,0,0,0,0,1,0,0,0,0
CUS_0x223c,142025.56,12010.463333333331,0,3,6,2,25,10,11.56,20,318.97,35.841966594894096,202.55778388866088,564.251118499708,714.2374309449646,2024-11-01,2025-10-06 10:52:47.427,31,11,0,1,0,0,0,0,1,0,0,0,1,0,0,1,0,0,0,0,0,0,0,1,0,0
CUS_0x30db,24744.78,2101.065,3,7,5,3,23,21,23.95,20,134.1,31.44241817657057,61.49631840057334,46.329639295691784,352.2805423037349,2024-11-01,2025-10-06 10:52:47.427,25,10,0,0,0,0,1,1,0,1,0,1,0,0,0,0,0,0,1,0,1,0,0,0,0,0
CUS_0x9a6,40608.96,3103.08,2,1,5,3,4,2,10.19,60,1420.76,33.44225719715941,93.0090300404568,289.7791317272145,197.51983823232877,2024-11-01,2025-10-06 10:52:47.427,18,8,1,0,1,0,0,0,0,0,0,0,1,0,0,1,0,0,0,0,0,0,0,0,1,0
CUS_0x13fb,23537.54,1906.4616666666668,7,4,8,3,16,22,7.13,60,174.06,25.391308476044497,53.55830613914775,60.697820111972504,336.39004041554637,2024-11-01,2025-10-06 10:52:47.427,9,8,1,1,0,0,0,0,0,0,0,1,0,0,0,0,1,0,0,1,0,0,0,0,0,0
CUS_0x2d16,15335.895,1023.99125,0,7,12,0,4,0,3.16,60,628.85,36.31813567731674,67968.0,58.772462812448644,298.255382646643,2024-11-01,2025-10-06 10:52:47.427,23,8,0,1,0,0,0,1,1,0,0,0,1,0,0,1,0,0,0,0,0,0,1,0,0,0
CUS_0x2dec,7698.58,731.5483333333333,9,10,29,5,59,15,22.86,120,2573.23,30.7940062377647,26.68874976589489,46.903388560756476,259.562695006682,2024-11-01,2025-10-06 10:52:47.427,5,6,0,1,1,1,0,0,1,1,0,1,0,0,0,0,0,1,0,1,0,0,0,0,0,0
CUS_0x415b,30710.59,2529.7480760494136,0,7,8,1,11,10,0.76,10,1211.61,33.72929822889625,325.06675922850536,242.3779387305759,306.0446426581718,2024-11-01,2025-10-06 10:52:47.427,19,3,0,0,0,0,1,0,0,0,0,0,1,0,0,1,0,0,0,0,0,0,1,0,0,0
CUS_0x7da4,8126.595,872.2162500000002,8,6,25,7,11,6,8.27,80,1717.09,22.09159366015131,46.26719559885268,93.04158995709356,237.91283944405376,2024-11-01,2025-10-06 10:52:47.427,11,2,1,0,1,1,0,1,0,1,1,1,0,0,0,0,0,0,1,0,0,0,1,0,0,0
CUS_0xa3d5,8215.87,598.7241188748529,6,5,25,3,38,20,6.94,60,1600.28,31.13066139420405,49.516031573055656,72.66071650261041,270.52054971614774,2024-11-01,2025-10-06 10:52:47.427,7,6,1,1,0,0,0,0,0,1,0,1,0,0,0,0,0,1,0,0,0,0,1,0,0,0
CUS_0x7be2,71889.08,6266.756666666667,7,8,22,3,43,9,18.49,150,2461.32,39.669574717310574,109.66077700968592,147.57875908374848,609.4361305732323,2024-11-01,2025-10-06 10:52:47.427,20,5,0,0,0,1,0,0,0,1,1,1,0,0,0,0,0,0,1,0,0,1,0,0,0,0
CUS_0x84bf,19433.48,1610.393924791778,6,7,33,6,36,20,22.15,80,3596.69,41.12297322017415,143.37832316316204,85.57697308646927,301.353112291924,2024-11-01,2025-10-06 10:52:47.427,7,2,0,0,1,0,0,0,1,1,1,1,0,0,0,0,0,1,0,0,0,0,1,0,0,0
CUS_0x90a2,16578.29,1423.5241666666668,8,10,21,8,48,28,28.55,80,3566.19,22.27251317525238,77.75940628824533,59.5589548191002,295.0340555593212,2024-11-01,2025-10-06 10:52:47.427,12,4,0,1,0,1,1,1,0,1,0,1,0,0,0,0,0,1,0,0,0,0,1,0,0,0
CUS_0x1535,31396.36,2469.363333333333,2,3,12,3,5,3,11.13,80,1294.44,28.1957948673722,70.75495153166449,10000.0,218.30936723744333,2024-11-01,2025-10-06 10:52:47.427,24,9,1,0,0,0,1,0,0,0,0,0,1,0,0,0,0,0,1,0,0,0,1,0,0,0
CUS_0xadcd,14592.03,947.0025,8,9,23,6,26,17,8.65,100,1673.76,25.981471170062747,55.29027463377206,59.574194304829426,269.8357810613985,2024-11-01,2025-10-06 10:52:47.427,11,11,0,1,0,0,1,1,1,1,0,1,0,0,0,0,0,0,1,0,0,0,1,0,0,0
CUS_0x10df,9929.235,828.4362500000002,4,8,23,3,16,18,11.5,140,2328.08,36.50926646104516,18.120966441843297,74.96443136195327,260.9159334781246,2024-11-01,2025-10-06 10:52:47.427,7,2,0,1,0,0,1,1,0,0,0,1,0,0,0,0,1,0,0,0,0,0,1,0,0,0
CUS_0x8e50,15597.31,1456.7758333333334,8,5,9,5,12,20,11.3,60,741.46,28.540548237054864,40972.0,131.60685101786862,238.26629233712458,2024-11-01,2025-10-06 10:52:47.427,5,9,1,0,1,1,1,0,1,0,0,1,0,0,0,0,1,0,0,0,0,0,0,0,1,0
CUS_0x438b,81557.0,6718.416666666668,9,7,18,6,54,15,22.91,120,2628.52,36.899296807421,321.4449354031973,226.20108859814755,374.1956426653219,2024-11-01,2025-10-06 10:52:47.427,12,0,1,0,1,1,0,0,1,1,0,1,0,0,0,0,0,1,0,0,1,0,0,0,0,0
CUS_0x9fe8,31527.53,2853.294166666666,6,3,11,1,27,10,3.38,30,1063.18,27.210084319499234,16.260074023443078,147.03944395534774,392.0298986878757,2024-11-01,2025-10-06 10:52:47.427,21,2,0,0,0,0,0,1,0,0,0,0,1,0,0,0,1,0,0,0,0,0,0,0,1,0
CUS_0xa2eb,56366.58,4897.215,5,3,20,2,11,20,0.0,50,327.8,42.06173744786889,65.36005762331358,177.7630682512453,490.86036319592944,2024-11-01,2025-10-06 10:52:47.427,23,9,1,0,0,0,0,0,0,1,0,1,0,0,0,0,1,0,0,0,0,0,0,0,0,1
CUS_0x3998,34374.28,2909.523333333333,5,7,15,7,16,16,12.08,120,1770.65,39.25434891082853,167.69752575205797,105.21962389103157,268.0351836902438,2024-11-01,2025-10-06 10:52:47.427,18,3,0,1,1,0,0,0,1,1,0,1,0,0,0,0,0,0,1,0,0,0,0,0,0,1
CUS_0x6333,15350.03,998.1691666666668,6,4,34,3,24,11,18.35,150,2087.18,28.52657952385141,31.92462194484361,87.80155905540394,250.09073566641914,2024-11-01,2025-10-06 10:52:47.427,12,11,0,1,0,0,1,0,0,0,1,1,0,0,0,0,0,0,1,0,0,0,0,0,1,0
CUS_0xa2ce,79626.93000000001,6564.5775,4,3,18,3,17,18,13.41,90,584.53,35.04530144274232,150.65269920889617,510.9455302658807,264.85952052522333,2024-11-01,2025-10-06 10:52:47.427,30,2,0,0,0,0,1,1,1,0,0,1,0,0,0,0,0,0,1,0,0,0,0,0,0,1
CUS_0x3e2c,43995.49,3927.290833333333,4,5,5,0,15,7,2.74,70,864.6,23.045008758835596,0.0,160.6492423229459,502.0798410103873,2024-11-01,2025-10-06 10:52:47.427,25,10,0,0,0,0,0,0,0,0,0,0,1,0,0,1,0,0,0,0,0,0,0,0,1,0
CUS_0x4963,94216.14,7587.345,3,6,5,1,22,16,1.71,20,355.07,26.86916247537167,59.90667334671614,122.6660101963592,816.1618164569246,2024-11-01,2025-10-06 10:52:47.427,22,4,0,0,0,1,0,0,0,0,0,1,0,0,0,0,1,0,0,0,0,1,0,0,0,0
CUS_0x808d,17570.26,1352.6874920045211,6,5,31,5,32,21,20.25,80,3150.5,23.24470647693073,149.64144832309955,193.44668965704122,174.03153668200488,2024-11-01,2025-10-06 10:52:47.427,14,8,0,0,1,1,0,1,0,0,0,1,0,0,0,0,0,1,0,0,0,0,1,0,0,0
CUS_0x92ca,67867.24,5389.6033333333335,7,3,14,4,5,16,11.6,90,706.85,28.277492845078093,135.00928064963378,115.37259875065271,538.5784539330468,2024-11-01,2025-10-06 10:52:47.427,16,10,1,1,0,0,0,1,0,0,0,1,0,0,0,0,1,0,0,0,0,0,0,0,0,1
CUS_0x1799,17098.88,1555.906666666667,7,4,9,4,13,20,7.14,50,1408.73,38.87421077448713,51.67002068288708,122.36722886451452,271.5534171192651,2024-11-01,2025-10-06 10:52:47.427,26,4,0,0,0,1,0,0,0,1,1,1,0,0,0,0,1,0,0,0,0,0,1,0,0,0
CUS_0x1897,35497.94,3063.161666666667,6,7,17,2,28,13,6.86,90,2284.86,23.347720759400566,39.33346977712343,222.24938278169034,314.73331410785295,2024-11-01,2025-10-06 10:52:47.427,6,9,0,0,0,0,0,1,0,0,1,1,0,0,0,0,0,0,1,0,0,0,0,0,1,0
CUS_0x4229,22032.74,2079.0616666666665,7,329,18,3,30,17,12.65,30,355.4,32.93851024551084,45.83656655459549,151.94729988169988,280.12230023037125,2024-11-01,2025-10-06 10:52:47.427,20,4,0,0,0,0,1,0,0,0,1,0,0,0,0,0,0,0,1,0,0,0,0,0,1,0
CUS_0x4605,87314.67,6498.906186631154,5,2,9,2,15,4,4.72,10,774.36,35.588813070445404,719.2247835042191,93.1855068475187,762.0282730171083,2024-11-01,2025-10-06 10:52:47.427,18,6,1,0,0,0,1,0,0,0,0,0,1,0,0,1,0,0,0,0,0,1,0,0,0,0
CUS_0x6980,41037.94,3129.828333333333,10,8,23,7,50,25,8.620000000000001,60,1735.78,27.910145591313416,155.40826964651728,36.519287273506414,361.0552764133097,2024-11-01,2025-10-06 10:52:47.427,7,3,1,1,0,0,1,0,0,0,1,1,0,0,0,0,0,1,0,0,0,1,0,0,0,0
CUS_0xacaf,19431.83,1797.319166666667,3,6,8,4,22,9,11.63,30,865.23,30.08891781632781,49.3823642037279,37.08771156687037,353.26184089606835,2024-11-01,2025-10-06 10:52:47.427,30,0,1,0,0,1,0,0,0,1,1,1,0,0,0,0,1,0,0,1,0,0,0,0,0,0
CUS_0x704,18157.03,1813.085833333333,5,5,20,4,7,13,3.2,0,762.58,31.649521604645543,68546.0,96.77611556629564,331.10191852768935,2024-11-01,2025-10-06 10:52:47.427,26,5,0,0,0,1,1,1,0,0,0,0,1,0,0,0,1,0,0,0,0,0,0,1,0,0
CUS_0xa4ba,34126.19,2619.849166666667,5,7,10,3,7,13,9.51,90,963.43,28.12691845879825,50.647099028062655,222.05691865937973,279.28089897922433,2024-11-01,2025-10-06 10:52:47.427,12,8,0,1,0,1,0,0,0,0,0,0,0,0,0,0,1,0,0,0,0,0,1,0,0,0
CUS_0x779,69332.9,5695.741666666666,7,4,14,0,5,8,16.49,0,622.41,31.933885698533462,0.0,142.23851795412017,667.3356487125465,2024-11-01,2025-10-06 10:52:47.427,24,6,0,0,0,0,0,0,0,0,0,1,0,0,0,0,1,0,0,0,0,1,0,0,0,0
CUS_0x7b79,73180.20000000001,6146.350000000001,4,5,20,1,30,10,9.98,30,59.55,35.761252496684754,38.52937703508513,112.85886528262836,713.2467576822867,2024-11-01,2025-10-06 10:52:47.427,28,0,0,0,0,0,0,0,0,0,1,0,1,0,0,0,1,0,0,0,1,0,0,0,0,0
CUS_0xc70,40566.32,3498.526666666666,4,7,20,3,21,20,8.92,100,1366.41,31.847878298914463,78.29005321648954,95.15481626941887,426.4077971807582,2024-11-01,2025-10-06 10:52:47.427,18,9,0,1,0,1,0,1,0,0,0,1,0,0,0,0,0,0,1,0,1,0,0,0,0,0
CUS_0x1231,30739.3,2298.608333333333,4,4,13,6,15,8,16.7,50,1365.58,23.40314239952093,135.2381410533745,106.45326410182086,248.16942817813796,2024-11-01,2025-10-06 10:52:47.427,18,2,0,0,0,1,0,1,0,1,0,1,0,0,0,0,1,0,0,1,0,0,0,0,0,0
CUS_0x228d,23357.87,2008.4891666666665,4,5,7,4,28,13,17.38,50,1290.06,26.777834483099014,44.87283727805653,79.07626400710015,326.89981538151,2024-11-01,2025-10-06 10:52:47.427,6,5,0,1,0,0,0,1,0,1,1,1,0,0,0,0,1,0,0,0,1,0,0,0,0,0
CUS_0x5a26,10356.98,722.0816666666666,6,10,28,8,54,20,26.06,160,3716.71,33.98136151665139,66.45682500991846,31.066230116047908,264.6851115407003,2024-11-01,2025-10-06 10:52:47.427,10,11,1,1,1,0,1,0,1,1,0,1,0,0,0,0,0,1,0,0,0,0,1,0,0,0
CUS_0xaaea,21833.79,1814.4825,5,4,6,4,13,11,5.53,80,14.56,27.051675465580534,71.28000559170587,84.50635912832851,285.66188527996565,2024-11-01,2025-10-06 10:52:47.427,24,5,1,1,0,0,0,0,0,1,0,0,1,0,0,0,0,0,1,1,0,0,0,0,0,0
CUS_0xb770,18672.765,1557.06375,4,4,6,3,5,1,5.68,20,785.46,26.05760041951233,23.984413705999064,124.65120459944755,297.0707566945534,2024-11-01,2025-10-06 10:52:47.427,21,9,0,1,0,0,0,0,0,1,1,0,1,0,0,1,0,0,0,0,0,0,1,0,0,0
CUS_0x3537,42541.92,3445.16,1231,5,7,5,8,11,12.31,50,240.24,25.14240527393121,162.37537379542317,66.62156472292564,365.51906148165114,2024-11-01,2025-10-06 10:52:47.427,13,4,1,0,0,1,0,1,0,0,1,1,0,0,0,0,1,0,0,0,1,0,0,0,0,0
CUS_0x64b4,88744.9,6628.270321393038,3,3,6,1,12,11,0.97,30,301.42,33.087033075642665,592.7253982192112,161.68030312168474,765.7731439327322,2024-11-01,2025-10-06 10:52:47.427,26,10,0,1,0,0,0,0,0,0,0,0,1,0,0,1,0,0,0,0,0,0,0,0,0,1
CUS_0x87a8,41364.36,3662.03,1,7,10,3,10,4,4.41,40,127.28,36.163905919920005,61.35231510786056,73.82531106957131,481.0253738225682,2024-11-01,2025-10-06 10:52:47.427,22,6,0,0,0,1,1,0,0,0,1,0,1,0,0,1,0,0,0,0,1,0,0,0,0,0
CUS_0x1bac,15926.285,1591.1904166666666,4,4,11,2,14,19,19.54,50,1481.35,36.38451854169238,14.817006678497476,178.5811736565482,255.72086133162102,2024-11-01,2025-10-06 10:52:47.427,21,0,0,1,0,1,0,0,0,0,0,1,0,0,0,0,1,0,0,0,0,0,1,0,0,0
CUS_0x2eb0,26980.83,2363.4025,7,3,6,2,10,13,3.41,50,156.14,37.43371731874812,38.55262710883043,217.54965188837107,250.23797100279853,2024-11-01,2025-10-06 10:52:47.427,17,3,0,0,0,0,0,0,0,1,1,0,0,0,0,0,0,0,1,0,0,0,0,0,1,0
CUS_0x631e,129780.44,11034.036666666669,5,3,18,4,27,20,11.25,100,1163.57,26.738137054249112,250.19073495315013,682.299132279738,450.9137994337786,2024-11-01,2025-10-06 10:52:47.427,22,5,0,0,0,1,0,0,1,1,1,1,0,0,0,0,1,0,0,0,0,0,0,1,0,0
CUS_0x9347,33832.58,2809.3816666666667,8,5,22,8,54,22,3.42,120,3584.4,25.16301848570605,150.27089126874677,31.688873082004427,348.9784023159156,2024-11-01,2025-10-06 10:52:47.427,0,10,1,1,0,1,1,1,1,0,1,1,0,0,0,0,0,0,1,0,1,0,0,0,0,0
CUS_0x27b9,28356.18,2425.015,10,9,31,7,36,23,16.0,120,4157.2,34.06293956192462,140.69844312173998,29.147123157747675,312.65593372051234,2024-11-01,2025-10-06 10:52:47.427,5,6,1,0,0,1,1,0,1,1,1,1,0,0,0,0,0,1,0,0,0,1,0,0,0,0
CUS_0x5624,39579.6,3206.3,6,5,10,6,19,13,17.69,50,634.77,34.14724609832981,127.94039882272877,297.65895206460107,165.0306491126702,2024-11-01,2025-10-06 10:52:47.427,17,0,0,1,1,1,0,0,0,0,1,1,0,0,0,0,1,0,0,0,0,0,0,0,1,0
CUS_0x64b,24693.09,2256.7575,4,5,5,3,11,14,8.34,0,251.4,38.43025994551499,46.78463899317254,204.41805904167637,264.47305196515117,2024-11-01,2025-10-06 10:52:47.427,31,6,0,0,1,1,0,0,1,0,0,0,0,0,0,0,1,0,0,0,0,0,1,0,0,0
CUS_0xb2c4,15046.85,984.820573841608,9,5,18,8,46,18,30.13,120,3331.26,35.17934307439737,100.48211196724336,91.39908630639424,228.4928112180877,2024-11-01,2025-10-06 10:52:47.427,12,2,0,1,1,0,0,0,1,1,1,1,0,0,0,0,0,1,0,0,0,0,0,1,0,0
CUS_0xb44d,74394.2,6393.516666666666,9,5,24,5,36,17,23.6,160,2915.01,34.751896542148984,270.58911432071733,193.5105784623213,455.2519738836282,2024-11-01,2025-10-06 10:52:47.427,3,11,0,1,1,1,0,0,0,1,0,0,0,0,0,0,0,1,0,0,0,0,0,1,0,0
CUS_0xb565,33905.67,2541.4725,8,6,16,4,6,10,15.03,70,1425.2,36.03967105775283,67.14186026737242,45.84393689818859,381.161452834439,2024-11-01,2025-10-06 10:52:47.427,17,3,0,0,1,0,1,0,1,0,0,1,0,0,0,0,1,0,0,0,0,0,0,0,0,1
CUS_0xbffe,6515990.0,2210.0325,6,3,15,3,25,12,4.89,20,400.07,23.177617480044173,69.60292048199007,51.83085897154975,339.5694705464602,2024-11-01,2025-10-06 10:52:47.427,30,10,0,1,0,0,1,0,0,1,0,1,0,0,0,0,1,0,0,0,0,1,0,0,0,0
CUS_0x15a9,10737.365,884.7804166666666,8,4,14,4,18,16,16.61,80,1126.18,38.02931709457293,19.50258105600852,28.45240847947361,300.52305213118456,2024-11-01,2025-10-06 10:52:47.427,19,0,0,0,1,1,0,0,1,0,0,1,0,0,0,0,1,0,0,1,0,0,0,0,0,0
CUS_0x412a,63433.7,5253.141666666666,1,4,5,2,0,10,5.82,20,347.01,39.37122793575597,61.35193749679132,164.8142663572124,549.147962812663,2024-11-01,2025-10-06 10:52:47.427,16,8,0,1,0,0,0,0,0,1,0,0,1,0,0,1,0,0,0,0,1,0,0,0,0,0
CUS_0x4b8,27269.1,2437.425,3,3,9,1,29,11,11.1,30,1487.56,32.60788478614756,19.6229505924858,225.4921065919038,288.6274428156104,2024-11-01,2025-10-06 10:52:47.427,20,4,0,1,0,0,0,0,0,0,0,0,1,0,0,0,0,0,1,0,0,0,1,0,0,0
CUS_0x352b,15148.98,1280.415,6,9,17,2,16,12,14.76,110,2530.46,35.322727381034525,25.18058929492429,115.58936078853168,277.271549916544,2024-11-01,2025-10-06 10:52:47.427,17,9,0,0,0,1,0,0,1,0,0,1,0,0,0,0,0,0,1,0,0,0,1,0,0,0
CUS_0x3c8b,35384.0,2960.666666666666,9,6,32,9,30,17,0.0,90,4161.42,24.490027925292296,214.3342971261814,186.22466724104493,185.50770229944038,2024-11-01,2025-10-06 10:52:47.427,4,2,1,1,1,1,0,0,1,1,0,1,0,0,0,0,0,1,0,0,0,0,1,0,0,0
CUS_0x199b,16048.76,1623.3966666666668,8,10,18,7,45,21,11.29,140,1583.58,40.44191883736981,72.00561250710996,72.33674830627787,259.68313783388885,2024-11-01,2025-10-06 10:52:47.427,14,9,1,0,1,0,1,0,1,1,1,1,0,0,0,0,1,0,0,0,0,0,1,0,0,0
CUS_0x2f53,38580.05,2928.5767626891384,0,5,4,1,9,5,2.7300000000000004,40,211.92,23.622611639340764,472.6526136867608,199.95085693469056,412.3243500227446,2024-11-01,2025-10-06 10:52:47.427,28,6,0,0,0,0,0,0,0,1,0,0,1,0,0,1,0,0,0,0,0,0,1,0,0,0
CUS_0x5715,12714.98,979.5816666666668,4,253,5,4,20,18,7.71,20,1154.56,31.89096485918261,22.19752966708309,75.5118678608173,290.2487691387663,2024-11-01,2025-10-06 10:52:47.427,22,5,1,1,1,0,0,0,0,0,0,0,1,0,0,0,1,0,0,0,0,0,1,0,0,0
CUS_0x61b7,73085.96,5947.496666666668,10,10,29,8,33,15,5.06,150,3870.22,32.96598503344273,367.0553672180876,144.15125972022156,323.54303972835754,2024-11-01,2025-10-06 10:52:47.427,1,2,0,1,1,1,1,1,1,0,0,1,0,0,0,0,0,1,0,0,0,0,0,0,0,1
CUS_0x95b5,12986.745,959.22875,4,3,10,2,28,17,11.8,70,1489.49,32.25544266260322,16.719300227776053,91.82948180540613,277.37409296681784,2024-11-01,2025-10-06 10:52:47.427,9,3,1,0,0,0,0,0,0,1,0,1,0,0,0,0,1,0,0,0,0,0,1,0,0,0
CUS_0xb818,62424.12,5010.01,7,8,29,5,56,20,19.58,60,1958.36,27.0044013168533,175.36031749584927,92.87922628223437,472.7614562219164,2024-11-01,2025-10-06 10:52:47.427,12,10,1,0,0,0,0,0,0,1,1,1,0,0,0,0,0,0,1,0,0,1,0,0,0,0
CUS_0x1551,16674.01,1342.5008333333333,1,4,5,0,11,7,3.97,40,1471.88,25.695562740420968,13.632310559757302,39.53110723974938,341.08666553382665,2024-11-01,2025-10-06 10:52:47.427,16,5,0,1,0,0,0,0,0,0,0,0,0,0,0,1,0,0,0,1,0,0,0,0,0,0
CUS_0x8519,165671.16,13814.93,3,4,11,0,0,2,10.6,50,52.76,34.225364532969905,0.0,861.9344182007802,779.5585817992198,2024-11-01,2025-10-06 10:52:47.427,29,0,0,0,0,0,0,0,0,0,0,0,1,0,0,0,0,0,1,1,0,0,0,0,0,0
CUS_0xa125,10179.645,556.30375,8,7,21,2,20,19,13.47,90,1762.12,31.53920421174572,11.0601628480623,45.77188452098754,288.79832763095015,2024-11-01,2025-10-06 10:52:47.427,7,9,1,0,1,0,0,0,0,0,0,1,0,0,0,0,1,0,0,0,0,0,1,0,0,0
CUS_0x6d40,85432.84,7279.403333333333,5,4,16,1,13,11,4.62,50,295.87,41.40546181480904,41.122890251048936,316.45548007820497,660.3619630040794,2024-11-01,2025-10-06 10:52:47.427,33,0,0,0,0,0,1,0,0,0,0,1,0,0,0,0,1,0,0,0,0,0,1,0,0,0
CUS_0x804,20133.61,1671.8008333333337,8,7,18,6,12,18,8.1,70,1265.65,32.79560119353484,54.97308367155193,225.3027132206993,176.90428644108206,2024-11-01,2025-10-06 10:52:47.427,13,5,0,1,1,0,1,1,0,0,0,1,0,0,0,0,1,0,0,0,0,0,1,0,0,0
CUS_0x9bc8,44812.78,3770.398333333333,3,6,12,0,9,16,7.57,310,628.32,29.967204630887625,0.0,176.10493824930543,555.1462634041569,2024-11-01,2025-10-06 10:52:47.427,31,2,0,0,0,0,0,0,0,0,0,0,1,0,0,1,0,0,0,0,0,0,0,0,1,0
CUS_0x2058,14501.97,1477.4975,8,6,30,0,21,17,17.64,60,4676.1,22.699017535305728,35.28483111646098,139.22479893411958,263.24011994941947,2024-11-01,2025-10-06 10:52:47.427,14,3,1,0,1,0,0,0,0,0,1,1,0,0,0,0,0,1,0,0,0,0,1,0,0,0
CUS_0x8e00,18849.55,1795.7958333333331,7,10,32,5,52,15,5.23,120,2687.09,28.720480375126662,64.24406439111429,64.44759343994545,320.8879255022736,2024-11-01,2025-10-06 10:52:47.427,16,0,1,0,0,1,0,0,0,1,1,1,0,0,0,0,0,0,1,0,0,0,0,0,1,0
CUS_0x444c,17174.67,1225.7815528195415,6,7,19,0,15,9,6.95,60,891.74,32.6736296318458,123.4409471804582,51.794937279278024,363.127312720722,2024-11-01,2025-10-06 10:52:47.427,17,9,0,0,0,0,0,0,0,0,0,0,1,0,0,0,0,0,1,0,0,0,0,1,0,0
CUS_0x85da,77751.8,6515.316666666668,10,10,19,5,40,21,10.12,80,2442.69,36.25093952399248,320.6438680590049,226.7796536804936,354.10814492716827,2024-11-01,2025-10-06 10:52:47.427,20,5,1,0,1,1,1,0,0,0,0,1,0,0,0,0,0,1,0,0,1,0,0,0,0,0
CUS_0xbbaf,57778.98,4766.915,8,5,26,2,19,18,11.71,120,2268.52,32.873892690763824,63.73594797146689,242.45412451889587,430.5014275096372,2024-11-01,2025-10-06 10:52:47.427,9,4,0,0,0,0,1,0,0,1,0,1,0,0,0,0,1,0,0,1,0,0,0,0,0,0
CUS_0x542f,12763.795,1220.649583333333,8,6,20,4,8,6,8.76,0,1472.02,40.45529962132022,31.043070581149863,42.73731984002861,293.41447080259996,2024-11-01,2025-10-06 10:52:47.427,29,0,0,0,1,0,0,1,1,0,1,0,1,0,0,0,0,0,1,0,0,0,0,1,0,0
CUS_0x7210,13231.53,1379.6275,5,5,12,5,30,13,23.46,80,292.4,33.93389426064482,36.263507894252726,59.075153689230916,332.6240884165164,2024-11-01,2025-10-06 10:52:47.427,18,10,1,0,1,0,0,1,1,0,0,0,0,0,0,0,0,0,1,0,0,0,1,0,0,0
CUS_0x993a,26649.48,2040.79,4,6,4,4,23,20,7.49,70,496.59,28.324742962606848,73.10945320729726,134.14247969373957,256.8270670989632,2024-11-01,2025-10-06 10:52:47.427,24,2,1,1,0,1,0,1,0,0,0,0,1,0,0,0,0,0,1,1,0,0,0,0,0,0
CUS_0x9cea,19997.48,1562.456666666667,8,8,27,7,37,25,9.82,100,3723.83,34.69913758073583,94.15938052147632,85.63967824337641,236.446607901814,2024-11-01,2025-10-06 10:52:47.427,3,0,0,0,0,0,1,1,1,0,1,1,0,0,0,0,0,1,0,1,0,0,0,0,0,0
CUS_0x41a1,14225.96,1422.496666666667,1067,9,15,8,34,16,29.0,160,3934.02,25.483885195409307,82.74819118925879,93.66667363011938,245.8348018472885,2024-11-01,2025-10-06 10:52:47.427,1,5,1,0,1,1,0,0,1,0,1,1,0,0,0,0,0,0,1,0,0,0,0,1,0,0
CUS_0x4394,16974.83,1527.569166666667,3,6,14,5,6,17,19.93,80,1426.88,33.040410384267965,54.635904118269146,10000.0,335.09121194977496,2024-11-01,2025-10-06 10:52:47.427,17,8,1,0,0,0,1,0,0,1,1,1,0,0,0,0,1,0,0,0,0,0,0,1,0,0
CUS_0x6df3,71290.06,6199.838333333332,8,3,17,0,5,15,7.26,80,1314.99,36.08104036279918,0.0,78.04659894721972,791.9372343861136,2024-11-01,2025-10-06 10:52:47.427,18,5,0,0,0,0,0,0,0,0,0,1,0,0,0,0,1,0,0,0,1,0,0,0,0,0
CUS_0x9c9f,17199.795,1489.31625,8,6,20,4,30,9,11.28,50,1285.78,40.34955762887071,35.003768821985155,58.70279244614764,315.2250637318672,2024-11-01,2025-10-06 10:52:47.427,15,10,0,0,0,1,0,0,0,1,0,1,0,0,0,0,0,0,1,0,0,0,0,0,0,1
CUS_0x2877,80591.2,6453.9333333333325,4,4,32,2,27,8,9.62,80,2024.84,31.905991973665444,97.89725769153412,565.2692953119252,262.22678032987403,2024-11-01,2025-10-06 10:52:47.427,13,9,0,1,0,0,0,1,0,0,0,1,0,0,0,0,0,0,1,0,0,0,0,1,0,0
CUS_0x2c74,9110.175,753.18125,7,7,33,6,42,24,26.8,120,1814.67,38.593323900032615,39.014965427153406,36.85077366315893,289.4523859096877,2024-11-01,2025-10-06 10:52:47.427,19,5,0,1,1,0,0,0,1,1,0,1,0,0,0,0,0,1,0,0,0,0,1,0,0,0
CUS_0xc08,20017.24,1481.1033333333337,8,9,30,8,48,19,7.81,80,4364.82,25.1300784429559,109.0151652473657,66.49085722378886,262.6043108621788,2024-11-01,2025-10-06 10:52:47.427,5,0,0,0,1,1,1,1,0,1,1,1,0,0,0,0,0,1,0,0,0,0,1,0,0,0
CUS_0x67f0,49619.7,4195.975,9,8,31,8,42,23,0.56,130,1474.26,35.34784290194713,203.6631816856104,160.8796296656457,389.20217813241004,2024-11-01,2025-10-06 10:52:47.427,9,2,0,1,0,1,0,1,1,1,1,1,0,0,0,0,0,1,0,0,1,0,0,0,0,0
CUS_0x98ec,19677.0,1659.1444731798,9,5,30,5,49,20,5.52,80,1619.3,37.108260478960254,176.04128452662565,111.52787923462229,271.1113630589519,2024-11-01,2025-10-06 10:52:47.427,20,2,0,1,1,1,0,1,1,0,0,1,0,0,0,0,0,1,0,0,0,0,0,0,1,0
CUS_0x5430,71367.5,5860.291666666668,5,4,750,0,21,9,0.81,30,363.59,27.05293589922781,0.0,587.7828716926582,288.24629497400866,2024-11-01,2025-10-06 10:52:47.427,24,5,0,0,0,0,0,0,0,0,0,1,0,0,0,0,1,0,0,0,0,0,1,0,0,0
CUS_0x54b7,29269.81,2141.1508333333336,5,7,10,2,23,14,13.67,60,504.78,26.048357881682804,39.1765638815655,248.42521746427656,216.5133019874913,2024-11-01,2025-10-06 10:52:47.427,31,0,0,0,1,0,0,0,0,1,0,1,0,0,0,0,1,0,0,0,0,0,1,0,0,0
CUS_0x73e8,9500.235,947.68625,4,3,11,3,20,9,2.3,40,459.49,32.867090089802495,17.71699643114188,92.64341170963877,274.4082168592193,2024-11-01,2025-10-06 10:52:47.427,31,3,0,0,0,0,0,1,1,0,0,0,1,0,0,0,0,0,1,0,0,0,1,0,0,0
CUS_0x85a7,41504.48,3405.706666666667,2,7,5,4,0,4,10.08,60,731.25,30.12492463070447,104.94380127866758,105.14243643760712,410.484428950392,2024-11-01,2025-10-06 10:52:47.427,29,2,1,0,0,0,1,0,1,1,0,0,1,0,0,1,0,0,0,0,0,0,0,1,0,0
CUS_0x26b1,160052.2,13580.683333333334,4,25,10,2,5,8,0.51,70,1118.35,38.55765237786071,207.8648074833567,833.6731793514674,576.5303464985094,2024-11-01,2025-10-06 10:52:47.427,21,11,0,0,0,0,1,1,0,0,0,0,1,0,0,1,0,0,0,1,0,0,0,0,0,0
CUS_0x37c4,30303.3,2268.275,6,6,6,4,25,15,6.74,0,102.53,26.693953210492893,84.1803719264027,90.78392965556858,301.86319841802873,2024-11-01,2025-10-06 10:52:47.427,32,9,0,0,0,0,0,0,0,1,1,0,1,0,0,0,0,0,1,0,1,0,0,0,0,0
CUS_0x52cf,13511.76,1237.98,6,6,18,4,11,10,10.07,20,97.99,32.22777758170077,25.03786650052818,15.842893087823255,322.9172404116485,2024-11-01,2025-10-06 10:52:47.427,23,8,0,0,1,0,0,0,1,0,1,0,1,0,0,0,0,0,1,0,0,1,0,0,0,0
CUS_0x75ff,60040.5,5258.375,8,10,34,7,43,22,29.37,150,3979.41,25.55369601508596,312.9915214066588,10000.0,357.19528838175796,2024-11-01,2025-10-06 10:52:47.427,13,5,0,1,1,1,0,1,1,0,0,1,0,0,0,0,0,1,0,0,0,0,0,0,0,1
CUS_0x8204,32414.96,2826.2466666666664,6,5,15,6,38,15,9.06,160,2129.39,27.491489361473512,81.55170275134108,114.16173804557371,376.9112258697519,2024-11-01,2025-10-06 10:52:47.427,14,4,1,0,0,0,1,1,0,0,1,1,0,0,0,0,0,0,1,0,0,0,1,0,0,0
CUS_0x9135,19567.0,1681.583333333333,7,10,28,7,25,22,6.77,60,2202.33,25.94647880013401,86.44355609092298,212.40834655349477,159.30643068891558,2024-11-01,2025-10-06 10:52:47.427,18,6,1,1,1,0,1,0,1,0,1,1,0,0,0,0,0,1,0,0,0,0,0,0,0,1
CUS_0x107e,75095.91,6269.9925,5,6,15,6,9,10,20.53,80,989.71,24.21913739089471,78446.0,10000.0,234.06656029063686,2024-11-01,2025-10-06 10:52:47.427,12,0,0,0,0,1,0,1,1,1,0,1,0,0,0,0,1,0,0,0,0,0,0,1,0,0
CUS_0x1b7e,9477.76,911.8133333333334,6,9,32,0,26,13,22.71,130,3325.3,36.55112785430093,37.29515920549584,94.09494730320722,239.79122682463023,2024-11-01,2025-10-06 10:52:47.427,6,4,1,1,1,0,1,0,0,0,1,1,0,0,0,0,0,0,1,0,0,0,0,1,0,0
CUS_0x1ce1,83521.24,7162.1033333333335,4,4,14,2,4,10,15.16,130,555.44,32.51144906318213,121.27252751221762,252.7402624378552,612.1975433832606,2024-11-01,2025-10-06 10:52:47.427,21,6,0,1,0,0,0,0,0,1,0,1,0,0,0,0,1,0,0,0,0,0,0,0,1,0
CUS_0x6b1c,43790.4,3845.2,8,6,31,8,39,21,27.91,110,2830.52,27.40134981827539,221.1676466435126,426.30923436560823,27.04311899087918,2024-11-01,2025-10-06 10:52:47.427,12,8,1,1,1,1,0,1,1,0,1,1,0,0,0,0,0,0,1,0,0,0,1,0,0,0
CUS_0x74b2,86415.56,7104.296666666666,5,4,16,4,12,18,13.3,110,107.03,37.692343429465744,177.59120222664802,266.0204055020421,546.8180589379766,2024-11-01,2025-10-06 10:52:47.427,8,4,1,0,0,0,1,1,0,0,0,1,0,0,0,0,1,0,0,0,0,0,0,1,0,0
CUS_0xa95,24098.63,2087.594393189436,1731,3,16,4,29,8,10.87,0,560.58,23.745819685278395,285.0638040404864,227.41808126106395,216.86480484234718,2024-11-01,2025-10-06 10:52:47.427,22,4,0,1,0,0,0,0,1,0,0,0,1,0,0,0,1,0,0,0,0,0,1,0,0,0
CUS_0xaea,15508.05,1166.3375,4,6,10,1,17,12,19.31,90,597.13,29.01920815088932,6.7501194879651925,44.012760716366635,355.87086979566817,2024-11-01,2025-10-06 10:52:47.427,29,0,0,0,0,0,0,0,1,0,0,1,0,0,0,0,1,0,0,0,0,0,1,0,0,0
CUS_0x20d0,40692.4,3686.033333333333,9,8,18,6,29,14,1.3200000000000005,120,4128.29,34.81285722768242,200.62661319271385,10000.0,205.27185938412555,2024-11-01,2025-10-06 10:52:47.427,5,11,0,1,1,0,0,1,1,0,1,1,0,0,0,0,0,1,0,1,0,0,0,0,0,0
CUS_0x2366,9126.455,490.53791666666666,10,7,33,5,38,21,28.57,120,4997.05,34.849122721082985,33.01629307281043,50.28345859080932,245.75404000304687,2024-11-01,2025-10-06 10:52:47.427,9,8,0,1,0,1,0,0,1,0,0,1,0,0,0,0,0,0,1,0,0,0,0,1,0,0
CUS_0x4c09,128501.8,10624.483333333334,3,8,7,3,10,3,1.25,0,833.92,37.46085385973412,175.3479404048245,245.27735523297662,881.8230376955322,2024-11-01,2025-10-06 10:52:47.427,29,4,1,1,0,0,0,0,0,0,1,0,1,0,0,1,0,0,0,0,0,1,0,0,0,0
CUS_0x85ba,29944.64,2787.3866666666668,8,4,4,1,24,13,1.41,30,1337.15,26.03651169204318,22.237681266645072,82.39844883191692,424.10253656810477,2024-11-01,2025-10-06 10:52:47.427,24,0,0,0,0,1,0,0,0,0,0,0,1,0,0,0,0,0,1,0,1,0,0,0,0,0
CUS_0x4238,39431.65,3447.9708333333333,5,4,2,1,13,1,7.87,40,1392.78,26.01021082709509,19.88457141101505,94.21594633701064,510.69656558530767,2024-11-01,2025-10-06 10:52:47.427,24,6,0,0,0,0,0,0,0,0,1,0,1,0,0,1,0,0,0,0,0,0,0,1,0,0
CUS_0x5e59,15303.58,1179.2983333333334,8,1452,23,7,47,15,5.8599999999999985,70,1602.27,28.125580315378645,68.24132048087836,26.446694795843392,273.2418180566116,2024-11-01,2025-10-06 10:52:47.427,18,4,1,0,0,1,1,0,1,0,1,1,0,0,0,0,0,0,1,0,1,0,0,0,0,0
CUS_0x6312,31780.12,2473.343333333333,10,6,24,0,59,19,6.9,100,1963.21,24.733009561111377,71.60048004190052,170.50330506209798,265.2305482293349,2024-11-01,2025-10-06 10:52:47.427,9,0,0,1,1,0,0,1,0,0,0,1,0,0,0,0,0,1,0,1,0,0,0,0,0,0
CUS_0x6dde,18623.07,1746.9225,10,7,33,7,21,21,2.72,120,1354.83,28.749161069735287,60.55603489262473,118.75632194533978,265.3798931620355,2024-11-01,2025-10-06 10:52:47.427,19,11,1,1,0,1,0,0,1,1,0,1,0,0,0,0,0,0,1,0,0,0,0,0,1,0
CUS_0x10b3,136150.6,11127.883333333331,1,5,9,3,10,3,10.72,30,260.29,35.958594509030085,177.65407218247665,1302.3574307873828,898.3588009083421,2024-11-01,2025-10-06 10:52:47.427,27,4,0,1,0,0,0,1,0,0,0,0,0,0,0,0,0,0,1,0,0,0,1,0,0,0
CUS_0x5b2,28144.3,2307.358333333333,7,7,24,7,30,25,16.33,80,2959.98,30.339378075655013,150.49097237085013,142.32295847277098,227.92190248971218,2024-11-01,2025-10-06 10:52:47.427,9,6,0,1,0,1,1,1,1,0,0,1,0,0,0,0,0,1,0,0,0,0,1,0,0,0
CUS_0x95c2,33498.8,2567.566666666667,1,3,10,1,25,8,0.63,40,787.72,33.42360074764653,27.364965130952054,123.54456066411473,395.8471408715999,2024-11-01,2025-10-06 10:52:47.427,30,6,0,0,0,0,0,0,1,0,0,0,1,0,0,1,0,0,0,0,0,0,1,0,0,0
CUS_0x746e,78401.25,6475.4375,3,3,17,3,20,10,3.97,0,444.02,27.6332770425348,131.9938044562555,115.02191862944102,640.5280269143036,2024-11-01,2025-10-06 10:52:47.427,18,8,0,1,0,0,1,0,0,0,1,0,1,0,0,0,0,0,1,0,0,1,0,0,0,0
CUS_0x548b,66522.06,5409.505,8,4,7,3,26,13,15.95,50,561.13,27.845019923983283,117.08800475134936,291.63301215133583,422.2294830973149,2024-11-01,2025-10-06 10:52:47.427,15,10,0,0,0,0,1,1,1,0,0,1,0,0,0,0,1,0,0,0,0,0,1,0,0,0
CUS_0x5684,77335.86,6164.655,3,4,19,4,29,20,11.88,40,284.69,39.08808767772463,239.01787644323343,150.78263837689778,476.6649851798687,2024-11-01,2025-10-06 10:52:47.427,29,11,0,0,0,1,1,0,0,1,0,0,1,0,0,0,1,0,0,0,1,0,0,0,0,0
CUS_0x5f66,17417.6,1534.4666666666665,9,10,25,9,30,22,26.92,140,4837.96,24.867993506680733,69.93684384606172,129.83744780846092,233.67237501214402,2024-11-01,2025-10-06 10:52:47.427,6,4,1,1,0,1,0,1,0,1,1,1,0,0,0,0,0,1,0,0,0,0,0,1,0,0
CUS_0x6263,14956.12,1235.3433333333337,2,6,1,2,30,6,9.17,20,851.44,36.04211008948762,17.739127202249307,44.23475294595796,351.5604531851261,2024-11-01,2025-10-06 10:52:47.427,18,9,0,0,0,0,0,0,0,0,1,0,1,0,0,1,0,0,0,0,0,0,1,0,0,0
CUS_0x7840,44740.76,4009.396666666667,3,5,11,0,23,18,0.55,0,435.21,35.736892359152336,0.0,51.80536658968514,589.1343000769816,2024-11-01,2025-10-06 10:52:47.427,26,0,0,0,0,0,0,0,0,0,0,0,0,0,0,1,0,0,0,0,0,0,0,0,0,1
CUS_0x9dc3,59154.04,4090.097333269687,2,5,8,1,23,10,11.4,40,1346.13,31.418225212083,10306.0,173.2666752942369,503.32809795300795,2024-11-01,2025-10-06 10:52:47.427,22,4,0,0,0,0,0,0,0,1,0,0,1,0,0,1,0,0,0,0,0,0,0,0,0,1
CUS_0xaea7,80669.44,6502.453333333334,8,8,816,5,46,26,24.55,120,3461.24,26.262594849774786,190.42943498024985,190.71366286352279,529.1022354895608,2024-11-01,2025-10-06 10:52:47.427,14,2,0,0,1,0,0,0,1,1,0,1,0,0,0,0,0,0,1,1,0,0,0,0,0,0
CUS_0x7e1a,28637.08,2167.4233333333336,3,7,1,3,10,12,10.91,40,967.75,27.914414331229978,67.84487079581181,222.12115194589543,216.7763105916261,2024-11-01,2025-10-06 10:52:47.427,29,2,1,0,0,0,0,1,0,0,1,0,1,0,0,1,0,0,0,0,0,0,1,0,0,0
CUS_0x3bb6,99802.48,8244.873333333333,4,3,17,4,17,3684,5.27,0,248.48,39.34672057128259,210.4580591438012,539.464482241506,354.56479194802614,2024-11-01,2025-10-06 10:52:47.427,25,11,1,0,0,0,0,0,0,1,0,0,1,0,0,0,0,0,1,0,0,0,0,1,0,0
CUS_0xa9bb,84408.16,7211.013333333332,4,5,18,3,24,12,13.29,80,645.83,37.05399993625775,174.79903442732436,165.25642687268308,631.0458720333261,2024-11-01,2025-10-06 10:52:47.427,7,9,0,0,1,0,0,1,0,1,0,0,0,0,0,0,1,0,0,0,1,0,0,0,0,0
CUS_0x3e35,16988.435,1531.7029166666669,0,1,10,1,12,1,1.55,0,1065.23,37.330467285590814,12.761590058914434,38.789253648513096,341.6194479592392,2024-11-01,2025-10-06 10:52:47.427,29,8,0,0,0,0,0,0,0,1,0,0,1,0,0,0,0,0,1,0,0,1,0,0,0,0
CUS_0x53cb,16072.1,1585.341666666667,8,4,15,7,30,5,13.21,100,1463.64,23.60536917671332,54.74915665691393,195.64928236244597,198.13572764730682,2024-11-01,2025-10-06 10:52:47.427,14,4,1,0,0,1,1,1,1,1,0,1,0,0,0,0,1,0,0,0,0,0,1,0,0,0
CUS_0x6f31,20460.96,1655.08,10,8,31,5,57,19,27.98,110,3580.71,35.907766089052785,57.97780813601928,10000.0,306.62343641442874,2024-11-01,2025-10-06 10:52:47.427,10,11,1,0,0,1,0,0,1,0,0,1,0,0,0,0,0,1,0,0,1,0,0,0,0,0
CUS_0x979c,18721.3,1684.1083333333331,4,5,28,3,17,11,11.26,50,2646.59,23.627916004636287,46.593545904518784,30.77737958045652,351.0399078483581,2024-11-01,2025-10-06 10:52:47.427,8,4,1,0,0,1,0,0,0,0,0,1,0,0,0,0,1,0,0,1,0,0,0,0,0,0
CUS_0x9bae,70981.16,5909.096666666667,8,9,25,7,42,21,1.91,80,4529.63,28.428857926657518,213.52038758134412,112.73561857384159,504.653660511481,2024-11-01,2025-10-06 10:52:47.427,2,0,1,1,1,0,0,0,0,1,1,1,0,0,0,0,0,1,0,0,0,1,0,0,0,0
CUS_0x5b02,28446.58,2597.5483333333336,3,5,5,4,2,8,1.12,40,640.4,33.58524404191976,66.06402666108605,61.493720841947024,372.1970858303003,2024-11-01,2025-10-06 10:52:47.427,27,3,0,0,0,1,1,0,0,0,1,0,0,0,0,1,0,0,0,0,0,1,0,0,0,0
CUS_0x8669,170759.4,13947.95,2,1,10,3,5,1,3.15,80,12.65,34.663562692949554,358.8601965712291,261.43870938963323,1024.4960940391375,2024-11-01,2025-10-06 10:52:47.427,26,2,0,0,0,0,1,1,1,0,0,0,1,0,0,0,0,0,1,0,1,0,0,0,0,0
CUS_0x832f,17329.075,1167.0895833333334,0,4,5,3,1,8,9.2,40,126.19,33.030743095501144,24.096394131556377,89.34203323035611,273.27053097142084,2024-11-01,2025-10-06 10:52:47.427,26,5,1,0,1,0,1,0,0,0,0,0,1,0,0,1,0,0,0,0,0,0,0,0,0,1
CUS_0xaa84,33520.04,2607.3366666666666,8,6,13,4,14,11,5.58,30,673.04,38.72827944031184,82.39694576462078,251.43803106239696,206.89868983964888,2024-11-01,2025-10-06 10:52:47.427,21,9,0,0,0,0,1,0,1,0,0,0,1,0,0,0,1,0,0,0,0,0,0,0,0,1
CUS_0xb57,63248.52,5074.71,7,10,268,3,11,8,11.989999999999998,100,2111.68,23.260315508776216,134.64348385830948,270.8267354998028,382.0007806418877,2024-11-01,2025-10-06 10:52:47.427,10,9,0,1,1,0,1,0,0,0,0,1,0,0,0,0,1,0,0,0,0,0,0,1,0,0
CUS_0x2551,32390.15,2580.179166666667,3,6,5,0,10,17,8.81,40,596.56,28.318017044456944,0.0,10000.0,366.2070410091616,2024-11-01,2025-10-06 10:52:47.427,29,11,0,0,0,0,0,0,0,0,0,0,1,0,0,0,1,0,0,1,0,0,0,0,0,0
CUS_0x3e5a,15155.81,1181.9841666666666,7,4,33,3,22,11,8.3,90,1970.9,32.25019719398729,22.820324122737155,114.36185646791687,271.0162360760126,2024-11-01,2025-10-06 10:52:47.427,14,8,1,1,1,0,0,0,0,0,0,1,0,0,0,0,0,0,1,0,0,0,1,0,0,0
CUS_0x8517,58372.92,5067.41,7,9,18,5,41,20,26.77,100,3267.56,36.291381636496894,178.04430649179264,189.88134439184427,398.81534911636317,2024-11-01,2025-10-06 10:52:47.427,12,11,1,0,0,1,1,0,1,0,0,1,0,0,0,0,0,1,0,1,0,0,0,0,0,0
CUS_0xabc6,20380.51,1854.375833333333,8,3,20,5,6,13,14.5,120,153.7,34.59073976080707,57.299498128700144,170.10406404178968,228.03402116284352,2024-11-01,2025-10-06 10:52:47.427,13,8,0,0,1,0,0,1,1,0,1,1,0,0,0,0,1,0,0,0,0,0,0,0,1,0
CUS_0x1298,102080.46,8299.705,5,6,10,4,17,15,11.17,10,89.98,33.24202401455771,223.3990346080027,412.5934587332332,453.9780066587642,2024-11-01,2025-10-06 10:52:47.427,24,4,1,0,0,1,0,0,0,0,1,1,0,0,0,0,1,0,0,0,0,0,0,0,0,1
CUS_0x32ac,34204.39,2792.3658333333333,8,4,19,4,24,13,15.31,0,1131.43,23.7901040243402,108.58216277921964,307.61892989469766,153.03549065941604,2024-11-01,2025-10-06 10:52:47.427,26,6,0,0,0,1,1,0,0,1,1,1,0,0,0,0,0,0,1,0,0,0,1,0,0,0
CUS_0xa9b,123941.64,10499.47,858,7,12,1,30,14,0.4000000000000004,40,1386.03,33.653395720404966,54.35523551412328,403.4499122733635,852.1418522125133,2024-11-01,2025-10-06 10:52:47.427,30,8,0,0,1,0,0,0,0,0,0,1,0,0,0,0,1,0,0,1,0,0,0,0,0,0
CUS_0x4ee6,50649.60000000001,4431.8,3,5,23,6,19,10,8.33,80,2060.05,37.915068437462,184.66116569843905,138.0188419461388,385.0991957364503,2024-11-01,2025-10-06 10:52:47.427,18,6,0,1,0,1,0,1,1,0,1,1,0,0,0,0,1,0,0,0,0,0,1,0,0,0
CUS_0xc6d6,21229.73,1709.144166666667,5,4,10,2,10,1,16.78,30,659.72,25.24734528598388,28.88093048125891,20.295638146369523,361.73784803903817,2024-11-01,2025-10-06 10:52:47.427,26,2,0,1,0,0,0,0,0,0,1,0,1,0,0,0,0,0,1,0,0,1,0,0,0,0
CUS_0x2ce6,143570.8,12000.233333333332,1,4,5,2,16,2,9.34,20,1331.5,29.29630461085442,123.31105609057316,797.7538321344788,538.9584451082815,2024-11-01,2025-10-06 10:52:47.427,32,6,0,0,1,0,1,0,0,0,0,0,1,0,0,1,0,0,0,1,0,0,0,0,0,0
CUS_0x2e98,43734.68,3650.556666666667,0,5,5,1,13,11,9.33,30,1016.51,37.606698306061006,19.844233033078226,83.81787263016362,501.39356100342485,2024-11-01,2025-10-06 10:52:47.427,24,8,1,0,0,0,0,0,0,0,0,0,1,0,0,1,0,0,0,0,0,1,0,0,0,0
CUS_0x5558,138188.84,11668.736666666666,7,7,7,6,10,16,23.75,70,277.31,28.04317176861568,648.9027424115802,128.90909248804587,639.0618317670405,2024-11-01,2025-10-06 10:52:47.427,19,9,0,0,0,1,1,0,1,1,0,1,0,0,0,0,1,0,0,0,1,0,0,0,0,0
CUS_0x4562,43925.79,3585.4825,7,9,23,6,25,25,14.29,100,2662.07,27.145021388970733,189.9100214305448,71.08280712305445,337.55542144640077,2024-11-01,2025-10-06 10:52:47.427,8,8,0,1,0,0,0,1,0,0,0,1,0,0,0,0,0,0,1,0,0,1,0,0,0,0
CUS_0x7545,30366.04,2395.5033333333336,5,3,10,1,14,0,5.74,10,670.53,32.43147645678779,16.296355580835662,237.65004629198128,275.6039314605164,2024-11-01,2025-10-06 10:52:47.427,17,2,0,0,0,0,1,0,0,0,0,0,1,0,0,0,0,0,1,0,0,0,1,0,0,0
CUS_0xe2b,10172.08,997.6733333333332,7,8,19,6,48,18,0.0,80,3539.39,38.64895570486679,44.08367948503548,72.13318234033605,273.5504715079618,2024-11-01,2025-10-06 10:52:47.427,14,3,1,0,0,1,1,0,0,1,1,1,0,0,0,0,0,1,0,0,0,0,1,0,0,0
CUS_0x6449,31227.62,2745.3016666666667,0,4,1,2,14,7,6.08,50,364.35,39.60998627037504,26.872140519499183,229.78738369391803,287.8706424532495,2024-11-01,2025-10-06 10:52:47.427,28,10,1,0,0,0,0,0,0,0,0,0,0,0,0,1,0,0,0,0,0,0,0,0,1,0
CUS_0x7ffd,42247.17,3501.5975,9,8,20,9,25,15,20.77,60,2725.05,24.169881390709588,255.7877530704644,58.28413924734272,286.08785768219286,2024-11-01,2025-10-06 10:52:47.427,7,11,1,1,1,1,1,1,1,1,0,1,0,0,0,0,0,1,0,0,1,0,0,0,0,0
CUS_0x62d7,56387.92,4514.993333333333,7,6,24,1182,24,18,16.01,80,3567.67,22.566908970675605,241.7206580934425,427.2118176509567,72.56685758893414,2024-11-01,2025-10-06 10:52:47.427,3,0,0,1,0,1,1,0,0,1,1,1,0,0,0,0,0,0,1,0,0,0,1,0,0,0
CUS_0x71b6,10667.73,1027.9775,7,6,18,2,16,9,21.32,20,556.11,35.45012001245973,16.305809736297753,51.61895400670931,324.87298625699293,2024-11-01,2025-10-06 10:52:47.427,25,1,0,0,0,1,1,0,0,0,0,1,0,0,0,0,0,0,1,0,0,0,0,0,0,1
CUS_0x9f4c,14155.74,1134.645,10,5,23,9,35,18,2.14,150,1971.13,28.58608556502609,60.47033608718144,50.53552373407606,282.4586401787425,2024-11-01,2025-10-06 10:52:47.427,7,0,1,1,1,1,0,0,0,1,1,1,0,0,0,0,0,0,1,0,0,0,0,1,0,0
CUS_0xb82d,52475.7,4172.975,8,8,15,6,16,25,22.13,90,3342.73,22.29788970121838,250.00381112118737,358.1810303000218,99.11265857879091,2024-11-01,2025-10-06 10:52:47.427,7,10,1,0,1,0,0,1,0,1,0,1,0,0,0,0,0,0,1,0,0,0,1,0,0,0
CUS_0xc64e,41155.22,2968.080159381572,9,10,17,6,30,19,24.4,70,3581.79,21.823151212231345,479.2612402384453,255.27935221961903,178.44108149369737,2024-11-01,2025-10-06 10:52:47.427,5,8,0,0,0,1,1,1,0,1,0,1,0,0,0,0,0,1,0,0,0,0,1,0,0,0
CUS_0x5371,33741.62,2923.8016666666667,6,6,12,5,27,19,17.09,50,1428.31,30.360333568235887,80.26934571136194,20.166045373530704,431.94477558177397,2024-11-01,2025-10-06 10:52:47.427,14,0,0,0,1,1,1,1,0,0,0,0,0,0,0,0,1,0,0,0,0,0,0,0,0,1
CUS_0x6b6e,19815.44,1947.2866666666664,7,10,19,8,41,20,18.53,90,3501.44,29.509083108124702,66.55775453410168,77.4252023225924,300.7457098099726,2024-11-01,2025-10-06 10:52:47.427,1,4,1,1,0,0,1,1,0,0,1,1,0,0,0,0,0,1,0,0,1,0,0,0,0,0
CUS_0x892d,9427.945,921.6620833333332,6,6,28,7,38,25,9.67,110,2358.57,34.902387968627416,48.0947119375295,50.1085100226122,283.96298637319165,2024-11-01,2025-10-06 10:52:47.427,8,3,0,1,1,0,1,1,1,1,0,1,0,0,0,0,0,1,0,0,0,0,1,0,0,0
CUS_0xc2b5,69736.92,6091.41,6,10,26,5,15,18,16.16,80,4843.02,39.531564255264726,186.2731751968045,406.7425129435899,508.1087779399565,2024-11-01,2025-10-06 10:52:47.427,6,11,1,0,1,1,0,1,0,0,1,1,0,0,0,0,0,1,0,0,0,1,0,0,0,0
CUS_0x4f2a,2.213692E7,10434.146666666666,0,6,1,2,10,6,9.49,60,1151.7,38.27851820474464,196.5873211659771,338.67230317776176,758.1550423229277,2024-11-01,2025-10-06 10:52:47.427,22,10,0,1,0,0,1,0,0,0,0,0,1,0,0,0,0,0,1,0,1,0,0,0,0,0
CUS_0xaff2,31174.8,2883.9,6,3,14,1,14,9,10.85,80,1286.96,27.1326159331034,19.65186289096036,138.04051029907058,390.69762680996917,2024-11-01,2025-10-06 10:52:47.427,27,5,0,0,0,1,0,0,0,0,0,1,0,0,0,0,1,0,0,1,0,0,0,0,0,0
CUS_0xb5ea,30628.83,2326.4025,4,5,20,2,30,7,7.85,90,181.03,27.549382509936148,45.32847461635155,298.435454732861,178.8763206507875,2024-11-01,2025-10-06 10:52:47.427,12,6,0,0,0,0,0,1,1,0,0,1,0,0,0,0,0,0,1,0,0,0,1,0,0,0
CUS_0xbe9d,1034126.0,8612.0325,3,7,6,0,9,9,4.37,30,1234.59,37.589959691772144,73.63741342979709,10000.0,424.76030612739083,2024-11-01,2025-10-06 10:52:47.427,18,3,0,0,0,1,0,0,0,0,0,0,1,0,0,1,0,0,0,0,0,0,0,0,0,1
CUS_0xdda,14058.75,1367.5625,7,4,16,5,26,17,0.89,90,1977.54,32.763816065769944,45.94205730482812,137.69732247527972,243.11687021989212,2024-11-01,2025-10-06 10:52:47.427,10,5,0,0,0,0,1,1,0,1,1,1,0,0,0,0,0,0,1,0,0,0,1,0,0,0
CUS_0x386b,14914.01,1504.8341666666668,10,9,17,8,31,21,7.75,130,1357.22,22.11659197307505,79.99519079335279,178.71153732955494,181.7766885437589,2024-11-01,2025-10-06 10:52:47.427,12,4,1,0,1,1,0,0,1,1,0,0,0,0,0,0,0,0,1,0,0,0,1,0,0,0
CUS_0x8caf,18784.88,1371.4066666666668,8,3,26,7,3,19,17.08,120,2076.13,38.66418585762244,108.03367123147238,127.7535305133885,181.3534649218058,2024-11-01,2025-10-06 10:52:47.427,18,5,0,0,0,1,0,1,0,1,1,1,0,0,0,0,1,0,0,0,0,0,0,1,0,0
CUS_0xa39,42585.4,3280.7833333333333,0,7,6,0,0,7,0.92,30,1076.7,32.13765692185993,0.0,409.4923441932354,208.585989140098,2024-11-01,2025-10-06 10:52:47.427,25,10,0,0,0,0,0,0,0,0,0,0,1,0,0,1,0,0,0,0,0,0,1,0,0,0
CUS_0xb9c5,19986.36,1864.53,7,7,7,1,22,11,1.77,40,669.47,33.29754956413592,13.379282242210817,70.42125288775844,352.6524648700308,2024-11-01,2025-10-06 10:52:47.427,22,6,0,0,1,0,0,0,0,0,0,0,1,0,0,0,1,0,0,0,1,0,0,0,0,0
CUS_0xbf1e,151623.56,12461.296666666669,4,4,1,3,0,7,8.11,10,413.28,25.22660696723271,216.06974499891444,792.3908541864322,517.6690674813201,2024-11-01,2025-10-06 10:52:47.427,23,2,1,0,0,0,0,0,1,0,0,0,1,0,0,1,0,0,0,0,0,0,0,1,0,0
CUS_0x29ae,75723.81,5280.94660758938,5,7,1,0,7,20,0.040000000000000036,60,1198.09,40.92497843850013,860.3708924106207,211.85030025503812,652.2814497449621,2024-11-01,2025-10-06 10:52:47.427,33,6,0,0,0,0,0,0,0,0,0,0,1,0,0,1,0,0,0,0,1,0,0,0,0,0
CUS_0x48dd,5753875.0,4022.83,6,4,12,2,11,13,6.4700000000000015,60,1077.91,29.652179574014287,46.97017764405022,315.71685050990953,319.59597184604024,2024-11-01,2025-10-06 10:52:47.427,9,9,0,0,1,0,0,0,0,0,1,1,0,0,0,0,1,0,0,0,0,0,0,1,0,0
CUS_0x888e,107808.63,9147.0525,4,7,19,4,8,20,5.59,60,483.48,23.645503627643595,347.4841036542959,892.2019710242005,657.0451216360761,2024-11-01,2025-10-06 10:52:47.427,31,0,1,0,0,0,1,1,0,0,1,0,1,0,0,0,1,0,0,0,0,0,0,1,0,0
CUS_0x6237,62879.96,5343.996666666667,8,10,2626,2,47,18,7.9,90,1751.0,26.160385623932928,78.33841368362035,375.24640042372187,360.8148525593245,2024-11-01,2025-10-06 10:52:47.427,19,4,0,0,0,0,0,1,0,1,0,1,0,0,0,0,0,0,1,0,0,0,0,1,0,0
CUS_0x697,17993.4,1704.6016213914936,7,7,26,6,60,24,22.15,140,3724.85,26.24366379039986,89.3338115771932,71.58218492403311,333.4773821072804,2024-11-01,2025-10-06 10:52:47.427,13,9,1,1,1,0,1,0,0,0,1,1,0,0,0,0,0,0,1,0,0,0,1,0,0,0
CUS_0x8688,88983.52,7675.293333333334,2,3,9,1,10,0,6.449999999999998,40,1450.68,39.93740940467325,66.33148127710155,157.1733623751825,784.0244896810492,2024-11-01,2025-10-06 10:52:47.427,26,10,0,0,1,0,0,0,0,0,0,0,1,0,0,1,0,0,0,0,0,1,0,0,0,0
CUS_0xa503,76353.4,6159.105585748917,0,6,4,1,10,8,8.97,80,752.66,35.770582862254834,477.1370791901472,333.12483179311334,568.194169934488,2024-11-01,2025-10-06 10:52:47.427,30,11,0,0,0,0,0,0,0,1,0,0,1,0,0,1,0,0,0,0,0,0,0,1,0,0
CUS_0xbab,40032.16,3465.013333333334,5,5,3,2,15,6,5.08,60,1058.13,30.996586600733337,64.38721911933311,89.42679896601034,432.68731524798994,2024-11-01,2025-10-06 10:52:47.427,21,11,0,1,0,1,0,0,0,0,0,0,1,0,0,1,0,0,0,0,0,1,0,0,0,0
CUS_0xc288,25876.18,2293.348333333333,4,6,7,3,5,15,10.29,40,71.54,40.41088782570704,37.37434970434676,119.197205760085,362.7632778689016,2024-11-01,2025-10-06 10:52:47.427,21,9,0,0,1,1,0,1,0,0,0,0,1,0,0,0,1,0,0,0,0,0,1,0,0,0
CUS_0xec3,9347.59,812.9658333333333,10,5,19,4,61,22,13.48,120,1823.75,37.039968698969005,15.796651890101964,44.82167763098592,300.67825381224543,2024-11-01,2025-10-06 10:52:47.427,16,11,0,1,1,1,0,1,0,0,0,1,0,0,0,0,0,1,0,0,0,0,0,1,0,0
CUS_0xecc,9413.305,1072.4420833333334,8,5,19,5,28,17,13.75,110,1746.62,38.03811387774081,32.742096414043125,18.586621779170894,295.91549014011935,2024-11-01,2025-10-06 10:52:47.427,18,5,0,0,1,1,1,0,0,1,0,1,0,0,0,0,1,0,0,0,0,0,0,0,0,1
CUS_0x2e53,70883.44,5663.953333333334,4,4,10,3,6,12,10.23,20,604.77,32.120692360437424,97.13399701172608,444.10974092826444,295.15159539334286,2024-11-01,2025-10-06 10:52:47.427,30,3,0,0,0,1,0,0,0,1,0,0,1,0,0,0,1,0,0,0,0,0,0,0,1,0
CUS_0x3b4f,17965.72,1295.1433333333334,7,8,32,2,47,10,16.91,100,2654.64,26.2014049642382,17.059152446236727,148.85777752770758,253.59740335938903,2024-11-01,2025-10-06 10:52:47.427,20,2,1,1,0,0,0,0,0,0,0,1,0,0,0,0,1,0,0,0,0,0,1,0,0,0
CUS_0x4cef,104527.6,8900.633333333333,4,4,13,0,10,20,7.84,20,1123.01,36.25207002155212,0.0,452.1879965841629,707.8753367491704,2024-11-01,2025-10-06 10:52:47.427,23,6,0,0,0,0,0,0,0,0,0,0,0,0,0,0,1,0,0,0,0,0,0,0,1,0
CUS_0x8964,16113.89,1454.8241666666663,7,8,17,9,20,15,22.15,140,4298.54,35.249332208308246,103.13185745744244,174.0692325491114,158.28132666011282,2024-11-01,2025-10-06 10:52:47.427,1,10,1,1,1,0,1,0,1,1,0,1,0,0,0,0,0,1,0,0,0,0,1,0,0,0
CUS_0xaefb,19055.25,1875.9375,8,7,14,1,19,18,8.63,50,61.58,30.780496577929583,15.430221047776447,87.68356972947181,354.47995922275175,2024-11-01,2025-10-06 10:52:47.427,22,3,0,0,1,0,0,0,0,0,0,1,0,0,0,0,1,0,0,0,0,0,0,0,1,0
CUS_0x5cd2,39318.5,3170.541666666666,6,9,25,6,33,22,25.03,140,3039.02,30.73668362788636,137.42784788197525,104.85710502103771,324.76921376365374,2024-11-01,2025-10-06 10:52:47.427,5,10,0,0,1,1,1,0,0,1,1,1,0,0,0,0,0,1,0,0,1,0,0,0,0,0
CUS_0x9bea,20663.81,1508.9841666666669,9,7,26,6,63,18,22.73,60,3515.45,23.88145468700032,98.94683662431927,159.62571495542332,182.32586508692413,2024-11-01,2025-10-06 10:52:47.427,8,8,1,0,0,0,1,0,1,1,1,1,0,0,0,0,0,1,0,0,0,0,1,0,0,0
CUS_0x345b,1.1993705E7,1157.9025,4,7,14,4,19,16,17.66,100,471.81,28.890304694213057,52.02492382676536,85.47998569773479,268.28534047549994,2024-11-01,2025-10-06 10:52:47.427,14,9,0,0,1,0,0,1,1,0,0,1,0,0,0,0,0,0,1,0,0,0,1,0,0,0
CUS_0x5dec,49354.08,3924.84,10,10,17,8,43,24,29.55,70,4747.62,38.96281725921804,213.3981240835764,31.7711449761696,387.31473094025415,2024-11-01,2025-10-06 10:52:47.427,6,4,0,1,1,1,0,1,0,1,1,1,0,0,0,0,0,1,0,0,0,0,0,0,0,1
CUS_0x8443,80415.12,6472.259999999998,6,7,16,6,15,17,7.16,40,1309.61,28.691704325997392,269.1210391608288,157.58300285866252,460.52195798050883,2024-11-01,2025-10-06 10:52:47.427,19,10,0,0,0,1,0,0,1,1,1,1,0,0,0,0,1,0,0,0,0,1,0,0,0,0
CUS_0x9573,18025.17,1599.0975,4,3,12,3,13,1,10.28,80,681.54,28.25696353648137,26.154641526315334,122.92581748142456,290.82929099226016,2024-11-01,2025-10-06 10:52:47.427,16,4,0,1,1,0,0,0,0,0,1,0,1,0,0,0,0,0,1,0,0,0,0,1,0,0
CUS_0x2696,14982.63,1003.5525,10,8,20,285,28,19,17.16,70,2291.45,23.145491905612307,40.625330074067406,128.15267946363164,221.57724046230092,2024-11-01,2025-10-06 10:52:47.427,14,4,0,1,0,1,0,1,1,0,1,0,0,0,0,0,1,0,0,0,0,0,1,0,0,0
CUS_0x4228,88799.78,7265.9816666666675,5,3,7,3,10,11,3.2,50,1061.82,34.43607293581548,220.18593115661045,463.0340259908443,323.3782095192118,2024-11-01,2025-10-06 10:52:47.427,23,11,0,0,1,0,0,0,1,0,0,0,1,0,0,1,0,0,0,0,0,0,0,1,0,0
CUS_0x5a1e,10456.235,1090.3529166666667,4,8,25,2,19,14,16.4,110,1498.73,30.03768239896301,9.8228219355556,42.94908657367217,306.2633831574389,2024-11-01,2025-10-06 10:52:47.427,10,4,0,1,0,0,0,1,0,0,0,1,0,0,0,0,1,0,0,0,1,0,0,0,0,0
CUS_0x6a79,173668.84,14293.403333333335,3,6,2,3,19,0,5.12,0,710.17,27.349608335122443,310.1594182576672,552.881238814471,836.2996762611955,2024-11-01,2025-10-06 10:52:47.427,23,2,0,0,0,0,0,1,0,0,1,0,1,0,0,0,0,0,1,0,0,0,0,0,1,0
CUS_0x81ca,69907.3,5796.608333333334,5,2,8,2,1,1,8.98,40,851.24,36.826290542512055,61.613295620436894,226.94621919217275,551.1013185207237,2024-11-01,2025-10-06 10:52:47.427,31,9,0,0,1,1,0,0,0,0,0,0,1,0,0,1,0,0,0,1,0,0,0,0,0,0
CUS_0x8a38,37045.6,2820.133333333333,5,7,9,1,11,0,1.18,80,1411.95,31.0705580436037,23.989575067582287,126.19930564116305,421.824452624588,2024-11-01,2025-10-06 10:52:47.427,21,6,0,0,0,0,0,0,0,0,1,0,1,0,0,1,0,0,0,0,0,0,1,0,0,0
CUS_0x811f,7493.335,601.4445833333333,7,4,18,2,30,15,12.47,60,1332.45,23.30587339275439,12.319201594339749,10000.0,290.1269572648416,2024-11-01,2025-10-06 10:52:47.427,19,10,0,0,0,0,0,1,0,1,0,0,0,0,0,0,0,0,1,0,0,0,1,0,0,0
CUS_0xc4a2,41691.16,3040.290094663389,7,8,17,6,27,20,21.32,110,4786.62,31.81750404745938,412.37151649782686,69.93525036755346,302.5928051378984,2024-11-01,2025-10-06 10:52:47.427,1,10,1,1,1,0,0,0,0,1,1,1,0,0,0,0,0,1,0,0,0,1,0,0,0,0
CUS_0x1dd9,4020402.0,2919.0166666666664,5,2,5,2,13,0,1.34,40,630.29,38.17233204157153,44.73008100204992,99.63292072949542,284.1199068385605,2024-11-01,2025-10-06 10:52:47.427,16,6,0,0,1,1,0,0,0,0,0,0,1,0,0,1,0,0,0,0,0,0,0,1,0,0
CUS_0x39ae,88203.74,7415.311666666667,4,4,12,0,3,0,10.76,60,1125.35,25.44043170289971,0.0,642.3601305035211,379.1710361631457,2024-11-01,2025-10-06 10:52:47.427,22,3,0,0,0,0,0,0,0,0,0,0,1,0,0,1,0,0,0,0,0,0,0,1,0,0
CUS_0x660c,61936.0,5018.333333333333,10,8,28,8,47,23,17.03,130,3593.33,24.31614394384339,280.39366815612624,275.4132533548219,206.02641182238517,2024-11-01,2025-10-06 10:52:47.427,9,4,1,1,0,1,1,1,1,0,1,1,0,0,0,0,0,1,0,1,0,0,0,0,0,0
CUS_0x5105,80191.38,6293.827868783188,2,3,3,4,7,4,11.94,70,1452.86,25.201880870704173,762.6380550221206,338.6444119807732,477.86616421391915,2024-11-01,2025-10-06 10:52:47.427,27,8,0,0,1,0,1,1,1,0,0,0,1,0,0,1,0,0,0,0,0,0,1,0,0,0
CUS_0xaa0c,79691.7,6704.974999999999,3,5,10,0,14,2,0.78,50,472.29,30.09424585765676,0.0,406.58514078680366,523.9123592131962,2024-11-01,2025-10-06 10:52:47.427,25,9,0,0,0,0,0,0,0,0,0,0,1,0,0,1,0,0,0,1,0,0,0,0,0,0
CUS_0x5e6b,72904.16,6341.346666666667,4,7,13,0,27,18,10.91,70,748.11,27.543976358717327,67.76034959900011,155.92465982972146,650.4496572379453,2024-11-01,2025-10-06 10:52:47.427,19,0,0,1,0,0,0,0,0,0,1,0,1,0,0,0,0,0,1,0,0,1,0,0,0,0
CUS_0xb085,42177.9,3780.825,8,7,25,7,60,12,8.74,90,1793.26,29.100584030986496,240.5703937352987,66.63784735865771,330.8742589060436,2024-11-01,2025-10-06 10:52:47.427,15,3,0,1,1,0,1,1,1,0,0,1,0,0,0,0,0,1,0,1,0,0,0,0,0,0
CUS_0x6534,79697.48,6080.965929573817,7,7,26,9,47,25,22.03,260,2984.04,30.90358942030609,841.8403869222028,123.17714452627378,301.8188723110387,2024-11-01,2025-10-06 10:52:47.427,5,6,1,0,1,0,1,0,1,1,1,1,0,0,0,0,0,0,1,1,0,0,0,0,0,0
CUS_0x7136,172952.32,14547.693333333336,5,4,8,1,11,9,11.5,80,330.47,35.540787675727785,88.74554331473844,276.94084656664694,1339.0829434519485,2024-11-01,2025-10-06 10:52:47.427,23,3,0,0,0,0,0,1,0,0,0,0,1,0,0,1,0,0,0,0,1,0,0,0,0,0
CUS_0xb3ab,33492.57,2348.29718939893,7,4,20,2,25,11,9.55,100,1360.32,28.62029271699505,396.71416925652136,232.04807294088496,274.1928184036637,2024-11-01,2025-10-06 10:52:47.427,7,8,1,0,1,0,0,0,0,0,0,0,0,0,0,0,1,0,0,0,0,0,1,0,0,0
CUS_0x7cae,14996.235,1439.68625,3,6,16,5,25,18,13.83,70,1100.64,36.128790177102935,61.64740219234954,163.9767143553611,191.7661076739109,2024-11-01,2025-10-06 10:52:47.427,14,0,1,1,0,1,0,0,1,0,1,1,0,0,0,0,1,0,0,0,0,0,1,0,0,0
CUS_0x826e,41294.92,3215.2433333333333,7,8,23,0,51,11,22.02,23990,1614.96,25.713038302085643,154.74382866441402,223.81793349163502,232.9625711772843,2024-11-01,2025-10-06 10:52:47.427,13,9,0,1,1,0,0,1,0,1,1,1,0,0,0,0,1,0,0,0,0,0,1,0,0,0
CUS_0xc33e,38694.74,2979.561666666666,6,5,32,7,47,16,8.8,90,1647.69,30.948774415897063,148.0598297143696,192.7283806925364,217.1679562597607,2024-11-01,2025-10-06 10:52:47.427,18,5,0,1,0,1,0,1,1,1,1,1,0,0,0,0,0,1,0,1,0,0,0,0,0,0
CUS_0x232b,62115.81,5064.3175,3,7,17,5,24,18,14.9,100,1724.19,39.625716683555815,234.92839283070808,412.17982601476456,149.3235311545274,2024-11-01,2025-10-06 10:52:47.427,8,2,0,0,1,0,0,0,0,1,1,1,0,0,0,0,1,0,0,0,0,0,1,0,0,0
CUS_0x3b21,8312.085,568.6737499999998,8,5,18,2,6,11,18.07,140,1945.67,27.65670244568877,10.734357567722355,35.691660488101604,280.44135694417605,2024-11-01,2025-10-06 10:52:47.427,6,10,0,0,0,0,1,0,0,0,0,1,0,0,0,0,1,0,0,0,0,0,0,0,1,0
CUS_0x504f,15548.34,1291.695,7,10,33,5,38,25,15.71,140,1398.98,29.02309920907402,58.15498589550572,55.80894366951329,295.205570434981,2024-11-01,2025-10-06 10:52:47.427,17,10,1,0,0,1,1,0,0,1,1,0,0,0,0,0,0,0,1,0,0,0,0,1,0,0
CUS_0x7f3c,10244.8,1131.7333333333331,8,5,18,8,47,15,16.29,120,4923.97,38.31941440256515,37.75420492985392,10000.0,261.565121345926,2024-11-01,2025-10-06 10:52:47.427,10,2,0,1,1,1,0,1,1,0,1,0,0,0,0,0,0,1,0,0,0,0,0,1,0,0
CUS_0x178d,34974.41,2998.534166666667,6,4,18,0,24,9,8.14,10,505.88,24.67454638003029,0.0,190.46145909543029,369.39195757123633,2024-11-01,2025-10-06 10:52:47.427,32,0,0,0,0,0,0,0,0,0,0,0,0,0,0,0,1,0,0,1,0,0,0,0,0,0
CUS_0x6eca,55604.31,4372.6925,8,5,21,6,52,18,13.17,110,1789.85,33.953384865657895,44160.0,10000.0,311.11560882372015,2024-11-01,2025-10-06 10:52:47.427,7,0,0,1,0,1,0,0,1,0,1,1,0,0,0,0,0,1,0,0,1,0,0,0,0,0
CUS_0x87b5,9648.82,1092.0683333333334,4,7,5469,6,20,16,8.94,50,1067.95,28.66741253267989,29.060143217168783,53.67405012099539,296.4726399951692,2024-11-01,2025-10-06 10:52:47.427,17,4,1,0,1,0,0,1,0,1,1,1,0,0,0,0,1,0,0,0,0,0,0,0,1,0
CUS_0xacd9,64840.32,5188.36,6,7,18,6,29,8,13.14,120,2469.99,28.71579473045737,190.8036633843741,395.0279420831219,446.51532686777153,2024-11-01,2025-10-06 10:52:47.427,9,5,1,0,0,0,1,0,0,1,1,1,0,0,0,0,1,0,0,0,1,0,0,0,0,0
CUS_0x158e,36638.43,2807.2025,3,6,20,0,14,12,14.63,40,110.35,40.38555017230149,120.79370245986615,96.7478465321245,313.1787010080094,2024-11-01,2025-10-06 10:52:47.427,21,11,1,0,0,1,0,1,1,0,0,1,0,0,0,0,1,0,0,0,1,0,0,0,0,0
CUS_0x35ba,95287.17,8075.5975,1,6,12,3,16,6,3.98,70,815.62,31.37857617979033,236.7556660298248,116.45989392322346,704.3441900469518,2024-11-01,2025-10-06 10:52:47.427,29,11,0,0,1,0,1,0,1,0,0,0,1,0,0,1,0,0,0,0,1,0,0,0,0,0
CUS_0x5da2,17924.07,1303.6725,6,10,31,1137,31,19,5.46,170,1680.63,32.70158097252179,57.02968503714198,107.65367410640071,308.54315192794826,2024-11-01,2025-10-06 10:52:47.427,14,2,1,0,1,0,0,0,0,1,1,1,0,0,0,0,0,0,1,1,0,0,0,0,0,0
CUS_0x78f3,80539.08,6103.542659950549,6,6,18,6,44,18,4.61,100,2160.91,29.33008547483605,741.9502059780231,254.1114332827992,357.24470078862913,2024-11-01,2025-10-06 10:52:47.427,7,11,1,0,1,0,0,0,0,1,1,0,0,0,0,0,0,1,0,1,0,0,0,0,0,0
CUS_0xabd5,54346.35000000001,4463.8625,229,7,19,8,51,25,25.97,140,4775.2,39.18728689367479,332.5636712634186,33.510037024727716,320.31254171185367,2024-11-01,2025-10-06 10:52:47.427,12,8,1,1,0,0,0,0,1,1,1,1,0,0,0,0,0,0,1,0,0,0,0,0,0,1
CUS_0xbc17,53057.64,4695.47,9,10,20,6,24,13,19.2,110,1491.01,35.50645179391944,150.7860142778944,94.32738366622496,474.43360205588067,2024-11-01,2025-10-06 10:52:47.427,15,8,0,1,1,0,0,0,0,1,1,1,0,0,0,0,1,0,0,0,1,0,0,0,0,0
CUS_0x6cb9,11244.63,578.6241533144276,3,3,20,4,24,15,18.34,40,94.17,23.72964772911921,123.06463847015196,20.43965565865139,291.62930255676895,2024-11-01,2025-10-06 10:52:47.427,20,8,0,0,0,1,0,0,0,1,1,1,0,0,0,0,1,0,0,0,0,0,0,1,0,0
CUS_0xb00a,172778.16,14626.18,2,3,3,3,4,12,5.53,30,1231.19,39.20770777603337,360.6746759210409,1305.333016849458,86.61030722950113,2024-11-01,2025-10-06 10:52:47.427,30,9,1,0,0,0,0,0,1,1,0,0,1,0,0,1,0,0,0,0,0,0,1,0,0,0
CUS_0x67fd,40759.86,3417.655,4,5,19,2,10,10,19.66,90,337.58,24.007688678088627,39.73303869207968,83.7079921141465,468.3244691937737,2024-11-01,2025-10-06 10:52:47.427,31,6,0,0,0,0,0,0,1,1,0,1,0,0,0,0,1,0,0,0,1,0,0,0,0,0
CUS_0x90f8,39594.66,3534.5550000000007,4,5,8,4,10,4,9.25,50,1081.66,27.19415190009388,87.05875180520201,133.2450845457935,383.1516636490045,2024-11-01,2025-10-06 10:52:47.427,16,8,1,0,0,0,1,0,0,0,1,0,1,0,0,1,0,0,0,0,1,0,0,0,0,0
CUS_0x2854,15706.805,1192.9004166666666,3,5,4,2,14,4,0.57,90,282.44,37.48949510590728,23.47255561005396,104.50459767952587,271.31288837708684,2024-11-01,2025-10-06 10:52:47.427,28,5,0,1,0,1,0,0,0,0,0,0,1,0,0,1,0,0,0,0,0,0,0,1,0,0
CUS_0xa2fd,86210.79000000001,7142.232500000001,8,7,12,0,28,12,8.96,20,587.61,42.61329815639675,0.0,111.3696186572398,842.8536313427603,2024-11-01,2025-10-06 10:52:47.427,31,5,0,0,0,0,0,0,0,0,0,0,0,0,0,0,1,0,0,0,0,1,0,0,0,0
CUS_0x1fcd,66519.63,5759.302500000002,1355,3,8,2,21,13,1.12,24070,64.27,25.97563530860677,99.19363073791912,97.5786285452773,619.1579907168037,2024-11-01,2025-10-06 10:52:47.427,17,11,0,1,0,0,0,1,0,0,0,0,1,0,0,0,1,0,0,0,0,1,0,0,0,0
CUS_0x3121,42847.79,3782.649166666666,4,7,2,0,1,7,9.81,90,181.47,40.51321419556108,52.27619536504776,10000.0,535.8641136234423,2024-11-01,2025-10-06 10:52:47.427,21,2,0,0,1,0,0,0,1,0,0,0,1,0,0,1,0,0,0,0,0,1,0,0,0,0
CUS_0xb795,39343.02,3049.585,4,4,5,2,5,20,8.04,60,347.48,40.29981281201932,64.28243642994714,132.87377991354396,377.80228365650885,2024-11-01,2025-10-06 10:52:47.427,28,9,1,0,0,0,0,1,0,0,0,0,1,0,0,0,1,0,0,0,0,0,0,0,1,0
CUS_0xcda,33153.69,2625.300546042723,4,5,1,1,4,1,7.37,40,565.94,26.556573492647438,404.02516902878665,267.92297702489884,282.4395579035918,2024-11-01,2025-10-06 10:52:47.427,26,6,0,1,0,0,0,0,0,0,0,0,1,0,0,1,0,0,0,0,0,0,0,0,1,0
CUS_0x47b,17863.15,1755.5958333333335,6,7,24,7,54,25,18.84,120,3893.01,33.05500978908267,96.18186282091052,12.306931390967135,307.0707891214558,2024-11-01,2025-10-06 10:52:47.427,13,5,1,1,0,1,0,1,0,0,0,1,0,0,0,0,0,0,1,0,0,1,0,0,0,0
CUS_0x8d9,24881.15,2304.429166666667,4,6,19,2,7,6,17.84,90,931.68,33.77857438131955,40.173666849441695,166.52398296092488,313.74526685630013,2024-11-01,2025-10-06 10:52:47.427,18,4,0,0,0,0,0,1,0,0,1,1,0,0,0,0,1,0,0,0,0,0,1,0,0,0
CUS_0xb1bf,65347.31999999999,5244.61,8,7,16,0,19,19,17.8,40,930.85,31.96384513817735,0.0,10000.0,716.376800209079,2024-11-01,2025-10-06 10:52:47.427,17,8,0,0,0,0,0,0,0,0,0,1,0,0,0,0,1,0,0,0,1,0,0,0,0,0
CUS_0x2da2,20318.97,1463.2475000000004,3,3,17,6,13,13,16.14,130,2097.84,39.09683599391328,94.5700224480482,86.2864577183239,255.4682698336279,2024-11-01,2025-10-06 10:52:47.427,12,5,0,1,1,1,0,0,0,1,1,1,0,0,0,0,1,0,0,0,0,0,1,0,0,0
CUS_0x6ea0,8969.985,617.4987500000002,9,6,22,8,52,21,18.73,90,4325.59,36.89067573254785,39.621966905487135,19.005036844896622,253.12287124961625,2024-11-01,2025-10-06 10:52:47.427,10,2,1,1,0,1,0,1,0,1,1,0,0,0,0,0,0,0,1,0,1,0,0,0,0,0
CUS_0x7e2a,18122.37,1794.1975,3,4,7,6,10,15,15.33,70,2686.5,22.83146524302139,76.14258794844216,95.28047206099794,251.8438525356701,2024-11-01,2025-10-06 10:52:47.427,16,2,1,1,0,0,1,1,0,0,1,1,0,0,0,0,1,0,0,0,0,0,0,0,1,0
CUS_0xad69,71187.56,5911.296666666666,4,6,6,4,27,16,3.36,70,96.68,31.47022446101704,225.95541641799548,241.33450760805505,373.83974264061607,2024-11-01,2025-10-06 10:52:47.427,32,1,0,1,0,1,0,0,1,1,0,0,1,0,0,0,1,0,0,0,1,0,0,0,0,0
CUS_0x7fc8,87502.53,7277.8775,7,7,14,3,25,2148,6.35,30,1071.88,38.8273178396451,167.95979383172292,185.60528307582572,644.2226730924513,2024-11-01,2025-10-06 10:52:47.427,28,6,1,0,1,0,1,0,0,0,0,0,1,0,0,0,1,0,0,0,0,0,0,0,1,0
CUS_0x1152,31316.47,2510.705833333333,0,2,6,2,13,5,5.44,10,800.89,36.4516560517456,26959.0,124.97678843365013,355.2718152011777,2024-11-01,2025-10-06 10:52:47.427,18,6,0,0,0,1,0,0,0,1,0,0,1,0,0,1,0,0,0,1,0,0,0,0,0,0
CUS_0x3528,23794.07,1771.8391666666666,6,3,7,4,5,15,7.87,50,1436.59,39.93979247002622,60.52471128737462,151.27233798059325,235.38686739869885,2024-11-01,2025-10-06 10:52:47.427,17,5,0,1,1,1,0,0,1,0,0,0,1,0,0,0,0,0,1,0,0,0,0,0,1,0
CUS_0x41e7,60574.48,5338.873333333334,6,10,24,2,26,12,7.41,110,1304.08,32.29850640682084,94.27304419553396,404.27449058731116,325.3397985504883,2024-11-01,2025-10-06 10:52:47.427,7,9,1,1,0,0,0,0,0,0,0,1,0,0,0,0,1,0,0,0,0,0,1,0,0,0
CUS_0x8eb6,14025.885,876.82375,4,5,6,0,28,13,3.53,90,447.92,22.10323516199881,38.25482199653868,62.71762309515126,276.7099299083101,2024-11-01,2025-10-06 10:52:47.427,32,7,0,0,0,1,1,0,0,1,1,0,1,0,0,0,1,0,0,0,0,0,1,0,0,0
CUS_0x40e8,19543.58,1400.631666666667,7,9,24,6,25,20,9.08,100,1362.43,27.813843753750486,94.22790866266293,108.66545189443121,217.16980610957256,2024-11-01,2025-10-06 10:52:47.427,17,9,0,0,0,0,1,1,0,1,1,1,0,0,0,0,0,1,0,0,0,0,0,1,0,0
CUS_0x49a1,31272.27,2346.0225,0,6,6,3,3,3,11.85,20,10.89,27.09665322336829,49.99591870923176,160.1919954657155,294.41433582505266,2024-11-01,2025-10-06 10:52:47.427,16,4,0,0,0,0,1,1,0,0,0,0,0,0,0,1,0,0,0,0,0,0,0,0,1,0
CUS_0x566d,121755.92,10157.326666666666,0,6,5,1,7,11,1.87,40,41.35,27.567450502341188,66.61933591249205,128.9206091435205,1060.1927216106542,2024-11-01,2025-10-06 10:52:47.427,28,3,0,0,1,0,0,0,0,0,0,0,1,0,0,1,0,0,0,0,0,1,0,0,0,0
CUS_0x8c6f,7039.745,303.6454166666666,9,5,20,9,51,20,16.92,160,3703.08,38.34529712592936,43.64275582859026,0.0,249.17328853709884,2024-11-01,2025-10-06 10:52:47.427,6,3,1,1,1,0,0,0,1,1,1,1,0,0,0,0,0,1,0,0,0,0,0,0,0,1
CUS_0xc11f,16517.73,1423.4775,6,8,29,7,48,20,33.54,80,4953.29,39.22523802531524,58.06806398663028,51.190084664194316,313.0896013491754,2024-11-01,2025-10-06 10:52:47.427,1,6,1,0,1,0,1,1,1,0,0,1,0,0,0,0,0,1,0,0,0,0,0,0,0,1
CUS_0x523e,97431.9,7992.325,7,3,17,2,16,10,12.37,0,1095.56,35.81708278303428,151.28214618301158,201.5063726720432,716.4439811449453,2024-11-01,2025-10-06 10:52:47.427,19,4,0,0,0,0,0,0,1,1,0,1,0,0,0,0,0,0,1,0,0,0,0,0,1,0
CUS_0x6fa1,32854.74,2452.895,7,10,31,5,18,18,27.6,120,4192.94,27.51566142152205,76.2153515529319,294.559452166594,164.51469628047408,2024-11-01,2025-10-06 10:52:47.427,5,3,1,0,1,0,0,0,1,0,0,1,0,0,0,0,0,1,0,0,0,0,1,0,0,0
CUS_0x72f9,83718.12,6744.509999999998,4,5,9,0,23,15,5.36,20,640.59,29.459322903517407,0.0,364.2147286176576,600.2362713823426,2024-11-01,2025-10-06 10:52:47.427,30,8,0,0,0,0,0,0,0,0,0,0,1,0,0,1,0,0,0,0,0,0,1,0,0,0
CUS_0x523c,30363.73,2734.310833333333,8,6,19,5,24,11,15.84,60,1394.85,38.15625306545096,100.1215362204902,169.95431382378652,293.3552332890566,2024-11-01,2025-10-06 10:52:47.427,9,0,0,0,1,1,0,1,0,1,1,1,0,0,0,0,1,0,0,0,0,0,0,0,0,1
CUS_0xc38e,61567.05,5163.5875,8,5,31,5,35,14,5.15,70,1539.17,29.47072151351132,153.7755245479469,190.54707901565362,452.03614643639946,2024-11-01,2025-10-06 10:52:47.427,11,5,1,0,0,1,0,0,1,0,1,1,0,0,0,0,0,1,0,0,0,0,0,1,0,0
CUS_0x4a6,104744.88,8989.74,1,4,8,4,20,8,6.69,30,705.05,29.255314721307663,195.0234165716909,177.27647965447318,776.674103773836,2024-11-01,2025-10-06 10:52:47.427,27,5,1,0,0,0,0,0,0,1,0,0,1,0,0,0,0,0,1,0,0,0,0,0,0,1
CUS_0x7871,38331.37,2996.2808333333337,3,5,1,4,5,2,5.89,30,1473.17,30.380715767547045,70.8133134683129,61.44123180253376,417.3735380624867,2024-11-01,2025-10-06 10:52:47.427,18,11,1,0,0,0,1,0,0,1,0,0,1,0,0,1,0,0,0,0,1,0,0,0,0,0
CUS_0x932a,18431.53,1401.960833333333,6,8,26,7,40,21,26.5,100,4736.0,33.057944917485074,66.75391778035336,50.87932497018829,302.5628405827917,2024-11-01,2025-10-06 10:52:47.427,3,9,0,1,1,1,1,0,0,1,1,0,0,0,0,0,0,1,0,0,0,0,0,1,0,0
CUS_0xab26,21945.825,1979.81875,2,6,2,4,6,4,7.57,80,202.68,38.934675000142406,63.3245534668285,72.64800576309925,312.0093157700723,2024-11-01,2025-10-06 10:52:47.427,24,9,0,0,0,1,0,0,1,0,1,0,1,0,0,1,0,0,0,0,1,0,0,0,0,0
CUS_0x6ebe,28112.52,2270.71,0,992,2,1,17,4,4.53,40,576.2,39.53177425618279,18.02218671843433,91.17074760753356,367.8780656740322,2024-11-01,2025-10-06 10:52:47.427,31,9,0,1,0,0,0,0,0,0,0,0,1,0,0,1,0,0,0,0,0,0,0,0,0,1
CUS_0x7d1f,21931.995,1887.66625,1,1,1,0,9,10,0.0,50,900.26,34.177020085018896,0.0,26.076694991011323,412.6899300089887,2024-11-01,2025-10-06 10:52:47.427,16,6,0,0,0,0,0,0,0,0,0,0,1,0,0,1,0,0,0,0,1,0,0,0,0,0
CUS_0xae26,13129.295,827.1079166666666,6,6,14,2,13,17,10.63,70,273.99,25.34452688456647,20.96990472500929,75.88824758301143,265.85263935864594,2024-11-01,2025-10-06 10:52:47.427,32,9,1,0,0,1,0,0,0,0,0,0,1,0,0,0,1,0,0,0,0,0,0,1,0,0
CUS_0x3ff4,18241.11,1387.2321041594626,6,6,13,2,11,9,3.1300000000000012,120,2181.17,26.170507367793054,215.7203823681946,52.839230837618935,354.51003263472404,2024-11-01,2025-10-06 10:52:47.427,9,2,0,0,0,0,0,0,1,0,1,1,0,0,0,0,0,0,1,0,0,0,0,0,1,0
CUS_0x9415,139711.0,11526.583333333336,6,7,15,6,9,10,11.82,80,1090.56,28.95738565994643,560.7084619805022,10000.0,753.6809387246598,2024-11-01,2025-10-06 10:52:47.427,13,8,1,0,1,1,0,0,1,1,1,1,0,0,0,0,0,0,1,0,0,1,0,0,0,0
CUS_0x51b,48780.56,3835.046666666666,4,5,16,0,29,23,4.97,50,967.75,25.04621687222793,0.0,10000.0,502.05537291428385,2024-11-01,2025-10-06 10:52:47.427,19,7,0,0,0,0,0,0,0,0,0,1,0,0,0,0,1,0,0,0,1,0,0,0,0,0
CUS_0x58d6,127581.0,10358.75,3,3,7,0,17,14,18.79,110,194.65,31.566656353751828,0.0,1049.802340070899,266.072659929101,2024-11-01,2025-10-06 10:52:47.427,17,4,0,0,0,0,0,0,0,0,0,1,0,0,0,0,1,0,0,0,0,0,0,1,0,0
CUS_0xa714,27412.03,2499.335833333333,6,7,15,3,14,13,8.74,60,80.06,30.30141453102301,56.247442700729046,140.84604030752232,342.840100325082,2024-11-01,2025-10-06 10:52:47.427,10,0,0,0,1,0,1,0,0,1,0,1,0,0,0,0,0,0,1,0,0,0,1,0,0,0
CUS_0x1a7b,88574.43000000002,7417.2025,4,5,2,1,9,8,10.65,80,1451.63,32.03979281057261,40.5330926160328,10000.0,829.0928009874933,2024-11-01,2025-10-06 10:52:47.427,16,9,0,0,1,0,0,0,0,0,0,0,1,0,0,1,0,0,0,0,0,1,0,0,0,0
CUS_0x217f,86032.17,7189.3475,3,6,7,3,6,0,3.07,10,1177.47,38.83089690990908,135.6166404882827,433.04554674304194,430.2725627686753,2024-11-01,2025-10-06 10:52:47.427,31,5,0,0,0,1,0,0,0,1,1,0,1,0,0,1,0,0,0,0,0,0,0,1,0,0
CUS_0x2709,67556.8,5886.733333333334,3,5,10,3,30,18,19.44,20,762.85,31.788375445796117,118.34863597186222,626.6379814263612,133.68671593511002,2024-11-01,2025-10-06 10:52:47.427,28,0,0,1,1,0,0,1,0,0,0,1,0,0,0,0,1,0,0,0,0,0,1,0,0,0
CUS_0x58ec,110110.04,9238.836666666666,8,4,12,4,16,18,5.61,30,1495.41,33.29501181466993,233.86001731112623,357.70497081908564,592.3186785364547,2024-11-01,2025-10-06 10:52:47.427,17,8,1,0,1,0,0,1,0,0,1,0,1,0,0,0,0,0,1,1,0,0,0,0,0,0
CUS_0xa9f6,44611.39,3823.615833333333,2,3,7,1,14,4,15.27,0,841.62,34.782273981316706,28.96209321306136,43.82114256526704,559.5783475550049,2024-11-01,2025-10-06 10:52:47.427,26,11,0,0,0,0,0,1,0,0,0,0,1,0,0,1,0,0,0,0,1,0,0,0,0,0
CUS_0x489d,22116.855,2104.07125,3,8,10,4,5,6,0.0,10,100.56,25.94930488409896,57.81426050307662,80.47252519177658,369.5831557822897,2024-11-01,2025-10-06 10:52:47.427,25,3,1,0,0,1,1,0,0,1,0,0,0,0,0,1,0,0,0,0,1,0,0,0,0,0
CUS_0x9e48,74956.2,6151.349999999999,9,7,33,6,47,22,24.9,110,4942.19,27.28411301479705,281.88712656177336,144.68775025244346,428.56012318578314,2024-11-01,2025-10-06 10:52:47.427,6,8,0,0,0,0,0,1,1,1,1,1,0,0,0,0,0,1,0,0,0,1,0,0,0,0
CUS_0x1837,34180.94,2685.411666666667,6,5,19,7,62,22,3.37,100,3375.66,25.155426035044247,135.85229511509775,265.81546954347635,156.8734020080926,2024-11-01,2025-10-06 10:52:47.427,8,1,0,0,1,0,1,1,1,1,1,1,0,0,0,0,0,1,0,0,0,0,1,0,0,0
CUS_0x37c9,91642.4,7468.866666666666,7,5,6,1,23,8,6.2,0,543.2,34.246925038964584,42.03790094859594,80.1911127244484,864.6576529936223,2024-11-01,2025-10-06 10:52:47.427,26,3,0,0,0,0,0,0,0,0,1,0,1,0,0,0,1,0,0,0,0,1,0,0,0,0
CUS_0x3df4,32283.05,2845.254166666666,8,6,17,0,7,8,6.09,60,291.29,30.93734718028294,0.0,78.59922302691898,455.9261936397477,2024-11-01,2025-10-06 10:52:47.427,25,9,0,0,0,0,0,0,0,0,0,1,0,0,0,0,1,0,0,0,1,0,0,0,0,0
CUS_0xb5e2,19841.0,1756.416666666667,6,10,17,5,51,22,17.88,110,2538.06,35.92263022007135,79.74213528853372,74.87996870047792,291.019562677655,2024-11-01,2025-10-06 10:52:47.427,5,9,1,0,0,0,1,1,1,0,0,1,0,0,0,0,0,0,1,0,0,0,0,0,1,0
CUS_0xf43,82998.24,7186.52,8,7,22,6,30,22,22.0,120,4879.41,26.694296508616127,383.9140141476993,129.35285840647248,445.3851274458282,2024-11-01,2025-10-06 10:52:47.427,13,3,0,0,0,1,0,1,1,0,1,1,0,0,0,0,0,0,1,0,0,1,0,0,0,0
CUS_0x3a50,8308.13,916.3441666666664,10,9,20,7,27,11,17.96,110,2683.29,38.067795311306746,27.600324153441377,76.01686336068266,278.0172291525426,2024-11-01,2025-10-06 10:52:47.427,16,3,0,1,1,1,0,0,0,1,1,1,0,0,0,0,1,0,0,0,0,0,1,0,0,0
CUS_0xae7c,35196.36,2926.03,10,7,18,2,43,20,8.28,100,1908.68,39.19819778762789,48.25920997602323,94.6119369400824,409.73185308389435,2024-11-01,2025-10-06 10:52:47.427,7,2,0,0,0,1,0,0,1,0,0,1,0,0,0,0,1,0,0,1,0,0,0,0,0,0
CUS_0x2e31,63206.72,5309.2266666666665,9,8,27,8,41,15,26.48,130,4523.88,40.441591641948,231.290193338046,339.6836985287578,219.94877479986286,2024-11-01,2025-10-06 10:52:47.427,13,8,0,1,0,1,0,1,1,0,1,1,0,0,0,0,0,1,0,1,0,0,0,0,0,0
CUS_0x5bad,36535.57,3114.630833333333,5,3,9,3,15,0,8.67,10,557.68,40.02462065659064,78.36932850718523,34.85088772837675,438.24286709777135,2024-11-01,2025-10-06 10:52:47.427,20,6,0,1,0,0,0,1,0,0,0,0,1,0,0,1,0,0,0,0,0,1,0,0,0,0
CUS_0x9840,8540.855,561.7379166666666,10,10,26,3,29,19,13.54,70,2310.04,27.78986900365623,12.151200623775711,38.84023211631694,285.18235892657395,2024-11-01,2025-10-06 10:52:47.427,8,2,0,0,1,0,0,1,0,1,0,1,0,0,0,0,1,0,0,0,0,0,0,1,0,0
CUS_0xbe26,10046.24,926.1866666666666,6,6,16,5,22,16,0.65,90,2378.91,34.270662199819014,37.81532035050532,61.82274065019443,282.9806056659669,2024-11-01,2025-10-06 10:52:47.427,15,9,0,0,0,0,1,1,1,1,1,1,0,0,0,0,0,0,1,0,0,0,1,0,0,0
CUS_0xc2c7,119706.2,10267.516666666666,7,5,11,2,25,16,19.58,60,264.89,34.473442793296634,168.7303865815791,698.477763063105,449.54351702198267,2024-11-01,2025-10-06 10:52:47.427,18,6,0,0,0,0,0,0,1,1,0,1,0,0,0,0,1,0,0,0,0,0,1,0,0,0
CUS_0x34aa,20833.19,1664.0991666666666,6,6,34,5,36,22,16.02,90,4987.19,37.06986883766064,77.59130261824843,71.61593256461347,307.20268148380484,2024-11-01,2025-10-06 10:52:47.427,4,4,1,1,1,1,0,0,0,1,0,0,0,0,0,0,0,1,0,0,0,0,1,0,0,0
CUS_0x62f0,135115.44,11444.62,4,6,18,2,17,9,1.42,20,269.46,27.12433363157855,204.61822358773935,1113.5063330846197,106.33744332764117,2024-11-01,2025-10-06 10:52:47.427,19,0,0,0,0,0,0,1,0,0,0,1,0,0,0,0,1,0,0,0,0,0,0,1,0,0
CUS_0x59d,119514.03,10031.5025,2,3,2,3,0,9,8.17,10,499.12,38.90159685381353,165.72377189507796,222.06564719101968,855.3608309139024,2024-11-01,2025-10-06 10:52:47.427,22,3,0,0,1,1,0,0,0,0,1,0,1,0,0,0,0,0,1,0,0,1,0,0,0,0
CUS_0xb7a4,33470.43,2744.2025,7,5,10,1,6,13,15.22,80,1318.49,26.587742359316568,6535.0,46.66503748525446,451.6671382296975,2024-11-01,2025-10-06 10:52:47.427,26,0,0,0,0,0,1,0,0,0,0,1,0,0,0,0,1,0,0,0,0,1,0,0,0,0
CUS_0x38e3,61654.32,5176.86,4,3,12,1,12,17,7.01,50,340.42,27.00374575967269,30.03102776506023,89.88226070131347,637.7727115336263,2024-11-01,2025-10-06 10:52:47.427,16,0,0,0,0,0,1,0,0,0,0,1,0,0,0,0,1,0,0,0,0,1,0,0,0,0
CUS_0xa193,110912.79,9392.7325,4,7,10,1,3,3,8.75,30,36.4,26.31719535452313,80.20521511802687,482.12169579887876,666.9463390830944,2024-11-01,2025-10-06 10:52:47.427,23,11,0,1,0,0,0,0,0,0,0,0,1,0,0,1,0,0,0,0,0,0,1,0,0,0
CUS_0xb000,30272.61,2258.7175,3,3,15,1,30,8,8.83,90,180.94,27.04666862898917,17.975850989790292,110.21545884520472,387.68044016500505,2024-11-01,2025-10-06 10:52:47.427,16,5,0,0,0,0,0,0,0,1,0,1,0,0,0,0,1,0,0,0,0,0,1,0,0,0
CUS_0x87ee,109545.63,9373.8025,6,3,13,0,8,16,12.55,10,86.54,33.58718245871633,0.0,742.1707574946348,475.2094925053651,2024-11-01,2025-10-06 10:52:47.427,17,2,0,0,0,0,0,0,0,0,0,1,0,0,0,0,1,0,0,0,0,0,0,1,0,0
CUS_0x59ba,32985.87,2928.8225,2,988,2,0,12,10,6.17,80,1048.34,24.5844871190006,0.0,216.87374918983883,356.0085008101613,2024-11-01,2025-10-06 10:52:47.427,33,5,0,0,0,0,0,0,0,0,0,0,0,0,0,1,0,0,0,0,0,0,0,1,0,0
CUS_0xb338,132003.96,11062.33,5,4,7,3,7,3,0.63,40,560.57,35.073447461570375,309.2778142814713,219.96612246654394,836.9890632519847,2024-11-01,2025-10-06 10:52:47.427,22,9,0,0,0,0,1,0,0,0,1,0,1,0,0,1,0,0,0,1,0,0,0,0,0,0
CUS_0x72fb,41734.76,3688.896666666667,8,4,5,1,29,9,7.1,20,297.64,33.389547096770976,19.350730948335137,122.44464040523118,477.09429531310036,2024-11-01,2025-10-06 10:52:47.427,20,3,0,0,0,0,0,1,0,0,0,0,1,0,0,0,1,0,0,0,1,0,0,0,0,0
CUS_0xa34d,71732.72,6020.7266666666665,4,3,7,3,10,9,19.8,50,632.16,28.4248881216856,129.93301941562228,517.9384859386213,234.2011613124231,2024-11-01,2025-10-06 10:52:47.427,6,11,0,0,0,1,1,1,0,0,0,1,0,0,0,0,1,0,0,0,0,0,0,1,0,0
CUS_0x2593,50173.54,4323.128333333333,6,4,11,3,19,16,4.09,50,293.88,26.60000385871821,105.30528978798868,199.88172671901418,387.1258168263305,2024-11-01,2025-10-06 10:52:47.427,25,8,1,0,0,0,0,0,0,1,1,0,1,0,0,0,1,0,0,1,0,0,0,0,0,0
CUS_0x2eb7,19963.97,1477.664166666667,5,10,31,5,11,9,15.32,120,1983.53,32.427651129496674,52.60022673725382,85.31992215032349,279.8462677790894,2024-11-01,2025-10-06 10:52:47.427,10,0,0,1,0,0,1,1,1,1,0,1,0,0,0,0,1,0,0,0,0,0,0,0,1,0
CUS_0x32ad,56200.53,4544.3775,307,8,31,7,40,25,18.22,70,4968.17,34.83477703443379,257.1125833328604,72.55038199166579,374.77478467547377,2024-11-01,2025-10-06 10:52:47.427,1,8,1,1,0,0,1,1,0,1,1,1,0,0,0,0,0,1,0,0,0,0,1,0,0,0
CUS_0x632e,21733.845,1320.7080096131806,4,2,6,3,7,5,8.690000000000001,60,47.23,28.29386245314249,256.61387174425874,89.71094343533436,339.8741775518437,2024-11-01,2025-10-06 10:52:47.427,23,8,0,0,0,0,0,0,0,1,1,0,1,0,0,1,0,0,0,0,0,0,1,0,0,0
CUS_0x8cdb,92650.2,7909.850000000001,5,2,3,3,1,0,8.65,60,872.0,35.16772023261563,220.4071636254074,103.26857758813783,717.3092587864547,2024-11-01,2025-10-06 10:52:47.427,17,2,0,1,0,0,1,0,0,0,0,0,1,0,0,0,0,0,1,0,0,0,0,0,0,1
CUS_0x3f31,147210.68,12329.556666666664,2,5,5,0,5,12,10.74,40,323.31,38.642581213706656,0.0,881.9867496650943,630.9689170015723,2024-11-01,2025-10-06 10:52:47.427,32,3,0,0,0,0,0,0,0,0,0,0,1,0,0,1,0,0,0,0,0,0,0,1,0,0
CUS_0x72b4,8934.615,617.55125,8,9,18,7,17,17,22.52,120,3991.35,23.1967307065856,36.42992635311951,24.689041781721638,290.6361568651588,2024-11-01,2025-10-06 10:52:47.427,11,4,1,1,1,1,1,0,0,1,0,1,0,0,0,0,0,0,1,0,0,0,1,0,0,0
CUS_0xbc0e,16231.115,1300.5929166666667,6,7,15,0,6,15,11.92,80,1375.66,32.941693091841245,0.0,162.2454722662071,257.8138194004596,2024-11-01,2025-10-06 10:52:47.427,29,2,0,0,0,0,0,0,0,0,0,0,1,0,0,0,1,0,0,0,0,0,1,0,0,0
CUS_0x479,36490.98,2828.9150000000004,4,5,8,4,19,19,7.75,120,581.05,36.28711306382671,92.35158351990316,72.89077069063487,387.64914578946195,2024-11-01,2025-10-06 10:52:47.427,12,4,0,0,0,1,1,0,0,1,1,1,0,0,0,0,1,0,0,0,0,0,0,0,1,0
CUS_0x52d3,93424.8,7549.399999999999,8,7,15,1,11,18,7.8,10,757.48,28.119228117253467,46.950945174042175,50.494857652135245,897.4941971738225,2024-11-01,2025-10-06 10:52:47.427,22,6,0,0,0,0,1,0,0,0,0,0,1,0,0,0,1,0,0,0,0,0,0,0,0,1
CUS_0x5983,69362.92,5944.243333333333,6,6,9,2,26,9,11.41,50,1042.95,25.38248509004684,67.55351587031603,456.8916766961605,579.1122394133148,2024-11-01,2025-10-06 10:52:47.427,18,5,0,0,0,0,0,1,1,0,0,1,0,0,0,0,1,0,0,1,0,0,0,0,0,0
CUS_0x29a3,15734.68,1017.1568876730324,8,7,1922,7,50,21,23.82,120,4060.73,22.748833142396013,104.49008790611832,57.662508665837066,215.03618242167886,2024-11-01,2025-10-06 10:52:47.427,3,9,1,0,0,1,1,1,0,1,1,1,0,0,0,0,0,1,0,1,0,0,0,0,0,0
CUS_0x383c,89342.58,7644.215,5,3,5,0,0,11,8.08,10,533.66,41.312253233883695,24612.0,147.68313171865566,876.7383682813443,2024-11-01,2025-10-06 10:52:47.427,30,0,0,0,0,0,0,0,0,0,0,0,1,0,0,1,0,0,0,1,0,0,0,0,0,0
CUS_0x9ce0,21964.79,1783.3991666666668,5,2,11,3,1,5,11.38,50,1151.01,31.35899365042289,39.958297933354565,52.481528845958145,345.64405945990194,2024-11-01,2025-10-06 10:52:47.427,33,2,1,0,0,0,1,0,1,0,0,0,1,0,0,1,0,0,0,0,0,1,0,0,0,0
CUS_0xbaf8,105667.62,8668.635,7,3,15,4,27,12,6.87,8760,511.96,33.91542578252458,318.5010526317579,178.41582035123398,609.9466270170083,2024-11-01,2025-10-06 10:52:47.427,26,6,1,0,1,0,0,0,0,0,1,0,1,0,0,0,1,0,0,0,0,1,0,0,0,0
CUS_0x3b9e,23900.41,1767.700833333333,3,5,20,4,7,9,11.54,50,234.73,30.537788431794823,68.03837552394876,20.406464476549466,328.3252433328351,2024-11-01,2025-10-06 10:52:47.427,20,0,0,1,0,1,1,0,1,0,0,1,0,0,0,0,1,0,0,0,0,1,0,0,0,0
CUS_0x61f5,17244.23,1343.0191666666667,8,5,33,5,50,17,9.75,110,1974.97,28.52549000848924,36.33910634141829,10000.0,332.33632921381263,2024-11-01,2025-10-06 10:52:47.427,10,0,1,0,0,1,0,0,0,1,1,1,0,0,0,0,0,1,0,0,0,0,1,0,0,0
CUS_0x4e4a,86186.37,7438.197499999998,7,3,10,3,28,10,10.39,40,524.53,30.958041043458987,192.3961991184796,183.798009377684,627.6255415038365,2024-11-01,2025-10-06 10:52:47.427,15,9,1,1,0,0,0,1,0,0,0,1,0,0,0,0,1,0,0,1,0,0,0,0,0,0
CUS_0xad6d,42316.4,3627.366666666667,7,4,15,2,21,9,14.59,20,1188.1,31.723671152853928,53.58450435787638,359.7562234162092,229.3959388925811,2024-11-01,2025-10-06 10:52:47.427,22,8,0,1,0,0,1,0,0,0,0,1,0,0,0,0,1,0,0,0,0,0,0,0,0,1
CUS_0x3e76,88363.86,7123.655,3,3,11,2,4,1,7.88,80,1405.42,37.32831073861745,127.4805283479446,161.24960028739403,673.6353713646613,2024-11-01,2025-10-06 10:52:47.427,29,3,0,1,0,0,1,0,0,0,0,0,1,0,0,1,0,0,0,0,1,0,0,0,0,0
CUS_0xbf66,68611.44,5790.62,3,3,1688,2,18,1,6.87,20,1116.18,31.8040122846134,89.4405593491455,153.83579474297227,615.7856459078822,2024-11-01,2025-10-06 10:52:47.427,19,5,0,0,0,0,1,0,0,0,0,0,1,0,0,1,0,0,0,0,0,0,0,1,0,0
CUS_0x55de,65793.66,5616.805,6,3,11,4,22,19,11.53,60,1494.35,26.46449258840183,113.275762414721,461.38790304977005,337.29129680185366,2024-11-01,2025-10-06 10:52:47.427,12,6,0,1,0,1,0,1,0,0,1,1,0,0,0,0,1,0,0,1,0,0,0,0,0,0
CUS_0x9b33,28021.64,2326.905191292136,7,4,33,6,19,17,19.11,140,1377.41,39.06107304354144,194.27067410392243,188.92068397166733,275.05378396560764,2024-11-01,2025-10-06 10:52:47.427,7,4,0,1,0,1,0,1,1,0,1,1,0,0,0,0,1,0,0,0,0,0,0,0,0,1
CUS_0x1e45,166837.64,13680.136666666667,4,3,8,0,9,7,11.61,10,1402.48,36.91309694597232,0.0,256.27796938169496,1351.7356972849718,2024-11-01,2025-10-06 10:52:47.427,16,0,0,0,0,0,0,0,0,0,0,0,1,0,0,1,0,0,0,0,0,1,0,0,0,0
CUS_0x912e,83164.79999999999,6942.399999999999,4,5,9,4,19,14,13.9,110,544.54,42.10852098976483,222.7160676733667,110.6165356756868,600.9073966509465,2024-11-01,2025-10-06 10:52:47.427,29,2,0,1,0,0,1,1,0,0,0,1,0,0,0,0,1,0,0,0,0,1,0,0,0,0
CUS_0x205a,59908.77,5251.3975,3,3,29,5,21,13,8.99,90,1323.98,38.39361592930261,173.32440554243774,118.86637539156315,482.94896906599917,2024-11-01,2025-10-06 10:52:47.427,9,8,0,1,1,1,0,1,0,1,0,1,0,0,0,0,0,0,1,0,1,0,0,0,0,0
CUS_0xb987,10186.535,552.8779166666667,8,7,29,5,37,12,7.18,110,2484.47,26.12189186764616,28.82494914807793,35.63162770127204,280.8312148173167,2024-11-01,2025-10-06 10:52:47.427,15,8,1,0,0,1,0,1,0,0,0,1,0,0,0,0,1,0,0,0,0,0,1,0,0,0
CUS_0x12a4,78094.28,6755.856666666668,10,7,15,5,62,19,6.92,120,1695.41,38.279828162989936,270.63980526897086,68.31523136363974,576.6306300340561,2024-11-01,2025-10-06 10:52:47.427,19,8,0,1,0,1,1,0,1,0,0,1,0,0,0,0,0,1,0,0,0,1,0,0,0,0
CUS_0x2bb2,57864.6,4559.05,7,7,13,3,10,12,17.16,40,539.17,28.271038356899105,75.02216000848023,331.7081960697145,339.1746439218053,2024-11-01,2025-10-06 10:52:47.427,31,5,1,0,0,0,1,0,0,0,1,1,0,0,0,0,1,0,0,0,0,0,1,0,0,0
CUS_0x5e7a,47404.02,3883.3350000000014,7,9,24,6,50,17,11.61,90,2621.5,32.77457476379599,156.46800087582668,183.80206493810738,328.06343418606605,2024-11-01,2025-10-06 10:52:47.427,12,0,1,1,0,0,0,1,0,1,0,1,0,0,0,0,0,0,1,0,0,0,0,1,0,0
CUS_0x6f2,33930.63,3061.5525,5,5,5,0,24,9,11.37,60,138.97,36.65922899471886,0.0,227.57706727429897,348.57818272570097,2024-11-01,2025-10-06 10:52:47.427,29,11,0,0,0,0,0,0,0,0,0,1,0,0,0,0,0,0,1,0,0,0,0,0,1,0
CUS_0xc1d7,152947.12,12772.593333333332,1,3,2,1,11,2,1.76,30,1227.12,35.2204707994451,75.19482962580264,483.4626688836752,968.6018348238556,2024-11-01,2025-10-06 10:52:47.427,33,3,0,1,0,0,0,0,0,0,0,0,1,0,0,1,0,0,0,0,1,0,0,0,0,0
CUS_0x4feb,33726.6,2477.6724440386192,6,5,19,0,17,14,13.65,100,1251.27,31.78157511711275,382.8775559613809,90.06296489472116,445.9920351052788,2024-11-01,2025-10-06 10:52:47.427,28,6,0,0,0,0,0,0,0,0,0,1,0,0,0,0,0,0,1,0,1,0,0,0,0,0
CUS_0x8aff,145994.28,12333.19,3,6,7,3,25,18,4.92,20,896.1,27.21703326362493,272.58952588602074,275.53806802537883,925.1914060886006,2024-11-01,2025-10-06 10:52:47.427,27,3,0,1,0,0,0,0,1,1,0,1,0,0,0,0,1,0,0,0,0,1,0,0,0,0
CUS_0x8d95,84169.92,7221.16,5,6,18,1,23,8,19.0,80,617.14,34.186937804185284,38.43795518519901,573.7596055826815,389.91843923211945,2024-11-01,2025-10-06 10:52:47.427,29,8,1,0,0,0,0,0,0,0,0,1,0,0,0,0,1,0,0,0,0,0,0,1,0,0
CUS_0xb1f1,9700.81,870.4008333333333,9,7,21,3,21,23,4.82,130,2542.15,28.65968523560845,21.757519843386916,31.11546128461121,324.1671022053352,2024-11-01,2025-10-06 10:52:47.427,13,3,1,0,1,0,1,0,0,0,0,1,0,0,0,0,0,1,0,0,0,0,1,0,0,0
CUS_0x10e7,64933.76,5368.1466666666665,3,3,33,0,15,19,13.04,110,2699.17,24.95863819730197,193.69258208877807,186.14666535889234,406.9754192189962,2024-11-01,2025-10-06 10:52:47.427,14,4,1,1,0,0,0,0,1,0,1,1,0,0,0,0,1,0,0,0,1,0,0,0,0,0
CUS_0xc434,11245.11,1173.0925000000002,3,6,11,0,12,13,8.01,10,169.86,23.445061723717888,0.0,139.20635733926022,268.1028926607398,2024-11-01,2025-10-06 10:52:47.427,23,9,0,0,0,0,0,0,0,0,0,1,0,0,0,0,1,0,0,0,0,0,1,0,0,0
CUS_0x126d,34710.6,3170.55,6,3,20,0,22,10,14.76,100,1462.53,33.989022524206824,197.1080745500404,324.46240797716166,85.48451747279788,2024-11-01,2025-10-06 10:52:47.427,15,0,1,0,1,0,1,1,0,1,0,1,0,0,0,0,1,0,0,0,0,0,1,0,0,0
CUS_0x4c77,9349.475,772.1229166666667,6,6,19,9,39,15,24.98,90,4833.08,29.17082468520945,52.06513502387013,11.125105781793431,264.0220508610031,2024-11-01,2025-10-06 10:52:47.427,3,10,1,1,1,0,0,0,1,1,1,1,0,0,0,0,0,1,0,0,1,0,0,0,0,0
CUS_0x20e0,12943.475,1327.6229166666667,5,5,9,6,20,14,10.6,60,265.36,39.22746969131425,45.09082980503126,28.087069027708,319.5843928339274,2024-11-01,2025-10-06 10:52:47.427,7,4,0,0,1,1,1,1,0,1,0,1,0,0,0,0,1,0,0,1,0,0,0,0,0,0
CUS_0x7504,73737.36,5936.78,7,3,18,4,20,17,13.92,20,1219.39,37.84472128823233,214.8134632011097,428.4559993294142,220.40853746947613,2024-11-01,2025-10-06 10:52:47.427,31,8,0,0,1,0,1,0,0,1,0,1,0,0,0,0,1,0,0,0,0,0,0,0,1,0
CUS_0xb5c5,13566.77,1130.5641666666668,6,7,6,2,11,19,0.0,60,559.89,26.862819790528693,16.744331113477553,107.72185950593392,333.25922631210017,2024-11-01,2025-10-06 10:52:47.427,25,8,0,0,1,0,0,0,0,0,1,0,1,0,0,1,0,0,0,0,0,0,1,0,0,0
CUS_0xb9f9,54231.16,4727.263333333333,6,3,18,4,11,14,18.89,110,1293.76,34.22144416759881,129.70663031889407,75.53676699844613,517.4829360159931,2024-11-01,2025-10-06 10:52:47.427,15,5,1,0,0,0,0,1,1,1,0,1,0,0,0,0,1,0,0,0,1,0,0,0,0,0
CUS_0x11ae,14550.52,1392.543333333333,7,10,25,9,43,20,23.08,60,4444.99,25.56948290194817,95.91103044567788,123.13871021618077,210.2045926714747,2024-11-01,2025-10-06 10:52:47.427,11,0,0,1,0,1,1,0,1,0,0,1,0,0,0,0,0,0,1,0,0,0,1,0,0,0
CUS_0x65eb,28194.8,2427.5666666666666,2,3,11,0,8,12,9.78,20,139.84,30.31254489334497,55.46728813160815,98.22724803355403,379.0621305015045,2024-11-01,2025-10-06 10:52:47.427,20,9,1,0,0,0,0,0,0,0,1,0,1,0,0,0,0,0,1,0,0,0,1,0,0,0
CUS_0xd96,98839.2,7937.6,6,5,16,1,11,8,6.88,20,940.12,39.91816172209789,71.03874607230401,168.26474446287898,794.4565094648171,2024-11-01,2025-10-06 10:52:47.427,19,6,0,0,0,1,0,0,0,0,0,0,1,0,0,0,1,0,0,0,0,1,0,0,0,0
CUS_0x3b88,19065.32,1497.7766666666666,3,6,5,0,23,15,11.81,50,2008.06,35.58670021521672,76.21247400832009,83.0409639692235,260.52422868912305,2024-11-01,2025-10-06 10:52:47.427,17,2,0,0,0,1,1,1,1,0,0,0,0,0,0,0,1,0,0,0,0,0,0,0,1,0
CUS_0x5387,51191.4,4551.95,9,7,24,9,27,18,19.65,100,3288.66,25.65014539378932,238.63689621073644,532.9161178650306,301.60701938129,2024-11-01,2025-10-06 10:52:47.427,9,2,1,0,0,0,1,1,0,1,0,1,0,0,0,0,0,0,1,0,0,0,1,0,0,0
CUS_0x245e,31081.62,2305.135,7,7,22,9,49,23,0.0,120,2574.54,33.95522501047977,230.8309148808761,231.4543185234801,58.22826659564373,2024-11-01,2025-10-06 10:52:47.427,13,6,0,0,1,1,1,1,1,1,1,1,0,0,0,0,0,0,1,0,0,0,1,0,0,0
CUS_0x1f2e,41012.42,3341.7016666666664,5,4,27,7,13,9,14.47,40,1690.55,30.687163313258814,199.36780256217992,174.7952014398911,220.00716266459565,2024-11-01,2025-10-06 10:52:47.427,7,11,0,0,0,1,0,1,1,1,1,1,0,0,0,0,1,0,0,1,0,0,0,0,0,0
CUS_0x87c1,89992.98,7659.415,8,4,15,0,15,10,7.16,60,739.86,36.51282621972005,0.0,70.72876723015375,935.2127327698463,2024-11-01,2025-10-06 10:52:47.427,30,5,0,0,0,0,0,0,0,0,0,1,0,0,0,0,1,0,0,0,0,0,0,0,0,1
CUS_0x949b,11958.695,903.5579166666664,3,4,8,0,26,18,8.3,70,74.29,35.14460527375915,0.0,22.800244026542163,327.55554764012453,2024-11-01,2025-10-06 10:52:47.427,16,4,0,0,0,0,0,0,0,0,0,1,0,0,0,0,1,0,0,1,0,0,0,0,0,0
CUS_0x174b,22709.37,2115.4475,6,5,19,2,20,11,17.62,80,412.53,35.801291803190885,77114.0,99.7458312242491,366.36013865373747,2024-11-01,2025-10-06 10:52:47.427,26,8,0,0,0,1,0,0,0,0,1,1,0,0,0,0,1,0,0,0,0,0,0,1,0,0
CUS_0xc4e2,18228.67,1734.055833333333,5,5,19,0,29,20,14.26,70,2471.1,25.894681959589143,40.46085110652611,182.83051933249,240.11421289431723,2024-11-01,2025-10-06 10:52:47.427,14,6,0,0,0,1,0,0,1,1,1,1,0,0,0,0,1,0,0,0,0,0,1,0,0,0
CUS_0x28e1,34526.09,2908.174166666666,5,4,19,3,13,14,14.74,100,938.23,27.14253679831804,70.15698258447321,190.65495974591943,300.005474336274,2024-11-01,2025-10-06 10:52:47.427,18,5,0,0,0,1,1,0,1,0,0,1,0,0,0,0,1,0,0,0,0,0,0,0,1,0
CUS_0x3b06,15028.515,1417.37625,8,7,8,0,21,14,7.65,20,583.74,41.0277459359327,0.0,15.935000701169539,375.8026242988303,2024-11-01,2025-10-06 10:52:47.427,23,6,0,0,0,0,0,0,0,0,0,0,0,0,0,1,0,0,0,0,1,0,0,0,0,0
CUS_0x40fa,20417.43,1807.4525,4,1,10,2,14,8,4.51,40,312.66,34.42302345718897,23.97871208974461,167.43383596083436,259.33270194942105,2024-11-01,2025-10-06 10:52:47.427,21,9,0,0,1,1,0,0,0,0,0,0,1,0,0,0,0,0,1,0,0,0,0,0,1,0
CUS_0x4e7a,133214.25,11166.1875,3,3,2,3,10,11,9.48,60,68.18,22.35157412217493,309.1572520422692,1015.9438688790332,61.517629078697716,2024-11-01,2025-10-06 10:52:47.427,19,4,0,0,1,0,1,0,0,0,0,0,0,0,0,1,0,0,0,0,0,0,0,0,1,0
CUS_0x640f,16361.9,1618.4916666666666,6,9,31,8,45,19,20.95,60,4949.89,24.108257637152576,104.73037888276976,148.91899433164468,259.76943162942587,2024-11-01,2025-10-06 10:52:47.427,4,5,1,1,1,1,0,1,1,0,1,0,0,0,0,0,0,1,0,0,1,0,0,0,0,0
CUS_0xbad2,25376.73,2387.7275,5,7,3921,2,16,10,4.83,20,400.25,33.032398597225644,25.91546457978332,33.04589999442328,429.8113854257934,2024-11-01,2025-10-06 10:52:47.427,20,2,0,0,0,1,0,0,0,1,0,1,0,0,0,0,1,0,0,0,1,0,0,0,0,0
CUS_0x841e,88221.16,7113.763333333332,7,5,12,0,12,15,14.98,70,988.12,38.93847485326741,0.0,176.17914916032623,775.197184173007,2024-11-01,2025-10-06 10:52:47.427,27,3,0,0,0,0,0,0,0,0,0,1,0,0,0,0,1,0,0,0,0,1,0,0,0,0
CUS_0x947a,26922.65,2343.554166666667,4,7,17,3,28,20,7.54,40,1179.89,37.58461872473604,58.959535606094185,249.37926199001663,372.3235018934577,2024-11-01,2025-10-06 10:52:47.427,20,9,0,0,0,0,0,1,0,1,0,0,1,0,0,0,1,0,0,0,0,0,0,0,0,1
CUS_0x1929,101586.12,8278.51,8,7,5773,0,13,8,2.28,70,597.31,29.737543972253576,0.0,845.5012989454821,272.34970105451816,2024-11-01,2025-10-06 10:52:47.427,28,10,0,0,0,0,0,0,0,0,0,0,1,0,0,1,0,0,0,0,0,0,1,0,0,0
CUS_0x22c4,80288.08,6961.673333333332,7,10,4962,6,15,20,19.88,80,2848.95,37.569531260556936,400.5935007958336,189.68661414902698,355.8872183884726,2024-11-01,2025-10-06 10:52:47.427,13,6,1,0,0,1,0,1,1,1,0,1,0,0,0,0,0,1,0,0,1,0,0,0,0,0
CUS_0x7cfa,18729.06,1546.755,9,8,19,9,43,22,5.99,150,2585.89,27.073548252454025,131.24098433513322,177.65014154962878,135.78437411523802,2024-11-01,2025-10-06 10:52:47.427,15,10,1,0,1,1,0,0,1,1,1,1,0,0,0,0,0,0,1,0,0,0,1,0,0,0
CUS_0x4630,29086.41,2236.8675,4,7,13,1,12,7,16.4,60,1394.56,24.901178326637822,15.519659916164308,218.19581026286536,279.9712798209703,2024-11-01,2025-10-06 10:52:47.427,26,8,0,0,0,0,0,0,0,1,0,1,0,0,0,0,1,0,0,0,0,0,1,0,0,0
CUS_0x976,7901.055,797.42125,8,7,14,5,24,17,17.41,80,2154.6,28.421470738747693,24.573293167405843,51.63067079447046,293.5381610381237,2024-11-01,2025-10-06 10:52:47.427,13,3,1,1,0,0,0,1,0,0,0,1,0,0,0,0,1,0,0,0,0,0,1,0,0,0
CUS_0xbc4b,121622.84,10081.236666666666,0,3,757,2,12,0,12.02,10,1391.33,36.38246348862955,173.2882998697942,96.275243274606,978.5601235222664,2024-11-01,2025-10-06 10:52:47.427,20,8,0,0,0,1,1,0,0,0,0,0,0,0,0,1,0,0,0,0,0,1,0,0,0,0
CUS_0x21a3,17774.97,1281.1849813547908,6,9,33,9,55,25,28.93,130,3183.68,38.50080934564382,78.77269746366139,114.62855686917399,161.98601431237404,2024-11-01,2025-10-06 10:52:47.427,10,4,1,1,1,0,1,1,1,1,0,1,0,0,0,0,0,1,0,0,0,0,0,1,0,0
CUS_0x5217,14337.64,1405.803333333333,0,4,1,2,5,8,7.64,40,207.85,37.72115136196911,19.50373189249481,102.71406665954935,288.3625347812891,2024-11-01,2025-10-06 10:52:47.427,17,2,0,0,0,1,1,0,0,0,0,0,1,0,0,1,0,0,0,0,0,0,0,0,1,0
CUS_0xe0f,32148.76,2571.063333333333,8,5,33,7,25,18,9.22,110,2699.66,30.09689288277587,165.111415926108,51.13735173371445,162.11514636288726,2024-11-01,2025-10-06 10:52:47.427,17,10,0,1,0,0,1,0,1,0,1,1,0,0,0,0,1,0,0,0,0,0,0,0,0,1
CUS_0x2d94,19835.93,1531.9941666666666,2,3,1,0,12,6,3.09,0,1385.49,27.158715054078,0.0,198.4279978357357,244.77141883093097,2024-11-01,2025-10-06 10:52:47.427,25,8,0,0,0,0,0,0,0,0,0,0,1,0,0,1,0,0,0,0,0,0,1,0,0,0
CUS_0x6257,143351.28,12014.94,8,6,3,2,11,18,8.3,40,996.96,44.80551191804862,225.7255709866269,118.49503633245577,1097.2733926809174,2024-11-01,2025-10-06 10:52:47.427,27,8,0,1,0,0,0,0,0,0,1,0,1,0,0,1,0,0,0,0,0,1,0,0,0,0
CUS_0x6ec7,114150.75,9668.5625,5,4,8,0,10,1,9.13,3180,399.84,38.35114011109825,0.0,164.26125319102457,1052.594996808975,2024-11-01,2025-10-06 10:52:47.427,19,2,0,0,0,0,0,0,0,0,0,0,1,0,0,0,0,0,1,0,1,0,0,0,0,0
CUS_0x8698,12875.73,818.9775,6,5,15,4,1,19,0.57,10,52.94,41.337348513504686,39.65818841959681,21.848014923651682,270.39154665675153,2024-11-01,2025-10-06 10:52:47.427,29,3,1,1,0,0,0,1,0,1,0,0,1,0,0,0,1,0,0,0,0,0,0,0,0,1
CUS_0xbe03,62325.9,5033.9704284828495,3,7,9,0,8,9,12.92,40,1302.86,38.841307526238886,456.0519131940285,67.48590950406829,501.29924881905265,2024-11-01,2025-10-06 10:52:47.427,24,3,0,0,1,0,0,1,0,1,0,0,0,0,0,1,0,0,0,0,0,1,0,0,0,0
CUS_0x2a67,78769.32,6277.1100000000015,8,5,20,0,11,20,11.66,30,45.87,30.542989210261197,0.0,478.3407116336203,419.3702883663798,2024-11-01,2025-10-06 10:52:47.427,25,2,0,0,0,0,0,0,0,0,0,0,1,0,0,0,1,0,0,0,0,0,0,0,1,0
CUS_0x379f,39161.2,3088.433333333333,2,4,5,2,11,4,1.56,50,1344.45,28.85280377734097,42.11282356163925,186.15874276680844,350.57176700488566,2024-11-01,2025-10-06 10:52:47.427,21,4,0,0,0,0,0,0,1,1,0,0,1,0,0,1,0,0,0,0,0,0,0,0,1,0
CUS_0x7edb,34660.86,2782.405,8,7,6,0,25,12,5.63,90,901.74,39.72863938981635,0.0,84.65628929993642,453.5842107000637,2024-11-01,2025-10-06 10:52:47.427,15,9,0,0,0,0,0,0,0,0,0,0,1,0,0,0,1,0,0,1,0,0,0,0,0,0
CUS_0xb611,17951.715,1410.97625,5,5,9,0,13,18,6.72,30,441.46,31.77306256890475,0.0,133.74975737747894,297.34786762252105,2024-11-01,2025-10-06 10:52:47.427,17,10,0,0,0,0,0,0,0,0,0,1,0,0,0,0,1,0,0,0,0,0,1,0,0,0
CUS_0x2f9d,7555.45,769.6208333333333,8,6,926,6,32,18,9.4,160,3371.11,28.47067287324905,33.799504337518066,38.16776605316512,284.9948129426501,2024-11-01,2025-10-06 10:52:47.427,9,4,1,1,1,1,1,0,1,0,0,1,0,0,0,0,0,1,0,0,0,0,0,1,0,0
CUS_0x38f3,143703.4,12099.283333333333,8,3,6,2,27,14,11.53,110,418.85,30.701514901625234,168.7055046907443,306.6047378392193,994.6180908033696,2024-11-01,2025-10-06 10:52:47.427,31,10,0,1,0,0,1,0,0,0,0,1,0,0,0,0,1,0,0,1,0,0,0,0,0,0
CUS_0x52c8,16896.19,1451.0158333333331,7,6,23,9,37,18,4.1,90,1878.31,32.97598037408303,36696.0,136.59444717256164,229.18774951560792,2024-11-01,2025-10-06 10:52:47.427,17,10,0,1,1,1,0,0,1,0,1,1,0,0,0,0,0,0,1,0,0,0,1,0,0,0
CUS_0x89b2,143961.52,12276.793333333331,4,3,12,4,27,13,5.7,30,1296.94,28.593683477707145,247.0599169040427,495.84291668831787,764.7764997409728,2024-11-01,2025-10-06 10:52:47.427,33,6,0,1,0,1,0,0,0,1,0,0,1,0,0,0,0,0,1,0,0,0,0,1,0,0
CUS_0x9389,114684.32,9777.026666666668,5,5,19,3,8,18,8.47,30,542.26,30.527668690543223,147.54103758893092,659.2503697545708,430.9112593231652,2024-11-01,2025-10-06 10:52:47.427,19,11,0,1,0,0,0,1,0,0,0,1,0,0,0,0,1,0,0,1,0,0,0,0,0,0
CUS_0xa4ac,112939.47,8734.37311793059,4,5,12,0,17,2,11.03,60,800.06,29.391353734490195,12342.0,120.69345680103315,1085.768793198967,2024-11-01,2025-10-06 10:52:47.427,23,2,0,0,0,0,0,0,0,0,0,0,1,0,0,1,0,0,0,0,0,1,0,0,0,0
CUS_0x1144,135851.24,11418.936666666665,4,4,18,2,28,19,11.19,130,695.12,32.631874548192144,206.55719362380657,1139.0837370941445,76.25273594871554,2024-11-01,2025-10-06 10:52:47.427,25,2,0,1,0,0,0,0,1,0,0,1,0,0,0,0,1,0,0,0,0,0,0,1,0,0
CUS_0x25f5,29905.94,2362.1616666666664,9,8,34,6,27,13,20.79,130,2987.02,39.30091312542395,123.09744018256556,211.93607479883877,181.1826516852624,2024-11-01,2025-10-06 10:52:47.427,9,10,0,0,1,1,1,0,0,1,0,1,0,0,0,0,0,1,0,0,0,0,0,1,0,0
CUS_0x2e0e,61085.5,4842.458333333333,8,5,8,3,9,12,11.95,40,293.01,36.889909742679855,98.80792649697564,40.40775852824968,585.030148308108,2024-11-01,2025-10-06 10:52:47.427,23,11,0,0,0,0,1,0,1,1,0,0,1,0,0,1,0,0,0,0,0,1,0,0,0,0
CUS_0x98cd,74800.0,5967.333333333332,3,1,5,4,8,7,7.73,40,1132.51,32.37290695235977,244.58397254644615,240.14317686380286,362.00618392308417,2024-11-01,2025-10-06 10:52:47.427,28,4,0,0,1,1,0,0,1,1,0,0,1,0,0,1,0,0,0,0,1,0,0,0,0,0
CUS_0x2b54,21339.42,2038.285,7,7,20,0,5,20,0.0,50,570.25,36.69852935676218,0.0,192.28039577924343,301.54810422075656,2024-11-01,2025-10-06 10:52:47.427,33,4,0,0,0,0,0,0,0,0,0,1,0,0,0,0,1,0,0,0,0,0,1,0,0,0
CUS_0x46b1,20399.82,1790.985,9,5,15,5,13,18,27.72,90,4531.3,22.50189533682255,64.30629889913274,85.47451039942902,319.31769070143815,2024-11-01,2025-10-06 10:52:47.427,12,3,1,1,1,0,0,0,1,0,0,1,0,0,0,0,0,1,0,0,0,0,1,0,0,0
CUS_0x6065,174304.04,14458.336666666668,1,3,12,0,5,7,1.96,40,461.16,35.392441369687035,0.0,765.0078808971347,950.825785769532,2024-11-01,2025-10-06 10:52:47.427,30,6,0,0,0,0,0,0,0,0,0,0,1,0,0,1,0,0,0,0,0,0,0,0,1,0
CUS_0x70a0,50298.42,4391.535,9,5,22,5,28,16,1.47,70,3281.43,35.67986328750673,195.2648376126279,131.05437546300234,372.83428692436974,2024-11-01,2025-10-06 10:52:47.427,2,0,0,0,0,0,1,0,1,1,0,1,0,0,0,0,0,1,0,1,0,0,0,0,0,0
CUS_0x89a9,32428.98,2512.415,6,5,23,5,25,25,21.88,110,4903.14,32.81095112501273,109.27329607325775,92.08098132175684,329.88722260498537,2024-11-01,2025-10-06 10:52:47.427,11,0,0,0,0,0,0,0,1,1,1,0,0,0,0,0,0,1,0,0,0,0,0,1,0,0
CUS_0xc3d8,138722.36,11264.196666666665,5,4,3,0,2,6,4.61,90,1474.32,42.41587572705017,0.0,331.19992801665825,1055.219738650008,2024-11-01,2025-10-06 10:52:47.427,21,8,0,0,0,0,0,0,0,0,0,0,1,0,0,1,0,0,0,1,0,0,0,0,0,0
CUS_0x75c4,9828.82,653.0683333333333,9,9,25,8,12,15,5.36,120,3418.15,25.25128748784612,17445.0,55.37565242276774,246.20581513544238,2024-11-01,2025-10-06 10:52:47.427,3,10,1,1,1,1,0,1,0,0,0,1,0,0,0,0,0,1,0,0,0,0,0,0,1,0
CUS_0x7b7a,77930.28,6504.19,8,8,25,7,45,22,0.64,100,1597.7,35.14309261672948,449.50572365736986,95.90317008699623,355.01010625563384,2024-11-01,2025-10-06 10:52:47.427,11,3,1,0,0,1,1,1,1,0,1,1,0,0,0,0,0,1,0,0,1,0,0,0,0,0
CUS_0xa823,16481.42,1514.4516666666666,9,5,23,8,25,25,28.12,120,4418.26,39.56641353676992,58.81112683099536,10000.0,310.13404888607135,2024-11-01,2025-10-06 10:52:47.427,14,2,1,1,0,0,0,1,1,0,0,0,0,0,0,0,0,1,0,0,0,0,0,1,0,0
CUS_0x23e9,114614.88,9369.24,6,6,9,3,4,9,9.06,10,1379.67,35.453779523595145,180.9107226914057,191.7525812583974,804.2606960501969,2024-11-01,2025-10-06 10:52:47.427,27,11,0,1,0,0,0,0,0,1,1,1,0,0,0,0,0,0,1,0,0,1,0,0,0,0
CUS_0x4deb,16254.6,1187.55,7,7,23,5,47,18,17.65,70,2911.44,38.15034790070364,59.962254077092,60.1538700245508,288.6388758983572,2024-11-01,2025-10-06 10:52:47.427,8,4,0,0,1,1,1,0,0,0,0,1,0,0,0,0,0,1,0,0,0,0,1,0,0,0
CUS_0x89d0,20317.12,1697.093333333333,7,6,17,4,14,10,17.72,100,2695.78,31.8207807067743,59.69878767983766,26.44798040682681,323.5625652466689,2024-11-01,2025-10-06 10:52:47.427,6,10,1,1,0,1,0,1,0,0,0,1,0,0,0,0,1,0,0,0,0,1,0,0,0,0
CUS_0xaf61,37188.1,3097.008333333333,1,4,5,3,7,9,5.38,30,620.64,39.30098031236941,84.20594942484425,42.935565846112745,432.5593180623764,2024-11-01,2025-10-06 10:52:47.427,30,4,1,0,0,0,0,1,1,0,0,0,1,0,0,0,0,0,1,0,1,0,0,0,0,0
CUS_0x1df1,73434.92,5849.576666666668,1,5,5,0,6,3,11.93,0,192.45,33.7340236385392,214.4301783969348,171.90893893425,448.6185493354819,2024-11-01,2025-10-06 10:52:47.427,16,2,0,1,1,1,0,0,0,1,0,0,1,0,0,1,0,0,0,0,0,0,0,0,0,1
CUS_0x9a4f,93363.45,7237.397299784516,8,7,15,3,24,16,16.68,90,352.86,29.42657708778189,981.0654877317894,10000.0,316.85242220435504,2024-11-01,2025-10-06 10:52:47.427,26,10,0,1,1,0,1,0,0,0,0,1,0,0,0,0,1,0,0,0,0,0,0,0,0,1
CUS_0xe21,86189.58,7127.465,5,3,12,4,28,6,8.15,80,1425.02,37.22979920178216,154.97353268402364,148.93475246539447,658.838214850582,2024-11-01,2025-10-06 10:52:47.427,18,6,0,0,0,1,0,1,1,0,0,0,0,0,0,1,0,0,0,0,1,0,0,0,0,0
CUS_0x6e8d,40341.38,3196.559142079216,6,6,4,3,6,18,5.79,10,1263.68,36.54062079769236,275.70410869833887,95.67577257283364,449.4208099829448,2024-11-01,2025-10-06 10:52:47.427,21,10,0,0,1,0,0,0,0,0,0,0,1,0,0,1,0,0,0,1,0,0,0,0,0,0
CUS_0x9fd8,93089.52,8007.46,3,4,17,4,11,18,13.01,80,1351.26,29.40088030058537,295.08373876464594,212.59675612968246,543.0655051056717,2024-11-01,2025-10-06 10:52:47.427,12,5,0,0,0,0,1,1,0,0,1,1,0,0,0,0,1,0,0,0,1,0,0,0,0,0
CUS_0xbb7c,32420.82,2605.735,3,4,14,4,5,16,5.68,30,873.63,32.34467716499325,105.1309761987727,37.39534463082285,368.0471791704044,2024-11-01,2025-10-06 10:52:47.427,22,0,1,1,0,0,0,0,0,1,1,1,0,0,0,0,1,0,0,0,1,0,0,0,0,0
CUS_0x7f0b,16590.27,1204.5225,8,6,22,7,25,23,8.59,70,2547.85,23.46231491653434,52.68073754080175,145.88267581210613,211.8888366470921,2024-11-01,2025-10-06 10:52:47.427,16,2,1,0,1,0,0,1,1,0,1,0,0,0,0,0,0,1,0,0,0,0,1,0,0,0
CUS_0x790a,88147.53,7477.6275,2,3,8,3,14,3,11.78,40,1416.48,37.75071271380368,167.86805091991428,435.60063713043746,424.29406194964827,2024-11-01,2025-10-06 10:52:47.427,29,3,0,0,0,1,0,0,1,0,0,0,1,0,0,1,0,0,0,0,0,0,0,1,0,0
CUS_0xb4c9,20906.89,1620.240833333333,6,5,29,5,38,17,23.48,150,3714.72,23.83685274080893,80.48726431135822,215.11509795276825,156.42172106920685,2024-11-01,2025-10-06 10:52:47.427,5,6,0,1,1,0,0,0,0,0,1,1,0,0,0,0,0,1,0,0,0,0,1,0,0,0
CUS_0xb03f,17963.45,1328.9541666666669,6,7,17,2,61,15,0.75,110,2052.02,26.23985718881147,23.01331426191241,154.19559348076876,245.68650892398557,2024-11-01,2025-10-06 10:52:47.427,7,4,0,0,0,1,1,0,0,0,0,1,0,0,0,0,0,1,0,0,0,0,1,0,0,0
CUS_0xc4bc,28455.14,2524.2616666666668,6,4,10,4,25,9,7.8900000000000015,50,784.87,28.91788981933003,69.28446689577795,83.76932082885679,349.372378942032,2024-11-01,2025-10-06 10:52:47.427,18,0,1,0,1,0,0,0,1,0,1,0,1,0,0,0,0,0,1,0,1,0,0,0,0,0
CUS_0x7a51,19740.04,1769.003333333333,4,6,4,2,3,10,5.37,10,1149.82,39.888243820657394,26.49477978756625,75.20843026462774,335.1971232811394,2024-11-01,2025-10-06 10:52:47.427,18,5,0,0,1,0,0,0,0,0,1,0,1,0,0,1,0,0,0,0,0,0,0,0,0,1
CUS_0x75a4,87520.66,7142.388333333332,0,5,1,4,0,5,6.37,30,1167.75,38.98454393595456,149.5993433095056,163.9002232234569,640.7392668003707,2024-11-01,2025-10-06 10:52:47.427,24,6,0,0,1,1,1,0,0,1,0,0,0,0,0,1,0,0,0,0,0,1,0,0,0,0
CUS_0x6870,9381.05,559.7541666666666,10,10,16,7,19,21,7.29,80,1625.4,27.820651977605053,27.91818864063458,57.99596611415781,250.06126191187428,2024-11-01,2025-10-06 10:52:47.427,19,10,1,1,1,0,0,1,1,1,0,1,0,0,0,0,0,1,0,0,0,0,0,1,0,0
CUS_0x79ca,44801.72,3973.476666666667,0,5,6,1,14,9,4.03,50,156.08,32.33518478461371,21.762531867368043,116.91824684986678,518.6668879494318,2024-11-01,2025-10-06 10:52:47.427,32,5,0,0,0,0,0,0,0,0,1,0,1,0,0,1,0,0,0,1,0,0,0,0,0,0
CUS_0xb223,34989.38,3211.7816666666663,4,3,9,3,1,10,9.28,40,957.58,32.15816713512921,84.11593622346284,282.28079524658784,234.78143519661603,2024-11-01,2025-10-06 10:52:47.427,25,11,0,0,0,1,0,0,0,1,1,0,1,0,0,1,0,0,0,0,0,0,0,1,0,0
CUS_0xa7b2,14647.905,1105.65875,0,3,7,3,4,4,11.77,60,1196.73,34.47580691870459,21.802703667216285,10000.0,327.6018056638923,2024-11-01,2025-10-06 10:52:47.427,26,8,0,0,0,1,0,1,0,0,0,0,1,0,0,1,0,0,0,0,0,0,1,0,0,0
CUS_0xbcb2,19853.4,1463.45,6,5,34,0,48,15,2.55,120,4435.23,25.178620054371272,89.22063050225692,118.46991556594172,228.65445393180138,2024-11-01,2025-10-06 10:52:47.427,11,11,0,1,0,0,1,0,1,0,1,1,0,0,0,0,0,1,0,0,0,0,1,0,0,0
CUS_0x127d,15096.85,1033.0708333333334,8,6,20,4,18,20,8.76,60,1928.03,32.5165585073259,35.31355866891549,63.66859960550003,264.3249250589178,2024-11-01,2025-10-06 10:52:47.427,17,3,0,0,0,0,0,0,1,1,0,1,0,0,0,0,0,0,1,1,0,0,0,0,0,0
CUS_0x2a5d,95610.81,8262.567500000001,6,4,5,5,17,8,17.43,90,383.55,39.9086480004714,276.31954552712403,435.2926343088889,374.6445701639871,2024-11-01,2025-10-06 10:52:47.427,20,6,0,1,0,0,1,1,0,0,1,1,0,0,0,0,1,0,0,1,0,0,0,0,0,0
CUS_0x2ddc,38392.87,3343.4058333333337,3,5,9,0,5,9,11.8,10,883.37,39.74308192862306,52.65696427161763,87.39048670317914,444.2931323585366,2024-11-01,2025-10-06 10:52:47.427,27,6,0,0,1,0,0,0,0,1,0,0,1,0,0,1,0,0,0,0,1,0,0,0,0,0
CUS_0x6acd,80692.28,6856.356666666668,7,6,15,5,45,21,0.0,130,2707.04,31.60001317122117,285.0286813724153,259.41822803637933,431.18875725787217,2024-11-01,2025-10-06 10:52:47.427,10,5,0,0,1,0,1,1,0,0,0,1,0,0,0,0,0,1,0,0,0,0,1,0,0,0
CUS_0x6f00,98962.77,8044.897499999999,5,6,8,2,12,9,2.6,0,599.54,35.73096687027321,98.61147339846188,280.9659518890824,674.9123247124558,2024-11-01,2025-10-06 10:52:47.427,26,5,0,0,0,0,0,0,1,0,1,0,1,0,0,1,0,0,0,0,1,0,0,0,0,0
CUS_0x9748,112021.6,9452.133333333331,7,6,5,0,10,10,6.88,20,1313.69,37.159523194227205,0.0,296.76668193232473,908.4466514010088,2024-11-01,2025-10-06 10:52:47.427,27,11,0,0,0,0,0,0,0,0,0,0,1,0,0,0,1,0,0,1,0,0,0,0,0,0
