Customer_ID,Annual_Income,Monthly_Inhand_Salary,Num_Bank_Accounts,Num_Credit_Card,Interest_Rate,Num_of_Loan,Delay_from_due_date,Num_of_Delayed_Payment,Changed_Credit_Limit,Num_Credit_Inquiries,Outstanding_Debt,Credit_Utilization_Ratio,Total_EMI_per_month,Amount_invested_monthly,Monthly_Balance,snapshot_date,_ingested_at_utc,credit_history_age_year,credit_history_age_month,mortgage_loan,auto_loan,credit_builder_loan,personal_loan,not_specified,student_loan,home_equity_loan,payday_loan,debt_consolidation_loan,ohe__payment_of_min_amount__yes,ohe__payment_of_min_amount__no,ohe__payment_of_min_amount__nm,ohe__payment_of_min_amount__unknown,ohe__credit_mix__good,ohe__credit_mix__standard,ohe__credit_mix__bad,ohe__credit_mix__unknown,ohe__payment_behaviour__high_spent_small_value_payments,ohe__payment_behaviour__high_spent_medium_value_payments,ohe__payment_behaviour__high_spent_large_value_payments,ohe__payment_behaviour__low_spent_small_value_payments,ohe__payment_behaviour__low_spent_medium_value_payments,ohe__payment_behaviour__low_spent_large_value_payments,ohe__payment_behaviour__unknown
CUS_0x2b83,33616.73,2828.394166666667,2,6,10,1,1,3,2.7300000000000004,90,1267.26,26.49604995989957,24.111850388170648,59.64377292699398,439.08379335150215,2023-01-01,2025-10-06 10:48:29.241,30,4,0,0,0,0,0,0,0,1,0,0,1,0,0,0,0,0,1,0,0,1,0,0,0,0
CUS_0x321f,31002.86,2848.5716666666667,8,6,10,0,5,12,5.1,20,1256.7,32.76453007855753,0.0,139.1845545615058,435.6726121051609,2023-01-01,2025-10-06 10:48:29.241,26,2,0,0,0,0,0,0,0,0,0,1,0,0,0,0,1,0,0,0,0,0,1,0,0,0
CUS_0x8f4e,32412.72,2887.06,9,6,32,9,40,23,7.99,120,3632.05,33.696084784829104,163.06753585436562,201.0037711743061,194.63469297132823,2023-01-01,2025-10-06 10:48:29.241,10,5,0,1,0,0,1,1,1,1,1,1,0,0,0,0,0,1,0,0,0,0,0,0,1,0
CUS_0x12fb,26342.91,1949.2425,6,7,7,1,23,14,17.6,30,397.9,33.21173803384935,57567.0,48.05730642437603,365.2837329906362,2023-01-01,2025-10-06 10:48:29.241,22,0,0,0,1,0,0,0,0,0,0,1,0,0,0,0,1,0,0,0,0,1,0,0,0,0
CUS_0x3733,12868.625,829.3854166666667,6,7,5,4,28,8,0.77,30,837.85,33.952106910750715,39.26859785049104,59.11133336755002,286.8147768595968,2023-01-01,2025-10-06 10:48:29.241,33,5,0,0,1,0,0,0,1,0,1,1,0,0,0,0,1,0,0,0,0,0,1,0,0,0
CUS_0x3bde,34980.94,2653.078333333333,1,5,7,3,6,11,4.66,30,715.01,27.295159051471757,52.92380655556158,22.297638395870447,430.0863883819013,2023-01-01,2025-10-06 10:48:29.241,17,3,1,0,0,0,0,0,1,0,0,0,0,0,0,1,0,0,0,0,0,1,0,0,0,0
CUS_0x5877,79710.09,6375.5075,3,4,16,3,21,13,4.85,40,109.97,26.987430809339727,165.05454196369772,433.7901550840264,308.7060529522759,2023-01-01,2025-10-06 10:48:29.241,33,2,0,0,0,0,1,1,0,0,0,0,1,0,0,0,1,0,0,0,0,0,0,0,1,0
CUS_0x89a,49217.68,4154.473333333333,7,3,5,0,18,11,9.88,50,1140.58,25.483798409981777,0.0,64.28021187500076,601.1671214583325,2023-01-01,2025-10-06 10:48:29.241,18,2,0,0,0,0,0,0,0,0,0,0,1,0,0,0,0,0,1,0,1,0,0,0,0,0
CUS_0x1960,32707.14,2679.595,5,6,20,1,30,9,1.97,40,405.07,34.46626402406045,22.10318545741732,77.6430189772598,448.2132955653229,2023-01-01,2025-10-06 10:48:29.241,23,11,0,0,0,0,0,0,1,0,0,1,0,0,0,0,1,0,0,0,0,0,0,1,0,0
CUS_0x541a,44152.16,3831.346666666667,3,7,18,3,19,11,2.35,10,634.52,34.91669166621865,107.99023314874432,154.54363075591738,410.60080276200506,2023-01-01,2025-10-06 10:48:29.241,20,4,1,0,1,1,0,0,0,0,0,0,1,0,0,0,1,0,0,0,0,0,1,0,0,0
CUS_0x56f1,18910.83,1609.9025,1,4,7,0,25,8,2.88,80,912.67,33.93315200955191,0.0,127.5855135382914,313.40473646170864,2023-01-01,2025-10-06 10:48:29.241,25,5,0,0,0,0,0,0,0,0,0,0,1,0,0,1,0,0,0,0,0,0,0,1,0,0
CUS_0x9124,52561.62,4572.135,8,8,32,2,30,18,11.63,90,1312.29,29.16209732152084,48.935271886060725,128.36602547443798,549.9122026395013,2023-01-01,2025-10-06 10:48:29.241,15,8,0,0,0,0,1,0,1,0,0,1,0,0,0,0,1,0,0,0,0,0,0,0,1,0
CUS_0x4340,66061.04,5762.086666666666,6,5,22,3,24,22,4.92,170,1801.38,32.346941011913664,100.80218631330352,208.00321298921776,557.4032673641453,2023-01-01,2025-10-06 10:48:29.241,12,9,1,1,0,1,0,0,0,0,0,1,0,0,0,0,0,1,0,0,0,0,0,0,0,1
CUS_0x537,75776.54999999999,6580.712499999999,5,4,15,1,11,17,13.86,15430,1.37,28.154606808441443,60.27778125973964,80.53264859717362,767.2608201430867,2023-01-01,2025-10-06 10:48:29.241,26,0,0,0,0,0,0,0,0,0,1,0,0,0,0,0,1,0,0,0,1,0,0,0,0,0
CUS_0xa2ee,9921.775,753.8145833333333,7,9,26,8,57,19,16.56,160,4703.9,25.442594066545965,56.50456499877907,31.05531638255331,257.8215769520009,2023-01-01,2025-10-06 10:48:29.241,13,0,1,1,0,1,0,1,0,1,1,1,0,0,0,0,0,1,0,0,0,0,0,0,1,0
CUS_0x2ad2,34947.63,3022.3025,3,7,20,4,7,8,2.49,30,936.29,21.945167360121545,77.86290674407878,10000.0,278.5516153515224,2023-01-01,2025-10-06 10:48:29.241,16,10,0,1,0,1,1,0,1,0,0,0,1,0,0,0,1,0,0,0,0,0,0,0,0,1
CUS_0x752c,99952.32,8120.3600000000015,3,6,3,3,10,4,8.74,0,162.01,32.31288016810708,224.2379725190021,527.7563604838589,330.04166699713903,2023-01-01,2025-10-06 10:48:29.241,27,0,0,1,1,0,0,0,1,0,0,0,1,0,0,1,0,0,0,0,0,0,0,0,1,0
CUS_0x9e09,31707.73,2386.310833333333,8,7,7,0,27,19,12.51,80,526.48,33.35478001633831,28.61210083527193,171.9457002763332,308.07328222172816,2023-01-01,2025-10-06 10:48:29.241,20,6,0,0,0,1,0,0,0,1,0,1,0,0,0,0,1,0,0,0,0,0,0,0,1,0
CUS_0x773,44498.78,3748.231666666666,4,5,18,3,17,11,11.73,2090,1131.03,33.157926846507955,92.44447272921605,80.29180518043147,462.0868887570192,2023-01-01,2025-10-06 10:48:29.241,24,9,1,0,0,0,0,1,0,1,0,1,0,0,0,0,0,0,1,1,0,0,0,0,0,0
CUS_0x9916,69591.18,5708.264999999999,5,1,2,2,7,0,4.02,60,1050.09,29.715501246394734,73.6064190847753,156.92066421094887,590.2994167042757,2023-01-01,2025-10-06 10:48:29.241,32,0,1,0,0,0,1,0,0,0,0,0,1,0,0,1,0,0,0,0,1,0,0,0,0,0
CUS_0xc0f6,177330.24,14601.52,2,5,8,3,12,7,10.98,13750,529.85,37.23282466481047,435.3482727311397,245.8716231914609,1028.9321040773993,2023-01-01,2025-10-06 10:48:29.241,29,5,0,1,0,0,0,1,1,0,0,0,1,0,0,1,0,0,0,0,1,0,0,0,0,0
CUS_0x758e,47202.12,3823.373563802063,3,3,12,0,12,20,1.39,70,1333.49,30.01457326426033,341.1364361979373,155.7712507144454,510.6797492855546,2023-01-01,2025-10-06 10:48:29.241,28,5,0,0,0,0,0,0,0,0,0,0,1,0,0,0,1,0,0,0,0,0,0,0,0,1
CUS_0x948f,116268.16,9677.013333333334,4,5,9,0,18,10,11.48,20,681.5,40.61096059726139,74.6322982432199,232.7969719798637,900.27206311025,2023-01-01,2025-10-06 10:48:29.241,29,6,0,0,0,0,0,0,1,0,0,1,0,0,0,0,1,0,0,0,0,0,0,0,0,1
CUS_0xb93e,63259.8,5538.6500000000015,4,4,17,6,17,19,16.86,70,2572.3,37.47541549810493,263.0772078847184,218.61890369140286,332.16888842387885,2023-01-01,2025-10-06 10:48:29.241,18,0,1,0,0,1,1,0,1,1,1,0,0,0,0,0,1,0,0,1,0,0,0,0,0,0
CUS_0x5525,80815.4,6862.616666666666,8,3,9,0,29,14,6.37,20,575.33,34.57211715927714,0.0,119.85976398657823,806.4019026800884,2023-01-01,2025-10-06 10:48:29.241,33,0,0,0,0,0,0,0,0,0,0,1,0,0,0,0,1,0,0,0,0,1,0,0,0,0
CUS_0x2cae,115614.27,9443.5225,3,4,5,0,8,4,11.46,20,1426.43,27.8519645258674,0.0,164.5918677390539,1019.760382260946,2023-01-01,2025-10-06 10:48:29.241,23,4,0,0,0,0,0,0,0,0,0,0,1,0,0,1,0,0,0,0,0,1,0,0,0,0
CUS_0x354b,55263.82,4881.318333333334,4,3,7,1,11,10,13.76,60,1051.33,36.66469813725525,28.177523490053115,399.28920582406,350.6651040192203,2023-01-01,2025-10-06 10:48:29.241,24,4,0,0,0,0,0,0,0,0,1,0,0,0,0,0,1,0,0,0,0,0,1,0,0,0
CUS_0x7580,18122.8,1608.2333333333331,4,6,19,6,22,10,7.77,130,2280.42,38.37406584679459,68.73199220632158,54.70990174535378,297.38143938165797,2023-01-01,2025-10-06 10:48:29.241,15,4,1,1,0,1,0,1,0,1,0,1,0,0,0,0,1,0,0,1,0,0,0,0,0,0
CUS_0x832d,42052.74,3790.395,7,7,8,3,26,17,12.51,100,444.77,35.75943997369954,66.53508304058968,116.6600890659519,445.84432789345846,2023-01-01,2025-10-06 10:48:29.241,14,2,0,0,1,1,0,0,1,0,0,1,0,0,0,0,1,0,0,0,1,0,0,0,0,0
CUS_0x2de0,20341.77,1604.1475,8,4,22,2,7,18,10.85,70,1982.38,26.29584560925271,31.2666187749207,211.13632982027542,208.01180140480386,2023-01-01,2025-10-06 10:48:29.241,18,8,0,0,1,0,0,0,0,1,0,1,0,0,0,0,1,0,0,0,0,0,1,0,0,0
CUS_0x6f5d,18577.62,1290.9090363294506,6,8,26,2,24,14,14.53,120,2186.18,30.784653934320428,197.3190752613393,148.96478097478646,222.5161689977712,2023-01-01,2025-10-06 10:48:29.241,18,10,0,1,0,0,0,0,0,0,1,1,0,0,0,0,0,1,0,0,0,0,1,0,0,0
CUS_0x9b24,19287.935,1399.3279166666669,2,7,7,2,3,12,7.69,30,102.81,36.60928594085191,29.17934291409124,101.4933974484864,299.26005130408913,2023-01-01,2025-10-06 10:48:29.241,31,11,0,0,1,0,1,0,0,0,0,0,1,0,0,1,0,0,0,0,0,0,0,0,0,1
CUS_0xb73,51433.89,4374.1575,7,9,30,5,55,16,31.15,110,4322.54,36.26162042786926,137.98287437291208,162.78203300673516,386.65084262035276,2023-01-01,2025-10-06 10:48:29.241,3,2,1,1,0,0,1,1,0,1,0,1,0,0,0,0,0,1,0,0,1,0,0,0,0,0
CUS_0xea6,42772.49,3664.374166666666,4,4,2,4,13,10,1.26,60,1321.62,28.34498847387921,140.9196843574529,423.53195239324754,91.9857799159662,2023-01-01,2025-10-06 10:48:29.241,31,10,0,0,0,1,0,0,0,0,1,0,1,0,0,1,0,0,0,0,0,0,0,0,0,1
CUS_0x289e,27635.39,2447.9491666666668,5,3,12,2,25,18,18.95,110,1022.51,25.57182930988384,25.50513852305656,325.0265391352047,184.26323900840546,2023-01-01,2025-10-06 10:48:29.241,28,8,1,0,0,0,1,0,0,0,0,1,0,0,0,0,1,0,0,0,0,0,1,0,0,0
CUS_0x3fc3,48783.44,4187.286666666667,3,7,18,3,11,16,10.96,20,146.68,26.301575373025365,79.61675438989963,332.46085737652646,296.6510549002405,2023-01-01,2025-10-06 10:48:29.241,20,3,0,0,1,0,0,0,1,0,1,0,1,0,0,0,0,0,1,0,0,0,1,0,0,0
CUS_0x7a84,33189.63,2688.8025,3,3,6,4,17,16,0.84,50,1101.15,26.823687661178173,59.387531948473786,199.57995456131405,299.91276349021217,2023-01-01,2025-10-06 10:48:29.241,16,8,1,0,0,1,0,1,0,0,0,0,1,0,0,0,1,0,0,0,0,0,1,0,0,0
CUS_0x8e90,41821.27,3430.105833333333,5,4,11,2,1,12,9.45,0,791.51,32.649449750100594,63.237240845825845,234.50763169495275,325.2657107925547,2023-01-01,2025-10-06 10:48:29.241,26,0,1,0,0,0,0,0,1,0,0,0,1,0,0,1,0,0,0,0,0,0,0,1,0,0
CUS_0xb46,16572.96,1317.08,4,3,14,3,9,17,18.02,40,2253.31,30.513344202361303,21.719814344041207,70.36276274895492,329.62542290700384,2023-01-01,2025-10-06 10:48:29.241,19,11,0,1,0,1,1,0,0,0,0,1,0,0,0,0,1,0,0,0,0,0,1,0,0,0
CUS_0x438a,34076.32,3017.693333333333,9,7,25,5,47,25,5.79,80,1405.98,37.6349313807366,134.4033897753258,67.34744682678907,350.0184967312185,2023-01-01,2025-10-06 10:48:29.241,20,2,0,0,0,1,1,1,1,0,1,1,0,0,0,0,0,1,0,0,1,0,0,0,0,0
CUS_0x47a5,17680.69,1449.3908333333331,6,6,9,4,9,12,11.5,120,887.98,26.094802890768825,31.68734043318193,116.8210819315506,286.4306609686008,2023-01-01,2025-10-06 10:48:29.241,26,4,1,1,0,1,0,0,1,0,0,0,0,0,0,0,1,0,0,0,0,0,1,0,0,0
CUS_0x69ff,32178.74,2358.951863372943,10,6,21,6,42,9,14.15,90,2165.47,34.284518959049514,211.05554795899897,162.86786606576592,244.7425559356257,2023-01-01,2025-10-06 10:48:29.241,12,5,0,1,0,1,0,1,0,1,1,1,0,0,0,0,1,0,0,1,0,0,0,0,0,0
CUS_0x7910,118645.8,9525.400376193442,2,5,5,3,2,10,5.56,40,1480.89,35.54771632470622,861.9171985557649,202.605066186569,840.5423590642239,2023-01-01,2025-10-06 10:48:29.241,29,3,1,1,0,0,0,0,0,0,1,0,1,0,0,1,0,0,0,0,0,1,0,0,0,0
CUS_0xa801,83595.72,7214.31,8,5,7,0,19,16,4.32,30,319.15,33.08905879814949,0.0,295.2706554235536,686.1603445764465,2023-01-01,2025-10-06 10:48:29.241,19,5,0,0,0,0,0,0,0,0,0,0,1,0,0,0,0,0,1,1,0,0,0,0,0,0
CUS_0x9278,20521.75,1632.145833333333,3,4,16,4,8,9,14.07,60,306.23,38.30999820951976,48.11081429861567,26.962517965294424,328.14125106942316,2023-01-01,2025-10-06 10:48:29.241,11,4,0,1,1,0,0,1,0,1,0,1,0,0,0,0,1,0,0,0,0,0,0,0,0,1
CUS_0x93a0,20227.38,1516.615,7,8,28,6,51,19,2.79,80,1257.11,29.444484181630305,72.86421263526391,183.859880247129,184.93740711760705,2023-01-01,2025-10-06 10:48:29.241,14,6,1,0,1,0,1,0,1,0,1,1,0,0,0,0,0,1,0,0,0,0,1,0,0,0
CUS_0xe28,15298.94,1078.9116666666666,5,7,5,3,19,18,15.43,10,350.9,31.53378966373676,35.32320794611219,33.16868738415961,319.39927133639486,2023-01-01,2025-10-06 10:48:29.241,18,5,0,1,0,1,0,0,1,0,0,1,0,0,0,0,1,0,0,0,0,0,0,1,0,0
CUS_0x3e9c,31364.96,2573.7466666666664,6,5,10,0,17,9,14.47,70,948.01,35.25291124300757,0.0,260.9354542672836,286.43921239938305,2023-01-01,2025-10-06 10:48:29.241,16,2,0,0,0,0,0,0,0,0,0,1,0,0,0,0,1,0,0,0,0,0,1,0,0,0
CUS_0x6070,92047.08,7591.59,6,7,16,0,16,11,9.13,40,1296.64,27.727646781775498,0.0,268.0846032992916,761.0743967007086,2023-01-01,2025-10-06 10:48:29.241,29,9,0,0,0,0,0,0,0,0,0,1,0,0,0,0,1,0,0,0,0,0,0,0,1,0
CUS_0x153d,8538.405,992.53375,7,5,30,6,31,23,24.73,90,4171.09,29.328462445595303,27.17578271122804,35.10347976973206,326.97411251903986,2023-01-01,2025-10-06 10:48:29.241,1,9,0,0,1,1,1,0,0,1,0,1,0,0,0,0,0,1,0,0,0,0,1,0,0,0
CUS_0x75e,77190.52,6470.543333333334,4,7,5,7,13,12,12.3,70,75.94,26.465611260639488,253.04915740803185,10000.0,587.5925551468945,2023-01-01,2025-10-06 10:48:29.241,16,10,0,1,0,1,1,0,1,0,1,1,0,0,0,0,1,0,0,0,0,1,0,0,0,0
CUS_0x6694,17794.98,1666.915,7,7,19,7,27,19,4.01,120,2521.38,29.49351171103561,68.50830127125778,18.39272721811372,329.7904715106285,2023-01-01,2025-10-06 10:48:29.241,9,0,0,1,0,1,0,1,1,1,1,1,0,0,0,0,0,1,0,0,0,0,0,0,0,1
CUS_0x79ff,11850.985,930.5820833333332,7,7,16,4,12,10,0.0,0,818.71,34.29777964437312,23.99855953914333,104.73407501201393,254.3255737821761,2023-01-01,2025-10-06 10:48:29.241,29,5,0,1,1,0,0,0,1,0,0,0,0,0,0,0,1,0,0,0,0,0,0,0,0,1
CUS_0x2baf,61451.04,4939.92,6,5,11,5,20,20,16.05,100,84.55,34.455763002971466,80768.0,546.180061103267,94.19445175520376,2023-01-01,2025-10-06 10:48:29.241,14,8,0,1,1,0,1,0,1,0,0,1,0,0,0,0,1,0,0,0,0,0,1,0,0,0
CUS_0x92d6,17583.65,1177.3041666666668,6,10,25,3,52,20,13.3,170,2076.62,36.1368569499148,26.79540286707494,105.28771728472971,334.9501513337732,2023-01-01,2025-10-06 10:48:29.241,18,8,0,0,0,1,0,0,1,0,1,1,0,0,0,0,1,0,0,0,0,0,1,0,0,0
CUS_0xc1e7,38721.44,3340.786666666667,6,6,19,0,24,20,20.87,90,3467.82,27.173673017074453,87.26862845501698,263.9075946617376,262.90244354991216,2023-01-01,2025-10-06 10:48:29.241,13,9,1,0,0,0,1,1,1,1,0,1,0,0,0,0,0,1,0,0,0,0,0,1,0,0
CUS_0x40c5,34913.58,2867.6487957909944,4,4,4,4,2,0,5.76,20,758.31,24.663866692489428,267.6440926934696,214.01705468041885,324.80155683511737,2023-01-01,2025-10-06 10:48:29.241,25,6,1,1,0,0,0,1,0,0,0,0,1,0,0,1,0,0,0,0,0,0,1,0,0,0
CUS_0x8af8,101718.63,8457.5525,3,3,12,0,14,6,3.35,10,754.58,33.341226435943724,0.0,821.6841780751837,304.07107192481635,2023-01-01,2025-10-06 10:48:29.241,26,3,0,0,0,0,0,0,0,0,0,0,1,0,0,1,0,0,0,0,0,0,0,1,0,0
CUS_0x401c,71223.92,5713.326666666668,6,10,19,7,24,23,5.8,100,1917.13,36.68890331599426,242.15914693765788,117.13126927685673,462.0422504521521,2023-01-01,2025-10-06 10:48:29.241,6,5,0,0,1,1,1,0,1,0,1,1,0,0,0,0,0,1,0,0,1,0,0,0,0,0
CUS_0xd6f,70045.84,5515.822142952686,4,6,6,2,0,5,11.75,40,1438.66,27.975537455631866,604.6440004823182,72.46230202460849,667.0402212070542,2023-01-01,2025-10-06 10:48:29.241,19,4,1,0,0,1,0,0,0,0,0,0,1,0,0,1,0,0,0,0,0,1,0,0,0,0
CUS_0x1567,19363.33,1904.6108333333327,8,6,5059,2,7,17,18.31,100,111.66,24.39482849248252,30.69393121665364,49.63467701403961,360.13247510264017,2023-01-01,2025-10-06 10:48:29.241,14,6,0,0,1,0,0,0,1,0,0,0,0,0,0,0,1,0,0,0,1,0,0,0,0,0
CUS_0x4dc9,47689.47,3787.1225,9,10,20,5,40,18,22.06,80,4675.57,25.833890368239427,194.6275195906557,56.64727682414643,367.4374535851979,2023-01-01,2025-10-06 10:48:29.241,11,4,1,0,1,1,0,1,1,0,0,1,0,0,0,0,0,1,0,0,0,1,0,0,0,0
CUS_0xa5c,62792.10000000001,5157.675,7,6,26,0,41,18,3.42,70,2362.56,24.701999937896144,100.49811508662428,127.89577761693035,537.3736072964455,2023-01-01,2025-10-06 10:48:29.241,10,11,0,0,1,0,1,0,0,0,0,1,0,0,0,0,0,1,0,0,1,0,0,0,0,0
CUS_0x3acc,30784.67,2682.3891666666664,4,7,9,2,30,18,8.28,30,1362.65,26.306669371776145,28.16220960287093,324.3901858703506,205.68652119344512,2023-01-01,2025-10-06 10:48:29.241,24,8,0,0,0,0,1,0,0,0,1,1,0,0,0,0,0,0,1,0,0,0,1,0,0,0
CUS_0x4410,14620.51,1176.3758333333333,9,7,29,7,29,13,9.4,120,2482.1,28.30118722893597,82.51268340525161,102.63267321752905,222.49222671055267,2023-01-01,2025-10-06 10:48:29.241,14,2,0,0,1,1,0,1,1,0,1,1,0,0,0,0,1,0,0,0,0,0,1,0,0,0
CUS_0x5f30,119024.04,10121.67,4,7,18,5,27,14,18.31,80,774.89,30.854530950996622,282.0350688897932,959.4287189492978,707.6502436913962,2023-01-01,2025-10-06 10:48:29.241,16,4,1,1,0,1,0,1,0,0,0,1,0,0,0,0,0,0,1,0,1,0,0,0,0,0
CUS_0x8207,34677.86,2725.8216666666667,6,5,16,7,23,22,5.57,60,2345.02,30.94079909385309,182.5851834962603,98.3631777268248,281.6338054435816,2023-01-01,2025-10-06 10:48:29.241,16,3,1,0,0,0,1,1,0,1,0,0,0,0,0,0,0,1,0,0,0,0,1,0,0,0
CUS_0xb662,86200.79999999999,7470.399999999999,7,3,12,5,11,11,24.07,90,1441.59,37.38040190638382,268.61213515777524,270.14947382981376,458.27839101241096,2023-01-01,2025-10-06 10:48:29.241,10,11,0,1,0,0,0,0,0,1,1,1,0,0,0,0,1,0,0,0,1,0,0,0,0,0
CUS_0x3f63,35701.42,2752.1183333333333,7,4,11,1,11,9,7.69,10,1462.79,38.99321271201204,18.43133665502912,261.917722790119,284.8627738881852,2023-01-01,2025-10-06 10:48:29.241,25,2,0,0,0,0,0,0,0,1,0,1,0,0,0,0,1,0,0,0,0,0,1,0,0,0
CUS_0x41f2,63824.06999999999,5383.6725,4,6,18,1,14,8,10.38,40,190.26,40.23201549452535,27.319451294834217,178.58459641000232,582.4632022951635,2023-01-01,2025-10-06 10:48:29.241,19,11,0,0,0,0,0,1,0,0,0,1,0,0,0,0,0,0,1,0,1,0,0,0,0,0
CUS_0x635a,38868.12,3043.01,3,4,1,1,3,2,1.51,40,1150.03,23.865833261776714,19559.0,10000.0,226.12421500147983,2023-01-01,2025-10-06 10:48:29.241,24,11,0,0,0,0,0,0,0,0,1,0,1,0,0,1,0,0,0,0,0,0,1,0,0,0
CUS_0xad13,36755.36,3038.9466666666667,7,6,18,6,45,23,12.19,140,2694.58,32.276717378946536,94.38394848869773,276.5652660456643,202.9454521323046,2023-01-01,2025-10-06 10:48:29.241,7,3,0,1,0,0,0,1,1,0,1,1,0,0,0,0,0,1,0,0,0,0,0,0,1,0
CUS_0x4881,37263.45,3156.2875,3,3,7,0,3,6,7.76,20,1238.06,41.94393818835722,0.0,116.479268208382,500.134185186933,2023-01-01,2025-10-06 10:48:29.241,31,3,0,0,0,0,0,0,0,0,0,0,0,0,0,1,0,0,0,0,1,0,0,0,0,0
CUS_0x4ddf,40984.4,3655.366666666667,3,5,7,2,25,1,9.0,50,292.09,28.352981222204512,56.966458455228654,399.4505955006164,199.1196127108216,2023-01-01,2025-10-06 10:48:29.241,22,0,0,0,0,1,0,0,0,1,0,0,1,0,0,1,0,0,0,0,0,0,1,0,0,0
CUS_0xc3aa,24974.35,2166.195833333333,8,7,8,0,26,10,12.58,90,331.11,31.103279855726285,0.0,77.97337976668119,418.6462035666522,2023-01-01,2025-10-06 10:48:29.241,28,6,0,0,0,0,0,0,0,0,0,0,0,0,0,0,1,0,0,0,0,0,0,1,0,0
CUS_0xc144,29043.01,2326.250833333333,8,7,15,7,25,18,17.63,90,1434.58,23.06834393662093,153.6560410077071,68.75249089019373,107.5133530070294,2023-01-01,2025-10-06 10:48:29.241,17,10,0,1,1,1,0,1,0,0,1,1,0,0,0,0,1,0,0,0,0,0,1,0,0,0
CUS_0x6587,118763.0,9962.916666666666,0,7,8,4,3,8,2.78,30,335.45,37.03968554233338,269.2018928763692,713.316476770851,813.3547285789599,2023-01-01,2025-10-06 10:48:29.241,29,4,0,0,0,0,1,1,0,1,0,0,1,0,0,1,0,0,0,0,1,0,0,0,0,0
CUS_0x775a,85742.81999999999,6400.101772629953,2,2,1,2,0,2,4.74,50,1253.52,38.14118987273719,820.4957046323786,240.75849713692054,611.0025256007466,2023-01-01,2025-10-06 10:48:29.241,17,6,0,0,0,0,0,0,0,1,1,0,1,0,0,1,0,0,0,0,1,0,0,0,0,0
CUS_0x81e6,22728.9,1773.075,5,3,16,3,27,9,16.27,40,888.02,35.341536684981,42.19175511605128,189.93381115427604,235.1819337296727,2023-01-01,2025-10-06 10:48:29.241,25,6,0,1,0,0,0,0,0,1,1,1,0,0,0,0,1,0,0,0,0,0,1,0,0,0
CUS_0x8546,79172.08,6389.673333333332,8,4,14,5,16,12,16.11,120,2519.19,24.143565681632325,170.10676662884887,83.7588192228448,625.1017474816398,2023-01-01,2025-10-06 10:48:29.241,10,3,1,1,0,0,1,1,0,0,0,1,0,0,0,0,1,0,0,0,0,1,0,0,0,0
CUS_0xa2c0,131890.95,10709.9125,1,3,7,4,15,7,9.34,40,244.18,38.345201287459226,320.6760010881472,341.49146094456796,658.8237879672848,2023-01-01,2025-10-06 10:48:29.241,16,4,1,0,0,1,1,0,0,0,0,0,1,0,0,1,0,0,0,0,1,0,0,0,0,0
CUS_0xe98,68392.18,5622.348333333332,0,5,12,3,15,5,10.78,50,719.2,31.818271733232454,21656.0,474.1934900205666,269.63949315822003,2023-01-01,2025-10-06 10:48:29.241,27,9,1,0,0,0,0,0,0,0,1,0,1,0,0,1,0,0,0,0,0,0,1,0,0,0
CUS_0x210f,24376.2,2278.350000000001,4,7,10,1,6,16,7.300000000000002,10,1109.03,33.34860848183656,10.835928874709449,197.0518503085836,309.947220816707,2023-01-01,2025-10-06 10:48:29.241,22,0,0,0,0,1,0,0,0,0,0,1,0,0,0,0,1,0,0,0,0,0,1,0,0,0
CUS_0x67e4,50493.8,4231.816666666667,4,4,12,7,15,15,14.52,70,1453.63,40.14623698576288,201.7436564283949,98.77166699303896,372.66634324523284,2023-01-01,2025-10-06 10:48:29.241,15,0,1,0,0,1,0,0,1,0,1,1,0,0,0,0,1,0,0,0,1,0,0,0,0,0
CUS_0xb0bd,26196.39,2139.0325,7,6,11,3,24,13,16.97,30,505.37,35.47193322797214,48.53365137595449,53.33118445536705,362.0384141686785,2023-01-01,2025-10-06 10:48:29.241,30,0,0,0,1,0,1,0,0,0,1,0,0,0,0,0,1,0,0,0,1,0,0,0,0,0
CUS_0xc2fd,11798.555,1039.2129166666666,6,5,15,5,20,15,17.76,110,784.5,40.111073622298456,30.40323344074961,96.6695429984323,266.8485152274848,2023-01-01,2025-10-06 10:48:29.241,6,11,0,0,1,0,0,1,0,0,1,1,0,0,0,0,1,0,0,0,0,0,1,0,0,0
CUS_0x1bc4,31638.5,2418.5416666666665,7,3,14,3,24,11,14.13,20,607.9,37.96246602114074,58.18502472275743,157.51462675895556,316.1545151849536,2023-01-01,2025-10-06 10:48:29.241,25,0,0,0,0,0,1,1,0,1,0,1,0,0,0,0,1,0,0,0,0,0,1,0,0,0
CUS_0x436f,106707.93,8683.3275,3,4,6,1,9,15,12.34,60,1368.65,37.50612772600317,63.46067794641555,215.8759146526245,828.99615740096,2023-01-01,2025-10-06 10:48:29.241,29,8,0,0,0,0,1,0,0,0,0,0,1,0,0,1,0,0,0,0,0,1,0,0,0,0
CUS_0xc254,33818.63,2535.2191666666668,4,3,1,4,15,0,5.81,20,672.08,38.2947835866728,68.0822036909103,50.024273829266384,375.41543914648986,2023-01-01,2025-10-06 10:48:29.241,16,10,1,0,0,0,0,1,0,0,1,0,1,0,0,1,0,0,0,0,0,1,0,0,0,0
CUS_0x1ff5,147292.28,12261.356666666668,4,3,16,4,30,17,10.61,50,1133.79,29.157899659606517,246.2621914730416,93.25000060360875,1126.6234745900165,2023-01-01,2025-10-06 10:48:29.241,16,9,1,1,0,0,0,1,0,0,0,0,1,0,0,0,1,0,0,0,0,1,0,0,0,0
CUS_0x4671,62877.92,5071.826666666667,9,10,21,3,40,16,11.07,60,2698.89,25.012506532836017,95.20406669801396,297.7652590518835,384.2133409167692,2023-01-01,2025-10-06 10:48:29.241,12,9,1,0,0,1,0,1,0,0,0,1,0,0,0,0,0,0,1,0,0,0,0,0,1,0
CUS_0x50f7,74008.84,6229.403333333333,9,837,32,5,19,27,1.62,70,1548.55,35.57862298505803,170.4932849433328,489.5073247075905,242.93972368241006,2023-01-01,2025-10-06 10:48:29.241,15,5,1,0,1,1,0,0,1,0,0,1,0,0,0,0,0,1,0,0,0,0,0,1,0,0
CUS_0x7a2d,19975.13,1466.594166666667,8,6,18,4,7,15,5.09,80,643.23,35.649197435987155,36.27877044341378,32.639341491625245,337.7413047316277,2023-01-01,2025-10-06 10:48:29.241,16,8,0,0,0,1,1,0,1,0,1,0,1,0,0,0,0,0,1,1,0,0,0,0,0,0
CUS_0xc2ea,14392.84,1027.4033333333334,10,7,27,5,43,15,14.48,100,1534.7,34.92732928910471,55.620302473061855,97.15239495951424,239.9676359007573,2023-01-01,2025-10-06 10:48:29.241,17,10,1,0,1,0,0,0,1,0,0,1,0,0,0,0,0,0,1,0,0,0,1,0,0,0
CUS_0xae6a,101103.48,7671.987699078777,3,3,12,2,1,8,3.82,10,968.46,44.17290171226918,891.1500920700428,57.528928767727315,890.4522800834537,2023-01-01,2025-10-06 10:48:29.241,16,8,1,0,1,0,0,0,0,0,0,0,0,0,0,0,0,0,1,0,0,1,0,0,0,0
CUS_0xb685,47898.39,3936.5325,6,8,17,6,29,23,28.45,80,4921.57,31.49964831645357,239.1716625680486,10000.0,240.432666043072,2023-01-01,2025-10-06 10:48:29.241,14,8,0,1,1,1,0,0,1,0,0,1,0,0,0,0,0,1,0,0,0,0,1,0,0,0
CUS_0x34fa,60303.3,4756.275,10,6,25,2,31,12,11.78,60,2636.54,36.233773114279,63.95089190358508,154.83861358115269,506.8379945152622,2023-01-01,2025-10-06 10:48:29.241,13,8,0,1,0,1,0,0,0,0,0,1,0,0,0,0,1,0,0,0,1,0,0,0,0,0
CUS_0x3ee7,31223.33,2208.259537440528,8,3,9,4,29,13,7.8900000000000015,30,906.8,39.36931019302928,362.2146194687565,146.43049131248225,286.53393511156725,2023-01-01,2025-10-06 10:48:29.241,31,4,1,0,0,1,1,0,0,0,0,0,1,0,0,1,0,0,0,0,0,0,0,0,1,0
CUS_0x4ddc,18524.985,1831.74875,0,3,1,3,6,5,7.21,60,463.93,36.53551547076969,24.121875832761308,106.28446583933945,342.76853332789926,2023-01-01,2025-10-06 10:48:29.241,23,11,1,0,0,0,0,1,0,0,0,0,1,0,0,1,0,0,0,0,0,0,1,0,0,0
CUS_0xc18b,29228.18,2695.681666666667,7,5,9,0,14,17,12.92,50,1478.07,23.373732390581125,0.0,208.66509670028861,330.90306996637804,2023-01-01,2025-10-06 10:48:29.241,26,6,0,0,0,0,0,0,0,0,0,1,0,0,0,0,0,0,1,0,0,0,0,0,1,0
CUS_0x2ccc,63675.12,5352.26,3,4,14,0,6,18,1.02,20,681.31,32.909927094760945,0.0,402.45824051164544,422.76775948835456,2023-01-01,2025-10-06 10:48:29.241,17,10,0,0,0,0,0,0,0,0,0,1,0,0,0,0,1,0,0,0,0,0,1,0,0,0
CUS_0x2e20,63847.8,5156.6500000000015,8,3,32,7,19,14,0.0,60,2440.4,31.98365959056243,257.2212678940257,156.29122032689517,352.1525117790792,2023-01-01,2025-10-06 10:48:29.241,6,6,1,1,0,0,1,1,1,0,0,1,0,0,0,0,1,0,0,0,1,0,0,0,0,0
CUS_0x3906,57829.74,4689.145,4,3,12,2,13,13,12.77,90,170.06,39.795485684581365,88.88510990987119,106.94574352350435,523.0836465666246,2023-01-01,2025-10-06 10:48:29.241,28,0,0,1,0,0,0,0,1,0,0,0,0,0,0,0,1,0,0,0,1,0,0,0,0,0
CUS_0x4a0b,120629.04,9970.42,2,5,12,2,6,11,7.53,10,413.86,40.54498427712525,183.8052496822414,163.68852018594737,889.5482301318112,2023-01-01,2025-10-06 10:48:29.241,21,9,0,0,0,0,0,0,0,0,1,0,1,0,0,1,0,0,0,0,0,1,0,0,0,0
CUS_0xa1bb,34225.79,2750.149166666666,4,3,9,2,13,16,11.59,20,592.68,36.37025219581757,37.1752246699018,82.68001887904181,405.1596731177232,2023-01-01,2025-10-06 10:48:29.241,31,0,0,0,0,0,0,0,1,1,0,0,1,0,0,0,1,0,0,0,1,0,0,0,0,0
CUS_0x18c9,31183.16,2760.596666666667,0,7,5,1,0,15,2.46,10,854.72,26.620815733202683,23.722774577842287,76.39380256469803,455.9430895241264,2023-01-01,2025-10-06 10:48:29.241,21,8,1,0,0,0,0,0,0,0,0,0,0,0,0,0,0,0,1,0,0,0,0,0,0,1
CUS_0x4131,28832.98,2628.748333333333,7,7,7,3,14,10,12.14,130,2576.04,27.423419877275748,53.28671122851152,40.765978065921736,418.82214403890015,2023-01-01,2025-10-06 10:48:29.241,16,4,1,1,0,0,0,0,0,0,1,1,0,0,0,0,1,0,0,0,1,0,0,0,0,0
CUS_0x9190,8501.93,745.4941666666667,10,5,32,5,44,25,17.14,110,3926.49,38.007622342201856,18.29494792177916,42.04495681574245,304.20951192914504,2023-01-01,2025-10-06 10:48:29.241,6,0,1,1,0,1,1,1,0,0,0,1,0,0,0,0,0,0,1,0,0,0,1,0,0,0
CUS_0xdd8,84292.18,7108.348333333332,3,1,8,2,7,6,0.5,40,434.36,32.529483339452526,77.70732093303225,500.74577815380513,412.38173424649597,2023-01-01,2025-10-06 10:48:29.241,33,8,0,0,1,0,1,0,0,0,0,0,1,0,0,1,0,0,0,0,0,0,0,1,0,0
CUS_0x3fd9,76325.67,6644.4725,5,4,17,4,14,9,8.37,80,1392.95,39.08930525187375,148.6160436220808,48.51059203250861,707.3206143454106,2023-01-01,2025-10-06 10:48:29.241,23,8,1,1,0,1,0,0,1,0,0,1,0,0,0,0,1,0,0,0,0,1,0,0,0,0
CUS_0x41b7,7612.725,928.39375,8,5,16,6,60,25,6.06,130,1514.74,38.57740585173546,27.522822612958308,38.53797532895005,276.77857705809157,2023-01-01,2025-10-06 10:48:29.241,9,0,1,0,0,1,0,1,1,1,1,1,0,0,0,0,0,1,0,0,1,0,0,0,0,0
CUS_0xc206,42787.44,3802.62,7,10,21,0,52,19,21.26,150,2543.89,37.66564930707076,71.18545976189813,118.63352619172049,450.4430140463815,2023-01-01,2025-10-06 10:48:29.241,15,3,1,0,0,0,0,0,1,0,0,0,0,0,0,0,0,1,0,1,0,0,0,0,0,0
CUS_0xc712,57724.36,4699.363333333334,3,5,5,3,13,2,4.18,10,526.31,31.95080863295142,121.65619367607783,10000.0,324.92601976076236,2023-01-01,2025-10-06 10:48:29.241,23,9,0,1,0,0,0,0,0,1,0,0,0,0,0,1,0,0,0,1,0,0,0,0,0,0
CUS_0x1037,15989.085,1086.42375,5,4,2,4,13,15,0.5,30,665.82,40.69769934536393,33.797020629881075,80.46523951443457,284.3801148556844,2023-01-01,2025-10-06 10:48:29.241,19,9,1,1,1,0,0,0,0,0,0,0,1,0,0,1,0,0,0,0,0,0,1,0,0,0
CUS_0x1492,9134.415,1051.20125,5,10,15,3,18,4106,13.19,60,1621.28,33.778793632180594,15.953677342376665,92.90908063119731,286.25736702642604,2023-01-01,2025-10-06 10:48:29.241,16,2,1,0,0,0,0,1,0,1,0,1,0,0,0,0,1,0,0,0,0,0,1,0,0,0
CUS_0x5849,44595.18,3632.265,3,3,10,1,18,7,8.22,40,795.49,35.71230546646203,24.356888978924307,43.564667469909075,545.3049435511666,2023-01-01,2025-10-06 10:48:29.241,21,0,0,0,0,0,0,0,0,0,1,0,1,0,0,1,0,0,0,0,1,0,0,0,0,0
CUS_0x8919,76891.0,6248.655841021579,6,782,19,4,60,20,6.79,120,1999.24,30.592724878822807,362.184651962012,81.29937530113384,676.5017983819406,2023-01-01,2025-10-06 10:48:29.241,14,8,0,0,1,0,1,0,0,1,1,1,0,0,0,0,0,1,0,0,0,1,0,0,0,0
CUS_0x9979,33071.56,2910.963333333333,239,4,17,6,7,13,18.88,80,1021.88,40.52432236441869,161.3407042433042,287.21517047917047,132.54045861085862,2023-01-01,2025-10-06 10:48:29.241,13,3,0,0,0,1,1,1,0,0,1,1,0,0,0,0,1,0,0,0,0,0,1,0,0,0
CUS_0x3adc,63539.66,5032.971666666667,6,7,19,4,9,9,15.15,50,173.85,28.962802446455587,206.86743480054665,428.83227754203216,157.59745432408798,2023-01-01,2025-10-06 10:48:29.241,19,6,0,0,0,1,0,0,0,1,1,1,0,0,0,0,1,0,0,0,0,0,1,0,0,0
CUS_0x59d0,120171.48,9933.29,5,5,2,2,9,12,0.0,50,883.91,28.705015106833173,139.7103732141958,475.26584353283835,658.3527832529658,2023-01-01,2025-10-06 10:48:29.241,30,11,0,0,0,1,0,0,0,0,0,0,1,0,0,0,0,0,1,0,0,0,0,1,0,0
CUS_0x97ab,15480.03,1228.0025,5,5,8,0,9,0,1.63,10,928.78,26.410493523184808,0.0,64.32307055149586,348.4771794485041,2023-01-01,2025-10-06 10:48:29.241,27,1,0,0,0,0,0,0,0,0,0,0,1,0,0,1,0,0,0,0,0,0,1,0,0,0
CUS_0xb64a,104168.22,8655.685,3,5,14,0,27,15,15.97,70,39.68,37.90603837820465,0.0,310.7200033244356,804.8484966755643,2023-01-01,2025-10-06 10:48:29.241,22,2,0,0,0,0,0,0,0,0,0,0,1,0,0,0,0,0,1,0,1,0,0,0,0,0
CUS_0xc686,70483.74,5633.645,8,6,20,0,26,18,7.68,80,773.2,25.948636781150853,0.0,361.19042191417435,462.17407808582567,2023-01-01,2025-10-06 10:48:29.241,14,4,0,0,0,0,0,0,0,0,0,1,0,0,0,0,1,0,0,1,0,0,0,0,0,0
CUS_0x7418,33768.35,3065.0291666666667,6,6,10,2,14,9,6.23,30,535.64,33.32836929898404,29.059799463278555,80.52631614364306,446.916801059745,2023-01-01,2025-10-06 10:48:29.241,18,4,0,0,0,0,1,0,0,0,1,0,1,0,0,0,0,0,1,0,1,0,0,0,0,0
CUS_0xabf2,41781.42,3217.785,8,7,31,8,57,25,6.37,80,1570.42,32.62026378378192,226.56793687120305,86.34209923445806,258.86846389433896,2023-01-01,2025-10-06 10:48:29.241,9,2,0,1,1,1,0,0,1,0,1,1,0,0,0,0,0,1,0,0,1,0,0,0,0,0
CUS_0x5f02,49405.92,4019.16,7,6,2617,0,30,9,10.51,70,1123.87,39.13733733863374,0.0,140.32231067231734,511.5936893276826,2023-01-01,2025-10-06 10:48:29.241,25,5,0,0,0,0,0,0,0,0,0,1,0,0,0,0,1,0,0,0,1,0,0,0,0,0
CUS_0x8370,20915.43,1533.9525,9,8,21,2,28,14,10.21,60,2186.19,23.66094740667528,34.755718898757216,124.77920916558945,283.86032193565336,2023-01-01,2025-10-06 10:48:29.241,11,3,0,1,0,0,0,0,0,0,1,1,0,0,0,0,0,1,0,0,0,0,1,0,0,0
CUS_0x8658,21202.09,1943.8408333333327,7,6,8,1,21,15,9.29,40,192.21,36.14088923757641,15.32320302148409,44.73343914076599,394.3274411710832,2023-01-01,2025-10-06 10:48:29.241,28,9,0,0,1,0,0,0,0,0,0,1,0,0,0,0,1,0,0,1,0,0,0,0,0,0
CUS_0x8fb4,104994.33,8274.287585052953,5,7,8,3,6,14,5.34,40,467.77,34.77263286873135,574.2385746954925,96.6517834415722,878.7023068099835,2023-01-01,2025-10-06 10:48:29.241,23,3,0,0,0,0,1,0,0,1,0,0,1,0,0,1,0,0,0,0,1,0,0,0,0,0
CUS_0xaf09,15055.0,988.5833333333331,3,3,8,3,6,4,2.61,70,360.12,38.5255724391306,31.775461243767968,21.298504911115923,274.10146458321486,2023-01-01,2025-10-06 10:48:29.241,17,11,0,0,1,0,1,0,1,0,0,0,1,0,0,1,0,0,0,0,0,0,1,0,0,0
CUS_0x79cf,27685.04,2595.0866666666666,7,6,7,3,10,15,7.46,40,1055.94,30.401645084107987,66.64654085388007,130.84763676918615,342.0144890436004,2023-01-01,2025-10-06 10:48:29.241,28,3,0,0,1,0,1,0,0,0,1,0,1,0,0,0,1,0,0,0,0,0,0,0,0,1
CUS_0x891b,42121.92,3500.16,1364,5,7,3,12,1,11.15,50,165.17,37.48443649503185,89.25193200252987,113.46952582581815,427.294542171652,2023-01-01,2025-10-06 10:48:29.241,16,6,0,1,0,1,1,0,0,0,0,0,1,0,0,1,0,0,0,0,0,0,0,1,0,0
CUS_0x3490,22159.95,1739.6625,8,6,15,0,17,17,11.29,70,271.3,30.83465340797713,0.0,44.2135850595459,369.7526649404541,2023-01-01,2025-10-06 10:48:29.241,21,8,0,0,0,0,0,0,0,0,0,1,0,0,0,0,1,0,0,0,0,1,0,0,0,0
CUS_0xa182,64794.64,5665.553333333332,7,5,31,5,62,20,10.35,120,2080.18,27.1196092610833,267.9417565939497,137.56622220724313,401.0473545321405,2023-01-01,2025-10-06 10:48:29.241,17,3,0,0,0,0,0,0,1,1,1,1,0,0,0,0,0,1,0,0,0,1,0,0,0,0
CUS_0xb0e4,43307.12,3864.926666666666,0,4,12,3,3,10,0.95,60,301.82,37.04697238394695,63.52164946299021,156.37574769348132,416.5952695101952,2023-01-01,2025-10-06 10:48:29.241,24,2,0,0,0,1,1,0,0,1,0,0,1,0,0,1,0,0,0,0,1,0,0,0,0,0
CUS_0xb0c4,9001.345,811.1120833333333,9,6,17,5,18,23,15.37,160,1492.66,39.3746810955554,22.87519142925941,10.418358199236947,297.8176587048369,2023-01-01,2025-10-06 10:48:29.241,20,0,1,1,1,0,0,1,0,0,0,0,0,0,0,0,0,1,0,0,1,0,0,0,0,0
CUS_0xd20,25527.32,1937.2766666666664,3,5,6,0,23,16,3.5,30,906.11,34.19163410611453,0.0,205.73799366264663,277.98967300402,2023-01-01,2025-10-06 10:48:29.241,17,6,0,0,0,0,0,0,0,0,0,0,1,0,0,0,1,0,0,0,0,0,0,0,0,1
CUS_0x86be,35670.66,3080.5550000000007,1,7,6,0,8,7,3.16,80,1324.42,35.67292602082967,0.0,124.47017365778628,473.58532634221376,2023-01-01,2025-10-06 10:48:29.241,29,2,0,0,0,0,0,0,0,0,0,0,1,0,0,0,0,0,1,0,0,0,1,0,0,0
CUS_0x4c29,30403.95,2545.6625,8,7,16,0,19,15,9.02,60,1306.93,29.68738378066091,0.0,297.3430368350189,247.22321316498105,2023-01-01,2025-10-06 10:48:29.241,25,0,0,0,0,0,0,0,0,0,0,0,0,0,0,0,0,0,1,0,0,0,1,0,0,0
CUS_0x1920,20328.25,1561.020833333333,6,5,16,0,19,20,0.0,50,1025.98,32.88569540221571,0.0,63.30594125464429,382.79614207868906,2023-01-01,2025-10-06 10:48:29.241,5,7,0,0,0,0,0,0,0,0,0,1,0,0,0,0,1,0,0,0,0,0,1,0,0,0
CUS_0x3bc6,14414.25,1351.1875,9,9,16,9,47,28,6.74,100,2558.21,34.570424602250114,82.19569260077354,47.86626156933074,295.0567958298957,2023-01-01,2025-10-06 10:48:29.241,9,10,0,1,1,0,1,1,1,1,1,1,0,0,0,0,0,1,0,0,0,0,1,0,0,0
CUS_0xa134,37605.04,2868.7533333333336,9,7,26,6,35,20,23.8,110,3513.18,31.61397937786758,140.7913100999901,201.2729829722334,234.81104026110992,2023-01-01,2025-10-06 10:48:29.241,10,9,0,1,1,0,0,0,1,0,1,1,0,0,0,0,0,1,0,0,0,0,1,0,0,0
CUS_0x2297,16084.71,1514.3925,7,10,25,6,16,21,29.57,120,3647.98,26.836540324736447,60.13711991244536,119.90117125017122,251.40095883738343,2023-01-01,2025-10-06 10:48:29.241,7,0,0,0,1,1,1,1,0,0,1,1,0,0,0,0,0,1,0,0,0,0,0,1,0,0
CUS_0x3bf5,96815.91,8057.9925,2,5,1,0,7,6,15.4,30,1257.64,32.78170406673909,0.0,670.779010246957,425.0202397530431,2023-01-01,2025-10-06 10:48:29.241,30,7,0,0,0,0,0,0,0,0,0,0,1,0,0,1,0,0,0,0,0,0,1,0,0,0
CUS_0xa463,172085.28,14287.44,4,4,1,3,13,3,11.6,20,956.27,32.5942481925177,253.19369171203385,352.6823958783492,1072.867912409617,2023-01-01,2025-10-06 10:48:29.241,29,4,0,0,0,0,1,0,1,0,1,0,1,0,0,1,0,0,0,0,1,0,0,0,0,0
CUS_0x4688,15549.06,1589.755,6,6,17,2,43,16,11.2,90,2063.91,30.92732869227544,20.165890146986087,27.424001271331147,351.38560858168273,2023-01-01,2025-10-06 10:48:29.241,17,5,0,0,0,1,0,1,0,0,0,1,0,0,0,0,0,1,0,0,0,1,0,0,0,0
CUS_0x16f4,28638.97,2592.580833333333,7,6,6,3,14,9,1.34,10,149.92,33.87524269081676,52215.0,143.601834431019,306.7679384698098,2023-01-01,2025-10-06 10:48:29.241,30,2,1,0,1,0,0,0,0,1,0,0,1,0,0,0,1,0,0,1,0,0,0,0,0,0
CUS_0x7c2f,15982.36,1279.8633333333337,7,5,33,7,57,15,17.08,80,4483.87,37.157061686371954,58.622941804286775,0.0,299.547176154874,2023-01-01,2025-10-06 10:48:29.241,13,0,1,1,0,0,1,0,0,1,0,1,0,0,0,0,0,1,0,0,0,1,0,0,0,0
CUS_0xc4c3,32276.42,2958.7016666666664,5,6,17,1,24,18,0.0,30,615.38,27.226109354824647,19.544753423587498,41.12326175056404,475.2021514925151,2023-01-01,2025-10-06 10:48:29.241,32,2,0,1,0,0,0,0,0,0,0,1,0,0,0,0,1,0,0,0,0,1,0,0,0,0
CUS_0x2e06,40113.08,3086.7566666666667,3,7,1,4,2,0,5.88,50,25.78,32.16429548952249,76.33532872346487,211.71216730468646,280.62817063851537,2023-01-01,2025-10-06 10:48:29.241,20,9,0,1,1,1,0,1,0,0,0,0,1,0,0,1,0,0,0,1,0,0,0,0,0,0
CUS_0x3a82,20393.22,1803.435,7,7,12,7,26,9,13.03,80,10.52,32.51695557429045,99.81250237107272,88.73184480695545,261.79915282197186,2023-01-01,2025-10-06 10:48:29.241,13,10,0,0,1,1,0,0,1,1,1,1,0,0,0,0,1,0,0,0,0,0,0,0,1,0
CUS_0xc010,31086.42,2534.535,5,6,11,0,24,20,2.07,2620,1057.47,27.75028385002473,0.0,100.99459709818771,442.4589029018123,2023-01-01,2025-10-06 10:48:29.241,20,11,0,0,0,0,0,0,0,0,0,0,1,0,0,1,0,0,0,0,0,0,1,0,0,0
CUS_0x255d,14217.52,1482.793333333333,6,10,32,9,36,18,15.19,130,3306.24,35.92080934557503,79.79334456933259,10000.0,252.64310710128362,2023-01-01,2025-10-06 10:48:29.241,3,4,1,0,1,1,1,1,1,1,0,1,0,0,0,0,0,1,0,0,0,0,0,1,0,0
CUS_0x6ffb,17251.38,1654.615,6,3,7,7,3,15,15.06,100,2431.64,32.944844211843844,57.35116518894053,23.472604725994863,324.6377300850646,2023-01-01,2025-10-06 10:48:29.241,11,10,1,0,0,1,1,1,1,0,0,1,0,0,0,0,1,0,0,0,0,1,0,0,0,0
CUS_0xaa8e,9510.225,933.51875,10,8,20,8,42,16,7.9,120,3923.24,34.02354110898045,57.91544599465245,54.831662416030944,260.60476658931657,2023-01-01,2025-10-06 10:48:29.241,7,8,0,1,1,0,1,1,0,1,0,1,0,0,0,0,0,0,1,0,0,0,0,1,0,0
CUS_0x1325,35823.96,2937.33,6,547,22,5,39,17,7.35,80,3029.92,31.56717092224887,112.43578465602695,148.5160712146269,292.7811441293461,2023-01-01,2025-10-06 10:48:29.241,9,9,0,1,0,1,1,0,0,0,1,1,0,0,0,0,0,1,0,1,0,0,0,0,0,0
CUS_0x3e73,21591.9,1983.325,4,3,1,4,11,17,4.59,80,698.66,32.50370985314857,62.81359025739457,172.11318716003328,253.40572258257217,2023-01-01,2025-10-06 10:48:29.241,31,8,1,0,0,1,0,1,0,0,1,0,1,0,0,0,1,0,0,0,0,0,1,0,0,0
CUS_0x9a71,20186.02,1684.168333333333,1,5,1,2,5,6,6.83,40,413.32,33.75820397193409,29.534583720496048,153.53879644098146,265.3434531718558,2023-01-01,2025-10-06 10:48:29.241,18,9,0,1,0,0,0,0,1,0,0,0,1,0,0,1,0,0,0,0,0,0,0,1,0,0
CUS_0xafb5,50104.05,4323.3375,4,5,34,2,26,14,12.59,100,1637.92,26.007797632194983,55.009959267487936,51.675885592523244,575.6479051399888,2023-01-01,2025-10-06 10:48:29.241,19,6,1,0,0,0,0,1,0,0,0,1,0,0,0,0,1,0,0,0,1,0,0,0,0,0
CUS_0x3e2d,120366.6,9888.55,4,7,2,4,12,8,0.8,60,1396.64,39.9296251409512,233.4424036237371,414.6730751699468,590.7395212063161,2023-01-01,2025-10-06 10:48:29.241,21,6,0,0,1,0,0,0,1,1,1,0,0,0,0,1,0,0,0,0,1,0,0,0,0,0
CUS_0x9102,57030.99000000001,4986.5825,7,3,15,2,18,17,9.88,60,2522.86,28.402922450609505,69.8582895582342,197.7040096000396,501.0959508417263,2023-01-01,2025-10-06 10:48:29.241,17,5,0,0,0,0,1,0,1,0,0,1,0,0,0,0,1,0,0,0,0,0,0,0,0,1
CUS_0x1b42,168899.44,14211.953333333331,4,4,4,1,5,8,0.96,0,826.84,29.78880021018384,71.85157419644659,514.0159662280515,1105.3277929088354,2023-01-01,2025-10-06 10:48:29.241,30,11,0,0,0,0,0,0,1,0,0,0,1,0,0,0,0,0,1,0,0,0,0,0,1,0
CUS_0x29b1,12821.555,932.4629166666666,4,7,16,4,27,22,9.71,100,1295.41,27.22026483701993,22.64408433216831,57.311223034450656,272.4856937064513,2023-01-01,2025-10-06 10:48:29.241,17,0,0,1,1,0,0,0,0,1,1,1,0,0,0,0,1,0,0,0,0,0,1,0,0,0
CUS_0x3a69,62925.64,5109.803333333333,7,5,21,2,22,18,14.02,100,2060.33,40.310260497248265,94.35528886874158,283.70203620783394,402.92300825675784,2023-01-01,2025-10-06 10:48:29.241,20,2,0,0,1,0,0,0,0,0,1,1,0,0,0,0,1,0,0,0,0,0,0,0,1,0
CUS_0x3e6d,111204.78,9270.065,0,2,2,4,14,1,9.51,10,1261.37,24.90818651108154,22409.0,325.05885123129553,511.94612812482217,2023-01-01,2025-10-06 10:48:29.241,32,6,0,1,0,0,1,0,0,1,0,0,1,0,0,0,0,0,1,1,0,0,0,0,0,0
CUS_0xa9a,124106.04,9659.357841113226,2,3,4140,3,14,4,4.28,50,889.46,22.970005705294337,1200.655566510982,1336.5565005328324,944.2914254389988,2023-01-01,2025-10-06 10:48:29.241,29,4,0,0,0,1,0,0,1,1,0,0,0,0,0,1,0,0,0,0,0,0,1,0,0,0
CUS_0xdd3,30802.79,2522.1495113709484,5,5,5,3,9,7,9.18,20,388.92,36.13310700082148,242.61285656110056,179.88730220761357,276.4394131936706,2023-01-01,2025-10-06 10:48:29.241,26,3,1,0,0,1,0,0,0,0,0,0,0,0,0,1,0,0,0,1,0,0,0,0,0,0
CUS_0x1dcf,40331.05,3106.9208333333336,5,5,3,2,31,10,10.56,20,767.89,39.40410366905613,64.76500700228473,273.19125503846846,372.10132501627515,2023-01-01,2025-10-06 10:48:29.241,20,0,0,1,0,1,0,0,0,0,0,0,1,0,0,1,0,0,0,0,1,0,0,0,0,0
CUS_0x4cdd,40854.02,3552.501666666666,2,4,4689,1,0,0,9.58,20,462.84,28.390113274890663,26.26179386472747,144.13886282685374,434.8495099750856,2023-01-01,2025-10-06 10:48:29.241,27,3,0,0,0,0,0,0,0,0,1,0,1,0,0,0,0,0,1,0,1,0,0,0,0,0
CUS_0x565d,75672.08,6254.006666666667,7,5,28,6,23,20,0.0,90,3881.25,36.27279175896517,311.88474547457264,131.1085385314035,422.4073826606907,2023-01-01,2025-10-06 10:48:29.241,7,5,1,0,1,0,0,1,1,1,0,1,0,0,0,0,0,1,0,0,0,1,0,0,0,0
CUS_0x2274,105931.17,8672.5975,8,7,11,5,27,12,23.1,80,254.06,29.10149914643793,392.84243695183335,460.1498932260437,274.2674198221229,2023-01-01,2025-10-06 10:48:29.241,5,8,1,1,0,0,0,1,0,0,0,1,0,0,0,0,1,0,0,1,0,0,0,0,0,0
CUS_0x3b2a,33624.4,2869.0333333333333,4,5,20,4,30,9,12.8,70,987.27,26.902472137762533,72.25713757572737,70.00207331131716,394.6441224462889,2023-01-01,2025-10-06 10:48:29.241,29,5,1,1,0,1,0,0,1,0,0,1,0,0,0,0,0,0,1,0,1,0,0,0,0,0
CUS_0x1c09,66528.24,5733.02,5,5,11,0,20,12,13.65,20,1460.8,30.58597494058668,0.0,158.42020476590392,664.8817952340961,2023-01-01,2025-10-06 10:48:29.241,22,11,0,0,0,0,0,0,0,0,0,0,0,0,0,0,0,0,1,0,1,0,0,0,0,0
CUS_0x7877,95999.44,7725.953333333334,7,3,7,0,26,20,7.78,60,1090.59,28.528049344982037,0.0,145.6877199727315,876.907613360602,2023-01-01,2025-10-06 10:48:29.241,23,8,0,0,0,0,0,0,0,0,0,1,0,0,0,0,1,0,0,0,1,0,0,0,0,0
CUS_0x82a7,9766.965,800.91375,8,10,20,6,32,23,4.86,80,2223.4,26.10049943615912,25.351707099797988,82.98061857377117,261.75904932643084,2023-01-01,2025-10-06 10:48:29.241,8,3,0,1,1,0,0,0,0,0,1,1,0,0,0,0,0,1,0,0,0,0,1,0,0,0
CUS_0x972d,71605.0,6011.083333333332,2,5,1,2,12,8,9.38,10,519.84,32.95323142405829,71.25191113184431,53.180235842646226,716.6761863588429,2023-01-01,2025-10-06 10:48:29.241,27,5,1,0,0,0,1,0,0,0,0,0,1,0,0,1,0,0,0,0,0,0,0,0,0,1
CUS_0xacfa,81168.84,6950.07,2,3,2,3,29,0,7.14,60,1367.13,22.60744017388119,184.80901739839263,639.148703358564,151.04927924304337,2023-01-01,2025-10-06 10:48:29.241,22,0,0,1,0,0,0,1,0,0,1,0,1,0,0,1,0,0,0,0,0,0,0,1,0,0
CUS_0x41c,18808.34,1618.361666666667,1,5,10,0,0,11,7.59,20,1035.88,37.86705481912903,0.0,93.07892997800094,358.75723668866567,2023-01-01,2025-10-06 10:48:29.241,22,8,0,0,0,0,0,0,0,0,0,0,1,0,0,1,0,0,0,0,0,0,1,0,0,0
CUS_0x752f,140948.32,11794.693333333336,6,7,14,4,10,15,10.29,30,105.66,34.54837817189263,310.15597101792025,391.0287459092981,758.2846164061152,2023-01-01,2025-10-06 10:48:29.241,29,8,0,0,1,1,0,0,1,0,1,1,0,0,0,0,1,0,0,0,0,0,0,1,0,0
CUS_0x96a2,11586.525,943.54375,5,6,18,2,24,15,12.0,10,498.68,32.968348898588395,15.46654664404272,81.66618465905604,287.22164369690125,2023-01-01,2025-10-06 10:48:29.241,22,5,1,0,0,0,0,0,0,0,0,1,0,0,0,0,1,0,0,0,0,0,1,0,0,0
CUS_0xa5e9,16644.37,1677.030833333333,6,7,28,2,49,23,7.16,100,1415.11,32.518542838669696,16.248296899673893,76.094939116094,335.35984731756537,2023-01-01,2025-10-06 10:48:29.241,18,4,0,0,0,0,1,0,1,0,0,1,0,0,0,0,0,1,0,1,0,0,0,0,0,0
CUS_0x6ee,14619.875,1058.3229166666667,4,5,6,3,21,11,5.38,40,107.8,29.703998263169176,18.811363729185818,37.34838376310663,339.67254417437425,2023-01-01,2025-10-06 10:48:29.241,21,5,0,0,1,0,0,0,0,1,0,0,1,0,0,1,0,0,0,0,0,0,1,0,0,0
CUS_0x7872,64247.12,5330.926666666667,7,10,29,6,45,20,0.0,100,1808.12,29.751055169746905,181.34233189014068,132.98162450976787,458.7687102667582,2023-01-01,2025-10-06 10:48:29.241,9,4,1,1,0,1,1,1,0,0,0,1,0,0,0,0,0,1,0,0,0,1,0,0,0,0
CUS_0xb381,100555.86000000002,8133.655000000002,6,6,5,0,9,7,7.78,20,552.69,34.418552315757,0.0,92.02679714128278,961.3387028587172,2023-01-01,2025-10-06 10:48:29.241,16,3,0,0,0,0,0,0,0,0,0,0,1,0,0,0,0,0,1,0,0,1,0,0,0,0
CUS_0x325f,13840.485,1052.37375,6,7,17,4,5,15,5.56,60,687.0,28.326874120299443,35.088885718920125,80.71198478634227,279.43650449473756,2023-01-01,2025-10-06 10:48:29.241,19,5,0,1,0,1,0,0,1,0,1,1,0,0,0,0,0,0,1,0,0,0,1,0,0,0
CUS_0x707d,16188.16,1396.013333333333,7,4,1,4,8,20,9.52,50,1029.46,28.71844168041341,41.57225987267624,67.77415697762879,320.2549164830283,2023-01-01,2025-10-06 10:48:29.241,24,5,0,1,0,1,0,1,0,0,0,0,1,0,0,0,1,0,0,0,0,0,1,0,0,0
CUS_0x873b,99854.67,8263.2225,4,6,16,4,5,16,1.13,20,871.36,26.389836168679963,255.8694111865421,753.9780964941548,96.47474231930313,2023-01-01,2025-10-06 10:48:29.241,19,11,1,1,0,0,1,0,0,1,0,0,0,0,0,0,1,0,0,0,0,0,0,1,0,0
CUS_0x8e30,36938.82,2782.235,8,6,13,5,22,12,10.06,120,771.6,33.67213963445514,112.27276566418269,80.39848396381021,345.5522503720072,2023-01-01,2025-10-06 10:48:29.241,12,2,0,1,1,1,0,1,1,0,0,1,0,0,0,0,1,0,0,1,0,0,0,0,0,0
CUS_0xac46,41729.08,3750.4233333333336,6,10,1060,5,50,22,16.51,70,2617.44,31.208854245186444,155.95784279876835,26.96680328539935,432.11768724916567,2023-01-01,2025-10-06 10:48:29.241,14,0,0,1,1,0,0,0,1,1,0,1,0,0,0,0,0,1,0,0,0,1,0,0,0,0
CUS_0x13ef,18666.56,1323.5466666666666,3,4,11,4,3,5,8.67,20,770.81,35.323932281342515,58.88604405341314,106.0887435702923,257.37987904296125,2023-01-01,2025-10-06 10:48:29.241,32,3,0,0,1,0,0,1,0,1,0,0,1,0,0,0,0,0,1,0,0,0,1,0,0,0
CUS_0x181f,58558.86,5123.905,10,9,25,2,56,16,19.92,160,1376.79,36.52909764240084,58.73135221872722,94.65427738468826,609.0048703965845,2023-01-01,2025-10-06 10:48:29.241,14,10,0,0,1,0,1,0,0,0,0,1,0,0,0,0,1,0,0,0,1,0,0,0,0,0
CUS_0x47c0,123847.04,10555.586666666666,1,4,7,2,8,8,11.05,0,1417.89,27.49975763156884,116.7740901127543,1199.4467692994626,29.337807254449444,2023-01-01,2025-10-06 10:48:29.241,29,9,1,0,0,1,0,0,0,0,0,0,1,0,0,0,0,0,1,0,0,0,1,0,0,0
CUS_0x9985,29394.88,2626.5733333333333,6,3,8,0,30,17,7.17,70,519.81,35.37228640162454,0.0,57.732295922122994,454.9250374112103,2023-01-01,2025-10-06 10:48:29.241,19,9,0,0,0,0,0,0,0,0,0,0,1,0,0,0,1,0,0,0,1,0,0,0,0,0
CUS_0x474,58558.3,5098.858333333334,3,2,10,0,9,2,11.8,60,272.17,38.80699744272745,0.0,10000.0,524.1647302306717,2023-01-01,2025-10-06 10:48:29.241,17,3,0,0,0,0,0,0,0,0,0,0,1,0,0,1,0,0,0,0,0,0,1,0,0,0
CUS_0x6d05,84833.62,6875.468333333332,5,1,8,4,4,0,2.05,20,557.38,24.38144175818657,274.9442043933726,481.9442479676693,200.6583809722914,2023-01-01,2025-10-06 10:48:29.241,20,9,0,1,0,0,0,0,1,1,0,0,1,0,0,1,0,0,0,0,0,0,0,0,1,0
CUS_0x970f,121944.2,10247.016666666666,3,6,2,1,23,17,9.16,60,1344.25,36.59524858902511,56.03559970038261,106.24686404679487,1102.4192029194892,2023-01-01,2025-10-06 10:48:29.241,30,5,0,0,0,0,1,0,0,0,0,0,1,0,0,1,0,0,0,0,0,1,0,0,0,0
CUS_0xa408,41167.6,3596.633333333333,7,3,7,0,24,8,9.92,20,918.62,26.55018930230976,0.0,78.72025584363244,530.943077489701,2023-01-01,2025-10-06 10:48:29.241,27,2,0,0,0,0,0,0,0,0,0,0,1,0,0,0,0,0,1,0,1,0,0,0,0,0
CUS_0xc63b,32928.36,3006.03,5,6,20,0,21,13,0.0,0,781.1,38.91835126442539,0.0,191.20103384678703,389.40196615321287,2023-01-01,2025-10-06 10:48:29.241,30,0,0,0,0,0,0,0,0,0,0,1,0,0,0,0,0,0,1,0,0,0,0,1,0,0
CUS_0x169d,8637.095,644.7579166666667,5,7,14,4,18,11,9.25,70,2039.13,37.53093748017479,27.447179408988763,18.896407401765376,298.1322048559125,2023-01-01,2025-10-06 10:48:29.241,7,10,0,0,0,1,0,0,1,0,0,1,0,0,0,0,0,0,1,0,0,0,0,1,0,0
CUS_0x3cea,127672.24,10668.353333333334,8,7,19,4,20,13,1.24,30,504.03,37.93379412462225,289.02915452909315,74.08691205134161,844.313943932363,2023-01-01,2025-10-06 10:48:29.241,31,5,0,1,0,0,0,0,1,1,0,0,1,0,0,0,1,0,0,0,0,1,0,0,0,0
CUS_0xa146,22934.45,1619.2041666666669,5,6,17,3,6,19,7.449999999999998,130,829.3,28.427264018959487,30.924605898189597,34.50109937613352,356.4947113923436,2023-01-01,2025-10-06 10:48:29.241,10,6,0,0,0,0,1,1,0,0,0,1,0,0,0,0,1,0,0,1,0,0,0,0,0,0
CUS_0x8f7e,35589.97,2794.830833333333,4,6,14,4,5,11,19.4,80,1484.18,29.10107461883592,98.23221001497294,165.8703859682738,305.38048735008664,2023-01-01,2025-10-06 10:48:29.241,14,10,1,0,1,1,0,0,1,0,0,1,0,0,0,0,1,0,0,0,0,0,0,0,0,1
CUS_0x9ce6,123732.32,10416.026666666668,4,3,11,0,15,8,8.92,30,1154.46,26.26810601123289,0.0,589.8279399082364,731.7747267584301,2023-01-01,2025-10-06 10:48:29.241,27,10,0,0,0,0,0,0,0,0,0,0,1,0,0,1,0,0,0,0,0,0,0,1,0,0
CUS_0x13a8,97059.0,8295.25,3,2,9,0,9,10,9.94,50,192.99,39.9399690577729,0.0,210.61939263928315,858.905607360717,2023-01-01,2025-10-06 10:48:29.241,33,5,0,0,0,0,0,0,0,0,0,0,1,0,0,1,0,0,0,0,0,1,0,0,0,0
CUS_0x6a8a,21826.18,1579.8483333333334,3,5,7,4,6,19,9.86,110,72.03,35.9546245006857,40.763157858838895,171.8671506846759,235.35452478981853,2023-01-01,2025-10-06 10:48:29.241,27,11,1,0,0,1,1,0,1,0,0,1,0,0,0,0,1,0,0,0,0,0,1,0,0,0
CUS_0x2a55,17276.8,1584.7333333333331,8,5,34,3,44,9,15.95,110,1980.0,28.815258870143943,23.89759721451887,105.9590552229835,318.616680895831,2023-01-01,2025-10-06 10:48:29.241,18,4,0,0,0,1,0,0,0,1,0,1,0,0,0,0,1,0,0,0,0,0,1,0,0,0
CUS_0xe64,106605.6,8687.800000000001,7,7,12,1,26,21,9.01,30,544.14,33.17869536436656,54.9847730199193,328.26702814992814,735.5281988301527,2023-01-01,2025-10-06 10:48:29.241,30,3,0,0,0,1,0,0,0,0,0,1,0,0,0,0,0,0,1,0,1,0,0,0,0,0
CUS_0x522d,30092.13,2289.6775,1,3,9,2,3,3,1.58,40,217.49,24.37147303562283,35.75619336265044,188.88010496907745,274.33145166827217,2023-01-01,2025-10-06 10:48:29.241,30,10,0,1,0,0,0,0,0,1,0,0,1,0,0,1,0,0,0,0,0,0,0,0,1,0
CUS_0x1341,15341.895,1035.49125,6,7,3,1,20,8,7.71,20,1152.71,24.134405197385306,6.9819930191464366,81.56430854657756,295.002823434276,2023-01-01,2025-10-06 10:48:29.241,21,4,0,0,0,0,0,0,0,0,1,0,0,0,0,0,0,0,1,0,0,0,0,1,0,0
CUS_0x190e,39734.74,3402.228333333333,3,6,8,0,9,8,1.75,0,1084.26,37.217016445715615,0.0,165.45941914570102,434.7634141876323,2023-01-01,2025-10-06 10:48:29.241,18,3,0,0,0,0,0,0,0,0,0,0,1,0,0,0,0,0,1,1,0,0,0,0,0,0
CUS_0x86c7,55563.4,4550.283333333334,9,8,5,0,3,2666,4.8100000000000005,0,1390.92,37.35116711402824,0.0,390.3116065799235,344.71672675340994,2023-01-01,2025-10-06 10:48:29.241,26,4,0,0,0,0,0,0,0,0,0,0,1,0,0,0,0,0,1,0,0,0,0,1,0,0
CUS_0xbbe4,38673.64,3333.8033333333333,5,6,4,4,4,5,8.38,70,1176.78,32.453382406416424,88.28333171154881,381.5585452363423,153.53845638544226,2023-01-01,2025-10-06 10:48:29.241,33,0,0,0,0,0,1,0,0,1,1,0,1,0,0,1,0,0,0,0,0,0,1,0,0,0
CUS_0x182b,105015.76,8719.313333333334,8,4,9,4,14,18,17.52,30,715.37,29.54299503646419,344.21243880297686,293.0592513458812,494.6596431844754,2023-01-01,2025-10-06 10:48:29.241,26,8,0,0,1,0,1,0,1,1,0,1,0,0,0,0,1,0,0,1,0,0,0,0,0,0
CUS_0x6f95,41792.4,3781.7,6,6,20,0,58,18,27.15,120,4452.95,30.24790336192925,297.13185938492893,28.02137212087873,293.01676849419243,2023-01-01,2025-10-06 10:48:29.241,3,4,1,1,0,0,1,1,0,1,1,0,0,0,0,0,0,1,0,0,0,1,0,0,0,0
CUS_0xa918,71530.8,6197.9000000000015,8,5,22,8,32,14,0.0,80,2364.98,31.99990855653644,461.4851584316311,203.3187780569485,204.98606351142044,2023-01-01,2025-10-06 10:48:29.241,5,10,1,1,0,1,0,1,1,0,0,0,0,0,0,0,0,0,1,0,1,0,0,0,0,0
CUS_0xaca7,60694.74000000001,4976.895,7,7,30,4,18,14,11.59,100,1661.55,40.32046167702708,179.58205793198795,81.29265865945946,486.8147834085528,2023-01-01,2025-10-06 10:48:29.241,11,0,0,0,0,1,0,1,0,0,0,1,0,0,0,0,1,0,0,0,0,0,0,0,0,1
CUS_0x4096,46036.35000000001,3930.362500000001,6,6,19,5,53,17,14.75,80,2576.0,23.886018600171106,146.4016503912428,160.9211338700295,375.7134657387278,2023-01-01,2025-10-06 10:48:29.241,15,0,1,1,0,0,1,0,0,0,1,1,0,0,0,0,0,1,0,0,0,0,1,0,0,0
CUS_0x4bfc,111755.6,9488.966666666667,3,7,14,2,17,12,13.79,1590,407.8,30.20162244169816,126.70424032970853,630.4025511052466,461.7898752317117,2023-01-01,2025-10-06 10:48:29.241,21,4,1,0,0,0,0,1,0,0,0,0,0,0,0,0,1,0,0,0,0,0,0,0,1,0
CUS_0x6b52,88412.01,7495.6675,1,4,11,0,20,8,0.55,50,957.82,41.48649415011712,199.49297647263663,173.69985087991245,616.3739226474509,2023-01-01,2025-10-06 10:48:29.241,31,2,1,0,1,0,0,0,0,1,0,0,1,0,0,1,0,0,0,0,0,1,0,0,0,0
CUS_0x8a44,171572.16,14531.68,2,3,3,4,8,8,2.1,0,167.62,35.06192389208086,369.93560128701125,1397.9853936570914,654.5117844662698,2023-01-01,2025-10-06 10:48:29.241,29,2,1,0,1,0,0,0,0,1,1,0,0,0,0,1,0,0,0,0,0,0,1,0,0,0
CUS_0x1443,88120.12,7377.343333333332,5,6,15,4,6,14,7.48,20,534.85,26.82895367253983,164.97877677347282,99.24594537260504,713.5096111872554,2023-01-01,2025-10-06 10:48:29.241,33,8,0,1,0,1,0,1,0,0,0,0,1,0,0,0,1,0,0,0,0,1,0,0,0,0
CUS_0x4c71,32227.77,2494.6475,3,6,6,2,4,10,11.4,20,430.39,36.72327747369632,37.93802076335572,208.85254704894044,389.4637101519967,2023-01-01,2025-10-06 10:48:29.241,30,6,1,0,0,0,0,0,1,0,0,0,0,0,0,1,0,0,0,0,0,0,0,0,0,1
CUS_0x97b,85926.78,7351.565,3,7,8,1,28,16,9.54,40,542.13,32.631613718445365,61.89128696438552,145.58802486937532,767.6771881662394,2023-01-01,2025-10-06 10:48:29.241,31,6,0,0,0,0,0,1,0,0,0,1,0,0,0,0,1,0,0,0,0,0,0,0,0,1
CUS_0x3b22,48179.67,4047.9725,3,3,13,3,21,10,12.08,50,2346.34,40.98786298191963,89.97133651121666,68.28476316678054,496.54115032200286,2023-01-01,2025-10-06 10:48:29.241,14,8,0,1,0,0,1,0,0,0,0,0,0,0,0,0,1,0,0,0,1,0,0,0,0,0
CUS_0x4b64,38460.28,3241.023333333333,6,9,16,7,57,14,20.71,130,4106.5,34.97876809318463,179.13582114127118,166.74689663386084,238.2196155582013,2023-01-01,2025-10-06 10:48:29.241,6,8,0,0,0,1,0,0,1,1,1,1,0,0,0,0,0,0,1,1,0,0,0,0,0,0
CUS_0x5bce,18949.48,1569.1233333333332,0,3,9,2,11,5,3.72,40,1002.97,36.934692076653455,27.257366661124237,110.94709649899801,308.70787017321106,2023-01-01,2025-10-06 10:48:29.241,27,3,0,0,0,0,0,0,0,0,1,0,1,0,0,1,0,0,0,0,0,0,1,0,0,0
CUS_0xa423,65586.32,5202.5266666666685,1,3,12,4,8,7,0.86,40,1434.88,26.253776640217914,120.06420507990389,105.34300999004357,554.8454515967193,2023-01-01,2025-10-06 10:48:29.241,32,3,1,0,1,0,1,0,0,1,0,0,1,0,0,1,0,0,0,1,0,0,0,0,0,0
CUS_0xa488,6755739.0,1167.4291666666666,8,3,20,2,11,11,22.16,60,1151.22,25.702133898229736,19.61933384299385,132.24361797179571,254.8799648518771,2023-01-01,2025-10-06 10:48:29.241,15,4,0,0,1,0,0,0,0,1,0,1,0,0,0,0,1,0,0,0,0,0,1,0,0,0
CUS_0x24e1,93312.33,7898.0275,3,3,13,2,26,17,10.88,0,555.33,36.71632436627296,126.18587936257109,161.85951072280574,816.3899991059981,2023-01-01,2025-10-06 10:48:29.241,32,1,0,0,0,0,1,0,0,1,0,1,0,0,0,0,1,0,0,0,1,0,0,0,0,0
CUS_0x699,16465.61,1221.1341666666667,3,3,3,2,8,4,8.3,10,1165.7,30.892658283655788,19.673134632935135,77.18971627572675,285.2505657580048,2023-01-01,2025-10-06 10:48:29.241,30,3,0,0,0,1,1,0,0,0,0,0,1,0,0,1,0,0,0,0,0,0,0,0,0,1
CUS_0xae9e,19540.67,1891.3891666666664,8,9,26,6,60,20,0.0,90,1584.95,32.249654248004745,69.28558143978887,248.77472905477757,161.07860617210025,2023-01-01,2025-10-06 10:48:29.241,10,4,1,0,0,0,1,0,0,0,1,1,0,0,0,0,0,0,1,0,0,0,0,0,0,1
CUS_0xb915,37896.71,2885.0591666666664,5,5,3,3,18,2,11.78,80,657.12,38.5569011373271,86.02948648940674,40.89386256008689,411.582567617173,2023-01-01,2025-10-06 10:48:29.241,30,3,0,1,0,1,0,0,0,0,1,0,1,0,0,0,0,0,1,0,0,0,0,0,0,1
CUS_0x2b2d,28119.52,2151.293333333333,3,6,17,0,18,18,8.54,40,917.64,31.09596679663928,0.0,123.47798409946628,371.6513492338671,2023-01-01,2025-10-06 10:48:29.241,29,10,0,0,0,0,0,0,0,0,0,1,0,0,0,0,0,0,1,0,0,0,0,1,0,0
CUS_0x4662,112282.4,9102.866666666669,4,219,16,0,26,14,9.63,30,1113.98,39.45000687604581,0.0,560.0341445300629,630.2525221366038,2023-01-01,2025-10-06 10:48:29.241,28,3,0,0,0,0,0,0,0,0,0,0,0,0,0,0,1,0,0,0,0,0,0,1,0,0
CUS_0x4674,15211.94,1366.6616666666666,10,10,19,8,65,24,12.36,120,1446.14,35.412004415919235,56.74767708200394,16.054730340229284,303.86375924443337,2023-01-01,2025-10-06 10:48:29.241,11,0,0,0,1,1,1,1,1,1,1,1,0,0,0,0,0,0,1,0,0,1,0,0,0,0
CUS_0xc5cb,31113.36,2780.78,313,5,7,3,33,12,10.46,70,1151.7,30.01106566988709,70749.0,101.30979796333624,383.61521922141486,2023-01-01,2025-10-06 10:48:29.241,13,8,1,1,0,1,0,0,0,0,0,1,0,0,0,0,1,0,0,0,0,0,0,1,0,0
CUS_0x5ae6,132861.6,11243.8,5,7,4349,1,29,11,14.35,80,1055.32,23.09168631752075,66.60372897499799,1152.9752792283655,184.80099179663648,2023-01-01,2025-10-06 10:48:29.241,16,3,0,0,1,0,0,0,0,0,0,1,0,0,0,0,1,0,0,0,0,0,0,1,0,0
CUS_0x738f,9767.32,872.9433333333333,5,7,3,1,20,20,2.47,40,327.25,31.0792432310098,7.867825937727766,70.19082375603091,299.23568363957463,2023-01-01,2025-10-06 10:48:29.241,15,11,0,0,0,0,1,0,0,0,0,0,1,0,0,1,0,0,0,0,0,0,1,0,0,0
CUS_0x19ad,14293.43,1465.1191666666666,7,7,18,7,12,13,9.55,130,2352.93,32.53179962256017,73.81017141864359,115.4185683179745,237.2831769300485,2023-01-01,2025-10-06 10:48:29.241,6,4,1,1,0,0,1,0,1,1,1,1,0,0,0,0,0,0,1,0,0,0,0,1,0,0
CUS_0x2bf6,59319.42,4760.285,5,4,13,5,25,12,9.58,70,2569.72,37.45674717357847,207.84962257487905,165.29048098112247,409.9138613497576,2023-01-01,2025-10-06 10:48:29.241,5,11,1,1,0,0,1,0,1,1,0,1,0,0,0,0,1,0,0,0,0,1,0,0,0,0
CUS_0xc1b3,15466.055,1394.8379166666666,7,7,17,2,20,8,9.94,60,883.26,24.654733762587146,25.50623656022583,46.63686989440464,327.3406852120362,2023-01-01,2025-10-06 10:48:29.241,16,3,0,0,1,0,1,0,0,0,0,1,0,0,0,0,1,0,0,1,0,0,0,0,0,0
CUS_0x3af5,44483.64,3680.97,8,10,17,8,27,16,20.12,80,2770.15,30.94594865435923,160.25539898346022,249.03257994845745,248.80902106808227,2023-01-01,2025-10-06 10:48:29.241,12,3,1,0,1,1,0,0,0,1,0,1,0,0,0,0,0,1,0,0,0,0,1,0,0,0
CUS_0x24a8,20645.48,1631.456666666667,1605,7,2,0,15,14,4.67,30,251.95,32.235776947103425,0.0,115.77203636725544,327.3736302994112,2023-01-01,2025-10-06 10:48:29.241,19,6,0,0,0,0,0,0,0,0,0,0,1,0,0,1,0,0,0,0,0,0,0,1,0,0
CUS_0x1375,72524.2,5908.6833333333325,6,5,17,3,46,23,8.74,90,2699.4,23.070388419207724,153.03345685022464,606.456526110112,111.37835037299669,2023-01-01,2025-10-06 10:48:29.241,15,4,1,0,0,0,0,0,1,0,1,1,0,0,0,0,0,1,0,0,0,0,0,1,0,0
CUS_0x17c7,16862.715,1603.22625,8,859,10,2,22,18,17.13,50,574.86,30.489122746166878,14.740344070159376,46.021025034274246,379.56125589556643,2023-01-01,2025-10-06 10:48:29.241,26,4,0,0,0,0,1,0,0,0,1,1,0,0,0,0,1,0,0,0,0,0,0,1,0,0
CUS_0x1b66,50538.58,4054.548333333333,6,7,9,4,17,21,9.09,60,1205.13,23.56095999573437,164.80747018708982,256.2464554518534,254.4009076943901,2023-01-01,2025-10-06 10:48:29.241,9,0,1,1,0,0,0,0,0,1,1,0,0,0,0,0,1,0,0,0,0,0,0,0,1,0
CUS_0x79aa,18114.35,1515.5291666666665,9,6,28,2,21,16,7.85,150,1289.04,35.91139426953247,16.120788654378792,168.43898910409274,256.9931389081951,2023-01-01,2025-10-06 10:48:29.241,10,6,0,1,0,0,0,1,0,0,0,1,0,0,0,0,0,1,0,0,0,0,1,0,0,0
CUS_0xa54d,56047.34,4136.1493861928775,3,6,1,4,30,8,6.27,40,990.4,34.134013202410465,402.2887998897225,181.5691210863582,414.86552616437433,2023-01-01,2025-10-06 10:48:29.241,21,2,0,0,1,0,1,0,0,1,1,0,1,0,0,1,0,0,0,0,0,0,0,0,1,0
CUS_0xa83,19072.63,1631.3858333333335,8,7,24,4,56,10,18.16,170,1371.64,37.816989518801655,60.5142070057509,80.98844839442397,281.6359279331585,2023-01-01,2025-10-06 10:48:29.241,7,8,0,0,1,1,0,0,1,0,1,1,0,0,0,0,0,0,1,1,0,0,0,0,0,0
CUS_0x284a,131313.4,10469.207759388815,0,1,8,2,0,2,9.34,40,352.16,29.18791265416669,911.2201793459374,870.52238171816,396.1113462137519,2023-01-01,2025-10-06 10:48:29.241,31,2,1,0,1,0,0,0,0,0,0,0,1,0,0,1,0,0,0,0,0,0,0,1,0,0
CUS_0xad90,15820.755,1606.39625,7,4,9,2,17,12,16.7,50,590.29,31.51547438841572,17.780309351984886,10000.0,298.23627129803765,2023-01-01,2025-10-06 10:48:29.241,28,4,0,0,1,0,0,1,0,0,0,0,0,0,0,0,1,0,0,0,0,0,0,0,1,0
CUS_0x3b6e,7200.035,540.0029166666667,8,8,18,3,59,16,3.51,110,2442.56,27.19422725873221,13.72301936190351,52.825469865395824,277.45180243936727,2023-01-01,2025-10-06 10:48:29.241,14,5,0,0,0,0,0,1,1,1,0,1,0,0,0,0,1,0,0,0,0,0,1,0,0,0
CUS_0x355f,18822.02,1821.5016666666668,4,3,19,2,10,16,9.63,100,1464.16,36.79427619576661,16.429684492487187,65.6163236952017,350.1041584789778,2023-01-01,2025-10-06 10:48:29.241,16,3,0,0,0,0,0,1,0,0,1,0,0,0,0,0,0,0,1,0,1,0,0,0,0,0
CUS_0x929c,63648.12,5357.01,6,7,10,1,17,8,2.75,0,1223.86,37.07872135458457,26.59218596295273,211.6771070286213,587.431707008426,2023-01-01,2025-10-06 10:48:29.241,24,5,0,0,0,0,0,0,0,0,1,0,1,0,0,0,1,0,0,0,0,0,1,0,0,0
CUS_0x4d41,14293.9,1394.158333333333,10,9,27,5,39,9,7.14,80,2501.04,36.9182876043974,43.26439993263977,182.1545412695269,203.99689213116662,2023-01-01,2025-10-06 10:48:29.241,17,1,1,0,1,1,1,0,0,0,0,1,0,0,0,0,1,0,0,0,0,0,1,0,0,0
CUS_0x7b52,14387.47,981.9558333333332,7,7,17,8,34,21,20.13,80,4335.68,26.142112194945103,80.33755405850793,47.07698738744497,250.7810418873804,2023-01-01,2025-10-06 10:48:29.241,14,3,1,0,0,1,1,0,1,1,1,1,0,0,0,0,0,1,0,0,0,0,0,1,0,0
CUS_0x8b1,17767.86,1592.655,0,1,4,1,5,10,3.11,20,534.03,38.770907457314856,14.288607266905876,97.20237282563637,277.813535316985,2023-01-01,2025-10-06 10:48:29.241,23,10,0,1,0,0,0,0,0,0,0,0,1,0,0,0,0,0,1,0,0,0,1,0,0,0
CUS_0x4b40,40009.74,3552.145,3,6,15,4,7,11,9.12,60,1372.21,39.79532494921342,126.79792350250727,67.41580054212578,411.000775955367,2023-01-01,2025-10-06 10:48:29.241,21,6,0,0,0,1,1,0,0,1,1,1,0,0,0,0,1,0,0,0,1,0,0,0,0,0
CUS_0x5111,10525.355,645.1129166666666,4,6,3,0,13,7,5.99,0,583.9,37.56983291481178,0.0,32.39595342064962,302.115338246017,2023-01-01,2025-10-06 10:48:29.241,30,6,0,0,0,0,0,0,0,0,0,0,1,0,0,0,0,0,1,0,0,0,0,0,1,0
CUS_0x53f4,15647.0,1044.9166666666667,10,5,17,6,47,25,28.89,130,4973.13,22.65007984316885,56.7168815816985,47.301066597207715,260.4737184877605,2023-01-01,2025-10-06 10:48:29.241,10,6,0,1,1,1,0,1,1,1,0,1,0,0,0,0,0,1,0,1,0,0,0,0,0,0
CUS_0x5a3d,51711.96,4094.33,7,7,21,8,58,21,8.95,170,2665.79,28.79365865574221,289.5278950169636,189.30750634585885,220.59759863717755,2023-01-01,2025-10-06 10:48:29.241,11,1,0,0,0,0,1,1,0,1,1,0,0,0,0,0,0,1,0,0,0,0,1,0,0,0
CUS_0x8e44,33476.83,2534.7358333333336,4,1,7,0,10,8,3.26,60,1274.12,34.52746742296146,0.0,91.7546441932342,431.71893914009917,2023-01-01,2025-10-06 10:48:29.241,27,8,0,0,0,0,0,0,0,0,0,0,1,0,0,1,0,0,0,0,0,0,0,0,1,0
CUS_0xbf38,25306.37,2154.445766398636,4,3,18,0,27,19,17.14,80,37.21,39.21165851811267,244.4184002680309,10000.0,444.2895194183096,2023-01-01,2025-10-06 10:48:29.241,14,8,0,0,0,0,0,0,0,0,0,1,0,0,0,0,1,0,0,0,0,1,0,0,0,0
CUS_0x328b,28279.12,2300.593333333333,4,7,13,0,23,15,13.739999999999998,80,329.28,33.144760569773986,0.0,95.4858498101426,394.5734835231908,2023-01-01,2025-10-06 10:48:29.241,19,0,0,0,0,0,0,0,0,0,0,1,0,0,0,0,1,0,0,1,0,0,0,0,0,0
CUS_0x4a43,54889.92,4512.16,6,3,17,6,24,8,16.48,50,1603.48,27.85087705008156,147.0473710559911,84.49761291814019,469.6710160258687,2023-01-01,2025-10-06 10:48:29.241,11,10,1,0,0,0,0,1,1,1,0,1,0,0,0,0,1,0,0,0,1,0,0,0,0,0
CUS_0x5158,36806.84,2827.236666666666,6,5,18,6,20,12,18.22,70,1933.58,32.36948258404944,174.89311659439807,10000.0,192.9551963392017,2023-01-01,2025-10-06 10:48:29.241,15,0,0,0,1,1,1,1,1,0,0,1,0,0,0,0,0,0,1,0,0,0,1,0,0,0
CUS_0x4a94,9093.815,782.8179166666667,3,4,27,0,20,15,8.46,90,1879.03,36.20546951510809,49.26630707431625,58.37763070795327,260.63785388439715,2023-01-01,2025-10-06 10:48:29.241,16,9,0,0,1,1,0,1,1,1,0,1,0,0,0,0,1,0,0,0,0,0,1,0,0,0
CUS_0x3873,74961.78,6492.815,1,3,11,2,15,12,5.41,0,245.46,40.94908785553002,70.89350395761144,119.76842779364078,708.6195682487477,2023-01-01,2025-10-06 10:48:29.241,27,4,0,0,0,1,0,0,0,0,1,0,1,0,0,1,0,0,0,0,1,0,0,0,0,0
CUS_0x3b10,50155.56,3562.142389800721,8,3,6,2,8,19,12.93,10,122.73,33.15788004463913,544.0700210489973,10000.0,565.2340521465277,2023-01-01,2025-10-06 10:48:29.241,32,11,0,0,0,0,0,0,1,0,0,0,0,0,0,0,1,0,0,0,1,0,0,0,0,0
CUS_0xb4d8,24954.36,2173.53,6,7,16,0,29,14,9.58,50,1410.8,26.584791748656546,0.0,92.36790843207476,394.98509156792534,2023-01-01,2025-10-06 10:48:29.241,16,2,0,0,0,0,0,0,0,0,0,1,0,0,0,0,1,0,0,0,0,0,0,0,1,0
CUS_0xc055,35118.1,3113.508333333333,5,7,6,3,32,13,12.7,80,407.74,26.44151505553604,45.18912916309637,118.5631996076486,397.59850456258835,2023-01-01,2025-10-06 10:48:29.241,32,8,0,0,0,1,0,0,1,1,0,1,0,0,0,0,0,0,1,0,1,0,0,0,0,0
CUS_0x31e9,18567.28,1745.629791748223,4,6,18,6,24,11,11.95,80,1959.68,24.07365731335912,85.03643928555,145.83656360740954,247.49787202548413,2023-01-01,2025-10-06 10:48:29.241,17,8,0,1,1,1,1,0,0,1,0,1,0,0,0,0,0,0,1,0,0,0,0,1,0,0
CUS_0x54d4,40127.74,3095.978333333333,9,5,16,7,27,18,11.52,90,2580.92,29.40508006287805,226.69978733773567,145.69228921173809,227.20575678385947,2023-01-01,2025-10-06 10:48:29.241,13,5,1,1,0,0,1,0,0,0,1,1,0,0,0,0,1,0,0,0,0,0,1,0,0,0
CUS_0x344e,27587.1,2248.925,5,3,17,0,29,20,10.99,60,268.83,36.996875084180346,0.0,93.10988508028136,381.7826149197185,2023-01-01,2025-10-06 10:48:29.241,21,1,0,0,0,0,0,0,0,0,0,1,0,0,0,0,1,0,0,0,1,0,0,0,0,0
CUS_0x3d6c,43894.24,3690.853333333333,4,7,16,4,6,14,12.69,30,1422.84,25.56312960824401,142.96344781536104,47.2042154690245,418.91767004894785,2023-01-01,2025-10-06 10:48:29.241,32,8,0,1,1,0,1,0,0,0,1,1,0,0,0,0,1,0,0,0,0,1,0,0,0,0
CUS_0xb875,61203.18000000001,4911.265,7,3,5,777,25,19,8.29,70,1194.51,29.0730339127212,133.60593539453544,560.4523620904705,87.06820251499414,2023-01-01,2025-10-06 10:48:29.241,24,2,0,1,0,0,1,1,1,0,0,0,1,0,0,1,0,0,0,0,0,0,1,0,0,0
CUS_0x1ff7,9824.31,707.6925,7,4,17,0,25,17,0.96,50,1233.96,25.81608055668325,0.0,38.3267256805156,292.4425243194844,2023-01-01,2025-10-06 10:48:29.241,19,2,0,0,0,0,0,0,0,0,0,0,1,0,0,0,0,0,1,1,0,0,0,0,0,0
CUS_0x424,30758.43,2822.2025,4,5,8,1,16,16,7.47,60,471.15,29.94101728987773,24.403119867184767,67.68511404983491,440.13201608298033,2023-01-01,2025-10-06 10:48:29.241,30,6,0,0,1,0,0,0,0,0,0,1,0,0,0,0,1,0,0,0,1,0,0,0,0,0
CUS_0x1184,19867.475,1396.6229166666665,3,5,11,3,10,9,6.74,40,707.29,26.68978981173729,42.60688196261637,23.460944042729498,313.5944656613208,2023-01-01,2025-10-06 10:48:29.241,32,8,1,0,0,0,0,1,0,1,0,0,1,0,0,1,0,0,0,0,0,0,0,0,0,1
CUS_0x8c9a,118172.63999999998,9449.41638635422,0,2,3,4,10,8,5.71,10,701.27,38.10897888293845,850.1719106949628,236.16305757364208,650.2406453771746,2023-01-01,2025-10-06 10:48:29.241,16,10,0,1,0,0,0,0,1,1,0,0,1,0,0,0,0,0,1,1,0,0,0,0,0,0
CUS_0xa187,66287.28,5074.30231100222,4,3,8,0,14,11,8.99,80,748.48,31.07787515276412,439.6376889977788,640.2134062811599,201.1805937188401,2023-01-01,2025-10-06 10:48:29.241,30,8,0,0,0,0,0,0,0,0,0,1,0,0,0,0,1,0,0,0,0,0,1,0,0,0
CUS_0x3928,19602.22,1448.5183333333334,7,4,6,2,7,7,10.7,40,962.35,22.123267197962303,23.746184300006533,106.13343195085292,284.9722170824739,2023-01-01,2025-10-06 10:48:29.241,19,5,0,0,1,0,0,0,0,0,1,1,0,0,0,0,1,0,0,0,0,0,0,0,0,1
CUS_0x397b,139608.72,11378.06,5,5,1884,4,1,1509,2.27,30,481.89,35.16569080866895,235.1463446753332,1248.3043440156716,872.1200071622168,2023-01-01,2025-10-06 10:48:29.241,27,11,1,0,0,1,0,0,0,0,1,0,1,0,0,0,0,0,1,0,0,0,1,0,0,0
CUS_0x95aa,19215.26,1353.2716666666663,4,6,7,2,0,14,12.15,80,1895.14,27.139949792921254,20.05386144790358,21.133649833961044,334.13965538480204,2023-01-01,2025-10-06 10:48:29.241,13,11,0,0,1,0,0,0,1,0,0,0,0,0,0,0,0,0,1,0,0,1,0,0,0,0
CUS_0x181e,29555.14,2663.9283333333333,7,3,13,5,22,17,9.04,60,1488.29,26.74922823976776,81.46542677045406,30.058599818785964,394.8688067440933,2023-01-01,2025-10-06 10:48:29.241,12,9,0,1,1,1,0,0,0,1,1,1,0,0,0,0,1,0,0,0,0,0,0,0,0,1
CUS_0x2375,20436.315,1785.02625,1,3,7,0,19,1,4.86,60,783.77,27.30041720369295,20.366031738448275,23.587315561468863,384.54927770008277,2023-01-01,2025-10-06 10:48:29.241,23,2,0,0,0,1,1,0,0,0,0,0,0,0,0,1,0,0,0,0,1,0,0,0,0,0
CUS_0x540f,36539.18,3101.0853633916267,2,426,11,0,13,1,5.32,10,15.03,35.518019663205884,160.84630327504047,98.9133481072283,487.2798185594384,2023-01-01,2025-10-06 10:48:29.241,18,3,0,0,0,0,0,0,0,0,0,0,1,0,0,1,0,0,0,1,0,0,0,0,0,0
CUS_0x4596,89427.12,7485.259999999998,6,5,9,0,27,15,18.15,20,1286.5,31.530129488202583,0.0,100.73876094007885,897.7872390599211,2023-01-01,2025-10-06 10:48:29.241,30,0,0,0,0,0,0,0,0,0,0,1,0,0,0,0,1,0,0,0,1,0,0,0,0,0
CUS_0x51e7,9735.115,695.2595833333335,7,5,16,7,40,19,23.85,100,3500.59,33.620653404347856,53.89565261827463,29.71411633962712,275.9161893754316,2023-01-01,2025-10-06 10:48:29.241,1,6,1,1,1,0,1,0,0,0,1,1,0,0,0,0,0,0,1,0,0,0,1,0,0,0
CUS_0xb424,42208.74,3355.395,7,9,32,5,41,19,19.66,20720,4154.32,34.82678744645731,160.63177569608118,132.48449439134038,332.42322991257845,2023-01-01,2025-10-06 10:48:29.241,5,9,1,1,0,0,1,1,1,0,0,1,0,0,0,0,0,1,0,0,0,0,1,0,0,0
CUS_0x7fe2,84604.8,6899.4000000000015,4,896,14,2,8,8,1.71,30,756.43,26.158927370453736,80.24070813024305,441.0286609931891,448.6706308765678,2023-01-01,2025-10-06 10:48:29.241,25,4,0,0,1,0,1,0,0,0,0,1,0,0,0,0,1,0,0,0,0,0,0,1,0,0
CUS_0x9357,36780.03,3169.0025,5,6,5,2,11,3,0.5800000000000001,50,195.07,27.640931394125147,61.19963022308218,121.7924186984092,383.9082010785087,2023-01-01,2025-10-06 10:48:29.241,33,2,0,1,0,1,0,0,0,0,0,0,1,0,0,1,0,0,0,0,1,0,0,0,0,0
CUS_0xdfb,19366.73,1550.894166666667,7,3,20,2,18,16,13.18,70,990.39,31.40927085906597,26.48480664608252,164.37129256812136,254.2333174524628,2023-01-01,2025-10-06 10:48:29.241,24,11,0,0,0,1,1,0,0,0,0,1,0,0,0,0,1,0,0,0,0,0,1,0,0,0
CUS_0x51e,132414.16,11050.513333333334,3,3,19,0,13,16,4.06,40,53.73,37.24794643460693,0.0,116.76318192245677,1228.2881514108767,2023-01-01,2025-10-06 10:48:29.241,26,0,0,0,0,0,0,0,0,0,0,1,0,0,0,0,1,0,0,0,0,1,0,0,0,0
CUS_0x5505,101607.27,8655.2725,4,5,10,4,7,2,0.63,70,1042.82,38.52251351384376,228.38271062623608,209.84037287506183,677.304166498702,2023-01-01,2025-10-06 10:48:29.241,31,8,1,0,0,1,0,1,0,0,0,0,1,0,0,1,0,0,0,0,1,0,0,0,0,0
CUS_0x6915,15862.01,1404.8341666666668,10,6,31,0,24,22,24.42,130,4063.06,29.88413954943265,66.78293289286825,46.851839754484025,276.8486440193144,2023-01-01,2025-10-06 10:48:29.241,9,10,0,0,1,0,1,0,1,1,1,1,0,0,0,0,0,0,1,0,1,0,0,0,0,0
CUS_0xc622,114588.4,9338.033333333333,5,7,20,0,18,17,13.21,50,941.85,31.75648981333253,0.0,141.7403596947645,1032.0629736385688,2023-01-01,2025-10-06 10:48:29.241,33,5,0,0,0,0,0,0,0,0,0,1,0,0,0,0,1,0,0,0,0,1,0,0,0,0
CUS_0x3bc3,92459.1,7413.925,3,3,9,2,19,13,3.01,70,1282.53,42.668757481131465,142.79428430002483,161.25887600116792,697.3393396988074,2023-01-01,2025-10-06 10:48:29.241,16,2,1,0,0,0,1,0,0,0,0,0,1,0,0,0,1,0,0,1,0,0,0,0,0,0
CUS_0x6ab3,106543.35,7600.080754985309,6,6,19,2,4,9,10.92,80,491.07,39.079085314935625,1145.506205616647,218.16480579667268,490.0825117966423,2023-01-01,2025-10-06 10:48:29.241,14,2,0,0,0,0,0,1,0,1,0,1,0,0,0,0,1,0,0,0,0,0,0,1,0,0
CUS_0x6b1d,58225.78,4115.933389258325,5,7,15,0,30,18,1.77,30,164.38,36.96425527799128,696.2149440750084,426.51769860933604,324.6971347239974,2023-01-01,2025-10-06 10:48:29.241,25,4,0,0,0,0,0,0,0,0,0,0,1,0,0,0,0,0,1,0,0,0,0,0,1,0
CUS_0x8704,76726.64,6098.886666666666,6,6,3,3,21,12,16.61,30,103.86,30.256201354519423,145.22910148101775,114.68076186499272,599.9788033206561,2023-01-01,2025-10-06 10:48:29.241,29,6,0,1,1,0,0,1,0,0,0,0,1,0,0,0,1,0,0,0,1,0,0,0,0,0
CUS_0x893e,20997.075,1895.75625,0,2,8,0,10,7,0.7,50,707.15,36.43885164458528,0.0,96.00462933949686,382.5638716688053,2023-01-01,2025-10-06 10:48:29.241,26,9,0,0,0,0,0,0,0,0,0,0,1,0,0,1,0,0,0,0,1,0,0,0,0,0
CUS_0x4322,56103.09,4948.2575,8,7,15,6,45,24,20.7,110,4806.96,35.38870307384221,268.8240526452073,587.893501210609,362.83610868531497,2023-01-01,2025-10-06 10:48:29.241,5,6,1,0,1,1,0,1,1,0,0,1,0,0,0,0,0,1,0,0,1,0,0,0,0,0
CUS_0x4939,16770.6,1488.55,5,6,25,2,33,17,7.44,40,1984.5,30.59925669816989,26.8692093372618,85.71895720106899,316.2668334616692,2023-01-01,2025-10-06 10:48:29.241,10,0,0,1,0,0,0,0,0,1,0,1,0,0,0,0,1,0,0,0,0,0,0,1,0,0
CUS_0x145a,41587.37,3704.614166666666,5,4,3,2,5,7,2.27,40,1353.86,26.19892581796853,68.53991441286563,45.79845680007501,506.12304545372604,2023-01-01,2025-10-06 10:48:29.241,16,6,1,0,0,0,1,0,0,0,0,0,1,0,0,1,0,0,0,0,1,0,0,0,0,0
CUS_0x43f8,14917.845,1522.15375,1,7,6,2,8,3,4.32,90,609.71,24.911796305759875,17.707816121981438,55.60117247258253,368.906386405436,2023-01-01,2025-10-06 10:48:29.241,17,10,0,0,0,0,1,0,0,1,0,0,1,0,0,0,0,0,1,0,0,0,1,0,0,0
CUS_0x846a,111295.16,9209.596666666666,3,4,18,1,29,15,5.23,30,460.37,30.59054093061141,60.23126050311493,64.93875432381739,1035.7896518397342,2023-01-01,2025-10-06 10:48:29.241,24,2,0,0,0,0,0,0,1,0,0,1,0,0,0,0,1,0,0,0,0,1,0,0,0,0
CUS_0xb41f,176020.16,14460.346666666665,1,1,1,2,1,7,7.38,50,82.6,46.771267299809296,165.80429185006358,123.34851987621107,1396.8818549403918,2023-01-01,2025-10-06 10:48:29.241,29,5,1,0,1,0,0,0,0,0,0,0,1,0,0,0,0,0,1,0,0,1,0,0,0,0
CUS_0xb6e3,61533.36,5186.78,821,3,9,5,22,18,11.28,60,1029.35,30.404026075624756,251.5226784698373,72.73006134130796,444.42526018885474,2023-01-01,2025-10-06 10:48:29.241,15,0,0,0,0,0,1,0,0,1,1,1,0,0,0,0,1,0,0,0,1,0,0,0,0,0
CUS_0x7fc3,139144.84,11572.403333333335,2,4,11,3,9,3,1.76,7770,715.98,39.68150508926313,323.1234838791985,807.7134524013381,306.4033970527966,2023-01-01,2025-10-06 10:48:29.241,25,5,0,0,0,1,0,1,1,0,0,0,1,0,0,0,0,0,1,0,0,0,0,1,0,0
CUS_0x950d,28253.72,2460.476666666667,4,6,14,0,18,14,4.93,20,1098.38,32.61456827019208,0.0,160.5481867507434,345.4994799159233,2023-01-01,2025-10-06 10:48:29.241,32,10,0,0,0,0,0,0,0,0,0,0,0,0,0,0,1,0,0,1,0,0,0,0,0,0
CUS_0xb51c,14697.78,1369.815,8,4,19,4,15,19,0.0,80,2172.22,27.3787742622486,5032.0,160.39580493866586,239.3124357884116,2023-01-01,2025-10-06 10:48:29.241,13,11,0,0,1,0,0,0,1,1,1,0,0,0,0,0,1,0,0,0,0,0,1,0,0,0
CUS_0xcf0,76019.68,6602.973333333332,9,6,29,8,13,19,8.44,110,1743.81,35.06588136279111,390.58879943616057,157.84243698363227,351.8660969135405,2023-01-01,2025-10-06 10:48:29.241,7,0,0,1,1,1,1,1,0,1,1,1,0,0,0,0,0,1,0,0,0,1,0,0,0,0
CUS_0x2fab,75804.94,6120.078333333334,0,1,10,3,11,7,7.89,50,330.82,24.348472626018644,141.28944848428245,116.14014033291487,594.5782445161361,2023-01-01,2025-10-06 10:48:29.241,32,4,1,0,1,0,0,0,1,0,0,0,0,0,0,1,0,0,0,0,0,1,0,0,0,0
CUS_0x89ca,45002.48,3485.206666666667,4,7,2,1,29,19,0.0,10,1221.95,35.54102679677835,26.13018928714925,110.91852569059392,461.47195168892364,2023-01-01,2025-10-06 10:48:29.241,18,4,0,0,0,0,0,1,0,0,0,0,1,0,0,0,1,0,0,0,1,0,0,0,0,0
CUS_0x8a3c,116624.4,9633.7,5,5,6,3,30,19,14.67,30,394.94,37.03017168721087,259.7866933766731,528.2089412651949,435.37436535813197,2023-01-01,2025-10-06 10:48:29.241,24,10,0,0,0,0,0,0,1,0,1,1,0,0,0,0,0,0,1,1,0,0,0,0,0,0
CUS_0xaaff,89122.8,7141.9000000000015,7,3,12,1,31,14,8.06,10,331.53,35.686828886669595,57.75937541310339,252.90617264578,715.0170586233578,2023-01-01,2025-10-06 10:48:29.241,26,4,0,0,0,0,0,0,1,0,0,0,1,0,0,0,1,0,0,0,0,1,0,0,0,0
CUS_0xae51,24585.55,2316.795833333333,3,4,14,2,9,14,11.35,10,195.38,31.151160715937134,30.447776935964107,66.07688307379429,405.1549233235749,2023-01-01,2025-10-06 10:48:29.241,27,4,0,1,1,0,0,0,0,0,0,1,0,0,0,0,0,0,1,0,0,0,0,0,1,0
CUS_0x169c,11646.925,1135.5770833333331,7,4,7,0,26,9,4.54,60,782.26,24.48812158019279,0.0,72.28518863901448,311.2725196943188,2023-01-01,2025-10-06 10:48:29.241,32,11,0,0,0,0,0,0,0,0,0,0,1,0,0,1,0,0,0,0,0,0,0,0,1,0
CUS_0x26da,16833.105,1542.75875,5,5,4,0,7,14,7.99,60,35.71,32.24959266438904,51.70293826482851,92.5927476457382,299.98018908943334,2023-01-01,2025-10-06 10:48:29.241,19,9,0,1,0,1,0,0,1,1,0,0,1,0,0,1,0,0,0,0,0,0,1,0,0,0
CUS_0x8034,60226.16,5127.846666666667,4,4,5,0,12,12,2.76,30,873.05,30.794171797055988,0.0,88.70795518051517,664.0767114861517,2023-01-01,2025-10-06 10:48:29.241,20,9,0,0,0,0,0,0,0,0,0,0,1,0,0,1,0,0,0,0,0,1,0,0,0,0
CUS_0x887f,58511.78,5016.981666666667,2,1,2,0,2,5,1.54,20,404.05,36.00990446940918,0.0,77.38963294530234,674.3085337213643,2023-01-01,2025-10-06 10:48:29.241,27,2,0,0,0,0,0,0,0,0,0,0,1,0,0,1,0,0,0,0,1,0,0,0,0,0
CUS_0xa20d,58211.85000000001,4727.9875,8,6,5,4,15,17,3.65,30,901.0,31.108944174470075,152.72749824403644,256.8885128737366,323.182738882227,2023-01-01,2025-10-06 10:48:29.241,32,5,1,0,0,0,1,0,1,0,1,0,1,0,0,1,0,0,0,1,0,0,0,0,0,0
CUS_0x480c,17780.69,1246.7241666666666,7,7,15,7,9,9,9.08,50,2615.51,39.63976453315375,63.94388291602517,86.22888746476946,264.499646285872,2023-01-01,2025-10-06 10:48:29.241,10,2,0,1,1,0,1,1,1,0,0,1,0,0,0,0,1,0,0,0,0,0,1,0,0,0
CUS_0x3ccd,15586.65,1126.8875,4,7,9,3,15,8,17.53,40,207.81,31.522102413122305,27.69331394611537,145.70453031972457,229.29090573416008,2023-01-01,2025-10-06 10:48:29.241,16,9,0,0,0,0,1,0,0,0,1,0,1,0,0,1,0,0,0,0,0,0,1,0,0,0
CUS_0x71a0,155916.32,12869.026666666668,6,6,2,3,0,1,1.26,40,551.8,28.736978295056748,249.104133035628,277.29016272924326,1000.5083709017956,2023-01-01,2025-10-06 10:48:29.241,17,7,0,0,0,1,1,0,0,0,1,0,1,0,0,1,0,0,0,0,0,0,0,0,0,1
CUS_0x9a55,7296.72,840.0600000000002,8,6,29,5,18,12,17.65,130,2567.89,39.4291137711767,30.014600717117123,96.1954501806814,247.7959491022015,2023-01-01,2025-10-06 10:48:29.241,6,6,1,1,1,0,0,1,1,0,0,1,0,0,0,0,0,0,1,0,0,0,1,0,0,0
CUS_0x383d,68845.36,5478.113333333334,4,5,11,2,27,9,7.55,0,456.33,32.688768479769124,99.90013813083004,441.33828465464376,276.57291054785964,2023-01-01,2025-10-06 10:48:29.241,20,9,1,0,1,0,0,0,0,0,0,0,1,0,0,1,0,0,0,0,0,0,0,0,1,0
CUS_0x4854,66012.28,5400.0233333333335,10,9,30,6,47,21,25.47,110,3696.36,29.570504685039005,227.3018600172955,118.05301559401012,444.64745772202775,2023-01-01,2025-10-06 10:48:29.241,14,2,0,0,0,0,1,0,0,1,1,1,0,0,0,0,0,1,0,0,1,0,0,0,0,0
CUS_0x8171,56227.47,4558.6225,8,8,22,5,62,23,31.58,140,2557.06,30.9166061945079,196.6202025202908,424.19580038973197,115.04624708997733,2023-01-01,2025-10-06 10:48:29.241,11,11,0,1,1,0,0,0,1,0,0,1,0,0,0,0,0,1,0,0,0,0,0,1,0,0
CUS_0x4943,89772.84,7636.07,8,3,9,2,13,16,3.15,30,1177.54,27.4588528028888,77.06309666617581,254.19263238273825,712.3512709510858,2023-01-01,2025-10-06 10:48:29.241,22,8,0,0,0,0,1,1,0,0,0,0,1,0,0,0,1,0,0,0,0,0,0,1,0,0
CUS_0xa5e6,130793.12,10957.426666666666,6,6,20,3,20,12,8.36,100,298.13,35.50669780685281,179.25120896010532,639.4698391574656,537.0216185490958,2023-01-01,2025-10-06 10:48:29.241,17,3,0,1,0,1,1,0,0,0,0,1,0,0,0,0,1,0,0,1,0,0,0,0,0,0
CUS_0x3a03,19435.6,1523.6333333333332,5,4,19,4,16,17,10.36,110,730.66,28.73627681845669,44.64073068180964,63.32697983372027,294.39562281780337,2023-01-01,2025-10-06 10:48:29.241,13,4,0,1,0,0,1,0,1,0,1,1,0,0,0,0,1,0,0,0,1,0,0,0,0,0
CUS_0xb1f5,17217.28,1499.9632401865713,7,6,13,0,11,19,18.12,40,395.46,31.39453493555746,129.81009314676206,50.145598686767705,362.8317346465657,2023-01-01,2025-10-06 10:48:29.241,32,4,0,0,0,0,0,0,0,0,0,1,0,0,0,0,1,0,0,0,1,0,0,0,0,0
CUS_0xb3f4,59534.16,5159.18,5,7,20,3,18,16,14.64,60,1350.67,27.466907074447622,143.18346009489682,271.7730924357488,390.9614474693544,2023-01-01,2025-10-06 10:48:29.241,10,8,1,0,0,0,0,1,0,0,0,1,0,0,0,0,1,0,0,0,0,0,1,0,0,0
CUS_0x4cf6,39280.52,3297.376666666666,5,1,9,2,0,2,7.15,40,599.81,36.32891561821421,38.30417245441874,391.99041716041916,189.4430770518288,2023-01-01,2025-10-06 10:48:29.241,23,2,0,0,0,0,1,0,1,0,0,0,1,0,0,0,0,0,1,0,0,0,1,0,0,0
CUS_0x695c,67812.74,5821.061666666667,3,3,8,0,11,2,6.32,80,1321.8,27.65162810690877,0.0,507.672125390391,354.43404127627576,2023-01-01,2025-10-06 10:48:29.241,26,9,0,0,0,0,0,0,0,0,0,0,1,0,0,1,0,0,0,0,0,0,0,1,0,0
CUS_0x7c00,16837.43,1682.1191666666666,3,4,13,2,24,20,11.59,70,1347.95,38.40530400566304,17.070189703874647,64.2506856264303,336.89104133636175,2023-01-01,2025-10-06 10:48:29.241,27,0,0,0,1,1,0,0,0,0,0,0,1,0,0,0,1,0,0,0,1,0,0,0,0,0
CUS_0xbf01,62804.55,5022.7125,6,9,33,7,57,9,16.85,80,1299.59,31.06679593242454,347.56929658565133,131.62827928414347,303.0736741302052,2023-01-01,2025-10-06 10:48:29.241,19,8,1,1,0,1,0,0,0,1,1,1,0,0,0,0,1,0,0,0,0,0,0,1,0,0
CUS_0x553e,113539.44,9276.62,8,4,13,0,29,19,16.83,60,1207.09,42.582110128800224,70266.0,10000.0,1023.0712055275484,2023-01-01,2025-10-06 10:48:29.241,16,4,0,0,0,0,0,0,0,0,0,0,1,0,0,0,1,0,0,0,0,1,0,0,0,0
CUS_0x6752,16313.03,1123.4191666666668,8,6,12,3,12,22,9.03,50,767.42,33.76945426055955,35.9714924603516,126.91593612484891,239.45448808146617,2023-01-01,2025-10-06 10:48:29.241,18,5,0,0,0,0,1,0,1,1,0,0,0,0,0,0,1,0,0,0,0,0,1,0,0,0
CUS_0x8956,43615.2,3420.6,4,6,4230,4,11,9,6.46,70,1030.5,32.84936907750417,128.54998671742212,169.64140462001052,333.86860866256734,2023-01-01,2025-10-06 10:48:29.241,20,9,0,0,0,0,0,1,1,0,1,0,1,0,0,1,0,0,0,0,0,0,1,0,0,0
CUS_0x928f,79621.26,6810.105,8,7,12,3,5,12,8.31,80,1376.01,34.205011762993685,140.04858631208506,353.95684067425765,447.00507301365724,2023-01-01,2025-10-06 10:48:29.241,18,10,0,0,1,1,0,0,1,0,0,1,0,0,0,0,1,0,0,1,0,0,0,0,0,0
CUS_0xc2e2,16891.04,1420.5866666666668,7,7,20,9,54,16,18.5,60,2958.46,24.46133217078871,112.16922220003993,10000.0,234.39715605141086,2023-01-01,2025-10-06 10:48:29.241,4,5,1,0,0,0,1,1,1,1,0,1,0,0,0,0,0,0,1,0,1,0,0,0,0,0
CUS_0x19d1,7110.93,843.5775,7,10,22,4,54,16,9.03,60,2211.24,33.23761065192596,16.98035650258466,14.441136879163508,292.9362566182518,2023-01-01,2025-10-06 10:48:29.241,6,11,0,1,0,1,0,0,1,1,0,1,0,0,0,0,0,1,0,0,0,1,0,0,0,0
CUS_0x1ef5,11189.065,1159.4220833333334,6,3,15,3,24,11,17.09,90,761.18,23.70443943485725,18.439801078717608,119.18885021740624,268.31355703720953,2023-01-01,2025-10-06 10:48:29.241,11,0,0,1,1,0,0,0,0,0,1,1,0,0,0,0,0,0,1,0,0,0,1,0,0,0
CUS_0x65bf,143552.0,11956.666666666664,4,4,8,1,4,3,10.38,10,506.05,33.549305529312484,79.66192634664648,777.082638082435,598.9221022375854,2023-01-01,2025-10-06 10:48:29.241,33,5,0,1,0,0,0,0,0,0,0,0,1,0,0,1,0,0,0,1,0,0,0,0,0,0
CUS_0xc465,19924.14,1911.345,10,7,33,9,17,22,20.14,90,4980.31,40.17265030534311,118.7258469442112,39.14136687101757,273.2672861847712,2023-01-01,2025-10-06 10:48:29.241,0,11,1,1,1,1,1,1,1,0,1,0,0,0,0,0,0,1,0,0,0,1,0,0,0,0
CUS_0x2bfa,11956.285,1127.357083333333,6,6,11,4,30,12,19.75,70,809.11,35.848529937827024,23.83840364626179,48.200280152241,330.69702453483063,2023-01-01,2025-10-06 10:48:29.241,17,11,0,1,0,1,0,1,0,0,0,1,0,0,0,0,1,0,0,0,0,0,0,0,0,1
CUS_0x710b,47958.76,3756.563333333334,6,4,7,3,30,9,9.3,30,180.73,36.37788643428279,93.07742991328792,84.99584832434685,447.58305509569857,2023-01-01,2025-10-06 10:48:29.241,28,4,1,0,0,1,0,0,0,1,0,0,1,0,0,1,0,0,0,0,1,0,0,0,0,0
CUS_0x8376,32446.8,2722.9,8,6,11,1,29,11,5.11,30,395.19,38.73464816152782,18.11580498842269,153.47525369893316,360.6989413126442,2023-01-01,2025-10-06 10:48:29.241,33,4,1,0,0,0,0,0,0,0,0,0,1,0,0,0,1,0,0,1,0,0,0,0,0,0
CUS_0x9c67,30536.62,2430.718333333333,6,6,7,2,19,8,9.33,40,687.87,40.20422820455028,42.97244101951375,227.98843306358486,262.11095925023466,2023-01-01,2025-10-06 10:48:29.241,15,11,0,1,0,0,0,0,0,0,0,1,0,0,0,0,1,0,0,0,0,0,1,0,0,0
CUS_0xbd1f,31902.65,2690.554166666667,5,6,9,1,30,18,7.87,30,413.34,37.097860287235925,18.2889768612092,74.45666721334166,426.30977259211596,2023-01-01,2025-10-06 10:48:29.241,22,6,0,0,0,0,0,0,1,0,0,0,0,0,0,0,1,0,0,0,1,0,0,0,0,0
CUS_0x703f,65778.22,5561.5183333333325,5,3,11,4,26,18,11.6,60,705.44,31.106051302332865,172.53053327914932,90.12282122326977,543.4984788309143,2023-01-01,2025-10-06 10:48:29.241,16,10,1,0,1,1,0,0,0,1,0,0,1,0,0,0,1,0,0,0,1,0,0,0,0,0
CUS_0x36b3,12679.725,1228.64375,7,3,6,4,16,14,9.84,10,1226.77,36.44954574831182,17653.0,112.25390454923279,267.2569598698999,2023-01-01,2025-10-06 10:48:29.241,28,3,1,0,0,0,1,1,0,0,0,0,1,0,0,0,0,0,1,0,0,0,1,0,0,0
CUS_0x64b8,7160.835,431.73625,10,9,16,5,28,18,9.51,110,1285.23,38.82627768407896,25.072510005662604,27.127270856357697,280.9738441379797,2023-01-01,2025-10-06 10:48:29.241,20,2,1,0,0,1,1,1,0,1,0,0,0,0,0,0,1,0,0,0,0,0,1,0,0,0
CUS_0x9154,67342.76,5327.8966666666665,6,10,23,5,18,19,9.24,140,4089.06,36.68675917303772,236.6128909443691,164.52305419460058,381.65372152769714,2023-01-01,2025-10-06 10:48:29.241,2,8,0,0,0,0,1,1,0,1,1,1,0,0,0,0,0,1,0,0,1,0,0,0,0,0
CUS_0x9273,41009.96,3671.4966666666655,0,3,3,1,14,6,6.19,20,476.59,40.03917819610093,28.792260710584927,196.8759489256424,431.4814570304394,2023-01-01,2025-10-06 10:48:29.241,18,0,0,0,0,0,1,0,0,0,0,0,1,0,0,1,0,0,0,0,0,0,1,0,0,0
CUS_0xa203,46113.81,3953.8175,7,5,24,2,19,12,11.77,90,2530.66,24.34803300908526,55.775947048868936,287.17096371259083,332.4348392385403,2023-01-01,2025-10-06 10:48:29.241,15,10,0,0,0,0,0,0,0,0,1,1,0,0,0,0,1,0,0,0,0,0,0,1,0,0
CUS_0xc5e8,55596.12,4463.01,10,6,15,5,38,21,2.45,100,4331.18,23.47269010216916,202.39291207030445,90.3445108789757,393.5635770507199,2023-01-01,2025-10-06 10:48:29.241,4,11,1,1,0,1,0,0,1,0,1,1,0,0,0,0,0,0,1,0,0,0,0,0,0,1
CUS_0x9e02,42435.63,3657.3025,8,6,25,8,13,25,23.38,100,4656.19,34.60975389344654,281.501149373941,53.63841628239185,280.59068434366714,2023-01-01,2025-10-06 10:48:29.241,1,5,0,1,1,1,1,0,0,1,1,0,0,0,0,0,0,1,0,0,1,0,0,0,0,0
CUS_0x5fe9,122503.12,9982.593333333332,3,7,7,0,29,17,6.32,50,333.32,31.91278139254644,0.0,173.21076709672113,1065.0485662366125,2023-01-01,2025-10-06 10:48:29.241,17,8,0,0,0,0,0,0,0,0,0,0,1,0,0,0,0,0,1,0,0,0,0,0,0,1
CUS_0x63d,19566.15,1888.5125,5,7,5,7,5,9,7.93,80,556.73,32.35308082030242,31546.0,67.4097579808544,343.0817551053225,2023-01-01,2025-10-06 10:48:29.241,9,8,0,1,0,0,1,0,1,0,1,1,0,0,0,0,0,0,1,0,0,0,0,1,0,0
CUS_0xb437,61169.81999999999,4996.485,5,4,6,0,6,15,8.85,30,1144.88,27.96458123264604,59415.0,162.80327181040263,586.8452281895974,2023-01-01,2025-10-06 10:48:29.241,22,5,0,0,0,0,0,0,0,0,0,0,1,0,0,1,0,0,0,0,1,0,0,0,0,0
CUS_0x5f55,14295.47,1392.289166666667,6,7,19,6,45,853,17.33,80,4509.55,31.411180023932616,55.68921870525814,95.81882387013918,257.72087409126937,2023-01-01,2025-10-06 10:48:29.241,3,6,1,0,1,0,0,1,1,1,1,1,0,0,0,0,0,0,1,0,0,0,0,0,1,0
CUS_0xed8,15847.06,1560.5883333333334,4,4,8,6,26,11,10.78,100,412.71,35.95457245165383,45.68108361042367,10000.0,240.91220539681208,2023-01-01,2025-10-06 10:48:29.241,8,6,0,1,0,0,0,1,1,1,1,1,0,0,0,0,1,0,0,0,0,0,1,0,0,0
CUS_0x527f,114300.32,9644.026666666668,7,6,5,1,20,10,10.09,80,518.86,36.96624283197149,61.82523529641322,477.21560329658854,705.361828073665,2023-01-01,2025-10-06 10:48:29.241,16,9,0,0,0,0,0,0,0,0,1,1,0,0,0,0,0,0,1,0,0,0,0,1,0,0
CUS_0x5999,58537.38,4688.115,7,5,19,4,19,10,11.11,50,259.63,24.09669236559614,105.85330620963568,93.4711621276065,509.4870316627579,2023-01-01,2025-10-06 10:48:29.241,23,3,0,0,0,0,0,1,1,1,1,0,1,0,0,0,0,0,1,0,0,1,0,0,0,0
CUS_0xc38a,35774.38,2777.1983333333333,1,6,10,3,2,3,11.53,0,489.73,25.96827037876573,52.33145894300597,245.7901238409416,269.5982505493858,2023-01-01,2025-10-06 10:48:29.241,26,11,0,1,0,1,0,0,0,1,0,0,1,0,0,1,0,0,0,0,0,0,1,0,0,0
CUS_0x8a6e,16866.5,1615.541666666667,4,4,19,1,27,12,1.31,60,1385.89,34.517941693786995,8.540130456032621,93.82043654568749,349.1935996649466,2023-01-01,2025-10-06 10:48:29.241,28,11,0,0,0,0,0,0,1,0,0,0,1,0,0,0,1,0,0,0,0,0,0,0,0,1
CUS_0x8d21,58518.0,4792.5,10,10,33,4,50,21,15.56,90,2006.6,25.22307743887061,188.40107706434077,105.03894929498213,425.8099736406772,2023-01-01,2025-10-06 10:48:29.241,8,10,0,1,0,0,0,0,1,1,1,1,0,0,0,0,0,0,1,0,0,1,0,0,0,0
CUS_0x3a3d,30555.87,2776.3225,2,6,11,0,0,9,7.33,50,418.79,35.35793602866421,0.0,128.47526139849538,439.15698860150457,2023-01-01,2025-10-06 10:48:29.241,22,10,0,0,0,0,0,0,0,0,0,0,1,0,0,1,0,0,0,0,0,0,1,0,0,0
CUS_0x4327,86668.74,7021.395,3,5,1,4,0,4,3.43,70,1433.89,42.18564391374719,249.2407532552697,10000.0,536.4602324695467,2023-01-01,2025-10-06 10:48:29.241,19,5,0,1,0,0,0,1,0,0,1,0,1,0,0,1,0,0,0,0,0,0,0,0,0,1
CUS_0x8065,14516.4,1134.7,8,5,23,9,57,16,16.39,60,3980.41,38.28331498919223,77.70588980506056,46.30124252288989,244.53821111678872,2023-01-01,2025-10-06 10:48:29.241,6,10,1,0,1,1,1,1,0,1,1,1,0,0,0,0,0,1,0,0,0,0,0,1,0,0
CUS_0x9435,96027.16,7723.263333333332,7,3,15,0,20,19,3.42,30,726.75,38.95666325866428,0.0,67.14260728798256,945.1837260453508,2023-01-01,2025-10-06 10:48:29.241,17,2,0,0,0,0,0,0,0,0,0,0,0,0,0,0,0,0,1,0,0,1,0,0,0,0
CUS_0xac7c,117588.2,9691.016666666666,8,5,15,4,19,14,3.2,40,324.4,33.646043452947886,216.46828558504689,145.7602763279363,846.8731047536835,2023-01-01,2025-10-06 10:48:29.241,28,8,0,0,0,1,1,0,0,1,1,0,1,0,0,0,1,0,0,0,0,1,0,0,0,0
CUS_0xadb8,17227.16,1398.5966666666666,8,6,22,6,48,15,7.52,110,2086.83,31.48292051931721,69.89030850526585,68.18986452412297,291.77949363727777,2023-01-01,2025-10-06 10:48:29.241,8,9,1,0,0,1,1,1,0,1,0,1,0,0,0,0,0,1,0,0,0,0,1,0,0,0
CUS_0x6f4a,88602.0,7167.5,6,4,15,2,14,12,6.43,40,74.12,23.850885007915146,94.56080896435697,930.0844110173047,579.5427507485722,2023-01-01,2025-10-06 10:48:29.241,20,5,0,0,0,0,1,0,0,1,0,0,1,0,0,0,1,0,0,0,0,0,1,0,0,0
CUS_0x37a1,63439.24,5285.6033333333335,5,5,7,3,10,16,16.21,50,1459.32,40.25421575695611,84.59565932481128,10000.0,324.9596553075744,2023-01-01,2025-10-06 10:48:29.241,21,3,0,1,0,0,0,0,1,0,0,1,0,0,0,0,1,0,0,0,0,0,0,1,0,0
CUS_0x6701,79510.95000000001,6805.912500000001,6,3,5,6,30,9,12.24,80,666.47,37.20985320880156,315.6639373192083,181.66264934014447,433.26466334064753,2023-01-01,2025-10-06 10:48:29.241,6,0,0,1,1,1,1,0,1,0,0,1,0,0,0,0,1,0,0,0,1,0,0,0,0,0
CUS_0xa65,51647.06999999999,4305.9225,6,8,19,0,49,14,12.46,150,2121.25,40.48303325795225,117.72706702674743,232.59210405565705,370.2730789175955,2023-01-01,2025-10-06 10:48:29.241,10,4,0,0,1,0,0,0,0,0,1,1,0,0,0,0,1,0,0,0,0,0,1,0,0,0
CUS_0xa8c6,60759.54,5031.295,5,4,7,4,10,13,7.76,60,128.17,39.35749376475447,155.52552098263652,291.2594622749883,326.34451674237516,2023-01-01,2025-10-06 10:48:29.241,24,2,0,1,1,0,0,0,1,0,1,0,0,0,0,0,1,0,0,0,0,0,0,0,1,0
CUS_0x1297,57738.06,4881.505,9,8,30,9,61,24,14.27,110,3916.47,25.74214265617326,296.2841357039575,53.82117764831425,388.04518664772837,2023-01-01,2025-10-06 10:48:29.241,13,8,1,0,1,1,0,1,1,1,0,1,0,0,0,0,0,1,0,0,1,0,0,0,0,0
CUS_0x292d,37261.78,3029.682948601743,5,4,2,1,16,1,10.72,50,1106.94,29.081344235302176,360.4289519887702,93.16839351449995,493.9828725616536,2023-01-01,2025-10-06 10:48:29.241,32,0,0,0,0,0,1,0,0,0,0,0,1,0,0,1,0,0,0,0,0,0,0,1,0,0
CUS_0x2a7d,15829.875,1065.3333246994482,4,2,4,1,10,2,2.7,70,968.61,35.17152764336807,183.5424602411336,122.72721252881296,274.7688775306052,2023-01-01,2025-10-06 10:48:29.241,20,3,0,0,0,0,0,1,0,0,0,0,1,0,0,1,0,0,0,0,0,0,0,1,0,0
CUS_0x4a24,15835.495,1107.6245833333337,4,4,5,3,17,20,5.92,0,16.42,26.81773028320412,30.70756522388905,38.062554431254284,321.9923386781901,2023-01-01,2025-10-06 10:48:29.241,27,10,0,1,0,0,0,0,1,0,0,0,1,0,0,1,0,0,0,0,0,0,0,1,0,0
CUS_0x6d4,8610.765,888.5637499999998,5,7,5,3,27,11,23.17,130,1426.95,28.44369036657072,14.965694679620729,25.876735641856452,308.0139446785228,2023-01-01,2025-10-06 10:48:29.241,18,4,1,0,1,1,0,0,0,0,0,1,0,0,0,0,1,0,0,1,0,0,0,0,0,0
CUS_0x8983,60122.68,5004.223333333333,2,5,8,0,5,12,11.73,50,1200.67,39.49888316855549,0.0,150.85818585416303,609.5641474791702,2023-01-01,2025-10-06 10:48:29.241,15,11,0,0,0,0,0,0,0,0,0,0,0,0,0,1,0,0,0,0,0,0,0,0,0,1
CUS_0x9805,57913.84,5014.153333333333,10,10,27,6,30,23,21.77,90,4187.48,30.82244498204273,272.43995680008334,86.76083844439167,382.2145380888583,2023-01-01,2025-10-06 10:48:29.241,9,4,0,0,1,1,1,0,1,0,1,1,0,0,0,0,0,0,1,0,0,1,0,0,0,0
CUS_0x6034,28838.96,2379.2466666666664,3,1,10,1,1,9,4.45,50,221.7,30.170499833498678,21.19455447546845,85.89447468493161,380.8356375062666,2023-01-01,2025-10-06 10:48:29.241,31,3,0,0,1,0,0,0,0,0,0,0,1,0,0,1,0,0,0,0,1,0,0,0,0,0
CUS_0xad1d,20022.29,1607.5241666666668,7,6,21,7,29,19,19.4,70,4697.06,30.85201684389475,100.84400410402928,59.583987604662894,290.3244249579745,2023-01-01,2025-10-06 10:48:29.241,4,5,1,0,1,1,0,0,1,1,1,1,0,0,0,0,0,1,0,0,0,0,1,0,0,0
CUS_0xe84,18521.71,1613.0563854028107,10,7,19,9,24,22,9.07,90,3397.76,40.03618247562064,58181.0,10000.0,297.98023771687025,2023-01-01,2025-10-06 10:48:29.241,1,6,1,1,1,0,0,0,1,1,1,1,0,0,0,0,0,0,1,0,0,1,0,0,0,0
CUS_0x51c9,105565.71,8813.1425,7,3,7,0,13,18,13.63,90,1024.88,36.65830770545668,0.0,166.04567675305645,955.2685732469437,2023-01-01,2025-10-06 10:48:29.241,10,2,0,0,0,0,0,0,0,0,0,1,0,0,0,0,0,0,1,0,0,1,0,0,0,0
CUS_0xb67c,3031039.0,3984.961666666666,1,4,11,2,0,6,2.28,30,833.1,27.270682333226,48.88539432392788,378.35150155655975,251.25927078617906,2023-01-01,2025-10-06 10:48:29.241,19,11,0,0,1,0,0,0,0,0,1,0,1,0,0,0,0,0,1,0,0,0,0,1,0,0
CUS_0xb745,60515.32,5148.943333333334,7,6,5,1,12,8,3.35,70,1357.57,29.844044422287173,34.489544685295726,662.8932766917217,107.51151195631608,2023-01-01,2025-10-06 10:48:29.241,29,11,0,0,1,0,0,0,0,0,0,0,0,0,0,1,0,0,0,0,0,0,1,0,0,0
CUS_0x43c5,63149.2,5121.433333333333,7,10,19,6,17,18,27.02,100,3656.46,33.133250351852844,233.6021768072559,218.874503886572,349.6666526395054,2023-01-01,2025-10-06 10:48:29.241,6,9,0,1,0,1,1,0,0,1,0,1,0,0,0,0,0,1,0,0,0,0,1,0,0,0
CUS_0x988c,29101.85,2485.1541666666667,6,3,5,0,21,9,4.77,90,1465.87,24.150347516690548,0.0,45.265860832851466,453.2495558338152,2023-01-01,2025-10-06 10:48:29.241,24,0,0,0,0,0,0,0,0,0,0,0,1,0,0,0,1,0,0,0,1,0,0,0,0,0
CUS_0x1630,1.7706148E7,6943.133333333334,4,6,10,6,9,10,16.55,50,377.05,32.08662335207269,340.2877299893213,396.248174376382,237.77742896763016,2023-01-01,2025-10-06 10:48:29.241,11,2,0,0,0,1,1,1,0,0,1,1,0,0,0,0,1,0,0,0,0,0,0,1,0,0
CUS_0x3379,8884.17,874.3475,10,6,16,6,62,20,8.5,100,2143.45,31.96737959423652,29.38971439310025,51.28735869819678,296.757676908703,2023-01-01,2025-10-06 10:48:29.241,15,10,0,0,0,0,1,1,1,1,0,1,0,0,0,0,0,1,0,0,0,0,1,0,0,0
CUS_0x4472,70554.22,5856.5183333333325,4,3,10,2,7,15,6.29,30,908.62,33.68630004549346,73.22638529125823,438.46091983589713,353.964528206178,2023-01-01,2025-10-06 10:48:29.241,24,4,0,0,1,0,0,0,1,0,0,0,0,0,0,0,1,0,0,0,0,0,0,1,0,0
CUS_0x8031,56990.6,4865.216666666666,7,7,21,9,18,21,3.12,23890,2124.28,36.43808805335533,305.72430259992217,112.30849057279251,308.48887349395187,2023-01-01,2025-10-06 10:48:29.241,8,4,1,0,1,1,1,0,1,1,0,1,0,0,0,0,0,0,1,0,0,1,0,0,0,0
CUS_0xa6d9,96826.96,7933.913333333334,8,5,7,0,13,19,8.76,50,1290.07,25.98308652727739,0.0,369.7411273250808,683.6502060082527,2023-01-01,2025-10-06 10:48:29.241,26,2,0,0,0,0,0,0,0,0,0,0,0,0,0,0,1,0,0,1,0,0,0,0,0,0
CUS_0xc305,42098.93,3220.244166666667,4,6,3,3,26,7,11.73,50,936.45,35.40127710661144,63.69184782525466,165.25175323645328,373.08081560495873,2023-01-01,2025-10-06 10:48:29.241,19,9,0,0,0,1,1,0,0,0,1,0,1,0,0,1,0,0,0,0,0,0,0,1,0,0
CUS_0x40d0,60462.44,5081.536666666667,7,7,26,7,40,17,8.19,100,1432.13,31.818198174421426,319.7903879031772,355.5141781448291,102.84910061866049,2023-01-01,2025-10-06 10:48:29.241,7,11,0,0,0,0,1,1,1,1,1,0,0,0,0,0,1,0,0,0,0,0,0,0,1,0
CUS_0x1c39,18205.45,1480.1208333333334,2,5,7,1,1,9,1.78,70,1042.25,35.34065425549447,12.472030306534936,63.31807971207152,362.2219733147269,2023-01-01,2025-10-06 10:48:29.241,28,2,0,0,1,0,0,0,0,0,0,0,1,0,0,0,0,0,1,0,0,0,1,0,0,0
CUS_0x7c13,19181.27,1470.4391666666668,10,7,29,8,45,22,8.6,120,2404.0,22.53409570042473,117.52975474737563,85.34863819022532,214.1655237290657,2023-01-01,2025-10-06 10:48:29.241,9,3,0,1,1,0,0,0,1,1,0,1,0,0,0,0,0,1,0,0,0,0,0,0,1,0
CUS_0x97bd,8736.19,639.0158333333334,4,5,29,3,8,19,11.25,40,1895.45,34.39470048713384,32292.0,53.31200556083568,273.92331449846216,2023-01-01,2025-10-06 10:48:29.241,11,8,0,1,1,0,0,1,0,0,0,1,0,0,0,0,0,0,1,0,0,0,0,1,0,0
CUS_0xc60e,31722.09,2577.5075,7,5,9,1,7,15,1.74,50,401.31,38.08347179774981,25.43561403618897,50.532234919906166,421.7829010439049,2023-01-01,2025-10-06 10:48:29.241,31,5,0,0,0,0,0,0,1,0,0,0,1,0,0,1,0,0,0,0,0,1,0,0,0,0
CUS_0xa52,80892.92,6767.076666666668,565,4,23,6,9,12,14.11,110,1701.02,31.134662154562665,250.5471427140596,121.67640671684823,544.484117235759,2023-01-01,2025-10-06 10:48:29.241,7,2,1,1,0,0,0,0,0,1,0,1,0,0,0,0,0,0,1,0,0,1,0,0,0,0
CUS_0x5225,14089.4,1046.1166666666666,8,9,26,9,57,25,19.9,110,4118.73,32.78294723659268,102.648590942753,105.10004266112793,186.86303306278572,2023-01-01,2025-10-06 10:48:29.241,1,9,0,1,1,0,1,1,1,1,1,0,0,0,0,0,0,1,0,0,0,0,0,0,0,1
CUS_0x3539,43391.96,3688.9966666666655,1,5,10,0,11,6,10.72,50,1468.28,38.176459000086325,0.0,362.81039888957434,286.08926777709235,2023-01-01,2025-10-06 10:48:29.241,24,2,0,0,0,0,0,0,0,0,0,0,1,0,0,1,0,0,0,0,0,0,0,1,0,0
CUS_0x6850,46174.58,3652.881666666666,8,3,4,3,13,8,1.97,60,1268.49,40.97862469837369,99.83624426051595,130.75519860211796,424.69672380403284,2023-01-01,2025-10-06 10:48:29.241,21,8,0,0,0,1,1,1,0,0,0,0,1,0,0,1,0,0,0,0,0,0,1,0,0,0
CUS_0x7cb9,92705.84,7957.486666666668,8,7,11,0,8,12,9.81,0,633.13,34.54195615184809,0.0,160.30025201951852,875.4484146471483,2023-01-01,2025-10-06 10:48:29.241,16,4,0,0,0,0,0,0,0,0,0,0,1,0,0,1,0,0,0,0,0,1,0,0,0,0
CUS_0xa422,92067.99,7455.3325,4,4,18,2,24,13,7.81,60,1398.94,34.18417268722752,152.65163749298694,613.4823616326357,259.39925087437746,2023-01-01,2025-10-06 10:48:29.241,26,8,0,0,1,1,0,0,0,0,0,1,0,0,0,0,1,0,0,0,0,0,0,1,0,0
CUS_0x472b,29661.64,2377.8033333333333,6,6,11,0,18,16,12.5,100,347.44,35.361058349495444,114.1498903075758,60.35717830332838,303.2732647224292,2023-01-01,2025-10-06 10:48:29.241,7,7,0,1,1,1,0,0,1,0,0,1,0,0,0,0,1,0,0,0,0,1,0,0,0,0
CUS_0x6120,59207.56,5176.963333333333,6,10,29,7,31,22,22.61,70,4831.4,37.02100324948466,187.1637870165593,278.49612230350624,332.03642401326783,2023-01-01,2025-10-06 10:48:29.241,5,6,1,1,1,0,0,0,0,1,0,1,0,0,0,0,0,1,0,0,0,0,0,1,0,0
CUS_0x7c01,93220.71,7647.392499999999,3,7,9,5,12,20,9.25,80,200.89,34.906078181943805,238.28726924085709,313.09701525029567,463.3549655088472,2023-01-01,2025-10-06 10:48:29.241,13,6,1,0,1,0,1,0,0,0,0,1,0,0,0,0,1,0,0,0,1,0,0,0,0,0
CUS_0x7dfb,75881.16,6535.43,10,6,2565,6,32,21,9.94,110,2321.23,23.43467186950162,232.38471755649792,509.8968822571808,191.26140018632142,2023-01-01,2025-10-06 10:48:29.241,10,9,0,0,1,1,0,1,0,1,1,0,0,0,0,0,0,0,1,0,0,0,0,1,0,0
CUS_0x15ad,82316.18,6625.681666666666,0,5,4,3,23,12,11.0,20,42.98,31.78869229605427,133.89375865962722,161.2076553336561,607.4667526733832,2023-01-01,2025-10-06 10:48:29.241,18,4,0,0,0,0,1,0,0,1,1,0,1,0,0,1,0,0,0,0,0,1,0,0,0,0
CUS_0x3274,32766.46,2499.538333333333,4,7,9,0,30,11,10.1,100,521.1,33.60741346813408,54.0556188463124,90.17379502143308,355.72441946558786,2023-01-01,2025-10-06 10:48:29.241,17,3,1,0,0,0,1,1,0,0,0,0,0,0,0,0,0,0,1,0,1,0,0,0,0,0
CUS_0x55f0,51682.08,4415.84,7,5,18,7,30,18,14.08,60,382.05,35.26898855357704,224.33559918633668,177.81549530519138,289.432905508472,2023-01-01,2025-10-06 10:48:29.241,18,2,0,0,1,0,1,1,1,1,1,1,0,0,0,0,0,0,1,0,1,0,0,0,0,0
CUS_0xb8b9,28896.84,2151.07,7,7,30,0,52,18,12.25,100,2131.92,23.9986230834936,93.79526933695531,77.58670770490919,323.72502295813547,2023-01-01,2025-10-06 10:48:29.241,14,6,0,1,0,1,0,1,1,0,1,0,0,0,0,0,1,0,0,0,0,0,0,1,0,0
CUS_0xc063,14403.39,922.2825,5,4,8,3,11,12,15.98,40,2630.82,29.745788595647497,23.30431520748057,114.09695834553324,244.82697644698615,2023-01-01,2025-10-06 10:48:29.241,14,8,1,0,0,0,0,0,0,0,0,1,0,0,0,0,1,0,0,0,0,0,1,0,0,0
CUS_0x2abc,13864.835,949.4029166666668,3,3,9,1,10,14,14.65,10,554.13,31.09827448708762,10.4203932786846,59.22518630176615,295.29471208621584,2023-01-01,2025-10-06 10:48:29.241,30,0,1,0,0,0,0,0,0,0,0,1,0,0,0,0,1,0,0,0,0,0,0,0,1,0
CUS_0x1733,46696.02,3811.3350000000014,8,4,33,3,12,19,15.02,130,1595.76,34.61613440604157,89.91109044134481,196.77212001866883,354.4502895399865,2023-01-01,2025-10-06 10:48:29.241,18,10,0,1,1,1,0,0,0,0,0,1,0,0,0,0,1,0,0,1,0,0,0,0,0,0
CUS_0x1c9c,64425.78,5254.815,1,3,8,4,6,8,2.69,10,711.1,32.61044711910465,165.5650526321974,318.7564697589893,331.15997760881316,2023-01-01,2025-10-06 10:48:29.241,25,7,0,0,0,1,0,0,1,0,1,0,1,0,0,1,0,0,0,0,0,0,1,0,0,0
CUS_0x2ea8,116780.6,9854.716666666667,5,6,19,0,14,10,17.93,10,550.61,33.67486046290044,280.9791686577096,587.9850764847631,386.5074215241941,2023-01-01,2025-10-06 10:48:29.241,32,10,0,0,0,1,1,0,1,0,0,1,0,0,0,0,0,0,1,0,0,0,0,0,1,0
CUS_0x2f1d,15139.13,1459.5941666666663,7,7,17,7,39,19,15.02,110,3168.37,37.54433541455754,79.27214726816017,132.76402807415553,203.9232413243509,2023-01-01,2025-10-06 10:48:29.241,7,8,0,1,1,1,1,0,0,0,1,1,0,0,0,0,0,1,0,0,0,0,0,0,1,0
CUS_0x44e0,91426.95,7840.912500000001,7,3,14,103,15,17,4.29,30,1011.38,27.887093920526127,0.0,279.12669696729665,784.9645530327034,2023-01-01,2025-10-06 10:48:29.241,32,2,0,0,0,0,0,0,0,0,0,0,0,0,0,0,0,0,1,0,0,0,0,1,0,0
CUS_0x9bef,31641.76,2388.813333333333,5,2,3,0,2,9,8.06,50,1277.7,33.43234034574728,0.0,98.10747293682276,390.77386039651054,2023-01-01,2025-10-06 10:48:29.241,18,0,0,0,0,0,0,0,0,0,0,0,1,0,0,1,0,0,0,0,1,0,0,0,0,0
CUS_0xa0c,16897.53,1165.1274999999996,5,4,25,4,27,21,8.85,160,2322.35,32.83128050306858,50.24334519531418,18.97866692975579,297.29073787492996,2023-01-01,2025-10-06 10:48:29.241,13,10,0,1,0,0,1,0,1,0,0,1,0,0,0,0,1,0,0,0,1,0,0,0,0,0
CUS_0x21dc,130125.04,10871.753333333332,5,2,11,2,3,0,3.82,30,1195.05,30.53285250716433,204.2856497535492,300.6989489936758,1009.3231405045562,2023-01-01,2025-10-06 10:48:29.241,16,6,1,0,0,0,0,0,0,0,1,0,1,0,0,1,0,0,0,0,0,1,0,0,0,0
CUS_0x52a5,35908.74,3149.395,4,4,10,2,6,17,10.08,50,613.93,26.25985458105018,53.98229466349793,223.88121825491436,307.07598708158775,2023-01-01,2025-10-06 10:48:29.241,7,3,0,0,1,1,0,0,0,0,0,1,0,0,0,0,1,0,0,0,0,0,0,0,1,0
CUS_0xde2,106157.0,8836.416666666666,3,5,11,3,6,20,14.73,90,1231.03,35.46164433626121,219.24890259765857,350.0682453153265,564.3245187536817,2023-01-01,2025-10-06 10:48:29.241,18,10,0,0,1,0,0,1,0,0,1,1,0,0,0,0,1,0,0,0,1,0,0,0,0,0
CUS_0x205c,28836.83,2269.0691666666667,7,4,16,0,20,13,12.71,80,667.56,28.247644241081773,0.0,213.93592638551388,302.9709902811528,2023-01-01,2025-10-06 10:48:29.241,17,5,0,0,0,0,0,0,0,0,0,0,0,0,0,0,0,0,1,0,0,0,1,0,0,0
CUS_0x2fd6,41933.1,3726.425,8,10,24,3,42,27,0.6399999999999997,170,2034.22,24.989996292578866,64.59604055008647,38.37515480657826,509.67130464333525,2023-01-01,2025-10-06 10:48:29.241,12,6,0,0,0,1,1,0,1,0,0,1,0,0,0,0,0,0,1,0,0,1,0,0,0,0
CUS_0x7b90,65588.1,4813.717402541748,7,4,11,3,18,20,0.0,0,1292.14,24.102129671625537,609.0231125546603,485.4374406758539,203.56454422773785,2023-01-01,2025-10-06 10:48:29.241,31,3,1,0,1,0,1,0,0,0,0,0,1,0,0,1,0,0,0,0,0,0,0,0,1,0
CUS_0x89d3,7711.54,779.6283333333333,8,7,24,9,62,21,17.27,70,2929.44,38.15859549295155,44.85358882628884,32.46297714032639,290.6462673667181,2023-01-01,2025-10-06 10:48:29.241,3,2,1,1,0,1,1,0,1,1,1,1,0,0,0,0,0,1,0,0,0,0,1,0,0,0
CUS_0x24c3,84602.38,6800.198333333334,2,4,11,0,5,12,7.5,30,806.02,39.886278411029885,0.0,108.47054971838979,811.5492836149435,2023-01-01,2025-10-06 10:48:29.241,32,4,0,0,0,0,0,0,0,0,0,0,1,0,0,1,0,0,0,0,0,1,0,0,0,0
CUS_0x37b2,20961.365,1898.780416666667,4,1,1,2,0,11,12.41,30,103.28,32.0415010828057,17.524628532900177,59.60286902364589,362.75054411012064,2023-01-01,2025-10-06 10:48:29.241,31,6,0,0,0,0,1,1,0,0,0,0,1,0,0,1,0,0,0,0,1,0,0,0,0,0
CUS_0x4d05,147996.72,12395.06,2,4,6,3,5,9,2.19,20,248.16,33.34121237423256,197.1329511565032,250.7940485229556,1031.5790003205414,2023-01-01,2025-10-06 10:48:29.241,23,10,1,0,0,1,1,0,0,0,0,0,1,0,0,1,0,0,0,0,0,1,0,0,0,0
CUS_0x962f,97838.31,8150.1925,0,3,4,1,6,5,7.77,30,56.47,39.88084719617604,74.84749497377781,309.98136939078233,680.1903856354401,2023-01-01,2025-10-06 10:48:29.241,16,0,0,1,0,0,0,0,0,0,0,0,1,0,0,1,0,0,0,0,1,0,0,0,0,0
CUS_0x114a,15305.46,1230.455,0,7,2,2,14,2,15.95,0,642.42,27.52511297681479,20.301653868439384,64.77848007633177,327.96536605522886,2023-01-01,2025-10-06 10:48:29.241,15,9,0,0,0,0,0,1,1,0,0,0,1,0,0,1,0,0,0,0,0,0,1,0,0,0
CUS_0x48ae,144037.08,12222.089999999998,6,6,9,2,27,10,10.92,30,696.67,38.42880288411733,74503.0,188.5204814165997,1048.0496874303649,2023-01-01,2025-10-06 10:48:29.241,29,5,0,0,1,0,0,0,0,0,1,0,1,0,0,0,1,0,0,0,1,0,0,0,0,0
CUS_0x416f,169481.08,14408.423333333332,3,2,10,2,13,12,0.95,40,645.14,30.13498855431236,168.92834689265428,365.5375500402121,1166.3764364004671,2023-01-01,2025-10-06 10:48:29.241,17,4,0,0,1,1,0,0,0,0,0,0,1,0,0,0,0,0,1,1,0,0,0,0,0,0
CUS_0x7373,44689.77,3741.1475000000014,6,6,20,7,8,12,8.31,70,2319.8,26.858881114702022,202.06108052742184,502.8256545066619,331.5336508743053,2023-01-01,2025-10-06 10:48:29.241,14,0,0,0,0,0,0,1,1,1,1,1,0,0,0,0,0,0,1,0,0,0,1,0,0,0
CUS_0x92f0,17496.35,1495.0291666666665,3,4,19,5,11,15,9.59,120,1283.15,27.03548574725132,47.41790563185753,50.7062881044106,321.3787229303985,2023-01-01,2025-10-06 10:48:29.241,7,3,0,0,0,1,0,0,1,0,1,1,0,0,0,0,0,0,1,0,0,0,0,0,1,0
CUS_0x58bf,15039.8,1458.3166666666666,6,7,13,6,14,18,12.56,80,1641.56,33.6594849121882,44.3816698302161,115.52819965921246,265.9217971772381,2023-01-01,2025-10-06 10:48:29.241,5,11,0,1,1,1,1,1,0,0,1,1,0,0,0,0,0,0,1,0,0,0,0,1,0,0
CUS_0x5c9f,19890.19,1541.5158333333331,6,5,27,6,33,20,0.0,70,3028.06,30.73774646724414,54.9326367649108,132.84655521727785,256.37239135114464,2023-01-01,2025-10-06 10:48:29.241,9,5,1,1,1,0,0,1,1,0,0,1,0,0,0,0,0,1,0,0,0,0,1,0,0,0
CUS_0x7c66,8507.27,779.9391666666667,7,535,17,8,26,22,2.22,60,1409.04,39.33427691987402,42.84444050925079,93.773697310381,231.37577884703492,2023-01-01,2025-10-06 10:48:29.241,20,2,1,0,1,0,0,0,1,1,0,1,0,0,0,0,0,1,0,0,0,0,1,0,0,0
CUS_0x8de0,9375.245,631.2704166666667,8,9,29,0,16,17,18.21,60,4308.02,33.81183705735624,24.281698378430683,25.597036753783666,303.24830653445235,2023-01-01,2025-10-06 10:48:29.241,0,11,0,1,0,1,1,1,0,1,0,1,0,0,0,0,0,1,0,0,0,0,1,0,0,0
CUS_0x1440,7780.49,368.37416666666667,8,5,33,7,59,17,25.55,60,4108.42,35.14726508111757,38.10787109936564,19.930898272426518,248.79864729487448,2023-01-01,2025-10-06 10:48:29.241,12,9,1,0,0,1,1,0,1,0,1,1,0,0,0,0,0,1,0,0,0,0,0,0,1,0
CUS_0x6fea,67854.3,5573.5250000000015,3,7,7,0,13,9,3.38,90,586.09,25.70620407557109,0.0,250.96314561225225,596.3893543877479,2023-01-01,2025-10-06 10:48:29.241,31,4,0,0,0,0,0,0,0,0,0,0,1,0,0,1,0,0,0,0,0,0,1,0,0,0
CUS_0x78a7,1.1777816E7,11636.443333333336,5,7,11,0,30,8,11.35,30,990.03,33.69150790363387,0.0,812.2245370135463,641.4197963197872,2023-01-01,2025-10-06 10:48:29.241,22,2,0,0,0,0,0,0,0,0,0,1,0,0,0,0,0,0,1,0,0,0,1,0,0,0
CUS_0x7c58,54060.45,4302.0375,8,7,29,6,16,22,6.67,110,2132.13,34.097712842978375,16040.0,88.32179080316757,381.658218927827,2023-01-01,2025-10-06 10:48:29.241,6,8,0,0,1,1,1,1,1,0,0,1,0,0,0,0,0,1,0,0,1,0,0,0,0,0
CUS_0xba9d,7546.68,391.89,8,6,29,7,26,16,18.63,80,3207.74,38.12976456576229,40.13179544314696,44.514328543557575,244.54287601329543,2023-01-01,2025-10-06 10:48:29.241,3,3,1,1,0,0,0,1,0,0,1,1,0,0,0,0,0,1,0,0,0,0,1,0,0,0
CUS_0x1a9c,17971.0,1383.583333333333,7,3,7,3,29,14,11.09,10,1282.79,29.399538396248413,41.3915834647909,75.90186282522592,298.092167805374,2023-01-01,2025-10-06 10:48:29.241,22,4,1,0,0,0,1,0,0,0,1,0,1,0,0,1,0,0,0,1,0,0,0,0,0,0
CUS_0x697d,56971.5,4717.059450657643,7,7,17,3,23,12,8.53,110,154.46,25.89703259985524,264.05965801938663,276.17246827531454,353.9959230476573,2023-01-01,2025-10-06 10:48:29.241,24,9,0,1,0,0,1,0,0,0,1,1,0,0,0,0,1,0,0,0,0,0,0,1,0,0
CUS_0x79ac,46645.86,4056.155,4,3,5,2,10,10,10.89,90,1157.31,36.32677836631672,61.79532000232521,392.29302647925766,241.5271535184172,2023-01-01,2025-10-06 10:48:29.241,11,5,0,1,0,0,0,0,0,0,0,1,0,0,0,0,1,0,0,0,0,0,1,0,0,0
CUS_0xc3ee,14439.41,956.2841666666666,3,5,8,0,12,6,1.4500000000000002,20430,1238.5,27.96817956421516,0.0,10000.0,306.8233366363691,2023-01-01,2025-10-06 10:48:29.241,33,3,0,0,0,0,0,0,0,0,0,0,1,0,0,1,0,0,0,0,0,0,1,0,0,0
CUS_0x5ebe,19731.16,1887.263333333333,7,4,12,4,5,15,17.01,30,382.35,40.16551442435874,34.156733839811416,44.26933786878264,370.3002616247393,2023-01-01,2025-10-06 10:48:29.241,19,5,0,1,0,0,0,1,1,0,1,1,0,0,0,0,1,0,0,0,0,0,0,0,0,1
CUS_0x25cc,36016.78,2758.398333333333,1,4,3,1,13,3,10.85,0,202.67,37.52271965194021,18.478105432186503,10000.0,356.18943592452024,2023-01-01,2025-10-06 10:48:29.241,29,8,0,0,0,0,0,1,0,0,0,0,1,0,0,1,0,0,0,0,0,0,0,0,1,0
CUS_0x7a77,32085.89,2460.8241666666668,4,6,14,5,10,13,20.02,60,742.25,38.27866731224068,84.06232163523586,85.11745102723239,326.9026440041985,2023-01-01,2025-10-06 10:48:29.241,19,0,1,1,1,0,0,0,0,1,0,1,0,0,0,0,1,0,0,0,1,0,0,0,0,0
CUS_0x9e6a,79300.22,6354.3516666666665,1,4,12,4,2,0,2.07,10,284.52,39.88529155705243,179.3048119832314,235.7131480343156,500.41720664911963,2023-01-01,2025-10-06 10:48:29.241,23,5,1,0,1,0,0,0,0,1,0,0,1,0,0,1,0,0,0,0,0,0,0,1,0,0
CUS_0xb403,33121.69,3009.140833333333,3,4,1,1,10,5,10.51,90,1343.7,28.256356418621444,14.482412823742177,280.90754261225777,295.52412789733336,2023-01-01,2025-10-06 10:48:29.241,19,4,0,0,0,0,0,0,0,1,0,0,1,0,0,1,0,0,0,0,0,0,1,0,0,0
CUS_0x4a3f,14208.865,1365.0720833333332,3,4,4,0,11,3,4.65,30,605.49,26.04306004280133,0.0,38.34673246829876,368.16047586503447,2023-01-01,2025-10-06 10:48:29.241,32,8,0,0,0,0,0,0,0,0,0,0,1,0,0,1,0,0,0,0,0,0,0,0,1,0
CUS_0x52aa,55235.76,4705.98,7,10,32,6,45,22,0.0,120,3415.2,28.53083913030277,239.7944164067294,369.05367620951637,151.74990738375422,2023-01-01,2025-10-06 10:48:29.241,12,8,0,1,1,0,0,0,0,1,1,1,0,0,0,0,0,0,1,0,0,0,1,0,0,0
CUS_0x636d,19415.89,1792.990833333333,4,4,27,3,23,18,10.87,140,2493.12,37.53532553691009,41.7703991497989,45.8955786702012,341.63310551333325,2023-01-01,2025-10-06 10:48:29.241,16,1,0,0,0,0,1,0,0,1,0,1,0,0,0,0,1,0,0,0,1,0,0,0,0,0
CUS_0xb220,35806.51,3079.875833333333,4,5,5,3,22,14,12.28,100,545.13,37.82034401998656,55.666790323370726,186.32247252773053,429.0287845027909,2023-01-01,2025-10-06 10:48:29.241,24,6,0,1,0,0,1,0,0,1,0,1,0,0,0,0,1,0,0,0,0,0,0,0,1,0
CUS_0xfc9,17290.42,1426.868333333333,6,4,31,7,2,14,16.86,120,1594.66,25.858708155132422,65.0178289825844,124.7647062720153,242.9042980787336,2023-01-01,2025-10-06 10:48:29.241,14,2,0,0,1,1,1,1,0,1,1,1,0,0,0,0,1,0,0,0,0,0,1,0,0,0
CUS_0x36f7,14616.91,1206.075833333333,8,6,27,8,47,24,6.06,80,2684.22,35.101275004734376,86.23562288972238,74.6100012664367,249.76195917717428,2023-01-01,2025-10-06 10:48:29.241,14,0,1,0,1,1,1,0,0,0,1,1,0,0,0,0,0,1,0,0,0,0,1,0,0,0
CUS_0x3bd0,43592.10000000001,3776.675000000001,9,10,28,9,30,17,23.28,120,2794.26,38.85874006444582,243.69957785186384,46.61921607297619,327.34870607516007,2023-01-01,2025-10-06 10:48:29.241,4,5,1,0,1,1,1,1,1,0,1,1,0,0,0,0,0,1,0,0,0,1,0,0,0,0
CUS_0x5f10,24238.03,2138.835833333333,8,7,2915,1,21,13,3.1,80,349.88,34.884722367779844,15.195010143657088,212.93118167070568,275.7573915189706,2023-01-01,2025-10-06 10:48:29.241,22,9,0,0,1,0,0,0,0,0,0,0,1,0,0,0,1,0,0,0,0,0,1,0,0,0
CUS_0x6f11,30815.44,2753.953333333333,5,5,9,3,28,8,19.14,80,1413.42,24.988778753323864,56.177028533959046,143.02462775822883,366.1936770411454,2023-01-01,2025-10-06 10:48:29.241,11,8,1,0,1,0,0,0,0,1,0,1,0,0,0,0,0,0,1,0,0,0,1,0,0,0
CUS_0xbf55,16893.44,1567.7866666666666,6,9,25,3,57,16,7.98,140,1397.24,25.40437292753915,32.22238766587873,67.30750884979932,347.2487701509886,2023-01-01,2025-10-06 10:48:29.241,15,0,1,0,0,0,0,1,0,1,0,1,0,0,0,0,1,0,0,0,0,0,1,0,0,0
CUS_0xc3d0,53265.96,4286.83,9,5,29,5,57,19,2.11,130,2545.1,25.92453949888416,120.80351494172852,10000.0,453.90690606864143,2023-01-01,2025-10-06 10:48:29.241,9,3,1,0,0,1,0,1,1,0,0,1,0,0,0,0,0,1,0,0,0,1,0,0,0,0
CUS_0x2513,131990.84,10514.220032917468,5,4,8,0,35,15,10.07,0,647.15,34.60059156565439,593.016633749199,90.2799675610636,1260.443699105603,2023-01-01,2025-10-06 10:48:29.241,22,4,0,0,0,0,0,0,0,0,0,0,1,0,0,0,0,0,1,0,0,1,0,0,0,0
CUS_0xc1b4,128675.76,9204.88802581664,4,4,6,2,10,11,7.8,40,53.79,36.100877615427386,1466.9739636165343,421.7933107828344,675.5226997839904,2023-01-01,2025-10-06 10:48:29.241,32,10,0,0,1,0,1,0,0,0,0,0,1,0,0,1,0,0,0,0,0,0,0,0,0,1
CUS_0x1069,58637.34,4799.445,4,6,10,119,9,17,12.56,50,208.8,25.23314363376225,139.8850133927109,165.21061289035896,434.8488737169301,2023-01-01,2025-10-06 10:48:29.241,30,8,0,1,0,1,1,0,0,0,0,1,0,0,0,0,1,0,0,1,0,0,0,0,0,0
CUS_0x2598,123299.12,10209.926666666666,2,2,8,0,10,2,0.0,70,845.47,32.32212419504313,289.4723048639328,122.65533316662923,851.3328508032074,2023-01-01,2025-10-06 10:48:29.241,19,9,0,0,1,0,1,0,0,0,0,0,1,0,0,1,0,0,0,0,0,1,0,0,0,0
CUS_0x30f8,35139.27,2917.2725,1,5,8,3,13,2,3.81,20,978.09,29.85771581157115,76.8575899551512,154.48421035677708,350.3854496880716,2023-01-01,2025-10-06 10:48:29.241,29,5,0,0,0,0,1,0,0,0,1,0,1,0,0,0,0,0,1,0,0,0,1,0,0,0
CUS_0x3433,14726.775,1366.23125,7,6,1,0,8,9,6.64,50,442.21,36.21111460238206,7354.0,149.787922221541,276.835202778459,2023-01-01,2025-10-06 10:48:29.241,15,11,0,0,0,0,0,0,0,0,0,0,1,0,0,1,0,0,0,0,0,0,1,0,0,0
CUS_0x3e54,78039.48,6236.29,5,7,4,4,21,15,2.41,50,1188.91,23.481192495703816,236.23961596593352,74.59651714204156,326.40072606842205,2023-01-01,2025-10-06 10:48:29.241,29,0,1,0,1,0,0,1,0,0,1,0,1,0,0,1,0,0,0,0,0,0,1,0,0,0
CUS_0x61de,32152.32,2475.36,4,3,5,1,25,17,2.57,30,1100.76,26.954348441570943,22.75178377508429,80.5685575677962,394.2156586571196,2023-01-01,2025-10-06 10:48:29.241,31,6,0,0,0,1,0,0,0,0,0,0,1,0,0,0,1,0,0,0,1,0,0,0,0,0
CUS_0x8c2c,91532.61,7564.7175,4,3,5,3,4,7,6.36,80,1211.41,35.459124500761696,201.69851632295868,115.17229070530315,679.6009429717383,2023-01-01,2025-10-06 10:48:29.241,28,11,1,1,0,1,0,0,0,0,0,0,1,0,0,0,0,0,1,0,0,1,0,0,0,0
CUS_0xae7d,38047.79,3344.649166666666,0,4,12,2,14,4,11.17,0,186.72,28.050828603885414,61.70027376165935,103.1959720899394,419.568670815068,2023-01-01,2025-10-06 10:48:29.241,29,9,0,0,0,0,0,1,1,0,0,0,1,0,0,1,0,0,0,0,1,0,0,0,0,0
CUS_0x689b,20336.52,1587.71,4,5,19,5,22,16,13.05,50,1398.96,37.31138023613178,59.66069570490642,25.05555831862688,314.05474597646673,2023-01-01,2025-10-06 10:48:29.241,15,5,0,1,0,1,0,1,0,0,0,1,0,0,0,0,1,0,0,0,0,1,0,0,0,0
CUS_0xacab,84114.6,6873.55,8,7,16,3,26,20,2.99,30,779.09,29.13511108089682,156.53144197503752,117.67635368540478,653.1472043395577,2023-01-01,2025-10-06 10:48:29.241,16,10,1,0,0,1,0,0,0,0,0,0,0,0,0,0,1,0,0,0,0,1,0,0,0,0
CUS_0x7b31,47195.19,3749.9325,9,5,15,7,60,25,25.86,90,2729.04,37.65748708269744,178.7482327590911,47.56053836551363,398.68447887539526,2023-01-01,2025-10-06 10:48:29.241,3,10,1,1,1,1,0,1,1,1,0,1,0,0,0,0,0,0,1,0,1,0,0,0,0,0
CUS_0x87fa,115362.96,9764.58,1,3,2,4,14,8,4.76,40,50.69,41.41102100771664,248.1565801587168,191.59962546048644,786.7017943807969,2023-01-01,2025-10-06 10:48:29.241,19,11,1,0,1,1,0,0,0,1,0,0,1,0,0,1,0,0,0,0,0,0,0,0,0,1
CUS_0xbca6,35239.54,2807.6283333333336,9,6,16,9,26,23,26.75,90,3210.75,28.495002584655765,13431.0,370.3398186988904,0.71023971023169,2023-01-01,2025-10-06 10:48:29.241,10,4,1,1,1,1,0,1,1,0,1,1,0,0,0,0,0,1,0,0,0,0,1,0,0,0
CUS_0x4271,10498.77,674.8975,9,6,29,6,15,25,27.56,100,4137.37,29.31080089842404,41.07837551657811,33.967083210704864,282.444291272717,2023-01-01,2025-10-06 10:48:29.241,2,5,1,1,1,0,0,0,1,0,1,1,0,0,0,0,0,1,0,0,0,0,1,0,0,0
CUS_0xb2b8,20634.78,1572.5649999999996,5,3,18,4,29,13,17.98,170,2483.98,32.615113869951486,55.57719291040157,10000.0,285.9745283613468,2023-01-01,2025-10-06 10:48:29.241,7,11,1,1,0,0,0,0,1,0,0,1,0,0,0,0,1,0,0,0,1,0,0,0,0,0
CUS_0x7bda,17127.3,1407.275,8,7,6,2,12,8,8.25,0,957.51,38.97485170284165,18.437479064730013,55.33369393070656,346.95632700456343,2023-01-01,2025-10-06 10:48:29.241,29,3,0,0,0,1,0,0,0,1,0,0,0,0,0,1,0,0,0,0,0,0,0,0,0,1
CUS_0x86ed,61117.29,4756.724605622279,8,8,17,7,18,13,7.24,60,2139.33,31.582073515603994,398.2847683847081,187.00260533165888,297.30627066135287,2023-01-01,2025-10-06 10:48:29.241,8,5,0,1,0,1,1,1,1,1,0,1,0,0,0,0,0,0,1,0,0,0,0,1,0,0
CUS_0x51b3,59146.36,4908.863333333334,3,6,6,1,8,6,6.68,50,418.03,27.68218569772068,26.77841927204154,10000.0,389.4884832490341,2023-01-01,2025-10-06 10:48:29.241,20,8,0,0,0,1,0,0,0,0,0,0,1,0,0,1,0,0,0,0,0,0,0,0,1,0
CUS_0x8b17,66289.36,5433.113333333334,4,5,15,2,9,14,7.27,110,713.33,40.11629509637481,61.32521298913761,302.98681455957524,438.9993057846206,2023-01-01,2025-10-06 10:48:29.241,16,4,0,0,0,1,0,1,0,0,0,0,0,0,0,0,1,0,0,1,0,0,0,0,0,0
CUS_0x356c,67644.92,5465.076666666667,4,9,22,0,23,19,14.03,110,1402.56,28.464704805609127,102.78542376888257,10000.0,603.4224834044808,2023-01-01,2025-10-06 10:48:29.241,8,9,1,0,0,0,0,0,1,0,0,1,0,0,0,0,0,0,1,0,1,0,0,0,0,0
CUS_0x3643,46230.26,3579.521666666667,8,3,11,1,26,17,8.76,110,260.98,28.83423295304277,34.425286675623546,71.3447008307375,492.1821791603056,2023-01-01,2025-10-06 10:48:29.241,8,4,0,0,0,0,0,1,0,0,0,1,0,0,0,0,0,0,1,0,0,1,0,0,0,0
CUS_0x4be2,7201.505,488.1254166666666,6,5,29,5,17,6,14.2,150,2452.08,23.7023283980873,24.900268505522515,17.808858979840554,266.1034141813036,2023-01-01,2025-10-06 10:48:29.241,13,9,1,0,1,1,0,1,1,0,0,1,0,0,0,0,1,0,0,1,0,0,0,0,0,0
CUS_0x6442,14520.69,1299.3570439547782,7,10,32,7,15,23,15.62,2070,2921.07,25.03697190224895,148.0966273174831,169.51957739734675,189.99000133039212,2023-01-01,2025-10-06 10:48:29.241,6,5,1,0,0,0,1,0,1,1,0,1,0,0,0,0,0,0,1,0,0,0,1,0,0,0
CUS_0x2552,19826.67,1805.2225,6,3,33,5,6,15,11.47,80,2052.89,31.07645024601649,45.86892834472735,126.35925712362094,298.2940645316517,2023-01-01,2025-10-06 10:48:29.241,5,11,0,1,0,1,0,1,1,0,0,1,0,0,0,0,1,0,0,0,0,0,1,0,0,0
CUS_0x63d8,11436.15,933.0125,4,7,14,4,11,10,17.33,80,339.47,33.71320767962812,23.059579305968043,17.250920513902052,312.9907501801299,2023-01-01,2025-10-06 10:48:29.241,19,5,1,0,0,0,1,0,0,1,0,1,0,0,0,0,1,0,0,1,0,0,0,0,0,0
CUS_0x69be,80807.37,6796.947499999998,3,4,6,3,24,13,3.83,60,970.11,27.92751995859037,161.03438851378766,329.2439410892826,469.4164203969297,2023-01-01,2025-10-06 10:48:29.241,32,9,0,0,0,1,0,0,0,0,0,0,1,0,0,0,0,0,1,0,0,0,0,1,0,0
CUS_0xbd8f,107911.6,9168.633333333331,3,3,17,2,21,18,11.31,50,1086.96,40.84395555707518,110.625988675333,285.0335702413472,801.2037744166533,2023-01-01,2025-10-06 10:48:29.241,18,4,0,0,0,0,0,0,1,0,0,0,1,0,0,0,1,0,0,0,0,0,0,1,0,0
CUS_0x3231,36717.63,2872.8025,5,4,19,0,28,12,7.05,30,1456.01,34.15204976654708,96.66168930786068,35.47265329337113,405.14590739876814,2023-01-01,2025-10-06 10:48:29.241,31,9,0,1,1,0,0,1,1,0,0,1,0,0,0,0,1,0,0,0,1,0,0,0,0,0
CUS_0x859d,15985.56,1025.25261568245,6,7,29,7,20,17,21.6,70,3311.2,22.51142999586701,121.11406520575278,18.127915472264124,276.948403639533,2023-01-01,2025-10-06 10:48:29.241,5,8,0,0,0,1,0,1,1,0,1,1,0,0,0,0,0,0,1,0,1,0,0,0,0,0
CUS_0x3cfc,20348.57,1486.7141666666666,9,8,16,8,36,22,5.78,60,3194.2,25.67322514576157,110.50058159984007,45.7633943918991,272.4074406749275,2023-01-01,2025-10-06 10:48:29.241,7,0,1,1,0,1,1,1,1,0,0,1,0,0,0,0,0,1,0,0,0,0,0,1,0,0
CUS_0x44d5,9598.38,515.8649999999999,7,6,20,2,20,9,9.31,50,878.44,24.53227855082218,15.402638451284131,46.07412361297521,280.1097379357407,2023-01-01,2025-10-06 10:48:29.241,16,6,0,1,0,0,0,0,0,1,0,1,0,0,0,0,1,0,0,0,0,0,1,0,0,0
CUS_0x9230,94498.95,7950.912500000001,8,6,15,0,29,19,9.09,13390,1432.94,37.5629002961908,0.0,125.84599298670578,919.2452570132943,2023-01-01,2025-10-06 10:48:29.241,15,7,0,0,0,0,0,0,0,0,0,0,1,0,0,0,1,0,0,0,1,0,0,0,0,0
CUS_0xadb2,142001.12,10508.058455200666,7,3,20,2,20,15,9.64,110,275.6,32.41246894789074,1701.9550125306778,396.0957817943074,846.5600838076813,2023-01-01,2025-10-06 10:48:29.241,13,11,0,0,0,0,1,0,0,1,0,1,0,0,0,0,1,0,0,0,1,0,0,0,0,0
CUS_0x4395,45345.12,3737.76,8,7,19,5,27,17,20.45,110,3794.13,36.05494147496907,142.0302559038314,452.26343281632074,69.48231127984798,2023-01-01,2025-10-06 10:48:29.241,1,0,0,0,1,0,1,1,1,0,0,1,0,0,0,0,0,1,0,0,0,0,1,0,0,0
CUS_0x4464,97363.36,8059.613333333334,6,6,16,3,13,9,15.5,60,205.37,42.6982569497802,152.39691323616842,110.58547940800888,718.2804166027875,2023-01-01,2025-10-06 10:48:29.241,14,2,1,0,0,0,0,1,0,1,0,0,0,0,0,0,1,0,0,0,0,1,0,0,0,0
CUS_0x77e2,66823.12,5368.593333333333,7,9,19,6,44,17,5.87,110,1522.95,35.966185407187986,250.8476646054021,122.98233976581228,413.02932896211894,2023-01-01,2025-10-06 10:48:29.241,19,11,1,1,1,0,0,0,0,0,1,1,0,0,0,0,0,1,0,0,0,0,0,0,0,1
CUS_0x84a0,45783.32,3643.276666666666,7,7,18,0,8,15,10.25,60,608.27,28.025234258165053,0.0,40.27800303986068,574.049663626806,2023-01-01,2025-10-06 10:48:29.241,16,10,0,0,0,0,0,0,0,0,0,0,1,0,0,0,1,0,0,0,1,0,0,0,0,0
CUS_0x1ab3,81831.72,6910.31,6,5,1,4,8,4,5.14,40,446.42,24.956494907196245,234.5093958868053,145.2648815667498,551.256722546445,2023-01-01,2025-10-06 10:48:29.241,18,4,1,1,0,0,0,1,0,0,1,0,1,0,0,1,0,0,0,0,0,1,0,0,0,0
CUS_0x658e,46880.49,3790.7075,6,7,23,5,42,18,6.37,110,2192.18,38.71133287044562,106.72846162420971,10000.0,378.56855733766037,2023-01-01,2025-10-06 10:48:29.241,19,9,0,0,0,1,1,0,1,1,0,1,0,0,0,0,0,1,0,0,1,0,0,0,0,0
CUS_0xc29e,28566.01,2385.500833333333,6,6,15,6,22,18,19.32,80,479.65,35.21562522335414,72.54576042852194,263.5236435937649,192.4806793110465,2023-01-01,2025-10-06 10:48:29.241,17,11,1,0,0,0,0,1,1,1,0,1,0,0,0,0,1,0,0,0,0,0,1,0,0,0
CUS_0xed3,36035.32,2910.943333333333,9,10,22,0,33,17,16.47,80,2138.6,26.128601476305185,79.97784113366491,105.30444189865106,262.97533707434013,2023-01-01,2025-10-06 10:48:29.241,7,6,0,1,1,0,0,0,1,0,1,0,0,0,0,0,1,0,0,0,0,0,0,0,1,0
CUS_0x7c64,39715.98,3089.6650000000004,4,7,12,3,6,15,19.73,60,1125.16,32.963638950239464,77.1869982621674,266.5809901308434,235.19851160698926,2023-01-01,2025-10-06 10:48:29.241,26,10,1,0,0,1,0,0,1,0,0,1,0,0,0,0,0,0,1,0,0,0,0,0,1,0
CUS_0x9f91,14155.67,1387.2772777080922,6,110,15,8,29,17,21.43,100,4896.28,27.93516539169164,128.4391166100688,129.01408828532945,234.3726007298428,2023-01-01,2025-10-06 10:48:29.241,14,2,1,1,1,1,0,1,0,1,1,0,0,0,0,0,0,1,0,0,0,0,1,0,0,0
CUS_0xaebc,40646.19,3276.182500000001,3,7,6,0,15,5,6.77,80,534.4,26.284164544517697,0.0,285.25957984698795,312.3586701530121,2023-01-01,2025-10-06 10:48:29.241,22,4,0,0,0,0,0,0,0,0,0,0,1,0,0,0,0,0,1,0,0,0,0,0,1,0
CUS_0xc716,14947.38,1191.615,8,10,4796,6,35,17,13.13,120,2059.59,25.325085506447447,49.29889690321831,148.0821403736149,211.7804627231668,2023-01-01,2025-10-06 10:48:29.241,11,8,0,1,0,1,0,1,0,0,0,1,0,0,0,0,0,1,0,0,0,0,1,0,0,0
CUS_0x7cfc,108415.0,8848.583333333334,3,5,16,1,14,20,16.33,60,1075.84,32.82270369073215,76.85756306196762,413.80642145741206,654.1943488139539,2023-01-01,2025-10-06 10:48:29.241,27,3,0,0,0,0,1,0,0,0,0,1,0,0,0,0,1,0,0,1,0,0,0,0,0,0
CUS_0x929a,10263.79,590.3158333333333,5,3,12,1,26,14,2.73,20,730.77,36.00242614703918,6.814611210325142,47.20814747012498,285.00882465288316,2023-01-01,2025-10-06 10:48:29.241,20,10,0,0,1,0,0,0,0,0,0,0,1,0,0,1,0,0,0,0,0,0,0,1,0,0
CUS_0x42c6,20076.41,1549.0341666666666,8,9,29,6,43,23,22.67,130,4831.48,31.24689093640988,65.22772759021862,55.9259233367811,313.74976573966694,2023-01-01,2025-10-06 10:48:29.241,2,6,0,1,0,0,0,1,1,1,1,1,0,0,0,0,0,1,0,0,0,0,0,1,0,0
CUS_0x19e1,114897.2,9333.766666666666,3,5,11,4,5,7,10.68,70,620.8,29.76283210112597,338.04184764274896,226.10465480149293,609.2301642224247,2023-01-01,2025-10-06 10:48:29.241,19,9,0,1,0,1,1,0,0,0,0,0,1,0,0,1,0,0,0,0,0,1,0,0,0,0
CUS_0x627a,99776.28,8051.69,4,6,6,4,14,18,1.66,80,743.69,30.13225725379788,296.52281809986613,429.3265888326735,339.3195930674605,2023-01-01,2025-10-06 10:48:29.241,30,8,0,0,0,0,1,1,1,0,0,0,1,0,0,1,0,0,0,1,0,0,0,0,0,0
CUS_0x7266,46422.1,4085.508333333333,8,6,9,2,15,12,3.5,0,832.68,40.67267648281043,66.49089006678125,49.98367161057936,532.0762716559726,2023-01-01,2025-10-06 10:48:29.241,23,5,0,0,0,1,0,0,0,1,0,0,1,0,0,0,1,0,0,0,0,0,0,0,0,1
CUS_0xd73,8871.555,817.7695382171477,8,7,20,9,22,23,5.72,140,1584.64,38.04941906951007,75.63507099590805,73.44123818165927,251.7800276052849,2023-01-01,2025-10-06 10:48:29.241,16,2,1,1,1,1,0,1,0,1,0,0,0,0,0,0,0,1,0,0,0,0,0,1,0,0
