Customer_ID,Annual_Income,Monthly_Inhand_Salary,Num_Bank_Accounts,Num_Credit_Card,Interest_Rate,Num_of_Loan,Delay_from_due_date,Num_of_Delayed_Payment,Changed_Credit_Limit,Num_Credit_Inquiries,Outstanding_Debt,Credit_Utilization_Ratio,Total_EMI_per_month,Amount_invested_monthly,Monthly_Balance,snapshot_date,_ingested_at_utc,credit_history_age_year,credit_history_age_month,mortgage_loan,auto_loan,credit_builder_loan,personal_loan,not_specified,student_loan,home_equity_loan,payday_loan,debt_consolidation_loan,ohe__payment_of_min_amount__yes,ohe__payment_of_min_amount__no,ohe__payment_of_min_amount__nm,ohe__payment_of_min_amount__unknown,ohe__credit_mix__good,ohe__credit_mix__standard,ohe__credit_mix__bad,ohe__credit_mix__unknown,ohe__payment_behaviour__high_spent_small_value_payments,ohe__payment_behaviour__high_spent_medium_value_payments,ohe__payment_behaviour__high_spent_large_value_payments,ohe__payment_behaviour__low_spent_small_value_payments,ohe__payment_behaviour__low_spent_medium_value_payments,ohe__payment_behaviour__low_spent_large_value_payments,ohe__payment_behaviour__unknown
CUS_0x5f89,38963.38,3018.9483333333333,6,7,27,6,55,22,10.25,130,4720.99,30.615860626355875,177.843428575748,75.42865473718412,308.62275002040127,2023-09-01,2025-10-06 10:50:16.125,13,2,1,1,1,0,1,1,0,1,0,1,0,0,0,0,0,1,0,0,0,0,0,0,0,1
CUS_0x6277,108457.74,9298.145,6,7,13,4,5,18,8.42,40,640.11,29.81671767420497,238.850443172323,120.5143828182873,820.4496740093898,2023-09-01,2025-10-06 10:50:16.125,15,6,0,1,1,1,0,0,1,0,0,1,0,0,0,0,1,0,0,0,1,0,0,0,0,0
CUS_0x56b4,17416.75,1243.3958333333333,5,6,12,4,10,10,10.1,10,505.44,39.496296753119104,36.55918609550557,11.780284168085576,316.0001130697422,2023-09-01,2025-10-06 10:50:16.125,30,9,0,0,0,1,0,1,0,1,0,0,0,0,0,0,0,0,1,0,0,1,0,0,0,0
CUS_0x78bf,61796.92,5318.743333333333,9,9,28,9,24,19,0.0,100,3133.49,22.910705694824447,334.4616622240094,328.06800995409225,159.34466115523168,2023-09-01,2025-10-06 10:50:16.125,11,7,0,1,1,1,1,0,1,1,1,1,0,0,0,0,0,1,0,0,0,0,1,0,0,0
CUS_0xb90d,122008.59,10084.3825,2,7,7,0,15,8,8.95,20,432.37,36.70787268857019,0.0,288.6585881158682,969.7796618841319,2023-09-01,2025-10-06 10:50:16.125,15,9,0,0,0,0,0,0,0,0,0,0,0,0,0,1,0,0,0,0,0,0,0,0,0,1
CUS_0x24f1,17685.79,1186.815833333333,6,9,22,3,24,15,12.98,70,2382.63,32.7435511209693,40.26046357084426,144.7554488897907,223.6656708726984,2023-09-01,2025-10-06 10:50:16.125,13,5,0,0,0,1,1,1,0,0,0,1,0,0,0,0,1,0,0,0,0,0,1,0,0,0
CUS_0x4285,19271.95,1536.9958333333334,6,4,9,3,35,9,15.97,20,368.72,25.72746901623275,35.046789084156345,123.98850418113504,264.66429006804196,2023-09-01,2025-10-06 10:50:16.125,32,9,0,0,1,0,1,0,0,0,0,1,0,0,0,0,1,0,0,0,0,0,0,0,1,0
CUS_0x6112,65677.38,5343.115000000002,3,1,4,4,5,8,10.78,30,395.28,36.98203622882063,217.6167116806116,351.01610292408327,255.67868539530525,2023-09-01,2025-10-06 10:50:16.125,26,11,0,0,0,0,0,1,0,0,1,0,1,0,0,1,0,0,0,0,0,0,1,0,0,0
CUS_0x5647,79367.94,6535.995,3,4,9,0,6,15,15.33,40,1137.41,35.21972244757285,0.0,529.2222706754749,394.3772293245252,2023-09-01,2025-10-06 10:50:16.125,23,5,0,0,0,0,0,0,0,0,0,1,0,0,0,0,1,0,0,0,0,0,0,0,1,0
CUS_0x6e35,36104.82,3294.735,6,6,16,5,13,17,16.84,90,2219.17,35.62060321339571,103.04479580072363,126.94196796653186,389.48673623274453,2023-09-01,2025-10-06 10:50:16.125,14,8,1,0,0,1,0,1,1,0,0,1,0,0,0,0,1,0,0,0,0,0,1,0,0,0
CUS_0x4328,15414.675,1449.55625,5,5,11,0,10,1,8.96,70,508.81,37.18250460719938,0.0,149.51308591652068,285.4425390834793,2023-09-01,2025-10-06 10:50:16.125,23,6,0,0,0,0,0,0,0,0,0,0,1,0,0,1,0,0,0,0,0,0,1,0,0,0
CUS_0x7b2f,16114.17,1160.8475,3,6,13,2,24,15,14.99,110,1246.74,27.88638674054876,25.779887116455583,151.1781713421974,229.12669154134704,2023-09-01,2025-10-06 10:50:16.125,19,9,0,0,1,0,0,1,0,0,0,1,0,0,0,0,1,0,0,0,0,0,1,0,0,0
CUS_0x9b4b,1.7353657E7,1597.4174999999998,0,3,7,1,14,10,5.17,60,116.3,39.41982081672108,11.768268085541944,88.58495795999853,339.3885239544595,2023-09-01,2025-10-06 10:50:16.125,32,3,0,0,1,0,0,0,0,0,0,0,1,0,0,1,0,0,0,0,0,0,0,1,0,0
CUS_0x64d4,14730.78,1507.565,5,2,10,0,18,16,5.76,70,655.01,39.595918377102144,0.0,173.46971271827184,267.28678728172815,2023-09-01,2025-10-06 10:50:16.125,18,0,0,0,0,0,0,0,0,0,0,0,1,0,0,1,0,0,0,0,0,0,1,0,0,0
CUS_0x8957,14154.255,1467.52125,5,7,14,4,23,9,3.9,50,700.09,33.35787422425835,31.19606824759825,83.18689946572971,292.36915728667213,2023-09-01,2025-10-06 10:50:16.125,30,4,1,0,0,1,1,0,0,0,0,1,0,0,0,0,0,0,1,1,0,0,0,0,0,0
CUS_0x544a,14007.82,1206.3183333333334,9,6,19,5,45,15,18.9,120,3279.57,38.00333935244828,37.354982292308605,65.49571845446826,297.7811325865565,2023-09-01,2025-10-06 10:50:16.125,13,0,0,0,0,0,1,0,1,1,0,1,0,0,0,0,0,0,1,0,0,0,0,1,0,0
CUS_0x82cb,104988.04,8711.003333333332,8,7,1,0,27,17,16.03,30,87.85,33.34449804575472,0.0,240.7228729884386,880.3774603448945,2023-09-01,2025-10-06 10:50:16.125,17,2,0,0,0,0,0,0,0,0,0,0,1,0,0,1,0,0,0,0,1,0,0,0,0,0
CUS_0x9e1a,16792.325,1292.3604166666669,1,4,5,3,6,0,3.33,50,161.57,38.40118271605802,29.14796235594895,39.71682526913569,310.371254041582,2023-09-01,2025-10-06 10:50:16.125,28,3,1,0,1,0,1,0,0,0,0,0,1,0,0,1,0,0,0,0,1,0,0,0,0,0
CUS_0x2584,59971.42,5190.618333333333,8,5,2398,3,11,20,4.48,40,203.03,34.4296386021376,107.93724129573393,66.87314027472985,594.2514517628695,2023-09-01,2025-10-06 10:50:16.125,20,9,0,0,0,0,0,1,1,0,1,0,1,0,0,0,1,0,0,0,1,0,0,0,0,0
CUS_0x3fb,14432.87,1185.7391666666667,3,7,7,1,5,8,9.47,30,941.79,27.33400456423488,6.412118995076589,10000.0,327.7859856143378,2023-09-01,2025-10-06 10:50:16.125,32,11,0,0,0,0,0,0,1,0,0,0,1,0,0,1,0,0,0,0,0,0,1,0,0,0
CUS_0x11c6,16523.745,1516.97875,1,4,1,4,8,8,10.06,40,455.49,31.799772350690677,52.216169090547005,54.26625355446494,325.21545235498814,2023-09-01,2025-10-06 10:50:16.125,25,11,0,0,1,0,0,1,1,1,0,0,1,0,0,1,0,0,0,0,0,0,0,1,0,0
CUS_0x2ee6,15201.005,1457.7504166666663,0,863,8,2,12,8,4.12,50,1078.95,32.34606794984505,23.34434152368428,145.82405589833817,256.60664424464414,2023-09-01,2025-10-06 10:50:16.125,27,9,0,0,1,0,0,0,0,0,1,0,1,0,0,1,0,0,0,0,0,0,0,1,0,0
CUS_0x5602,15360.58,981.0483333333334,6,9,25,3,48,10,12.92,110,1521.43,25.3838276810614,20.753795710853176,68.48304192337096,298.8679956991092,2023-09-01,2025-10-06 10:50:16.125,12,3,0,1,0,1,0,0,0,0,0,1,0,0,0,0,1,0,0,0,0,0,1,0,0,0
CUS_0x8fac,103026.8,8754.566666666668,7,6,16,6,20,18,11.75,80,253.63,31.46633414387816,414.19680171429314,137.31058316872577,573.9492817836477,2023-09-01,2025-10-06 10:50:16.125,8,5,1,1,0,0,1,0,1,0,1,0,0,0,0,0,0,0,1,0,1,0,0,0,0,0
CUS_0x39f8,14388.79,1356.065833333333,6,4,2417,1,8,10,4.6,70,632.09,36.495700645708645,8.862377138762078,168.67931669125716,248.0648895033141,2023-09-01,2025-10-06 10:50:16.125,15,11,0,0,1,0,0,0,0,0,0,0,1,0,0,1,0,0,0,0,0,0,1,0,0,0
CUS_0x8d60,15330.755,1089.5629166666663,3,5,15,1,29,15,19.47,100,1055.32,32.097215208797266,12.499410277567506,43.5701011985501,342.88678019054913,2023-09-01,2025-10-06 10:50:16.125,12,10,0,1,0,0,0,0,0,0,0,1,0,0,0,0,1,0,0,0,0,0,1,0,0,0
CUS_0xc41,38831.83,3328.9858333333336,3,119,9,2,20,1,7.74,40,807.04,30.82068822266609,63.938726501757,96.19789273446173,422.7619640971146,2023-09-01,2025-10-06 10:50:16.125,16,6,1,0,0,0,0,0,0,0,1,0,1,0,0,1,0,0,0,0,1,0,0,0,0,0
CUS_0x5632,42512.31,3361.6925,7,5,14,7,5,10,19.51,40,1810.72,33.36364835149071,169.9457403145829,224.48592957977368,231.7375801056434,2023-09-01,2025-10-06 10:50:16.125,11,1,1,1,1,1,1,1,0,0,0,1,0,0,0,0,1,0,0,0,0,0,1,0,0,0
CUS_0x7558,18746.95,1467.2458333333334,4,3,3,1,8,12,12.32,40,1403.55,28.14969354620705,15.56516459372892,99.31000127959169,291.84941746001283,2023-09-01,2025-10-06 10:50:16.125,23,2,0,0,0,0,0,1,0,0,0,0,1,0,0,1,0,0,0,1,0,0,0,0,0,0
CUS_0x29e1,62683.59,5047.6325,8,8,32,9,23,24,6.44,80,2142.89,36.48693489116325,346.06224076142684,417.81639183664805,10.884617401925142,2023-09-01,2025-10-06 10:50:16.125,20,2,1,1,1,0,1,1,0,1,1,1,0,0,0,0,0,1,0,0,0,0,0,0,1,0
CUS_0x329f,34425.62,2750.8016666666667,7,6,18,3,26,17,9.99,30,29.9,33.62798629737572,56.78964184065633,299.8710270850108,208.41949774099962,2023-09-01,2025-10-06 10:50:16.125,21,5,0,0,0,1,0,1,0,1,0,0,1,0,0,0,1,0,0,0,0,0,1,0,0,0
CUS_0x6427,8630.4,431.19999999999993,8,10,30,6,51,17,27.34,60,2530.35,26.813502785147055,27.07617403153542,34.16878750721447,271.8750384612501,2023-09-01,2025-10-06 10:50:16.125,8,8,0,1,1,0,0,1,0,1,0,1,0,0,0,0,0,1,0,0,0,0,1,0,0,0
CUS_0x8e53,21145.595,1604.132916666667,2,7,4,1,8,7,8.14,10,969.19,36.309440908490295,12.667793993102451,10000.0,303.44799433233516,2023-09-01,2025-10-06 10:50:16.125,18,5,1,0,0,0,0,0,0,0,0,0,1,0,0,0,0,0,1,1,0,0,0,0,0,0
CUS_0x473f,20875.67,1536.6391666666666,5,3,10,4,7,16,7.49,10,1363.29,24.875455962371607,38.072524934070174,92.50711763637243,303.08427409622414,2023-09-01,2025-10-06 10:50:16.125,22,5,0,0,0,1,1,0,0,0,1,0,1,0,0,1,0,0,0,0,0,0,0,1,0,0
CUS_0x8b90,102343.68,8736.64,6,5,10,4,27,19,11.17,60,450.66,40.267111530728,240.35148110451755,190.16710880150225,683.1454100939802,2023-09-01,2025-10-06 10:50:16.125,16,4,0,1,1,1,0,0,0,1,0,1,0,0,0,0,1,0,0,0,0,1,0,0,0,0
CUS_0xc122,112056.36,9485.03,5,6,12,2,15,19,0.0,10,824.36,31.932223971633405,117.2399282028937,239.52470384874897,841.7383679483577,2023-09-01,2025-10-06 10:50:16.125,32,4,0,0,1,1,0,0,0,0,0,0,0,0,0,0,1,0,0,0,1,0,0,0,0,0
CUS_0x4e0d,18314.57,1421.2141666666666,6,7,18,2,19,9,9.57,110,1450.59,30.97935959140856,19.61210131444428,51.410903881742676,361.0984114704797,2023-09-01,2025-10-06 10:50:16.125,13,8,0,0,0,0,1,0,0,1,0,1,0,0,0,0,1,0,0,0,0,0,1,0,0,0
CUS_0x9eb2,19647.55,1858.295833333333,4,7,15,6,25,17,25.07,40,1207.31,36.602701473060826,82.20111714357944,10000.0,289.40717726201393,2023-09-01,2025-10-06 10:50:16.125,15,2,0,1,0,1,1,1,0,0,1,0,0,0,0,0,1,0,0,1,0,0,0,0,0,0
CUS_0x7c68,15173.47,1155.4558333333332,4,5,20,3,24,12,9.45,70,313.08,35.265541196835194,30.015557604652443,85.7485508024063,279.7814749262746,2023-09-01,2025-10-06 10:50:16.125,31,8,1,0,0,0,0,0,0,1,1,1,0,0,0,0,1,0,0,0,0,0,0,1,0,0
CUS_0x3141,39912.86,3498.0716666666667,3,4,17,6,13,12,15.72,80,1734.43,38.30933465485922,197.9563469601776,360.0056359297002,71.84518377678899,2023-09-01,2025-10-06 10:50:16.125,17,0,1,1,0,0,1,0,1,1,0,1,0,0,0,0,1,0,0,0,0,0,0,1,0,0
CUS_0x4a88,77703.16,6702.263333333332,8,4,28,8,47,20,20.54,100,2939.44,37.44376661090211,418.7466985881547,576.5805390591927,374.9293201426505,2023-09-01,2025-10-06 10:50:16.125,11,8,1,1,0,1,0,0,0,1,1,1,0,0,0,0,0,1,0,0,0,0,1,0,0,0
CUS_0x511c,15081.12,1298.76,8,7,22,4,30,16,19.08,150,1987.21,25.05613054819007,41.06589354729759,91.5300312192137,287.28007523348873,2023-09-01,2025-10-06 10:50:16.125,17,2,0,1,0,1,0,0,0,0,0,1,0,0,0,0,1,0,0,0,0,0,1,0,0,0
CUS_0x9884,56313.96,4860.83,4,5,8,2,9,9,7.88,10,1333.22,34.32814697042686,75.00221722202626,46.48691603636159,604.5938667416121,2023-09-01,2025-10-06 10:50:16.125,28,0,1,0,0,0,0,0,0,0,1,0,1,0,0,1,0,0,0,0,0,1,0,0,0,0
CUS_0xc2b7,8892.36,833.0300000000002,8,595,34,8,37,19,29.89,130,2838.2,28.959128043932747,35.67802095147094,69.26153190158054,268.3634471469485,2023-09-01,2025-10-06 10:50:16.125,10,11,1,1,0,0,0,1,1,1,0,1,0,0,0,0,0,1,0,0,0,0,1,0,0,0
CUS_0x210d,15447.63,1005.3025,3,4,27,0,24,10,15.91,80,2461.68,28.97642767042,37.983305158917965,60.99484096436017,281.5521038767219,2023-09-01,2025-10-06 10:50:16.125,6,5,1,0,0,0,0,0,1,0,0,0,0,0,0,0,1,0,0,0,0,0,0,1,0,0
CUS_0x86aa,54525.94,4655.828333333334,3,5,10,4,6,9,11.02,100,157.1,25.77244098948489,131.08037267198603,74.41648201368145,510.08597864766585,2023-09-01,2025-10-06 10:50:16.125,22,3,1,0,0,0,1,0,1,0,1,1,0,0,0,0,1,0,0,0,1,0,0,0,0,0
CUS_0xb6b7,32543.38,2417.9483333333333,8,5,15,2,13,15,7.68,30,639.97,40.706823145165465,53.37586914797276,67.34168457782077,371.0772796075398,2023-09-01,2025-10-06 10:50:16.125,17,7,0,0,0,0,0,0,0,0,1,1,0,0,0,0,1,0,0,0,1,0,0,0,0,0
CUS_0xbfea,44258.1,3867.175,2,6,11,1,10,996,1.36,30,345.23,35.90752530772401,23.661054451289488,297.3210116897547,355.73543385895584,2023-09-01,2025-10-06 10:50:16.125,32,6,0,0,0,0,0,0,0,0,1,0,0,0,0,1,0,0,0,0,0,0,1,0,0,0
CUS_0x74a6,16199.955,1140.99625,3,7,7,4,1,11,4.88,0,446.66,34.03887468539557,39.78232570111753,75.1450165528176,279.17228274606487,2023-09-01,2025-10-06 10:50:16.125,29,5,1,1,1,0,0,1,0,0,0,0,1,0,0,1,0,0,0,0,0,0,0,1,0,0
CUS_0x9b3c,81842.28,6810.19,10,9,25,9,20,16,16.25,110,3053.16,30.561750479920683,574.0657978713467,79.38081204748913,267.57239008116403,2023-09-01,2025-10-06 10:50:16.125,0,10,0,1,1,1,0,1,1,1,0,0,0,0,0,0,0,1,0,0,0,1,0,0,0,0
CUS_0xadef,34797.74,2911.811666666666,6,4,7,3,26,10,5.08,30,874.86,30.46640327007514,56.27407815906147,298.31285073681113,216.59423777079414,2023-09-01,2025-10-06 10:50:16.125,31,8,0,0,0,1,0,0,0,1,0,1,0,0,0,0,1,0,0,0,0,0,0,1,0,0
CUS_0x9d91,20975.94,1321.6368262764336,10,10,26,8,45,18,16.83,100,4787.13,33.3907009921936,255.16243293757188,177.3299457235967,166.06529506239775,2023-09-01,2025-10-06 10:50:16.125,9,4,0,1,0,1,1,1,1,0,1,1,0,0,0,0,0,1,0,0,0,0,1,0,0,0
CUS_0xa12e,17682.035,1343.5029166666666,7,3,7,3,6,19,14.23,70,972.53,34.04497996176181,38.81691983007202,90.81717760488995,294.71619423170466,2023-09-01,2025-10-06 10:50:16.125,22,10,0,0,0,0,1,1,1,0,0,0,0,0,0,0,0,0,1,0,0,0,1,0,0,0
CUS_0x14d1,53770.11,4666.8425,8,8,17,5,42,17,18.75,170,2028.19,29.0029014675133,204.4701376732153,136.49553398892124,375.71857833786345,2023-09-01,2025-10-06 10:50:16.125,17,10,0,0,0,1,0,1,1,1,1,1,0,0,0,0,1,0,0,0,1,0,0,0,0,0
CUS_0x1e46,70481.19,5584.4325,8,5,16,0,26,10,5.75,40,1087.1,37.11595419472757,0.0,61.58962120312695,746.8536287968732,2023-09-01,2025-10-06 10:50:16.125,26,3,0,0,0,0,0,0,0,0,0,1,0,0,0,0,1,0,0,0,1,0,0,0,0,0
CUS_0x4fd2,77905.92,6635.16,6,4,8,3,27,18,16.62,50,1358.16,31.702393812257128,150.02684222220944,73.25029893810141,680.2388588396892,2023-09-01,2025-10-06 10:50:16.125,10,6,0,1,0,1,0,0,0,0,0,1,0,0,0,0,1,0,0,0,0,1,0,0,0,0
CUS_0x9c85,110607.09,8997.2575,4,4,2,3,2,9,4.26,60,1174.05,38.706786002335406,154.8241362088844,354.45825513371034,650.4433586574054,2023-09-01,2025-10-06 10:50:16.125,22,4,0,1,0,0,0,0,1,0,1,0,1,0,0,1,0,0,0,1,0,0,0,0,0,0
CUS_0x2c14,38458.71,3116.8925,0,3,8,0,6,0,9.77,10,855.44,38.95195560411575,0.0,167.90021143667906,413.7890385633209,2023-09-01,2025-10-06 10:50:16.125,33,2,0,0,0,0,0,0,0,0,0,0,0,0,0,0,0,0,1,0,0,0,0,0,1,0
CUS_0x4534,20496.79,1635.065833333333,3,3,6,2,20,15,3.37,40,1165.77,25.550989589644622,28.712562862772945,62.14756930951887,343.09409107267743,2023-09-01,2025-10-06 10:50:16.125,25,2,0,0,1,0,0,0,0,0,1,1,0,0,0,0,1,0,0,0,1,0,0,0,0,0
CUS_0x9dec,26282.47,2125.205833333333,7,5,17,2,23,16,4.68,40,1007.91,32.144162355424875,23.409291173613912,79.27022430787667,379.8410678518428,2023-09-01,2025-10-06 10:50:16.125,17,4,0,0,1,0,0,1,0,0,0,0,1,0,0,0,1,0,0,0,0,0,0,0,0,1
CUS_0x4767,33732.0,2730.0,8,3,19,2,22,16,14.07,80,398.04,27.15243163068612,49.38931505211899,83.10281681572752,390.5078681321535,2023-09-01,2025-10-06 10:50:16.125,31,11,0,0,0,0,1,0,0,1,0,0,0,0,0,0,1,0,0,0,0,0,0,0,0,1
CUS_0x92d5,19590.31,1408.5258333333334,3,7,14,2,10,11,18.24,40,1131.45,25.53849707731998,31.474949338590516,73.72688223681746,325.6507517579254,2023-09-01,2025-10-06 10:50:16.125,19,2,0,0,0,0,0,0,1,1,0,0,0,0,0,0,1,0,0,0,0,0,0,0,0,1
CUS_0x9506,95713.28,7809.1066666666675,5,5,20,4,28,7,13.36,70,566.86,30.705979598985014,215.52080343888755,247.74070384713553,597.6491593806436,2023-09-01,2025-10-06 10:50:16.125,16,6,1,1,0,0,1,0,0,1,0,1,0,0,0,0,0,0,1,0,0,0,0,1,0,0
CUS_0x56d1,162550.32,13731.86,0,5,11,1,13,8,0.68,40,789.13,34.10092600130556,76.18230460622334,488.982529587941,1088.0211658058358,2023-09-01,2025-10-06 10:50:16.125,16,9,0,0,0,0,0,1,0,0,0,0,1,0,0,1,0,0,0,0,0,0,0,1,0,0
CUS_0x682b,17156.79,1216.7325,10,8,24,9,62,14,17.46,110,3115.82,24.50215929856557,85.8703711440722,119.96955891351291,205.8333199424149,2023-09-01,2025-10-06 10:50:16.125,6,11,1,1,0,1,0,1,1,1,1,1,0,0,0,0,0,1,0,0,0,0,1,0,0,0
CUS_0xa255,13309.51,836.1258333333333,3,7,13,4,17,19,19.56,40,762.58,39.89677574333146,37.52753109129994,46.70533491026161,279.3797173317718,2023-09-01,2025-10-06 10:50:16.125,27,10,1,0,0,1,0,1,0,0,0,1,0,0,0,0,0,0,1,0,0,0,0,1,0,0
CUS_0xc1fe,39215.88,3419.99,5,6,13,6,8,18,23.1,50,1903.55,30.74518568528422,159.1221441703613,112.21396823074232,320.66288759889636,2023-09-01,2025-10-06 10:50:16.125,11,4,0,0,0,1,0,0,1,0,1,1,0,0,0,0,1,0,0,0,1,0,0,0,0,0
CUS_0x215d,14244.33,1099.0275,6,7,29,6,23,18,0.91,70,2216.82,23.87402586574132,65.01423256591002,133.7181809992321,201.17033643485792,2023-09-01,2025-10-06 10:50:16.125,17,9,1,0,0,1,1,1,0,0,0,1,0,0,0,0,0,1,0,0,0,0,1,0,0,0
CUS_0x21cd,34570.08,3102.84,3,7,7,1,4,0,7.63,30,200.32,27.773631129632825,17.07800659892723,119.800916853749,443.40507654732386,2023-09-01,2025-10-06 10:50:16.125,19,9,0,0,0,0,0,0,0,0,1,0,1,0,0,0,0,0,1,0,0,0,0,0,1,0
CUS_0x4498,132856.92,11000.410000000002,3,5,8,0,26,14,10.22,30,1141.68,36.989921636739545,11711.0,1201.8545550295564,188.18644497044355,2023-09-01,2025-10-06 10:50:16.125,19,5,0,0,0,0,0,0,0,0,0,0,0,0,0,0,0,0,1,0,0,0,1,0,0,0
CUS_0x5b25,19280.89,1550.740833333333,6,4,12,6,22,8,9.69,60,884.87,26.41402671809109,52.18972872898715,150.46356236728204,242.42079223706412,2023-09-01,2025-10-06 10:50:16.125,11,0,0,1,1,1,1,0,0,1,0,1,0,0,0,0,1,0,0,0,0,0,0,0,0,1
CUS_0x8888,30199.19,2741.5991666666664,2,2,4,4,5,8,3.65,40,1421.82,37.31617771569423,51.40716591098907,203.54325033860766,289.20950041706993,2023-09-01,2025-10-06 10:50:16.125,27,3,0,0,1,0,0,1,0,0,0,0,1,0,0,1,0,0,0,0,0,0,0,0,1,0
CUS_0x8c8a,98509.71,8197.1425,5,6,6,1,14,9,7.38,80,83.94,38.83980149940055,55.70340734930403,698.4129023928357,355.5979402578604,2023-09-01,2025-10-06 10:50:16.125,16,2,0,0,1,0,0,0,0,0,0,0,1,0,0,0,1,0,0,0,0,0,1,0,0,0
CUS_0x346e,121684.36,9845.363333333333,4,6,2,3,3,11,4.5,30,1164.7,23.74194049378385,190.06480439445045,876.35384720073,208.11768173815292,2023-09-01,2025-10-06 10:50:16.125,23,10,0,0,0,0,1,0,0,1,0,0,1,0,0,1,0,0,0,0,0,0,1,0,0,0
CUS_0x473a,131693.37,10696.4475,0,7,10,3,29,0,5.22,60,1428.94,41.88364723401792,208.8584734221076,306.89417609451624,823.8921004833763,2023-09-01,2025-10-06 10:50:16.125,22,6,1,0,0,0,0,1,0,0,1,0,1,0,0,1,0,0,0,0,0,0,0,0,1,0
CUS_0xbd98,16838.82,1398.235,10,8,19,9,16,19,18.02,130,4347.3,25.86231049019815,126.11418092317096,111.57117800981932,192.13814106700968,2023-09-01,2025-10-06 10:50:16.125,1,2,1,1,1,0,0,1,1,1,1,1,0,0,0,0,0,0,1,0,0,0,1,0,0,0
CUS_0x1330,30874.43,2595.869166666667,4,5,8,2,10,5,3.82,20,243.11,26.63543442440361,48.26786997081568,67.90948238094776,403.40956431490326,2023-09-01,2025-10-06 10:50:16.125,22,2,1,0,1,0,0,0,0,0,0,0,0,0,0,1,0,0,0,1,0,0,0,0,0,0
CUS_0x29b4,14702.05,1090.660970655124,5,4,19,4,29,18,15.0,60,844.25,27.260140898921534,83.39548314675876,49.737833114851476,300.39362974993264,2023-09-01,2025-10-06 10:50:16.125,13,10,0,0,0,0,1,0,0,1,1,1,0,0,0,0,1,0,0,0,0,0,0,0,1,0
CUS_0x8568,164027.12,13711.926666666664,5,5,6,4,3,2,3.62,50,52.07,31.122009194812907,428.27176214095687,682.1561305203589,520.764774005351,2023-09-01,2025-10-06 10:50:16.125,17,5,1,0,0,1,0,0,0,0,1,0,1,0,0,1,0,0,0,1,0,0,0,0,0,0
CUS_0x8d2b,21053.37,1616.4475,4,4,2,2,30,20,1.66,10,586.15,35.552413652031326,28.386073511945764,98.96256098349708,294.2961155045572,2023-09-01,2025-10-06 10:50:16.125,24,11,0,0,0,0,1,0,0,1,0,0,1,0,0,1,0,0,0,1,0,0,0,0,0,0
CUS_0xa213,67614.24,5558.52,7,10,17,2,39,22,9.66,140,1330.8,30.82564493195521,95.0328666702966,133.28835074709409,577.5307825826094,2023-09-01,2025-10-06 10:50:16.125,17,3,0,0,0,1,0,0,1,0,0,1,0,0,0,0,0,1,0,0,0,0,0,0,0,1
CUS_0x1938,31481.45,2834.454166666667,4,3,8,0,21,15,11.45,50,650.3,30.522471411925743,0.0,80.64156078658314,452.80385588008363,2023-09-01,2025-10-06 10:50:16.125,33,5,0,0,0,0,0,0,0,0,0,0,1,0,0,1,0,0,0,0,1,0,0,0,0,0
CUS_0x56d3,16916.38,1406.6983333333335,3,7,23,5,29,17,12.77,130,1677.29,39.413889953951696,57.36799441112792,10000.0,304.30589352345095,2023-09-01,2025-10-06 10:50:16.125,12,3,0,0,0,1,1,0,1,0,1,1,0,0,0,0,1,0,0,1,0,0,0,0,0,0
CUS_0x684a,81298.72,6768.8933333333325,9,8,22,5,50,17,16.15,170,4666.2,36.53956120158149,208.75539363966732,126.03746047269043,582.0964792209758,2023-09-01,2025-10-06 10:50:16.125,9,0,0,1,0,0,1,0,1,0,0,1,0,0,0,0,0,0,1,0,0,1,0,0,0,0
CUS_0x9c08,139582.6,11353.883333333331,4,7,4,3,4,8,4.64,70,1102.14,36.45484066439396,300.07610999568266,342.2615034522293,743.0507198854215,2023-09-01,2025-10-06 10:50:16.125,17,10,0,1,1,1,0,0,0,0,0,0,1,0,0,1,0,0,0,0,1,0,0,0,0,0
CUS_0xbfe0,7201.155,650.0962499999998,8,10,32,7,42,18,15.99,110,1926.88,38.5026002856276,35.864701904284026,54.63600871483399,244.508914380882,2023-09-01,2025-10-06 10:50:16.125,13,11,1,0,0,1,1,1,0,1,1,1,0,0,0,0,0,1,0,0,0,0,0,0,1,0
CUS_0xe4e,108073.68,8738.14,3,3,9,0,29,14,16.16,70,1323.25,38.32725298837817,0.0,366.55451252390844,757.2594874760914,2023-09-01,2025-10-06 10:50:16.125,19,9,0,0,0,0,0,0,0,0,0,1,0,0,0,0,1,0,0,0,1,0,0,0,0,0
CUS_0x2a25,9834.33,626.5275,9,8,30,6,47,17,22.71,110,3427.41,37.02816673440472,47.5076315910696,81.62322167651487,223.52189673241557,2023-09-01,2025-10-06 10:50:16.125,11,5,1,0,0,1,0,0,1,1,1,1,0,0,0,0,0,1,0,0,0,0,1,0,0,0
CUS_0x6eb3,71716.6,5523.2523853841785,3,5,9,3,6,20,7.65,70,418.54,38.80203268248457,679.4240332746621,10000.0,368.84025439140237,2023-09-01,2025-10-06 10:50:16.125,16,11,1,0,0,0,0,1,0,0,1,1,0,0,0,0,0,0,1,1,0,0,0,0,0,0
CUS_0x2bf1,73128.0,5796.0,5,6,20,1,15,12,15.63,40,1237.13,38.858207052965774,42.36714782204038,91.34941391881719,685.8834382591425,2023-09-01,2025-10-06 10:50:16.125,20,4,0,1,0,0,0,0,0,0,0,1,0,0,0,0,0,0,1,0,0,1,0,0,0,0
CUS_0x2c9f,52982.06999999999,4344.1725,6,8,31,8,50,15,18.37,80,3951.34,32.77958945251695,271.64189758452426,76.67527022082203,326.1000821946537,2023-09-01,2025-10-06 10:50:16.125,8,11,1,1,1,1,1,0,0,1,0,1,0,0,0,0,0,0,1,0,0,1,0,0,0,0
CUS_0x1c89,8723.565,506.96375,1201,10,33,9,45,25,16.6,140,4200.42,33.51217254362699,45.16312883070099,18.583838342178773,266.94940782712024,2023-09-01,2025-10-06 10:50:16.125,13,0,1,0,1,1,1,0,1,1,1,1,0,0,0,0,0,1,0,0,0,0,0,1,0,0
CUS_0x4ebb,67583.2,5884.9333333333325,8,8,18,8,51,16,9.85,170,4097.99,34.870001836234344,401.344486182328,128.36746857775924,308.7813785732461,2023-09-01,2025-10-06 10:50:16.125,6,6,0,0,0,0,1,0,1,1,1,1,0,0,0,0,0,1,0,0,1,0,0,0,0,0
CUS_0x8b1f,58280.72,4760.7266666666665,5,7,12,1,2,4,7.78,40,471.3,41.39379422114219,37.4112176848889,148.57287769665172,540.088571285126,2023-09-01,2025-10-06 10:50:16.125,31,10,0,0,0,0,0,0,1,0,0,0,0,0,0,1,0,0,0,0,1,0,0,0,0,0
CUS_0x9967,52410.5,4650.541666666667,7,5,2,0,11,8,14.59,40,1147.16,29.16524509213389,0.0,283.64125915262525,441.41290751404154,2023-09-01,2025-10-06 10:50:16.125,16,3,0,0,0,0,0,0,0,0,0,0,1,0,0,0,0,0,1,1,0,0,0,0,0,0
CUS_0xbc57,31236.78,2335.065,4,4,24,4,13,5,7.2200000000000015,60,2250.42,29.8538006439616,80.33364377858555,57.38949963576431,335.78335658565015,2023-09-01,2025-10-06 10:50:16.125,6,3,1,0,1,0,1,0,0,1,0,1,0,0,0,0,1,0,0,0,0,1,0,0,0,0
CUS_0x9ec2,173126.12,14289.176666666664,3,147,2,2,8,5,9.92,10,292.25,40.43820816179553,250.6650664565868,627.7928010158189,830.459799194261,2023-09-01,2025-10-06 10:50:16.125,29,11,0,0,0,0,0,0,1,0,0,0,1,0,0,1,0,0,0,0,0,0,0,1,0,0
CUS_0x50b5,31577.16,2924.43,10,6,15,2,24,18,0.0,90,1470.79,32.44600621099739,40.24901952297961,81.89082649432966,430.30315398269073,2023-09-01,2025-10-06 10:50:16.125,19,2,0,0,0,1,0,0,0,1,0,0,0,0,0,0,0,0,1,1,0,0,0,0,0,0
CUS_0x7d8a,18781.73,1628.144166666667,6,6,25,2,19,16,9.25,100,1314.3,38.76863348877976,28.171864120340253,104.18212534693514,300.46042719939135,2023-09-01,2025-10-06 10:50:16.125,12,10,0,0,1,0,0,0,0,1,0,1,0,0,0,0,0,1,0,0,0,0,0,0,1,0
CUS_0x9cd7,62892.92,5461.076666666667,7,6,33,5,29,15,3.58,170,2432.07,25.759913697684425,211.79646194479983,184.8201752945015,399.4910294273653,2023-09-01,2025-10-06 10:50:16.125,18,2,0,0,0,0,1,1,1,1,1,1,0,0,0,0,0,1,0,0,1,0,0,0,0,0
CUS_0x1f60,34266.08,3038.5066666666667,8,9,21,6,17,10,10.07,70,1843.93,27.518295180048145,161.84401052451256,305.5157209739947,126.49093516815941,2023-09-01,2025-10-06 10:50:16.125,11,5,1,0,0,1,1,0,0,1,1,1,0,0,0,0,0,0,1,0,0,0,1,0,0,0
CUS_0xba52,68471.16,5967.93,4,3,11,3,12,19,3.41,60,403.31,41.00423653389533,157.5362679770726,374.3185654420352,324.9381665808922,2023-09-01,2025-10-06 10:50:16.125,32,10,0,0,1,0,0,1,0,1,0,1,0,0,0,0,1,0,0,1,0,0,0,0,0,0
CUS_0x1abc,28431.06,2610.255,5,6,14,2,9,15,8.940000000000003,40,1098.59,27.012695944096755,31.150497946465048,155.96395843943398,363.91104361410095,2023-09-01,2025-10-06 10:50:16.125,23,0,1,0,0,0,0,0,1,0,0,1,0,0,0,0,0,0,1,0,0,0,1,0,0,0
CUS_0xa1ea,134316.2,11429.016666666668,8,3,11,0,21,16,16.5,40,1383.6,35.348565011675774,0.0,383.03007204690516,1009.8715946197617,2023-09-01,2025-10-06 10:50:16.125,20,0,0,0,0,0,0,0,0,0,0,1,0,0,0,0,0,0,1,0,1,0,0,0,0,0
CUS_0x302d,14258.85,1135.2375,6,9,28,7,30,24,1.01,100,4295.5,25.22961017590352,54.79394526866179,133.01565279572728,215.7141519356109,2023-09-01,2025-10-06 10:50:16.125,2,6,1,0,0,1,1,1,1,1,0,1,0,0,0,0,0,0,1,0,0,0,1,0,0,0
CUS_0x9e76,35836.84,2755.231539911478,4,6,18,3,13,17,3.66,40,1004.66,37.77664888309869,161.07848543949487,41.68894876497621,443.94469255071664,2023-09-01,2025-10-06 10:50:16.125,31,9,0,1,1,0,0,0,0,0,0,0,1,0,0,0,1,0,0,0,1,0,0,0,0,0
CUS_0xa778,17791.55,1587.6291666666666,10,6,34,8,32,15,9.12,110,1682.62,33.41207810650051,116.52718356334012,54.49633363075469,237.73939947257182,2023-09-01,2025-10-06 10:50:16.125,11,5,1,0,0,1,1,1,0,0,0,1,0,0,0,0,0,1,0,0,1,0,0,0,0,0
CUS_0x1430,20048.23,1637.6858333333332,2,6,9,4,15,7,5.01,40,224.98,34.599995987321854,41.94727190884624,198.11193585851467,213.70937556597244,2023-09-01,2025-10-06 10:50:16.125,19,4,0,0,0,0,0,1,1,1,0,0,1,0,0,1,0,0,0,0,0,0,1,0,0,0
CUS_0x2c81,14954.745,1331.22875,6,4,20,6,17,13,14.91,60,255.76,39.05727425718906,54.36774160005656,79.00090876961919,289.75422463032425,2023-09-01,2025-10-06 10:50:16.125,18,2,1,0,0,0,1,1,0,1,0,1,0,0,0,0,0,0,1,0,0,0,1,0,0,0
CUS_0x251a,59112.81,4802.0675,5,7,8,3,15,8,10.12,80,1421.95,24.63274314812841,112.19151340265836,312.64071541467814,335.3745211826636,2023-09-01,2025-10-06 10:50:16.125,22,8,0,0,0,1,1,0,0,0,0,1,0,0,0,0,1,0,0,0,0,0,0,1,0,0
CUS_0x599e,117785.2,9973.433333333332,0,1,3,2,1,2,1.75,30,621.66,33.20648613823004,166.36215872364926,106.24837609355913,964.7327985161247,2023-09-01,2025-10-06 10:50:16.125,19,3,0,0,0,1,1,0,0,0,0,0,1,0,0,1,0,0,0,0,0,1,0,0,0,0
CUS_0x8bf2,46360.11,3901.3425,3,3,27,2,20,17,17.2,80,1649.46,34.00952318986983,48.50189980445728,155.07965160543233,436.5526985901105,2023-09-01,2025-10-06 10:50:16.125,9,8,1,0,0,0,0,1,0,0,0,1,0,0,0,0,1,0,0,0,1,0,0,0,0,0
CUS_0x450,14971.72,1546.6433333333332,7,10,31,3,45,15,11.17,150,1618.3,37.508444461531774,27.40635549149365,106.95451587209429,310.30346196974534,2023-09-01,2025-10-06 10:50:16.125,15,5,0,0,0,0,0,0,1,0,1,1,0,0,0,0,1,0,0,0,0,0,1,0,0,0
CUS_0x9df8,94330.83,8076.9025,3,4,9,6,9,14,18.93,70,185.98,30.24311836578348,60919.0,389.25014940326594,434.49434487201484,2023-09-01,2025-10-06 10:50:16.125,18,3,1,1,0,0,1,0,0,1,0,0,0,0,0,0,1,0,0,1,0,0,0,0,0,0
CUS_0x77f6,7782.32,775.5266666666665,8,10,26,7,46,14,17.48,70,1649.28,25.408438547254725,44.25073854165982,46.98329167654564,276.3186364484613,2023-09-01,2025-10-06 10:50:16.125,14,4,1,1,1,1,1,0,1,0,0,1,0,0,0,0,1,0,0,0,0,0,1,0,0,0
CUS_0x45c0,27954.68,2228.556666666667,3,3,12,0,13,11,0.95,30,1440.56,26.592964704304705,50.37342112451706,202.1386537386177,240.34359180353198,2023-09-01,2025-10-06 10:50:16.125,21,10,0,1,0,0,1,0,0,0,0,0,1,0,0,1,0,0,0,0,0,0,0,0,1,0
CUS_0x576d,40406.18,3191.181666666667,5,5,32,7,23,13,10.07,80,1309.82,34.12759084174838,127.41568143891406,116.34570688098421,335.35677834676835,2023-09-01,2025-10-06 10:50:16.125,7,8,1,1,0,0,1,1,0,1,1,1,0,0,0,0,1,0,0,1,0,0,0,0,0,0
CUS_0x6048,18627.64,1387.303333333333,7,7,19,6,31,18,5.07,70,1793.54,38.78895428776155,65.13948777561222,98.80418973887456,264.78665581884655,2023-09-01,2025-10-06 10:50:16.125,19,4,0,0,1,0,1,1,0,1,0,1,0,0,0,0,0,1,0,0,0,0,1,0,0,0
CUS_0x3e03,35971.49,3097.624166666666,5,5,18,2,27,14,9.78,90,132.82,35.751199722641815,54.481740177847726,66.9641596673802,438.3165168214388,2023-09-01,2025-10-06 10:50:16.125,27,10,0,0,0,1,1,0,0,0,0,1,0,0,0,0,1,0,0,0,1,0,0,0,0,0
CUS_0x4a91,16106.84,1368.236666666667,4,1226,8,1,8,10,2.62,30,1174.53,36.97015395910982,12.367279071854188,76.38198559186984,338.07440200294263,2023-09-01,2025-10-06 10:50:16.125,25,11,0,0,1,0,0,0,0,0,0,0,1,0,0,1,0,0,0,0,0,0,1,0,0,0
CUS_0x5704,69212.0,5536.666666666668,4,7,2330,4,6,17,4.83,30,1094.93,26.494681780238537,152.19349768129737,212.91652634221762,438.5566426431518,2023-09-01,2025-10-06 10:50:16.125,18,10,0,0,0,0,1,0,1,1,0,0,1,0,0,0,1,0,0,0,1,0,0,0,0,0
CUS_0x2f39,54881.55,4633.4625,9,10,22,7,21,16,5.24,110,4727.09,40.25356974847389,218.6546696623548,145.05814439277654,369.6334359448688,2023-09-01,2025-10-06 10:50:16.125,3,4,1,1,0,1,0,1,1,0,0,1,0,0,0,0,0,0,1,0,0,0,0,0,1,0
CUS_0x396d,33032.46,2842.705,8,7,20,0,24,9,8.68,80,891.29,38.46715450046847,35.275234367572835,32.21787589704023,456.777389735387,2023-09-01,2025-10-06 10:50:16.125,15,9,0,0,0,0,0,0,0,1,1,1,0,0,0,0,1,0,0,0,0,1,0,0,0,0
CUS_0x67dc,127491.48,10731.29,5,1,1,4,4,9,1.65,40,563.31,26.996154301723397,287.1611884608103,357.096005336859,688.8718062023307,2023-09-01,2025-10-06 10:50:16.125,23,4,0,1,0,1,0,0,0,1,0,0,1,0,0,1,0,0,0,1,0,0,0,0,0,0
CUS_0x7459,9886.53,575.8775,8,3,3,4,20,10,1.84,50,102.46,23.60407388090752,30.06462553448722,38.46753964280741,269.05558482270544,2023-09-01,2025-10-06 10:50:16.125,20,11,1,0,0,0,0,0,1,0,1,0,1,0,0,0,0,0,1,0,0,0,0,1,0,0
CUS_0x75d3,17604.075,1236.00625,7,7,13,3,6,15,4.1,8810,353.62,31.28821649307085,37.54383620289943,156.83511630241247,219.2216724946881,2023-09-01,2025-10-06 10:50:16.125,25,5,0,1,0,1,0,0,0,1,0,0,1,0,0,0,1,0,0,0,0,0,1,0,0,0
CUS_0x4dff,27131.57,2273.964166666666,4,4,11,2,15,15,8.02,80,783.37,31.255060920548736,23.084658960852924,32.20387166839884,412.10788603741486,2023-09-01,2025-10-06 10:50:16.125,17,9,0,1,0,0,0,0,0,0,0,0,0,0,0,0,1,0,0,0,0,1,0,0,0,0
CUS_0xab61,27099.11,2110.2591666666667,8,4,334,0,5,13,0.0,20,186.93,28.39292813852545,0.0,97.11234101114736,403.9135756555193,2023-09-01,2025-10-06 10:50:16.125,17,11,0,0,0,0,0,0,0,0,0,0,1,0,0,0,1,0,0,0,0,0,1,0,0,0
CUS_0x297f,38612.19,2944.682500000001,5,3,11,2,1,3,10.82,40,595.38,27.857412127771926,52.840944988801816,201.2375224831105,330.38978252808766,2023-09-01,2025-10-06 10:50:16.125,31,2,0,1,0,0,0,0,0,1,0,0,1,0,0,1,0,0,0,0,0,0,1,0,0,0
CUS_0x7029,16944.54,1689.045,8,5,16,0,17,20,18.04,40,1066.99,38.90865644340889,0.0,89.76288957840704,349.14161042159304,2023-09-01,2025-10-06 10:50:16.125,32,4,0,0,0,0,0,0,0,0,0,1,0,0,0,0,1,0,0,0,0,0,0,0,1,0
CUS_0x2aed,79794.6,6927.55,8,4,7,4,11,13,13.46,50,830.5,34.399315438369605,224.72467629518508,597.0883736764866,140.9419500283284,2023-09-01,2025-10-06 10:50:16.125,17,8,0,1,0,0,0,1,1,0,1,1,0,0,0,0,1,0,0,0,0,0,0,0,1,0
CUS_0x1619,20059.98,1523.665,8,5,12,966,25,11,2.97,80,909.01,32.47377275901753,45.07682694067719,10000.0,267.1849850078536,2023-09-01,2025-10-06 10:50:16.125,16,10,0,0,0,1,1,0,1,1,0,0,1,0,0,1,0,0,0,0,0,0,1,0,0,0
CUS_0x1d64,73627.68,6280.639999999999,6,6,19,2,13,13,16.71,60,946.92,25.8302849725812,67.09929401286057,168.4992473451706,672.4654586419688,2023-09-01,2025-10-06 10:50:16.125,26,2,0,0,0,1,0,0,0,0,1,1,0,0,0,0,1,0,0,0,0,0,0,1,0,0
CUS_0x8f59,24577.48,2055.123333333333,5,5,18,6,23,12,11.91,100,844.54,28.35981596438953,95.53848736976772,232.07197440796642,167.9018715555992,2023-09-01,2025-10-06 10:50:16.125,14,9,0,0,1,1,0,1,1,0,1,1,0,0,0,0,0,0,1,0,0,0,0,0,0,1
CUS_0xb7cf,25784.65,1853.720833333333,3,7,20,6,15,8,11.79,80,1181.19,25.062010377134143,100.3082272124392,10000.0,301.47815612001585,2023-09-01,2025-10-06 10:50:16.125,6,4,0,1,1,1,0,1,1,1,0,1,0,0,0,0,1,0,0,1,0,0,0,0,0,0
CUS_0x4771,144051.84,11992.32,5,6,18,7,22,20,15.96,80,1319.45,24.359132361850392,585.8299975729158,10000.0,622.5364409193272,2023-09-01,2025-10-06 10:50:16.125,11,0,1,1,1,0,1,0,0,0,1,1,0,0,0,0,0,0,1,0,0,1,0,0,0,0
CUS_0x6c8e,19098.69,1509.5575,8,10,22,9,47,19,26.84,1540,4964.77,38.36595309041325,95.42339345987509,161.87680368863272,183.6555528514922,2023-09-01,2025-10-06 10:50:16.125,12,3,1,0,1,1,1,1,1,0,0,1,0,0,0,0,0,1,0,0,0,0,1,0,0,0
CUS_0xa79d,18759.61,1455.3008333333337,8,6,34,9,32,18,29.97,100,4983.86,38.56488515883757,87.18813971396236,129.63840439521402,208.70353922415694,2023-09-01,2025-10-06 10:50:16.125,1,2,1,0,0,1,1,1,1,0,1,1,0,0,0,0,0,1,0,0,0,0,0,0,0,1
CUS_0xaff6,32876.7,2541.725,7,4,20,1,11,10,14.28,30,807.3,34.80667124530044,23.79430355489239,54.03467601042478,409.0252514525215,2023-09-01,2025-10-06 10:50:16.125,17,5,0,0,0,0,1,0,0,0,0,1,0,0,0,0,1,0,0,1,0,0,0,0,0,0
CUS_0x42eb,20616.96,1882.08,9,10,23,3,36,24,12.97,90,2684.13,28.43666075679654,29.75642124622507,122.25403515901888,306.19754359475604,2023-09-01,2025-10-06 10:50:16.125,15,0,1,0,0,0,0,0,1,0,1,1,0,0,0,0,0,1,0,0,0,0,0,0,1,0
CUS_0x4ad9,29310.85,2522.570833333333,8,4,20,4,9,22,9.3,40,1184.49,34.6752481486825,93.77119066817184,30.359240051374197,368.1266526137873,2023-09-01,2025-10-06 10:50:16.125,32,1,0,1,0,0,0,1,1,0,0,0,1,0,0,0,0,0,1,0,0,1,0,0,0,0
CUS_0x5fec,97351.8,7912.6500000000015,3,5,11,1,11,9,8.72,20,1055.95,29.353614341776236,44.964136718064346,134.80507301409668,851.4957902678391,2023-09-01,2025-10-06 10:50:16.125,33,0,1,0,0,0,0,0,0,0,0,1,0,0,0,0,1,0,0,0,0,0,0,0,0,1
CUS_0x81d4,141873.52,11869.793333333331,3,7,11,4,26,9,11.64,40,803.61,33.496107573485176,465.7692341410437,10000.0,742.668598095706,2023-09-01,2025-10-06 10:50:16.125,26,10,0,0,0,0,1,0,1,1,0,0,1,0,0,0,0,0,1,0,0,1,0,0,0,0
CUS_0x8c90,2.1001046E7,11615.283333333333,6,3,18,6,7,15,12.74,100,34.7,38.946129003262506,389.8371966599542,901.8700182052022,149.82111846817702,2023-09-01,2025-10-06 10:50:16.125,17,0,1,0,1,1,1,0,1,0,0,1,0,0,0,0,1,0,0,0,0,0,0,1,0,0
CUS_0xc26e,52395.84,4278.32,6,3,6,4,24,18,13.46,60,774.35,32.669381265850205,108.54397368884392,527.3018457147382,81.98618059641797,2023-09-01,2025-10-06 10:50:16.125,31,4,0,0,1,1,0,1,0,1,0,0,1,0,0,0,1,0,0,0,0,0,1,0,0,0
CUS_0x741,122566.59,10323.8825,0,7,1,0,18,10,1.14,30,889.69,36.740296104443175,0.0,484.3634143577758,828.0248356422243,2023-09-01,2025-10-06 10:50:16.125,17,10,0,0,0,0,0,0,0,0,0,0,1,0,0,0,0,0,1,0,0,0,0,1,0,0
CUS_0xaa0a,8770.725,851.8937500000002,5,5,7,4,20,11,8.77,60,1609.69,36.84699806731796,23.11902746600553,31.287287477638394,280.7830600563561,2023-09-01,2025-10-06 10:50:16.125,12,4,0,0,1,0,0,0,0,1,1,1,0,0,0,0,0,0,1,0,1,0,0,0,0,0
CUS_0xc2cb,22387.125,1677.59375,4,3,12,0,3,0,3.93,10,1389.37,22.228752489857023,0.0,157.07537262703403,290.684002372966,2023-09-01,2025-10-06 10:50:16.125,27,0,0,0,0,0,0,0,0,0,0,0,1,0,0,1,0,0,0,0,0,0,0,1,0,0
CUS_0x1169,115324.62,9772.385,2,5,8,4,9,6,5.5,30,1316.45,40.506395476913774,199.25125980012183,380.2486071571585,657.7386330427197,2023-09-01,2025-10-06 10:50:16.125,23,11,0,0,1,0,0,1,0,1,0,0,1,0,0,1,0,0,0,1,0,0,0,0,0,0
CUS_0x87f0,44964.22,3898.018333333333,6,1153,15,3,27,20,13.04,30,210.15,36.46915409011741,75.40796961423621,298.2993607025106,431.31235605581213,2023-09-01,2025-10-06 10:50:16.125,33,5,1,0,1,0,0,1,0,0,0,1,0,0,0,0,0,0,1,0,1,0,0,0,0,0
CUS_0x7e3f,80676.84,6929.07,4,619,12,0,15,4,1.2,40,1035.77,27.68314603059711,0.0,113.15155818330307,819.7554418166969,2023-09-01,2025-10-06 10:50:16.125,18,3,0,0,0,0,0,0,0,0,0,0,1,0,0,1,0,0,0,0,0,1,0,0,0,0
CUS_0x48ca,40878.85,3440.570833333333,0,5,11,4,4,7,9.86,80,1360.31,27.785274084916463,105.01709131492088,121.35676483054085,367.6832271878717,2023-09-01,2025-10-06 10:50:16.125,24,6,1,0,1,0,0,1,0,0,0,0,1,0,0,0,0,0,1,0,1,0,0,0,0,0
CUS_0xbb0c,106546.08,8951.84,8,3,13,1,6,12,11.21,30,206.52,40.28330324007612,86.16494276689505,10000.0,930.0872394986301,2023-09-01,2025-10-06 10:50:16.125,17,0,0,0,0,1,0,0,0,0,0,0,1,0,0,0,1,0,0,0,0,1,0,0,0,0
CUS_0xe23,17815.585,1427.6320833333332,8,6,18,1,25,14,14.18,100,982.63,33.897781827206465,13.346551788340271,69.65885680812096,339.75779973687213,2023-09-01,2025-10-06 10:50:16.125,30,11,0,0,0,0,0,0,1,0,0,1,0,0,0,0,0,0,1,0,0,0,0,1,0,0
CUS_0x117d,70779.18,5861.264999999999,1,4,9,4,14,0,3.61,40,1340.31,25.856378034105678,131.34831160336728,300.6020796271049,414.17610876952784,2023-09-01,2025-10-06 10:50:16.125,21,5,0,0,0,0,1,1,0,0,1,0,1,0,0,1,0,0,0,1,0,0,0,0,0,0
CUS_0x7bee,23631.2,1892.2666666666669,4,4,18,3,16,14,11.7,10,903.96,36.8970439400437,34.30784054617522,154.88706497443727,280.0317611460543,2023-09-01,2025-10-06 10:50:16.125,27,3,1,1,0,0,1,0,0,0,0,1,0,0,0,0,0,0,1,0,0,0,0,1,0,0
CUS_0xc2a6,9869.175,536.43125,7,7,19,0,15,17,10.66,40,274.65,27.469403172063213,0.0,63.791612396717596,279.8515126032824,2023-09-01,2025-10-06 10:50:16.125,32,9,0,0,0,0,0,0,0,0,0,0,0,0,0,0,1,0,0,0,0,0,1,0,0,0
CUS_0x3e4b,18228.535,1402.044583333333,0,3,2,4,3,0,8.35,25540,157.78,31.44159135002069,54.00702617124069,51.01773326056789,285.17969890152483,2023-09-01,2025-10-06 10:50:16.125,21,2,0,1,0,0,1,0,0,0,1,0,1,0,0,0,0,0,1,0,1,0,0,0,0,0
CUS_0x8b26,30228.82,2406.068333333333,7,7,18,8,50,16,5.51,100,1430.8,27.385191743693504,131.5607132374166,99.80761798083509,259.23850211508164,2023-09-01,2025-10-06 10:50:16.125,13,2,0,0,0,1,1,1,1,0,1,1,0,0,0,0,0,1,0,0,1,0,0,0,0,0
CUS_0x75a0,43501.95,3418.1625,7,7,20,3,34,19,9.11,60,2373.4,27.15133874410068,68.05068485895522,228.8916639018881,304.8739012391567,2023-09-01,2025-10-06 10:50:16.125,16,10,0,0,1,0,1,0,0,1,0,1,0,0,0,0,0,0,1,1,0,0,0,0,0,0
CUS_0xc2dc,42450.3,3382.525,6,5,20,9,15,25,27.85,70,4653.37,29.439359618619463,165.16512521347562,93.35891788563744,339.728456900887,2023-09-01,2025-10-06 10:50:16.125,5,9,0,0,1,1,1,1,0,1,0,1,0,0,0,0,0,1,0,1,0,0,0,0,0,0
CUS_0x3663,31856.05,2573.670833333333,3,1,5,3,12,3,3.21,70,1178.38,33.618908612404816,66.88655449804094,34.42488023484064,269.71601014946634,2023-09-01,2025-10-06 10:50:16.125,30,6,0,0,0,1,1,0,0,0,0,0,1,0,0,1,0,0,0,0,0,0,0,0,1,0
CUS_0x50a2,64173.56,5163.796666666666,7,4,11,2,7,17,6.66,30,497.23,33.28953712606716,68.34879900986488,675.4448560282709,62.5860116285308,2023-09-01,2025-10-06 10:50:16.125,30,4,0,0,1,0,0,1,0,0,0,0,1,0,0,0,0,0,1,0,0,0,1,0,0,0
CUS_0x65b1,20623.16,1592.5966666666666,6,8,20,9,28,23,2.41,110,4973.64,26.287793879571645,108.98066347640146,117.84082464498472,212.4381785452805,2023-09-01,2025-10-06 10:50:16.125,13,0,1,0,0,1,0,1,0,1,1,1,0,0,0,0,0,1,0,0,0,0,0,1,0,0
CUS_0xb966,14483.14,1290.9283333333333,9,5,22,6,61,21,5.73,160,2030.51,35.26846520790497,54.9270726994561,98.19162673285406,245.97413390102318,2023-09-01,2025-10-06 10:50:16.125,17,0,0,1,0,1,0,0,0,1,1,1,0,0,0,0,0,1,0,0,0,0,0,0,1,0
CUS_0x58ea,30247.7,2328.641666666667,5,6,10,7,17,10,15.87,80,841.39,34.99671590650006,90.59921818844671,108.14561815626516,324.1193303219548,2023-09-01,2025-10-06 10:50:16.125,12,11,0,1,0,1,1,0,0,1,0,1,0,0,0,0,0,0,1,0,0,0,1,0,0,0
CUS_0x7148,14828.19,1413.6345911832589,5,5,17,5,29,17,19.21,100,2646.26,26.57814956092454,86.73101694608782,44.82549040307499,301.75965146757824,2023-09-01,2025-10-06 10:50:16.125,13,9,0,1,1,0,0,1,0,0,0,1,0,0,0,0,1,0,0,1,0,0,0,0,0,0
CUS_0x7f07,8572.585,425.395842089848,6,3,8,5,9,11,7.91,110,311.57,28.31940760328516,53.90158323426754,0.0,252.56790008547432,2023-09-01,2025-10-06 10:50:16.125,8,5,0,0,0,1,1,1,0,0,1,1,0,0,0,0,0,0,1,0,0,1,0,0,0,0
CUS_0xac08,19068.01,1413.000833333333,7,1155,31,7,13,8,19.0,50,1575.5,29.129991150605186,57.1539204569821,92.49429744582966,281.65186543052164,2023-09-01,2025-10-06 10:50:16.125,20,0,1,0,1,0,1,0,1,0,1,1,0,0,0,0,0,0,1,0,0,0,1,0,0,0
CUS_0xc3b9,80718.56,6543.546666666666,3,6,10,7,9,11,10.77,100,1346.31,30.691261137299197,368.4280762352069,114.66130101464337,411.2652894168165,2023-09-01,2025-10-06 10:50:16.125,19,5,0,0,1,0,1,1,1,1,0,1,0,0,0,0,0,0,1,0,0,1,0,0,0,0
CUS_0x2d76,48615.22,3937.268333333333,4,7,15,4,29,11,3.4399999999999995,60,1235.05,35.258823827574304,135.35743365490544,43.36673959390827,455.0026600845197,2023-09-01,2025-10-06 10:50:16.125,16,10,0,0,0,0,1,1,0,1,1,0,0,0,0,0,1,0,0,0,0,1,0,0,0,0
CUS_0x37f4,69941.88,5674.490000000002,5,5,25,7,25,8,9.84,90,1948.88,32.31727063268654,403.3879318530223,354.55022954054164,69.51083860643621,2023-09-01,2025-10-06 10:50:16.125,15,8,0,0,1,1,1,0,0,1,1,0,0,0,0,0,1,0,0,1,0,0,0,0,0,0
CUS_0x6e6c,59458.29,4692.8575,8,5,13,1,27,20,6.62,10,1114.52,29.092115349478146,26.333036642979444,485.16060687146415,247.79210648555645,2023-09-01,2025-10-06 10:50:16.125,19,6,0,0,0,1,0,0,0,0,0,1,0,0,0,0,0,0,1,0,0,0,1,0,0,0
CUS_0x73b3,14595.6,1058.3,8,5,30,3,20,15,16.12,140,2075.14,35.518153538013365,34.842046266266486,112.73359509054731,248.25435864318618,2023-09-01,2025-10-06 10:50:16.125,10,0,0,0,0,0,1,1,0,0,0,1,0,0,0,0,1,0,0,0,0,0,1,0,0,0
CUS_0x910a,16701.54,1555.795,7,6,26,5,62,16,19.53,140,3356.86,33.113016377093146,45.01267381915569,55.76253302938207,324.80429315146233,2023-09-01,2025-10-06 10:50:16.125,4,0,0,0,0,1,1,0,0,1,0,0,0,0,0,0,0,1,0,0,0,0,0,0,1,0
CUS_0xaa3b,31892.18,2932.681666666667,5,3,20,2,21,21,4.14,50,507.01,24.800600577127582,38.14402700101223,39.76589866279824,432.90228073670767,2023-09-01,2025-10-06 10:50:16.125,32,4,0,1,1,0,0,0,0,0,0,0,1,0,0,0,1,0,0,0,1,0,0,0,0,0
CUS_0xaeec,7207.44,625.62,9,5,15,6,17,9,15.11,100,2251.64,28.00310525717781,35.07605126285198,29.331838237712933,288.1541104994351,2023-09-01,2025-10-06 10:50:16.125,7,11,0,0,1,0,1,0,0,1,1,0,0,0,0,0,1,0,0,0,0,0,1,0,0,0
CUS_0x3b59,25659.34,2238.278333333333,5,3,15,4,27,16,4.19,20,1323.93,25.19224490138145,54.98197115275013,163.04022406699062,295.80563811359264,2023-09-01,2025-10-06 10:50:16.125,25,5,1,0,1,1,1,0,0,0,0,0,1,0,0,0,1,0,0,0,0,0,1,0,0,0
CUS_0xa17a,173569.2,14672.1,1,5,11,2,11,1,5.34,13190,190.4,46.979228554522,206.2468013583729,110.7079405051396,1390.2552581364873,2023-09-01,2025-10-06 10:50:16.125,30,8,0,0,0,0,0,0,1,0,1,0,1,0,0,1,0,0,0,0,0,1,0,0,0,0
CUS_0x34a3,14407.92,913.66,10,8,30,6,59,21,28.63,110,4283.59,33.91498919147891,67.22055998304457,39.68355719322594,274.4618828237295,2023-09-01,2025-10-06 10:50:16.125,0,9,0,0,1,1,0,1,1,1,0,1,0,0,0,0,0,1,0,0,0,0,1,0,0,0
CUS_0x4e60,17379.88,1657.3233333333335,7,7,22,9,27,17,6.85,60,2383.67,34.75519451466073,78.26611994226198,70.25431531804628,267.2118980730251,2023-09-01,2025-10-06 10:50:16.125,17,11,1,1,1,0,1,1,0,1,1,1,0,0,0,0,0,1,0,0,1,0,0,0,0,0
CUS_0x50b9,28805.89,2507.4908333333333,2,6,10,0,11,3,11.61,40,1124.97,33.202534051559795,0.0,29.705454727966465,471.0436286053669,2023-09-01,2025-10-06 10:50:16.125,18,4,0,0,0,0,0,0,0,0,0,0,1,0,0,0,0,0,1,0,1,0,0,0,0,0
CUS_0x88a0,76087.68,6155.639999999999,6,1191,9,4,14,10,8.73,20,50.22,39.677452516867525,232.06607700765412,10000.0,519.4126473842948,2023-09-01,2025-10-06 10:50:16.125,22,2,1,1,0,0,0,0,0,1,0,1,0,0,0,0,1,0,0,0,0,1,0,0,0,0
CUS_0x1d86,47725.98,4099.164999999999,7,8,32,3,45,11,10.52,150,2554.95,29.027303240925303,65.9700019542524,420.8290955812909,213.11740246445663,2023-09-01,2025-10-06 10:50:16.125,14,2,1,1,0,0,0,0,0,1,0,1,0,0,0,0,1,0,0,0,0,0,1,0,0,0
CUS_0xb912,12524.625,897.71875,5,3,13,0,5,9,14.77,110,689.18,29.76275028824079,0.0,36.98403572466643,332.7878392753336,2023-09-01,2025-10-06 10:50:16.125,5,11,0,0,0,0,0,0,0,0,0,1,0,0,0,0,0,0,1,0,0,0,0,1,0,0
CUS_0x2fbe,79370.76,6849.23,8,3,19,3,16,16,7.59,70,715.18,40.247351716768414,115.48560334254444,279.18399444445413,540.2534022130014,2023-09-01,2025-10-06 10:50:16.125,30,10,0,0,1,0,0,0,1,0,0,0,1,0,0,0,1,0,0,0,1,0,0,0,0,0
CUS_0xb6cd,43825.16,3852.096666666667,2,5,9,0,15,11,5.37,20,445.91,37.53855763174143,0.0,169.70047644820582,485.50919021846084,2023-09-01,2025-10-06 10:50:16.125,30,4,0,0,0,0,0,0,0,0,0,0,1,0,0,1,0,0,0,0,0,0,0,0,1,0
CUS_0xc6c7,85498.65,7313.8875,3,3,14,3,9,17,5.38,60,397.93,36.92549285765287,151.79527713902138,244.52954841142147,585.0639244495571,2023-09-01,2025-10-06 10:50:16.125,17,2,1,0,1,0,1,0,0,0,0,1,0,0,0,0,0,0,1,0,1,0,0,0,0,0
CUS_0x5ae3,70968.06,5773.005,8,4,5,2,28,19,8.95,70,861.47,25.74498276742605,97.85238037416651,455.2640222108063,304.18409741502734,2023-09-01,2025-10-06 10:50:16.125,25,10,0,0,0,0,1,0,0,1,0,0,1,0,0,1,0,0,0,0,0,0,0,0,0,1
CUS_0xa3ff,16888.405,1564.367083333333,6,6,16,1,29,14,11.17,0,724.57,37.263741867856496,8.157936038864184,23.56615839294564,374.7126139015235,2023-09-01,2025-10-06 10:50:16.125,25,10,0,0,0,0,0,0,0,0,1,0,1,0,0,0,1,0,0,0,1,0,0,0,0,0
CUS_0xa877,18167.415,1503.95125,1,7,5,3,10,3,5.99,40,718.95,23.890194887274973,24.44118001114382,88.25617833049654,307.6977666583597,2023-09-01,2025-10-06 10:50:16.125,32,2,0,0,0,0,0,1,0,0,1,0,1,0,0,1,0,0,0,0,0,0,0,0,1,0
CUS_0x2b77,15167.62,1471.9683333333337,4,5,3,1,4,4,13.36,70,847.03,30.59976927657551,9.930809053794937,93.63427927328743,323.631745006251,2023-09-01,2025-10-06 10:50:16.125,27,6,0,0,1,0,0,0,0,0,0,0,1,0,0,1,0,0,0,0,0,0,0,1,0,0
CUS_0xc05d,9531.25,594.2708333333334,8,10,22,8,18,21,0.0,90,4870.95,26.934363611871586,40.472251628510925,57.586228998061905,251.36860270676047,2023-09-01,2025-10-06 10:50:16.125,3,6,0,1,1,1,1,0,1,0,1,0,0,0,0,0,0,1,0,0,0,0,0,0,0,1
CUS_0xd70,61358.66,4859.221666666667,4,3,7,1,5,16,3.0,40,1025.81,38.62820473887077,32.86621769440508,388.0971198974205,334.9588290748412,2023-09-01,2025-10-06 10:50:16.125,19,8,0,0,0,0,0,0,1,0,0,0,1,0,0,1,0,0,0,0,0,0,0,0,1,0
CUS_0x3813,44616.7,4008.058333333333,4,6,6,3,17,20,5.53,10,252.07,32.793566274927656,109.9205478302866,198.64589282572769,362.23939267731913,2023-09-01,2025-10-06 10:50:16.125,31,7,0,0,1,0,1,0,0,0,0,1,0,0,0,0,1,0,0,0,0,0,0,0,1,0
CUS_0x56bd,10030.52,696.8766666666667,10,9,27,8,47,19,17.39,110,4812.08,25.66494507850261,52.410230157087774,27.15724237768098,280.1201941318979,2023-09-01,2025-10-06 10:50:16.125,12,5,0,0,1,1,1,1,0,1,0,1,0,0,0,0,0,1,0,0,0,0,1,0,0,0
CUS_0x8b4,32239.36,2676.613333333333,4,6,4223,1,4,3,1.31,80,833.91,39.98021030242314,18.53861236417456,72.02480261390289,447.0979183552559,2023-09-01,2025-10-06 10:50:16.125,33,4,0,0,0,0,0,1,0,0,0,0,1,0,0,0,0,0,1,0,0,0,0,0,1,0
CUS_0xb7a7,1.4368478E7,5845.9225,3,3,10,2,19,20,0.0,30,312.59,28.09074405117051,5322.0,192.2636480862448,593.0298706806418,2023-09-01,2025-10-06 10:50:16.125,26,0,0,0,1,0,0,0,0,1,0,0,1,0,0,0,1,0,0,0,0,0,0,0,0,1
CUS_0x2746,16105.7,1217.1416666666669,6,3,14,3,12,17,19.95,90,640.77,27.432723907629267,24.628300699021352,104.4402995533302,272.6455664143151,2023-09-01,2025-10-06 10:50:16.125,12,2,0,1,1,0,0,0,0,0,0,0,0,0,0,0,1,0,0,0,0,0,0,1,0,0
CUS_0x27a3,31357.42,2909.1183333333333,0,4,8,4,0,10,4.48,30,1390.26,26.680835828856956,80.51338369533258,80.74964133059659,379.6488083074042,2023-09-01,2025-10-06 10:50:16.125,28,5,1,0,1,0,1,1,0,0,0,0,1,0,0,1,0,0,0,0,1,0,0,0,0,0
CUS_0xd91,93939.36,8023.28,5,6,5,1,8,9,1.72,20,231.85,37.45311207446043,71.1294635824494,129.28477441345808,841.9137620040925,2023-09-01,2025-10-06 10:50:16.125,29,9,0,0,0,0,0,0,0,1,0,1,0,0,0,0,1,0,0,0,0,1,0,0,0,0
CUS_0x5607,118111.08,10072.59,2,6,7,3,25,3,4.55,10,390.11,33.745824388033384,219.9504576171572,847.8047616564484,229.5037807263944,2023-09-01,2025-10-06 10:50:16.125,20,4,0,1,0,0,1,0,1,0,0,0,1,0,0,1,0,0,0,0,0,0,1,0,0,0
CUS_0x572,12016.0,729.3333333333335,6,3,14,3,30,10,15.23,0,583.27,35.371227141398776,20.743543735392677,10000.0,303.1006422670118,2023-09-01,2025-10-06 10:50:16.125,30,8,1,1,0,0,1,0,0,0,0,1,0,0,0,0,1,0,0,0,0,0,0,1,0,0
CUS_0xa934,45765.12,3677.76,5,7,6,0,24,7,15.44,60,1133.03,32.75875750609257,80.969093683843,68.81457636035418,467.99232995580286,2023-09-01,2025-10-06 10:50:16.125,12,8,0,0,0,0,1,1,0,0,0,0,0,0,0,0,1,0,0,0,1,0,0,0,0,0
CUS_0x4c6b,26779.9,1986.658333333333,7,4,12,4,26,14,7.36,60,680.39,36.15203182076604,56.035539800776434,171.279375148957,241.3509183835999,2023-09-01,2025-10-06 10:50:16.125,33,4,0,0,1,1,0,0,0,0,1,0,1,0,0,0,0,0,1,0,0,0,0,0,1,0
CUS_0xa4ae,13315.2,1307.6,8,5,16,0,13,12,7.84,70,1233.74,31.076466136038785,0.0,27.095465332823586,343.66453466717644,2023-09-01,2025-10-06 10:50:16.125,18,3,0,0,0,0,0,0,0,0,0,0,1,0,0,0,0,0,1,0,0,1,0,0,0,0
CUS_0x7e0f,165368.56,13561.713333333331,2,2,1,1,2,11,9.22,0,1200.66,29.569178044508387,78.52806890571001,1000.3246254553856,557.318638972238,2023-09-01,2025-10-06 10:50:16.125,16,6,0,0,0,0,1,0,0,0,0,0,1,0,0,1,0,0,0,0,0,0,0,1,0,0
CUS_0x88e5,112882.68,9684.89,5,1,10,4,14,10,6.24,20,722.9,38.194149104243415,353.61612403491654,253.93279059096045,610.940085374123,2023-09-01,2025-10-06 10:50:16.125,29,3,0,0,1,0,1,0,1,0,1,0,1,0,0,1,0,0,0,0,1,0,0,0,0,0
CUS_0x8ac8,10037.735,871.4779166666667,8,7,30,5,17,15,17.17,130,3052.44,37.22454570026829,36.66766176172972,36.17173952671431,264.30839037822267,2023-09-01,2025-10-06 10:50:16.125,8,1,1,0,0,0,1,0,1,0,1,1,0,0,0,0,0,1,0,0,1,0,0,0,0,0
CUS_0x92d2,99161.82,8055.4850000000015,3,6,8,0,7,9,1.83,30,1159.42,41.147677172716925,0.0,408.9730976327143,666.5754023672857,2023-09-01,2025-10-06 10:50:16.125,26,10,0,0,0,0,0,0,0,0,0,0,1,0,0,1,0,0,0,0,0,0,0,0,1,0
CUS_0xc6ac,35185.56,2962.13,6,4,14,3,11,10,7.14,0,379.47,29.507882463338056,83.27806424741246,124.57563856772045,378.3592971848671,2023-09-01,2025-10-06 10:50:16.125,21,2,1,0,1,0,0,0,1,0,0,0,1,0,0,0,1,0,0,0,0,0,1,0,0,0
CUS_0x54c0,19283.47,1886.9558333333327,10,8,34,9,38,538,27.43,120,4404.48,22.990977657302075,84.6164317306805,103.50794566542456,270.57120593722834,2023-09-01,2025-10-06 10:50:16.125,6,3,0,1,1,1,0,1,1,1,1,1,0,0,0,0,0,1,0,0,0,0,0,0,1,0
CUS_0x60c8,48052.7,4266.391666666666,4,5,17,2,12,19,15.89,70,346.41,29.128235597475967,59.89857017163269,68.07389412748404,538.66670236755,2023-09-01,2025-10-06 10:50:16.125,10,2,0,0,0,0,0,1,0,1,0,1,0,0,0,0,1,0,0,0,0,1,0,0,0,0
CUS_0x8b7c,73826.31,5929.1925,3,7,15,3,14,13,11.46,30,442.03,36.41225043998353,170.6532580792114,81.33519370797238,580.9307982128163,2023-09-01,2025-10-06 10:50:16.125,30,8,0,1,0,1,0,0,0,1,0,1,0,0,0,0,0,0,1,0,0,1,0,0,0,0
CUS_0xa362,123947.36,10356.946666666669,8,5,17,6,18,19,9.51,90,145.03,34.63917129146202,611.2866937353463,236.53352626558697,427.8744466657336,2023-09-01,2025-10-06 10:50:16.125,18,9,1,1,1,0,1,0,1,0,0,1,0,0,0,0,0,0,1,0,0,1,0,0,0,0
CUS_0x37a4,80857.56,6769.13,6,9,15,4,40,21,16.38,130,2368.74,26.86509360111389,164.77603777502162,130.0856604388076,622.0513017861707,2023-09-01,2025-10-06 10:50:16.125,19,4,0,1,0,0,0,1,0,0,1,1,0,0,0,0,0,0,1,0,0,1,0,0,0,0
CUS_0x5502,167067.08,13909.256666666664,2,3,2,1,11,4,6.23,40,753.58,27.368917692074326,115.51082998669396,835.534913638318,510.35889777439866,2023-09-01,2025-10-06 10:50:16.125,27,11,0,0,0,0,0,0,0,0,1,0,1,0,0,1,0,0,0,0,0,0,0,0,1,0
CUS_0x5dc2,1.4120005E7,1405.6208333333334,6,6,16,4,22,12,16.03,80,2519.74,34.67114476514005,28.067036219847523,109.79658919404909,282.6984579194367,2023-09-01,2025-10-06 10:50:16.125,13,11,0,0,0,0,1,0,1,1,1,1,0,0,0,0,1,0,0,0,0,0,0,1,0,0
CUS_0x8d38,22416.225,1675.01875,0,6,3,3,14,11,6.93,20,397.34,31.721452659825022,39.03350853832032,42.980853695873776,325.48751276580595,2023-09-01,2025-10-06 10:50:16.125,19,9,1,1,0,0,0,0,1,0,0,0,1,0,0,1,0,0,0,0,0,1,0,0,0,0
CUS_0x8eaa,16518.87,1279.5725,10,8,28,0,16,15,10.0,80,2504.31,30.02059157430372,65.70517936631092,24.34212053550939,287.9099500981797,2023-09-01,2025-10-06 10:50:16.125,10,10,1,1,0,1,1,1,0,0,1,1,0,0,0,0,0,1,0,0,1,0,0,0,0,0
CUS_0xc075,17145.07,1509.7558333333334,7,8,15,5,60,15,16.21,110,4316.78,37.465717709501945,62.20950973222805,63.339312750020866,305.42676085108434,2023-09-01,2025-10-06 10:50:16.125,7,9,0,0,1,0,0,0,1,0,0,1,0,0,0,0,0,1,0,0,0,0,0,0,0,1
CUS_0x545e,23973.16,2036.763333333333,7,7,10,2,18,14,13.07,110,874.39,36.10850235116074,30.13805345805953,40.075443130220094,373.4628367450537,2023-09-01,2025-10-06 10:50:16.125,32,9,1,0,0,0,0,1,0,0,0,1,0,0,0,0,1,0,0,0,0,1,0,0,0,0
CUS_0x5cfd,40972.04,3623.336666666666,8,6,26,5,24,13,16.88,120,1803.13,39.39962045319572,147.8958518517545,34.14097962501854,420.2968351898937,2023-09-01,2025-10-06 10:50:16.125,8,5,0,0,1,0,0,1,0,1,1,1,0,0,0,0,0,0,1,0,0,0,0,0,0,1
CUS_0x781a,41770.21,3652.850833333333,0,7,4,2,9,7,11.13,10,1174.56,31.995943211224013,51.922734311067565,256.20977678061956,337.15257224164617,2023-09-01,2025-10-06 10:50:16.125,19,5,0,0,1,0,0,0,1,0,0,0,1,0,0,0,0,0,1,0,0,0,0,1,0,0
CUS_0x9cc,40290.47,3617.539166666667,5,5,5,4,11,9,3.93,70,337.75,25.54846332405857,74.08758399689567,313.188219245088,244.47811342468304,2023-09-01,2025-10-06 10:50:16.125,21,2,0,0,0,0,0,0,1,1,1,0,1,0,0,0,0,0,1,0,0,0,0,0,1,0
CUS_0x206b,47641.53,4194.127500000001,7,7,28,7,52,23,4.94,90,2150.59,26.09342916871025,161.74768540935835,67.01372370082542,430.6513408898163,2023-09-01,2025-10-06 10:50:16.125,15,6,1,0,0,1,0,1,1,1,0,1,0,0,0,0,0,1,0,0,0,1,0,0,0,0
CUS_0x318e,17488.905,1643.4087499999996,5,6,20,3,27,7,8.64,90,1169.13,24.075310907221755,31.874661513520536,73.65465410008211,348.81155938639733,2023-09-01,2025-10-06 10:50:16.125,25,0,0,0,0,1,0,1,1,0,0,0,1,0,0,0,1,0,0,0,0,0,1,0,0,0
CUS_0x3377,34230.0,2902.5,10,9,29,8,17,15,18.49,110,3362.1,24.445716350972862,151.07086465631244,342.0563752473673,87.12276009632023,2023-09-01,2025-10-06 10:50:16.125,6,5,0,1,1,1,1,0,1,0,1,1,0,0,0,0,0,0,1,0,0,0,1,0,0,0
CUS_0x5097,17328.675,1208.05625,3,6,15,0,21,15,7.84,100,460.46,37.15186996652621,27.613965323173726,116.36972025737278,256.8219394194535,2023-09-01,2025-10-06 10:50:16.125,22,10,0,1,0,0,1,0,1,0,0,1,0,0,0,0,1,0,0,0,0,0,0,1,0,0
CUS_0xa1df,135049.84,11162.153333333335,3,5,11,0,13,6,8.07,20,850.02,30.33673843357089,0.0,560.062641580942,846.1526917523912,2023-09-01,2025-10-06 10:50:16.125,32,3,0,0,0,0,0,0,0,0,0,0,1,0,0,1,0,0,0,0,0,0,1,0,0,0
CUS_0x77ac,39232.16,3331.346666666667,5,7,1,0,14,12,5.32,50,487.44,39.71593612260907,0.0,106.55765358991158,476.5770130767551,2023-09-01,2025-10-06 10:50:16.125,26,11,0,0,0,0,0,0,0,0,0,0,1,0,0,1,0,0,0,0,1,0,0,0,0,0
CUS_0x8558,125062.92,10250.91,5,3,11,1,15,9,10.49,40,1424.96,31.18119859433229,73.98129377430999,515.1839370617105,705.9257691639798,2023-09-01,2025-10-06 10:50:16.125,21,0,0,0,0,0,0,0,0,1,0,0,1,0,0,0,0,0,1,0,0,0,0,0,1,0
CUS_0x906a,34978.29,3004.8575,3,6,13,4,10,13,15.4,60,1219.82,29.76650898933701,79.50245626724916,328.04020157779576,182.9430921549551,2023-09-01,2025-10-06 10:50:16.125,16,11,0,0,0,0,0,1,0,1,1,0,0,0,0,0,1,0,0,0,0,0,0,0,0,1
CUS_0xc1ec,40976.22,3473.685,5,8,5,3,20,10,11.49,70,1332.82,38.26830227797131,79.11463946637306,114.91043606703508,403.3434244665918,2023-09-01,2025-10-06 10:50:16.125,17,9,0,0,0,0,0,1,1,1,0,1,0,0,0,0,1,0,0,0,1,0,0,0,0,0
CUS_0x5b04,18608.17,1774.680833333333,7,8,30,6,27,16,21.87,130,4228.95,28.71220158349092,55.15482120759607,223.33353999226105,258.7247565870084,2023-09-01,2025-10-06 10:50:16.125,9,9,1,1,1,1,0,0,0,1,1,1,0,0,0,0,0,0,1,1,0,0,0,0,0,0
CUS_0x8cdf,100831.95,8599.6625,0,1,3,3,4,3,6.0,60,220.4,23.8609415761437,250.5993115471892,10000.0,325.0075136216985,2023-09-01,2025-10-06 10:50:16.125,19,5,0,1,0,1,0,1,0,0,0,0,0,0,0,1,0,0,0,0,0,0,0,0,0,1
CUS_0x90d7,76941.6,6540.8,6,4,17,6,13,17,14.13,80,23.0,39.38096387596003,203.9809002228722,57.3501399229015,632.7489598542262,2023-09-01,2025-10-06 10:50:16.125,20,0,1,1,0,1,0,0,1,0,0,1,0,0,0,0,0,0,1,0,0,0,0,0,0,1
CUS_0x4083,31318.22,2508.851666666667,7,4,14,3,19,14,10.16,20,1121.05,34.43377577536463,65.49831071064018,164.69776239773813,310.6890935582884,2023-09-01,2025-10-06 10:50:16.125,15,9,0,0,0,0,0,0,0,1,1,0,1,0,0,0,0,0,1,0,0,0,1,0,0,0
CUS_0x54fd,32027.38,2397.9483333333333,6,3,14,0,13,16,0.54,20,990.39,29.42242578202817,0.0,242.57269602565037,411.74021197482256,2023-09-01,2025-10-06 10:50:16.125,23,8,0,0,0,0,0,0,0,0,0,0,1,0,0,0,1,0,0,0,0,0,0,0,1,0
CUS_0x385a,14667.26,1270.2716666666668,6,4,19,1,12,21,0.0,50,80.61,38.36511422608872,11.669519226944578,96.2069912575707,309.15065618215135,2023-09-01,2025-10-06 10:50:16.125,19,6,0,0,0,1,0,0,0,0,0,0,1,0,0,0,1,0,0,0,0,0,1,0,0,0
CUS_0x652f,69654.0,5513.5,6,10,26,6,39,12,22.44,100,3002.69,29.342657722637444,176.77423826015038,135.23012972326495,489.3456320165847,2023-09-01,2025-10-06 10:50:16.125,12,0,0,0,1,0,1,1,1,0,0,1,0,0,0,0,0,1,0,0,1,0,0,0,0,0
CUS_0xbce,14099.52,990.4022699937736,8,336,20,4,36,17,12.43,90,1288.65,26.38267542069325,142.47419457631085,89.2471659682982,287.73236946161745,2023-09-01,2025-10-06 10:50:16.125,13,3,0,0,0,0,0,1,1,0,1,1,0,0,0,0,1,0,0,0,0,0,1,0,0,0
CUS_0x797,42846.39,3670.5325,8,6,22,7,11,19,5.44,100,1745.53,32.845227499734285,146.5273031373101,75.54641175976889,384.979535102921,2023-09-01,2025-10-06 10:50:16.125,12,9,1,0,0,1,1,0,1,1,1,1,0,0,0,0,1,0,0,0,0,1,0,0,0,0
CUS_0xbcbc,30498.76,2320.563333333333,3,4,15,3,16,13,18.79,20,1012.92,35.20788749167272,45.46426789719704,202.82640516479938,273.7656602713369,2023-09-01,2025-10-06 10:50:16.125,18,1,0,0,1,0,1,0,0,0,0,1,0,0,0,0,1,0,0,0,0,0,0,0,0,1
CUS_0x4e5,68332.08,5053.718540765609,6,5,34,7,29,8,19.29,90,1462.7,31.38119542107736,771.0660362302748,462.5289961103393,162.86042689377734,2023-09-01,2025-10-06 10:50:16.125,16,8,0,1,1,1,0,1,1,1,0,1,0,0,0,0,1,0,0,0,0,0,0,0,1,0
CUS_0x5117,77604.32,6300.026666666668,1,7,5,3,0,12,4.51,60,550.67,30.92636230656224,153.32541387430678,213.28374523930069,513.3935075530593,2023-09-01,2025-10-06 10:50:16.125,21,8,0,0,0,0,0,0,0,1,1,0,1,0,0,1,0,0,0,0,1,0,0,0,0,0
CUS_0x8593,122490.3,10090.525,1,2,8,0,8,15,0.7,20,874.85,34.3169246605156,0.0,137.4609505150645,1121.5915494849355,2023-09-01,2025-10-06 10:50:16.125,32,3,0,0,0,0,0,0,0,0,0,0,1,0,0,1,0,0,0,0,1,0,0,0,0,0
CUS_0x8d74,69476.14,6016.678333333332,5,6,1,3,15,2,3.62,40,1305.65,40.5163162949649,106.64761168677173,93.01304823764069,652.007173408921,2023-09-01,2025-10-06 10:50:16.125,20,4,0,0,1,0,1,0,0,0,0,0,1,0,0,1,0,0,0,0,1,0,0,0,0,0
CUS_0x998f,42904.26,3833.355,0,4,6,0,10,4,7.62,10,205.79,27.82659480758061,0.0,273.57615031637033,389.75934968362975,2023-09-01,2025-10-06 10:50:16.125,16,0,0,0,0,0,0,0,0,0,0,0,1,0,0,1,0,0,0,0,0,0,0,1,0,0
CUS_0xa7b5,52754.28,4205.19,9,6,27,6,49,19,8.33,110,1624.09,32.509712514970204,142.91519138634044,72.01362793877183,455.5901806748877,2023-09-01,2025-10-06 10:50:16.125,15,6,1,1,1,0,1,0,0,0,1,1,0,0,0,0,0,1,0,0,1,0,0,0,0,0
CUS_0x1182,176696.88,13780.774640498716,5,7,12,4,4,8,4.01,60,433.68,41.770112169625456,1169.8091164964517,320.0541317814041,1022.7368432457347,2023-09-01,2025-10-06 10:50:16.125,17,2,0,0,0,0,1,0,1,1,1,0,1,0,0,1,0,0,0,0,0,1,0,0,0,0
CUS_0x4cb4,34829.92,3031.4933333333333,4,5,9,1,3,0,2.26,30,211.51,33.82876887821156,26.93085411000583,154.5741709039828,411.6443083193447,2023-09-01,2025-10-06 10:50:16.125,24,10,1,0,0,0,0,0,0,0,0,0,1,0,0,0,0,0,1,0,0,0,1,0,0,0
CUS_0xbae6,57153.63,4641.8025,4,4,9,2,23,9,13.23,20,529.63,40.39858816158127,86.21990832225457,51.495998679443815,576.4643429983016,2023-09-01,2025-10-06 10:50:16.125,16,5,0,0,0,0,1,0,0,0,1,1,0,0,0,0,0,0,1,0,1,0,0,0,0,0
CUS_0xb747,26340.1,2476.008333333333,4,5,15,3,10,11,1.63,10,221.86,38.3679615135582,62.080928684690456,29.48445948424432,396.0354451643986,2023-09-01,2025-10-06 10:50:16.125,17,11,1,0,1,0,0,1,0,0,0,0,1,0,0,0,0,0,1,0,0,1,0,0,0,0
CUS_0xdf6,40453.85,2772.8110518252124,2,2,1,0,13,5,4.29,20,454.36,38.966486780607866,323.3431148414545,245.6874831293796,353.92793353728723,2023-09-01,2025-10-06 10:50:16.125,18,3,0,0,0,0,0,0,0,0,0,0,1,0,0,1,0,0,0,0,0,0,1,0,0,0
CUS_0x8cc9,8953.055,807.0879166666667,3,10,30,5,23,17,15.76,70,1539.76,21.848103999101934,22.596985671832947,10000.0,262.40226718047785,2023-09-01,2025-10-06 10:50:16.125,17,8,1,0,1,1,0,0,0,0,0,1,0,0,0,0,1,0,0,0,0,0,1,0,0,0
CUS_0x8ce4,36439.06,3248.588333333333,5,6,5,3,12,9,9.12,20,5.57,29.399149939951787,59.99582246036087,180.50194074224163,344.3610701307309,2023-09-01,2025-10-06 10:50:16.125,21,6,0,1,0,0,0,1,0,1,0,0,1,0,0,1,0,0,0,1,0,0,0,0,0,0
CUS_0x71e0,15398.95,1548.2458333333334,1,7,5,4,1,1,8.41,80,343.84,28.13568775694777,34.81396985624466,95.38656229488777,294.6240511822009,2023-09-01,2025-10-06 10:50:16.125,28,10,1,0,0,0,1,1,0,0,0,0,1,0,0,1,0,0,0,0,0,0,0,0,1,0
CUS_0x2002,72305.9,5766.491666666666,5,7,15,0,15,19,1.49,60,1169.62,27.905666886895915,216.77629790517,10000.0,181.33070883768875,2023-09-01,2025-10-06 10:50:16.125,28,4,1,0,1,0,1,0,1,0,0,0,0,0,0,0,0,0,1,0,0,0,1,0,0,0
CUS_0x856c,83311.6,7081.633333333334,10,7,27,8,41,19,21.63,80,3729.42,20.244130348792105,474.582366248067,720.8723894348236,268.8892805927533,2023-09-01,2025-10-06 10:50:16.125,13,9,1,1,0,1,1,1,1,0,1,1,0,0,0,0,0,1,0,0,0,0,0,1,0,0
CUS_0x867e,32471.74,2837.978333333333,7,10,19,9,60,22,2.77,110,1539.53,30.4353656939234,141.9227227560242,192.39389190677326,209.4812186705359,2023-09-01,2025-10-06 10:50:16.125,17,0,1,0,1,0,1,1,1,1,1,1,0,0,0,0,0,1,0,1,0,0,0,0,0,0
CUS_0x7694,9299.05,1033.9208333333331,9,6,20,2,53,24,7.81,150,2298.76,33.172399663257224,14.651261225557942,55.63407965011685,274.4852284428362,2023-09-01,2025-10-06 10:50:16.125,11,8,0,0,1,0,0,0,1,0,0,1,0,0,0,0,0,0,1,0,0,0,0,1,0,0
CUS_0x7d48,61115.16,4925.93,6,5,30,7,53,21,2.390000000000001,100,1767.19,38.15945732732964,233.0886466245243,572.9101556014073,214.7592189712133,2023-09-01,2025-10-06 10:50:16.125,11,8,0,0,0,1,1,1,1,1,1,1,0,0,0,0,0,0,1,0,0,0,1,0,0,0
CUS_0x2637,29090.5,2472.208333333333,5,7,5616,4,11,16,13.07,60,1612.7,39.668508266177895,67.4397312848464,46.44650099978903,373.334601048698,2023-09-01,2025-10-06 10:50:16.125,16,5,1,0,0,1,1,0,0,0,1,1,0,0,0,0,0,0,1,0,0,1,0,0,0,0
CUS_0x271b,69324.2,5896.016666666666,2,3,7,1,6,1,5.02,60,155.04,36.87400528096483,53.88124180975296,348.4306746584569,467.28975019845683,2023-09-01,2025-10-06 10:50:16.125,27,10,0,0,0,0,0,0,0,0,1,0,1,0,0,0,0,0,1,0,0,0,0,1,0,0
CUS_0x6fbb,58176.60000000001,4501.453268075751,6,4,13,3,23,14,11.38,12130,1457.8,35.28098675641247,672.6773036103174,147.1773205671738,495.4055579302877,2023-09-01,2025-10-06 10:50:16.125,14,10,1,0,1,0,0,0,0,0,0,0,0,0,0,0,1,0,0,0,0,0,1,0,0,0
CUS_0x9a58,48411.24,4306.27,8,3,3,4,17,11,4.04,30,821.27,31.093776229197005,82.22147115066043,326.5091907921635,301.89633805717614,2023-09-01,2025-10-06 10:50:16.125,18,10,1,0,0,0,0,0,1,0,0,0,1,0,0,1,0,0,0,0,0,0,0,1,0,0
CUS_0x1666,9603.845,510.3204166666666,4,3,14,1,30,12,0.30000000000000004,90,1451.72,23.215638657109743,5.262291048154371,36.97395845809465,298.79579216041765,2023-09-01,2025-10-06 10:50:16.125,33,5,0,1,0,0,0,0,0,0,0,1,0,0,0,0,1,0,0,0,0,0,1,0,0,0
CUS_0x35f3,92939.49,8014.9575,0,5,5,2,11,7,7.800000000000002,40,741.64,29.180192064393896,148.29607810195205,668.7961122001986,274.4035596978493,2023-09-01,2025-10-06 10:50:16.125,16,2,1,0,0,0,0,1,0,0,0,0,1,0,0,1,0,0,0,0,0,0,1,0,0,0
CUS_0x36fb,20501.67,1771.4725,6,7,17,8,47,15,18.15,120,3373.13,25.73479250205878,108.62813768485697,164.6045349475588,193.91457736758426,2023-09-01,2025-10-06 10:50:16.125,9,5,0,1,0,0,1,1,1,1,1,1,0,0,0,0,0,1,0,0,0,0,1,0,0,0
CUS_0x534a,2.0441835E7,6315.618333333333,3,5,1,0,14,2,3.26,40,1116.88,40.08565434802024,0.0,202.68114100226774,678.8806923310656,2023-09-01,2025-10-06 10:50:16.125,31,3,0,0,0,0,0,0,0,0,0,0,1,0,0,1,0,0,0,0,1,0,0,0,0,0
CUS_0x79b8,34392.44,2703.036666666667,9,6,30,3,31,19,13.84,120,2405.43,27.84975991202291,80.04324652082961,10000.0,216.56042833784173,2023-09-01,2025-10-06 10:50:16.125,12,8,0,1,1,0,0,0,0,1,0,0,0,0,0,0,1,0,0,0,0,0,0,1,0,0
CUS_0x98e4,83453.72,6718.4766666666665,4,4,27,0,1,11,11.83,70,1463.22,26.900691838525766,237.81464673160812,372.872106836839,341.1609130982195,2023-09-01,2025-10-06 10:50:16.125,19,4,1,1,0,1,1,0,0,0,0,1,0,0,0,0,1,0,0,0,0,0,0,1,0,0
CUS_0x3ad4,80743.79999999999,6886.649999999999,4,3,11,3,17,9,3.81,50,204.88,40.89968857229785,191.4871337737844,127.8424979837274,609.3353682424881,2023-09-01,2025-10-06 10:50:16.125,24,6,1,0,0,0,0,0,1,0,1,0,1,0,0,0,0,0,1,0,0,1,0,0,0,0
CUS_0xa011,31408.15,2609.3458333333333,5,3,18,2,6,19,19.13,120,1408.66,22.19522910163204,30.79188323930164,245.90863432413846,274.2340657698933,2023-09-01,2025-10-06 10:50:16.125,20,11,1,0,0,1,0,0,0,0,0,1,0,0,0,0,0,0,1,0,0,0,1,0,0,0
CUS_0x6569,121698.48,9892.54,3,3,20,6,13,13,10.67,90,1203.86,30.38334230519825,559.5169090566362,116.36958201396006,553.3675089294036,2023-09-01,2025-10-06 10:50:16.125,8,2,1,1,0,1,1,0,1,0,0,1,0,0,0,0,1,0,0,0,0,1,0,0,0,0
CUS_0xb638,30623.61,2599.067861910859,3,6,5,4,9,0,11.07,10,1125.03,29.04183101547569,299.91214924120584,174.472351972882,318.21188687505355,2023-09-01,2025-10-06 10:50:16.125,21,9,1,0,0,1,1,0,0,0,0,0,1,0,0,1,0,0,0,0,0,0,0,0,0,1
CUS_0x6fb4,31273.54,2752.1283333333336,5,5,20,2,17,15,12.63,80,2382.3,25.00412273731937,49.93971220385049,64.50937654664057,400.7637445828423,2023-09-01,2025-10-06 10:50:16.125,8,11,0,0,1,0,0,0,0,0,1,1,0,0,0,0,1,0,0,0,0,1,0,0,0,0
CUS_0xb80d,28796.82,2378.735,6,6,21,5,33,20,1.7799999999999998,80,2382.35,28.74631248102162,82.23521974662458,30.430152935409694,375.20812731796576,2023-09-01,2025-10-06 10:50:16.125,6,6,0,0,0,1,0,1,0,1,0,1,0,0,0,0,0,1,0,0,1,0,0,0,0,0
CUS_0x18e2,16906.81,1167.9008333333334,9,8,33,9,49,21,3.43,60,1559.16,36.22596555394351,110.78862692730704,74.28348248139855,235.3753992130817,2023-09-01,2025-10-06 10:50:16.125,13,6,1,1,1,1,1,0,1,0,0,1,0,0,0,0,0,1,0,0,0,1,0,0,0,0
CUS_0x7278,70334.76,5602.23,9,9,21,3,55,23,9.52,150,1438.69,32.13294884958031,69849.0,208.0240251528447,520.5863385255304,2023-09-01,2025-10-06 10:50:16.125,16,2,0,0,1,0,0,1,1,0,0,1,0,0,0,0,0,1,0,1,0,0,0,0,0,0
CUS_0x8880,25628.96,2121.7466666666664,3,7,6,4,23,8,9.89,80,69.21,37.53715051367035,78.42622591697315,93.25214706707784,310.4962936826157,2023-09-01,2025-10-06 10:50:16.125,19,5,0,1,0,1,1,0,0,1,0,1,0,0,0,0,0,0,1,0,0,0,0,0,1,0
CUS_0x37dd,67408.06,5136.791348498127,5,3,6,3,8,13,9.74,30,960.09,35.23471829258405,835.8296235591246,78.54770221430341,593.5034923951114,2023-09-01,2025-10-06 10:50:16.125,22,6,0,0,0,0,0,0,0,1,1,0,0,0,0,1,0,0,0,0,1,0,0,0,0,0
CUS_0xbb2,43249.78,3538.148333333333,5,5,5,3,8,5,11.43,50,1475.99,26.86328495410771,97.25829537419808,33.91221360050372,462.6443243586316,2023-09-01,2025-10-06 10:50:16.125,32,5,1,0,0,0,0,0,1,1,0,0,1,0,0,0,0,0,1,0,0,1,0,0,0,0
CUS_0x2b60,60400.17,5010.3475,6,8,29,7,56,25,30.02,150,4058.77,35.37691875405938,211.65583161894267,133.17478157306715,436.2041368079902,2023-09-01,2025-10-06 10:50:16.125,5,3,0,0,1,0,1,0,1,1,1,1,0,0,0,0,0,1,0,0,0,0,0,1,0,0
CUS_0x6207,41370.82,3656.568333333333,4,7,7,2,0,9,0.62,30,955.05,39.66027650867465,37.507184612749846,95.85532191061813,502.29432680996536,2023-09-01,2025-10-06 10:50:16.125,22,11,0,1,0,0,0,1,0,0,0,0,1,0,0,1,0,0,0,0,0,0,0,0,1,0
CUS_0xbf07,17191.27,1392.605833333333,9,7,26,9,61,19,5.26,100,4423.54,38.2366444173385,94.57430455931284,47.71908223640711,256.9671965376134,2023-09-01,2025-10-06 10:50:16.125,9,6,0,1,1,1,1,1,1,0,1,1,0,0,0,0,0,1,0,1,0,0,0,0,0,0
CUS_0x72a0,7006.52,811.8766666666667,8,5,17,3,43,20,1.8200000000000005,60,1363.34,35.11174658273314,16.980602971764927,13.020702121698895,291.1863615732029,2023-09-01,2025-10-06 10:50:16.125,12,4,1,1,0,0,0,0,0,0,1,1,0,0,0,0,0,1,0,0,0,1,0,0,0,0
CUS_0xa1f4,15054.47,1458.539166666667,10,9,20,6,17,21,1.05,70,1539.61,29.39843573366927,68.26365969041564,113.93549257265528,233.6547644035957,2023-09-01,2025-10-06 10:50:16.125,16,2,0,1,0,1,0,1,1,0,0,1,0,0,0,0,0,1,0,0,0,0,0,0,1,0
CUS_0xa3a1,31757.98,2868.498333333333,6,8,23,9,43,22,24.05,100,4679.1,36.69042527237493,133.9027918033147,135.11640076521974,297.830640764799,2023-09-01,2025-10-06 10:50:16.125,5,9,0,1,1,1,1,1,0,1,1,1,0,0,0,0,0,1,0,0,0,0,0,0,0,1
CUS_0xb446,51627.39,4132.2825,4,7,19,2,9,10,16.03,110,2412.6,36.29125448683997,58.65782243740803,144.98550869092753,469.5849188716645,2023-09-01,2025-10-06 10:50:16.125,17,4,0,0,0,0,0,0,0,0,1,1,0,0,0,0,1,0,0,1,0,0,0,0,0,0
CUS_0xaa74,24418.33,2304.860833333333,6,6,10,2,27,13,16.92,60,726.39,25.092817540447143,27.86428260222476,139.58371513209445,343.03808559901415,2023-09-01,2025-10-06 10:50:16.125,25,6,0,0,0,1,1,0,0,0,0,1,0,0,0,0,1,0,0,0,0,0,0,1,0,0
CUS_0xc049,22418.63,2136.2191666666668,5,4,6,2,7,662,1.65,30,452.91,36.95584083135096,25.05304683869169,143.33748177967578,335.23138804829915,2023-09-01,2025-10-06 10:50:16.125,22,5,1,0,0,0,0,0,1,0,0,0,0,0,0,1,0,0,0,0,0,0,1,0,0,0
CUS_0x4d7e,18293.52,1634.46,6,5,16,6,27,17,23.53,140,2945.92,39.18074622445404,46.50896766089725,19.862030853654048,347.07500148544875,2023-09-01,2025-10-06 10:50:16.125,9,9,1,0,0,0,1,1,0,1,0,1,0,0,0,0,0,1,0,0,1,0,0,0,0,0
CUS_0x5604,56195.04,4901.92,9,5,17,8,32,17,11.78,160,1450.16,32.50972399783855,58140.0,118.42436632550651,401.12643121208123,2023-09-01,2025-10-06 10:50:16.125,15,6,1,1,0,1,1,0,1,1,0,1,0,0,0,0,0,1,0,0,0,1,0,0,0,0
CUS_0x9c3a,18221.965,1171.5669068439818,3,7,17,3,16,12,12.25,0,1218.29,30.86753982028084,101.64546847555592,95.07073167481308,283.963684672316,2023-09-01,2025-10-06 10:50:16.125,19,2,0,0,0,1,0,1,0,0,1,1,0,0,0,0,0,0,1,0,0,0,0,1,0,0
CUS_0x3561,42032.76,3569.73,0,4,6,1,25,7,5.11,70,626.72,24.63112313477508,22.45599511979372,83.13504755874341,501.38195732146283,2023-09-01,2025-10-06 10:50:16.125,23,4,0,0,0,0,1,0,0,0,0,0,1,0,0,1,0,0,0,0,1,0,0,0,0,0
CUS_0xbfb6,33684.42,2792.035,6,9,18,5,52,17,16.82,110,1329.97,31.98555996302371,116.41793858628525,34.443612194354074,368.34194921936063,2023-09-01,2025-10-06 10:50:16.125,13,3,1,0,0,1,1,0,1,0,1,1,0,0,0,0,0,0,1,0,0,1,0,0,0,0
CUS_0x3d22,17889.32,1504.7766666666666,9,6,19,7,30,15,4.22,100,3693.67,40.14476615266922,100.73465652418808,67.6340666059034,242.1089435365752,2023-09-01,2025-10-06 10:50:16.125,9,5,0,1,1,0,1,1,1,0,1,1,0,0,0,0,0,1,0,1,0,0,0,0,0,0
CUS_0xb788,88326.72,7109.918847536831,7,7,18,6,19,8,11.2,80,1458.57,24.579992718856605,632.4400064943833,157.7915988261631,411.26554714262335,2023-09-01,2025-10-06 10:50:16.125,7,5,0,1,1,1,1,0,1,0,1,0,0,0,0,0,1,0,0,0,1,0,0,0,0,0
CUS_0x2488,98455.26,8420.605,4,4,12,3,26,20,4.24,20,424.3,34.515852541285845,238.35823891868188,304.9126262922482,588.7896347890701,2023-09-01,2025-10-06 10:50:16.125,22,11,0,0,0,1,1,1,0,0,0,0,1,0,0,0,1,0,0,0,0,0,1,0,0,0
CUS_0x75fb,22870.49,1685.874166666667,4,4,13,1,28,11,17.92,100,1085.08,25.517666284085887,12.182154032725595,86.454449580015,339.95081305392614,2023-09-01,2025-10-06 10:50:16.125,32,3,0,0,1,0,0,0,0,0,0,1,0,0,0,0,1,0,0,0,0,0,0,0,1,0
CUS_0x23bf,69806.76,6055.23,3,4,19,0,18,19,0.4900000000000002,80,192.43,33.158035081686634,0.0,406.5695363201909,458.9534636798092,2023-09-01,2025-10-06 10:50:16.125,19,0,0,0,0,0,0,0,0,0,0,1,0,0,0,0,0,0,1,1,0,0,0,0,0,0
CUS_0x9449,16857.295,1056.5223969668195,0,5,12,3,26,8,4.23,10,741.75,33.208316071313725,94.86173705694412,35.22844401874372,317.3394636241591,2023-09-01,2025-10-06 10:50:16.125,22,9,0,0,0,0,1,0,0,1,0,0,1,0,0,1,0,0,0,0,0,0,0,0,1,0
CUS_0x4b2e,38323.07,3342.589166666666,5,4,4,1,3,11,10.75,10,1487.87,34.69464834853304,27.83967537191736,131.37408960457398,425.0451516901753,2023-09-01,2025-10-06 10:50:16.125,21,5,0,0,0,0,0,1,0,0,0,0,1,0,0,1,0,0,0,0,1,0,0,0,0,0
CUS_0x978,42411.79,3043.527749827742,0,2,11,2,3,0,6.96,80,734.77,36.94814479775224,445.5680096704582,209.66645393535248,352.18520323311463,2023-09-01,2025-10-06 10:50:16.125,18,5,0,0,0,0,0,0,1,0,0,0,1,0,0,1,0,0,0,1,0,0,0,0,0,0
CUS_0x12ec,45675.0,3635.25,8,5,28,4,23,13,10.51,80,1771.8,37.76324165915254,134.27025580809507,146.5630863778551,332.69165781404985,2023-09-01,2025-10-06 10:50:16.125,6,5,1,0,0,1,0,0,1,0,0,1,0,0,0,0,1,0,0,0,1,0,0,0,0,0
CUS_0x617c,101191.17,8411.5975,6,6,17,3,27,19,16.56,40,1264.86,33.371095221344554,134.04812726478588,450.53357616224463,536.5780465729695,2023-09-01,2025-10-06 10:50:16.125,25,9,0,0,0,1,0,0,0,0,1,1,0,0,0,0,0,0,1,0,0,0,0,1,0,0
CUS_0x4c56,82196.31,6957.6925,8,5,12,0,26,8,19.31,0,888.94,38.038071842616354,0.0,187.01159264731115,758.7576573526891,2023-09-01,2025-10-06 10:50:16.125,23,4,0,0,0,0,0,0,0,0,0,1,0,0,0,0,1,0,0,0,1,0,0,0,0,0
CUS_0x141c,20202.22,1480.5183333333334,7,723,18,3,12,17,0.0,40,197.54,38.86562266239842,43.32669047486176,138.32009805802295,256.4050448004486,2023-09-01,2025-10-06 10:50:16.125,18,5,1,0,0,0,0,1,1,0,0,1,0,0,0,0,0,0,1,0,0,0,1,0,0,0
CUS_0x2a61,9786.86,951.5716666666668,9,10,1663,2,58,14,15.53,60,2149.9,23.451285243899484,11.564437453875689,54.46174813453877,309.13098107825226,2023-09-01,2025-10-06 10:50:16.125,6,7,0,0,0,1,0,1,0,0,0,1,0,0,0,0,1,0,0,0,0,0,0,1,0,0
CUS_0x6468,120948.16,10373.013333333334,0,5,2,2,13,10,7.61,30,16.36,40.401264556122726,121.8453296414455,129.77265521693732,311.93827102435887,2023-09-01,2025-10-06 10:50:16.125,26,5,1,1,0,0,0,0,0,0,0,0,1,0,0,0,0,0,1,0,0,0,0,1,0,0
CUS_0x6e43,19956.6,1610.05,6,5,15,0,10,18,5.77,110,415.74,35.538371652288745,0.0,165.19734721625213,285.80765278374787,2023-09-01,2025-10-06 10:50:16.125,26,4,0,0,0,0,0,0,0,0,0,1,0,0,0,0,1,0,0,0,0,0,1,0,0,0
CUS_0x2ac8,26053.36,2059.113333333333,8,6,11,2,12,14,13.13,0,1339.71,39.703133319972274,67726.0,148.47689679971114,297.70445360579447,2023-09-01,2025-10-06 10:50:16.125,24,2,0,0,0,1,0,0,1,0,0,1,0,0,0,0,0,0,1,0,0,0,0,1,0,0
CUS_0x4f7d,15590.68,1298.2233333333334,7,9,26,9,47,16,28.98,70,4746.44,36.933402303841845,92.8893648423952,169.8320241599002,157.10094433103797,2023-09-01,2025-10-06 10:50:16.125,14,0,1,0,1,1,1,0,0,1,0,1,0,0,0,0,0,0,1,0,0,0,1,0,0,0
CUS_0x7801,151515.68,12885.306666666664,1,6,11,3,14,11,2.68,40,1078.49,31.27701938388381,1322.5195287264646,857.1133437624492,348.9923514842086,2023-09-01,2025-10-06 10:50:16.125,18,5,0,1,0,0,0,1,1,0,0,0,1,0,0,0,0,0,1,0,0,0,0,1,0,0
CUS_0x3b72,134533.32,11114.11,7,4,6,3,28,20,0.97,50,434.36,23.133892076868463,251.9882793346092,803.4681666928909,345.95455397249987,2023-09-01,2025-10-06 10:50:16.125,16,3,1,1,0,0,0,0,0,0,1,0,1,0,0,0,1,0,0,0,0,0,1,0,0,0
CUS_0xad94,32019.26,2610.2716666666665,4,3,15,2,20,11,9.38,70,1697.41,31.74429960338741,47.77769516426228,100.07036644873665,393.1791050536677,2023-09-01,2025-10-06 10:50:16.125,14,6,0,1,1,0,0,0,0,0,0,1,0,0,0,0,1,0,0,0,0,0,0,1,0,0
CUS_0x1be2,104509.53,8791.1275,8,7,5,3,30,15,17.31,70,781.83,27.090921411798018,176.24348698377483,309.34307651955226,673.5261864966732,2023-09-01,2025-10-06 10:50:16.125,27,11,0,0,1,0,1,0,1,0,0,1,0,0,0,0,1,0,0,0,0,0,0,0,0,1
CUS_0x4f65,20653.25,1652.104166666667,3,7,10,4,29,8,7.96,90,881.25,31.327822355914137,67.97467383435101,48.190173722357855,309.0455691099578,2023-09-01,2025-10-06 10:50:16.125,29,5,1,1,0,0,0,0,0,1,1,1,0,0,0,0,1,0,0,1,0,0,0,0,0,0
CUS_0x32a1,11249.15,984.4291666666668,3,3,12,1,15,9,10.02,40,612.08,21.99584850554807,8.092134624217511,25.214542579279684,315.13623946316955,2023-09-01,2025-10-06 10:50:16.125,26,3,0,0,0,0,0,0,0,1,0,0,0,0,0,1,0,0,0,0,1,0,0,0,0,0
CUS_0x32f5,48297.48,3743.79,8,3,10,0,16,16,11.77,20,1323.54,39.267812376425546,0.0,66.3839022834275,567.9950977165727,2023-09-01,2025-10-06 10:50:16.125,33,2,0,0,0,0,0,0,0,0,0,0,1,0,0,0,1,0,0,0,0,0,0,0,0,1
CUS_0x3e37,12985.715,1164.142916666667,4,3,15,1,5,13,11.02,50,355.39,28.20440259569613,8.733919706404741,69.87298302855899,327.80738893170286,2023-09-01,2025-10-06 10:50:16.125,31,3,0,0,0,0,1,0,0,0,0,1,0,0,0,0,1,0,0,0,0,0,1,0,0,0
CUS_0x639,109322.7,9248.225,5,3,1,1,9,9,11.9,70,387.99,25.75289147596255,58.17062111120353,637.6484358265603,499.00344306223616,2023-09-01,2025-10-06 10:50:16.125,26,2,0,0,0,0,0,0,0,0,1,0,1,0,0,1,0,0,0,0,0,0,0,0,1,0
CUS_0x8459,27316.86,1985.405,3,3,20,3,14,21,10.05,80,761.67,35.715203237060386,56.83239034589563,196.94040457475398,234.7677050793504,2023-09-01,2025-10-06 10:50:16.125,26,8,1,0,0,0,0,0,0,0,0,1,0,0,0,0,1,0,0,0,0,0,1,0,0,0
CUS_0x1f2c,83722.16,7270.846666666667,3,3,1,3,0,6,10.9,40,964.15,42.05453583071868,157.9707494237666,147.61790867264074,661.4960085702594,2023-09-01,2025-10-06 10:50:16.125,16,9,0,0,0,0,1,0,1,0,0,0,1,0,0,0,0,0,1,0,0,1,0,0,0,0
CUS_0xedd,125468.44,10445.703333333331,4,4,10,4,18,13,0.0,40,1136.85,39.05375953441898,338.09240873665965,590.0212862099352,376.4566383867385,2023-09-01,2025-10-06 10:50:16.125,19,10,0,0,1,1,0,1,0,1,0,1,0,0,0,0,1,0,0,1,0,0,0,0,0,0
CUS_0x2d50,32078.72,2874.226666666667,6,5,2851,9,57,20,26.24,100,2556.12,31.01684490844104,146.68234657142176,10000.0,301.65008440790365,2023-09-01,2025-10-06 10:50:16.125,13,6,1,1,0,0,1,0,0,1,1,1,0,0,0,0,0,1,0,1,0,0,0,0,0,0
CUS_0x380f,32154.28,2523.523333333333,3,6,32,3,11,13,16.54,60,2662.33,31.223768945474948,74.06279105130062,29.766903675935307,398.5226386060974,2023-09-01,2025-10-06 10:50:16.125,6,6,0,0,0,0,1,0,1,0,1,1,0,0,0,0,1,0,0,0,1,0,0,0,0,0
CUS_0x63c3,66610.28,5395.856666666667,4,5,9,2,22,12,24.71,70,1167.86,28.70241293559498,84.91415001846715,114.54553185011585,590.1259847980838,2023-09-01,2025-10-06 10:50:16.125,33,5,0,0,1,0,1,0,0,0,0,1,0,0,0,0,1,0,0,0,1,0,0,0,0,0
CUS_0xb322,22144.945,1752.4120833333334,3,2,7,4,4,2,6.65,40,586.19,35.55993344624547,42.56764122925826,47.71878048481066,281.15911728695824,2023-09-01,2025-10-06 10:50:16.125,22,9,0,1,0,0,1,0,0,1,1,0,1,0,0,0,0,0,1,0,0,0,1,0,0,0
CUS_0x44b8,46346.68,3907.223333333333,3,3,10,0,29,12,6.07,0,183.3,26.770231777153374,0.0,74.36316949877913,556.3591638345542,2023-09-01,2025-10-06 10:50:16.125,19,5,0,0,0,0,0,0,0,0,0,0,1,0,0,0,1,0,0,0,0,1,0,0,0,0
CUS_0x7547,15931.72,1179.6433333333332,6,8,32,9,55,13,6.28,100,1693.97,39.03956245044076,93.40164570396924,10000.0,272.60250403118675,2023-09-01,2025-10-06 10:50:16.125,19,1,1,1,1,0,1,0,0,0,1,1,0,0,0,0,0,1,0,0,0,0,1,0,0,0
CUS_0x8816,24070.5,2090.875,7,3,18,0,6,15,0.0,80,1058.02,38.31329094024053,0.0,163.51100278110889,315.5764972188912,2023-09-01,2025-10-06 10:50:16.125,20,8,0,0,0,0,0,0,0,0,0,0,1,0,0,0,1,0,0,0,0,0,0,0,1,0
CUS_0x8f9a,95529.28,8151.773333333333,8,6,12,6,9,19,15.4,50,283.39,25.4966772403064,330.85710980663475,487.599908880776,256.7203146459226,2023-09-01,2025-10-06 10:50:16.125,16,9,0,1,0,1,1,0,1,1,1,1,0,0,0,0,1,0,0,1,0,0,0,0,0,0
CUS_0xc5da,14021.57,1145.4641666666666,9,10,21,6,30,17,15.8,110,3889.88,33.21698210883901,37.07927139833919,73.16460044115462,284.3025448271729,2023-09-01,2025-10-06 10:50:16.125,8,11,0,0,1,1,1,0,1,0,1,1,0,0,0,0,0,0,1,0,0,0,0,1,0,0
CUS_0x47ed,127524.81,10918.0675,0,3,9,0,11,5,7.12,20,59.58,37.620791040307815,0.0,804.8671035593825,566.9396464406175,2023-09-01,2025-10-06 10:50:16.125,24,4,0,0,0,0,0,0,0,0,0,0,1,0,0,1,0,0,0,0,0,0,0,1,0,0
CUS_0x6f88,38126.94,3373.245000000001,8,9,29,9,53,25,4.13,150,1606.16,36.03203205988311,168.5211474072466,94.47628080195278,324.3270717908007,2023-09-01,2025-10-06 10:50:16.125,11,9,1,1,0,1,1,1,1,1,0,1,0,0,0,0,0,1,0,0,1,0,0,0,0,0
CUS_0x74c,131573.6,11159.466666666667,3,5,7,4,21,15,4.91,80,1384.27,36.808337217410326,399.75018245295865,408.55326894655866,587.6432152671492,2023-09-01,2025-10-06 10:50:16.125,32,8,0,1,0,0,0,0,1,0,1,1,0,0,0,0,0,0,1,0,0,0,0,1,0,0
CUS_0x9185,48101.13,3798.949791495877,7,8,30,9,45,19,27.14,120,4416.68,22.775756789041747,315.0737758352696,270.2766364526969,148.67004621615615,2023-09-01,2025-10-06 10:50:16.125,6,5,1,0,1,1,1,1,1,0,0,1,0,0,0,0,0,1,0,0,0,0,0,0,1,0
CUS_0xb213,42921.75,3304.807426870326,2,4,4,4,19,12,8.87,0,214.11,32.678094022120995,203.5509381181173,61.21310473830267,195.90543425076598,2023-09-01,2025-10-06 10:50:16.125,17,10,0,1,0,1,0,1,1,0,0,0,1,0,0,1,0,0,0,0,0,0,0,0,0,1
CUS_0x8d17,1.6730157E7,1226.7425,3,6,115,3,13,19,4.01,0,587.67,28.665966797218186,26.25172433326111,14.67420217785458,331.7483234888844,2023-09-01,2025-10-06 10:50:16.125,19,10,1,0,1,0,0,0,0,0,0,0,0,0,0,0,1,0,0,0,0,0,0,0,0,1
CUS_0x91c8,15710.555,1290.2129166666666,4,5,19,4,21,2956,2.58,10,442.17,27.64039663389081,26.492123005335547,48.46324025925375,324.06592840207736,2023-09-01,2025-10-06 10:50:16.125,24,8,0,0,1,0,1,0,0,1,1,0,1,0,0,0,1,0,0,0,0,0,0,0,1,0
CUS_0x30a3,146746.12,12277.843333333332,2,4,6,0,14,2,3.56,60,1109.03,39.04222289736003,332.25001458541124,662.7508387881601,502.78347995976196,2023-09-01,2025-10-06 10:50:16.125,19,5,0,0,0,0,1,0,0,1,0,0,1,0,0,1,0,0,0,0,0,0,0,0,1,0
CUS_0x3263,132643.71,11028.6425,0,5,12,1,7,8,10.79,70,1439.7,34.044873370780394,58.62784172473539,80.97858126821632,1203.2578270070485,2023-09-01,2025-10-06 10:50:16.125,20,8,0,0,0,0,0,0,0,0,1,0,1,0,0,1,0,0,0,0,0,1,0,0,0,0
CUS_0x5198,14526.58,1318.5483333333334,5,7,31,7,11,19,6.1,70,2447.81,29.514943992528977,83.96047515733541,10000.0,213.96570386974042,2023-09-01,2025-10-06 10:50:16.125,17,8,0,0,1,1,0,1,1,1,1,1,0,0,0,0,0,0,1,0,0,0,1,0,0,0
CUS_0x62a6,20995.615,1909.6345833333328,0,2,6,1348,2,5,4.57,80,1238.55,32.57852152377715,9.143908457799562,78.26328597360856,393.5562639019252,2023-09-01,2025-10-06 10:50:16.125,29,0,0,0,0,0,0,0,0,1,0,0,1,0,0,1,0,0,0,0,0,0,1,0,0,0
CUS_0xa66d,18743.8,1550.9833333333331,4,284,24,3,7,15,13.24,60,2019.55,29.868480139756088,44.76352139934176,82.12982485039207,318.2049870835995,2023-09-01,2025-10-06 10:50:16.125,11,6,1,0,0,0,0,0,1,0,1,1,0,0,0,0,0,0,1,0,0,0,1,0,0,0
CUS_0x8da9,50787.69,4209.3075,6,7,18,9,47,21,23.44,100,3261.13,29.362511008591444,314.22052999330145,46.05224661189529,300.6579733948032,2023-09-01,2025-10-06 10:50:16.125,6,0,1,0,1,0,1,0,0,1,1,1,0,0,0,0,0,1,0,0,0,1,0,0,0,0
CUS_0xbfb4,17983.02,1522.585,5,6,9,4,14,1,4.92,50,393.89,27.75004027371357,36.67945594529282,139.8160675330931,245.76297652161406,2023-09-01,2025-10-06 10:50:16.125,23,2,0,0,1,0,0,0,1,1,0,0,1,0,0,1,0,0,0,0,0,0,0,0,1,0
CUS_0x8e7f,47119.29,3637.6075,7,5,24,6,22,26,4.0600000000000005,150,2773.96,38.65279114197615,29519.0,150.29142748399568,282.0657987385622,2023-09-01,2025-10-06 10:50:16.125,13,11,1,1,0,1,0,0,0,0,1,1,0,0,0,0,0,1,0,0,1,0,0,0,0,0
CUS_0xc0c7,119047.52,9924.626666666669,8,7,8,3,5,9,9.22,60,897.72,44.31537849205865,199.6579353719332,201.3280798186612,831.4766514760723,2023-09-01,2025-10-06 10:50:16.125,28,9,1,0,1,0,0,0,0,0,1,1,0,0,0,0,0,0,1,0,0,1,0,0,0,0
CUS_0x666b,20159.39,1403.9491666666663,10,7,16,5,21,15,16.16,110,3604.92,30.84652192821237,80.4778638979106,81.7761802146037,268.1408725541524,2023-09-01,2025-10-06 10:50:16.125,8,4,1,0,0,0,1,0,0,1,0,1,0,0,0,0,0,0,1,0,0,0,1,0,0,0
CUS_0x9abb,20915.42,1616.9516666666666,9,6,33,5,14,16,3.68,90,2093.75,28.02998106568641,61.36285837154732,162.98277107893585,227.34953721618353,2023-09-01,2025-10-06 10:50:16.125,17,2,0,0,1,0,0,1,1,0,0,1,0,0,0,0,0,1,0,0,0,0,1,0,0,0
CUS_0xaeb8,67426.82,5810.901666666668,4,6,5,5,19,10,9.88,70,671.39,32.17708788580746,196.5708370165125,730.6773316119978,508.95900780738543,2023-09-01,2025-10-06 10:50:16.125,13,5,0,1,0,0,1,0,1,0,0,1,0,0,0,0,1,0,0,0,0,0,1,0,0,0
CUS_0xfe4,110575.72,9009.643333333332,7,3,6,7,10,13,18.53,100,788.59,39.1022618387394,540.0722378457675,354.8558010471916,266.0362944403742,2023-09-01,2025-10-06 10:50:16.125,17,9,0,0,1,0,0,0,1,0,1,1,0,0,0,0,1,0,0,1,0,0,0,0,0,0
CUS_0x1c70,31604.58,2378.715,1,2,10,4,9,6,2.86,30,946.91,34.57481503487476,65.50581842815559,45.553531068539826,366.8121505033046,2023-09-01,2025-10-06 10:50:16.125,18,2,0,1,0,0,1,1,0,0,0,0,1,0,0,1,0,0,0,0,0,1,0,0,0,0
CUS_0x499d,8973.16,762.7633333333333,6,8,16,5,18,21,0.52,100,1483.24,30.95228531155591,20.27801062498116,76.63326938133768,269.3650533270145,2023-09-01,2025-10-06 10:50:16.125,14,6,0,1,0,1,0,0,1,0,1,1,0,0,0,0,0,0,1,0,0,0,1,0,0,0
CUS_0x5292,88245.74,7424.811666666667,1,5,5,1,0,9,8.89,30,1454.59,28.29835302678576,52.441528460186966,125.96650239090876,804.0731358155709,2023-09-01,2025-10-06 10:50:16.125,30,10,0,0,0,0,0,0,0,1,0,0,1,0,0,0,0,0,1,0,0,1,0,0,0,0
CUS_0xbe3b,82623.0,7138.25,8,5,19,6,17,20,26.95,90,4786.08,31.533232757412485,269.85359491706987,739.6827909609302,594.5803358638345,2023-09-01,2025-10-06 10:50:16.125,2,2,1,1,0,1,0,1,0,0,0,1,0,0,0,0,0,0,1,0,0,0,0,1,0,0
CUS_0x4cad,49131.42,3864.285,9,9,25,7,29,23,19.9,120,4552.04,25.069810950373544,165.29630829205422,287.6222938277996,223.50989788014613,2023-09-01,2025-10-06 10:50:16.125,9,5,1,0,0,1,0,1,0,1,1,1,0,0,0,0,0,1,0,0,0,0,1,0,0,0
CUS_0xb9bb,17458.44,1446.87,9,9,15,0,13,20,5.65,17760,2816.06,34.58361063631291,66.40302649962311,46.35047472972726,311.93349877064963,2023-09-01,2025-10-06 10:50:16.125,8,6,0,0,1,0,1,1,0,0,1,1,0,0,0,0,0,0,1,0,0,0,0,1,0,0
CUS_0xd19,96910.48,7797.873333333332,7,6,20,2,22,20,3.47,70,456.9,40.31826893646486,112.54085196383208,298.74377757472075,618.5027037947805,2023-09-01,2025-10-06 10:50:16.125,29,11,0,1,0,0,0,0,1,0,0,0,1,0,0,0,1,0,0,0,1,0,0,0,0,0
CUS_0x5360,17461.98,1642.165,6,5,1965,2,59,18,14.77,110,1405.7,34.542898543896065,28.09484906355243,216.4902303959186,209.63142054052898,2023-09-01,2025-10-06 10:50:16.125,18,11,0,0,1,1,0,0,0,0,0,1,0,0,0,0,1,0,0,0,0,0,1,0,0,0
CUS_0x12bf,97976.08,8136.673333333332,8,6,12,2,16,8,6.03,50,1113.49,34.214581014747246,115.08732513084908,1039.3739975905096,770.585212250888,2023-09-01,2025-10-06 10:50:16.125,28,2,1,0,1,0,0,0,0,0,0,1,0,0,0,0,0,0,1,0,0,0,1,0,0,0
CUS_0x6f7b,77456.76,6649.73,6,5,16,0,26,19,22.92,150,3928.73,26.13947699437658,425.7481380004293,127.2714101419009,351.95345185766973,2023-09-01,2025-10-06 10:50:16.125,1,10,1,1,0,0,1,1,1,0,0,1,0,0,0,0,0,1,0,0,0,1,0,0,0,0
CUS_0x4711,32430.82,2597.568333333333,10,9,21,8,20,19,34.85,120,2532.02,36.87448244342745,128.00912450798364,223.830548246873,177.91716057847663,2023-09-01,2025-10-06 10:50:16.125,13,10,0,0,1,0,0,0,0,1,1,1,0,0,0,0,0,1,0,0,0,0,0,0,1,0
CUS_0x869,121256.4,9022.691765326765,4,4,19,2,14,19,4.92,70,1012.93,23.27401665670895,1060.774722623717,686.5203361311358,369.88317591838285,2023-09-01,2025-10-06 10:50:16.125,31,3,0,0,0,1,0,0,0,0,1,0,0,0,0,0,1,0,0,0,0,0,0,0,1,0
CUS_0x3c63,27240.07,2065.005833333333,5,3,18,4,26,18,4.22,30,1301.08,30.9624282703001,88.41278203111109,82.61444773483898,285.47335356738324,2023-09-01,2025-10-06 10:50:16.125,28,3,1,0,0,1,0,0,1,0,0,0,0,0,0,0,1,0,0,0,0,0,0,0,0,1
CUS_0xc0e2,30624.62,2319.0516666666667,7,7,4264,6,8,19,12.61,100,1738.56,31.169108452070912,111.84351016105283,23.695510309423003,336.3661461961908,2023-09-01,2025-10-06 10:50:16.125,9,8,0,1,0,1,1,1,0,1,0,1,0,0,0,0,1,0,0,0,0,1,0,0,0,0
CUS_0x4ba7,28150.72,2583.893333333333,8,4,5,0,10,21,17.1,70,756.3,29.8238072861609,0.0,298.8036669298184,249.585666403515,2023-09-01,2025-10-06 10:50:16.125,23,8,0,0,0,0,0,0,0,0,0,1,0,0,0,0,1,0,0,0,0,0,1,0,0,0
CUS_0x661b,10623.765,895.3137499999998,6,3,18,0,9,12,16.39,70,181.68,33.47170532411978,26.515279960070053,111.84569421121132,241.17040082871864,2023-09-01,2025-10-06 10:50:16.125,16,2,0,0,0,1,0,0,1,0,0,1,0,0,0,0,1,0,0,0,0,0,1,0,0,0
CUS_0x9650,16827.645,1419.8265067545872,7,4,6,1,21,11,15.34,120,626.14,28.494244091988765,73.76576666114842,97.64164008781992,303.70021149644475,2023-09-01,2025-10-06 10:50:16.125,19,10,1,0,0,0,0,0,0,0,0,1,0,0,0,0,1,0,0,1,0,0,0,0,0,0
CUS_0xb7de,14860.185,1320.34875,6,3,9,3,8,19,17.03,80,1263.45,37.58681690455477,32.47059122029513,110.554266615194,279.01001716451094,2023-09-01,2025-10-06 10:50:16.125,17,2,0,1,0,1,0,0,0,0,1,1,0,0,0,0,1,0,0,0,0,0,1,0,0,0
CUS_0x219c,30812.96,2422.7466666666664,1,7,3,1,10,5,8.21,40,990.47,36.4972289633766,24.06489015682753,123.81989578660331,384.38988072323576,2023-09-01,2025-10-06 10:50:16.125,29,8,0,0,1,0,0,0,0,0,0,0,1,0,0,1,0,0,0,0,0,0,1,0,0,0
CUS_0x8bc6,18888.46,1368.0383333333332,8,9,18,7,50,19,15.41,100,1543.58,29.310959587063923,69.04333951115974,95.18179777777365,252.57869604439992,2023-09-01,2025-10-06 10:50:16.125,14,10,1,0,1,0,1,1,1,0,1,1,0,0,0,0,0,1,0,0,0,0,0,1,0,0
CUS_0xc242,17018.45,1188.2041666666669,8,6,25,7,16,19,15.35,160,4742.17,37.45147067251078,62.526076988230464,46.31754521301146,299.97679446542475,2023-09-01,2025-10-06 10:50:16.125,3,8,1,0,1,1,0,0,1,1,0,0,0,0,0,0,0,1,0,0,0,0,1,0,0,0
CUS_0x14de,53709.66,4375.805,10,10,29,8,24,15,21.47,120,3069.57,38.992908876683714,321.4931551719688,60.52977871240101,295.5575661156301,2023-09-01,2025-10-06 10:50:16.125,9,9,1,0,1,1,1,1,0,1,0,1,0,0,0,0,0,1,0,0,0,1,0,0,0,0
CUS_0x589a,28435.76,2266.6466666666665,3,10,15,7,9,17,11.5,100,1962.25,26.291337466984057,116.72019332019045,69.07873444942125,290.86573889705494,2023-09-01,2025-10-06 10:50:16.125,8,2,1,1,0,1,0,0,1,0,1,1,0,0,0,0,0,0,1,0,1,0,0,0,0,0
CUS_0x6c58,9409.45,952.1208333333334,5,6,13,7,7,10,10.11,70,209.02,40.709514669462095,37.524074847170965,33.744335768547266,293.9436727176152,2023-09-01,2025-10-06 10:50:16.125,8,3,0,0,1,1,1,1,0,0,1,1,0,0,0,0,1,0,0,0,0,0,0,0,1,0
CUS_0x8d04,53152.0,4157.333333333333,3,6,9,3,29,13,8.89,23310,153.23,34.000328592468826,127.70629782176292,62.858066555647525,475.1689689559229,2023-09-01,2025-10-06 10:50:16.125,16,6,1,0,0,0,1,0,0,1,0,1,0,0,0,0,1,0,0,0,0,0,0,0,0,1
CUS_0x2441,38117.06,3245.421666666666,8,5,34,6,20,24,26.16,150,2639.35,27.501403377974466,143.5088552873968,95.92687172181627,335.1064396574536,2023-09-01,2025-10-06 10:50:16.125,8,6,1,0,1,0,1,1,0,1,0,1,0,0,0,0,0,1,0,0,1,0,0,0,0,0
CUS_0x7ad8,8079.46,423.2883333333333,7,7,23,5,24,18,11.76,130,1515.52,38.2912746512313,25.58542634687369,25.15980542157125,271.5836015648884,2023-09-01,2025-10-06 10:50:16.125,13,9,1,1,0,0,0,1,0,0,1,1,0,0,0,0,1,0,0,0,0,0,0,1,0,0
CUS_0x9228,75004.04999999999,6416.337499999999,3,3,8,3,30,9,17.36,90,199.04,26.04544517026304,161.4996802205128,251.86534326189445,508.26872651759277,2023-09-01,2025-10-06 10:50:16.125,9,0,0,0,1,0,0,1,0,0,1,1,0,0,0,0,0,0,1,0,0,0,0,1,0,0
CUS_0x3acd,49211.16,4048.93,4,5,15,7,33,8,13.42,170,1781.8,29.5650326659268,257.0593770395491,10000.0,235.1256062904179,2023-09-01,2025-10-06 10:50:16.125,9,3,1,0,1,0,0,1,0,0,1,1,0,0,0,0,1,0,0,0,1,0,0,0,0,0
CUS_0x6f0b,31589.06,2894.421666666666,8,3,9,4,12,14,8.91,40,1428.58,33.935346291082375,82.49834395221518,157.01986767491184,319.92395503953963,2023-09-01,2025-10-06 10:50:16.125,30,10,1,0,0,0,1,0,1,0,0,1,0,0,0,0,0,0,1,0,0,0,0,0,1,0
CUS_0x3881,98459.7,8165.975,3,7,9,4,0,12,1.8,30,24.1,30.80000189161521,196.5613024739651,694.7113860814301,205.3248114446051,2023-09-01,2025-10-06 10:50:16.125,27,0,0,1,0,1,0,0,0,1,0,0,1,0,0,1,0,0,0,0,0,0,0,1,0,0
CUS_0xadc8,1.8884777E7,6605.370946533594,8,7,9,3,8,14,10.17,20,1000.76,31.424325001673694,744.0374463094097,124.42858319233775,690.7573572979918,2023-09-01,2025-10-06 10:50:16.125,22,5,0,0,0,0,1,0,0,0,1,1,0,0,0,0,0,0,1,0,0,1,0,0,0,0
CUS_0x5e73,26175.52,1985.293333333333,8,6,6,2,19,11,4.32,0,359.67,27.128371121678285,26.83928438300353,99.6471287364592,362.0429202138706,2023-09-01,2025-10-06 10:50:16.125,25,5,0,1,0,1,0,0,0,0,0,0,1,0,0,0,0,0,1,0,0,0,1,0,0,0
CUS_0x7e67,82394.16,6776.18,6,3,19,2,25,9,7.09,90,676.2,25.74727041520281,85.56758938545373,457.4799333920258,414.57047722252054,2023-09-01,2025-10-06 10:50:16.125,11,10,1,0,0,0,0,1,0,0,0,1,0,0,0,0,1,0,0,0,0,0,0,1,0,0
CUS_0x9ee4,102745.4,8615.116666666667,3,4,11,0,13,15,3.8,40,465.88,32.50294881949152,0.0,559.142138510609,572.3695281560578,2023-09-01,2025-10-06 10:50:16.125,16,8,0,0,0,0,0,0,0,0,0,0,1,0,0,1,0,0,0,0,0,0,0,0,1,0
CUS_0x9f8d,20120.38,1410.6983333333335,8,6,26,7,28,16,8.87,90,2734.91,24.61923136976325,62.49858275423454,39.052029783975854,319.519220795123,2023-09-01,2025-10-06 10:50:16.125,2,10,0,1,1,1,1,1,0,1,0,1,0,0,0,0,0,1,0,0,0,0,0,0,0,1
CUS_0x24bf,41541.8,3199.816666666667,3,4,12,4,16,8,11.49,40,1052.87,27.96426464871078,87.351794708439,257.9674946613073,264.66237729692045,2023-09-01,2025-10-06 10:50:16.125,16,5,1,0,0,0,1,1,1,0,0,0,1,0,0,1,0,0,0,0,0,0,1,0,0,0
CUS_0x80c0,35787.86,2820.3216666666667,9,7,31,0,51,27,1.3,60,2486.5,31.67834671789042,76.88428434183241,70.4536582519213,374.6942240729129,2023-09-01,2025-10-06 10:50:16.125,20,5,1,0,0,1,0,0,0,1,1,1,0,0,0,0,0,1,0,0,0,1,0,0,0,0
CUS_0x9e8c,32089.33,2882.1108333333336,4,6,2,4,5,21,4.67,0,435.89,27.510477792251173,71.30685118558694,190.21631238192882,286.68791976581764,2023-09-01,2025-10-06 10:50:16.125,25,6,0,0,0,1,1,0,1,0,0,0,1,0,0,0,0,0,1,1,0,0,0,0,0,0
CUS_0xc4dd,17943.38,1630.281666666667,8,10,22,2,1,20,0.0,140,1961.87,38.159373291034186,20.609335246445927,80.36248017706882,332.05635124315194,2023-09-01,2025-10-06 10:50:16.125,9,10,0,0,0,0,0,1,0,0,0,1,0,0,0,0,0,0,1,0,0,0,0,0,1,0
CUS_0x87b8,23054.08,2052.173333333333,3,3,16,0,14,8,19.85,10,573.89,25.53356355706281,0.0,137.6362123487093,347.581120984624,2023-09-01,2025-10-06 10:50:16.125,26,4,0,0,0,0,0,0,0,0,0,1,0,0,0,0,1,0,0,0,0,0,0,0,0,1
CUS_0xb529,60520.95,4783.4125,10,8,18,5,53,19,25.88,60,3615.94,39.64189941043113,163.0827549206182,200.05631260092548,365.20218247845634,2023-09-01,2025-10-06 10:50:16.125,12,5,0,1,1,0,0,0,1,1,0,1,0,0,0,0,0,1,0,0,1,0,0,0,0,0
CUS_0x51b4,17655.43,1530.2858333333334,8,10,34,6,60,25,24.49,100,2725.14,30.177395519209743,82.65421880756931,196.4680268470633,163.9063376787007,2023-09-01,2025-10-06 10:50:16.125,9,0,0,1,1,0,1,1,1,0,1,1,0,0,0,0,0,1,0,0,0,0,1,0,0,0
CUS_0x9bb0,66120.99,5665.0825,1197,4,20,2,14,14,5.65,0,553.15,33.36276024475433,95.35810191886792,126.11842544226492,652.2868675783478,2023-09-01,2025-10-06 10:50:16.125,18,1,1,1,0,0,0,0,0,0,0,0,0,0,0,0,1,0,0,0,1,0,0,0,0,0
CUS_0x2217,28481.67,2441.4725,0,3,9,2,9,1,7.45,30,104.85,37.35128716907708,46.99155012123087,66.68332477406409,410.47237510470495,2023-09-01,2025-10-06 10:50:16.125,31,2,0,0,0,0,0,1,1,0,0,0,1,0,0,1,0,0,0,0,0,0,0,1,0,0
CUS_0x3b32,52487.14,4134.928333333333,7,5,8,3,3,19,5.09,40,1132.46,28.842747522276916,103.11934089907332,159.33596790358314,411.0375245306769,2023-09-01,2025-10-06 10:50:16.125,17,9,0,0,0,0,1,0,1,0,1,0,0,0,0,0,1,0,0,1,0,0,0,0,0,0
CUS_0x5af5,10482.305,1114.5254166666666,9,8,20,4,27,24,8.31,11030,2146.8,35.520115012535264,29.379047375395142,134.21464226151994,237.85885202975157,2023-09-01,2025-10-06 10:50:16.125,17,9,0,0,0,0,0,0,1,1,1,1,0,0,0,0,0,1,0,0,0,0,1,0,0,0
CUS_0x7e6f,14431.49,1307.6241666666667,0,6,6,0,12,7,7.46,30,214.25,24.570803495357303,0.0,112.82073995084141,297.94167671582534,2023-09-01,2025-10-06 10:50:16.125,29,1,0,0,0,0,0,0,0,0,0,0,1,0,0,1,0,0,0,0,0,0,0,1,0,0
CUS_0x9df7,128919.96,10511.33,0,3,10,3,15,12,5.9,30,579.15,28.150534623400283,211.66336630523205,76.47568855878411,1002.9939451359837,2023-09-01,2025-10-06 10:50:16.125,27,11,0,0,0,1,0,0,1,0,0,0,1,0,0,0,0,0,1,0,0,1,0,0,0,0
CUS_0x2ca3,17075.64,1399.5250059144205,4,9,23,6,14,8,11.07,140,2577.15,35.236733896344326,192.1401776396819,151.00817195638356,207.19364448951404,2023-09-01,2025-10-06 10:50:16.125,20,2,0,1,1,1,0,1,1,0,0,0,0,0,0,0,1,0,0,0,0,0,0,0,0,1
CUS_0x9414,53354.85000000001,4633.2375,8,10,24,4,20,16,13.22,110,1966.12,32.44323717810657,162.2518689409869,546.0371095618858,45.03477149712729,2023-09-01,2025-10-06 10:50:16.125,16,0,1,0,1,0,0,0,0,1,0,1,0,0,0,0,0,1,0,0,0,0,1,0,0,0
CUS_0xb80c,27347.9,2499.991666666667,8,3,7,1,12,9,15.54,110,1274.89,29.474262509586644,13.306162533255351,53.43993558239004,423.2530685510213,2023-09-01,2025-10-06 10:50:16.125,12,10,0,0,0,0,1,0,0,0,0,1,0,0,0,0,1,0,0,0,0,1,0,0,0,0
CUS_0x8167,101926.95,8635.9125,4,4,9,1,13,9,10.26,60,1058.0,39.69381187135023,70.58768070846249,662.8039273360225,410.1996419555151,2023-09-01,2025-10-06 10:50:16.125,20,5,1,0,0,0,0,0,0,0,0,0,1,0,0,0,0,0,1,0,0,0,0,1,0,0
CUS_0xa80,1.7938268E7,1319.825833333333,7,4,10,7,18,19,7.07,60,119.94,27.58786452929805,64.32450334133745,130.60908422199287,217.04899577000302,2023-09-01,2025-10-06 10:50:16.125,10,2,0,1,1,0,1,1,1,0,1,1,0,0,0,0,1,0,0,0,0,0,0,1,0,0
CUS_0x884a,36707.7,3052.975,5,5,19,0,18,20,10.03,70,1867.79,31.900497513827947,130.6361346342992,149.25463541546003,285.40672995024084,2023-09-01,2025-10-06 10:50:16.125,11,11,1,0,1,0,1,0,1,0,1,1,0,0,0,0,1,0,0,1,0,0,0,0,0,0
CUS_0x4a79,17180.82,1669.735,4,4,17,3,22,13,11.28,40,1812.93,30.75620977716919,21.83553825524304,51.98574691782286,343.15221482693414,2023-09-01,2025-10-06 10:50:16.125,19,2,0,0,1,0,1,0,1,0,0,1,0,0,0,0,0,0,1,0,1,0,0,0,0,0
CUS_0x765b,20051.92,1845.993333333333,5,2,4,2,6,5,6.09,0,83.96,39.724431464523306,30.30590559473764,10000.0,202.91262147639847,2023-09-01,2025-10-06 10:50:16.125,25,5,0,0,0,0,0,1,0,1,0,0,1,0,0,1,0,0,0,0,0,0,1,0,0,0
CUS_0x21f7,131040.42,11104.035,3,1,7,0,12,11,2.88,80,650.28,39.05348412377516,0.0,751.2058100021907,639.1976899978093,2023-09-01,2025-10-06 10:50:16.125,19,3,0,0,0,0,0,0,0,0,0,0,1,0,0,1,0,0,0,0,0,0,0,1,0,0
CUS_0xbe82,117502.8,9935.9,3,5,16,1,12,19,11.14,20,953.87,34.55785925610642,96.48132014804077,231.58352574264984,905.5251541093097,2023-09-01,2025-10-06 10:50:16.125,19,8,0,0,0,0,1,0,0,0,0,0,0,0,0,0,1,0,0,0,0,1,0,0,0,0
CUS_0x1ccf,8381.025,852.4187499999998,6,769,22,2,57,20,0.5099999999999998,80,1465.19,39.44097661389702,7.348140838048644,57.10982305744441,310.78391110450696,2023-09-01,2025-10-06 10:50:16.125,6,6,0,0,0,0,0,0,1,0,0,1,0,0,0,0,0,1,0,0,0,0,1,0,0,0
CUS_0x2913,43924.04,3811.336666666666,0,6,6,2,5,5,0.6,50,780.26,27.413460594517808,63.31342077852024,152.21794018255918,415.6023057055872,2023-09-01,2025-10-06 10:50:16.125,20,5,0,0,0,0,0,1,0,1,0,0,1,0,0,1,0,0,0,0,1,0,0,0,0,0
CUS_0x1057,86617.16,7250.096666666667,8,4,6,3,16,21,7.26,40,718.53,35.55554010560421,141.3820546343075,976.1638750557892,636.422471527819,2023-09-01,2025-10-06 10:50:16.125,24,11,0,1,0,0,0,1,0,1,0,0,1,0,0,0,1,0,0,0,0,0,0,0,0,1
CUS_0x180a,35911.33,3003.6108333333336,3,3,2,2,9,16,5.5,30,739.82,24.68080569417741,39.11288223061442,250.37375548953202,300.87444561318705,2023-09-01,2025-10-06 10:50:16.125,18,4,0,0,0,0,1,0,1,0,0,0,1,0,0,0,1,0,0,0,0,0,0,0,0,1
CUS_0x2b29,17346.16,1607.513333333333,8,9,25,5,52,10,10.45,70,2528.51,35.25776982197525,58.23146577593919,192.67497867063247,199.8448888867617,2023-09-01,2025-10-06 10:50:16.125,8,4,0,0,0,1,1,0,1,0,0,0,0,0,0,0,1,0,0,0,0,0,1,0,0,0
CUS_0xaa7c,22434.16,2166.5133333333333,7,7,8,3,29,19,18.67,70,273.11,27.893173106334547,30.06803814681413,139.71457369446264,306.86872149205664,2023-09-01,2025-10-06 10:50:16.125,23,6,1,0,0,0,1,0,0,0,0,1,0,0,0,0,1,0,0,1,0,0,0,0,0,0
CUS_0x1246,22188.45,2006.0375,1,5,498,1,24,1,3.87,70,1352.38,36.34397503429316,10.011417582528251,153.11466390499174,327.47766851247997,2023-09-01,2025-10-06 10:50:16.125,16,5,0,1,0,0,0,0,0,0,0,0,1,0,0,1,0,0,0,0,0,0,1,0,0,0
CUS_0x4241,36178.94,2737.911666666667,5,7,7,2,28,12,16.9,120,1562.82,24.872273783726328,44.33900647409711,93.2113614336874,406.2407987588822,2023-09-01,2025-10-06 10:50:16.125,15,11,0,0,0,0,0,1,0,0,0,1,0,0,0,0,0,0,1,0,0,0,0,0,1,0
CUS_0x6683,32653.78,2506.148333333333,5,7,7,5,17,19,17.59,120,1029.97,40.08784876864628,114.8511176653456,46.6145922834641,339.14912338452365,2023-09-01,2025-10-06 10:50:16.125,15,6,0,0,0,1,0,1,1,0,1,0,0,0,0,0,1,0,0,0,1,0,0,0,0,0
CUS_0x904,35926.76,2802.896666666667,10,7,28,6,30,8,16.29,130,1691.59,25.83444595037497,168.351363703061,116.59517451267736,245.34312845092842,2023-09-01,2025-10-06 10:50:16.125,11,10,0,1,1,0,0,1,1,1,0,1,0,0,0,0,0,0,1,0,1,0,0,0,0,0
CUS_0xa5e7,68533.84,5665.153333333333,5,3,12,5,10,15,20.74,100,817.66,39.19606051745286,256.4018268006772,124.07265705393827,446.0408494787178,2023-09-01,2025-10-06 10:50:16.125,8,11,1,0,1,0,1,0,1,0,0,1,0,0,0,0,0,0,1,1,0,0,0,0,0,0
CUS_0x1d56,53127.72,4655.31,7,6,34,3,37,16,7.04,160,1752.55,42.423540202527626,87.57835313396869,103.17892100284077,524.7737258631906,2023-09-01,2025-10-06 10:50:16.125,20,6,1,0,0,1,1,0,0,0,0,1,0,0,0,0,1,0,0,0,1,0,0,0,0,0
CUS_0x1fa0,72140.06999999999,5777.6725,6,5,3813,1,23,9,19.52,50,638.12,33.240019005747506,52.44882185907356,183.5350533575821,601.7833747833445,2023-09-01,2025-10-06 10:50:16.125,28,5,0,0,0,1,0,0,0,0,0,1,0,0,0,0,1,0,0,1,0,0,0,0,0,0
CUS_0x3943,18859.38,1360.615,6,4,5,4,14,15,9.41,60,330.26,35.71868610738322,40.29201026540228,161.28383238099616,224.4856573536016,2023-09-01,2025-10-06 10:50:16.125,13,9,0,1,0,0,0,0,0,1,0,1,0,0,0,0,1,0,0,0,0,0,1,0,0,0
CUS_0x65bd,14395.83,1027.6525,7,1110,28,7,28,16,24.17,140,2841.0,25.396864295357453,74.79538225778528,37.621210170389645,280.34865757182513,2023-09-01,2025-10-06 10:50:16.125,2,8,1,0,0,0,0,0,1,1,1,1,0,0,0,0,0,1,0,0,0,0,1,0,0,0
CUS_0xae25,98227.08,8441.59,6,4,17,3,5,10,2.92,20,1472.89,28.65626689489187,154.80094245583666,326.92185833493994,612.4361992092237,2023-09-01,2025-10-06 10:50:16.125,29,10,0,0,1,1,0,0,0,0,1,0,1,0,0,0,1,0,0,0,1,0,0,0,0,0
CUS_0x29f9,9691.01,622.5841666666666,8,7,18,9,22,21,21.7,70,3416.97,22.250172789298325,66.96393607480513,24.10240942449213,261.1920711673694,2023-09-01,2025-10-06 10:50:16.125,3,2,0,1,1,1,1,0,0,1,1,1,0,0,0,0,0,1,0,0,0,0,1,0,0,0
CUS_0x2bc0,124490.36,10209.196666666669,4,7,10,5,14,18,8.62,60,177.03,30.14588310399423,369.74246431613005,181.7223655553013,709.4548367952353,2023-09-01,2025-10-06 10:50:16.125,7,3,1,0,1,0,0,1,1,0,1,1,0,0,0,0,0,0,1,0,0,1,0,0,0,0
CUS_0x68e1,10732.78,1117.3983333333335,6,6,15,2,16,15,0.0,70,915.78,27.26066171990883,11.438275858492744,81.63679421397714,298.6647632608635,2023-09-01,2025-10-06 10:50:16.125,16,4,1,1,0,0,0,0,0,0,0,1,0,0,0,0,0,0,1,0,0,0,0,1,0,0
CUS_0x8fa7,20024.17,1544.680833333333,4,5,10,4,16,16,13.93,120,698.93,39.79728081163714,35.9034697117672,144.73117426748456,253.83343935408158,2023-09-01,2025-10-06 10:50:16.125,8,4,0,0,0,1,0,1,1,0,0,0,0,0,0,0,1,0,0,0,0,0,0,1,0,0
CUS_0xc610,56175.12,4916.26,5,7,10,7,24,14,15.75,110,1755.34,29.79656261412965,268.55148349032294,373.55826823539115,119.51624827428587,2023-09-01,2025-10-06 10:50:16.125,12,5,0,1,1,0,1,0,0,1,0,1,0,0,0,0,0,0,1,0,0,0,0,0,1,0
CUS_0x5952,58307.97,4808.9975,7,10,21,5,35,17,21.3,110,4501.87,28.52849592556043,208.59929205157317,71.71667440506748,450.58378354335946,2023-09-01,2025-10-06 10:50:16.125,5,3,0,1,0,1,0,1,1,0,1,1,0,0,0,0,0,1,0,0,0,0,0,0,0,1
CUS_0x902d,117680.84,10057.736666666666,5,5,10,2,23,17,15.32,0,240.52,41.0498508347434,183.4525865833154,359.1698711367218,713.1512089466294,2023-09-01,2025-10-06 10:50:16.125,18,2,0,1,0,0,0,0,0,0,1,1,0,0,0,0,1,0,0,0,1,0,0,0,0,0
CUS_0xbca3,15335.38,1429.948333333333,8,6,17,2,49,11,8.22,110,1988.83,32.118959680837435,24.639269007939664,123.85827637016693,264.49728795522674,2023-09-01,2025-10-06 10:50:16.125,15,0,0,0,0,1,1,0,0,0,0,1,0,0,0,0,1,0,0,0,0,0,0,0,1,0
CUS_0x2491,17569.87,1216.1558333333332,7,3,19,6,24,16,14.21,120,1625.87,26.448128745121146,45.64725997109365,61.641035054126604,304.32728830811305,2023-09-01,2025-10-06 10:50:16.125,10,2,1,1,1,0,1,1,0,1,0,1,0,0,0,0,1,0,0,0,0,0,1,0,0,0
CUS_0x6347,27403.02,2054.585,5,6,5,4,18,8,7.25,20,1060.13,30.96166969012329,75.22435917130426,83.79149423932459,296.4426465893711,2023-09-01,2025-10-06 10:50:16.125,29,11,0,1,1,1,0,0,1,0,0,0,0,0,0,0,1,0,0,0,1,0,0,0,0,0
CUS_0x7d3b,71148.94,5972.078333333334,1,3,1,0,13,9,7.84,30,518.43,25.79800064624032,20392.0,124.52286910009077,722.6849642332428,2023-09-01,2025-10-06 10:50:16.125,23,9,0,0,0,0,0,0,0,0,0,0,1,0,0,1,0,0,0,0,0,0,0,0,0,1
CUS_0x9ce2,83491.35,7191.6125,8,7,16,0,14,9,13.33,60,1057.71,38.841826166989584,0.0,564.1796048764543,424.981645123546,2023-09-01,2025-10-06 10:50:16.125,12,3,0,0,0,0,0,0,0,0,0,1,0,0,0,0,1,0,0,0,0,0,0,0,1,0
CUS_0x14e5,7981.345,412.11208333333326,9,5,22,9,46,17,25.96,90,4064.57,39.12539514956893,57.93168879536229,28.48164005972581,234.7978794782452,2023-09-01,2025-10-06 10:50:16.125,0,11,0,0,1,1,1,1,1,1,0,1,0,0,0,0,0,1,0,0,0,0,0,1,0,0
CUS_0x40d9,10454.79,612.2325000000002,5,6,15,4,12,19,16.56,130,773.4,31.228829122064475,34.788439794431106,59.82556375504325,256.60924645052563,2023-09-01,2025-10-06 10:50:16.125,27,8,0,1,1,0,0,0,1,0,0,1,0,0,0,0,1,0,0,0,0,0,1,0,0,0
CUS_0x5578,14318.26,1043.1883333333333,8,8,17,5,40,21,21.1,120,2598.38,25.990448023948023,50.29265539878061,46.24391745310132,277.78226048145143,2023-09-01,2025-10-06 10:50:16.125,4,11,1,1,0,0,1,0,1,0,0,1,0,0,0,0,0,1,0,0,0,0,0,0,1,0
CUS_0x2fb7,71480.44,5883.703333333334,8,6,13,6,6,9,7.92,80,315.42,37.391102583541134,40651.0,531.5685192814212,59.24584276459075,2023-09-01,2025-10-06 10:50:16.125,18,6,1,0,0,1,0,1,1,1,1,0,0,0,0,0,1,0,0,0,0,0,0,1,0,0
CUS_0x6cf6,105774.57,8540.5475,5,5,16,2,25,8,15.38,70,582.13,35.66706804142986,148.65553170941206,117.96781548177871,837.4314028088094,2023-09-01,2025-10-06 10:50:16.125,29,0,0,1,0,0,0,0,0,1,0,1,0,0,0,0,0,0,1,0,1,0,0,0,0,0
CUS_0x3911,61839.26,5162.2716666666665,4,5,12,0,13,1,2.73,0,1014.5,36.46171355607152,0.0,108.06286573121302,658.1643009354536,2023-09-01,2025-10-06 10:50:16.125,23,5,0,0,0,0,0,0,0,0,0,0,1,0,0,1,0,0,0,0,1,0,0,0,0,0
CUS_0x7dee,69571.3,5805.608333333334,340,7,2,0,10,3,0.98,50,36.92,35.235308657749705,0.0,166.97112936264583,693.5897039706875,2023-09-01,2025-10-06 10:50:16.125,23,4,0,0,0,0,0,0,0,0,0,0,0,0,0,1,0,0,0,0,0,0,0,1,0,0
CUS_0x16f8,66681.8,5278.816666666667,2,1,11,0,4,12,3.55,20,679.2,29.76804418787517,0.0,77.6304728981662,700.2511937685006,2023-09-01,2025-10-06 10:50:16.125,25,11,0,0,0,0,0,0,0,0,0,0,1,0,0,1,0,0,0,0,1,0,0,0,0,0
CUS_0x789f,52882.77,4455.8975,6,10,25,7,52,18,9.95,110,2368.63,37.78839560821218,158.7561952328311,53.78699932705053,473.0465554401184,2023-09-01,2025-10-06 10:50:16.125,6,1,1,0,1,1,0,0,1,1,1,1,0,0,0,0,0,1,0,0,0,1,0,0,0,0
CUS_0xb24d,42870.21,3523.5175,6,6,25,6,45,17,28.89,70,2757.48,32.88147277040292,122.48267028579257,317.4038919894925,202.465187724715,2023-09-01,2025-10-06 10:50:16.125,6,3,1,0,0,0,0,1,0,1,1,1,0,0,0,0,0,0,1,0,0,0,0,0,0,1
CUS_0xb49d,40848.13,3245.0108333333333,3,3,2,2,8,5,10.54,40,931.9,26.78353400334956,59.76031819341137,40.61135821209528,474.12940692782666,2023-09-01,2025-10-06 10:50:16.125,19,3,0,0,1,0,0,0,0,0,1,0,1,0,0,0,0,0,1,0,0,0,0,0,0,1
