Customer_ID,Name,Age,SSN,Occupation,snapshot_date,_ingested_at_utc
CUS_0x0000,User0,18,100-10-1000,Engineer,2024-12-01,2024-12-01 00:00:00
CUS_0x0001,User1,19,101-11-1001,Teacher,2024-12-01,2024-12-01 00:00:00
CUS_0x0002,User2,20,102-12-1002,Doctor,2024-12-01,2024-12-01 00:00:00
CUS_0x0003,User3,21,103-13-1003,Clerk,2024-12-01,2024-12-01 00:00:00
CUS_0x0004,User4,22,104-14-1004,Artist,2024-12-01,2024-12-01 00:00:00
CUS_0x0005,User5,23,105-15-1005,"",2024-12-01,2024-12-01 00:00:00
CUS_0x0006,User6,24,106-16-1006,Engineer,2024-12-01,2024-12-01 00:00:00
CUS_0x0007,User7,25,107-17-1007,Teacher,2024-12-01,2024-12-01 00:00:00
CUS_0x0008,User8,26,108-18-1008,Doctor,2024-12-01,2024-12-01 00:00:00
CUS_0x0009,User9,27,109-19-1009,Clerk,2024-12-01,2024-12-01 00:00:00
CUS_0x000a,User10,28,110-20-1010,Artist,2024-12-01,2024-12-01 00:00:00
CUS_0x000b,User11,29,111-21-1011,"",2024-12-01,2024-12-01 00:00:00
CUS_0x000c,User12,30,112-22-1012,Engineer,2024-12-01,2024-12-01 00:00:00
CUS_0x000d,User13,31,113-23-1013,Teacher,2024-12-01,2024-12-01 00:00:00
CUS_0x000e,User14,32,114-24-1014,Doctor,2024-12-01,2024-12-01 00:00:00
CUS_0x000f,User15,33,115-25-1015,Clerk,2024-12-01,2024-12-01 00:00:00
CUS_0x0010,User16,34,116-26-1016,Artist,2024-12-01,2024-12-01 00:00:00
CUS_0x0011,User17,35,117-27-1017,"",2024-12-01,2024-12-01 00:00:00
CUS_0x0012,User18,36,118-28-1018,Engineer,2024-12-01,2024-12-01 00:00:00
CUS_0x0013,User19,37,119-29-1019,Teacher,2024-12-01,2024-12-01 00:00:00
CUS_0x0014,User20,38,120-30-1020,Doctor,2024-12-01,2024-12-01 00:00:00
CUS_0x0015,User21,39,121-31-1021,Clerk,2024-12-01,2024-12-01 00:00:00
CUS_0x0016,User22,40,122-32-1022,Artist,2024-12-01,2024-12-01 00:00:00
CUS_0x0017,User23,41,123-33-1023,"",2024-12-01,2024-12-01 00:00:00
CUS_0x0018,User24,42,124-34-1024,Engineer,2024-12-01,2024-12-01 00:00:00
CUS_0x0019,User25,43,125-35-1025,Teacher,2024-12-01,2024-12-01 00:00:00
CUS_0x001a,User26,44,126-36-1026,Doctor,2024-12-01,2024-12-01 00:00:00
CUS_0x001b,User27,45,127-37-1027,Clerk,2024-12-01,2024-12-01 00:00:00
CUS_0x001c,User28,46,128-38-1028,Artist,2024-12-01,2024-12-01 00:00:00
CUS_0x001d,User29,47,129-39-1029,"",2024-12-01,2024-12-01 00:00:00
CUS_0x001e,User30,48,130-40-1030,Engineer,2024-12-01,2024-12-01 00:00:00
CUS_0x001f,User31,49,131-41-1031,Teacher,2024-12-01,2024-12-01 00:00:00
CUS_0x0020,User32,50,132-42-1032,Doctor,2024-12-01,2024-12-01 00:00:00
CUS_0x0021,User33,51,133-43-1033,Clerk,2024-12-01,2024-12-01 00:00:00
CUS_0x0022,User34,52,134-44-1034,Artist,2024-12-01,2024-12-01 00:00:00
CUS_0x0023,User35,53,135-45-1035,"",2024-12-01,2024-12-01 00:00:00
CUS_0x0024,User36,54,136-46-1036,Engineer,2024-12-01,2024-12-01 00:00:00
CUS_0x0025,User37,55,137-47-1037,Teacher,2024-12-01,2024-12-01 00:00:00
CUS_0x0026,User38,56,138-48-1038,Doctor,2024-12-01,2024-12-01 00:00:00
CUS_0x0027,User39,57,139-49-1039,Clerk,2024-12-01,2024-12-01 00:00:00
CUS_0x0028,User40,58,140-50-1040,Artist,2024-12-01,2024-12-01 00:00:00
CUS_0x0029,User41,59,141-51-1041,"",2024-12-01,2024-12-01 00:00:00
CUS_0x002a,User42,60,142-52-1042,Engineer,2024-12-01,2024-12-01 00:00:00
CUS_0x002b,User43,61,143-53-1043,Teacher,2024-12-01,2024-12-01 00:00:00
CUS_0x002c,User44,62,144-54-1044,Doctor,2024-12-01,2024-12-01 00:00:00
CUS_0x002d,User45,63,145-55-1045,Clerk,2024-12-01,2024-12-01 00:00:00
CUS_0x002e,User46,64,146-56-1046,Artist,2024-12-01,2024-12-01 00:00:00
CUS_0x002f,User47,65,147-57-1047,"",2024-12-01,2024-12-01 00:00:00
CUS_0x0030,User48,66,148-58-1048,Engineer,2024-12-01,2024-12-01 00:00:00
CUS_0x0031,User49,67,149-59-1049,Teacher,2024-12-01,2024-12-01 00:00:00
CUS_0x0032,User50,68,150-60-1050,Doctor,2024-12-01,2024-12-01 00:00:00
CUS_0x0033,User51,69,151-61-1051,Clerk,2024-12-01,2024-12-01 00:00:00
CUS_0x0034,User52,70,152-62-1052,Artist,2024-12-01,2024-12-01 00:00:00
CUS_0x0035,User53,71,153-63-1053,"",2024-12-01,2024-12-01 00:00:00
CUS_0x0036,User54,72,154-64-1054,Engineer,2024-12-01,2024-12-01 00:00:00
CUS_0x0037,User55,18,155-65-1055,Teacher,2024-12-01,2024-12-01 00:00:00
CUS_0x0038,User56,19,156-66-1056,Doctor,2024-12-01,2024-12-01 00:00:00
CUS_0x0039,User57,20,157-67-1057,Clerk,2024-12-01,2024-12-01 00:00:00
CUS_0x003a,User58,21,158-68-1058,Artist,2024-12-01,2024-12-01 00:00:00
CUS_0x003b,User59,22,159-69-1059,"",2024-12-01,2024-12-01 00:00:00
CUS_0x003c,User60,23,160-70-1060,Engineer,2024-12-01,2024-12-01 00:00:00
CUS_0x003d,User61,24,161-71-1061,Teacher,2024-12-01,2024-12-01 00:00:00
CUS_0x003e,User62,25,162-72-1062,Doctor,2024-12-01,2024-12-01 00:00:00
CUS_0x003f,User63,26,163-73-1063,Clerk,2024-12-01,2024-12-01 00:00:00
CUS_0x0040,User64,27,164-74-1064,Artist,2024-12-01,2024-12-01 00:00:00
CUS_0x0041,User65,28,165-75-1065,"",2024-12-01,2024-12-01 00:00:00
CUS_0x0042,User66,29,166-76-1066,Engineer,2024-12-01,2024-12-01 00:00:00
CUS_0x0043,User67,30,167-77-1067,Teacher,2024-12-01,2024-12-01 00:00:00
CUS_0x0044,User68,31,168-78-1068,Doctor,2024-12-01,2024-12-01 00:00:00
CUS_0x0045,User69,32,169-79-1069,Clerk,2024-12-01,2024-12-01 00:00:00
CUS_0x0046,User70,33,170-80-1070,Artist,2024-12-01,2024-12-01 00:00:00
CUS_0x0047,User71,34,171-81-1071,"",2024-12-01,2024-12-01 00:00:00
CUS_0x0048,User72,35,172-82-1072,Engineer,2024-12-01,2024-12-01 00:00:00
CUS_0x0049,User73,36,173-83-1073,Teacher,2024-12-01,2024-12-01 00:00:00
CUS_0x004a,User74,37,174-84-1074,Doctor,2024-12-01,2024-12-01 00:00:00
CUS_0x004b,User75,38,175-85-1075,Clerk,2024-12-01,2024-12-01 00:00:00
CUS_0x004c,User76,39,176-86-1076,Artist,2024-12-01,2024-12-01 00:00:00
CUS_0x004d,User77,40,177-87-1077,"",2024-12-01,2024-12-01 00:00:00
CUS_0x004e,User78,41,178-88-1078,Engineer,2024-12-01,2024-12-01 00:00:00
CUS_0x004f,User79,42,179-89-1079,Teacher,2024-12-01,2024-12-01 00:00:00
CUS_0x0050,User80,43,180-90-1080,Doctor,2024-12-01,2024-12-01 00:00:00
CUS_0x0051,User81,44,181-91-1081,Clerk,2024-12-01,2024-12-01 00:00:00
CUS_0x0052,User82,45,182-92-1082,Artist,2024-12-01,2024-12-01 00:00:00
CUS_0x0053,User83,46,183-93-1083,"",2024-12-01,2024-12-01 00:00:00
CUS_0x0054,User84,47,184-94-1084,Engineer,2024-12-01,2024-12-01 00:00:00
CUS_0x0055,User85,48,185-95-1085,Teacher,2024-12-01,2024-12-01 00:00:00
CUS_0x0056,User86,49,186-96-1086,Doctor,2024-12-01,2024-12-01 00:00:00
CUS_0x0057,User87,50,187-97-1087,Clerk,2024-12-01,2024-12-01 00:00:00
CUS_0x0058,User88,51,188-98-1088,Artist,2024-12-01,2024-12-01 00:00:00
CUS_0x0059,User89,52,189-99-1089,"",2024-12-01,2024-12-01 00:00:00
CUS_0x005a,User90,53,190-10-1090,Engineer,2024-12-01,2024-12-01 00:00:00
CUS_0x005b,User91,54,191-11-1091,Teacher,2024-12-01,2024-12-01 00:00:00
CUS_0x005c,User92,55,192-12-1092,Doctor,2024-12-01,2024-12-01 00:00:00
CUS_0x005d,User93,56,193-13-1093,Clerk,2024-12-01,2024-12-01 00:00:00
CUS_0x005e,User94,57,194-14-1094,Artist,2024-12-01,2024-12-01 00:00:00
CUS_0x005f,User95,58,195-15-1095,"",2024-12-01,2024-12-01 00:00:00
CUS_0x0060,User96,59,196-16-1096,Engineer,2024-12-01,2024-12-01 00:00:00
CUS_0x0061,User97,60,197-17-1097,Teacher,2024-12-01,2024-12-01 00:00:00
CUS_0x0062,User98,61,198-18-1098,Doctor,2024-12-01,2024-12-01 00:00:00
CUS_0x0063,User99,62,199-19-1099,Clerk,2024-12-01,2024-12-01 00:00:00
CUS_0x0064,User100,63,200-20-1100,Artist,2024-12-01,2024-12-01 00:00:00
CUS_0x0065,User101,64,201-21-1101,"",2024-12-01,2024-12-01 00:00:00
CUS_0x0066,User102,65,202-22-1102,Engineer,2024-12-01,2024-12-01 00:00:00
CUS_0x0067,User103,66,203-23-1103,Teacher,2024-12-01,2024-12-01 00:00:00
CUS_0x0068,User104,67,204-24-1104,Doctor,2024-12-01,2024-12-01 00:00:00
CUS_0x0069,User105,68,205-25-1105,Clerk,2024-12-01,2024-12-01 00:00:00
CUS_0x006a,User106,69,206-26-1106,Artist,2024-12-01,2024-12-01 00:00:00
CUS_0x006b,User107,70,207-27-1107,"",2024-12-01,2024-12-01 00:00:00
CUS_0x006c,User108,71,208-28-1108,Engineer,2024-12-01,2024-12-01 00:00:00
CUS_0x006d,User109,72,209-29-1109,Teacher,2024-12-01,2024-12-01 00:00:00
CUS_0x006e,User110,18,210-30-1110,Doctor,2024-12-01,2024-12-01 00:00:00
CUS_0x006f,User111,19,211-31-1111,Clerk,2024-12-01,2024-12-01 00:00:00
CUS_0x0070,User112,20,212-32-1112,Artist,2024-12-01,2024-12-01 00:00:00
CUS_0x0071,User113,21,213-33-1113,"",2024-12-01,2024-12-01 00:00:00
CUS_0x0072,User114,22,214-34-1114,Engineer,2024-12-01,2024-12-01 00:00:00
CUS_0x0073,User115,23,215-35-1115,Teacher,2024-12-01,2024-12-01 00:00:00
CUS_0x0074,User116,24,216-36-1116,Doctor,2024-12-01,2024-12-01 00:00:00
CUS_0x0075,User117,25,217-37-1117,Clerk,2024-12-01,2024-12-01 00:00:00
CUS_0x0076,User118,26,218-38-1118,Artist,2024-12-01,2024-12-01 00:00:00
CUS_0x0077,User119,27,219-39-1119,"",2024-12-01,2024-12-01 00:00:00
CUS_0x0078,User120,28,220-40-1120,Engineer,2024-12-01,2024-12-01 00:00:00
CUS_0x0079,User121,29,221-41-1121,Teacher,2024-12-01,2024-12-01 00:00:00
CUS_0x007a,User122,30,222-42-1122,Doctor,2024-12-01,2024-12-01 00:00:00
CUS_0x007b,User123,31,223-43-1123,Clerk,2024-12-01,2024-12-01 00:00:00
CUS_0x007c,User124,32,224-44-1124,Artist,2024-12-01,2024-12-01 00:00:00
CUS_0x007d,User125,33,225-45-1125,"",2024-12-01,2024-12-01 00:00:00
CUS_0x007e,User126,34,226-46-1126,Engineer,2024-12-01,2024-12-01 00:00:00
CUS_0x007f,User127,35,227-47-1127,Teacher,2024-12-01,2024-12-01 00:00:00
CUS_0x0080,User128,36,228-48-1128,Doctor,2024-12-01,2024-12-01 00:00:00
CUS_0x0081,User129,37,229-49-1129,Clerk,2024-12-01,2024-12-01 00:00:00
CUS_0x0082,User130,38,230-50-1130,Artist,2024-12-01,2024-12-01 00:00:00
CUS_0x0083,User131,39,231-51-1131,"",2024-12-01,2024-12-01 00:00:00
CUS_0x0084,User132,40,232-52-1132,Engineer,2024-12-01,2024-12-01 00:00:00
CUS_0x0085,User133,41,233-53-1133,Teacher,2024-12-01,2024-12-01 00:00:00
CUS_0x0086,User134,42,234-54-1134,Doctor,2024-12-01,2024-12-01 00:00:00
CUS_0x0087,User135,43,235-55-1135,Clerk,2024-12-01,2024-12-01 00:00:00
CUS_0x0088,User136,44,236-56-1136,Artist,2024-12-01,2024-12-01 00:00:00
CUS_0x0089,User137,45,237-57-1137,"",2024-12-01,2024-12-01 00:00:00
CUS_0x008a,User138,46,238-58-1138,Engineer,2024-12-01,2024-12-01 00:00:00
CUS_0x008b,User139,47,239-59-1139,Teacher,2024-12-01,2024-12-01 00:00:00
CUS_0x008c,User140,48,240-60-1140,Doctor,2024-12-01,2024-12-01 00:00:00
CUS_0x008d,User141,49,241-61-1141,Clerk,2024-12-01,2024-12-01 00:00:00
CUS_0x008e,User142,50,242-62-1142,Artist,2024-12-01,2024-12-01 00:00:00
CUS_0x008f,User143,51,243-63-1143,"",2024-12-01,2024-12-01 00:00:00
CUS_0x0090,User144,52,244-64-1144,Engineer,2024-12-01,2024-12-01 00:00:00
CUS_0x0091,User145,53,245-65-1145,Teacher,2024-12-01,2024-12-01 00:00:00
CUS_0x0092,User146,54,246-66-1146,Doctor,2024-12-01,2024-12-01 00:00:00
CUS_0x0093,User147,55,247-67-1147,Clerk,2024-12-01,2024-12-01 00:00:00
CUS_0x0094,User148,56,248-68-1148,Artist,2024-12-01,2024-12-01 00:00:00
CUS_0x0095,User149,57,249-69-1149,"",2024-12-01,2024-12-01 00:00:00
CUS_0x0096,User150,58,250-70-1150,Engineer,2024-12-01,2024-12-01 00:00:00
CUS_0x0097,User151,59,251-71-1151,Teacher,2024-12-01,2024-12-01 00:00:00
CUS_0x0098,User152,60,252-72-1152,Doctor,2024-12-01,2024-12-01 00:00:00
CUS_0x0099,User153,61,253-73-1153,Clerk,2024-12-01,2024-12-01 00:00:00
CUS_0x009a,User154,62,254-74-1154,Artist,2024-12-01,2024-12-01 00:00:00
CUS_0x009b,User155,63,255-75-1155,"",2024-12-01,2024-12-01 00:00:00
CUS_0x009c,User156,64,256-76-1156,Engineer,2024-12-01,2024-12-01 00:00:00
CUS_0x009d,User157,65,257-77-1157,Teacher,2024-12-01,2024-12-01 00:00:00
CUS_0x009e,User158,66,258-78-1158,Doctor,2024-12-01,2024-12-01 00:00:00
CUS_0x009f,User159,67,259-79-1159,Clerk,2024-12-01,2024-12-01 00:00:00
CUS_0x00a0,User160,68,260-80-1160,Artist,2024-12-01,2024-12-01 00:00:00
CUS_0x00a1,User161,69,261-81-1161,"",2024-12-01,2024-12-01 00:00:00
CUS_0x00a2,User162,70,262-82-1162,Engineer,2024-12-01,2024-12-01 00:00:00
CUS_0x00a3,User163,71,263-83-1163,Teacher,2024-12-01,2024-12-01 00:00:00
CUS_0x00a4,User164,72,264-84-1164,Doctor,2024-12-01,2024-12-01 00:00:00
CUS_0x00a5,User165,18,265-85-1165,Clerk,2024-12-01,2024-12-01 00:00:00
CUS_0x00a6,User166,19,266-86-1166,Artist,2024-12-01,2024-12-01 00:00:00
CUS_0x00a7,User167,20,267-87-1167,"",2024-12-01,2024-12-01 00:00:00
CUS_0x00a8,User168,21,268-88-1168,Engineer,2024-12-01,2024-12-01 00:00:00
CUS_0x00a9,User169,22,269-89-1169,Teacher,2024-12-01,2024-12-01 00:00:00
CUS_0x00aa,User170,23,270-90-1170,Doctor,2024-12-01,2024-12-01 00:00:00
CUS_0x00ab,User171,24,271-91-1171,Clerk,2024-12-01,2024-12-01 00:00:00
CUS_0x00ac,User172,25,272-92-1172,Artist,2024-12-01,2024-12-01 00:00:00
CUS_0x00ad,User173,26,273-93-1173,"",2024-12-01,2024-12-01 00:00:00
CUS_0x00ae,User174,27,274-94-1174,Engineer,2024-12-01,2024-12-01 00:00:00
CUS_0x00af,User175,28,275-95-1175,Teacher,2024-12-01,2024-12-01 00:00:00
CUS_0x00b0,User176,29,276-96-1176,Doctor,2024-12-01,2024-12-01 00:00:00
CUS_0x00b1,User177,30,277-97-1177,Clerk,2024-12-01,2024-12-01 00:00:00
CUS_0x00b2,User178,31,278-98-1178,Artist,2024-12-01,2024-12-01 00:00:00
CUS_0x00b3,User179,32,279-99-1179,"",2024-12-01,2024-12-01 00:00:00
CUS_0x00b4,User180,33,280-10-1180,Engineer,2024-12-01,2024-12-01 00:00:00
CUS_0x00b5,User181,34,281-11-1181,Teacher,2024-12-01,2024-12-01 00:00:00
CUS_0x00b6,User182,35,282-12-1182,Doctor,2024-12-01,2024-12-01 00:00:00
CUS_0x00b7,User183,36,283-13-1183,Clerk,2024-12-01,2024-12-01 00:00:00
CUS_0x00b8,User184,37,284-14-1184,Artist,2024-12-01,2024-12-01 00:00:00
CUS_0x00b9,User185,38,285-15-1185,"",2024-12-01,2024-12-01 00:00:00
CUS_0x00ba,User186,39,286-16-1186,Engineer,2024-12-01,2024-12-01 00:00:00
CUS_0x00bb,User187,40,287-17-1187,Teacher,2024-12-01,2024-12-01 00:00:00
CUS_0x00bc,User188,41,288-18-1188,Doctor,2024-12-01,2024-12-01 00:00:00
CUS_0x00bd,User189,42,289-19-1189,Clerk,2024-12-01,2024-12-01 00:00:00
CUS_0x00be,User190,43,290-20-1190,Artist,2024-12-01,2024-12-01 00:00:00
CUS_0x00bf,User191,44,291-21-1191,"",2024-12-01,2024-12-01 00:00:00
CUS_0x00c0,User192,45,292-22-1192,Engineer,2024-12-01,2024-12-01 00:00:00
CUS_0x00c1,User193,46,293-23-1193,Teacher,2024-12-01,2024-12-01 00:00:00
CUS_0x00c2,User194,47,294-24-1194,Doctor,2024-12-01,2024-12-01 00:00:00
CUS_0x00c3,User195,48,295-25-1195,Clerk,2024-12-01,2024-12-01 00:00:00
CUS_0x00c4,User196,49,296-26-1196,Artist,2024-12-01,2024-12-01 00:00:00
CUS_0x00c5,User197,50,297-27-1197,"",2024-12-01,2024-12-01 00:00:00
CUS_0x00c6,User198,51,298-28-1198,Engineer,2024-12-01,2024-12-01 00:00:00
CUS_0x00c7,User199,52,299-29-1199,Teacher,2024-12-01,2024-12-01 00:00:00
CUS_0x00c8,User200,53,300-30-1200,Doctor,2024-12-01,2024-12-01 00:00:00
CUS_0x00c9,User201,54,301-31-1201,Clerk,2024-12-01,2024-12-01 00:00:00
CUS_0x00ca,User202,55,302-32-1202,Artist,2024-12-01,2024-12-01 00:00:00
CUS_0x00cb,User203,56,303-33-1203,"",2024-12-01,2024-12-01 00:00:00
CUS_0x00cc,User204,57,304-34-1204,Engineer,2024-12-01,2024-12-01 00:00:00
CUS_0x00cd,User205,58,305-35-1205,Teacher,2024-12-01,2024-12-01 00:00:00
CUS_0x00ce,User206,59,306-36-1206,Doctor,2024-12-01,2024-12-01 00:00:00
CUS_0x00cf,User207,60,307-37-1207,Clerk,2024-12-01,2024-12-01 00:00:00
CUS_0x00d0,User208,61,308-38-1208,Artist,2024-12-01,2024-12-01 00:00:00
CUS_0x00d1,User209,62,309-39-1209,"",2024-12-01,2024-12-01 00:00:00
CUS_0x00d2,User210,63,310-40-1210,Engineer,2024-12-01,2024-12-01 00:00:00
CUS_0x00d3,User211,64,311-41-1211,Teacher,2024-12-01,2024-12-01 00:00:00
CUS_0x00d4,User212,65,312-42-1212,Doctor,2024-12-01,2024-12-01 00:00:00
CUS_0x00d5,User213,66,313-43-1213,Clerk,2024-12-01,2024-12-01 00:00:00
CUS_0x00d6,User214,67,314-44-1214,Artist,2024-12-01,2024-12-01 00:00:00
CUS_0x00d7,User215,68,315-45-1215,"",2024-12-01,2024-12-01 00:00:00
CUS_0x00d8,User216,69,316-46-1216,Engineer,2024-12-01,2024-12-01 00:00:00
CUS_0x00d9,User217,70,317-47-1217,Teacher,2024-12-01,2024-12-01 00:00:00
CUS_0x00da,User218,71,318-48-1218,Doctor,2024-12-01,2024-12-01 00:00:00
CUS_0x00db,User219,72,319-49-1219,Clerk,2024-12-01,2024-12-01 00:00:00
CUS_0x00dc,User220,18,320-50-1220,Artist,2024-12-01,2024-12-01 00:00:00
CUS_0x00dd,User221,19,321-51-1221,"",2024-12-01,2024-12-01 00:00:00
CUS_0x00de,User222,20,322-52-1222,Engineer,2024-12-01,2024-12-01 00:00:00
CUS_0x00df,User223,21,323-53-1223,Teacher,2024-12-01,2024-12-01 00:00:00
CUS_0x00e0,User224,22,324-54-1224,Doctor,2024-12-01,2024-12-01 00:00:00
CUS_0x00e1,User225,23,325-55-1225,Clerk,2024-12-01,2024-12-01 00:00:00
CUS_0x00e2,User226,24,326-56-1226,Artist,2024-12-01,2024-12-01 00:00:00
CUS_0x00e3,User227,25,327-57-1227,"",2024-12-01,2024-12-01 00:00:00
CUS_0x00e4,User228,26,328-58-1228,Engineer,2024-12-01,2024-12-01 00:00:00
CUS_0x00e5,User229,27,329-59-1229,Teacher,2024-12-01,2024-12-01 00:00:00
CUS_0x00e6,User230,28,330-60-1230,Doctor,2024-12-01,2024-12-01 00:00:00
CUS_0x00e7,User231,29,331-61-1231,Clerk,2024-12-01,2024-12-01 00:00:00
CUS_0x00e8,User232,30,332-62-1232,Artist,2024-12-01,2024-12-01 00:00:00
CUS_0x00e9,User233,31,333-63-1233,"",2024-12-01,2024-12-01 00:00:00
CUS_0x00ea,User234,32,334-64-1234,Engineer,2024-12-01,2024-12-01 00:00:00
CUS_0x00eb,User235,33,335-65-1235,Teacher,2024-12-01,2024-12-01 00:00:00
CUS_0x00ec,User236,34,336-66-1236,Doctor,2024-12-01,2024-12-01 00:00:00
CUS_0x00ed,User237,35,337-67-1237,Clerk,2024-12-01,2024-12-01 00:00:00
CUS_0x00ee,User238,36,338-68-1238,Artist,2024-12-01,2024-12-01 00:00:00
CUS_0x00ef,User239,37,339-69-1239,"",2024-12-01,2024-12-01 00:00:00
CUS_0x00f0,User240,38,340-70-1240,Engineer,2024-12-01,2024-12-01 00:00:00
CUS_0x00f1,User241,39,341-71-1241,Teacher,2024-12-01,2024-12-01 00:00:00
CUS_0x00f2,User242,40,342-72-1242,Doctor,2024-12-01,2024-12-01 00:00:00
CUS_0x00f3,User243,41,343-73-1243,Clerk,2024-12-01,2024-12-01 00:00:00
CUS_0x00f4,User244,42,344-74-1244,Artist,2024-12-01,2024-12-01 00:00:00
CUS_0x00f5,User245,43,345-75-1245,"",2024-12-01,2024-12-01 00:00:00
CUS_0x00f6,User246,44,346-76-1246,Engineer,2024-12-01,2024-12-01 00:00:00
CUS_0x00f7,User247,45,347-77-1247,Teacher,2024-12-01,2024-12-01 00:00:00
CUS_0x00f8,User248,46,348-78-1248,Doctor,2024-12-01,2024-12-01 00:00:00
CUS_0x00f9,User249,47,349-79-1249,Clerk,2024-12-01,2024-12-01 00:00:00
CUS_0x00fa,User250,48,350-80-1250,Artist,2024-12-01,2024-12-01 00:00:00
CUS_0x00fb,User251,49,351-81-1251,"",2024-12-01,2024-12-01 00:00:00
CUS_0x00fc,User252,50,352-82-1252,Engineer,2024-12-01,2024-12-01 00:00:00
CUS_0x00fd,User253,51,353-83-1253,Teacher,2024-12-01,2024-12-01 00:00:00
CUS_0x00fe,User254,52,354-84-1254,Doctor,2024-12-01,2024-12-01 00:00:00
CUS_0x00ff,User255,53,355-85-1255,Clerk,2024-12-01,2024-12-01 00:00:00
CUS_0x0100,User256,54,356-86-1256,Artist,2024-12-01,2024-12-01 00:00:00
CUS_0x0101,User257,55,357-87-1257,"",2024-12-01,2024-12-01 00:00:00
CUS_0x0102,User258,56,358-88-1258,Engineer,2024-12-01,2024-12-01 00:00:00
CUS_0x0103,User259,57,359-89-1259,Teacher,2024-12-01,2024-12-01 00:00:00
CUS_0x0104,User260,58,360-90-1260,Doctor,2024-12-01,2024-12-01 00:00:00
CUS_0x0105,User261,59,361-91-1261,Clerk,2024-12-01,2024-12-01 00:00:00
CUS_0x0106,User262,60,362-92-1262,Artist,2024-12-01,2024-12-01 00:00:00
CUS_0x0107,User263,61,363-93-1263,"",2024-12-01,2024-12-01 00:00:00
CUS_0x0108,User264,62,364-94-1264,Engineer,2024-12-01,2024-12-01 00:00:00
CUS_0x0109,User265,63,365-95-1265,Teacher,2024-12-01,2024-12-01 00:00:00
CUS_0x010a,User266,64,366-96-1266,Doctor,2024-12-01,2024-12-01 00:00:00
CUS_0x010b,User267,65,367-97-1267,Clerk,2024-12-01,2024-12-01 00:00:00
CUS_0x010c,User268,66,368-98-1268,Artist,2024-12-01,2024-12-01 00:00:00
CUS_0x010d,User269,67,369-99-1269,"",2024-12-01,2024-12-01 00:00:00
CUS_0x010e,User270,68,370-10-1270,Engineer,2024-12-01,2024-12-01 00:00:00
CUS_0x010f,User271,69,371-11-1271,Teacher,2024-12-01,2024-12-01 00:00:00
CUS_0x0110,User272,70,372-12-1272,Doctor,2024-12-01,2024-12-01 00:00:00
CUS_0x0111,User273,71,373-13-1273,Clerk,2024-12-01,2024-12-01 00:00:00
CUS_0x0112,User274,72,374-14-1274,Artist,2024-12-01,2024-12-01 00:00:00
CUS_0x0113,User275,18,375-15-1275,"",2024-12-01,2024-12-01 00:00:00
CUS_0x0114,User276,19,376-16-1276,Engineer,2024-12-01,2024-12-01 00:00:00
CUS_0x0115,User277,20,377-17-1277,Teacher,2024-12-01,2024-12-01 00:00:00
CUS_0x0116,User278,21,378-18-1278,Doctor,2024-12-01,2024-12-01 00:00:00
CUS_0x0117,User279,22,379-19-1279,Clerk,2024-12-01,2024-12-01 00:00:00
CUS_0x0118,User280,23,380-20-1280,Artist,2024-12-01,2024-12-01 00:00:00
CUS_0x0119,User281,24,381-21-1281,"",2024-12-01,2024-12-01 00:00:00
CUS_0x011a,User282,25,382-22-1282,Engineer,2024-12-01,2024-12-01 00:00:00
CUS_0x011b,User283,26,383-23-1283,Teacher,2024-12-01,2024-12-01 00:00:00
CUS_0x011c,User284,27,384-24-1284,Doctor,2024-12-01,2024-12-01 00:00:00
CUS_0x011d,User285,28,385-25-1285,Clerk,2024-12-01,2024-12-01 00:00:00
CUS_0x011e,User286,29,386-26-1286,Artist,2024-12-01,2024-12-01 00:00:00
CUS_0x011f,User287,30,387-27-1287,"",2024-12-01,2024-12-01 00:00:00
CUS_0x0120,User288,31,388-28-1288,Engineer,2024-12-01,2024-12-01 00:00:00
CUS_0x0121,User289,32,389-29-1289,Teacher,2024-12-01,2024-12-01 00:00:00
CUS_0x0122,User290,33,390-30-1290,Doctor,2024-12-01,2024-12-01 00:00:00
CUS_0x0123,User291,34,391-31-1291,Clerk,2024-12-01,2024-12-01 00:00:00
CUS_0x0124,User292,35,392-32-1292,Artist,2024-12-01,2024-12-01 00:00:00
CUS_0x0125,User293,36,393-33-1293,"",2024-12-01,2024-12-01 00:00:00
CUS_0x0126,User294,37,394-34-1294,Engineer,2024-12-01,2024-12-01 00:00:00
CUS_0x0127,User295,38,395-35-1295,Teacher,2024-12-01,2024-12-01 00:00:00
CUS_0x0128,User296,39,396-36-1296,Doctor,2024-12-01,2024-12-01 00:00:00
CUS_0x0129,User297,40,397-37-1297,Clerk,2024-12-01,2024-12-01 00:00:00
CUS_0x012a,User298,41,398-38-1298,Artist,2024-12-01,2024-12-01 00:00:00
CUS_0x012b,User299,42,399-39-1299,"",2024-12-01,2024-12-01 00:00:00
CUS_0x012c,User300,43,400-40-1300,Engineer,2024-12-01,2024-12-01 00:00:00
CUS_0x012d,User301,44,401-41-1301,Teacher,2024-12-01,2024-12-01 00:00:00
CUS_0x012e,User302,45,402-42-1302,Doctor,2024-12-01,2024-12-01 00:00:00
CUS_0x012f,User303,46,403-43-1303,Clerk,2024-12-01,2024-12-01 00:00:00
CUS_0x0130,User304,47,404-44-1304,Artist,2024-12-01,2024-12-01 00:00:00
CUS_0x0131,User305,48,405-45-1305,"",2024-12-01,2024-12-01 00:00:00
CUS_0x0132,User306,49,406-46-1306,Engineer,2024-12-01,2024-12-01 00:00:00
CUS_0x0133,User307,50,407-47-1307,Teacher,2024-12-01,2024-12-01 00:00:00
CUS_0x0134,User308,51,408-48-1308,Doctor,2024-12-01,2024-12-01 00:00:00
CUS_0x0135,User309,52,409-49-1309,Clerk,2024-12-01,2024-12-01 00:00:00
CUS_0x0136,User310,53,410-50-1310,Artist,2024-12-01,2024-12-01 00:00:00
CUS_0x0137,User311,54,411-51-1311,"",2024-12-01,2024-12-01 00:00:00
CUS_0x0138,User312,55,412-52-1312,Engineer,2024-12-01,2024-12-01 00:00:00
CUS_0x0139,User313,56,413-53-1313,Teacher,2024-12-01,2024-12-01 00:00:00
CUS_0x013a,User314,57,414-54-1314,Doctor,2024-12-01,2024-12-01 00:00:00
CUS_0x013b,User315,58,415-55-1315,Clerk,2024-12-01,2024-12-01 00:00:00
CUS_0x013c,User316,59,416-56-1316,Artist,2024-12-01,2024-12-01 00:00:00
CUS_0x013d,User317,60,417-57-1317,"",2024-12-01,2024-12-01 00:00:00
CUS_0x013e,User318,61,418-58-1318,Engineer,2024-12-01,2024-12-01 00:00:00
CUS_0x013f,User319,62,419-59-1319,Teacher,2024-12-01,2024-12-01 00:00:00
CUS_0x0140,User320,63,420-60-1320,Doctor,2024-12-01,2024-12-01 00:00:00
CUS_0x0141,User321,64,421-61-1321,Clerk,2024-12-01,2024-12-01 00:00:00
CUS_0x0142,User322,65,422-62-1322,Artist,2024-12-01,2024-12-01 00:00:00
CUS_0x0143,User323,66,423-63-1323,"",2024-12-01,2024-12-01 00:00:00
CUS_0x0144,User324,67,424-64-1324,Engineer,2024-12-01,2024-12-01 00:00:00
CUS_0x0145,User325,68,425-65-1325,Teacher,2024-12-01,2024-12-01 00:00:00
CUS_0x0146,User326,69,426-66-1326,Doctor,2024-12-01,2024-12-01 00:00:00
CUS_0x0147,User327,70,427-67-1327,Clerk,2024-12-01,2024-12-01 00:00:00
CUS_0x0148,User328,71,428-68-1328,Artist,2024-12-01,2024-12-01 00:00:00
CUS_0x0149,User329,72,429-69-1329,"",2024-12-01,2024-12-01 00:00:00
CUS_0x014a,User330,18,430-70-1330,Engineer,2024-12-01,2024-12-01 00:00:00
CUS_0x014b,User331,19,431-71-1331,Teacher,2024-12-01,2024-12-01 00:00:00
CUS_0x014c,User332,20,432-72-1332,Doctor,2024-12-01,2024-12-01 00:00:00
CUS_0x014d,User333,21,433-73-1333,Clerk,2024-12-01,2024-12-01 00:00:00
CUS_0x014e,User334,22,434-74-1334,Artist,2024-12-01,2024-12-01 00:00:00
CUS_0x014f,User335,23,435-75-1335,"",2024-12-01,2024-12-01 00:00:00
CUS_0x0150,User336,24,436-76-1336,Engineer,2024-12-01,2024-12-01 00:00:00
CUS_0x0151,User337,25,437-77-1337,Teacher,2024-12-01,2024-12-01 00:00:00
CUS_0x0152,User338,26,438-78-1338,Doctor,2024-12-01,2024-12-01 00:00:00
CUS_0x0153,User339,27,439-79-1339,Clerk,2024-12-01,2024-12-01 00:00:00
CUS_0x0154,User340,28,440-80-1340,Artist,2024-12-01,2024-12-01 00:00:00
CUS_0x0155,User341,29,441-81-1341,"",2024-12-01,2024-12-01 00:00:00
CUS_0x0156,User342,30,442-82-1342,Engineer,2024-12-01,2024-12-01 00:00:00
CUS_0x0157,User343,31,443-83-1343,Teacher,2024-12-01,2024-12-01 00:00:00
CUS_0x0158,User344,32,444-84-1344,Doctor,2024-12-01,2024-12-01 00:00:00
CUS_0x0159,User345,33,445-85-1345,Clerk,2024-12-01,2024-12-01 00:00:00
CUS_0x015a,User346,34,446-86-1346,Artist,2024-12-01,2024-12-01 00:00:00
CUS_0x015b,User347,35,447-87-1347,"",2024-12-01,2024-12-01 00:00:00
CUS_0x015c,User348,36,448-88-1348,Engineer,2024-12-01,2024-12-01 00:00:00
CUS_0x015d,User349,37,449-89-1349,Teacher,2024-12-01,2024-12-01 00:00:00
CUS_0x015e,User350,38,450-90-1350,Doctor,2024-12-01,2024-12-01 00:00:00
CUS_0x015f,User351,39,451-91-1351,Clerk,2024-12-01,2024-12-01 00:00:00
CUS_0x0160,User352,40,452-92-1352,Artist,2024-12-01,2024-12-01 00:00:00
CUS_0x0161,User353,41,453-93-1353,"",2024-12-01,2024-12-01 00:00:00
CUS_0x0162,User354,42,454-94-1354,Engineer,2024-12-01,2024-12-01 00:00:00
CUS_0x0163,User355,43,455-95-1355,Teacher,2024-12-01,2024-12-01 00:00:00
CUS_0x0164,User356,44,456-96-1356,Doctor,2024-12-01,2024-12-01 00:00:00
CUS_0x0165,User357,45,457-97-1357,Clerk,2024-12-01,2024-12-01 00:00:00
CUS_0x0166,User358,46,458-98-1358,Artist,2024-12-01,2024-12-01 00:00:00
CUS_0x0167,User359,47,459-99-1359,"",2024-12-01,2024-12-01 00:00:00
CUS_0x0168,User360,48,460-10-1360,Engineer,2024-12-01,2024-12-01 00:00:00
CUS_0x0169,User361,49,461-11-1361,Teacher,2024-12-01,2024-12-01 00:00:00
CUS_0x016a,User362,50,462-12-1362,Doctor,2024-12-01,2024-12-01 00:00:00
CUS_0x016b,User363,51,463-13-1363,Clerk,2024-12-01,2024-12-01 00:00:00
CUS_0x016c,User364,52,464-14-1364,Artist,2024-12-01,2024-12-01 00:00:00
CUS_0x016d,User365,53,465-15-1365,"",2024-12-01,2024-12-01 00:00:00
CUS_0x016e,User366,54,466-16-1366,Engineer,2024-12-01,2024-12-01 00:00:00
CUS_0x016f,User367,55,467-17-1367,Teacher,2024-12-01,2024-12-01 00:00:00
CUS_0x0170,User368,56,468-18-1368,Doctor,2024-12-01,2024-12-01 00:00:00
CUS_0x0171,User369,57,469-19-1369,Clerk,2024-12-01,2024-12-01 00:00:00
CUS_0x0172,User370,58,470-20-1370,Artist,2024-12-01,2024-12-01 00:00:00
CUS_0x0173,User371,59,471-21-1371,"",2024-12-01,2024-12-01 00:00:00
CUS_0x0174,User372,60,472-22-1372,Engineer,2024-12-01,2024-12-01 00:00:00
CUS_0x0175,User373,61,473-23-1373,Teacher,2024-12-01,2024-12-01 00:00:00
CUS_0x0176,User374,62,474-24-1374,Doctor,2024-12-01,2024-12-01 00:00:00
CUS_0x0177,User375,63,475-25-1375,Clerk,2024-12-01,2024-12-01 00:00:00
CUS_0x0178,User376,64,476-26-1376,Artist,2024-12-01,2024-12-01 00:00:00
CUS_0x0179,User377,65,477-27-1377,"",2024-12-01,2024-12-01 00:00:00
CUS_0x017a,User378,66,478-28-1378,Engineer,2024-12-01,2024-12-01 00:00:00
CUS_0x017b,User379,67,479-29-1379,Teacher,2024-12-01,2024-12-01 00:00:00
CUS_0x017c,User380,68,480-30-1380,Doctor,2024-12-01,2024-12-01 00:00:00
CUS_0x017d,User381,69,481-31-1381,Clerk,2024-12-01,2024-12-01 00:00:00
CUS_0x017e,User382,70,482-32-1382,Artist,2024-12-01,2024-12-01 00:00:00
CUS_0x017f,User383,71,483-33-1383,"",2024-12-01,2024-12-01 00:00:00
CUS_0x0180,User384,72,484-34-1384,Engineer,2024-12-01,2024-12-01 00:00:00
CUS_0x0181,User385,18,485-35-1385,Teacher,2024-12-01,2024-12-01 00:00:00
CUS_0x0182,User386,19,486-36-1386,Doctor,2024-12-01,2024-12-01 00:00:00
CUS_0x0183,User387,20,487-37-1387,Clerk,2024-12-01,2024-12-01 00:00:00
CUS_0x0184,User388,21,488-38-1388,Artist,2024-12-01,2024-12-01 00:00:00
CUS_0x0185,User389,22,489-39-1389,"",2024-12-01,2024-12-01 00:00:00
CUS_0x0186,User390,23,490-40-1390,Engineer,2024-12-01,2024-12-01 00:00:00
CUS_0x0187,User391,24,491-41-1391,Teacher,2024-12-01,2024-12-01 00:00:00
CUS_0x0188,User392,25,492-42-1392,Doctor,2024-12-01,2024-12-01 00:00:00
CUS_0x0189,User393,26,493-43-1393,Clerk,2024-12-01,2024-12-01 00:00:00
CUS_0x018a,User394,27,494-44-1394,Artist,2024-12-01,2024-12-01 00:00:00
CUS_0x018b,User395,28,495-45-1395,"",2024-12-01,2024-12-01 00:00:00
CUS_0x018c,User396,29,496-46-1396,Engineer,2024-12-01,2024-12-01 00:00:00
CUS_0x018d,User397,30,497-47-1397,Teacher,2024-12-01,2024-12-01 00:00:00
CUS_0x018e,User398,31,498-48-1398,Doctor,2024-12-01,2024-12-01 00:00:00
CUS_0x018f,User399,32,499-49-1399,Clerk,2024-12-01,2024-12-01 00:00:00
CUS_0x0190,User400,33,500-50-1400,Artist,2024-12-01,2024-12-01 00:00:00
CUS_0x0191,User401,34,501-51-1401,"",2024-12-01,2024-12-01 00:00:00
CUS_0x0192,User402,35,502-52-1402,Engineer,2024-12-01,2024-12-01 00:00:00
CUS_0x0193,User403,36,503-53-1403,Teacher,2024-12-01,2024-12-01 00:00:00
CUS_0x0194,User404,37,504-54-1404,Doctor,2024-12-01,2024-12-01 00:00:00
CUS_0x0195,User405,38,505-55-1405,Clerk,2024-12-01,2024-12-01 00:00:00
CUS_0x0196,User406,39,506-56-1406,Artist,2024-12-01,2024-12-01 00:00:00
CUS_0x0197,User407,40,507-57-1407,"",2024-12-01,2024-12-01 00:00:00
CUS_0x0198,User408,41,508-58-1408,Engineer,2024-12-01,2024-12-01 00:00:00
CUS_0x0199,User409,42,509-59-1409,Teacher,2024-12-01,2024-12-01 00:00:00
CUS_0x019a,User410,43,510-60-1410,Doctor,2024-12-01,2024-12-01 00:00:00
CUS_0x019b,User411,44,511-61-1411,Clerk,2024-12-01,2024-12-01 00:00:00
CUS_0x019c,User412,45,512-62-1412,Artist,2024-12-01,2024-12-01 00:00:00
CUS_0x019d,User413,46,513-63-1413,"",2024-12-01,2024-12-01 00:00:00
CUS_0x019e,User414,47,514-64-1414,Engineer,2024-12-01,2024-12-01 00:00:00
CUS_0x019f,User415,48,515-65-1415,Teacher,2024-12-01,2024-12-01 00:00:00
CUS_0x01a0,User416,49,516-66-1416,Doctor,2024-12-01,2024-12-01 00:00:00
CUS_0x01a1,User417,50,517-67-1417,Clerk,2024-12-01,2024-12-01 00:00:00
CUS_0x01a2,User418,51,518-68-1418,Artist,2024-12-01,2024-12-01 00:00:00
CUS_0x01a3,User419,52,519-69-1419,"",2024-12-01,2024-12-01 00:00:00
CUS_0x01a4,User420,53,520-70-1420,Engineer,2024-12-01,2024-12-01 00:00:00
CUS_0x01a5,User421,54,521-71-1421,Teacher,2024-12-01,2024-12-01 00:00:00
CUS_0x01a6,User422,55,522-72-1422,Doctor,2024-12-01,2024-12-01 00:00:00
CUS_0x01a7,User423,56,523-73-1423,Clerk,2024-12-01,2024-12-01 00:00:00
CUS_0x01a8,User424,57,524-74-1424,Artist,2024-12-01,2024-12-01 00:00:00
CUS_0x01a9,User425,58,525-75-1425,"",2024-12-01,2024-12-01 00:00:00
CUS_0x01aa,User426,59,526-76-1426,Engineer,2024-12-01,2024-12-01 00:00:00
CUS_0x01ab,User427,60,527-77-1427,Teacher,2024-12-01,2024-12-01 00:00:00
CUS_0x01ac,User428,61,528-78-1428,Doctor,2024-12-01,2024-12-01 00:00:00
CUS_0x01ad,User429,62,529-79-1429,Clerk,2024-12-01,2024-12-01 00:00:00
CUS_0x01ae,User430,63,530-80-1430,Artist,2024-12-01,2024-12-01 00:00:00
CUS_0x01af,User431,64,531-81-1431,"",2024-12-01,2024-12-01 00:00:00
CUS_0x01b0,User432,65,532-82-1432,Engineer,2024-12-01,2024-12-01 00:00:00
CUS_0x01b1,User433,66,533-83-1433,Teacher,2024-12-01,2024-12-01 00:00:00
CUS_0x01b2,User434,67,534-84-1434,Doctor,2024-12-01,2024-12-01 00:00:00
CUS_0x01b3,User435,68,535-85-1435,Clerk,2024-12-01,2024-12-01 00:00:00
CUS_0x01b4,User436,69,536-86-1436,Artist,2024-12-01,2024-12-01 00:00:00
CUS_0x01b5,User437,70,537-87-1437,"",2024-12-01,2024-12-01 00:00:00
CUS_0x01b6,User438,71,538-88-1438,Engineer,2024-12-01,2024-12-01 00:00:00
CUS_0x01b7,User439,72,539-89-1439,Teacher,2024-12-01,2024-12-01 00:00:00
CUS_0x01b8,User440,18,540-90-1440,Doctor,2024-12-01,2024-12-01 00:00:00
CUS_0x01b9,User441,19,541-91-1441,Clerk,2024-12-01,2024-12-01 00:00:00
CUS_0x01ba,User442,20,542-92-1442,Artist,2024-12-01,2024-12-01 00:00:00
CUS_0x01bb,User443,21,543-93-1443,"",2024-12-01,2024-12-01 00:00:00
CUS_0x01bc,User444,22,544-94-1444,Engineer,2024-12-01,2024-12-01 00:00:00
CUS_0x01bd,User445,23,545-95-1445,Teacher,2024-12-01,2024-12-01 00:00:00
CUS_0x01be,User446,24,546-96-1446,Doctor,2024-12-01,2024-12-01 00:00:00
CUS_0x01bf,User447,25,547-97-1447,Clerk,2024-12-01,2024-12-01 00:00:00
CUS_0x01c0,User448,26,548-98-1448,Artist,2024-12-01,2024-12-01 00:00:00
CUS_0x01c1,User449,27,549-99-1449,"",2024-12-01,2024-12-01 00:00:00
CUS_0x01c2,User450,28,550-10-1450,Engineer,2024-12-01,2024-12-01 00:00:00
CUS_0x01c3,User451,29,551-11-1451,Teacher,2024-12-01,2024-12-01 00:00:00
CUS_0x01c4,User452,30,552-12-1452,Doctor,2024-12-01,2024-12-01 00:00:00
CUS_0x01c5,User453,31,553-13-1453,Clerk,2024-12-01,2024-12-01 00:00:00
CUS_0x01c6,User454,32,554-14-1454,Artist,2024-12-01,2024-12-01 00:00:00
CUS_0x01c7,User455,33,555-15-1455,"",2024-12-01,2024-12-01 00:00:00
CUS_0x01c8,User456,34,556-16-1456,Engineer,2024-12-01,2024-12-01 00:00:00
CUS_0x01c9,User457,35,557-17-1457,Teacher,2024-12-01,2024-12-01 00:00:00
CUS_0x01ca,User458,36,558-18-1458,Doctor,2024-12-01,2024-12-01 00:00:00
CUS_0x01cb,User459,37,559-19-1459,Clerk,2024-12-01,2024-12-01 00:00:00
CUS_0x01cc,User460,38,560-20-1460,Artist,2024-12-01,2024-12-01 00:00:00
CUS_0x01cd,User461,39,561-21-1461,"",2024-12-01,2024-12-01 00:00:00
CUS_0x01ce,User462,40,562-22-1462,Engineer,2024-12-01,2024-12-01 00:00:00
CUS_0x01cf,User463,41,563-23-1463,Teacher,2024-12-01,2024-12-01 00:00:00
CUS_0x01d0,User464,42,564-24-1464,Doctor,2024-12-01,2024-12-01 00:00:00
CUS_0x01d1,User465,43,565-25-1465,Clerk,2024-12-01,2024-12-01 00:00:00
CUS_0x01d2,User466,44,566-26-1466,Artist,2024-12-01,2024-12-01 00:00:00
CUS_0x01d3,User467,45,567-27-1467,"",2024-12-01,2024-12-01 00:00:00
CUS_0x01d4,User468,46,568-28-1468,Engineer,2024-12-01,2024-12-01 00:00:00
CUS_0x01d5,User469,47,569-29-1469,Teacher,2024-12-01,2024-12-01 00:00:00
CUS_0x01d6,User470,48,570-30-1470,Doctor,2024-12-01,2024-12-01 00:00:00
CUS_0x01d7,User471,49,571-31-1471,Clerk,2024-12-01,2024-12-01 00:00:00
CUS_0x01d8,User472,50,572-32-1472,Artist,2024-12-01,2024-12-01 00:00:00
CUS_0x01d9,User473,51,573-33-1473,"",2024-12-01,2024-12-01 00:00:00
CUS_0x01da,User474,52,574-34-1474,Engineer,2024-12-01,2024-12-01 00:00:00
CUS_0x01db,User475,53,575-35-1475,Teacher,2024-12-01,2024-12-01 00:00:00
CUS_0x01dc,User476,54,576-36-1476,Doctor,2024-12-01,2024-12-01 00:00:00
CUS_0x01dd,User477,55,577-37-1477,Clerk,2024-12-01,2024-12-01 00:00:00
CUS_0x01de,User478,56,578-38-1478,Artist,2024-12-01,2024-12-01 00:00:00
CUS_0x01df,User479,57,579-39-1479,"",2024-12-01,2024-12-01 00:00:00
CUS_0x01e0,User480,58,580-40-1480,Engineer,2024-12-01,2024-12-01 00:00:00
CUS_0x01e1,User481,59,581-41-1481,Teacher,2024-12-01,2024-12-01 00:00:00
CUS_0x01e2,User482,60,582-42-1482,Doctor,2024-12-01,2024-12-01 00:00:00
CUS_0x01e3,User483,61,583-43-1483,Clerk,2024-12-01,2024-12-01 00:00:00
CUS_0x01e4,User484,62,584-44-1484,Artist,2024-12-01,2024-12-01 00:00:00
CUS_0x01e5,User485,63,585-45-1485,"",2024-12-01,2024-12-01 00:00:00
CUS_0x01e6,User486,64,586-46-1486,Engineer,2024-12-01,2024-12-01 00:00:00
CUS_0x01e7,User487,65,587-47-1487,Teacher,2024-12-01,2024-12-01 00:00:00
CUS_0x01e8,User488,66,588-48-1488,Doctor,2024-12-01,2024-12-01 00:00:00
CUS_0x01e9,User489,67,589-49-1489,Clerk,2024-12-01,2024-12-01 00:00:00
CUS_0x01ea,User490,68,590-50-1490,Artist,2024-12-01,2024-12-01 00:00:00
CUS_0x01eb,User491,69,591-51-1491,"",2024-12-01,2024-12-01 00:00:00
CUS_0x01ec,User492,70,592-52-1492,Engineer,2024-12-01,2024-12-01 00:00:00
CUS_0x01ed,User493,71,593-53-1493,Teacher,2024-12-01,2024-12-01 00:00:00
CUS_0x01ee,User494,72,594-54-1494,Doctor,2024-12-01,2024-12-01 00:00:00
CUS_0x01ef,User495,18,595-55-1495,Clerk,2024-12-01,2024-12-01 00:00:00
CUS_0x01f0,User496,19,596-56-1496,Artist,2024-12-01,2024-12-01 00:00:00
CUS_0x01f1,User497,20,597-57-1497,"",2024-12-01,2024-12-01 00:00:00
CUS_0x01f2,User498,21,598-58-1498,Engineer,2024-12-01,2024-12-01 00:00:00
CUS_0x01f3,User499,22,599-59-1499,Teacher,2024-12-01,2024-12-01 00:00:00
CUS_0x01f4,User500,23,600-60-1500,Doctor,2024-12-01,2024-12-01 00:00:00
CUS_0x01f5,User501,24,601-61-1501,Clerk,2024-12-01,2024-12-01 00:00:00
CUS_0x01f6,User502,25,602-62-1502,Artist,2024-12-01,2024-12-01 00:00:00
CUS_0x01f7,User503,26,603-63-1503,"",2024-12-01,2024-12-01 00:00:00
CUS_0x01f8,User504,27,604-64-1504,Engineer,2024-12-01,2024-12-01 00:00:00
CUS_0x01f9,User505,28,605-65-1505,Teacher,2024-12-01,2024-12-01 00:00:00
CUS_0x01fa,User506,29,606-66-1506,Doctor,2024-12-01,2024-12-01 00:00:00
CUS_0x01fb,User507,30,607-67-1507,Clerk,2024-12-01,2024-12-01 00:00:00
CUS_0x01fc,User508,31,608-68-1508,Artist,2024-12-01,2024-12-01 00:00:00
CUS_0x01fd,User509,32,609-69-1509,"",2024-12-01,2024-12-01 00:00:00
CUS_0x01fe,User510,33,610-70-1510,Engineer,2024-12-01,2024-12-01 00:00:00
CUS_0x01ff,User511,34,611-71-1511,Teacher,2024-12-01,2024-12-01 00:00:00
CUS_0x0200,User512,35,612-72-1512,Doctor,2024-12-01,2024-12-01 00:00:00
CUS_0x0201,User513,36,613-73-1513,Clerk,2024-12-01,2024-12-01 00:00:00
CUS_0x0202,User514,37,614-74-1514,Artist,2024-12-01,2024-12-01 00:00:00
CUS_0x0203,User515,38,615-75-1515,"",2024-12-01,2024-12-01 00:00:00
CUS_0x0204,User516,39,616-76-1516,Engineer,2024-12-01,2024-12-01 00:00:00
CUS_0x0205,User517,40,617-77-1517,Teacher,2024-12-01,2024-12-01 00:00:00
CUS_0x0206,User518,41,618-78-1518,Doctor,2024-12-01,2024-12-01 00:00:00
CUS_0x0207,User519,42,619-79-1519,Clerk,2024-12-01,2024-12-01 00:00:00
CUS_0x0208,User520,43,620-80-1520,Artist,2024-12-01,2024-12-01 00:00:00
CUS_0x0209,User521,44,621-81-1521,"",2024-12-01,2024-12-01 00:00:00
CUS_0x020a,User522,45,622-82-1522,Engineer,2024-12-01,2024-12-01 00:00:00
CUS_0x020b,User523,46,623-83-1523,Teacher,2024-12-01,2024-12-01 00:00:00
CUS_0x020c,User524,47,624-84-1524,Doctor,2024-12-01,2024-12-01 00:00:00
CUS_0x020d,User525,48,625-85-1525,Clerk,2024-12-01,2024-12-01 00:00:00
CUS_0x020e,User526,49,626-86-1526,Artist,2024-12-01,2024-12-01 00:00:00
CUS_0x020f,User527,50,627-87-1527,"",2024-12-01,2024-12-01 00:00:00
CUS_0x0210,User528,51,628-88-1528,Engineer,2024-12-01,2024-12-01 00:00:00
CUS_0x0211,User529,52,629-89-1529,Teacher,2024-12-01,2024-12-01 00:00:00
CUS_0x0212,User530,53,630-90-1530,Doctor,2024-12-01,2024-12-01 00:00:00
CUS_0x0213,User531,54,631-91-1531,Clerk,2024-12-01,2024-12-01 00:00:00
CUS_0x0214,User532,55,632-92-1532,Artist,2024-12-01,2024-12-01 00:00:00
CUS_0x0215,User533,56,633-93-1533,"",2024-12-01,2024-12-01 00:00:00
CUS_0x0216,User534,57,634-94-1534,Engineer,2024-12-01,2024-12-01 00:00:00
CUS_0x0217,User535,58,635-95-1535,Teacher,2024-12-01,2024-12-01 00:00:00
CUS_0x0218,User536,59,636-96-1536,Doctor,2024-12-01,2024-12-01 00:00:00
CUS_0x0219,User537,60,637-97-1537,Clerk,2024-12-01,2024-12-01 00:00:00
CUS_0x021a,User538,61,638-98-1538,Artist,2024-12-01,2024-12-01 00:00:00
CUS_0x021b,User539,62,639-99-1539,"",2024-12-01,2024-12-01 00:00:00
CUS_0x021c,User540,63,640-10-1540,Engineer,2024-12-01,2024-12-01 00:00:00
CUS_0x021d,User541,64,641-11-1541,Teacher,2024-12-01,2024-12-01 00:00:00
CUS_0x021e,User542,65,642-12-1542,Doctor,2024-12-01,2024-12-01 00:00:00
CUS_0x021f,User543,66,643-13-1543,Clerk,2024-12-01,2024-12-01 00:00:00
CUS_0x0220,User544,67,644-14-1544,Artist,2024-12-01,2024-12-01 00:00:00
CUS_0x0221,User545,68,645-15-1545,"",2024-12-01,2024-12-01 00:00:00
CUS_0x0222,User546,69,646-16-1546,Engineer,2024-12-01,2024-12-01 00:00:00
CUS_0x0223,User547,70,647-17-1547,Teacher,2024-12-01,2024-12-01 00:00:00
CUS_0x0224,User548,71,648-18-1548,Doctor,2024-12-01,2024-12-01 00:00:00
CUS_0x0225,User549,72,649-19-1549,Clerk,2024-12-01,2024-12-01 00:00:00
CUS_0x0226,User550,18,650-20-1550,Artist,2024-12-01,2024-12-01 00:00:00
CUS_0x0227,User551,19,651-21-1551,"",2024-12-01,2024-12-01 00:00:00
CUS_0x0228,User552,20,652-22-1552,Engineer,2024-12-01,2024-12-01 00:00:00
CUS_0x0229,User553,21,653-23-1553,Teacher,2024-12-01,2024-12-01 00:00:00
CUS_0x022a,User554,22,654-24-1554,Doctor,2024-12-01,2024-12-01 00:00:00
CUS_0x022b,User555,23,655-25-1555,Clerk,2024-12-01,2024-12-01 00:00:00
CUS_0x022c,User556,24,656-26-1556,Artist,2024-12-01,2024-12-01 00:00:00
CUS_0x022d,User557,25,657-27-1557,"",2024-12-01,2024-12-01 00:00:00
CUS_0x022e,User558,26,658-28-1558,Engineer,2024-12-01,2024-12-01 00:00:00
CUS_0x022f,User559,27,659-29-1559,Teacher,2024-12-01,2024-12-01 00:00:00
CUS_0x0230,User560,28,660-30-1560,Doctor,2024-12-01,2024-12-01 00:00:00
CUS_0x0231,User561,29,661-31-1561,Clerk,2024-12-01,2024-12-01 00:00:00
CUS_0x0232,User562,30,662-32-1562,Artist,2024-12-01,2024-12-01 00:00:00
CUS_0x0233,User563,31,663-33-1563,"",2024-12-01,2024-12-01 00:00:00
CUS_0x0234,User564,32,664-34-1564,Engineer,2024-12-01,2024-12-01 00:00:00
CUS_0x0235,User565,33,665-35-1565,Teacher,2024-12-01,2024-12-01 00:00:00
CUS_0x0236,User566,34,666-36-1566,Doctor,2024-12-01,2024-12-01 00:00:00
CUS_0x0237,User567,35,667-37-1567,Clerk,2024-12-01,2024-12-01 00:00:00
CUS_0x0238,User568,36,668-38-1568,Artist,2024-12-01,2024-12-01 00:00:00
CUS_0x0239,User569,37,669-39-1569,"",2024-12-01,2024-12-01 00:00:00
CUS_0x023a,User570,38,670-40-1570,Engineer,2024-12-01,2024-12-01 00:00:00
CUS_0x023b,User571,39,671-41-1571,Teacher,2024-12-01,2024-12-01 00:00:00
CUS_0x023c,User572,40,672-42-1572,Doctor,2024-12-01,2024-12-01 00:00:00
CUS_0x023d,User573,41,673-43-1573,Clerk,2024-12-01,2024-12-01 00:00:00
CUS_0x023e,User574,42,674-44-1574,Artist,2024-12-01,2024-12-01 00:00:00
CUS_0x023f,User575,43,675-45-1575,"",2024-12-01,2024-12-01 00:00:00
CUS_0x0240,User576,44,676-46-1576,Engineer,2024-12-01,2024-12-01 00:00:00
CUS_0x0241,User577,45,677-47-1577,Teacher,2024-12-01,2024-12-01 00:00:00
CUS_0x0242,User578,46,678-48-1578,Doctor,2024-12-01,2024-12-01 00:00:00
CUS_0x0243,User579,47,679-49-1579,Clerk,2024-12-01,2024-12-01 00:00:00
CUS_0x0244,User580,48,680-50-1580,Artist,2024-12-01,2024-12-01 00:00:00
CUS_0x0245,User581,49,681-51-1581,"",2024-12-01,2024-12-01 00:00:00
CUS_0x0246,User582,50,682-52-1582,Engineer,2024-12-01,2024-12-01 00:00:00
CUS_0x0247,User583,51,683-53-1583,Teacher,2024-12-01,2024-12-01 00:00:00
CUS_0x0248,User584,52,684-54-1584,Doctor,2024-12-01,2024-12-01 00:00:00
CUS_0x0249,User585,53,685-55-1585,Clerk,2024-12-01,2024-12-01 00:00:00
CUS_0x024a,User586,54,686-56-1586,Artist,2024-12-01,2024-12-01 00:00:00
CUS_0x024b,User587,55,687-57-1587,"",2024-12-01,2024-12-01 00:00:00
CUS_0x024c,User588,56,688-58-1588,Engineer,2024-12-01,2024-12-01 00:00:00
CUS_0x024d,User589,57,689-59-1589,Teacher,2024-12-01,2024-12-01 00:00:00
CUS_0x024e,User590,58,690-60-1590,Doctor,2024-12-01,2024-12-01 00:00:00
CUS_0x024f,User591,59,691-61-1591,Clerk,2024-12-01,2024-12-01 00:00:00
CUS_0x0250,User592,60,692-62-1592,Artist,2024-12-01,2024-12-01 00:00:00
CUS_0x0251,User593,61,693-63-1593,"",2024-12-01,2024-12-01 00:00:00
CUS_0x0252,User594,62,694-64-1594,Engineer,2024-12-01,2024-12-01 00:00:00
CUS_0x0253,User595,63,695-65-1595,Teacher,2024-12-01,2024-12-01 00:00:00
CUS_0x0254,User596,64,696-66-1596,Doctor,2024-12-01,2024-12-01 00:00:00
CUS_0x0255,User597,65,697-67-1597,Clerk,2024-12-01,2024-12-01 00:00:00
CUS_0x0256,User598,66,698-68-1598,Artist,2024-12-01,2024-12-01 00:00:00
CUS_0x0257,User599,67,699-69-1599,"",2024-12-01,2024-12-01 00:00:00
CUS_0x0258,User600,68,700-70-1600,Engineer,2024-12-01,2024-12-01 00:00:00
CUS_0x0259,User601,69,701-71-1601,Teacher,2024-12-01,2024-12-01 00:00:00
CUS_0x025a,User602,70,702-72-1602,Doctor,2024-12-01,2024-12-01 00:00:00
CUS_0x025b,User603,71,703-73-1603,Clerk,2024-12-01,2024-12-01 00:00:00
CUS_0x025c,User604,72,704-74-1604,Artist,2024-12-01,2024-12-01 00:00:00
CUS_0x025d,User605,18,705-75-1605,"",2024-12-01,2024-12-01 00:00:00
CUS_0x025e,User606,19,706-76-1606,Engineer,2024-12-01,2024-12-01 00:00:00
CUS_0x025f,User607,20,707-77-1607,Teacher,2024-12-01,2024-12-01 00:00:00
CUS_0x0260,User608,21,708-78-1608,Doctor,2024-12-01,2024-12-01 00:00:00
CUS_0x0261,User609,22,709-79-1609,Clerk,2024-12-01,2024-12-01 00:00:00
CUS_0x0262,User610,23,710-80-1610,Artist,2024-12-01,2024-12-01 00:00:00
CUS_0x0263,User611,24,711-81-1611,"",2024-12-01,2024-12-01 00:00:00
CUS_0x0264,User612,25,712-82-1612,Engineer,2024-12-01,2024-12-01 00:00:00
CUS_0x0265,User613,26,713-83-1613,Teacher,2024-12-01,2024-12-01 00:00:00
CUS_0x0266,User614,27,714-84-1614,Doctor,2024-12-01,2024-12-01 00:00:00
CUS_0x0267,User615,28,715-85-1615,Clerk,2024-12-01,2024-12-01 00:00:00
CUS_0x0268,User616,29,716-86-1616,Artist,2024-12-01,2024-12-01 00:00:00
CUS_0x0269,User617,30,717-87-1617,"",2024-12-01,2024-12-01 00:00:00
CUS_0x026a,User618,31,718-88-1618,Engineer,2024-12-01,2024-12-01 00:00:00
CUS_0x026b,User619,32,719-89-1619,Teacher,2024-12-01,2024-12-01 00:00:00
CUS_0x026c,User620,33,720-90-1620,Doctor,2024-12-01,2024-12-01 00:00:00
CUS_0x026d,User621,34,721-91-1621,Clerk,2024-12-01,2024-12-01 00:00:00
CUS_0x026e,User622,35,722-92-1622,Artist,2024-12-01,2024-12-01 00:00:00
CUS_0x026f,User623,36,723-93-1623,"",2024-12-01,2024-12-01 00:00:00
CUS_0x0270,User624,37,724-94-1624,Engineer,2024-12-01,2024-12-01 00:00:00
CUS_0x0271,User625,38,725-95-1625,Teacher,2024-12-01,2024-12-01 00:00:00
CUS_0x0272,User626,39,726-96-1626,Doctor,2024-12-01,2024-12-01 00:00:00
CUS_0x0273,User627,40,727-97-1627,Clerk,2024-12-01,2024-12-01 00:00:00
CUS_0x0274,User628,41,728-98-1628,Artist,2024-12-01,2024-12-01 00:00:00
CUS_0x0275,User629,42,729-99-1629,"",2024-12-01,2024-12-01 00:00:00
CUS_0x0276,User630,43,730-10-1630,Engineer,2024-12-01,2024-12-01 00:00:00
CUS_0x0277,User631,44,731-11-1631,Teacher,2024-12-01,2024-12-01 00:00:00
CUS_0x0278,User632,45,732-12-1632,Doctor,2024-12-01,2024-12-01 00:00:00
CUS_0x0279,User633,46,733-13-1633,Clerk,2024-12-01,2024-12-01 00:00:00
CUS_0x027a,User634,47,734-14-1634,Artist,2024-12-01,2024-12-01 00:00:00
CUS_0x027b,User635,48,735-15-1635,"",2024-12-01,2024-12-01 00:00:00
CUS_0x027c,User636,49,736-16-1636,Engineer,2024-12-01,2024-12-01 00:00:00
CUS_0x027d,User637,50,737-17-1637,Teacher,2024-12-01,2024-12-01 00:00:00
CUS_0x027e,User638,51,738-18-1638,Doctor,2024-12-01,2024-12-01 00:00:00
CUS_0x027f,User639,52,739-19-1639,Clerk,2024-12-01,2024-12-01 00:00:00
CUS_0x0280,User640,53,740-20-1640,Artist,2024-12-01,2024-12-01 00:00:00
CUS_0x0281,User641,54,741-21-1641,"",2024-12-01,2024-12-01 00:00:00
CUS_0x0282,User642,55,742-22-1642,Engineer,2024-12-01,2024-12-01 00:00:00
CUS_0x0283,User643,56,743-23-1643,Teacher,2024-12-01,2024-12-01 00:00:00
CUS_0x0284,User644,57,744-24-1644,Doctor,2024-12-01,2024-12-01 00:00:00
CUS_0x0285,User645,58,745-25-1645,Clerk,2024-12-01,2024-12-01 00:00:00
CUS_0x0286,User646,59,746-26-1646,Artist,2024-12-01,2024-12-01 00:00:00
CUS_0x0287,User647,60,747-27-1647,"",2024-12-01,2024-12-01 00:00:00
CUS_0x0288,User648,61,748-28-1648,Engineer,2024-12-01,2024-12-01 00:00:00
CUS_0x0289,User649,62,749-29-1649,Teacher,2024-12-01,2024-12-01 00:00:00
CUS_0x028a,User650,63,750-30-1650,Doctor,2024-12-01,2024-12-01 00:00:00
CUS_0x028b,User651,64,751-31-1651,Clerk,2024-12-01,2024-12-01 00:00:00
CUS_0x028c,User652,65,752-32-1652,Artist,2024-12-01,2024-12-01 00:00:00
CUS_0x028d,User653,66,753-33-1653,"",2024-12-01,2024-12-01 00:00:00
CUS_0x028e,User654,67,754-34-1654,Engineer,2024-12-01,2024-12-01 00:00:00
CUS_0x028f,User655,68,755-35-1655,Teacher,2024-12-01,2024-12-01 00:00:00
CUS_0x0290,User656,69,756-36-1656,Doctor,2024-12-01,2024-12-01 00:00:00
CUS_0x0291,User657,70,757-37-1657,Clerk,2024-12-01,2024-12-01 00:00:00
CUS_0x0292,User658,71,758-38-1658,Artist,2024-12-01,2024-12-01 00:00:00
CUS_0x0293,User659,72,759-39-1659,"",2024-12-01,2024-12-01 00:00:00
CUS_0x0294,User660,18,760-40-1660,Engineer,2024-12-01,2024-12-01 00:00:00
CUS_0x0295,User661,19,761-41-1661,Teacher,2024-12-01,2024-12-01 00:00:00
CUS_0x0296,User662,20,762-42-1662,Doctor,2024-12-01,2024-12-01 00:00:00
CUS_0x0297,User663,21,763-43-1663,Clerk,2024-12-01,2024-12-01 00:00:00
CUS_0x0298,User664,22,764-44-1664,Artist,2024-12-01,2024-12-01 00:00:00
CUS_0x0299,User665,23,765-45-1665,"",2024-12-01,2024-12-01 00:00:00
CUS_0x029a,User666,24,766-46-1666,Engineer,2024-12-01,2024-12-01 00:00:00
CUS_0x029b,User667,25,767-47-1667,Teacher,2024-12-01,2024-12-01 00:00:00
CUS_0x029c,User668,26,768-48-1668,Doctor,2024-12-01,2024-12-01 00:00:00
CUS_0x029d,User669,27,769-49-1669,Clerk,2024-12-01,2024-12-01 00:00:00
CUS_0x029e,User670,28,770-50-1670,Artist,2024-12-01,2024-12-01 00:00:00
CUS_0x029f,User671,29,771-51-1671,"",2024-12-01,2024-12-01 00:00:00
CUS_0x02a0,User672,30,772-52-1672,Engineer,2024-12-01,2024-12-01 00:00:00
CUS_0x02a1,User673,31,773-53-1673,Teacher,2024-12-01,2024-12-01 00:00:00
CUS_0x02a2,User674,32,774-54-1674,Doctor,2024-12-01,2024-12-01 00:00:00
CUS_0x02a3,User675,33,775-55-1675,Clerk,2024-12-01,2024-12-01 00:00:00
CUS_0x02a4,User676,34,776-56-1676,Artist,2024-12-01,2024-12-01 00:00:00
CUS_0x02a5,User677,35,777-57-1677,"",2024-12-01,2024-12-01 00:00:00
CUS_0x02a6,User678,36,778-58-1678,Engineer,2024-12-01,2024-12-01 00:00:00
CUS_0x02a7,User679,37,779-59-1679,Teacher,2024-12-01,2024-12-01 00:00:00
CUS_0x02a8,User680,38,780-60-1680,Doctor,2024-12-01,2024-12-01 00:00:00
CUS_0x02a9,User681,39,781-61-1681,Clerk,2024-12-01,2024-12-01 00:00:00
CUS_0x02aa,User682,40,782-62-1682,Artist,2024-12-01,2024-12-01 00:00:00
CUS_0x02ab,User683,41,783-63-1683,"",2024-12-01,2024-12-01 00:00:00
CUS_0x02ac,User684,42,784-64-1684,Engineer,2024-12-01,2024-12-01 00:00:00
CUS_0x02ad,User685,43,785-65-1685,Teacher,2024-12-01,2024-12-01 00:00:00
CUS_0x02ae,User686,44,786-66-1686,Doctor,2024-12-01,2024-12-01 00:00:00
CUS_0x02af,User687,45,787-67-1687,Clerk,2024-12-01,2024-12-01 00:00:00
CUS_0x02b0,User688,46,788-68-1688,Artist,2024-12-01,2024-12-01 00:00:00
CUS_0x02b1,User689,47,789-69-1689,"",2024-12-01,2024-12-01 00:00:00
CUS_0x02b2,User690,48,790-70-1690,Engineer,2024-12-01,2024-12-01 00:00:00
CUS_0x02b3,User691,49,791-71-1691,Teacher,2024-12-01,2024-12-01 00:00:00
CUS_0x02b4,User692,50,792-72-1692,Doctor,2024-12-01,2024-12-01 00:00:00
CUS_0x02b5,User693,51,793-73-1693,Clerk,2024-12-01,2024-12-01 00:00:00
CUS_0x02b6,User694,52,794-74-1694,Artist,2024-12-01,2024-12-01 00:00:00
CUS_0x02b7,User695,53,795-75-1695,"",2024-12-01,2024-12-01 00:00:00
CUS_0x02b8,User696,54,796-76-1696,Engineer,2024-12-01,2024-12-01 00:00:00
CUS_0x02b9,User697,55,797-77-1697,Teacher,2024-12-01,2024-12-01 00:00:00
CUS_0x02ba,User698,56,798-78-1698,Doctor,2024-12-01,2024-12-01 00:00:00
CUS_0x02bb,User699,57,799-79-1699,Clerk,2024-12-01,2024-12-01 00:00:00
CUS_0x02bc,User700,58,800-80-1700,Artist,2024-12-01,2024-12-01 00:00:00
CUS_0x02bd,User701,59,801-81-1701,"",2024-12-01,2024-12-01 00:00:00
CUS_0x02be,User702,60,802-82-1702,Engineer,2024-12-01,2024-12-01 00:00:00
CUS_0x02bf,User703,61,803-83-1703,Teacher,2024-12-01,2024-12-01 00:00:00
CUS_0x02c0,User704,62,804-84-1704,Doctor,2024-12-01,2024-12-01 00:00:00
CUS_0x02c1,User705,63,805-85-1705,Clerk,2024-12-01,2024-12-01 00:00:00
CUS_0x02c2,User706,64,806-86-1706,Artist,2024-12-01,2024-12-01 00:00:00
CUS_0x02c3,User707,65,807-87-1707,"",2024-12-01,2024-12-01 00:00:00
CUS_0x02c4,User708,66,808-88-1708,Engineer,2024-12-01,2024-12-01 00:00:00
CUS_0x02c5,User709,67,809-89-1709,Teacher,2024-12-01,2024-12-01 00:00:00
CUS_0x02c6,User710,68,810-90-1710,Doctor,2024-12-01,2024-12-01 00:00:00
CUS_0x02c7,User711,69,811-91-1711,Clerk,2024-12-01,2024-12-01 00:00:00
CUS_0x02c8,User712,70,812-92-1712,Artist,2024-12-01,2024-12-01 00:00:00
CUS_0x02c9,User713,71,813-93-1713,"",2024-12-01,2024-12-01 00:00:00
CUS_0x02ca,User714,72,814-94-1714,Engineer,2024-12-01,2024-12-01 00:00:00
CUS_0x02cb,User715,18,815-95-1715,Teacher,2024-12-01,2024-12-01 00:00:00
CUS_0x02cc,User716,19,816-96-1716,Doctor,2024-12-01,2024-12-01 00:00:00
CUS_0x02cd,User717,20,817-97-1717,Clerk,2024-12-01,2024-12-01 00:00:00
CUS_0x02ce,User718,21,818-98-1718,Artist,2024-12-01,2024-12-01 00:00:00
CUS_0x02cf,User719,22,819-99-1719,"",2024-12-01,2024-12-01 00:00:00
CUS_0x02d0,User720,23,820-10-1720,Engineer,2024-12-01,2024-12-01 00:00:00
CUS_0x02d1,User721,24,821-11-1721,Teacher,2024-12-01,2024-12-01 00:00:00
CUS_0x02d2,User722,25,822-12-1722,Doctor,2024-12-01,2024-12-01 00:00:00
CUS_0x02d3,User723,26,823-13-1723,Clerk,2024-12-01,2024-12-01 00:00:00
CUS_0x02d4,User724,27,824-14-1724,Artist,2024-12-01,2024-12-01 00:00:00
CUS_0x02d5,User725,28,825-15-1725,"",2024-12-01,2024-12-01 00:00:00
CUS_0x02d6,User726,29,826-16-1726,Engineer,2024-12-01,2024-12-01 00:00:00
CUS_0x02d7,User727,30,827-17-1727,Teacher,2024-12-01,2024-12-01 00:00:00
CUS_0x02d8,User728,31,828-18-1728,Doctor,2024-12-01,2024-12-01 00:00:00
CUS_0x02d9,User729,32,829-19-1729,Clerk,2024-12-01,2024-12-01 00:00:00
CUS_0x02da,User730,33,830-20-1730,Artist,2024-12-01,2024-12-01 00:00:00
CUS_0x02db,User731,34,831-21-1731,"",2024-12-01,2024-12-01 00:00:00
CUS_0x02dc,User732,35,832-22-1732,Engineer,2024-12-01,2024-12-01 00:00:00
CUS_0x02dd,User733,36,833-23-1733,Teacher,2024-12-01,2024-12-01 00:00:00
CUS_0x02de,User734,37,834-24-1734,Doctor,2024-12-01,2024-12-01 00:00:00
CUS_0x02df,User735,38,835-25-1735,Clerk,2024-12-01,2024-12-01 00:00:00
CUS_0x02e0,User736,39,836-26-1736,Artist,2024-12-01,2024-12-01 00:00:00
CUS_0x02e1,User737,40,837-27-1737,"",2024-12-01,2024-12-01 00:00:00
CUS_0x02e2,User738,41,838-28-1738,Engineer,2024-12-01,2024-12-01 00:00:00
CUS_0x02e3,User739,42,839-29-1739,Teacher,2024-12-01,2024-12-01 00:00:00
CUS_0x02e4,User740,43,840-30-1740,Doctor,2024-12-01,2024-12-01 00:00:00
CUS_0x02e5,User741,44,841-31-1741,Clerk,2024-12-01,2024-12-01 00:00:00
CUS_0x02e6,User742,45,842-32-1742,Artist,2024-12-01,2024-12-01 00:00:00
CUS_0x02e7,User743,46,843-33-1743,"",2024-12-01,2024-12-01 00:00:00
CUS_0x02e8,User744,47,844-34-1744,Engineer,2024-12-01,2024-12-01 00:00:00
CUS_0x02e9,User745,48,845-35-1745,Teacher,2024-12-01,2024-12-01 00:00:00
CUS_0x02ea,User746,49,846-36-1746,Doctor,2024-12-01,2024-12-01 00:00:00
CUS_0x02eb,User747,50,847-37-1747,Clerk,2024-12-01,2024-12-01 00:00:00
CUS_0x02ec,User748,51,848-38-1748,Artist,2024-12-01,2024-12-01 00:00:00
CUS_0x02ed,User749,52,849-39-1749,"",2024-12-01,2024-12-01 00:00:00
CUS_0x02ee,User750,53,850-40-1750,Engineer,2024-12-01,2024-12-01 00:00:00
CUS_0x02ef,User751,54,851-41-1751,Teacher,2024-12-01,2024-12-01 00:00:00
CUS_0x02f0,User752,55,852-42-1752,Doctor,2024-12-01,2024-12-01 00:00:00
CUS_0x02f1,User753,56,853-43-1753,Clerk,2024-12-01,2024-12-01 00:00:00
CUS_0x02f2,User754,57,854-44-1754,Artist,2024-12-01,2024-12-01 00:00:00
CUS_0x02f3,User755,58,855-45-1755,"",2024-12-01,2024-12-01 00:00:00
CUS_0x02f4,User756,59,856-46-1756,Engineer,2024-12-01,2024-12-01 00:00:00
CUS_0x02f5,User757,60,857-47-1757,Teacher,2024-12-01,2024-12-01 00:00:00
CUS_0x02f6,User758,61,858-48-1758,Doctor,2024-12-01,2024-12-01 00:00:00
CUS_0x02f7,User759,62,859-49-1759,Clerk,2024-12-01,2024-12-01 00:00:00
CUS_0x02f8,User760,63,860-50-1760,Artist,2024-12-01,2024-12-01 00:00:00
CUS_0x02f9,User761,64,861-51-1761,"",2024-12-01,2024-12-01 00:00:00
CUS_0x02fa,User762,65,862-52-1762,Engineer,2024-12-01,2024-12-01 00:00:00
CUS_0x02fb,User763,66,863-53-1763,Teacher,2024-12-01,2024-12-01 00:00:00
CUS_0x02fc,User764,67,864-54-1764,Doctor,2024-12-01,2024-12-01 00:00:00
CUS_0x02fd,User765,68,865-55-1765,Clerk,2024-12-01,2024-12-01 00:00:00
CUS_0x02fe,User766,69,866-56-1766,Artist,2024-12-01,2024-12-01 00:00:00
CUS_0x02ff,User767,70,867-57-1767,"",2024-12-01,2024-12-01 00:00:00
CUS_0x0300,User768,71,868-58-1768,Engineer,2024-12-01,2024-12-01 00:00:00
CUS_0x0301,User769,72,869-59-1769,Teacher,2024-12-01,2024-12-01 00:00:00
CUS_0x0302,User770,18,870-60-1770,Doctor,2024-12-01,2024-12-01 00:00:00
CUS_0x0303,User771,19,871-61-1771,Clerk,2024-12-01,2024-12-01 00:00:00
CUS_0x0304,User772,20,872-62-1772,Artist,2024-12-01,2024-12-01 00:00:00
CUS_0x0305,User773,21,873-63-1773,"",2024-12-01,2024-12-01 00:00:00
CUS_0x0306,User774,22,874-64-1774,Engineer,2024-12-01,2024-12-01 00:00:00
CUS_0x0307,User775,23,875-65-1775,Teacher,2024-12-01,2024-12-01 00:00:00
CUS_0x0308,User776,24,876-66-1776,Doctor,2024-12-01,2024-12-01 00:00:00
CUS_0x0309,User777,25,877-67-1777,Clerk,2024-12-01,2024-12-01 00:00:00
CUS_0x030a,User778,26,878-68-1778,Artist,2024-12-01,2024-12-01 00:00:00
CUS_0x030b,User779,27,879-69-1779,"",2024-12-01,2024-12-01 00:00:00
CUS_0x030c,User780,28,880-70-1780,Engineer,2024-12-01,2024-12-01 00:00:00
CUS_0x030d,User781,29,881-71-1781,Teacher,2024-12-01,2024-12-01 00:00:00
CUS_0x030e,User782,30,882-72-1782,Doctor,2024-12-01,2024-12-01 00:00:00
CUS_0x030f,User783,31,883-73-1783,Clerk,2024-12-01,2024-12-01 00:00:00
CUS_0x0310,User784,32,884-74-1784,Artist,2024-12-01,2024-12-01 00:00:00
CUS_0x0311,User785,33,885-75-1785,"",2024-12-01,2024-12-01 00:00:00
CUS_0x0312,User786,34,886-76-1786,Engineer,2024-12-01,2024-12-01 00:00:00
CUS_0x0313,User787,35,887-77-1787,Teacher,2024-12-01,2024-12-01 00:00:00
CUS_0x0314,User788,36,888-78-1788,Doctor,2024-12-01,2024-12-01 00:00:00
CUS_0x0315,User789,37,889-79-1789,Clerk,2024-12-01,2024-12-01 00:00:00
CUS_0x0316,User790,38,890-80-1790,Artist,2024-12-01,2024-12-01 00:00:00
CUS_0x0317,User791,39,891-81-1791,"",2024-12-01,2024-12-01 00:00:00
CUS_0x0318,User792,40,892-82-1792,Engineer,2024-12-01,2024-12-01 00:00:00
CUS_0x0319,User793,41,893-83-1793,Teacher,2024-12-01,2024-12-01 00:00:00
CUS_0x031a,User794,42,894-84-1794,Doctor,2024-12-01,2024-12-01 00:00:00
CUS_0x031b,User795,43,895-85-1795,Clerk,2024-12-01,2024-12-01 00:00:00
CUS_0x031c,User796,44,896-86-1796,Artist,2024-12-01,2024-12-01 00:00:00
CUS_0x031d,User797,45,897-87-1797,"",2024-12-01,2024-12-01 00:00:00
CUS_0x031e,User798,46,898-88-1798,Engineer,2024-12-01,2024-12-01 00:00:00
CUS_0x031f,User799,47,899-89-1799,Teacher,2024-12-01,2024-12-01 00:00:00
CUS_0x0320,User800,48,900-90-1800,Doctor,2024-12-01,2024-12-01 00:00:00
CUS_0x0321,User801,49,901-91-1801,Clerk,2024-12-01,2024-12-01 00:00:00
CUS_0x0322,User802,50,902-92-1802,Artist,2024-12-01,2024-12-01 00:00:00
CUS_0x0323,User803,51,903-93-1803,"",2024-12-01,2024-12-01 00:00:00
CUS_0x0324,User804,52,904-94-1804,Engineer,2024-12-01,2024-12-01 00:00:00
CUS_0x0325,User805,53,905-95-1805,Teacher,2024-12-01,2024-12-01 00:00:00
CUS_0x0326,User806,54,906-96-1806,Doctor,2024-12-01,2024-12-01 00:00:00
CUS_0x0327,User807,55,907-97-1807,Clerk,2024-12-01,2024-12-01 00:00:00
CUS_0x0328,User808,56,908-98-1808,Artist,2024-12-01,2024-12-01 00:00:00
CUS_0x0329,User809,57,909-99-1809,"",2024-12-01,2024-12-01 00:00:00
CUS_0x032a,User810,58,910-10-1810,Engineer,2024-12-01,2024-12-01 00:00:00
CUS_0x032b,User811,59,911-11-1811,Teacher,2024-12-01,2024-12-01 00:00:00
CUS_0x032c,User812,60,912-12-1812,Doctor,2024-12-01,2024-12-01 00:00:00
CUS_0x032d,User813,61,913-13-1813,Clerk,2024-12-01,2024-12-01 00:00:00
CUS_0x032e,User814,62,914-14-1814,Artist,2024-12-01,2024-12-01 00:00:00
CUS_0x032f,User815,63,915-15-1815,"",2024-12-01,2024-12-01 00:00:00
CUS_0x0330,User816,64,916-16-1816,Engineer,2024-12-01,2024-12-01 00:00:00
CUS_0x0331,User817,65,917-17-1817,Teacher,2024-12-01,2024-12-01 00:00:00
CUS_0x0332,User818,66,918-18-1818,Doctor,2024-12-01,2024-12-01 00:00:00
CUS_0x0333,User819,67,919-19-1819,Clerk,2024-12-01,2024-12-01 00:00:00
CUS_0x0334,User820,68,920-20-1820,Artist,2024-12-01,2024-12-01 00:00:00
CUS_0x0335,User821,69,921-21-1821,"",2024-12-01,2024-12-01 00:00:00
CUS_0x0336,User822,70,922-22-1822,Engineer,2024-12-01,2024-12-01 00:00:00
CUS_0x0337,User823,71,923-23-1823,Teacher,2024-12-01,2024-12-01 00:00:00
CUS_0x0338,User824,72,924-24-1824,Doctor,2024-12-01,2024-12-01 00:00:00
CUS_0x0339,User825,18,925-25-1825,Clerk,2024-12-01,2024-12-01 00:00:00
CUS_0x033a,User826,19,926-26-1826,Artist,2024-12-01,2024-12-01 00:00:00
CUS_0x033b,User827,20,927-27-1827,"",2024-12-01,2024-12-01 00:00:00
CUS_0x033c,User828,21,928-28-1828,Engineer,2024-12-01,2024-12-01 00:00:00
CUS_0x033d,User829,22,929-29-1829,Teacher,2024-12-01,2024-12-01 00:00:00
CUS_0x033e,User830,23,930-30-1830,Doctor,2024-12-01,2024-12-01 00:00:00
CUS_0x033f,User831,24,931-31-1831,Clerk,2024-12-01,2024-12-01 00:00:00
CUS_0x0340,User832,25,932-32-1832,Artist,2024-12-01,2024-12-01 00:00:00
CUS_0x0341,User833,26,933-33-1833,"",2024-12-01,2024-12-01 00:00:00
CUS_0x0342,User834,27,934-34-1834,Engineer,2024-12-01,2024-12-01 00:00:00
CUS_0x0343,User835,28,935-35-1835,Teacher,2024-12-01,2024-12-01 00:00:00
CUS_0x0344,User836,29,936-36-1836,Doctor,2024-12-01,2024-12-01 00:00:00
CUS_0x0345,User837,30,937-37-1837,Clerk,2024-12-01,2024-12-01 00:00:00
CUS_0x0346,User838,31,938-38-1838,Artist,2024-12-01,2024-12-01 00:00:00
CUS_0x0347,User839,32,939-39-1839,"",2024-12-01,2024-12-01 00:00:00
CUS_0x0348,User840,33,940-40-1840,Engineer,2024-12-01,2024-12-01 00:00:00
CUS_0x0349,User841,34,941-41-1841,Teacher,2024-12-01,2024-12-01 00:00:00
CUS_0x034a,User842,35,942-42-1842,Doctor,2024-12-01,2024-12-01 00:00:00
CUS_0x034b,User843,36,943-43-1843,Clerk,2024-12-01,2024-12-01 00:00:00
CUS_0x034c,User844,37,944-44-1844,Artist,2024-12-01,2024-12-01 00:00:00
CUS_0x034d,User845,38,945-45-1845,"",2024-12-01,2024-12-01 00:00:00
CUS_0x034e,User846,39,946-46-1846,Engineer,2024-12-01,2024-12-01 00:00:00
CUS_0x034f,User847,40,947-47-1847,Teacher,2024-12-01,2024-12-01 00:00:00
CUS_0x0350,User848,41,948-48-1848,Doctor,2024-12-01,2024-12-01 00:00:00
CUS_0x0351,User849,42,949-49-1849,Clerk,2024-12-01,2024-12-01 00:00:00
CUS_0x0352,User850,43,950-50-1850,Artist,2024-12-01,2024-12-01 00:00:00
CUS_0x0353,User851,44,951-51-1851,"",2024-12-01,2024-12-01 00:00:00
CUS_0x0354,User852,45,952-52-1852,Engineer,2024-12-01,2024-12-01 00:00:00
CUS_0x0355,User853,46,953-53-1853,Teacher,2024-12-01,2024-12-01 00:00:00
CUS_0x0356,User854,47,954-54-1854,Doctor,2024-12-01,2024-12-01 00:00:00
CUS_0x0357,User855,48,955-55-1855,Clerk,2024-12-01,2024-12-01 00:00:00
CUS_0x0358,User856,49,956-56-1856,Artist,2024-12-01,2024-12-01 00:00:00
CUS_0x0359,User857,50,957-57-1857,"",2024-12-01,2024-12-01 00:00:00
CUS_0x035a,User858,51,958-58-1858,Engineer,2024-12-01,2024-12-01 00:00:00
CUS_0x035b,User859,52,959-59-1859,Teacher,2024-12-01,2024-12-01 00:00:00
CUS_0x035c,User860,53,960-60-1860,Doctor,2024-12-01,2024-12-01 00:00:00
CUS_0x035d,User861,54,961-61-1861,Clerk,2024-12-01,2024-12-01 00:00:00
CUS_0x035e,User862,55,962-62-1862,Artist,2024-12-01,2024-12-01 00:00:00
CUS_0x035f,User863,56,963-63-1863,"",2024-12-01,2024-12-01 00:00:00
CUS_0x0360,User864,57,964-64-1864,Engineer,2024-12-01,2024-12-01 00:00:00
CUS_0x0361,User865,58,965-65-1865,Teacher,2024-12-01,2024-12-01 00:00:00
CUS_0x0362,User866,59,966-66-1866,Doctor,2024-12-01,2024-12-01 00:00:00
CUS_0x0363,User867,60,967-67-1867,Clerk,2024-12-01,2024-12-01 00:00:00
CUS_0x0364,User868,61,968-68-1868,Artist,2024-12-01,2024-12-01 00:00:00
CUS_0x0365,User869,62,969-69-1869,"",2024-12-01,2024-12-01 00:00:00
CUS_0x0366,User870,63,970-70-1870,Engineer,2024-12-01,2024-12-01 00:00:00
CUS_0x0367,User871,64,971-71-1871,Teacher,2024-12-01,2024-12-01 00:00:00
CUS_0x0368,User872,65,972-72-1872,Doctor,2024-12-01,2024-12-01 00:00:00
CUS_0x0369,User873,66,973-73-1873,Clerk,2024-12-01,2024-12-01 00:00:00
CUS_0x036a,User874,67,974-74-1874,Artist,2024-12-01,2024-12-01 00:00:00
CUS_0x036b,User875,68,975-75-1875,"",2024-12-01,2024-12-01 00:00:00
CUS_0x036c,User876,69,976-76-1876,Engineer,2024-12-01,2024-12-01 00:00:00
CUS_0x036d,User877,70,977-77-1877,Teacher,2024-12-01,2024-12-01 00:00:00
CUS_0x036e,User878,71,978-78-1878,Doctor,2024-12-01,2024-12-01 00:00:00
CUS_0x036f,User879,72,979-79-1879,Clerk,2024-12-01,2024-12-01 00:00:00
CUS_0x0370,User880,18,980-80-1880,Artist,2024-12-01,2024-12-01 00:00:00
CUS_0x0371,User881,19,981-81-1881,"",2024-12-01,2024-12-01 00:00:00
CUS_0x0372,User882,20,982-82-1882,Engineer,2024-12-01,2024-12-01 00:00:00
CUS_0x0373,User883,21,983-83-1883,Teacher,2024-12-01,2024-12-01 00:00:00
CUS_0x0374,User884,22,984-84-1884,Doctor,2024-12-01,2024-12-01 00:00:00
CUS_0x0375,User885,23,985-85-1885,Clerk,2024-12-01,2024-12-01 00:00:00
CUS_0x0376,User886,24,986-86-1886,Artist,2024-12-01,2024-12-01 00:00:00
CUS_0x0377,User887,25,987-87-1887,"",2024-12-01,2024-12-01 00:00:00
CUS_0x0378,User888,26,988-88-1888,Engineer,2024-12-01,2024-12-01 00:00:00
CUS_0x0379,User889,27,989-89-1889,Teacher,2024-12-01,2024-12-01 00:00:00
CUS_0x037a,User890,28,990-90-1890,Doctor,2024-12-01,2024-12-01 00:00:00
CUS_0x037b,User891,29,991-91-1891,Clerk,2024-12-01,2024-12-01 00:00:00
CUS_0x037c,User892,30,992-92-1892,Artist,2024-12-01,2024-12-01 00:00:00
CUS_0x037d,User893,31,993-93-1893,"",2024-12-01,2024-12-01 00:00:00
CUS_0x037e,User894,32,994-94-1894,Engineer,2024-12-01,2024-12-01 00:00:00
CUS_0x037f,User895,33,995-95-1895,Teacher,2024-12-01,2024-12-01 00:00:00
CUS_0x0380,User896,34,996-96-1896,Doctor,2024-12-01,2024-12-01 00:00:00
CUS_0x0381,User897,35,997-97-1897,Clerk,2024-12-01,2024-12-01 00:00:00
CUS_0x0382,User898,36,998-98-1898,Artist,2024-12-01,2024-12-01 00:00:00
CUS_0x0383,User899,37,999-99-1899,"",2024-12-01,2024-12-01 00:00:00
CUS_0x0384,User900,38,100-10-1900,Engineer,2024-12-01,2024-12-01 00:00:00
CUS_0x0385,User901,39,101-11-1901,Teacher,2024-12-01,2024-12-01 00:00:00
CUS_0x0386,User902,40,102-12-1902,Doctor,2024-12-01,2024-12-01 00:00:00
CUS_0x0387,User903,41,103-13-1903,Clerk,2024-12-01,2024-12-01 00:00:00
CUS_0x0388,User904,42,104-14-1904,Artist,2024-12-01,2024-12-01 00:00:00
CUS_0x0389,User905,43,105-15-1905,"",2024-12-01,2024-12-01 00:00:00
CUS_0x038a,User906,44,106-16-1906,Engineer,2024-12-01,2024-12-01 00:00:00
CUS_0x038b,User907,45,107-17-1907,Teacher,2024-12-01,2024-12-01 00:00:00
CUS_0x038c,User908,46,108-18-1908,Doctor,2024-12-01,2024-12-01 00:00:00
CUS_0x038d,User909,47,109-19-1909,Clerk,2024-12-01,2024-12-01 00:00:00
CUS_0x038e,User910,48,110-20-1910,Artist,2024-12-01,2024-12-01 00:00:00
CUS_0x038f,User911,49,111-21-1911,"",2024-12-01,2024-12-01 00:00:00
CUS_0x0390,User912,50,112-22-1912,Engineer,2024-12-01,2024-12-01 00:00:00
CUS_0x0391,User913,51,113-23-1913,Teacher,2024-12-01,2024-12-01 00:00:00
CUS_0x0392,User914,52,114-24-1914,Doctor,2024-12-01,2024-12-01 00:00:00
CUS_0x0393,User915,53,115-25-1915,Clerk,2024-12-01,2024-12-01 00:00:00
CUS_0x0394,User916,54,116-26-1916,Artist,2024-12-01,2024-12-01 00:00:00
CUS_0x0395,User917,55,117-27-1917,"",2024-12-01,2024-12-01 00:00:00
CUS_0x0396,User918,56,118-28-1918,Engineer,2024-12-01,2024-12-01 00:00:00
CUS_0x0397,User919,57,119-29-1919,Teacher,2024-12-01,2024-12-01 00:00:00
CUS_0x0398,User920,58,120-30-1920,Doctor,2024-12-01,2024-12-01 00:00:00
CUS_0x0399,User921,59,121-31-1921,Clerk,2024-12-01,2024-12-01 00:00:00
CUS_0x039a,User922,60,122-32-1922,Artist,2024-12-01,2024-12-01 00:00:00
CUS_0x039b,User923,61,123-33-1923,"",2024-12-01,2024-12-01 00:00:00
CUS_0x039c,User924,62,124-34-1924,Engineer,2024-12-01,2024-12-01 00:00:00
CUS_0x039d,User925,63,125-35-1925,Teacher,2024-12-01,2024-12-01 00:00:00
CUS_0x039e,User926,64,126-36-1926,Doctor,2024-12-01,2024-12-01 00:00:00
CUS_0x039f,User927,65,127-37-1927,Clerk,2024-12-01,2024-12-01 00:00:00
CUS_0x03a0,User928,66,128-38-1928,Artist,2024-12-01,2024-12-01 00:00:00
CUS_0x03a1,User929,67,129-39-1929,"",2024-12-01,2024-12-01 00:00:00
CUS_0x03a2,User930,68,130-40-1930,Engineer,2024-12-01,2024-12-01 00:00:00
CUS_0x03a3,User931,69,131-41-1931,Teacher,2024-12-01,2024-12-01 00:00:00
CUS_0x03a4,User932,70,132-42-1932,Doctor,2024-12-01,2024-12-01 00:00:00
CUS_0x03a5,User933,71,133-43-1933,Clerk,2024-12-01,2024-12-01 00:00:00
CUS_0x03a6,User934,72,134-44-1934,Artist,2024-12-01,2024-12-01 00:00:00
CUS_0x03a7,User935,18,135-45-1935,"",2024-12-01,2024-12-01 00:00:00
CUS_0x03a8,User936,19,136-46-1936,Engineer,2024-12-01,2024-12-01 00:00:00
CUS_0x03a9,User937,20,137-47-1937,Teacher,2024-12-01,2024-12-01 00:00:00
CUS_0x03aa,User938,21,138-48-1938,Doctor,2024-12-01,2024-12-01 00:00:00
CUS_0x03ab,User939,22,139-49-1939,Clerk,2024-12-01,2024-12-01 00:00:00
CUS_0x03ac,User940,23,140-50-1940,Artist,2024-12-01,2024-12-01 00:00:00
CUS_0x03ad,User941,24,141-51-1941,"",2024-12-01,2024-12-01 00:00:00
CUS_0x03ae,User942,25,142-52-1942,Engineer,2024-12-01,2024-12-01 00:00:00
CUS_0x03af,User943,26,143-53-1943,Teacher,2024-12-01,2024-12-01 00:00:00
CUS_0x03b0,User944,27,144-54-1944,Doctor,2024-12-01,2024-12-01 00:00:00
CUS_0x03b1,User945,28,145-55-1945,Clerk,2024-12-01,2024-12-01 00:00:00
CUS_0x03b2,User946,29,146-56-1946,Artist,2024-12-01,2024-12-01 00:00:00
CUS_0x03b3,User947,30,147-57-1947,"",2024-12-01,2024-12-01 00:00:00
CUS_0x03b4,User948,31,148-58-1948,Engineer,2024-12-01,2024-12-01 00:00:00
CUS_0x03b5,User949,32,149-59-1949,Teacher,2024-12-01,2024-12-01 00:00:00
CUS_0x03b6,User950,33,150-60-1950,Doctor,2024-12-01,2024-12-01 00:00:00
CUS_0x03b7,User951,34,151-61-1951,Clerk,2024-12-01,2024-12-01 00:00:00
CUS_0x03b8,User952,35,152-62-1952,Artist,2024-12-01,2024-12-01 00:00:00
CUS_0x03b9,User953,36,153-63-1953,"",2024-12-01,2024-12-01 00:00:00
CUS_0x03ba,User954,37,154-64-1954,Engineer,2024-12-01,2024-12-01 00:00:00
CUS_0x03bb,User955,38,155-65-1955,Teacher,2024-12-01,2024-12-01 00:00:00
CUS_0x03bc,User956,39,156-66-1956,Doctor,2024-12-01,2024-12-01 00:00:00
CUS_0x03bd,User957,40,157-67-1957,Clerk,2024-12-01,2024-12-01 00:00:00
CUS_0x03be,User958,41,158-68-1958,Artist,2024-12-01,2024-12-01 00:00:00
CUS_0x03bf,User959,42,159-69-1959,"",2024-12-01,2024-12-01 00:00:00
CUS_0x03c0,User960,43,160-70-1960,Engineer,2024-12-01,2024-12-01 00:00:00
CUS_0x03c1,User961,44,161-71-1961,Teacher,2024-12-01,2024-12-01 00:00:00
CUS_0x03c2,User962,45,162-72-1962,Doctor,2024-12-01,2024-12-01 00:00:00
CUS_0x03c3,User963,46,163-73-1963,Clerk,2024-12-01,2024-12-01 00:00:00
CUS_0x03c4,User964,47,164-74-1964,Artist,2024-12-01,2024-12-01 00:00:00
CUS_0x03c5,User965,48,165-75-1965,"",2024-12-01,2024-12-01 00:00:00
CUS_0x03c6,User966,49,166-76-1966,Engineer,2024-12-01,2024-12-01 00:00:00
CUS_0x03c7,User967,50,167-77-1967,Teacher,2024-12-01,2024-12-01 00:00:00
CUS_0x03c8,User968,51,168-78-1968,Doctor,2024-12-01,2024-12-01 00:00:00
CUS_0x03c9,User969,52,169-79-1969,Clerk,2024-12-01,2024-12-01 00:00:00
CUS_0x03ca,User970,53,170-80-1970,Artist,2024-12-01,2024-12-01 00:00:00
CUS_0x03cb,User971,54,171-81-1971,"",2024-12-01,2024-12-01 00:00:00
CUS_0x03cc,User972,55,172-82-1972,Engineer,2024-12-01,2024-12-01 00:00:00
CUS_0x03cd,User973,56,173-83-1973,Teacher,2024-12-01,2024-12-01 00:00:00
CUS_0x03ce,User974,57,174-84-1974,Doctor,2024-12-01,2024-12-01 00:00:00
CUS_0x03cf,User975,58,175-85-1975,Clerk,2024-12-01,2024-12-01 00:00:00
CUS_0x03d0,User976,59,176-86-1976,Artist,2024-12-01,2024-12-01 00:00:00
CUS_0x03d1,User977,60,177-87-1977,"",2024-12-01,2024-12-01 00:00:00
CUS_0x03d2,User978,61,178-88-1978,Engineer,2024-12-01,2024-12-01 00:00:00
CUS_0x03d3,User979,62,179-89-1979,Teacher,2024-12-01,2024-12-01 00:00:00
CUS_0x03d4,User980,63,180-90-1980,Doctor,2024-12-01,2024-12-01 00:00:00
CUS_0x03d5,User981,64,181-91-1981,Clerk,2024-12-01,2024-12-01 00:00:00
CUS_0x03d6,User982,65,182-92-1982,Artist,2024-12-01,2024-12-01 00:00:00
CUS_0x03d7,User983,66,183-93-1983,"",2024-12-01,2024-12-01 00:00:00
CUS_0x03d8,User984,67,184-94-1984,Engineer,2024-12-01,2024-12-01 00:00:00
CUS_0x03d9,User985,68,185-95-1985,Teacher,2024-12-01,2024-12-01 00:00:00
CUS_0x03da,User986,69,186-96-1986,Doctor,2024-12-01,2024-12-01 00:00:00
CUS_0x03db,User987,70,187-97-1987,Clerk,2024-12-01,2024-12-01 00:00:00
CUS_0x03dc,User988,71,188-98-1988,Artist,2024-12-01,2024-12-01 00:00:00
CUS_0x03dd,User989,72,189-99-1989,"",2024-12-01,2024-12-01 00:00:00
CUS_0x03de,User990,18,190-10-1990,Engineer,2024-12-01,2024-12-01 00:00:00
CUS_0x03df,User991,19,191-11-1991,Teacher,2024-12-01,2024-12-01 00:00:00
CUS_0x03e0,User992,20,192-12-1992,Doctor,2024-12-01,2024-12-01 00:00:00
CUS_0x03e1,User993,21,193-13-1993,Clerk,2024-12-01,2024-12-01 00:00:00
CUS_0x03e2,User994,22,194-14-1994,Artist,2024-12-01,2024-12-01 00:00:00
CUS_0x03e3,User995,23,195-15-1995,"",2024-12-01,2024-12-01 00:00:00
CUS_0x03e4,User996,24,196-16-1996,Engineer,2024-12-01,2024-12-01 00:00:00
CUS_0x03e5,User997,25,197-17-1997,Teacher,2024-12-01,2024-12-01 00:00:00
CUS_0x03e6,User998,26,198-18-1998,Doctor,2024-12-01,2024-12-01 00:00:00
CUS_0x03e7,User999,27,199-19-1999,Clerk,2024-12-01,2024-12-01 00:00:00
CUS_0x03e8,User1000,28,200-20-2000,Artist,2024-12-01,2024-12-01 00:00:00
CUS_0x03e9,User1001,29,201-21-2001,"",2024-12-01,2024-12-01 00:00:00
CUS_0x03ea,User1002,30,202-22-2002,Engineer,2024-12-01,2024-12-01 00:00:00
CUS_0x03eb,User1003,31,203-23-2003,Teacher,2024-12-01,2024-12-01 00:00:00
CUS_0x03ec,User1004,32,204-24-2004,Doctor,2024-12-01,2024-12-01 00:00:00
CUS_0x03ed,User1005,33,205-25-2005,Clerk,2024-12-01,2024-12-01 00:00:00
CUS_0x03ee,User1006,34,206-26-2006,Artist,2024-12-01,2024-12-01 00:00:00
CUS_0x03ef,User1007,35,207-27-2007,"",2024-12-01,2024-12-01 00:00:00
CUS_0x03f0,User1008,36,208-28-2008,Engineer,2024-12-01,2024-12-01 00:00:00
CUS_0x03f1,User1009,37,209-29-2009,Teacher,2024-12-01,2024-12-01 00:00:00
CUS_0x03f2,User1010,38,210-30-2010,Doctor,2024-12-01,2024-12-01 00:00:00
CUS_0x03f3,User1011,39,211-31-2011,Clerk,2024-12-01,2024-12-01 00:00:00
CUS_0x03f4,User1012,40,212-32-2012,Artist,2024-12-01,2024-12-01 00:00:00
CUS_0x03f5,User1013,41,213-33-2013,"",2024-12-01,2024-12-01 00:00:00
CUS_0x03f6,User1014,42,214-34-2014,Engineer,2024-12-01,2024-12-01 00:00:00
CUS_0x03f7,User1015,43,215-35-2015,Teacher,2024-12-01,2024-12-01 00:00:00
CUS_0x03f8,User1016,44,216-36-2016,Doctor,2024-12-01,2024-12-01 00:00:00
CUS_0x03f9,User1017,45,217-37-2017,Clerk,2024-12-01,2024-12-01 00:00:00
CUS_0x03fa,User1018,46,218-38-2018,Artist,2024-12-01,2024-12-01 00:00:00
CUS_0x03fb,User1019,47,219-39-2019,"",2024-12-01,2024-12-01 00:00:00
CUS_0x03fc,User1020,48,220-40-2020,Engineer,2024-12-01,2024-12-01 00:00:00
CUS_0x03fd,User1021,49,221-41-2021,Teacher,2024-12-01,2024-12-01 00:00:00
CUS_0x03fe,User1022,50,222-42-2022,Doctor,2024-12-01,2024-12-01 00:00:00
CUS_0x03ff,User1023,51,223-43-2023,Clerk,2024-12-01,2024-12-01 00:00:00
CUS_0x0400,User1024,52,224-44-2024,Artist,2024-12-01,2024-12-01 00:00:00
CUS_0x0401,User1025,53,225-45-2025,"",2024-12-01,2024-12-01 00:00:00
CUS_0x0402,User1026,54,226-46-2026,Engineer,2024-12-01,2024-12-01 00:00:00
CUS_0x0403,User1027,55,227-47-2027,Teacher,2024-12-01,2024-12-01 00:00:00
CUS_0x0404,User1028,56,228-48-2028,Doctor,2024-12-01,2024-12-01 00:00:00
CUS_0x0405,User1029,57,229-49-2029,Clerk,2024-12-01,2024-12-01 00:00:00
CUS_0x0406,User1030,58,230-50-2030,Artist,2024-12-01,2024-12-01 00:00:00
CUS_0x0407,User1031,59,231-51-2031,"",2024-12-01,2024-12-01 00:00:00
CUS_0x0408,User1032,60,232-52-2032,Engineer,2024-12-01,2024-12-01 00:00:00
CUS_0x0409,User1033,61,233-53-2033,Teacher,2024-12-01,2024-12-01 00:00:00
CUS_0x040a,User1034,62,234-54-2034,Doctor,2024-12-01,2024-12-01 00:00:00
CUS_0x040b,User1035,63,235-55-2035,Clerk,2024-12-01,2024-12-01 00:00:00
CUS_0x040c,User1036,64,236-56-2036,Artist,2024-12-01,2024-12-01 00:00:00
CUS_0x040d,User1037,65,237-57-2037,"",2024-12-01,2024-12-01 00:00:00
CUS_0x040e,User1038,66,238-58-2038,Engineer,2024-12-01,2024-12-01 00:00:00
CUS_0x040f,User1039,67,239-59-2039,Teacher,2024-12-01,2024-12-01 00:00:00
CUS_0x0410,User1040,68,240-60-2040,Doctor,2024-12-01,2024-12-01 00:00:00
CUS_0x0411,User1041,69,241-61-2041,Clerk,2024-12-01,2024-12-01 00:00:00
CUS_0x0412,User1042,70,242-62-2042,Artist,2024-12-01,2024-12-01 00:00:00
CUS_0x0413,User1043,71,243-63-2043,"",2024-12-01,2024-12-01 00:00:00
CUS_0x0414,User1044,72,244-64-2044,Engineer,2024-12-01,2024-12-01 00:00:00
CUS_0x0415,User1045,18,245-65-2045,Teacher,2024-12-01,2024-12-01 00:00:00
CUS_0x0416,User1046,19,246-66-2046,Doctor,2024-12-01,2024-12-01 00:00:00
CUS_0x0417,User1047,20,247-67-2047,Clerk,2024-12-01,2024-12-01 00:00:00
CUS_0x0418,User1048,21,248-68-2048,Artist,2024-12-01,2024-12-01 00:00:00
CUS_0x0419,User1049,22,249-69-2049,"",2024-12-01,2024-12-01 00:00:00
CUS_0x041a,User1050,23,250-70-2050,Engineer,2024-12-01,2024-12-01 00:00:00
CUS_0x041b,User1051,24,251-71-2051,Teacher,2024-12-01,2024-12-01 00:00:00
CUS_0x041c,User1052,25,252-72-2052,Doctor,2024-12-01,2024-12-01 00:00:00
CUS_0x041d,User1053,26,253-73-2053,Clerk,2024-12-01,2024-12-01 00:00:00
CUS_0x041e,User1054,27,254-74-2054,Artist,2024-12-01,2024-12-01 00:00:00
CUS_0x041f,User1055,28,255-75-2055,"",2024-12-01,2024-12-01 00:00:00
CUS_0x0420,User1056,29,256-76-2056,Engineer,2024-12-01,2024-12-01 00:00:00
CUS_0x0421,User1057,30,257-77-2057,Teacher,2024-12-01,2024-12-01 00:00:00
CUS_0x0422,User1058,31,258-78-2058,Doctor,2024-12-01,2024-12-01 00:00:00
CUS_0x0423,User1059,32,259-79-2059,Clerk,2024-12-01,2024-12-01 00:00:00
CUS_0x0424,User1060,33,260-80-2060,Artist,2024-12-01,2024-12-01 00:00:00
CUS_0x0425,User1061,34,261-81-2061,"",2024-12-01,2024-12-01 00:00:00
CUS_0x0426,User1062,35,262-82-2062,Engineer,2024-12-01,2024-12-01 00:00:00
CUS_0x0427,User1063,36,263-83-2063,Teacher,2024-12-01,2024-12-01 00:00:00
CUS_0x0428,User1064,37,264-84-2064,Doctor,2024-12-01,2024-12-01 00:00:00
CUS_0x0429,User1065,38,265-85-2065,Clerk,2024-12-01,2024-12-01 00:00:00
CUS_0x042a,User1066,39,266-86-2066,Artist,2024-12-01,2024-12-01 00:00:00
CUS_0x042b,User1067,40,267-87-2067,"",2024-12-01,2024-12-01 00:00:00
CUS_0x042c,User1068,41,268-88-2068,Engineer,2024-12-01,2024-12-01 00:00:00
CUS_0x042d,User1069,42,269-89-2069,Teacher,2024-12-01,2024-12-01 00:00:00
CUS_0x042e,User1070,43,270-90-2070,Doctor,2024-12-01,2024-12-01 00:00:00
CUS_0x042f,User1071,44,271-91-2071,Clerk,2024-12-01,2024-12-01 00:00:00
CUS_0x0430,User1072,45,272-92-2072,Artist,2024-12-01,2024-12-01 00:00:00
CUS_0x0431,User1073,46,273-93-2073,"",2024-12-01,2024-12-01 00:00:00
CUS_0x0432,User1074,47,274-94-2074,Engineer,2024-12-01,2024-12-01 00:00:00
CUS_0x0433,User1075,48,275-95-2075,Teacher,2024-12-01,2024-12-01 00:00:00
CUS_0x0434,User1076,49,276-96-2076,Doctor,2024-12-01,2024-12-01 00:00:00
CUS_0x0435,User1077,50,277-97-2077,Clerk,2024-12-01,2024-12-01 00:00:00
CUS_0x0436,User1078,51,278-98-2078,Artist,2024-12-01,2024-12-01 00:00:00
CUS_0x0437,User1079,52,279-99-2079,"",2024-12-01,2024-12-01 00:00:00
CUS_0x0438,User1080,53,280-10-2080,Engineer,2024-12-01,2024-12-01 00:00:00
CUS_0x0439,User1081,54,281-11-2081,Teacher,2024-12-01,2024-12-01 00:00:00
CUS_0x043a,User1082,55,282-12-2082,Doctor,2024-12-01,2024-12-01 00:00:00
CUS_0x043b,User1083,56,283-13-2083,Clerk,2024-12-01,2024-12-01 00:00:00
CUS_0x043c,User1084,57,284-14-2084,Artist,2024-12-01,2024-12-01 00:00:00
CUS_0x043d,User1085,58,285-15-2085,"",2024-12-01,2024-12-01 00:00:00
CUS_0x043e,User1086,59,286-16-2086,Engineer,2024-12-01,2024-12-01 00:00:00
CUS_0x043f,User1087,60,287-17-2087,Teacher,2024-12-01,2024-12-01 00:00:00
CUS_0x0440,User1088,61,288-18-2088,Doctor,2024-12-01,2024-12-01 00:00:00
CUS_0x0441,User1089,62,289-19-2089,Clerk,2024-12-01,2024-12-01 00:00:00
CUS_0x0442,User1090,63,290-20-2090,Artist,2024-12-01,2024-12-01 00:00:00
CUS_0x0443,User1091,64,291-21-2091,"",2024-12-01,2024-12-01 00:00:00
CUS_0x0444,User1092,65,292-22-2092,Engineer,2024-12-01,2024-12-01 00:00:00
CUS_0x0445,User1093,66,293-23-2093,Teacher,2024-12-01,2024-12-01 00:00:00
CUS_0x0446,User1094,67,294-24-2094,Doctor,2024-12-01,2024-12-01 00:00:00
CUS_0x0447,User1095,68,295-25-2095,Clerk,2024-12-01,2024-12-01 00:00:00
CUS_0x0448,User1096,69,296-26-2096,Artist,2024-12-01,2024-12-01 00:00:00
CUS_0x0449,User1097,70,297-27-2097,"",2024-12-01,2024-12-01 00:00:00
CUS_0x044a,User1098,71,298-28-2098,Engineer,2024-12-01,2024-12-01 00:00:00
CUS_0x044b,User1099,72,299-29-2099,Teacher,2024-12-01,2024-12-01 00:00:00
CUS_0x044c,User1100,18,300-30-2100,Doctor,2024-12-01,2024-12-01 00:00:00
CUS_0x044d,User1101,19,301-31-2101,Clerk,2024-12-01,2024-12-01 00:00:00
CUS_0x044e,User1102,20,302-32-2102,Artist,2024-12-01,2024-12-01 00:00:00
CUS_0x044f,User1103,21,303-33-2103,"",2024-12-01,2024-12-01 00:00:00
CUS_0x0450,User1104,22,304-34-2104,Engineer,2024-12-01,2024-12-01 00:00:00
CUS_0x0451,User1105,23,305-35-2105,Teacher,2024-12-01,2024-12-01 00:00:00
CUS_0x0452,User1106,24,306-36-2106,Doctor,2024-12-01,2024-12-01 00:00:00
CUS_0x0453,User1107,25,307-37-2107,Clerk,2024-12-01,2024-12-01 00:00:00
CUS_0x0454,User1108,26,308-38-2108,Artist,2024-12-01,2024-12-01 00:00:00
CUS_0x0455,User1109,27,309-39-2109,"",2024-12-01,2024-12-01 00:00:00
CUS_0x0456,User1110,28,310-40-2110,Engineer,2024-12-01,2024-12-01 00:00:00
CUS_0x0457,User1111,29,311-41-2111,Teacher,2024-12-01,2024-12-01 00:00:00
CUS_0x0458,User1112,30,312-42-2112,Doctor,2024-12-01,2024-12-01 00:00:00
CUS_0x0459,User1113,31,313-43-2113,Clerk,2024-12-01,2024-12-01 00:00:00
CUS_0x045a,User1114,32,314-44-2114,Artist,2024-12-01,2024-12-01 00:00:00
CUS_0x045b,User1115,33,315-45-2115,"",2024-12-01,2024-12-01 00:00:00
CUS_0x045c,User1116,34,316-46-2116,Engineer,2024-12-01,2024-12-01 00:00:00
CUS_0x045d,User1117,35,317-47-2117,Teacher,2024-12-01,2024-12-01 00:00:00
CUS_0x045e,User1118,36,318-48-2118,Doctor,2024-12-01,2024-12-01 00:00:00
CUS_0x045f,User1119,37,319-49-2119,Clerk,2024-12-01,2024-12-01 00:00:00
CUS_0x0460,User1120,38,320-50-2120,Artist,2024-12-01,2024-12-01 00:00:00
CUS_0x0461,User1121,39,321-51-2121,"",2024-12-01,2024-12-01 00:00:00
CUS_0x0462,User1122,40,322-52-2122,Engineer,2024-12-01,2024-12-01 00:00:00
CUS_0x0463,User1123,41,323-53-2123,Teacher,2024-12-01,2024-12-01 00:00:00
CUS_0x0464,User1124,42,324-54-2124,Doctor,2024-12-01,2024-12-01 00:00:00
CUS_0x0465,User1125,43,325-55-2125,Clerk,2024-12-01,2024-12-01 00:00:00
CUS_0x0466,User1126,44,326-56-2126,Artist,2024-12-01,2024-12-01 00:00:00
CUS_0x0467,User1127,45,327-57-2127,"",2024-12-01,2024-12-01 00:00:00
CUS_0x0468,User1128,46,328-58-2128,Engineer,2024-12-01,2024-12-01 00:00:00
CUS_0x0469,User1129,47,329-59-2129,Teacher,2024-12-01,2024-12-01 00:00:00
CUS_0x046a,User1130,48,330-60-2130,Doctor,2024-12-01,2024-12-01 00:00:00
CUS_0x046b,User1131,49,331-61-2131,Clerk,2024-12-01,2024-12-01 00:00:00
CUS_0x046c,User1132,50,332-62-2132,Artist,2024-12-01,2024-12-01 00:00:00
CUS_0x046d,User1133,51,333-63-2133,"",2024-12-01,2024-12-01 00:00:00
CUS_0x046e,User1134,52,334-64-2134,Engineer,2024-12-01,2024-12-01 00:00:00
CUS_0x046f,User1135,53,335-65-2135,Teacher,2024-12-01,2024-12-01 00:00:00
CUS_0x0470,User1136,54,336-66-2136,Doctor,2024-12-01,2024-12-01 00:00:00
CUS_0x0471,User1137,55,337-67-2137,Clerk,2024-12-01,2024-12-01 00:00:00
CUS_0x0472,User1138,56,338-68-2138,Artist,2024-12-01,2024-12-01 00:00:00
CUS_0x0473,User1139,57,339-69-2139,"",2024-12-01,2024-12-01 00:00:00
CUS_0x0474,User1140,58,340-70-2140,Engineer,2024-12-01,2024-12-01 00:00:00
CUS_0x0475,User1141,59,341-71-2141,Teacher,2024-12-01,2024-12-01 00:00:00
CUS_0x0476,User1142,60,342-72-2142,Doctor,2024-12-01,2024-12-01 00:00:00
CUS_0x0477,User1143,61,343-73-2143,Clerk,2024-12-01,2024-12-01 00:00:00
CUS_0x0478,User1144,62,344-74-2144,Artist,2024-12-01,2024-12-01 00:00:00
CUS_0x0479,User1145,63,345-75-2145,"",2024-12-01,2024-12-01 00:00:00
CUS_0x047a,User1146,64,346-76-2146,Engineer,2024-12-01,2024-12-01 00:00:00
CUS_0x047b,User1147,65,347-77-2147,Teacher,2024-12-01,2024-12-01 00:00:00
CUS_0x047c,User1148,66,348-78-2148,Doctor,2024-12-01,2024-12-01 00:00:00
CUS_0x047d,User1149,67,349-79-2149,Clerk,2024-12-01,2024-12-01 00:00:00
CUS_0x047e,User1150,68,350-80-2150,Artist,2024-12-01,2024-12-01 00:00:00
CUS_0x047f,User1151,69,351-81-2151,"",2024-12-01,2024-12-01 00:00:00
CUS_0x0480,User1152,70,352-82-2152,Engineer,2024-12-01,2024-12-01 00:00:00
CUS_0x0481,User1153,71,353-83-2153,Teacher,2024-12-01,2024-12-01 00:00:00
CUS_0x0482,User1154,72,354-84-2154,Doctor,2024-12-01,2024-12-01 00:00:00
CUS_0x0483,User1155,18,355-85-2155,Clerk,2024-12-01,2024-12-01 00:00:00
CUS_0x0484,User1156,19,356-86-2156,Artist,2024-12-01,2024-12-01 00:00:00
CUS_0x0485,User1157,20,357-87-2157,"",2024-12-01,2024-12-01 00:00:00
CUS_0x0486,User1158,21,358-88-2158,Engineer,2024-12-01,2024-12-01 00:00:00
CUS_0x0487,User1159,22,359-89-2159,Teacher,2024-12-01,2024-12-01 00:00:00
CUS_0x0488,User1160,23,360-90-2160,Doctor,2024-12-01,2024-12-01 00:00:00
CUS_0x0489,User1161,24,361-91-2161,Clerk,2024-12-01,2024-12-01 00:00:00
CUS_0x048a,User1162,25,362-92-2162,Artist,2024-12-01,2024-12-01 00:00:00
CUS_0x048b,User1163,26,363-93-2163,"",2024-12-01,2024-12-01 00:00:00
CUS_0x048c,User1164,27,364-94-2164,Engineer,2024-12-01,2024-12-01 00:00:00
CUS_0x048d,User1165,28,365-95-2165,Teacher,2024-12-01,2024-12-01 00:00:00
CUS_0x048e,User1166,29,366-96-2166,Doctor,2024-12-01,2024-12-01 00:00:00
CUS_0x048f,User1167,30,367-97-2167,Clerk,2024-12-01,2024-12-01 00:00:00
CUS_0x0490,User1168,31,368-98-2168,Artist,2024-12-01,2024-12-01 00:00:00
CUS_0x0491,User1169,32,369-99-2169,"",2024-12-01,2024-12-01 00:00:00
CUS_0x0492,User1170,33,370-10-2170,Engineer,2024-12-01,2024-12-01 00:00:00
CUS_0x0493,User1171,34,371-11-2171,Teacher,2024-12-01,2024-12-01 00:00:00
CUS_0x0494,User1172,35,372-12-2172,Doctor,2024-12-01,2024-12-01 00:00:00
CUS_0x0495,User1173,36,373-13-2173,Clerk,2024-12-01,2024-12-01 00:00:00
CUS_0x0496,User1174,37,374-14-2174,Artist,2024-12-01,2024-12-01 00:00:00
CUS_0x0497,User1175,38,375-15-2175,"",2024-12-01,2024-12-01 00:00:00
CUS_0x0498,User1176,39,376-16-2176,Engineer,2024-12-01,2024-12-01 00:00:00
CUS_0x0499,User1177,40,377-17-2177,Teacher,2024-12-01,2024-12-01 00:00:00
CUS_0x049a,User1178,41,378-18-2178,Doctor,2024-12-01,2024-12-01 00:00:00
CUS_0x049b,User1179,42,379-19-2179,Clerk,2024-12-01,2024-12-01 00:00:00
CUS_0x049c,User1180,43,380-20-2180,Artist,2024-12-01,2024-12-01 00:00:00
CUS_0x049d,User1181,44,381-21-2181,"",2024-12-01,2024-12-01 00:00:00
CUS_0x049e,User1182,45,382-22-2182,Engineer,2024-12-01,2024-12-01 00:00:00
CUS_0x049f,User1183,46,383-23-2183,Teacher,2024-12-01,2024-12-01 00:00:00
CUS_0x04a0,User1184,47,384-24-2184,Doctor,2024-12-01,2024-12-01 00:00:00
CUS_0x04a1,User1185,48,385-25-2185,Clerk,2024-12-01,2024-12-01 00:00:00
CUS_0x04a2,User1186,49,386-26-2186,Artist,2024-12-01,2024-12-01 00:00:00
CUS_0x04a3,User1187,50,387-27-2187,"",2024-12-01,2024-12-01 00:00:00
CUS_0x04a4,User1188,51,388-28-2188,Engineer,2024-12-01,2024-12-01 00:00:00
CUS_0x04a5,User1189,52,389-29-2189,Teacher,2024-12-01,2024-12-01 00:00:00
CUS_0x04a6,User1190,53,390-30-2190,Doctor,2024-12-01,2024-12-01 00:00:00
CUS_0x04a7,User1191,54,391-31-2191,Clerk,2024-12-01,2024-12-01 00:00:00
CUS_0x04a8,User1192,55,392-32-2192,Artist,2024-12-01,2024-12-01 00:00:00
CUS_0x04a9,User1193,56,393-33-2193,"",2024-12-01,2024-12-01 00:00:00
CUS_0x04aa,User1194,57,394-34-2194,Engineer,2024-12-01,2024-12-01 00:00:00
CUS_0x04ab,User1195,58,395-35-2195,Teacher,2024-12-01,2024-12-01 00:00:00
CUS_0x04ac,User1196,59,396-36-2196,Doctor,2024-12-01,2024-12-01 00:00:00
CUS_0x04ad,User1197,60,397-37-2197,Clerk,2024-12-01,2024-12-01 00:00:00
CUS_0x04ae,User1198,61,398-38-2198,Artist,2024-12-01,2024-12-01 00:00:00
CUS_0x04af,User1199,62,399-39-2199,"",2024-12-01,2024-12-01 00:00:00
CUS_0x04b0,User1200,63,400-40-2200,Engineer,2024-12-01,2024-12-01 00:00:00
CUS_0x04b1,User1201,64,401-41-2201,Teacher,2024-12-01,2024-12-01 00:00:00
CUS_0x04b2,User1202,65,402-42-2202,Doctor,2024-12-01,2024-12-01 00:00:00
CUS_0x04b3,User1203,66,403-43-2203,Clerk,2024-12-01,2024-12-01 00:00:00
CUS_0x04b4,User1204,67,404-44-2204,Artist,2024-12-01,2024-12-01 00:00:00
CUS_0x04b5,User1205,68,405-45-2205,"",2024-12-01,2024-12-01 00:00:00
CUS_0x04b6,User1206,69,406-46-2206,Engineer,2024-12-01,2024-12-01 00:00:00
CUS_0x04b7,User1207,70,407-47-2207,Teacher,2024-12-01,2024-12-01 00:00:00
CUS_0x04b8,User1208,71,408-48-2208,Doctor,2024-12-01,2024-12-01 00:00:00
CUS_0x04b9,User1209,72,409-49-2209,Clerk,2024-12-01,2024-12-01 00:00:00
CUS_0x04ba,User1210,18,410-50-2210,Artist,2024-12-01,2024-12-01 00:00:00
CUS_0x04bb,User1211,19,411-51-2211,"",2024-12-01,2024-12-01 00:00:00
CUS_0x04bc,User1212,20,412-52-2212,Engineer,2024-12-01,2024-12-01 00:00:00
CUS_0x04bd,User1213,21,413-53-2213,Teacher,2024-12-01,2024-12-01 00:00:00
CUS_0x04be,User1214,22,414-54-2214,Doctor,2024-12-01,2024-12-01 00:00:00
CUS_0x04bf,User1215,23,415-55-2215,Clerk,2024-12-01,2024-12-01 00:00:00
CUS_0x04c0,User1216,24,416-56-2216,Artist,2024-12-01,2024-12-01 00:00:00
CUS_0x04c1,User1217,25,417-57-2217,"",2024-12-01,2024-12-01 00:00:00
CUS_0x04c2,User1218,26,418-58-2218,Engineer,2024-12-01,2024-12-01 00:00:00
CUS_0x04c3,User1219,27,419-59-2219,Teacher,2024-12-01,2024-12-01 00:00:00
CUS_0x04c4,User1220,28,420-60-2220,Doctor,2024-12-01,2024-12-01 00:00:00
CUS_0x04c5,User1221,29,421-61-2221,Clerk,2024-12-01,2024-12-01 00:00:00
CUS_0x04c6,User1222,30,422-62-2222,Artist,2024-12-01,2024-12-01 00:00:00
CUS_0x04c7,User1223,31,423-63-2223,"",2024-12-01,2024-12-01 00:00:00
CUS_0x04c8,User1224,32,424-64-2224,Engineer,2024-12-01,2024-12-01 00:00:00
CUS_0x04c9,User1225,33,425-65-2225,Teacher,2024-12-01,2024-12-01 00:00:00
CUS_0x04ca,User1226,34,426-66-2226,Doctor,2024-12-01,2024-12-01 00:00:00
CUS_0x04cb,User1227,35,427-67-2227,Clerk,2024-12-01,2024-12-01 00:00:00
CUS_0x04cc,User1228,36,428-68-2228,Artist,2024-12-01,2024-12-01 00:00:00
CUS_0x04cd,User1229,37,429-69-2229,"",2024-12-01,2024-12-01 00:00:00
CUS_0x04ce,User1230,38,430-70-2230,Engineer,2024-12-01,2024-12-01 00:00:00
CUS_0x04cf,User1231,39,431-71-2231,Teacher,2024-12-01,2024-12-01 00:00:00
CUS_0x04d0,User1232,40,432-72-2232,Doctor,2024-12-01,2024-12-01 00:00:00
CUS_0x04d1,User1233,41,433-73-2233,Clerk,2024-12-01,2024-12-01 00:00:00
CUS_0x04d2,User1234,42,434-74-2234,Artist,2024-12-01,2024-12-01 00:00:00
CUS_0x04d3,User1235,43,435-75-2235,"",2024-12-01,2024-12-01 00:00:00
CUS_0x04d4,User1236,44,436-76-2236,Engineer,2024-12-01,2024-12-01 00:00:00
CUS_0x04d5,User1237,45,437-77-2237,Teacher,2024-12-01,2024-12-01 00:00:00
CUS_0x04d6,User1238,46,438-78-2238,Doctor,2024-12-01,2024-12-01 00:00:00
CUS_0x04d7,User1239,47,439-79-2239,Clerk,2024-12-01,2024-12-01 00:00:00
CUS_0x04d8,User1240,48,440-80-2240,Artist,2024-12-01,2024-12-01 00:00:00
CUS_0x04d9,User1241,49,441-81-2241,"",2024-12-01,2024-12-01 00:00:00
CUS_0x04da,User1242,50,442-82-2242,Engineer,2024-12-01,2024-12-01 00:00:00
CUS_0x04db,User1243,51,443-83-2243,Teacher,2024-12-01,2024-12-01 00:00:00
CUS_0x04dc,User1244,52,444-84-2244,Doctor,2024-12-01,2024-12-01 00:00:00
CUS_0x04dd,User1245,53,445-85-2245,Clerk,2024-12-01,2024-12-01 00:00:00
CUS_0x04de,User1246,54,446-86-2246,Artist,2024-12-01,2024-12-01 00:00:00
CUS_0x04df,User1247,55,447-87-2247,"",2024-12-01,2024-12-01 00:00:00
CUS_0x04e0,User1248,56,448-88-2248,Engineer,2024-12-01,2024-12-01 00:00:00
CUS_0x04e1,User1249,57,449-89-2249,Teacher,2024-12-01,2024-12-01 00:00:00
CUS_0x04e2,User1250,58,450-90-2250,Doctor,2024-12-01,2024-12-01 00:00:00
CUS_0x04e3,User1251,59,451-91-2251,Clerk,2024-12-01,2024-12-01 00:00:00
CUS_0x04e4,User1252,60,452-92-2252,Artist,2024-12-01,2024-12-01 00:00:00
CUS_0x04e5,User1253,61,453-93-2253,"",2024-12-01,2024-12-01 00:00:00
CUS_0x04e6,User1254,62,454-94-2254,Engineer,2024-12-01,2024-12-01 00:00:00
CUS_0x04e7,User1255,63,455-95-2255,Teacher,2024-12-01,2024-12-01 00:00:00
CUS_0x04e8,User1256,64,456-96-2256,Doctor,2024-12-01,2024-12-01 00:00:00
CUS_0x04e9,User1257,65,457-97-2257,Clerk,2024-12-01,2024-12-01 00:00:00
CUS_0x04ea,User1258,66,458-98-2258,Artist,2024-12-01,2024-12-01 00:00:00
CUS_0x04eb,User1259,67,459-99-2259,"",2024-12-01,2024-12-01 00:00:00
CUS_0x04ec,User1260,68,460-10-2260,Engineer,2024-12-01,2024-12-01 00:00:00
CUS_0x04ed,User1261,69,461-11-2261,Teacher,2024-12-01,2024-12-01 00:00:00
CUS_0x04ee,User1262,70,462-12-2262,Doctor,2024-12-01,2024-12-01 00:00:00
CUS_0x04ef,User1263,71,463-13-2263,Clerk,2024-12-01,2024-12-01 00:00:00
CUS_0x04f0,User1264,72,464-14-2264,Artist,2024-12-01,2024-12-01 00:00:00
CUS_0x04f1,User1265,18,465-15-2265,"",2024-12-01,2024-12-01 00:00:00
CUS_0x04f2,User1266,19,466-16-2266,Engineer,2024-12-01,2024-12-01 00:00:00
CUS_0x04f3,User1267,20,467-17-2267,Teacher,2024-12-01,2024-12-01 00:00:00
CUS_0x04f4,User1268,21,468-18-2268,Doctor,2024-12-01,2024-12-01 00:00:00
CUS_0x04f5,User1269,22,469-19-2269,Clerk,2024-12-01,2024-12-01 00:00:00
CUS_0x04f6,User1270,23,470-20-2270,Artist,2024-12-01,2024-12-01 00:00:00
CUS_0x04f7,User1271,24,471-21-2271,"",2024-12-01,2024-12-01 00:00:00
CUS_0x04f8,User1272,25,472-22-2272,Engineer,2024-12-01,2024-12-01 00:00:00
CUS_0x04f9,User1273,26,473-23-2273,Teacher,2024-12-01,2024-12-01 00:00:00
CUS_0x04fa,User1274,27,474-24-2274,Doctor,2024-12-01,2024-12-01 00:00:00
CUS_0x04fb,User1275,28,475-25-2275,Clerk,2024-12-01,2024-12-01 00:00:00
CUS_0x04fc,User1276,29,476-26-2276,Artist,2024-12-01,2024-12-01 00:00:00
CUS_0x04fd,User1277,30,477-27-2277,"",2024-12-01,2024-12-01 00:00:00
CUS_0x04fe,User1278,31,478-28-2278,Engineer,2024-12-01,2024-12-01 00:00:00
CUS_0x04ff,User1279,32,479-29-2279,Teacher,2024-12-01,2024-12-01 00:00:00
CUS_0x0500,User1280,33,480-30-2280,Doctor,2024-12-01,2024-12-01 00:00:00
CUS_0x0501,User1281,34,481-31-2281,Clerk,2024-12-01,2024-12-01 00:00:00
CUS_0x0502,User1282,35,482-32-2282,Artist,2024-12-01,2024-12-01 00:00:00
CUS_0x0503,User1283,36,483-33-2283,"",2024-12-01,2024-12-01 00:00:00
CUS_0x0504,User1284,37,484-34-2284,Engineer,2024-12-01,2024-12-01 00:00:00
CUS_0x0505,User1285,38,485-35-2285,Teacher,2024-12-01,2024-12-01 00:00:00
CUS_0x0506,User1286,39,486-36-2286,Doctor,2024-12-01,2024-12-01 00:00:00
CUS_0x0507,User1287,40,487-37-2287,Clerk,2024-12-01,2024-12-01 00:00:00
CUS_0x0508,User1288,41,488-38-2288,Artist,2024-12-01,2024-12-01 00:00:00
CUS_0x0509,User1289,42,489-39-2289,"",2024-12-01,2024-12-01 00:00:00
CUS_0x050a,User1290,43,490-40-2290,Engineer,2024-12-01,2024-12-01 00:00:00
CUS_0x050b,User1291,44,491-41-2291,Teacher,2024-12-01,2024-12-01 00:00:00
CUS_0x050c,User1292,45,492-42-2292,Doctor,2024-12-01,2024-12-01 00:00:00
CUS_0x050d,User1293,46,493-43-2293,Clerk,2024-12-01,2024-12-01 00:00:00
CUS_0x050e,User1294,47,494-44-2294,Artist,2024-12-01,2024-12-01 00:00:00
CUS_0x050f,User1295,48,495-45-2295,"",2024-12-01,2024-12-01 00:00:00
CUS_0x0510,User1296,49,496-46-2296,Engineer,2024-12-01,2024-12-01 00:00:00
CUS_0x0511,User1297,50,497-47-2297,Teacher,2024-12-01,2024-12-01 00:00:00
CUS_0x0512,User1298,51,498-48-2298,Doctor,2024-12-01,2024-12-01 00:00:00
CUS_0x0513,User1299,52,499-49-2299,Clerk,2024-12-01,2024-12-01 00:00:00
CUS_0x0514,User1300,53,500-50-2300,Artist,2024-12-01,2024-12-01 00:00:00
CUS_0x0515,User1301,54,501-51-2301,"",2024-12-01,2024-12-01 00:00:00
CUS_0x0516,User1302,55,502-52-2302,Engineer,2024-12-01,2024-12-01 00:00:00
CUS_0x0517,User1303,56,503-53-2303,Teacher,2024-12-01,2024-12-01 00:00:00
CUS_0x0518,User1304,57,504-54-2304,Doctor,2024-12-01,2024-12-01 00:00:00
CUS_0x0519,User1305,58,505-55-2305,Clerk,2024-12-01,2024-12-01 00:00:00
CUS_0x051a,User1306,59,506-56-2306,Artist,2024-12-01,2024-12-01 00:00:00
CUS_0x051b,User1307,60,507-57-2307,"",2024-12-01,2024-12-01 00:00:00
CUS_0x051c,User1308,61,508-58-2308,Engineer,2024-12-01,2024-12-01 00:00:00
CUS_0x051d,User1309,62,509-59-2309,Teacher,2024-12-01,2024-12-01 00:00:00
CUS_0x051e,User1310,63,510-60-2310,Doctor,2024-12-01,2024-12-01 00:00:00
CUS_0x051f,User1311,64,511-61-2311,Clerk,2024-12-01,2024-12-01 00:00:00
CUS_0x0520,User1312,65,512-62-2312,Artist,2024-12-01,2024-12-01 00:00:00
CUS_0x0521,User1313,66,513-63-2313,"",2024-12-01,2024-12-01 00:00:00
CUS_0x0522,User1314,67,514-64-2314,Engineer,2024-12-01,2024-12-01 00:00:00
CUS_0x0523,User1315,68,515-65-2315,Teacher,2024-12-01,2024-12-01 00:00:00
CUS_0x0524,User1316,69,516-66-2316,Doctor,2024-12-01,2024-12-01 00:00:00
CUS_0x0525,User1317,70,517-67-2317,Clerk,2024-12-01,2024-12-01 00:00:00
CUS_0x0526,User1318,71,518-68-2318,Artist,2024-12-01,2024-12-01 00:00:00
CUS_0x0527,User1319,72,519-69-2319,"",2024-12-01,2024-12-01 00:00:00
CUS_0x0528,User1320,18,520-70-2320,Engineer,2024-12-01,2024-12-01 00:00:00
CUS_0x0529,User1321,19,521-71-2321,Teacher,2024-12-01,2024-12-01 00:00:00
CUS_0x052a,User1322,20,522-72-2322,Doctor,2024-12-01,2024-12-01 00:00:00
CUS_0x052b,User1323,21,523-73-2323,Clerk,2024-12-01,2024-12-01 00:00:00
CUS_0x052c,User1324,22,524-74-2324,Artist,2024-12-01,2024-12-01 00:00:00
CUS_0x052d,User1325,23,525-75-2325,"",2024-12-01,2024-12-01 00:00:00
CUS_0x052e,User1326,24,526-76-2326,Engineer,2024-12-01,2024-12-01 00:00:00
CUS_0x052f,User1327,25,527-77-2327,Teacher,2024-12-01,2024-12-01 00:00:00
CUS_0x0530,User1328,26,528-78-2328,Doctor,2024-12-01,2024-12-01 00:00:00
CUS_0x0531,User1329,27,529-79-2329,Clerk,2024-12-01,2024-12-01 00:00:00
CUS_0x0532,User1330,28,530-80-2330,Artist,2024-12-01,2024-12-01 00:00:00
CUS_0x0533,User1331,29,531-81-2331,"",2024-12-01,2024-12-01 00:00:00
CUS_0x0534,User1332,30,532-82-2332,Engineer,2024-12-01,2024-12-01 00:00:00
CUS_0x0535,User1333,31,533-83-2333,Teacher,2024-12-01,2024-12-01 00:00:00
CUS_0x0536,User1334,32,534-84-2334,Doctor,2024-12-01,2024-12-01 00:00:00
CUS_0x0537,User1335,33,535-85-2335,Clerk,2024-12-01,2024-12-01 00:00:00
CUS_0x0538,User1336,34,536-86-2336,Artist,2024-12-01,2024-12-01 00:00:00
CUS_0x0539,User1337,35,537-87-2337,"",2024-12-01,2024-12-01 00:00:00
CUS_0x053a,User1338,36,538-88-2338,Engineer,2024-12-01,2024-12-01 00:00:00
CUS_0x053b,User1339,37,539-89-2339,Teacher,2024-12-01,2024-12-01 00:00:00
CUS_0x053c,User1340,38,540-90-2340,Doctor,2024-12-01,2024-12-01 00:00:00
CUS_0x053d,User1341,39,541-91-2341,Clerk,2024-12-01,2024-12-01 00:00:00
CUS_0x053e,User1342,40,542-92-2342,Artist,2024-12-01,2024-12-01 00:00:00
CUS_0x053f,User1343,41,543-93-2343,"",2024-12-01,2024-12-01 00:00:00
CUS_0x0540,User1344,42,544-94-2344,Engineer,2024-12-01,2024-12-01 00:00:00
CUS_0x0541,User1345,43,545-95-2345,Teacher,2024-12-01,2024-12-01 00:00:00
CUS_0x0542,User1346,44,546-96-2346,Doctor,2024-12-01,2024-12-01 00:00:00
CUS_0x0543,User1347,45,547-97-2347,Clerk,2024-12-01,2024-12-01 00:00:00
CUS_0x0544,User1348,46,548-98-2348,Artist,2024-12-01,2024-12-01 00:00:00
CUS_0x0545,User1349,47,549-99-2349,"",2024-12-01,2024-12-01 00:00:00
CUS_0x0546,User1350,48,550-10-2350,Engineer,2024-12-01,2024-12-01 00:00:00
CUS_0x0547,User1351,49,551-11-2351,Teacher,2024-12-01,2024-12-01 00:00:00
CUS_0x0548,User1352,50,552-12-2352,Doctor,2024-12-01,2024-12-01 00:00:00
CUS_0x0549,User1353,51,553-13-2353,Clerk,2024-12-01,2024-12-01 00:00:00
CUS_0x054a,User1354,52,554-14-2354,Artist,2024-12-01,2024-12-01 00:00:00
CUS_0x054b,User1355,53,555-15-2355,"",2024-12-01,2024-12-01 00:00:00
CUS_0x054c,User1356,54,556-16-2356,Engineer,2024-12-01,2024-12-01 00:00:00
CUS_0x054d,User1357,55,557-17-2357,Teacher,2024-12-01,2024-12-01 00:00:00
CUS_0x054e,User1358,56,558-18-2358,Doctor,2024-12-01,2024-12-01 00:00:00
CUS_0x054f,User1359,57,559-19-2359,Clerk,2024-12-01,2024-12-01 00:00:00
CUS_0x0550,User1360,58,560-20-2360,Artist,2024-12-01,2024-12-01 00:00:00
CUS_0x0551,User1361,59,561-21-2361,"",2024-12-01,2024-12-01 00:00:00
CUS_0x0552,User1362,60,562-22-2362,Engineer,2024-12-01,2024-12-01 00:00:00
CUS_0x0553,User1363,61,563-23-2363,Teacher,2024-12-01,2024-12-01 00:00:00
CUS_0x0554,User1364,62,564-24-2364,Doctor,2024-12-01,2024-12-01 00:00:00
CUS_0x0555,User1365,63,565-25-2365,Clerk,2024-12-01,2024-12-01 00:00:00
CUS_0x0556,User1366,64,566-26-2366,Artist,2024-12-01,2024-12-01 00:00:00
CUS_0x0557,User1367,65,567-27-2367,"",2024-12-01,2024-12-01 00:00:00
CUS_0x0558,User1368,66,568-28-2368,Engineer,2024-12-01,2024-12-01 00:00:00
CUS_0x0559,User1369,67,569-29-2369,Teacher,2024-12-01,2024-12-01 00:00:00
CUS_0x055a,User1370,68,570-30-2370,Doctor,2024-12-01,2024-12-01 00:00:00
CUS_0x055b,User1371,69,571-31-2371,Clerk,2024-12-01,2024-12-01 00:00:00
CUS_0x055c,User1372,70,572-32-2372,Artist,2024-12-01,2024-12-01 00:00:00
CUS_0x055d,User1373,71,573-33-2373,"",2024-12-01,2024-12-01 00:00:00
CUS_0x055e,User1374,72,574-34-2374,Engineer,2024-12-01,2024-12-01 00:00:00
CUS_0x055f,User1375,18,575-35-2375,Teacher,2024-12-01,2024-12-01 00:00:00
CUS_0x0560,User1376,19,576-36-2376,Doctor,2024-12-01,2024-12-01 00:00:00
CUS_0x0561,User1377,20,577-37-2377,Clerk,2024-12-01,2024-12-01 00:00:00
CUS_0x0562,User1378,21,578-38-2378,Artist,2024-12-01,2024-12-01 00:00:00
CUS_0x0563,User1379,22,579-39-2379,"",2024-12-01,2024-12-01 00:00:00
CUS_0x0564,User1380,23,580-40-2380,Engineer,2024-12-01,2024-12-01 00:00:00
CUS_0x0565,User1381,24,581-41-2381,Teacher,2024-12-01,2024-12-01 00:00:00
CUS_0x0566,User1382,25,582-42-2382,Doctor,2024-12-01,2024-12-01 00:00:00
CUS_0x0567,User1383,26,583-43-2383,Clerk,2024-12-01,2024-12-01 00:00:00
CUS_0x0568,User1384,27,584-44-2384,Artist,2024-12-01,2024-12-01 00:00:00
CUS_0x0569,User1385,28,585-45-2385,"",2024-12-01,2024-12-01 00:00:00
CUS_0x056a,User1386,29,586-46-2386,Engineer,2024-12-01,2024-12-01 00:00:00
CUS_0x056b,User1387,30,587-47-2387,Teacher,2024-12-01,2024-12-01 00:00:00
CUS_0x056c,User1388,31,588-48-2388,Doctor,2024-12-01,2024-12-01 00:00:00
CUS_0x056d,User1389,32,589-49-2389,Clerk,2024-12-01,2024-12-01 00:00:00
CUS_0x056e,User1390,33,590-50-2390,Artist,2024-12-01,2024-12-01 00:00:00
CUS_0x056f,User1391,34,591-51-2391,"",2024-12-01,2024-12-01 00:00:00
CUS_0x0570,User1392,35,592-52-2392,Engineer,2024-12-01,2024-12-01 00:00:00
CUS_0x0571,User1393,36,593-53-2393,Teacher,2024-12-01,2024-12-01 00:00:00
CUS_0x0572,User1394,37,594-54-2394,Doctor,2024-12-01,2024-12-01 00:00:00
CUS_0x0573,User1395,38,595-55-2395,Clerk,2024-12-01,2024-12-01 00:00:00
CUS_0x0574,User1396,39,596-56-2396,Artist,2024-12-01,2024-12-01 00:00:00
CUS_0x0575,User1397,40,597-57-2397,"",2024-12-01,2024-12-01 00:00:00
CUS_0x0576,User1398,41,598-58-2398,Engineer,2024-12-01,2024-12-01 00:00:00
CUS_0x0577,User1399,42,599-59-2399,Teacher,2024-12-01,2024-12-01 00:00:00
CUS_0x0578,User1400,43,600-60-2400,Doctor,2024-12-01,2024-12-01 00:00:00
CUS_0x0579,User1401,44,601-61-2401,Clerk,2024-12-01,2024-12-01 00:00:00
CUS_0x057a,User1402,45,602-62-2402,Artist,2024-12-01,2024-12-01 00:00:00
CUS_0x057b,User1403,46,603-63-2403,"",2024-12-01,2024-12-01 00:00:00
CUS_0x057c,User1404,47,604-64-2404,Engineer,2024-12-01,2024-12-01 00:00:00
CUS_0x057d,User1405,48,605-65-2405,Teacher,2024-12-01,2024-12-01 00:00:00
CUS_0x057e,User1406,49,606-66-2406,Doctor,2024-12-01,2024-12-01 00:00:00
CUS_0x057f,User1407,50,607-67-2407,Clerk,2024-12-01,2024-12-01 00:00:00
CUS_0x0580,User1408,51,608-68-2408,Artist,2024-12-01,2024-12-01 00:00:00
CUS_0x0581,User1409,52,609-69-2409,"",2024-12-01,2024-12-01 00:00:00
CUS_0x0582,User1410,53,610-70-2410,Engineer,2024-12-01,2024-12-01 00:00:00
CUS_0x0583,User1411,54,611-71-2411,Teacher,2024-12-01,2024-12-01 00:00:00
CUS_0x0584,User1412,55,612-72-2412,Doctor,2024-12-01,2024-12-01 00:00:00
CUS_0x0585,User1413,56,613-73-2413,Clerk,2024-12-01,2024-12-01 00:00:00
CUS_0x0586,User1414,57,614-74-2414,Artist,2024-12-01,2024-12-01 00:00:00
CUS_0x0587,User1415,58,615-75-2415,"",2024-12-01,2024-12-01 00:00:00
CUS_0x0588,User1416,59,616-76-2416,Engineer,2024-12-01,2024-12-01 00:00:00
CUS_0x0589,User1417,60,617-77-2417,Teacher,2024-12-01,2024-12-01 00:00:00
CUS_0x058a,User1418,61,618-78-2418,Doctor,2024-12-01,2024-12-01 00:00:00
CUS_0x058b,User1419,62,619-79-2419,Clerk,2024-12-01,2024-12-01 00:00:00
CUS_0x058c,User1420,63,620-80-2420,Artist,2024-12-01,2024-12-01 00:00:00
CUS_0x058d,User1421,64,621-81-2421,"",2024-12-01,2024-12-01 00:00:00
CUS_0x058e,User1422,65,622-82-2422,Engineer,2024-12-01,2024-12-01 00:00:00
CUS_0x058f,User1423,66,623-83-2423,Teacher,2024-12-01,2024-12-01 00:00:00
CUS_0x0590,User1424,67,624-84-2424,Doctor,2024-12-01,2024-12-01 00:00:00
CUS_0x0591,User1425,68,625-85-2425,Clerk,2024-12-01,2024-12-01 00:00:00
CUS_0x0592,User1426,69,626-86-2426,Artist,2024-12-01,2024-12-01 00:00:00
CUS_0x0593,User1427,70,627-87-2427,"",2024-12-01,2024-12-01 00:00:00
CUS_0x0594,User1428,71,628-88-2428,Engineer,2024-12-01,2024-12-01 00:00:00
CUS_0x0595,User1429,72,629-89-2429,Teacher,2024-12-01,2024-12-01 00:00:00
CUS_0x0596,User1430,18,630-90-2430,Doctor,2024-12-01,2024-12-01 00:00:00
CUS_0x0597,User1431,19,631-91-2431,Clerk,2024-12-01,2024-12-01 00:00:00
CUS_0x0598,User1432,20,632-92-2432,Artist,2024-12-01,2024-12-01 00:00:00
CUS_0x0599,User1433,21,633-93-2433,"",2024-12-01,2024-12-01 00:00:00
CUS_0x059a,User1434,22,634-94-2434,Engineer,2024-12-01,2024-12-01 00:00:00
CUS_0x059b,User1435,23,635-95-2435,Teacher,2024-12-01,2024-12-01 00:00:00
CUS_0x059c,User1436,24,636-96-2436,Doctor,2024-12-01,2024-12-01 00:00:00
CUS_0x059d,User1437,25,637-97-2437,Clerk,2024-12-01,2024-12-01 00:00:00
CUS_0x059e,User1438,26,638-98-2438,Artist,2024-12-01,2024-12-01 00:00:00
CUS_0x059f,User1439,27,639-99-2439,"",2024-12-01,2024-12-01 00:00:00
CUS_0x05a0,User1440,28,640-10-2440,Engineer,2024-12-01,2024-12-01 00:00:00
CUS_0x05a1,User1441,29,641-11-2441,Teacher,2024-12-01,2024-12-01 00:00:00
CUS_0x05a2,User1442,30,642-12-2442,Doctor,2024-12-01,2024-12-01 00:00:00
CUS_0x05a3,User1443,31,643-13-2443,Clerk,2024-12-01,2024-12-01 00:00:00
CUS_0x05a4,User1444,32,644-14-2444,Artist,2024-12-01,2024-12-01 00:00:00
CUS_0x05a5,User1445,33,645-15-2445,"",2024-12-01,2024-12-01 00:00:00
CUS_0x05a6,User1446,34,646-16-2446,Engineer,2024-12-01,2024-12-01 00:00:00
CUS_0x05a7,User1447,35,647-17-2447,Teacher,2024-12-01,2024-12-01 00:00:00
CUS_0x05a8,User1448,36,648-18-2448,Doctor,2024-12-01,2024-12-01 00:00:00
CUS_0x05a9,User1449,37,649-19-2449,Clerk,2024-12-01,2024-12-01 00:00:00
CUS_0x05aa,User1450,38,650-20-2450,Artist,2024-12-01,2024-12-01 00:00:00
CUS_0x05ab,User1451,39,651-21-2451,"",2024-12-01,2024-12-01 00:00:00
CUS_0x05ac,User1452,40,652-22-2452,Engineer,2024-12-01,2024-12-01 00:00:00
CUS_0x05ad,User1453,41,653-23-2453,Teacher,2024-12-01,2024-12-01 00:00:00
CUS_0x05ae,User1454,42,654-24-2454,Doctor,2024-12-01,2024-12-01 00:00:00
CUS_0x05af,User1455,43,655-25-2455,Clerk,2024-12-01,2024-12-01 00:00:00
CUS_0x05b0,User1456,44,656-26-2456,Artist,2024-12-01,2024-12-01 00:00:00
CUS_0x05b1,User1457,45,657-27-2457,"",2024-12-01,2024-12-01 00:00:00
CUS_0x05b2,User1458,46,658-28-2458,Engineer,2024-12-01,2024-12-01 00:00:00
CUS_0x05b3,User1459,47,659-29-2459,Teacher,2024-12-01,2024-12-01 00:00:00
CUS_0x05b4,User1460,48,660-30-2460,Doctor,2024-12-01,2024-12-01 00:00:00
CUS_0x05b5,User1461,49,661-31-2461,Clerk,2024-12-01,2024-12-01 00:00:00
CUS_0x05b6,User1462,50,662-32-2462,Artist,2024-12-01,2024-12-01 00:00:00
CUS_0x05b7,User1463,51,663-33-2463,"",2024-12-01,2024-12-01 00:00:00
CUS_0x05b8,User1464,52,664-34-2464,Engineer,2024-12-01,2024-12-01 00:00:00
CUS_0x05b9,User1465,53,665-35-2465,Teacher,2024-12-01,2024-12-01 00:00:00
CUS_0x05ba,User1466,54,666-36-2466,Doctor,2024-12-01,2024-12-01 00:00:00
CUS_0x05bb,User1467,55,667-37-2467,Clerk,2024-12-01,2024-12-01 00:00:00
CUS_0x05bc,User1468,56,668-38-2468,Artist,2024-12-01,2024-12-01 00:00:00
CUS_0x05bd,User1469,57,669-39-2469,"",2024-12-01,2024-12-01 00:00:00
CUS_0x05be,User1470,58,670-40-2470,Engineer,2024-12-01,2024-12-01 00:00:00
CUS_0x05bf,User1471,59,671-41-2471,Teacher,2024-12-01,2024-12-01 00:00:00
CUS_0x05c0,User1472,60,672-42-2472,Doctor,2024-12-01,2024-12-01 00:00:00
CUS_0x05c1,User1473,61,673-43-2473,Clerk,2024-12-01,2024-12-01 00:00:00
CUS_0x05c2,User1474,62,674-44-2474,Artist,2024-12-01,2024-12-01 00:00:00
CUS_0x05c3,User1475,63,675-45-2475,"",2024-12-01,2024-12-01 00:00:00
CUS_0x05c4,User1476,64,676-46-2476,Engineer,2024-12-01,2024-12-01 00:00:00
CUS_0x05c5,User1477,65,677-47-2477,Teacher,2024-12-01,2024-12-01 00:00:00
CUS_0x05c6,User1478,66,678-48-2478,Doctor,2024-12-01,2024-12-01 00:00:00
CUS_0x05c7,User1479,67,679-49-2479,Clerk,2024-12-01,2024-12-01 00:00:00
CUS_0x05c8,User1480,68,680-50-2480,Artist,2024-12-01,2024-12-01 00:00:00
CUS_0x05c9,User1481,69,681-51-2481,"",2024-12-01,2024-12-01 00:00:00
CUS_0x05ca,User1482,70,682-52-2482,Engineer,2024-12-01,2024-12-01 00:00:00
CUS_0x05cb,User1483,71,683-53-2483,Teacher,2024-12-01,2024-12-01 00:00:00
CUS_0x05cc,User1484,72,684-54-2484,Doctor,2024-12-01,2024-12-01 00:00:00
CUS_0x05cd,User1485,18,685-55-2485,Clerk,2024-12-01,2024-12-01 00:00:00
CUS_0x05ce,User1486,19,686-56-2486,Artist,2024-12-01,2024-12-01 00:00:00
CUS_0x05cf,User1487,20,687-57-2487,"",2024-12-01,2024-12-01 00:00:00
CUS_0x05d0,User1488,21,688-58-2488,Engineer,2024-12-01,2024-12-01 00:00:00
CUS_0x05d1,User1489,22,689-59-2489,Teacher,2024-12-01,2024-12-01 00:00:00
CUS_0x05d2,User1490,23,690-60-2490,Doctor,2024-12-01,2024-12-01 00:00:00
CUS_0x05d3,User1491,24,691-61-2491,Clerk,2024-12-01,2024-12-01 00:00:00
CUS_0x05d4,User1492,25,692-62-2492,Artist,2024-12-01,2024-12-01 00:00:00
CUS_0x05d5,User1493,26,693-63-2493,"",2024-12-01,2024-12-01 00:00:00
CUS_0x05d6,User1494,27,694-64-2494,Engineer,2024-12-01,2024-12-01 00:00:00
CUS_0x05d7,User1495,28,695-65-2495,Teacher,2024-12-01,2024-12-01 00:00:00
CUS_0x05d8,User1496,29,696-66-2496,Doctor,2024-12-01,2024-12-01 00:00:00
CUS_0x05d9,User1497,30,697-67-2497,Clerk,2024-12-01,2024-12-01 00:00:00
CUS_0x05da,User1498,31,698-68-2498,Artist,2024-12-01,2024-12-01 00:00:00
CUS_0x05db,User1499,32,699-69-2499,"",2024-12-01,2024-12-01 00:00:00
CUS_0x05dc,User1500,33,700-70-2500,Engineer,2024-12-01,2024-12-01 00:00:00
CUS_0x05dd,User1501,34,701-71-2501,Teacher,2024-12-01,2024-12-01 00:00:00
CUS_0x05de,User1502,35,702-72-2502,Doctor,2024-12-01,2024-12-01 00:00:00
CUS_0x05df,User1503,36,703-73-2503,Clerk,2024-12-01,2024-12-01 00:00:00
CUS_0x05e0,User1504,37,704-74-2504,Artist,2024-12-01,2024-12-01 00:00:00
CUS_0x05e1,User1505,38,705-75-2505,"",2024-12-01,2024-12-01 00:00:00
CUS_0x05e2,User1506,39,706-76-2506,Engineer,2024-12-01,2024-12-01 00:00:00
CUS_0x05e3,User1507,40,707-77-2507,Teacher,2024-12-01,2024-12-01 00:00:00
CUS_0x05e4,User1508,41,708-78-2508,Doctor,2024-12-01,2024-12-01 00:00:00
CUS_0x05e5,User1509,42,709-79-2509,Clerk,2024-12-01,2024-12-01 00:00:00
CUS_0x05e6,User1510,43,710-80-2510,Artist,2024-12-01,2024-12-01 00:00:00
CUS_0x05e7,User1511,44,711-81-2511,"",2024-12-01,2024-12-01 00:00:00
CUS_0x05e8,User1512,45,712-82-2512,Engineer,2024-12-01,2024-12-01 00:00:00
CUS_0x05e9,User1513,46,713-83-2513,Teacher,2024-12-01,2024-12-01 00:00:00
CUS_0x05ea,User1514,47,714-84-2514,Doctor,2024-12-01,2024-12-01 00:00:00
CUS_0x05eb,User1515,48,715-85-2515,Clerk,2024-12-01,2024-12-01 00:00:00
CUS_0x05ec,User1516,49,716-86-2516,Artist,2024-12-01,2024-12-01 00:00:00
CUS_0x05ed,User1517,50,717-87-2517,"",2024-12-01,2024-12-01 00:00:00
CUS_0x05ee,User1518,51,718-88-2518,Engineer,2024-12-01,2024-12-01 00:00:00
CUS_0x05ef,User1519,52,719-89-2519,Teacher,2024-12-01,2024-12-01 00:00:00
CUS_0x05f0,User1520,53,720-90-2520,Doctor,2024-12-01,2024-12-01 00:00:00
CUS_0x05f1,User1521,54,721-91-2521,Clerk,2024-12-01,2024-12-01 00:00:00
CUS_0x05f2,User1522,55,722-92-2522,Artist,2024-12-01,2024-12-01 00:00:00
CUS_0x05f3,User1523,56,723-93-2523,"",2024-12-01,2024-12-01 00:00:00
CUS_0x05f4,User1524,57,724-94-2524,Engineer,2024-12-01,2024-12-01 00:00:00
CUS_0x05f5,User1525,58,725-95-2525,Teacher,2024-12-01,2024-12-01 00:00:00
CUS_0x05f6,User1526,59,726-96-2526,Doctor,2024-12-01,2024-12-01 00:00:00
CUS_0x05f7,User1527,60,727-97-2527,Clerk,2024-12-01,2024-12-01 00:00:00
CUS_0x05f8,User1528,61,728-98-2528,Artist,2024-12-01,2024-12-01 00:00:00
CUS_0x05f9,User1529,62,729-99-2529,"",2024-12-01,2024-12-01 00:00:00
CUS_0x05fa,User1530,63,730-10-2530,Engineer,2024-12-01,2024-12-01 00:00:00
CUS_0x05fb,User1531,64,731-11-2531,Teacher,2024-12-01,2024-12-01 00:00:00
CUS_0x05fc,User1532,65,732-12-2532,Doctor,2024-12-01,2024-12-01 00:00:00
CUS_0x05fd,User1533,66,733-13-2533,Clerk,2024-12-01,2024-12-01 00:00:00
CUS_0x05fe,User1534,67,734-14-2534,Artist,2024-12-01,2024-12-01 00:00:00
CUS_0x05ff,User1535,68,735-15-2535,"",2024-12-01,2024-12-01 00:00:00
CUS_0x0600,User1536,69,736-16-2536,Engineer,2024-12-01,2024-12-01 00:00:00
CUS_0x0601,User1537,70,737-17-2537,Teacher,2024-12-01,2024-12-01 00:00:00
CUS_0x0602,User1538,71,738-18-2538,Doctor,2024-12-01,2024-12-01 00:00:00
CUS_0x0603,User1539,72,739-19-2539,Clerk,2024-12-01,2024-12-01 00:00:00
CUS_0x0604,User1540,18,740-20-2540,Artist,2024-12-01,2024-12-01 00:00:00
CUS_0x0605,User1541,19,741-21-2541,"",2024-12-01,2024-12-01 00:00:00
CUS_0x0606,User1542,20,742-22-2542,Engineer,2024-12-01,2024-12-01 00:00:00
CUS_0x0607,User1543,21,743-23-2543,Teacher,2024-12-01,2024-12-01 00:00:00
CUS_0x0608,User1544,22,744-24-2544,Doctor,2024-12-01,2024-12-01 00:00:00
CUS_0x0609,User1545,23,745-25-2545,Clerk,2024-12-01,2024-12-01 00:00:00
CUS_0x060a,User1546,24,746-26-2546,Artist,2024-12-01,2024-12-01 00:00:00
CUS_0x060b,User1547,25,747-27-2547,"",2024-12-01,2024-12-01 00:00:00
CUS_0x060c,User1548,26,748-28-2548,Engineer,2024-12-01,2024-12-01 00:00:00
CUS_0x060d,User1549,27,749-29-2549,Teacher,2024-12-01,2024-12-01 00:00:00
CUS_0x060e,User1550,28,750-30-2550,Doctor,2024-12-01,2024-12-01 00:00:00
CUS_0x060f,User1551,29,751-31-2551,Clerk,2024-12-01,2024-12-01 00:00:00
CUS_0x0610,User1552,30,752-32-2552,Artist,2024-12-01,2024-12-01 00:00:00
CUS_0x0611,User1553,31,753-33-2553,"",2024-12-01,2024-12-01 00:00:00
CUS_0x0612,User1554,32,754-34-2554,Engineer,2024-12-01,2024-12-01 00:00:00
CUS_0x0613,User1555,33,755-35-2555,Teacher,2024-12-01,2024-12-01 00:00:00
CUS_0x0614,User1556,34,756-36-2556,Doctor,2024-12-01,2024-12-01 00:00:00
CUS_0x0615,User1557,35,757-37-2557,Clerk,2024-12-01,2024-12-01 00:00:00
CUS_0x0616,User1558,36,758-38-2558,Artist,2024-12-01,2024-12-01 00:00:00
CUS_0x0617,User1559,37,759-39-2559,"",2024-12-01,2024-12-01 00:00:00
CUS_0x0618,User1560,38,760-40-2560,Engineer,2024-12-01,2024-12-01 00:00:00
CUS_0x0619,User1561,39,761-41-2561,Teacher,2024-12-01,2024-12-01 00:00:00
CUS_0x061a,User1562,40,762-42-2562,Doctor,2024-12-01,2024-12-01 00:00:00
CUS_0x061b,User1563,41,763-43-2563,Clerk,2024-12-01,2024-12-01 00:00:00
CUS_0x061c,User1564,42,764-44-2564,Artist,2024-12-01,2024-12-01 00:00:00
CUS_0x061d,User1565,43,765-45-2565,"",2024-12-01,2024-12-01 00:00:00
CUS_0x061e,User1566,44,766-46-2566,Engineer,2024-12-01,2024-12-01 00:00:00
CUS_0x061f,User1567,45,767-47-2567,Teacher,2024-12-01,2024-12-01 00:00:00
CUS_0x0620,User1568,46,768-48-2568,Doctor,2024-12-01,2024-12-01 00:00:00
CUS_0x0621,User1569,47,769-49-2569,Clerk,2024-12-01,2024-12-01 00:00:00
CUS_0x0622,User1570,48,770-50-2570,Artist,2024-12-01,2024-12-01 00:00:00
CUS_0x0623,User1571,49,771-51-2571,"",2024-12-01,2024-12-01 00:00:00
CUS_0x0624,User1572,50,772-52-2572,Engineer,2024-12-01,2024-12-01 00:00:00
CUS_0x0625,User1573,51,773-53-2573,Teacher,2024-12-01,2024-12-01 00:00:00
CUS_0x0626,User1574,52,774-54-2574,Doctor,2024-12-01,2024-12-01 00:00:00
CUS_0x0627,User1575,53,775-55-2575,Clerk,2024-12-01,2024-12-01 00:00:00
CUS_0x0628,User1576,54,776-56-2576,Artist,2024-12-01,2024-12-01 00:00:00
CUS_0x0629,User1577,55,777-57-2577,"",2024-12-01,2024-12-01 00:00:00
CUS_0x062a,User1578,56,778-58-2578,Engineer,2024-12-01,2024-12-01 00:00:00
CUS_0x062b,User1579,57,779-59-2579,Teacher,2024-12-01,2024-12-01 00:00:00
CUS_0x062c,User1580,58,780-60-2580,Doctor,2024-12-01,2024-12-01 00:00:00
CUS_0x062d,User1581,59,781-61-2581,Clerk,2024-12-01,2024-12-01 00:00:00
CUS_0x062e,User1582,60,782-62-2582,Artist,2024-12-01,2024-12-01 00:00:00
CUS_0x062f,User1583,61,783-63-2583,"",2024-12-01,2024-12-01 00:00:00
CUS_0x0630,User1584,62,784-64-2584,Engineer,2024-12-01,2024-12-01 00:00:00
CUS_0x0631,User1585,63,785-65-2585,Teacher,2024-12-01,2024-12-01 00:00:00
CUS_0x0632,User1586,64,786-66-2586,Doctor,2024-12-01,2024-12-01 00:00:00
CUS_0x0633,User1587,65,787-67-2587,Clerk,2024-12-01,2024-12-01 00:00:00
CUS_0x0634,User1588,66,788-68-2588,Artist,2024-12-01,2024-12-01 00:00:00
CUS_0x0635,User1589,67,789-69-2589,"",2024-12-01,2024-12-01 00:00:00
CUS_0x0636,User1590,68,790-70-2590,Engineer,2024-12-01,2024-12-01 00:00:00
CUS_0x0637,User1591,69,791-71-2591,Teacher,2024-12-01,2024-12-01 00:00:00
CUS_0x0638,User1592,70,792-72-2592,Doctor,2024-12-01,2024-12-01 00:00:00
CUS_0x0639,User1593,71,793-73-2593,Clerk,2024-12-01,2024-12-01 00:00:00
CUS_0x063a,User1594,72,794-74-2594,Artist,2024-12-01,2024-12-01 00:00:00
CUS_0x063b,User1595,18,795-75-2595,"",2024-12-01,2024-12-01 00:00:00
CUS_0x063c,User1596,19,796-76-2596,Engineer,2024-12-01,2024-12-01 00:00:00
CUS_0x063d,User1597,20,797-77-2597,Teacher,2024-12-01,2024-12-01 00:00:00
CUS_0x063e,User1598,21,798-78-2598,Doctor,2024-12-01,2024-12-01 00:00:00
CUS_0x063f,User1599,22,799-79-2599,Clerk,2024-12-01,2024-12-01 00:00:00
CUS_0x0640,User1600,23,800-80-2600,Artist,2024-12-01,2024-12-01 00:00:00
CUS_0x0641,User1601,24,801-81-2601,"",2024-12-01,2024-12-01 00:00:00
CUS_0x0642,User1602,25,802-82-2602,Engineer,2024-12-01,2024-12-01 00:00:00
CUS_0x0643,User1603,26,803-83-2603,Teacher,2024-12-01,2024-12-01 00:00:00
CUS_0x0644,User1604,27,804-84-2604,Doctor,2024-12-01,2024-12-01 00:00:00
CUS_0x0645,User1605,28,805-85-2605,Clerk,2024-12-01,2024-12-01 00:00:00
CUS_0x0646,User1606,29,806-86-2606,Artist,2024-12-01,2024-12-01 00:00:00
CUS_0x0647,User1607,30,807-87-2607,"",2024-12-01,2024-12-01 00:00:00
CUS_0x0648,User1608,31,808-88-2608,Engineer,2024-12-01,2024-12-01 00:00:00
CUS_0x0649,User1609,32,809-89-2609,Teacher,2024-12-01,2024-12-01 00:00:00
CUS_0x064a,User1610,33,810-90-2610,Doctor,2024-12-01,2024-12-01 00:00:00
CUS_0x064b,User1611,34,811-91-2611,Clerk,2024-12-01,2024-12-01 00:00:00
CUS_0x064c,User1612,35,812-92-2612,Artist,2024-12-01,2024-12-01 00:00:00
CUS_0x064d,User1613,36,813-93-2613,"",2024-12-01,2024-12-01 00:00:00
CUS_0x064e,User1614,37,814-94-2614,Engineer,2024-12-01,2024-12-01 00:00:00
CUS_0x064f,User1615,38,815-95-2615,Teacher,2024-12-01,2024-12-01 00:00:00
CUS_0x0650,User1616,39,816-96-2616,Doctor,2024-12-01,2024-12-01 00:00:00
CUS_0x0651,User1617,40,817-97-2617,Clerk,2024-12-01,2024-12-01 00:00:00
CUS_0x0652,User1618,41,818-98-2618,Artist,2024-12-01,2024-12-01 00:00:00
CUS_0x0653,User1619,42,819-99-2619,"",2024-12-01,2024-12-01 00:00:00
CUS_0x0654,User1620,43,820-10-2620,Engineer,2024-12-01,2024-12-01 00:00:00
CUS_0x0655,User1621,44,821-11-2621,Teacher,2024-12-01,2024-12-01 00:00:00
CUS_0x0656,User1622,45,822-12-2622,Doctor,2024-12-01,2024-12-01 00:00:00
CUS_0x0657,User1623,46,823-13-2623,Clerk,2024-12-01,2024-12-01 00:00:00
CUS_0x0658,User1624,47,824-14-2624,Artist,2024-12-01,2024-12-01 00:00:00
CUS_0x0659,User1625,48,825-15-2625,"",2024-12-01,2024-12-01 00:00:00
CUS_0x065a,User1626,49,826-16-2626,Engineer,2024-12-01,2024-12-01 00:00:00
CUS_0x065b,User1627,50,827-17-2627,Teacher,2024-12-01,2024-12-01 00:00:00
CUS_0x065c,User1628,51,828-18-2628,Doctor,2024-12-01,2024-12-01 00:00:00
CUS_0x065d,User1629,52,829-19-2629,Clerk,2024-12-01,2024-12-01 00:00:00
CUS_0x065e,User1630,53,830-20-2630,Artist,2024-12-01,2024-12-01 00:00:00
CUS_0x065f,User1631,54,831-21-2631,"",2024-12-01,2024-12-01 00:00:00
CUS_0x0660,User1632,55,832-22-2632,Engineer,2024-12-01,2024-12-01 00:00:00
CUS_0x0661,User1633,56,833-23-2633,Teacher,2024-12-01,2024-12-01 00:00:00
CUS_0x0662,User1634,57,834-24-2634,Doctor,2024-12-01,2024-12-01 00:00:00
CUS_0x0663,User1635,58,835-25-2635,Clerk,2024-12-01,2024-12-01 00:00:00
CUS_0x0664,User1636,59,836-26-2636,Artist,2024-12-01,2024-12-01 00:00:00
CUS_0x0665,User1637,60,837-27-2637,"",2024-12-01,2024-12-01 00:00:00
CUS_0x0666,User1638,61,838-28-2638,Engineer,2024-12-01,2024-12-01 00:00:00
CUS_0x0667,User1639,62,839-29-2639,Teacher,2024-12-01,2024-12-01 00:00:00
CUS_0x0668,User1640,63,840-30-2640,Doctor,2024-12-01,2024-12-01 00:00:00
CUS_0x0669,User1641,64,841-31-2641,Clerk,2024-12-01,2024-12-01 00:00:00
CUS_0x066a,User1642,65,842-32-2642,Artist,2024-12-01,2024-12-01 00:00:00
CUS_0x066b,User1643,66,843-33-2643,"",2024-12-01,2024-12-01 00:00:00
CUS_0x066c,User1644,67,844-34-2644,Engineer,2024-12-01,2024-12-01 00:00:00
CUS_0x066d,User1645,68,845-35-2645,Teacher,2024-12-01,2024-12-01 00:00:00
CUS_0x066e,User1646,69,846-36-2646,Doctor,2024-12-01,2024-12-01 00:00:00
CUS_0x066f,User1647,70,847-37-2647,Clerk,2024-12-01,2024-12-01 00:00:00
CUS_0x0670,User1648,71,848-38-2648,Artist,2024-12-01,2024-12-01 00:00:00
CUS_0x0671,User1649,72,849-39-2649,"",2024-12-01,2024-12-01 00:00:00
CUS_0x0672,User1650,18,850-40-2650,Engineer,2024-12-01,2024-12-01 00:00:00
CUS_0x0673,User1651,19,851-41-2651,Teacher,2024-12-01,2024-12-01 00:00:00
CUS_0x0674,User1652,20,852-42-2652,Doctor,2024-12-01,2024-12-01 00:00:00
CUS_0x0675,User1653,21,853-43-2653,Clerk,2024-12-01,2024-12-01 00:00:00
CUS_0x0676,User1654,22,854-44-2654,Artist,2024-12-01,2024-12-01 00:00:00
CUS_0x0677,User1655,23,855-45-2655,"",2024-12-01,2024-12-01 00:00:00
CUS_0x0678,User1656,24,856-46-2656,Engineer,2024-12-01,2024-12-01 00:00:00
CUS_0x0679,User1657,25,857-47-2657,Teacher,2024-12-01,2024-12-01 00:00:00
CUS_0x067a,User1658,26,858-48-2658,Doctor,2024-12-01,2024-12-01 00:00:00
CUS_0x067b,User1659,27,859-49-2659,Clerk,2024-12-01,2024-12-01 00:00:00
CUS_0x067c,User1660,28,860-50-2660,Artist,2024-12-01,2024-12-01 00:00:00
CUS_0x067d,User1661,29,861-51-2661,"",2024-12-01,2024-12-01 00:00:00
CUS_0x067e,User1662,30,862-52-2662,Engineer,2024-12-01,2024-12-01 00:00:00
CUS_0x067f,User1663,31,863-53-2663,Teacher,2024-12-01,2024-12-01 00:00:00
CUS_0x0680,User1664,32,864-54-2664,Doctor,2024-12-01,2024-12-01 00:00:00
CUS_0x0681,User1665,33,865-55-2665,Clerk,2024-12-01,2024-12-01 00:00:00
CUS_0x0682,User1666,34,866-56-2666,Artist,2024-12-01,2024-12-01 00:00:00
CUS_0x0683,User1667,35,867-57-2667,"",2024-12-01,2024-12-01 00:00:00
CUS_0x0684,User1668,36,868-58-2668,Engineer,2024-12-01,2024-12-01 00:00:00
CUS_0x0685,User1669,37,869-59-2669,Teacher,2024-12-01,2024-12-01 00:00:00
CUS_0x0686,User1670,38,870-60-2670,Doctor,2024-12-01,2024-12-01 00:00:00
CUS_0x0687,User1671,39,871-61-2671,Clerk,2024-12-01,2024-12-01 00:00:00
CUS_0x0688,User1672,40,872-62-2672,Artist,2024-12-01,2024-12-01 00:00:00
CUS_0x0689,User1673,41,873-63-2673,"",2024-12-01,2024-12-01 00:00:00
CUS_0x068a,User1674,42,874-64-2674,Engineer,2024-12-01,2024-12-01 00:00:00
CUS_0x068b,User1675,43,875-65-2675,Teacher,2024-12-01,2024-12-01 00:00:00
CUS_0x068c,User1676,44,876-66-2676,Doctor,2024-12-01,2024-12-01 00:00:00
CUS_0x068d,User1677,45,877-67-2677,Clerk,2024-12-01,2024-12-01 00:00:00
CUS_0x068e,User1678,46,878-68-2678,Artist,2024-12-01,2024-12-01 00:00:00
CUS_0x068f,User1679,47,879-69-2679,"",2024-12-01,2024-12-01 00:00:00
CUS_0x0690,User1680,48,880-70-2680,Engineer,2024-12-01,2024-12-01 00:00:00
CUS_0x0691,User1681,49,881-71-2681,Teacher,2024-12-01,2024-12-01 00:00:00
CUS_0x0692,User1682,50,882-72-2682,Doctor,2024-12-01,2024-12-01 00:00:00
CUS_0x0693,User1683,51,883-73-2683,Clerk,2024-12-01,2024-12-01 00:00:00
CUS_0x0694,User1684,52,884-74-2684,Artist,2024-12-01,2024-12-01 00:00:00
CUS_0x0695,User1685,53,885-75-2685,"",2024-12-01,2024-12-01 00:00:00
CUS_0x0696,User1686,54,886-76-2686,Engineer,2024-12-01,2024-12-01 00:00:00
CUS_0x0697,User1687,55,887-77-2687,Teacher,2024-12-01,2024-12-01 00:00:00
CUS_0x0698,User1688,56,888-78-2688,Doctor,2024-12-01,2024-12-01 00:00:00
CUS_0x0699,User1689,57,889-79-2689,Clerk,2024-12-01,2024-12-01 00:00:00
CUS_0x069a,User1690,58,890-80-2690,Artist,2024-12-01,2024-12-01 00:00:00
CUS_0x069b,User1691,59,891-81-2691,"",2024-12-01,2024-12-01 00:00:00
CUS_0x069c,User1692,60,892-82-2692,Engineer,2024-12-01,2024-12-01 00:00:00
CUS_0x069d,User1693,61,893-83-2693,Teacher,2024-12-01,2024-12-01 00:00:00
CUS_0x069e,User1694,62,894-84-2694,Doctor,2024-12-01,2024-12-01 00:00:00
CUS_0x069f,User1695,63,895-85-2695,Clerk,2024-12-01,2024-12-01 00:00:00
CUS_0x06a0,User1696,64,896-86-2696,Artist,2024-12-01,2024-12-01 00:00:00
CUS_0x06a1,User1697,65,897-87-2697,"",2024-12-01,2024-12-01 00:00:00
CUS_0x06a2,User1698,66,898-88-2698,Engineer,2024-12-01,2024-12-01 00:00:00
CUS_0x06a3,User1699,67,899-89-2699,Teacher,2024-12-01,2024-12-01 00:00:00
CUS_0x06a4,User1700,68,900-90-2700,Doctor,2024-12-01,2024-12-01 00:00:00
CUS_0x06a5,User1701,69,901-91-2701,Clerk,2024-12-01,2024-12-01 00:00:00
CUS_0x06a6,User1702,70,902-92-2702,Artist,2024-12-01,2024-12-01 00:00:00
CUS_0x06a7,User1703,71,903-93-2703,"",2024-12-01,2024-12-01 00:00:00
CUS_0x06a8,User1704,72,904-94-2704,Engineer,2024-12-01,2024-12-01 00:00:00
CUS_0x06a9,User1705,18,905-95-2705,Teacher,2024-12-01,2024-12-01 00:00:00
CUS_0x06aa,User1706,19,906-96-2706,Doctor,2024-12-01,2024-12-01 00:00:00
CUS_0x06ab,User1707,20,907-97-2707,Clerk,2024-12-01,2024-12-01 00:00:00
CUS_0x06ac,User1708,21,908-98-2708,Artist,2024-12-01,2024-12-01 00:00:00
CUS_0x06ad,User1709,22,909-99-2709,"",2024-12-01,2024-12-01 00:00:00
CUS_0x06ae,User1710,23,910-10-2710,Engineer,2024-12-01,2024-12-01 00:00:00
CUS_0x06af,User1711,24,911-11-2711,Teacher,2024-12-01,2024-12-01 00:00:00
CUS_0x06b0,User1712,25,912-12-2712,Doctor,2024-12-01,2024-12-01 00:00:00
CUS_0x06b1,User1713,26,913-13-2713,Clerk,2024-12-01,2024-12-01 00:00:00
CUS_0x06b2,User1714,27,914-14-2714,Artist,2024-12-01,2024-12-01 00:00:00
CUS_0x06b3,User1715,28,915-15-2715,"",2024-12-01,2024-12-01 00:00:00
CUS_0x06b4,User1716,29,916-16-2716,Engineer,2024-12-01,2024-12-01 00:00:00
CUS_0x06b5,User1717,30,917-17-2717,Teacher,2024-12-01,2024-12-01 00:00:00
CUS_0x06b6,User1718,31,918-18-2718,Doctor,2024-12-01,2024-12-01 00:00:00
CUS_0x06b7,User1719,32,919-19-2719,Clerk,2024-12-01,2024-12-01 00:00:00
CUS_0x06b8,User1720,33,920-20-2720,Artist,2024-12-01,2024-12-01 00:00:00
CUS_0x06b9,User1721,34,921-21-2721,"",2024-12-01,2024-12-01 00:00:00
CUS_0x06ba,User1722,35,922-22-2722,Engineer,2024-12-01,2024-12-01 00:00:00
CUS_0x06bb,User1723,36,923-23-2723,Teacher,2024-12-01,2024-12-01 00:00:00
CUS_0x06bc,User1724,37,924-24-2724,Doctor,2024-12-01,2024-12-01 00:00:00
CUS_0x06bd,User1725,38,925-25-2725,Clerk,2024-12-01,2024-12-01 00:00:00
CUS_0x06be,User1726,39,926-26-2726,Artist,2024-12-01,2024-12-01 00:00:00
CUS_0x06bf,User1727,40,927-27-2727,"",2024-12-01,2024-12-01 00:00:00
CUS_0x06c0,User1728,41,928-28-2728,Engineer,2024-12-01,2024-12-01 00:00:00
CUS_0x06c1,User1729,42,929-29-2729,Teacher,2024-12-01,2024-12-01 00:00:00
CUS_0x06c2,User1730,43,930-30-2730,Doctor,2024-12-01,2024-12-01 00:00:00
CUS_0x06c3,User1731,44,931-31-2731,Clerk,2024-12-01,2024-12-01 00:00:00
CUS_0x06c4,User1732,45,932-32-2732,Artist,2024-12-01,2024-12-01 00:00:00
CUS_0x06c5,User1733,46,933-33-2733,"",2024-12-01,2024-12-01 00:00:00
CUS_0x06c6,User1734,47,934-34-2734,Engineer,2024-12-01,2024-12-01 00:00:00
CUS_0x06c7,User1735,48,935-35-2735,Teacher,2024-12-01,2024-12-01 00:00:00
CUS_0x06c8,User1736,49,936-36-2736,Doctor,2024-12-01,2024-12-01 00:00:00
CUS_0x06c9,User1737,50,937-37-2737,Clerk,2024-12-01,2024-12-01 00:00:00
CUS_0x06ca,User1738,51,938-38-2738,Artist,2024-12-01,2024-12-01 00:00:00
CUS_0x06cb,User1739,52,939-39-2739,"",2024-12-01,2024-12-01 00:00:00
CUS_0x06cc,User1740,53,940-40-2740,Engineer,2024-12-01,2024-12-01 00:00:00
CUS_0x06cd,User1741,54,941-41-2741,Teacher,2024-12-01,2024-12-01 00:00:00
CUS_0x06ce,User1742,55,942-42-2742,Doctor,2024-12-01,2024-12-01 00:00:00
CUS_0x06cf,User1743,56,943-43-2743,Clerk,2024-12-01,2024-12-01 00:00:00
CUS_0x06d0,User1744,57,944-44-2744,Artist,2024-12-01,2024-12-01 00:00:00
CUS_0x06d1,User1745,58,945-45-2745,"",2024-12-01,2024-12-01 00:00:00
CUS_0x06d2,User1746,59,946-46-2746,Engineer,2024-12-01,2024-12-01 00:00:00
CUS_0x06d3,User1747,60,947-47-2747,Teacher,2024-12-01,2024-12-01 00:00:00
CUS_0x06d4,User1748,61,948-48-2748,Doctor,2024-12-01,2024-12-01 00:00:00
CUS_0x06d5,User1749,62,949-49-2749,Clerk,2024-12-01,2024-12-01 00:00:00
CUS_0x06d6,User1750,63,950-50-2750,Artist,2024-12-01,2024-12-01 00:00:00
CUS_0x06d7,User1751,64,951-51-2751,"",2024-12-01,2024-12-01 00:00:00
CUS_0x06d8,User1752,65,952-52-2752,Engineer,2024-12-01,2024-12-01 00:00:00
CUS_0x06d9,User1753,66,953-53-2753,Teacher,2024-12-01,2024-12-01 00:00:00
CUS_0x06da,User1754,67,954-54-2754,Doctor,2024-12-01,2024-12-01 00:00:00
CUS_0x06db,User1755,68,955-55-2755,Clerk,2024-12-01,2024-12-01 00:00:00
CUS_0x06dc,User1756,69,956-56-2756,Artist,2024-12-01,2024-12-01 00:00:00
CUS_0x06dd,User1757,70,957-57-2757,"",2024-12-01,2024-12-01 00:00:00
CUS_0x06de,User1758,71,958-58-2758,Engineer,2024-12-01,2024-12-01 00:00:00
CUS_0x06df,User1759,72,959-59-2759,Teacher,2024-12-01,2024-12-01 00:00:00
CUS_0x06e0,User1760,18,960-60-2760,Doctor,2024-12-01,2024-12-01 00:00:00
CUS_0x06e1,User1761,19,961-61-2761,Clerk,2024-12-01,2024-12-01 00:00:00
CUS_0x06e2,User1762,20,962-62-2762,Artist,2024-12-01,2024-12-01 00:00:00
CUS_0x06e3,User1763,21,963-63-2763,"",2024-12-01,2024-12-01 00:00:00
CUS_0x06e4,User1764,22,964-64-2764,Engineer,2024-12-01,2024-12-01 00:00:00
CUS_0x06e5,User1765,23,965-65-2765,Teacher,2024-12-01,2024-12-01 00:00:00
CUS_0x06e6,User1766,24,966-66-2766,Doctor,2024-12-01,2024-12-01 00:00:00
CUS_0x06e7,User1767,25,967-67-2767,Clerk,2024-12-01,2024-12-01 00:00:00
CUS_0x06e8,User1768,26,968-68-2768,Artist,2024-12-01,2024-12-01 00:00:00
CUS_0x06e9,User1769,27,969-69-2769,"",2024-12-01,2024-12-01 00:00:00
CUS_0x06ea,User1770,28,970-70-2770,Engineer,2024-12-01,2024-12-01 00:00:00
CUS_0x06eb,User1771,29,971-71-2771,Teacher,2024-12-01,2024-12-01 00:00:00
CUS_0x06ec,User1772,30,972-72-2772,Doctor,2024-12-01,2024-12-01 00:00:00
CUS_0x06ed,User1773,31,973-73-2773,Clerk,2024-12-01,2024-12-01 00:00:00
CUS_0x06ee,User1774,32,974-74-2774,Artist,2024-12-01,2024-12-01 00:00:00
CUS_0x06ef,User1775,33,975-75-2775,"",2024-12-01,2024-12-01 00:00:00
CUS_0x06f0,User1776,34,976-76-2776,Engineer,2024-12-01,2024-12-01 00:00:00
CUS_0x06f1,User1777,35,977-77-2777,Teacher,2024-12-01,2024-12-01 00:00:00
CUS_0x06f2,User1778,36,978-78-2778,Doctor,2024-12-01,2024-12-01 00:00:00
CUS_0x06f3,User1779,37,979-79-2779,Clerk,2024-12-01,2024-12-01 00:00:00
CUS_0x06f4,User1780,38,980-80-2780,Artist,2024-12-01,2024-12-01 00:00:00
CUS_0x06f5,User1781,39,981-81-2781,"",2024-12-01,2024-12-01 00:00:00
CUS_0x06f6,User1782,40,982-82-2782,Engineer,2024-12-01,2024-12-01 00:00:00
CUS_0x06f7,User1783,41,983-83-2783,Teacher,2024-12-01,2024-12-01 00:00:00
CUS_0x06f8,User1784,42,984-84-2784,Doctor,2024-12-01,2024-12-01 00:00:00
CUS_0x06f9,User1785,43,985-85-2785,Clerk,2024-12-01,2024-12-01 00:00:00
CUS_0x06fa,User1786,44,986-86-2786,Artist,2024-12-01,2024-12-01 00:00:00
CUS_0x06fb,User1787,45,987-87-2787,"",2024-12-01,2024-12-01 00:00:00
CUS_0x06fc,User1788,46,988-88-2788,Engineer,2024-12-01,2024-12-01 00:00:00
CUS_0x06fd,User1789,47,989-89-2789,Teacher,2024-12-01,2024-12-01 00:00:00
CUS_0x06fe,User1790,48,990-90-2790,Doctor,2024-12-01,2024-12-01 00:00:00
CUS_0x06ff,User1791,49,991-91-2791,Clerk,2024-12-01,2024-12-01 00:00:00
CUS_0x0700,User1792,50,992-92-2792,Artist,2024-12-01,2024-12-01 00:00:00
CUS_0x0701,User1793,51,993-93-2793,"",2024-12-01,2024-12-01 00:00:00
CUS_0x0702,User1794,52,994-94-2794,Engineer,2024-12-01,2024-12-01 00:00:00
CUS_0x0703,User1795,53,995-95-2795,Teacher,2024-12-01,2024-12-01 00:00:00
CUS_0x0704,User1796,54,996-96-2796,Doctor,2024-12-01,2024-12-01 00:00:00
CUS_0x0705,User1797,55,997-97-2797,Clerk,2024-12-01,2024-12-01 00:00:00
CUS_0x0706,User1798,56,998-98-2798,Artist,2024-12-01,2024-12-01 00:00:00
CUS_0x0707,User1799,57,999-99-2799,"",2024-12-01,2024-12-01 00:00:00
CUS_0x0708,User1800,58,100-10-2800,Engineer,2024-12-01,2024-12-01 00:00:00
CUS_0x0709,User1801,59,101-11-2801,Teacher,2024-12-01,2024-12-01 00:00:00
CUS_0x070a,User1802,60,102-12-2802,Doctor,2024-12-01,2024-12-01 00:00:00
CUS_0x070b,User1803,61,103-13-2803,Clerk,2024-12-01,2024-12-01 00:00:00
CUS_0x070c,User1804,62,104-14-2804,Artist,2024-12-01,2024-12-01 00:00:00
CUS_0x070d,User1805,63,105-15-2805,"",2024-12-01,2024-12-01 00:00:00
CUS_0x070e,User1806,64,106-16-2806,Engineer,2024-12-01,2024-12-01 00:00:00
CUS_0x070f,User1807,65,107-17-2807,Teacher,2024-12-01,2024-12-01 00:00:00
CUS_0x0710,User1808,66,108-18-2808,Doctor,2024-12-01,2024-12-01 00:00:00
CUS_0x0711,User1809,67,109-19-2809,Clerk,2024-12-01,2024-12-01 00:00:00
CUS_0x0712,User1810,68,110-20-2810,Artist,2024-12-01,2024-12-01 00:00:00
CUS_0x0713,User1811,69,111-21-2811,"",2024-12-01,2024-12-01 00:00:00
CUS_0x0714,User1812,70,112-22-2812,Engineer,2024-12-01,2024-12-01 00:00:00
CUS_0x0715,User1813,71,113-23-2813,Teacher,2024-12-01,2024-12-01 00:00:00
CUS_0x0716,User1814,72,114-24-2814,Doctor,2024-12-01,2024-12-01 00:00:00
CUS_0x0717,User1815,18,115-25-2815,Clerk,2024-12-01,2024-12-01 00:00:00
CUS_0x0718,User1816,19,116-26-2816,Artist,2024-12-01,2024-12-01 00:00:00
CUS_0x0719,User1817,20,117-27-2817,"",2024-12-01,2024-12-01 00:00:00
CUS_0x071a,User1818,21,118-28-2818,Engineer,2024-12-01,2024-12-01 00:00:00
CUS_0x071b,User1819,22,119-29-2819,Teacher,2024-12-01,2024-12-01 00:00:00
CUS_0x071c,User1820,23,120-30-2820,Doctor,2024-12-01,2024-12-01 00:00:00
CUS_0x071d,User1821,24,121-31-2821,Clerk,2024-12-01,2024-12-01 00:00:00
CUS_0x071e,User1822,25,122-32-2822,Artist,2024-12-01,2024-12-01 00:00:00
CUS_0x071f,User1823,26,123-33-2823,"",2024-12-01,2024-12-01 00:00:00
CUS_0x0720,User1824,27,124-34-2824,Engineer,2024-12-01,2024-12-01 00:00:00
CUS_0x0721,User1825,28,125-35-2825,Teacher,2024-12-01,2024-12-01 00:00:00
CUS_0x0722,User1826,29,126-36-2826,Doctor,2024-12-01,2024-12-01 00:00:00
CUS_0x0723,User1827,30,127-37-2827,Clerk,2024-12-01,2024-12-01 00:00:00
CUS_0x0724,User1828,31,128-38-2828,Artist,2024-12-01,2024-12-01 00:00:00
CUS_0x0725,User1829,32,129-39-2829,"",2024-12-01,2024-12-01 00:00:00
CUS_0x0726,User1830,33,130-40-2830,Engineer,2024-12-01,2024-12-01 00:00:00
CUS_0x0727,User1831,34,131-41-2831,Teacher,2024-12-01,2024-12-01 00:00:00
CUS_0x0728,User1832,35,132-42-2832,Doctor,2024-12-01,2024-12-01 00:00:00
CUS_0x0729,User1833,36,133-43-2833,Clerk,2024-12-01,2024-12-01 00:00:00
CUS_0x072a,User1834,37,134-44-2834,Artist,2024-12-01,2024-12-01 00:00:00
CUS_0x072b,User1835,38,135-45-2835,"",2024-12-01,2024-12-01 00:00:00
CUS_0x072c,User1836,39,136-46-2836,Engineer,2024-12-01,2024-12-01 00:00:00
CUS_0x072d,User1837,40,137-47-2837,Teacher,2024-12-01,2024-12-01 00:00:00
CUS_0x072e,User1838,41,138-48-2838,Doctor,2024-12-01,2024-12-01 00:00:00
CUS_0x072f,User1839,42,139-49-2839,Clerk,2024-12-01,2024-12-01 00:00:00
CUS_0x0730,User1840,43,140-50-2840,Artist,2024-12-01,2024-12-01 00:00:00
CUS_0x0731,User1841,44,141-51-2841,"",2024-12-01,2024-12-01 00:00:00
CUS_0x0732,User1842,45,142-52-2842,Engineer,2024-12-01,2024-12-01 00:00:00
CUS_0x0733,User1843,46,143-53-2843,Teacher,2024-12-01,2024-12-01 00:00:00
CUS_0x0734,User1844,47,144-54-2844,Doctor,2024-12-01,2024-12-01 00:00:00
CUS_0x0735,User1845,48,145-55-2845,Clerk,2024-12-01,2024-12-01 00:00:00
CUS_0x0736,User1846,49,146-56-2846,Artist,2024-12-01,2024-12-01 00:00:00
CUS_0x0737,User1847,50,147-57-2847,"",2024-12-01,2024-12-01 00:00:00
CUS_0x0738,User1848,51,148-58-2848,Engineer,2024-12-01,2024-12-01 00:00:00
CUS_0x0739,User1849,52,149-59-2849,Teacher,2024-12-01,2024-12-01 00:00:00
CUS_0x073a,User1850,53,150-60-2850,Doctor,2024-12-01,2024-12-01 00:00:00
CUS_0x073b,User1851,54,151-61-2851,Clerk,2024-12-01,2024-12-01 00:00:00
CUS_0x073c,User1852,55,152-62-2852,Artist,2024-12-01,2024-12-01 00:00:00
CUS_0x073d,User1853,56,153-63-2853,"",2024-12-01,2024-12-01 00:00:00
CUS_0x073e,User1854,57,154-64-2854,Engineer,2024-12-01,2024-12-01 00:00:00
CUS_0x073f,User1855,58,155-65-2855,Teacher,2024-12-01,2024-12-01 00:00:00
CUS_0x0740,User1856,59,156-66-2856,Doctor,2024-12-01,2024-12-01 00:00:00
CUS_0x0741,User1857,60,157-67-2857,Clerk,2024-12-01,2024-12-01 00:00:00
CUS_0x0742,User1858,61,158-68-2858,Artist,2024-12-01,2024-12-01 00:00:00
CUS_0x0743,User1859,62,159-69-2859,"",2024-12-01,2024-12-01 00:00:00
CUS_0x0744,User1860,63,160-70-2860,Engineer,2024-12-01,2024-12-01 00:00:00
CUS_0x0745,User1861,64,161-71-2861,Teacher,2024-12-01,2024-12-01 00:00:00
CUS_0x0746,User1862,65,162-72-2862,Doctor,2024-12-01,2024-12-01 00:00:00
CUS_0x0747,User1863,66,163-73-2863,Clerk,2024-12-01,2024-12-01 00:00:00
CUS_0x0748,User1864,67,164-74-2864,Artist,2024-12-01,2024-12-01 00:00:00
CUS_0x0749,User1865,68,165-75-2865,"",2024-12-01,2024-12-01 00:00:00
CUS_0x074a,User1866,69,166-76-2866,Engineer,2024-12-01,2024-12-01 00:00:00
CUS_0x074b,User1867,70,167-77-2867,Teacher,2024-12-01,2024-12-01 00:00:00
CUS_0x074c,User1868,71,168-78-2868,Doctor,2024-12-01,2024-12-01 00:00:00
CUS_0x074d,User1869,72,169-79-2869,Clerk,2024-12-01,2024-12-01 00:00:00
CUS_0x074e,User1870,18,170-80-2870,Artist,2024-12-01,2024-12-01 00:00:00
CUS_0x074f,User1871,19,171-81-2871,"",2024-12-01,2024-12-01 00:00:00
CUS_0x0750,User1872,20,172-82-2872,Engineer,2024-12-01,2024-12-01 00:00:00
CUS_0x0751,User1873,21,173-83-2873,Teacher,2024-12-01,2024-12-01 00:00:00
CUS_0x0752,User1874,22,174-84-2874,Doctor,2024-12-01,2024-12-01 00:00:00
CUS_0x0753,User1875,23,175-85-2875,Clerk,2024-12-01,2024-12-01 00:00:00
CUS_0x0754,User1876,24,176-86-2876,Artist,2024-12-01,2024-12-01 00:00:00
CUS_0x0755,User1877,25,177-87-2877,"",2024-12-01,2024-12-01 00:00:00
CUS_0x0756,User1878,26,178-88-2878,Engineer,2024-12-01,2024-12-01 00:00:00
CUS_0x0757,User1879,27,179-89-2879,Teacher,2024-12-01,2024-12-01 00:00:00
CUS_0x0758,User1880,28,180-90-2880,Doctor,2024-12-01,2024-12-01 00:00:00
CUS_0x0759,User1881,29,181-91-2881,Clerk,2024-12-01,2024-12-01 00:00:00
CUS_0x075a,User1882,30,182-92-2882,Artist,2024-12-01,2024-12-01 00:00:00
CUS_0x075b,User1883,31,183-93-2883,"",2024-12-01,2024-12-01 00:00:00
CUS_0x075c,User1884,32,184-94-2884,Engineer,2024-12-01,2024-12-01 00:00:00
CUS_0x075d,User1885,33,185-95-2885,Teacher,2024-12-01,2024-12-01 00:00:00
CUS_0x075e,User1886,34,186-96-2886,Doctor,2024-12-01,2024-12-01 00:00:00
CUS_0x075f,User1887,35,187-97-2887,Clerk,2024-12-01,2024-12-01 00:00:00
CUS_0x0760,User1888,36,188-98-2888,Artist,2024-12-01,2024-12-01 00:00:00
CUS_0x0761,User1889,37,189-99-2889,"",2024-12-01,2024-12-01 00:00:00
CUS_0x0762,User1890,38,190-10-2890,Engineer,2024-12-01,2024-12-01 00:00:00
CUS_0x0763,User1891,39,191-11-2891,Teacher,2024-12-01,2024-12-01 00:00:00
CUS_0x0764,User1892,40,192-12-2892,Doctor,2024-12-01,2024-12-01 00:00:00
CUS_0x0765,User1893,41,193-13-2893,Clerk,2024-12-01,2024-12-01 00:00:00
CUS_0x0766,User1894,42,194-14-2894,Artist,2024-12-01,2024-12-01 00:00:00
CUS_0x0767,User1895,43,195-15-2895,"",2024-12-01,2024-12-01 00:00:00
CUS_0x0768,User1896,44,196-16-2896,Engineer,2024-12-01,2024-12-01 00:00:00
CUS_0x0769,User1897,45,197-17-2897,Teacher,2024-12-01,2024-12-01 00:00:00
CUS_0x076a,User1898,46,198-18-2898,Doctor,2024-12-01,2024-12-01 00:00:00
CUS_0x076b,User1899,47,199-19-2899,Clerk,2024-12-01,2024-12-01 00:00:00
CUS_0x076c,User1900,48,200-20-2900,Artist,2024-12-01,2024-12-01 00:00:00
CUS_0x076d,User1901,49,201-21-2901,"",2024-12-01,2024-12-01 00:00:00
CUS_0x076e,User1902,50,202-22-2902,Engineer,2024-12-01,2024-12-01 00:00:00
CUS_0x076f,User1903,51,203-23-2903,Teacher,2024-12-01,2024-12-01 00:00:00
CUS_0x0770,User1904,52,204-24-2904,Doctor,2024-12-01,2024-12-01 00:00:00
CUS_0x0771,User1905,53,205-25-2905,Clerk,2024-12-01,2024-12-01 00:00:00
CUS_0x0772,User1906,54,206-26-2906,Artist,2024-12-01,2024-12-01 00:00:00
CUS_0x0773,User1907,55,207-27-2907,"",2024-12-01,2024-12-01 00:00:00
CUS_0x0774,User1908,56,208-28-2908,Engineer,2024-12-01,2024-12-01 00:00:00
CUS_0x0775,User1909,57,209-29-2909,Teacher,2024-12-01,2024-12-01 00:00:00
CUS_0x0776,User1910,58,210-30-2910,Doctor,2024-12-01,2024-12-01 00:00:00
CUS_0x0777,User1911,59,211-31-2911,Clerk,2024-12-01,2024-12-01 00:00:00
CUS_0x0778,User1912,60,212-32-2912,Artist,2024-12-01,2024-12-01 00:00:00
CUS_0x0779,User1913,61,213-33-2913,"",2024-12-01,2024-12-01 00:00:00
CUS_0x077a,User1914,62,214-34-2914,Engineer,2024-12-01,2024-12-01 00:00:00
CUS_0x077b,User1915,63,215-35-2915,Teacher,2024-12-01,2024-12-01 00:00:00
CUS_0x077c,User1916,64,216-36-2916,Doctor,2024-12-01,2024-12-01 00:00:00
CUS_0x077d,User1917,65,217-37-2917,Clerk,2024-12-01,2024-12-01 00:00:00
CUS_0x077e,User1918,66,218-38-2918,Artist,2024-12-01,2024-12-01 00:00:00
CUS_0x077f,User1919,67,219-39-2919,"",2024-12-01,2024-12-01 00:00:00
CUS_0x0780,User1920,68,220-40-2920,Engineer,2024-12-01,2024-12-01 00:00:00
CUS_0x0781,User1921,69,221-41-2921,Teacher,2024-12-01,2024-12-01 00:00:00
CUS_0x0782,User1922,70,222-42-2922,Doctor,2024-12-01,2024-12-01 00:00:00
CUS_0x0783,User1923,71,223-43-2923,Clerk,2024-12-01,2024-12-01 00:00:00
CUS_0x0784,User1924,72,224-44-2924,Artist,2024-12-01,2024-12-01 00:00:00
CUS_0x0785,User1925,18,225-45-2925,"",2024-12-01,2024-12-01 00:00:00
CUS_0x0786,User1926,19,226-46-2926,Engineer,2024-12-01,2024-12-01 00:00:00
CUS_0x0787,User1927,20,227-47-2927,Teacher,2024-12-01,2024-12-01 00:00:00
CUS_0x0788,User1928,21,228-48-2928,Doctor,2024-12-01,2024-12-01 00:00:00
CUS_0x0789,User1929,22,229-49-2929,Clerk,2024-12-01,2024-12-01 00:00:00
CUS_0x078a,User1930,23,230-50-2930,Artist,2024-12-01,2024-12-01 00:00:00
CUS_0x078b,User1931,24,231-51-2931,"",2024-12-01,2024-12-01 00:00:00
CUS_0x078c,User1932,25,232-52-2932,Engineer,2024-12-01,2024-12-01 00:00:00
CUS_0x078d,User1933,26,233-53-2933,Teacher,2024-12-01,2024-12-01 00:00:00
CUS_0x078e,User1934,27,234-54-2934,Doctor,2024-12-01,2024-12-01 00:00:00
CUS_0x078f,User1935,28,235-55-2935,Clerk,2024-12-01,2024-12-01 00:00:00
CUS_0x0790,User1936,29,236-56-2936,Artist,2024-12-01,2024-12-01 00:00:00
CUS_0x0791,User1937,30,237-57-2937,"",2024-12-01,2024-12-01 00:00:00
CUS_0x0792,User1938,31,238-58-2938,Engineer,2024-12-01,2024-12-01 00:00:00
CUS_0x0793,User1939,32,239-59-2939,Teacher,2024-12-01,2024-12-01 00:00:00
CUS_0x0794,User1940,33,240-60-2940,Doctor,2024-12-01,2024-12-01 00:00:00
CUS_0x0795,User1941,34,241-61-2941,Clerk,2024-12-01,2024-12-01 00:00:00
CUS_0x0796,User1942,35,242-62-2942,Artist,2024-12-01,2024-12-01 00:00:00
CUS_0x0797,User1943,36,243-63-2943,"",2024-12-01,2024-12-01 00:00:00
CUS_0x0798,User1944,37,244-64-2944,Engineer,2024-12-01,2024-12-01 00:00:00
CUS_0x0799,User1945,38,245-65-2945,Teacher,2024-12-01,2024-12-01 00:00:00
CUS_0x079a,User1946,39,246-66-2946,Doctor,2024-12-01,2024-12-01 00:00:00
CUS_0x079b,User1947,40,247-67-2947,Clerk,2024-12-01,2024-12-01 00:00:00
CUS_0x079c,User1948,41,248-68-2948,Artist,2024-12-01,2024-12-01 00:00:00
CUS_0x079d,User1949,42,249-69-2949,"",2024-12-01,2024-12-01 00:00:00
CUS_0x079e,User1950,43,250-70-2950,Engineer,2024-12-01,2024-12-01 00:00:00
CUS_0x079f,User1951,44,251-71-2951,Teacher,2024-12-01,2024-12-01 00:00:00
CUS_0x07a0,User1952,45,252-72-2952,Doctor,2024-12-01,2024-12-01 00:00:00
CUS_0x07a1,User1953,46,253-73-2953,Clerk,2024-12-01,2024-12-01 00:00:00
CUS_0x07a2,User1954,47,254-74-2954,Artist,2024-12-01,2024-12-01 00:00:00
CUS_0x07a3,User1955,48,255-75-2955,"",2024-12-01,2024-12-01 00:00:00
CUS_0x07a4,User1956,49,256-76-2956,Engineer,2024-12-01,2024-12-01 00:00:00
CUS_0x07a5,User1957,50,257-77-2957,Teacher,2024-12-01,2024-12-01 00:00:00
CUS_0x07a6,User1958,51,258-78-2958,Doctor,2024-12-01,2024-12-01 00:00:00
CUS_0x07a7,User1959,52,259-79-2959,Clerk,2024-12-01,2024-12-01 00:00:00
CUS_0x07a8,User1960,53,260-80-2960,Artist,2024-12-01,2024-12-01 00:00:00
CUS_0x07a9,User1961,54,261-81-2961,"",2024-12-01,2024-12-01 00:00:00
CUS_0x07aa,User1962,55,262-82-2962,Engineer,2024-12-01,2024-12-01 00:00:00
CUS_0x07ab,User1963,56,263-83-2963,Teacher,2024-12-01,2024-12-01 00:00:00
CUS_0x07ac,User1964,57,264-84-2964,Doctor,2024-12-01,2024-12-01 00:00:00
CUS_0x07ad,User1965,58,265-85-2965,Clerk,2024-12-01,2024-12-01 00:00:00
CUS_0x07ae,User1966,59,266-86-2966,Artist,2024-12-01,2024-12-01 00:00:00
CUS_0x07af,User1967,60,267-87-2967,"",2024-12-01,2024-12-01 00:00:00
CUS_0x07b0,User1968,61,268-88-2968,Engineer,2024-12-01,2024-12-01 00:00:00
CUS_0x07b1,User1969,62,269-89-2969,Teacher,2024-12-01,2024-12-01 00:00:00
CUS_0x07b2,User1970,63,270-90-2970,Doctor,2024-12-01,2024-12-01 00:00:00
CUS_0x07b3,User1971,64,271-91-2971,Clerk,2024-12-01,2024-12-01 00:00:00
CUS_0x07b4,User1972,65,272-92-2972,Artist,2024-12-01,2024-12-01 00:00:00
CUS_0x07b5,User1973,66,273-93-2973,"",2024-12-01,2024-12-01 00:00:00
CUS_0x07b6,User1974,67,274-94-2974,Engineer,2024-12-01,2024-12-01 00:00:00
CUS_0x07b7,User1975,68,275-95-2975,Teacher,2024-12-01,2024-12-01 00:00:00
CUS_0x07b8,User1976,69,276-96-2976,Doctor,2024-12-01,2024-12-01 00:00:00
CUS_0x07b9,User1977,70,277-97-2977,Clerk,2024-12-01,2024-12-01 00:00:00
CUS_0x07ba,User1978,71,278-98-2978,Artist,2024-12-01,2024-12-01 00:00:00
CUS_0x07bb,User1979,72,279-99-2979,"",2024-12-01,2024-12-01 00:00:00
CUS_0x07bc,User1980,18,280-10-2980,Engineer,2024-12-01,2024-12-01 00:00:00
CUS_0x07bd,User1981,19,281-11-2981,Teacher,2024-12-01,2024-12-01 00:00:00
CUS_0x07be,User1982,20,282-12-2982,Doctor,2024-12-01,2024-12-01 00:00:00
CUS_0x07bf,User1983,21,283-13-2983,Clerk,2024-12-01,2024-12-01 00:00:00
CUS_0x07c0,User1984,22,284-14-2984,Artist,2024-12-01,2024-12-01 00:00:00
CUS_0x07c1,User1985,23,285-15-2985,"",2024-12-01,2024-12-01 00:00:00
CUS_0x07c2,User1986,24,286-16-2986,Engineer,2024-12-01,2024-12-01 00:00:00
CUS_0x07c3,User1987,25,287-17-2987,Teacher,2024-12-01,2024-12-01 00:00:00
CUS_0x07c4,User1988,26,288-18-2988,Doctor,2024-12-01,2024-12-01 00:00:00
CUS_0x07c5,User1989,27,289-19-2989,Clerk,2024-12-01,2024-12-01 00:00:00
CUS_0x07c6,User1990,28,290-20-2990,Artist,2024-12-01,2024-12-01 00:00:00
CUS_0x07c7,User1991,29,291-21-2991,"",2024-12-01,2024-12-01 00:00:00
CUS_0x07c8,User1992,30,292-22-2992,Engineer,2024-12-01,2024-12-01 00:00:00
CUS_0x07c9,User1993,31,293-23-2993,Teacher,2024-12-01,2024-12-01 00:00:00
CUS_0x07ca,User1994,32,294-24-2994,Doctor,2024-12-01,2024-12-01 00:00:00
CUS_0x07cb,User1995,33,295-25-2995,Clerk,2024-12-01,2024-12-01 00:00:00
CUS_0x07cc,User1996,34,296-26-2996,Artist,2024-12-01,2024-12-01 00:00:00
CUS_0x07cd,User1997,35,297-27-2997,"",2024-12-01,2024-12-01 00:00:00
CUS_0x07ce,User1998,36,298-28-2998,Engineer,2024-12-01,2024-12-01 00:00:00
CUS_0x07cf,User1999,37,299-29-2999,Teacher,2024-12-01,2024-12-01 00:00:00
CUS_0x07d0,User2000,38,300-30-3000,Doctor,2024-12-01,2024-12-01 00:00:00
CUS_0x07d1,User2001,39,301-31-3001,Clerk,2024-12-01,2024-12-01 00:00:00
CUS_0x07d2,User2002,40,302-32-3002,Artist,2024-12-01,2024-12-01 00:00:00
CUS_0x07d3,User2003,41,303-33-3003,"",2024-12-01,2024-12-01 00:00:00
CUS_0x07d4,User2004,42,304-34-3004,Engineer,2024-12-01,2024-12-01 00:00:00
CUS_0x07d5,User2005,43,305-35-3005,Teacher,2024-12-01,2024-12-01 00:00:00
CUS_0x07d6,User2006,44,306-36-3006,Doctor,2024-12-01,2024-12-01 00:00:00
CUS_0x07d7,User2007,45,307-37-3007,Clerk,2024-12-01,2024-12-01 00:00:00
CUS_0x07d8,User2008,46,308-38-3008,Artist,2024-12-01,2024-12-01 00:00:00
CUS_0x07d9,User2009,47,309-39-3009,"",2024-12-01,2024-12-01 00:00:00
CUS_0x07da,User2010,48,310-40-3010,Engineer,2024-12-01,2024-12-01 00:00:00
CUS_0x07db,User2011,49,311-41-3011,Teacher,2024-12-01,2024-12-01 00:00:00
CUS_0x07dc,User2012,50,312-42-3012,Doctor,2024-12-01,2024-12-01 00:00:00
CUS_0x07dd,User2013,51,313-43-3013,Clerk,2024-12-01,2024-12-01 00:00:00
CUS_0x07de,User2014,52,314-44-3014,Artist,2024-12-01,2024-12-01 00:00:00
CUS_0x07df,User2015,53,315-45-3015,"",2024-12-01,2024-12-01 00:00:00
CUS_0x07e0,User2016,54,316-46-3016,Engineer,2024-12-01,2024-12-01 00:00:00
CUS_0x07e1,User2017,55,317-47-3017,Teacher,2024-12-01,2024-12-01 00:00:00
CUS_0x07e2,User2018,56,318-48-3018,Doctor,2024-12-01,2024-12-01 00:00:00
CUS_0x07e3,User2019,57,319-49-3019,Clerk,2024-12-01,2024-12-01 00:00:00
CUS_0x07e4,User2020,58,320-50-3020,Artist,2024-12-01,2024-12-01 00:00:00
CUS_0x07e5,User2021,59,321-51-3021,"",2024-12-01,2024-12-01 00:00:00
CUS_0x07e6,User2022,60,322-52-3022,Engineer,2024-12-01,2024-12-01 00:00:00
CUS_0x07e7,User2023,61,323-53-3023,Teacher,2024-12-01,2024-12-01 00:00:00
CUS_0x07e8,User2024,62,324-54-3024,Doctor,2024-12-01,2024-12-01 00:00:00
CUS_0x07e9,User2025,63,325-55-3025,Clerk,2024-12-01,2024-12-01 00:00:00
CUS_0x07ea,User2026,64,326-56-3026,Artist,2024-12-01,2024-12-01 00:00:00
CUS_0x07eb,User2027,65,327-57-3027,"",2024-12-01,2024-12-01 00:00:00
CUS_0x07ec,User2028,66,328-58-3028,Engineer,2024-12-01,2024-12-01 00:00:00
CUS_0x07ed,User2029,67,329-59-3029,Teacher,2024-12-01,2024-12-01 00:00:00
CUS_0x07ee,User2030,68,330-60-3030,Doctor,2024-12-01,2024-12-01 00:00:00
CUS_0x07ef,User2031,69,331-61-3031,Clerk,2024-12-01,2024-12-01 00:00:00
CUS_0x07f0,User2032,70,332-62-3032,Artist,2024-12-01,2024-12-01 00:00:00
CUS_0x07f1,User2033,71,333-63-3033,"",2024-12-01,2024-12-01 00:00:00
CUS_0x07f2,User2034,72,334-64-3034,Engineer,2024-12-01,2024-12-01 00:00:00
CUS_0x07f3,User2035,18,335-65-3035,Teacher,2024-12-01,2024-12-01 00:00:00
CUS_0x07f4,User2036,19,336-66-3036,Doctor,2024-12-01,2024-12-01 00:00:00
CUS_0x07f5,User2037,20,337-67-3037,Clerk,2024-12-01,2024-12-01 00:00:00
CUS_0x07f6,User2038,21,338-68-3038,Artist,2024-12-01,2024-12-01 00:00:00
CUS_0x07f7,User2039,22,339-69-3039,"",2024-12-01,2024-12-01 00:00:00
CUS_0x07f8,User2040,23,340-70-3040,Engineer,2024-12-01,2024-12-01 00:00:00
CUS_0x07f9,User2041,24,341-71-3041,Teacher,2024-12-01,2024-12-01 00:00:00
CUS_0x07fa,User2042,25,342-72-3042,Doctor,2024-12-01,2024-12-01 00:00:00
CUS_0x07fb,User2043,26,343-73-3043,Clerk,2024-12-01,2024-12-01 00:00:00
CUS_0x07fc,User2044,27,344-74-3044,Artist,2024-12-01,2024-12-01 00:00:00
CUS_0x07fd,User2045,28,345-75-3045,"",2024-12-01,2024-12-01 00:00:00
CUS_0x07fe,User2046,29,346-76-3046,Engineer,2024-12-01,2024-12-01 00:00:00
CUS_0x07ff,User2047,30,347-77-3047,Teacher,2024-12-01,2024-12-01 00:00:00
CUS_0x0800,User2048,31,348-78-3048,Doctor,2024-12-01,2024-12-01 00:00:00
CUS_0x0801,User2049,32,349-79-3049,Clerk,2024-12-01,2024-12-01 00:00:00
CUS_0x0802,User2050,33,350-80-3050,Artist,2024-12-01,2024-12-01 00:00:00
CUS_0x0803,User2051,34,351-81-3051,"",2024-12-01,2024-12-01 00:00:00
CUS_0x0804,User2052,35,352-82-3052,Engineer,2024-12-01,2024-12-01 00:00:00
CUS_0x0805,User2053,36,353-83-3053,Teacher,2024-12-01,2024-12-01 00:00:00
CUS_0x0806,User2054,37,354-84-3054,Doctor,2024-12-01,2024-12-01 00:00:00
CUS_0x0807,User2055,38,355-85-3055,Clerk,2024-12-01,2024-12-01 00:00:00
CUS_0x0808,User2056,39,356-86-3056,Artist,2024-12-01,2024-12-01 00:00:00
CUS_0x0809,User2057,40,357-87-3057,"",2024-12-01,2024-12-01 00:00:00
CUS_0x080a,User2058,41,358-88-3058,Engineer,2024-12-01,2024-12-01 00:00:00
CUS_0x080b,User2059,42,359-89-3059,Teacher,2024-12-01,2024-12-01 00:00:00
CUS_0x080c,User2060,43,360-90-3060,Doctor,2024-12-01,2024-12-01 00:00:00
CUS_0x080d,User2061,44,361-91-3061,Clerk,2024-12-01,2024-12-01 00:00:00
CUS_0x080e,User2062,45,362-92-3062,Artist,2024-12-01,2024-12-01 00:00:00
CUS_0x080f,User2063,46,363-93-3063,"",2024-12-01,2024-12-01 00:00:00
CUS_0x0810,User2064,47,364-94-3064,Engineer,2024-12-01,2024-12-01 00:00:00
CUS_0x0811,User2065,48,365-95-3065,Teacher,2024-12-01,2024-12-01 00:00:00
CUS_0x0812,User2066,49,366-96-3066,Doctor,2024-12-01,2024-12-01 00:00:00
CUS_0x0813,User2067,50,367-97-3067,Clerk,2024-12-01,2024-12-01 00:00:00
CUS_0x0814,User2068,51,368-98-3068,Artist,2024-12-01,2024-12-01 00:00:00
CUS_0x0815,User2069,52,369-99-3069,"",2024-12-01,2024-12-01 00:00:00
CUS_0x0816,User2070,53,370-10-3070,Engineer,2024-12-01,2024-12-01 00:00:00
CUS_0x0817,User2071,54,371-11-3071,Teacher,2024-12-01,2024-12-01 00:00:00
CUS_0x0818,User2072,55,372-12-3072,Doctor,2024-12-01,2024-12-01 00:00:00
CUS_0x0819,User2073,56,373-13-3073,Clerk,2024-12-01,2024-12-01 00:00:00
CUS_0x081a,User2074,57,374-14-3074,Artist,2024-12-01,2024-12-01 00:00:00
CUS_0x081b,User2075,58,375-15-3075,"",2024-12-01,2024-12-01 00:00:00
CUS_0x081c,User2076,59,376-16-3076,Engineer,2024-12-01,2024-12-01 00:00:00
CUS_0x081d,User2077,60,377-17-3077,Teacher,2024-12-01,2024-12-01 00:00:00
CUS_0x081e,User2078,61,378-18-3078,Doctor,2024-12-01,2024-12-01 00:00:00
CUS_0x081f,User2079,62,379-19-3079,Clerk,2024-12-01,2024-12-01 00:00:00
CUS_0x0820,User2080,63,380-20-3080,Artist,2024-12-01,2024-12-01 00:00:00
CUS_0x0821,User2081,64,381-21-3081,"",2024-12-01,2024-12-01 00:00:00
CUS_0x0822,User2082,65,382-22-3082,Engineer,2024-12-01,2024-12-01 00:00:00
CUS_0x0823,User2083,66,383-23-3083,Teacher,2024-12-01,2024-12-01 00:00:00
CUS_0x0824,User2084,67,384-24-3084,Doctor,2024-12-01,2024-12-01 00:00:00
CUS_0x0825,User2085,68,385-25-3085,Clerk,2024-12-01,2024-12-01 00:00:00
CUS_0x0826,User2086,69,386-26-3086,Artist,2024-12-01,2024-12-01 00:00:00
CUS_0x0827,User2087,70,387-27-3087,"",2024-12-01,2024-12-01 00:00:00
CUS_0x0828,User2088,71,388-28-3088,Engineer,2024-12-01,2024-12-01 00:00:00
CUS_0x0829,User2089,72,389-29-3089,Teacher,2024-12-01,2024-12-01 00:00:00
CUS_0x082a,User2090,18,390-30-3090,Doctor,2024-12-01,2024-12-01 00:00:00
CUS_0x082b,User2091,19,391-31-3091,Clerk,2024-12-01,2024-12-01 00:00:00
CUS_0x082c,User2092,20,392-32-3092,Artist,2024-12-01,2024-12-01 00:00:00
CUS_0x082d,User2093,21,393-33-3093,"",2024-12-01,2024-12-01 00:00:00
CUS_0x082e,User2094,22,394-34-3094,Engineer,2024-12-01,2024-12-01 00:00:00
CUS_0x082f,User2095,23,395-35-3095,Teacher,2024-12-01,2024-12-01 00:00:00
CUS_0x0830,User2096,24,396-36-3096,Doctor,2024-12-01,2024-12-01 00:00:00
CUS_0x0831,User2097,25,397-37-3097,Clerk,2024-12-01,2024-12-01 00:00:00
CUS_0x0832,User2098,26,398-38-3098,Artist,2024-12-01,2024-12-01 00:00:00
CUS_0x0833,User2099,27,399-39-3099,"",2024-12-01,2024-12-01 00:00:00
CUS_0x0834,User2100,28,400-40-3100,Engineer,2024-12-01,2024-12-01 00:00:00
CUS_0x0835,User2101,29,401-41-3101,Teacher,2024-12-01,2024-12-01 00:00:00
CUS_0x0836,User2102,30,402-42-3102,Doctor,2024-12-01,2024-12-01 00:00:00
CUS_0x0837,User2103,31,403-43-3103,Clerk,2024-12-01,2024-12-01 00:00:00
CUS_0x0838,User2104,32,404-44-3104,Artist,2024-12-01,2024-12-01 00:00:00
CUS_0x0839,User2105,33,405-45-3105,"",2024-12-01,2024-12-01 00:00:00
CUS_0x083a,User2106,34,406-46-3106,Engineer,2024-12-01,2024-12-01 00:00:00
CUS_0x083b,User2107,35,407-47-3107,Teacher,2024-12-01,2024-12-01 00:00:00
CUS_0x083c,User2108,36,408-48-3108,Doctor,2024-12-01,2024-12-01 00:00:00
CUS_0x083d,User2109,37,409-49-3109,Clerk,2024-12-01,2024-12-01 00:00:00
CUS_0x083e,User2110,38,410-50-3110,Artist,2024-12-01,2024-12-01 00:00:00
CUS_0x083f,User2111,39,411-51-3111,"",2024-12-01,2024-12-01 00:00:00
CUS_0x0840,User2112,40,412-52-3112,Engineer,2024-12-01,2024-12-01 00:00:00
CUS_0x0841,User2113,41,413-53-3113,Teacher,2024-12-01,2024-12-01 00:00:00
CUS_0x0842,User2114,42,414-54-3114,Doctor,2024-12-01,2024-12-01 00:00:00
CUS_0x0843,User2115,43,415-55-3115,Clerk,2024-12-01,2024-12-01 00:00:00
CUS_0x0844,User2116,44,416-56-3116,Artist,2024-12-01,2024-12-01 00:00:00
CUS_0x0845,User2117,45,417-57-3117,"",2024-12-01,2024-12-01 00:00:00
CUS_0x0846,User2118,46,418-58-3118,Engineer,2024-12-01,2024-12-01 00:00:00
CUS_0x0847,User2119,47,419-59-3119,Teacher,2024-12-01,2024-12-01 00:00:00
CUS_0x0848,User2120,48,420-60-3120,Doctor,2024-12-01,2024-12-01 00:00:00
CUS_0x0849,User2121,49,421-61-3121,Clerk,2024-12-01,2024-12-01 00:00:00
CUS_0x084a,User2122,50,422-62-3122,Artist,2024-12-01,2024-12-01 00:00:00
CUS_0x084b,User2123,51,423-63-3123,"",2024-12-01,2024-12-01 00:00:00
CUS_0x084c,User2124,52,424-64-3124,Engineer,2024-12-01,2024-12-01 00:00:00
CUS_0x084d,User2125,53,425-65-3125,Teacher,2024-12-01,2024-12-01 00:00:00
CUS_0x084e,User2126,54,426-66-3126,Doctor,2024-12-01,2024-12-01 00:00:00
CUS_0x084f,User2127,55,427-67-3127,Clerk,2024-12-01,2024-12-01 00:00:00
CUS_0x0850,User2128,56,428-68-3128,Artist,2024-12-01,2024-12-01 00:00:00
CUS_0x0851,User2129,57,429-69-3129,"",2024-12-01,2024-12-01 00:00:00
CUS_0x0852,User2130,58,430-70-3130,Engineer,2024-12-01,2024-12-01 00:00:00
CUS_0x0853,User2131,59,431-71-3131,Teacher,2024-12-01,2024-12-01 00:00:00
CUS_0x0854,User2132,60,432-72-3132,Doctor,2024-12-01,2024-12-01 00:00:00
CUS_0x0855,User2133,61,433-73-3133,Clerk,2024-12-01,2024-12-01 00:00:00
CUS_0x0856,User2134,62,434-74-3134,Artist,2024-12-01,2024-12-01 00:00:00
CUS_0x0857,User2135,63,435-75-3135,"",2024-12-01,2024-12-01 00:00:00
CUS_0x0858,User2136,64,436-76-3136,Engineer,2024-12-01,2024-12-01 00:00:00
CUS_0x0859,User2137,65,437-77-3137,Teacher,2024-12-01,2024-12-01 00:00:00
CUS_0x085a,User2138,66,438-78-3138,Doctor,2024-12-01,2024-12-01 00:00:00
CUS_0x085b,User2139,67,439-79-3139,Clerk,2024-12-01,2024-12-01 00:00:00
CUS_0x085c,User2140,68,440-80-3140,Artist,2024-12-01,2024-12-01 00:00:00
CUS_0x085d,User2141,69,441-81-3141,"",2024-12-01,2024-12-01 00:00:00
CUS_0x085e,User2142,70,442-82-3142,Engineer,2024-12-01,2024-12-01 00:00:00
CUS_0x085f,User2143,71,443-83-3143,Teacher,2024-12-01,2024-12-01 00:00:00
CUS_0x0860,User2144,72,444-84-3144,Doctor,2024-12-01,2024-12-01 00:00:00
CUS_0x0861,User2145,18,445-85-3145,Clerk,2024-12-01,2024-12-01 00:00:00
CUS_0x0862,User2146,19,446-86-3146,Artist,2024-12-01,2024-12-01 00:00:00
CUS_0x0863,User2147,20,447-87-3147,"",2024-12-01,2024-12-01 00:00:00
CUS_0x0864,User2148,21,448-88-3148,Engineer,2024-12-01,2024-12-01 00:00:00
CUS_0x0865,User2149,22,449-89-3149,Teacher,2024-12-01,2024-12-01 00:00:00
CUS_0x0866,User2150,23,450-90-3150,Doctor,2024-12-01,2024-12-01 00:00:00
CUS_0x0867,User2151,24,451-91-3151,Clerk,2024-12-01,2024-12-01 00:00:00
CUS_0x0868,User2152,25,452-92-3152,Artist,2024-12-01,2024-12-01 00:00:00
CUS_0x0869,User2153,26,453-93-3153,"",2024-12-01,2024-12-01 00:00:00
CUS_0x086a,User2154,27,454-94-3154,Engineer,2024-12-01,2024-12-01 00:00:00
CUS_0x086b,User2155,28,455-95-3155,Teacher,2024-12-01,2024-12-01 00:00:00
CUS_0x086c,User2156,29,456-96-3156,Doctor,2024-12-01,2024-12-01 00:00:00
CUS_0x086d,User2157,30,457-97-3157,Clerk,2024-12-01,2024-12-01 00:00:00
CUS_0x086e,User2158,31,458-98-3158,Artist,2024-12-01,2024-12-01 00:00:00
CUS_0x086f,User2159,32,459-99-3159,"",2024-12-01,2024-12-01 00:00:00
CUS_0x0870,User2160,33,460-10-3160,Engineer,2024-12-01,2024-12-01 00:00:00
CUS_0x0871,User2161,34,461-11-3161,Teacher,2024-12-01,2024-12-01 00:00:00
CUS_0x0872,User2162,35,462-12-3162,Doctor,2024-12-01,2024-12-01 00:00:00
CUS_0x0873,User2163,36,463-13-3163,Clerk,2024-12-01,2024-12-01 00:00:00
CUS_0x0874,User2164,37,464-14-3164,Artist,2024-12-01,2024-12-01 00:00:00
CUS_0x0875,User2165,38,465-15-3165,"",2024-12-01,2024-12-01 00:00:00
CUS_0x0876,User2166,39,466-16-3166,Engineer,2024-12-01,2024-12-01 00:00:00
CUS_0x0877,User2167,40,467-17-3167,Teacher,2024-12-01,2024-12-01 00:00:00
CUS_0x0878,User2168,41,468-18-3168,Doctor,2024-12-01,2024-12-01 00:00:00
CUS_0x0879,User2169,42,469-19-3169,Clerk,2024-12-01,2024-12-01 00:00:00
CUS_0x087a,User2170,43,470-20-3170,Artist,2024-12-01,2024-12-01 00:00:00
CUS_0x087b,User2171,44,471-21-3171,"",2024-12-01,2024-12-01 00:00:00
CUS_0x087c,User2172,45,472-22-3172,Engineer,2024-12-01,2024-12-01 00:00:00
CUS_0x087d,User2173,46,473-23-3173,Teacher,2024-12-01,2024-12-01 00:00:00
CUS_0x087e,User2174,47,474-24-3174,Doctor,2024-12-01,2024-12-01 00:00:00
CUS_0x087f,User2175,48,475-25-3175,Clerk,2024-12-01,2024-12-01 00:00:00
CUS_0x0880,User2176,49,476-26-3176,Artist,2024-12-01,2024-12-01 00:00:00
CUS_0x0881,User2177,50,477-27-3177,"",2024-12-01,2024-12-01 00:00:00
CUS_0x0882,User2178,51,478-28-3178,Engineer,2024-12-01,2024-12-01 00:00:00
CUS_0x0883,User2179,52,479-29-3179,Teacher,2024-12-01,2024-12-01 00:00:00
CUS_0x0884,User2180,53,480-30-3180,Doctor,2024-12-01,2024-12-01 00:00:00
CUS_0x0885,User2181,54,481-31-3181,Clerk,2024-12-01,2024-12-01 00:00:00
CUS_0x0886,User2182,55,482-32-3182,Artist,2024-12-01,2024-12-01 00:00:00
CUS_0x0887,User2183,56,483-33-3183,"",2024-12-01,2024-12-01 00:00:00
CUS_0x0888,User2184,57,484-34-3184,Engineer,2024-12-01,2024-12-01 00:00:00
CUS_0x0889,User2185,58,485-35-3185,Teacher,2024-12-01,2024-12-01 00:00:00
CUS_0x088a,User2186,59,486-36-3186,Doctor,2024-12-01,2024-12-01 00:00:00
CUS_0x088b,User2187,60,487-37-3187,Clerk,2024-12-01,2024-12-01 00:00:00
CUS_0x088c,User2188,61,488-38-3188,Artist,2024-12-01,2024-12-01 00:00:00
CUS_0x088d,User2189,62,489-39-3189,"",2024-12-01,2024-12-01 00:00:00
CUS_0x088e,User2190,63,490-40-3190,Engineer,2024-12-01,2024-12-01 00:00:00
CUS_0x088f,User2191,64,491-41-3191,Teacher,2024-12-01,2024-12-01 00:00:00
CUS_0x0890,User2192,65,492-42-3192,Doctor,2024-12-01,2024-12-01 00:00:00
CUS_0x0891,User2193,66,493-43-3193,Clerk,2024-12-01,2024-12-01 00:00:00
CUS_0x0892,User2194,67,494-44-3194,Artist,2024-12-01,2024-12-01 00:00:00
CUS_0x0893,User2195,68,495-45-3195,"",2024-12-01,2024-12-01 00:00:00
CUS_0x0894,User2196,69,496-46-3196,Engineer,2024-12-01,2024-12-01 00:00:00
CUS_0x0895,User2197,70,497-47-3197,Teacher,2024-12-01,2024-12-01 00:00:00
CUS_0x0896,User2198,71,498-48-3198,Doctor,2024-12-01,2024-12-01 00:00:00
CUS_0x0897,User2199,72,499-49-3199,Clerk,2024-12-01,2024-12-01 00:00:00
