Customer_ID,Annual_Income,Monthly_Inhand_Salary,Num_Bank_Accounts,Num_Credit_Card,Interest_Rate,Num_of_Loan,Delay_from_due_date,Num_of_Delayed_Payment,Changed_Credit_Limit,Num_Credit_Inquiries,Outstanding_Debt,Credit_Utilization_Ratio,Total_EMI_per_month,Amount_invested_monthly,Monthly_Balance,snapshot_date,_ingested_at_utc,credit_history_age_year,credit_history_age_month,mortgage_loan,auto_loan,credit_builder_loan,personal_loan,not_specified,student_loan,home_equity_loan,payday_loan,debt_consolidation_loan,ohe__payment_of_min_amount__yes,ohe__payment_of_min_amount__no,ohe__payment_of_min_amount__nm,ohe__payment_of_min_amount__unknown,ohe__credit_mix__good,ohe__credit_mix__standard,ohe__credit_mix__bad,ohe__credit_mix__unknown,ohe__payment_behaviour__high_spent_small_value_payments,ohe__payment_behaviour__high_spent_medium_value_payments,ohe__payment_behaviour__high_spent_large_value_payments,ohe__payment_behaviour__low_spent_small_value_payments,ohe__payment_behaviour__low_spent_medium_value_payments,ohe__payment_behaviour__low_spent_large_value_payments,ohe__payment_behaviour__unknown
CUS_0x45db,86742.32,7030.526666666668,8,4,19,2,8,15,14.12,20,19.11,32.822142469528345,136.34231114684215,329.03778563125235,497.6725698885724,2023-05-01,2025-10-06 10:49:24.263,26,5,1,0,0,0,0,0,0,1,0,1,0,0,0,0,0,0,1,1,0,0,0,0,0,0
CUS_0xa685,62538.3,5371.5250000000015,2,5,8,3,5,8,8.8,50,1375.7,30.454389439068045,87.79120053904198,62.99010842137145,636.3711910395866,2023-05-01,2025-10-06 10:49:24.263,22,6,1,0,0,0,1,0,0,0,1,0,0,0,0,0,0,0,1,0,1,0,0,0,0,0
CUS_0x8dfa,61936.88,5216.406666666667,4,4,7,5,20,22,10.39,90,1877.98,31.68368989884946,18095.0,111.82547975743135,426.4537264883186,2023-05-01,2025-10-06 10:49:24.263,18,10,0,1,1,1,0,0,1,0,0,1,0,0,0,0,1,0,0,0,0,1,0,0,0,0
CUS_0xc4b3,16860.705,1178.05875,5,1216,1,1,11,6,2.78,20,1476.91,27.30475098697556,12.608522556264546,56.19086325258116,339.00648919115434,2023-05-01,2025-10-06 10:49:24.263,33,5,0,0,0,0,0,0,0,0,1,0,1,0,0,1,0,0,0,0,0,0,1,0,0,0
CUS_0x1e96,17187.27,1589.2725,10,7,24,8,50,15,7.79,80,4962.25,29.185747069581826,90.56454168926052,121.8084941686795,236.55421414206,2023-05-01,2025-10-06 10:49:24.263,5,0,1,1,0,0,0,1,0,1,1,1,0,0,0,0,0,1,0,0,0,0,1,0,0,0
CUS_0x3507,59459.06999999999,4502.973455381875,6,10,17,4,40,15,11.19,110,1736.21,30.09326815089104,734.8485130956094,318.25517530298606,130.61737566945342,2023-05-01,2025-10-06 10:49:24.263,6,10,0,0,1,1,0,0,0,1,0,0,0,0,0,0,1,0,0,0,0,0,0,0,1,0
CUS_0x4638,48706.59,4170.8825,10,7,34,4,28,17,18.63,130,2630.08,27.51653790297227,120.82529494775775,60.16161344668755,476.10134160555464,2023-05-01,2025-10-06 10:49:24.263,16,9,1,1,0,0,1,0,1,0,0,1,0,0,0,0,1,0,0,0,0,1,0,0,0,0
CUS_0x50d4,41159.54,3638.961666666666,9,6,16,7,31,24,4.46,100,2370.64,22.41569671944486,157.12693894267738,321.8528905433793,174.91633718060996,2023-05-01,2025-10-06 10:49:24.263,19,11,0,1,1,1,1,1,1,0,0,1,0,0,0,0,0,1,0,0,0,0,1,0,0,0
CUS_0x8a31,147510.76,12482.563333333335,3,7,8,0,27,1,4.97,30,1461.38,35.3122107416366,0.0,582.9344225149855,955.321910818348,2023-05-01,2025-10-06 10:49:24.263,16,6,0,0,0,0,0,0,0,0,0,0,1,0,0,1,0,0,0,0,0,0,1,0,0,0
CUS_0xb3b0,40626.05,3516.504166666667,1,4,4,3,13,9,1.4400000000000004,30,74.14,33.00142979490181,53.88119413126728,68.04187439449949,479.72734814089995,2023-05-01,2025-10-06 10:49:24.263,17,9,1,0,0,0,1,0,0,1,0,0,1,0,0,1,0,0,0,0,1,0,0,0,0,0
CUS_0xbda2,37302.1,3320.508333333333,3,2,12,4,13,12,3.93,50,907.73,29.6462204072518,80.27175238706691,64.79562562481352,446.98345532145294,2023-05-01,2025-10-06 10:49:24.263,22,3,1,0,0,0,1,0,0,0,1,0,1,0,0,1,0,0,0,1,0,0,0,0,0,0
CUS_0x7d44,34689.26,2608.771666666667,7,3,18,0,17,15,7.55,30,430.6,29.742125469015757,0.0,224.05471954477198,326.8224471218947,2023-05-01,2025-10-06 10:49:24.263,27,5,0,0,0,0,0,0,0,0,0,1,0,0,0,0,1,0,0,0,0,0,1,0,0,0
CUS_0x9274,19797.895,1816.824583333333,4,4,6,1,7,4,9.28,30,607.67,24.329274152985807,13.04719432467752,179.78572555868462,278.8495384499712,2023-05-01,2025-10-06 10:49:24.263,15,11,0,1,0,0,0,0,0,0,0,0,1,0,0,0,0,0,1,0,0,0,1,0,0,0
CUS_0x970b,25417.33,2036.1108333333332,7,7,19,7,22,19,12.58,60,432.76,31.827367226478533,15586.0,46.8745393252541,305.53401432210836,2023-05-01,2025-10-06 10:49:24.263,14,11,1,1,0,1,0,1,0,1,0,1,0,0,0,0,1,0,0,0,1,0,0,0,0,0
CUS_0x295f,19436.305,1849.692083333333,4,2,8,4,3,5,9.64,20,244.27,38.2634429262755,66944.0,23.369183279733228,369.1546307269333,2023-05-01,2025-10-06 10:49:24.263,25,9,1,0,0,1,0,1,1,0,0,0,1,0,0,1,0,0,0,0,0,1,0,0,0,0
CUS_0x3d26,26939.95,2466.995833333333,7,3,10,2,9,16,19.65,70,826.57,28.813514022640533,35.48240610382291,81.57871480898875,379.6384624205217,2023-05-01,2025-10-06 10:49:24.263,19,8,0,0,0,1,1,0,0,0,0,1,0,0,0,0,1,0,0,0,1,0,0,0,0,0
CUS_0x23ae,34838.94,2895.245000000001,3,9,20,5,28,15,14.56,70,1958.28,25.126313503109174,74.41338889320153,102.34644776820532,362.7646633385932,2023-05-01,2025-10-06 10:49:24.263,15,9,1,0,0,1,1,0,0,1,0,1,0,0,0,0,1,0,0,0,1,0,0,0,0,0
CUS_0x68a8,8227.855,656.6545833333333,6,8,31,7,65,20,14.6,90,2695.38,25.87083697259344,28.01286507190069,61.35377375712097,266.29881950431167,2023-05-01,2025-10-06 10:49:24.263,11,8,0,1,1,1,1,0,0,0,0,1,0,0,0,0,0,1,0,0,0,0,1,0,0,0
CUS_0x8cd,7367.11,616.9258333333332,10,6,29,7,17,22,29.92,120,3898.81,24.18440431597772,28.27088597458801,30.669591754071735,292.7521056046736,2023-05-01,2025-10-06 10:49:24.263,6,5,1,1,1,1,1,1,0,0,1,1,0,0,0,0,0,0,1,0,0,0,1,0,0,0
CUS_0xe36,46264.71,3857.3925,8,9,27,0,51,12,3.34,100,3025.1,31.956570637381148,249.0294049536861,127.58884446942447,269.1210005768894,2023-05-01,2025-10-06 10:49:24.263,12,6,1,0,1,1,0,0,1,0,1,1,0,0,0,0,0,1,0,1,0,0,0,0,0,0
CUS_0x9e3c,33579.27,2523.2725,6,5,20,3,18,14,13.51,70,517.8,23.88385218500444,70.92850703935073,105.58764858002756,325.8110943806217,2023-05-01,2025-10-06 10:49:24.263,21,4,0,0,1,1,0,0,0,0,0,1,0,0,0,0,1,0,0,0,1,0,0,0,0,0
CUS_0xae79,47280.76,3713.063333333334,5,3,17,0,12,20,11.91,30,1134.41,27.178858483125328,0.0,97.92441669620241,533.381916637131,2023-05-01,2025-10-06 10:49:24.263,27,8,0,0,0,0,0,0,0,0,0,1,0,0,0,0,1,0,0,1,0,0,0,0,0,0
CUS_0x3768,17517.55,1293.7958333333331,8,7,4,0,3,16,10.07,60,1321.23,25.46858239115657,0.0,102.2418297292494,317.137753604084,2023-05-01,2025-10-06 10:49:24.263,15,8,0,0,0,0,0,0,0,0,0,0,1,0,0,1,0,0,0,0,0,0,1,0,0,0
CUS_0x258b,66502.76,5379.8966666666665,0,6,1,2,29,10,7.06,20,276.91,35.513554292163526,80.100174314101,149.12928306433614,558.7602092882296,2023-05-01,2025-10-06 10:49:24.263,19,3,1,0,0,1,0,0,0,0,0,0,1,0,0,1,0,0,0,0,1,0,0,0,0,0
CUS_0x4dcd,72760.04,6085.336666666666,8,4,15,1,21,13,6.58,20,792.46,28.37168827967708,31.28499647926332,221.61980677770399,615.6288634096992,2023-05-01,2025-10-06 10:49:24.263,22,6,0,0,0,0,0,0,1,0,0,1,0,0,0,0,0,0,1,1,0,0,0,0,0,0
CUS_0x7846,88380.16,7471.013333333332,7,7,19,3,11,19,8.7,70,124.29,37.81806748232952,129.72369861636398,93.0214957778547,774.3561389391147,2023-05-01,2025-10-06 10:49:24.263,25,11,0,0,1,0,0,1,1,0,0,1,0,0,0,0,1,0,0,0,1,0,0,0,0,0
CUS_0x7dea,28805.34,2309.445,8,3,5,2,13,19,7.02,0,796.45,36.87521357972804,47.195122926112205,140.14213810403038,333.60723896985746,2023-05-01,2025-10-06 10:49:24.263,32,5,0,0,1,0,0,0,0,1,0,0,1,0,0,0,1,0,0,0,0,0,1,0,0,0
CUS_0x8398,15937.74,1144.145,9,9,33,3,25,22,19.26,120,2432.09,36.063766409959065,38.4175166143785,61.038796202787644,274.95818718283385,2023-05-01,2025-10-06 10:49:24.263,12,11,0,1,1,0,1,0,0,0,0,1,0,0,0,0,0,1,0,1,0,0,0,0,0,0
CUS_0xc29a,33337.84,2909.153333333333,9,9,24,7,41,24,29.64,130,3652.25,35.23707711715305,136.80995946791714,113.58212924125641,300.52324462415976,2023-05-01,2025-10-06 10:49:24.263,6,10,1,0,0,1,1,0,0,1,1,1,0,0,0,0,0,1,0,1,0,0,0,0,0,0
CUS_0x5711,7708.69,379.39083333333326,8,747,2630,5,52,15,28.96,130,4147.58,34.11793797920834,26.588314314046865,36.10871394755009,255.24205507173642,2023-05-01,2025-10-06 10:49:24.263,2,3,0,0,1,0,1,0,1,1,0,1,0,0,0,0,0,1,0,0,0,0,0,1,0,0
CUS_0x9be9,9821410.0,3468.5825,654,6,15,7,30,15,15.53,110,1489.73,30.58946796391556,214.0097779141905,156.45842110987041,236.3900509759391,2023-05-01,2025-10-06 10:49:24.263,13,8,1,0,1,0,1,1,1,0,1,1,0,0,0,0,0,0,1,1,0,0,0,0,0,0
CUS_0xa0f4,48662.02,4301.168333333333,7,7,5,4,32,13,11.96,20,660.09,39.33915719059059,86.44703440996695,28.119146748448447,555.550652174918,2023-05-01,2025-10-06 10:49:24.263,31,6,0,0,1,0,0,0,1,0,1,1,0,0,0,0,1,0,0,0,0,1,0,0,0,0
CUS_0x2c99,9648.22,931.0183333333332,9,5,26,7,47,20,1.07,120,2505.92,30.544354213186026,52.68936754854551,109.1565844795074,221.25588130528047,2023-05-01,2025-10-06 10:49:24.263,11,2,0,1,1,1,0,0,1,1,0,1,0,0,0,0,0,0,1,0,0,0,1,0,0,0
CUS_0x5fcb,32690.86,2910.238333333333,4,5,6,3,17,18,9.48,20,1380.29,32.78829020856556,50.28184502945325,32.47781430202612,448.264174001854,2023-05-01,2025-10-06 10:49:24.263,31,4,0,0,0,0,0,0,1,1,1,0,1,0,0,0,0,0,1,0,0,1,0,0,0,0
CUS_0xc475,36898.38,3062.865,10,10,25,9,29,20,27.73,100,3497.36,40.132518239331866,259.10861520571257,234.56278018850068,82.61510460578671,2023-05-01,2025-10-06 10:49:24.263,9,6,0,1,0,1,1,1,0,0,1,1,0,0,0,0,0,1,0,0,0,0,0,0,1,0
CUS_0x1bf1,1.8320277E7,3938.193333333333,5,7,7,1,4,8,7.55,20,515.73,38.0966588094783,35.37456945736109,265.4921062239007,382.9526576520716,2023-05-01,2025-10-06 10:49:24.263,20,3,0,0,1,0,0,0,0,0,0,0,1,0,0,1,0,0,0,0,0,0,1,0,0,0
CUS_0x4da0,73451.94,6309.995,5,7,9,3,28,21,9.13,20,965.51,41.60831393033503,114.24056515783268,231.26549637104213,555.4934384711254,2023-05-01,2025-10-06 10:49:24.263,23,8,0,1,0,0,0,0,0,1,0,0,1,0,0,1,0,0,0,0,0,0,0,0,1,0
CUS_0x895d,30638.93,2801.244166666667,5,6,16,4,13,13,0.64,50,1472.21,39.51225626896159,74.63292376810368,145.31866631665554,350.1728265819075,2023-05-01,2025-10-06 10:49:24.263,17,0,1,0,1,0,0,0,0,1,0,1,0,0,0,0,0,0,1,0,0,0,1,0,0,0
CUS_0xc62a,70088.36,6090.696666666668,6,7,21,9,56,17,23.6,70,4670.21,38.51008434319226,413.3316484062496,71.61745397040211,374.120564290015,2023-05-01,2025-10-06 10:49:24.263,14,5,1,0,1,1,0,1,1,0,0,1,0,0,0,0,0,1,0,0,1,0,0,0,0,0
CUS_0x3c09,33687.46,2395.6114650143923,4,3,20,5,13,15,9.24,80,702.57,27.16432860923877,405.6014745532776,27.24424419733836,375.2599829016584,2023-05-01,2025-10-06 10:49:24.263,19,11,0,0,0,0,0,0,0,1,1,1,0,0,0,0,1,0,0,0,0,1,0,0,0,0
CUS_0x7a11,45238.04,3937.836666666666,7,6,7,7,25,9,9.25,130,1017.45,34.86320592640101,147.6953289325786,439.0001206750703,97.0882170590177,2023-05-01,2025-10-06 10:49:24.263,9,10,0,1,1,0,0,1,0,1,1,1,0,0,0,0,1,0,0,0,0,0,0,0,0,1
CUS_0x9bf9,78953.92,6384.8588986674085,10,10,22,5,52,15,21.14,130,4437.8,31.45445041723201,26761.0,10000.0,503.012072810145,2023-05-01,2025-10-06 10:49:24.263,12,8,1,1,0,0,0,0,0,0,1,1,0,0,0,0,0,1,0,1,0,0,0,0,0,0
CUS_0x247b,28766.28,2582.19,4,3,3,2,7,1,4.51,30,263.42,29.130930078439608,45.687267613738506,79.02153948147357,383.5101929047879,2023-05-01,2025-10-06 10:49:24.263,20,2,0,1,0,0,1,0,0,0,0,0,1,0,0,1,0,0,0,0,0,0,0,0,0,1
CUS_0x9296,8649.85,780.2804269830501,7,10,34,5,58,21,8.04,130,2289.38,35.63106660506301,68.54547249973794,23.54436063496196,307.2326565489166,2023-05-01,2025-10-06 10:49:24.263,11,11,1,0,1,0,1,0,0,1,0,0,0,0,0,0,0,1,0,0,0,0,0,1,0,0
CUS_0x168d,94559.73,7712.9775,3,6,11,4,12,10,5.83,40,52.5,31.19007099753125,183.7356808269508,82.65677544712769,754.9052937259216,2023-05-01,2025-10-06 10:49:24.263,28,5,1,1,0,0,0,0,0,1,0,0,1,0,0,1,0,0,0,0,1,0,0,0,0,0
CUS_0x517c,57524.56,5035.713333333333,4,7,9,2,11,10,1.59,80,1068.65,36.857715908323534,67.02733724509622,376.2238024513378,350.3201936368993,2023-05-01,2025-10-06 10:49:24.263,19,0,0,0,0,0,1,1,0,0,0,0,1,0,0,1,0,0,0,0,0,0,1,0,0,0
CUS_0x17b0,42710.62,3766.2183333333337,8,6,13,0,21,12,8.04,40,1172.87,24.78454363716775,0.0,159.97219624412648,486.64963708920686,2023-05-01,2025-10-06 10:49:24.263,18,2,0,0,0,0,0,0,0,0,0,0,1,0,0,0,1,0,0,0,0,0,0,0,0,1
CUS_0x646d,45230.85000000001,3471.237500000001,7,7,26,6,16,18,10.23,100,1712.99,33.655097340687114,212.673007399911,363.4851422871668,60.96560031292228,2023-05-01,2025-10-06 10:49:24.263,8,6,1,1,0,1,1,0,1,0,0,1,0,0,0,0,1,0,0,0,0,0,1,0,0,0
CUS_0x9df6,8422.385,873.8654166666665,3,5,14,4,16,20,12.61,130,62.66,39.94377474987297,18.912982049554977,61.064454155863025,297.4091054612486,2023-05-01,2025-10-06 10:49:24.263,7,10,0,0,1,1,1,0,0,0,1,1,0,0,0,0,1,0,0,0,0,0,1,0,0,0
CUS_0x5e99,56001.15,4662.7625,3,6,8,3,13,8,8.33,80,1347.83,38.56829958288338,88.30262558587714,303.5454771663415,334.4281472477813,2023-05-01,2025-10-06 10:49:24.263,15,9,0,0,0,1,1,0,0,0,0,1,0,0,0,0,1,0,0,1,0,0,0,0,0,0
CUS_0x659b,19980.36,1506.03,4,3,6,3,30,7,14.44,80,1477.83,40.3212446366947,25.80543920627288,66.15465761363217,348.6429031800949,2023-05-01,2025-10-06 10:49:24.263,22,5,0,0,0,0,0,0,1,1,1,1,0,0,0,0,1,0,0,0,0,0,1,0,0,0
CUS_0x897e,58604.32,4788.693333333334,7,7,18,6,41,21,8.75,23580,1887.32,28.689471067873487,197.42514265636947,240.94866170835462,310.49552896860934,2023-05-01,2025-10-06 10:49:24.263,20,2,0,1,1,0,1,0,1,1,0,0,0,0,0,0,0,1,0,0,0,0,0,0,1,0
CUS_0x9931,31741.57,2858.130833333333,4,4,15,1,21,8,7.78,70,1231.17,33.231822849442075,16.904100749323593,365.9191839002607,192.98979868374906,2023-05-01,2025-10-06 10:49:24.263,32,4,0,0,0,0,0,0,0,1,0,1,0,0,0,0,1,0,0,0,0,0,1,0,0,0
CUS_0x3866,20677.0,1843.083333333333,3,5,20,5,29,17,18.3,80,2374.04,34.80851105797523,53.35272172326508,28.733395194800693,352.22221641526755,2023-05-01,2025-10-06 10:49:24.263,19,4,0,0,0,1,0,0,0,1,1,1,0,0,0,0,1,0,0,0,0,0,0,0,0,1
CUS_0x7cea,30979.28,2367.6066666666666,331,3,22,7,15,19,9.75,50,1317.34,24.42525761166953,177.3730333213945,155.58163151699517,173.80600182827698,2023-05-01,2025-10-06 10:49:24.263,14,10,1,0,0,1,1,0,1,1,1,0,0,0,0,0,0,0,1,0,0,0,0,0,1,0
CUS_0x730d,16243.105,1111.5920833333332,3,3,12,2,6,11,7.43,20,877.04,35.46343649874112,20.865337673717303,10000.0,300.00944002062704,2023-05-01,2025-10-06 10:49:24.263,15,8,0,1,0,0,0,0,0,1,0,0,1,0,0,1,0,0,0,1,0,0,0,0,0,0
CUS_0x73db,81538.76,6401.271186760665,9,7,18,5,41,21,23.77,100,3869.25,36.17742790887764,897.0628498690637,288.7388427171313,333.2134539864733,2023-05-01,2025-10-06 10:49:24.263,9,5,0,0,1,1,0,0,1,1,0,1,0,0,0,0,0,0,1,0,0,0,0,0,0,1
CUS_0x74c7,87853.56,7527.13,4,1,4,2,2,2,9.99,40,498.81,27.837519438410087,142.39091891853565,65.27404035499654,785.0480407264679,2023-05-01,2025-10-06 10:49:24.263,17,4,0,0,1,0,0,0,0,0,1,0,1,0,0,1,0,0,0,0,0,1,0,0,0,0
CUS_0x2ad6,7127.455,784.9545833333333,10,5,34,6,15,25,26.31,90,2698.32,33.33360883668988,35.094298362513506,67.38867263713647,266.01248733368334,2023-05-01,2025-10-06 10:49:24.263,8,5,1,0,1,1,0,0,0,1,0,1,0,0,0,0,0,1,0,0,0,0,0,0,0,1
CUS_0x620b,9732.57,810.0475,9,5,19,5,16,14,16.4,110,3894.03,29.463049976512643,33.53646125634907,35.41845942136839,302.04982932228256,2023-05-01,2025-10-06 10:49:24.263,2,3,0,0,0,0,1,1,1,1,0,1,0,0,0,0,0,1,0,0,0,0,1,0,0,0
CUS_0xb250,19803.82,1526.3183333333334,7,7,25,5,32,19,4.0600000000000005,120,1958.78,35.16850461366425,73.58321011344655,125.0395589790574,244.0090642408294,2023-05-01,2025-10-06 10:49:24.263,12,8,0,1,1,0,0,0,1,1,1,1,0,0,0,0,0,0,1,0,0,0,1,0,0,0
CUS_0x2ff6,12421.12,1002.0933333333336,7,3,11,4,15,14,1.95,30,685.18,37.82675645833447,29.379388887206588,113.95141554792913,277.49997475616107,2023-05-01,2025-10-06 10:49:24.263,21,5,1,0,0,0,0,0,1,0,1,0,0,0,0,0,1,0,0,0,0,0,1,0,0,0
CUS_0x4182,28131.62,2510.3016666666667,8,4,6,2,21,8,2.27,0,888.82,28.489069155142623,35.0066853192917,68.59522462725181,397.4282567201232,2023-05-01,2025-10-06 10:49:24.263,31,8,0,0,0,0,0,0,0,0,1,0,0,0,0,0,1,0,0,0,1,0,0,0,0,0
CUS_0xa04f,135941.28,11058.44,3,3,11,3,27,6,7.21,0,1209.32,29.45938937149199,66023.0,361.8082295314306,741.7511900164363,2023-05-01,2025-10-06 10:49:24.263,31,3,1,0,0,1,0,0,1,0,0,1,0,0,0,0,0,0,1,0,0,0,0,1,0,0
CUS_0x5fc6,114004.84,9295.403333333334,5,7,8,3,26,9,11.38,70,1051.3,36.485387736698776,228.87152028402767,307.3535061518243,643.3153068974814,2023-05-01,2025-10-06 10:49:24.263,18,5,1,0,1,0,1,0,0,0,0,1,0,0,0,0,1,0,0,0,0,0,0,0,0,1
CUS_0xc515,8477.51,648.4591666666666,8,9,27,5,39,17,1.8699999999999992,120,4854.6,24.39648078596663,31.74688392859044,59.97315891244257,263.1258738256337,2023-05-01,2025-10-06 10:49:24.263,10,11,1,1,1,0,0,0,1,1,0,0,0,0,0,0,0,1,0,0,0,0,1,0,0,0
CUS_0x57c9,97034.96,7828.246666666668,3,3,11,5,21,18,24.3,80,86.68,24.50571569387179,246.52969363464908,769.7200100173873,56.5749630146305,2023-05-01,2025-10-06 10:49:24.263,12,8,0,1,0,1,0,0,0,1,1,1,0,0,0,0,1,0,0,0,0,0,1,0,0,0
CUS_0x64c9,68487.03,5867.2525,8,4,11,7,20,17,18.95,80,428.4,24.163694928367654,208.09228807867248,138.65755319021474,479.97540873111285,2023-05-01,2025-10-06 10:49:24.263,19,4,0,1,0,1,1,0,1,1,1,0,0,0,0,0,0,0,1,0,0,1,0,0,0,0
CUS_0x5c53,9275.95,553.9958333333334,8,8,24,4,40,21,14.23,120,1746.01,30.30548834479072,19.7889022619584,20.09468876618131,305.5159923051936,2023-05-01,2025-10-06 10:49:24.263,12,10,1,0,0,0,1,0,1,0,0,1,0,0,0,0,0,1,0,0,0,0,1,0,0,0
CUS_0x771e,20914.47,1799.8725000000004,8,5,16,2,12,13,0.9800000000000004,70,1360.66,35.78560645813309,25.958244769702283,136.84952435161858,297.1794808786791,2023-05-01,2025-10-06 10:49:24.263,12,8,0,0,0,1,0,0,0,0,1,1,0,0,0,0,0,0,1,0,0,0,0,1,0,0
CUS_0x443a,7598.185,759.1820833333335,5,4,10,3,19,8,15.18,90,1237.88,28.399115615037157,71630.0,31.751065047385726,320.26176353184445,2023-05-01,2025-10-06 10:49:24.263,18,9,0,0,0,0,0,0,1,0,1,1,0,0,0,0,1,0,0,0,0,0,1,0,0,0
CUS_0x8fea,19159.565,1385.6304166666666,1,6,11,2,1,10,1.8,30,677.58,32.635478517612874,24.53485516137741,43.38098462199122,340.64720188329807,2023-05-01,2025-10-06 10:49:24.263,26,11,1,0,0,0,1,0,0,0,0,0,1,0,0,1,0,0,0,0,0,0,0,0,1,0
CUS_0x1192,16319.375,1518.947916666667,7,3,1,2,16,13,7.67,90,1275.32,31.404445972787947,16.291128824626224,112.33986758269495,303.2637952593456,2023-05-01,2025-10-06 10:49:24.263,23,9,0,0,0,0,0,0,0,1,0,0,0,0,0,0,1,0,0,0,0,0,0,1,0,0
CUS_0xac86,106733.13,8873.4275,4,4,1,0,7,6,0.86,10,76.23,39.24363977621796,0.0,384.7637247797149,792.5790252202852,2023-05-01,2025-10-06 10:49:24.263,33,4,0,0,0,0,0,0,0,0,0,0,1,0,0,1,0,0,0,0,0,0,0,0,0,1
CUS_0xb4e2,36029.25,3111.4375,3,6,12,3,24,10,10.99,10,917.17,27.100851348100758,83.18282267269286,84.27812881914778,393.6827985081594,2023-05-01,2025-10-06 10:49:24.263,31,11,1,0,1,0,1,0,0,0,0,0,1,0,0,0,0,0,1,0,1,0,0,0,0,0
CUS_0x594e,38684.2,3423.683333333333,7,5,16,3,23,20,16.24,130,1464.16,34.643105004297965,70.03845524241211,191.01419473317935,371.31568335774176,2023-05-01,2025-10-06 10:49:24.263,6,2,0,0,0,1,0,0,0,1,0,1,0,0,0,0,0,0,1,0,0,0,1,0,0,0
CUS_0x683d,90370.96,7517.913333333334,3,4,11,4,13,16,12.24,60,1023.49,34.041122104740246,209.14397332487368,116.58947765380802,676.0578823546517,2023-05-01,2025-10-06 10:49:24.263,16,5,0,1,0,0,0,1,0,1,0,0,0,0,0,0,1,0,0,0,1,0,0,0,0,0
CUS_0x84ae,65929.12,5649.093333333332,6,5,18,2,7,8,17.76,120,1329.17,31.02171553117614,64.91669021308391,108.86506956485522,641.1275735553943,2023-05-01,2025-10-06 10:49:24.263,20,5,0,1,0,0,0,0,0,1,0,1,0,0,0,0,0,0,1,0,1,0,0,0,0,0
CUS_0xa326,16041.33,1281.7775,9,6,24,9,48,20,27.32,110,2509.58,39.948354788559776,76.80901872015917,139.0622873696595,202.30644391018132,2023-05-01,2025-10-06 10:49:24.263,6,6,1,1,1,1,0,1,0,0,1,1,0,0,0,0,0,1,0,0,0,0,1,0,0,0
CUS_0xa77e,19787.4,1379.95,6,6,22,6,25,15,16.58,130,3099.57,38.84721834188464,18081.0,112.77071983579323,237.01668044971595,2023-05-01,2025-10-06 10:49:24.263,6,3,0,1,1,1,0,0,1,1,1,0,0,0,0,0,0,1,0,0,0,0,1,0,0,0
CUS_0xb46b,17831.05,1382.9208333333331,6,5,16,3,20,18,9.4,60,1691.54,30.09461302848852,42.79300359918047,113.2848024952619,272.214277238891,2023-05-01,2025-10-06 10:49:24.263,7,2,0,0,1,0,1,0,0,0,1,1,0,0,0,0,1,0,0,0,0,0,1,0,0,0
CUS_0x3023,32613.68,2696.806666666667,9,5,28,7,20,16,29.65,120,3868.66,30.23468696506316,116.68853761196722,48.191967486879214,344.8001615678203,2023-05-01,2025-10-06 10:49:24.263,2,11,0,1,1,0,0,0,1,1,1,1,0,0,0,0,0,1,0,0,0,1,0,0,0,0
CUS_0x7a4d,105295.08,8854.59,2,3,7,4,6,0,10.02,60,321.36,27.87301581835816,178.3674403034312,296.5231897071777,680.5683699893913,2023-05-01,2025-10-06 10:49:24.263,27,11,0,1,0,1,1,0,0,0,0,0,1,0,0,1,0,0,0,0,0,0,0,0,1,0
CUS_0x85d,41771.02,3293.918333333333,6,10,17,7,35,20,24.16,130,3524.73,26.673027426949247,127.61760886275988,225.51709610903163,236.25712836154187,2023-05-01,2025-10-06 10:49:24.263,8,9,1,1,1,0,1,0,1,0,1,1,0,0,0,0,0,1,0,1,0,0,0,0,0,0
CUS_0xa5b6,13019.77,863.9808333333333,7,4,13,1,10,13,0.92,30,937.2,23.88582534588593,5.905518075982049,73.12155497925703,277.37101027809433,2023-05-01,2025-10-06 10:49:24.263,26,3,0,0,0,0,1,0,0,0,0,0,1,0,0,0,0,0,1,0,0,0,0,0,1,0
CUS_0xaa5b,18671.92,1546.993333333333,2,7,11,4,26,12,7.71,40,438.75,26.431429968837552,57.15643421522294,131.2539157837384,246.28898333437198,2023-05-01,2025-10-06 10:49:24.263,21,8,1,0,0,0,1,0,0,1,1,0,1,0,0,1,0,0,0,0,0,0,0,1,0,0
CUS_0xb70f,42708.16,3595.013333333334,0,4,9,0,3,9,3.67,70,1314.73,23.339283211081675,55.48764122324226,363.6038238825921,230.4098682274991,2023-05-01,2025-10-06 10:49:24.263,25,5,0,0,0,1,1,0,0,0,0,0,1,0,0,1,0,0,0,0,0,0,0,0,0,1
CUS_0x41de,17680.78,1663.398333333333,10,5,17,6,23,9,0.0,120,2253.32,40.50493011787845,75.38738427906844,99.21841380773363,281.7340352465313,2023-05-01,2025-10-06 10:49:24.263,9,2,0,0,1,1,0,1,1,0,0,1,0,0,0,0,1,0,0,0,0,0,1,0,0,0
CUS_0x511f,89446.38,7278.865000000002,4,5,4,3,11,5,11.76,70,123.7,32.94726642943312,198.4713662474325,88.31187438022697,681.1032593723405,2023-05-01,2025-10-06 10:49:24.263,33,4,0,0,1,1,0,1,0,0,0,0,1,0,0,1,0,0,0,0,0,1,0,0,0,0
CUS_0x53ad,100268.73,7836.788821206782,7,6,6,4,8,12,19.83,90,148.15,23.57209932727661,491.3284202029973,666.949529385103,146.13347920511876,2023-05-01,2025-10-06 10:49:24.263,21,5,0,1,1,1,0,0,0,1,0,1,0,0,0,0,1,0,0,0,0,0,0,0,1,0
CUS_0x5413,22250.525,1945.2104166666668,4,4,7,0,20,4,3.1,20,1443.78,32.913445432868144,0.0,148.776337847269,335.74470381939767,2023-05-01,2025-10-06 10:49:24.263,30,6,0,0,0,0,0,0,0,0,0,0,0,0,0,1,0,0,0,0,0,0,1,0,0,0
CUS_0x280b,34841.87,3025.4891666666667,1,7,1,2,1,0,2.24,60,142.05,38.35118262561187,33.366098109451734,174.87408612547267,374.30873243174216,2023-05-01,2025-10-06 10:49:24.263,31,2,0,1,0,0,0,0,0,1,0,0,1,0,0,0,0,0,1,0,0,0,0,1,0,0
CUS_0x4a9c,33498.79,2995.5658333333336,2,4,9,2,7,10,3.05,30,646.04,28.91819629885064,32.30101331045959,88.65861768691592,438.5969523359577,2023-05-01,2025-10-06 10:49:24.263,31,5,0,0,0,0,0,1,1,0,0,0,1,0,0,0,0,0,1,0,0,0,0,0,0,1
CUS_0xa0ee,15444.74,1255.0616666666667,7,7,27,5,11,9,10.93,40,2324.66,32.83830928494563,46.55013310746242,70.78522367632601,278.17080988287825,2023-05-01,2025-10-06 10:49:24.263,7,0,0,0,0,1,0,1,0,1,0,1,0,0,0,0,1,0,0,0,0,0,0,0,1,0
CUS_0xac41,62351.4,5454.95,9,6,29,3,61,13,7.83,130,1277.49,31.641385781717503,147.39257272852106,487.97704824616346,200.12537902531542,2023-05-01,2025-10-06 10:49:24.263,7,9,1,0,0,0,0,0,0,1,1,0,0,0,0,0,1,0,0,0,0,0,1,0,0,0
CUS_0x6f92,15663.65,1246.3041666666666,4,4,19,4,14,16,7.8,120,2000.62,32.236078362252215,27.026782070694672,66.76543842553356,320.83819617043844,2023-05-01,2025-10-06 10:49:24.263,6,0,0,1,1,0,0,0,1,0,1,1,0,0,0,0,0,0,1,0,0,0,1,0,0,0
CUS_0x795c,18670.22,1301.8516666666667,9,10,25,7,56,17,23.68,120,4748.43,23.973806313598992,101.6206132237244,39.96991946206468,238.5946339808776,2023-05-01,2025-10-06 10:49:24.263,0,9,1,1,0,0,1,0,1,0,1,1,0,0,0,0,0,1,0,0,1,0,0,0,0,0
CUS_0x7c12,31417.15,2664.0958333333333,3,6,18,3,26,10,17.26,0,362.31,39.389191246414825,64.18962321994077,27.594980845357906,414.62497926803456,2023-05-01,2025-10-06 10:49:24.263,20,11,0,0,0,0,1,0,1,1,0,1,0,0,0,0,1,0,0,0,0,1,0,0,0,0
CUS_0x93d2,16931.7,1656.975,8,5,23,3,42,16,1.17,150,1557.41,26.79114341112839,25.884004319293123,107.78515197600494,322.02834370470185,2023-05-01,2025-10-06 10:49:24.263,16,10,0,0,0,1,0,1,0,0,1,1,0,0,0,0,0,1,0,0,0,0,1,0,0,0
CUS_0x20bf,22380.18,1385.2645393571067,5,6,14,3,18,16,0.58,60,939.02,32.907322912960154,272.66592746813905,164.50855453918703,249.57747863556727,2023-05-01,2025-10-06 10:49:24.263,22,11,0,1,0,0,0,0,0,1,0,1,0,0,0,0,1,0,0,0,0,0,0,0,0,1
CUS_0x4d6d,86865.84,7479.82,4,7,11,4,19,7,4.0,40,469.39,35.969630426026896,282.0481916829761,942.3718469297504,539.0068403052087,2023-05-01,2025-10-06 10:49:24.263,24,4,0,1,0,0,1,0,1,1,0,0,1,0,0,1,0,0,0,0,0,0,1,0,0,0
CUS_0x8694,83330.32,7235.193333333334,10,5,33,9,20,19,4.05,100,1538.13,37.07520931922039,342.2434963353048,72.5640151702938,548.7118218277349,2023-05-01,2025-10-06 10:49:24.263,18,0,0,0,0,1,1,0,1,1,1,1,0,0,0,0,0,1,0,0,0,1,0,0,0,0
CUS_0x2242,39399.9,3487.3250000000007,6,6,17,2,27,18,18.62,150,2206.86,36.48665562799687,43.17129879936478,73.4637130343786,472.0974881662567,2023-05-01,2025-10-06 10:49:24.263,12,0,0,0,0,0,1,0,0,1,0,1,0,0,0,0,1,0,0,0,0,1,0,0,0,0
CUS_0x50dd,41293.1,3716.091666666666,5,4,13,2,10,21,8.78,90,1416.43,30.953708548424583,47.71436507290623,95.78875795447607,478.10604363928434,2023-05-01,2025-10-06 10:49:24.263,19,0,0,0,0,1,0,0,0,1,0,1,0,0,0,0,0,0,1,0,1,0,0,0,0,0
CUS_0x7aba,31136.8,2612.733333333333,4,7,18,4,7,17,13.73,100,930.08,28.96232398065151,88.99986635569869,126.7239958888019,305.5494710888327,2023-05-01,2025-10-06 10:49:24.263,32,6,1,0,1,0,1,1,0,0,0,0,0,0,0,0,1,0,0,1,0,0,0,0,0,0
CUS_0x7faf,36589.09,2829.090833333333,8,4,11,0,30,11,11.49,80,83.53,39.02800878724515,0.0,88.06955972602256,444.8395236073108,2023-05-01,2025-10-06 10:49:24.263,28,10,0,0,0,0,0,0,0,0,0,1,0,0,0,0,1,0,0,0,1,0,0,0,0,0
CUS_0x862b,145282.24,12154.853333333333,5,7,10,1,30,12,1.55,7620,1417.24,26.79868463071732,104.35144315941028,1203.7758166339945,187.3580735399287,2023-05-01,2025-10-06 10:49:24.263,23,9,0,0,0,0,0,1,0,0,0,0,1,0,0,1,0,0,0,0,0,0,0,1,0,0
CUS_0xa342,126744.38999999998,10545.0325,5,4,1,4,1,7,2.31,10,839.57,29.342162281752984,313.9426663303038,246.29758460605515,744.262999063641,2023-05-01,2025-10-06 10:49:24.263,31,4,1,1,0,0,0,0,1,0,1,0,0,0,0,1,0,0,0,0,1,0,0,0,0,0
CUS_0xbf03,30231.09,2610.2575,3,6,3,3,1,0,4.09,20,1263.11,38.10959242596411,55.94390700008432,65.31443873084372,379.767404269072,2023-05-01,2025-10-06 10:49:24.263,33,8,0,0,0,0,0,1,1,0,1,0,1,0,0,1,0,0,0,0,0,1,0,0,0,0
CUS_0x3de0,33604.58,2987.3816666666667,3,6,12,3,6,8,3.6,0,509.37,31.97708823888236,79.04757845545905,136.4622758499796,343.22831236122806,2023-05-01,2025-10-06 10:49:24.263,22,10,1,0,1,0,1,0,0,0,0,0,1,0,0,1,0,0,0,1,0,0,0,0,0,0
CUS_0x58f7,81066.72,6639.56,8,3,18,3,13,17,6.1400000000000015,60,721.45,29.07436297743606,170.8293274473086,183.03478570884081,580.0918868438508,2023-05-01,2025-10-06 10:49:24.263,29,9,0,1,1,0,0,0,0,0,0,1,0,0,0,0,0,0,1,0,0,0,0,0,1,0
CUS_0x1340,40600.61,3420.3841666666667,4,7,6,2,9,0,5.5,20,1198.96,33.44434002471432,63.61485153131626,75.54045341818262,462.8831117171678,2023-05-01,2025-10-06 10:49:24.263,21,3,0,0,1,0,0,0,1,0,0,0,1,0,0,1,0,0,0,1,0,0,0,0,0,0
CUS_0x5172,18496.49,1802.374166666667,7,8,27,4,38,26,4.48,120,1571.26,31.127813245480205,56019.0,240.63442762136387,174.69742047475856,2023-05-01,2025-10-06 10:49:24.263,19,9,0,0,1,0,1,1,0,0,0,0,0,0,0,0,0,1,0,0,0,0,1,0,0,0
CUS_0x85fd,40225.32,3609.11,0,5,11,1,11,1,8.02,80,674.01,38.9630656638306,18.3774215571138,116.31640908525677,375.10855593030965,2023-05-01,2025-10-06 10:49:24.263,15,9,0,0,0,0,0,1,0,0,0,0,1,0,0,1,0,0,0,0,0,0,0,1,0,0
CUS_0x99a,76650.12,6558.509999999998,8,7,8,4,24,10,13.37,50,1636.01,28.75802523066145,129.620923481767,325.6817056595589,480.5483708586741,2023-05-01,2025-10-06 10:49:24.263,18,10,0,1,0,0,0,1,1,1,0,1,0,0,0,0,1,0,0,0,0,0,0,1,0,0
CUS_0xa300,159560.76,13580.73,3,1,6,1,2,11,5.67,30,1154.59,39.15291376251928,130.03704841297494,150.263016135004,1317.7729354520216,2023-05-01,2025-10-06 10:49:24.263,25,11,1,0,0,0,0,0,0,0,0,0,1,0,0,1,0,0,0,0,0,1,0,0,0,0
CUS_0x4969,97714.47,8103.8725,1,6,9,0,7,1,4.74,90,613.07,42.4972165560004,0.0,126.60477595393186,933.7824740460684,2023-05-01,2025-10-06 10:49:24.263,32,10,0,0,0,0,0,0,0,0,0,0,1,0,0,1,0,0,0,0,1,0,0,0,0,0
CUS_0x9297,37823.27,2994.939166666666,3,5,12,2,14,12,7.14,80,504.85,25.969516354774854,59.03918239724726,136.15864693557162,364.2960873338477,2023-05-01,2025-10-06 10:49:24.263,24,9,0,0,0,0,1,1,0,0,0,0,1,0,0,1,0,0,0,1,0,0,0,0,0,0
CUS_0x973e,54284.94,4673.745,7,8,30,7,44,24,28.63,110,4237.27,30.53635648525311,190.6419746219804,501.32984339601717,65.40268198200249,2023-05-01,2025-10-06 10:49:24.263,5,6,1,0,0,1,1,1,0,0,1,1,0,0,0,0,0,1,0,0,0,0,1,0,0,0
CUS_0x981d,20063.56,1832.963333333333,6,9,30,6,13,21,13.15,110,2633.67,39.24616418372368,95.00261090428724,85.05638486399404,263.23733756505203,2023-05-01,2025-10-06 10:49:24.263,19,3,0,1,1,1,0,0,1,1,0,1,0,0,0,0,0,0,1,1,0,0,0,0,0,0
CUS_0xb293,72152.8,5849.733333333334,4,7,3,3,19,2,9.04,50,847.35,39.670561347845386,171.80656687493232,99.77424217917013,563.3925242792309,2023-05-01,2025-10-06 10:49:24.263,29,6,0,0,0,1,0,0,1,0,0,0,1,0,0,0,0,0,1,0,1,0,0,0,0,0
CUS_0x2c87,33103.85,2512.6541666666667,3,3,14,3,29,19,10.39,30,521.92,27.77846892090936,73.93236798333274,135.34511800734563,331.9879306759883,2023-05-01,2025-10-06 10:49:24.263,25,8,0,0,1,0,0,1,0,1,0,1,0,0,0,0,0,0,1,0,0,0,1,0,0,0
CUS_0x7df0,16520.79,1110.7325,3,1069,11,1,14,0,8.57,20,489.96,30.51262922021196,13.63552717062582,115.63574485334713,271.80197797602705,2023-05-01,2025-10-06 10:49:24.263,15,11,0,0,0,1,0,0,0,0,0,0,1,0,0,0,0,0,1,0,0,0,1,0,0,0
CUS_0x7e2f,33280.45,2525.370833333333,1,7,9,0,0,6,2.58,70,401.98,30.856355672359875,0.0,208.53058818544184,324.00649514789137,2023-05-01,2025-10-06 10:49:24.263,27,11,0,0,0,0,0,0,0,0,0,0,1,0,0,1,0,0,0,0,0,0,0,1,0,0
CUS_0xf45,32057.3,2606.4416666666666,9,8,16,7,45,25,1.4,140,1327.26,38.59879486683311,164.8594261855369,207.57708393239278,178.207656548737,2023-05-01,2025-10-06 10:49:24.263,10,4,0,0,1,0,0,1,1,1,0,1,0,0,0,0,0,1,0,0,0,0,1,0,0,0
CUS_0x12a7,26450.59,2079.215833333333,5,6,20,4,24,18,11.8,10,952.9,26.399802347810397,73.67019025318037,19.552470959112455,354.6989221210405,2023-05-01,2025-10-06 10:49:24.263,28,8,0,1,0,0,0,0,1,0,1,0,1,0,0,0,1,0,0,0,0,1,0,0,0,0
CUS_0x6072,14900.75,1291.7291666666667,9,5,16,6,27,19,18.62,150,3088.8,24.75213730846041,43.57809580419592,75.91497661440168,270.85028708396004,2023-05-01,2025-10-06 10:49:24.263,4,8,0,0,1,0,0,1,1,1,0,1,0,0,0,0,0,1,0,0,0,0,1,0,0,0
CUS_0x61f7,36920.36,3119.6966666666667,0,6,3,0,9,1,11.94,50,881.0,26.24767701472493,0.0,73.44758723225772,478.52207943440897,2023-05-01,2025-10-06 10:49:24.263,27,4,0,0,0,0,0,0,0,0,0,0,1,0,0,1,0,0,0,0,0,1,0,0,0,0
CUS_0x57e8,18507.72,1761.3100000000004,8,5,30,2,29,25,7.88,120,1716.82,28.77092909929409,27.394667446254548,134.98592073854542,303.7504118152001,2023-05-01,2025-10-06 10:49:24.263,8,1,0,1,0,1,0,0,0,0,0,1,0,0,0,0,0,1,0,0,0,0,1,0,0,0
CUS_0x79ee,57462.92,4531.576666666667,3,1,9,1,1,12,2.08,0,978.56,40.41708273844481,40.8377210417941,103.50874010615496,558.8112055187177,2023-05-01,2025-10-06 10:49:24.263,18,10,0,0,0,0,0,0,1,0,0,0,1,0,0,1,0,0,0,0,1,0,0,0,0,0
CUS_0x203c,48008.07,4135.6725000000015,7,5,17,9,31,13,25.74,150,3532.09,35.873907459294855,19033.0,99.09814769978772,279.37019000647,2023-05-01,2025-10-06 10:49:24.263,7,6,1,1,1,1,0,1,0,1,0,1,0,0,0,0,0,0,1,0,1,0,0,0,0,0
CUS_0x3340,96040.56,7814.38,2,5,3,4,16,12,9.75,10,105.89,37.206176479196685,182.19190935930465,95.38317502549884,753.8629156151967,2023-05-01,2025-10-06 10:49:24.263,29,2,0,1,1,1,0,0,0,0,1,0,1,0,0,0,0,0,1,0,0,0,0,0,0,1
CUS_0x2350,109782.32,9439.526666666668,4,4,19,2,27,9,7.78,50,426.4,29.75460034749512,92.52665718154728,302.342678909548,799.0833305755715,2023-05-01,2025-10-06 10:49:24.263,28,9,0,0,0,0,1,1,0,0,0,0,1,0,0,0,1,0,0,0,1,0,0,0,0,0
CUS_0x519e,7518.15,506.0465455605354,10,9,32,6,44,22,27.61,130,3651.34,40.151811362556174,88.2504797789924,57.55620047335185,262.41052418712025,2023-05-01,2025-10-06 10:49:24.263,9,3,1,0,0,1,1,0,1,1,0,1,0,0,0,0,0,1,0,0,0,0,0,0,0,1
CUS_0x63a6,71756.2,5585.201481054108,0,5,8,0,9,11,0.53,50,1182.68,36.974996942783896,673.4818522792261,129.49144824187476,736.3768850914586,2023-05-01,2025-10-06 10:49:24.263,24,10,0,0,0,0,0,0,0,0,0,0,1,0,0,1,0,0,0,0,0,1,0,0,0,0
CUS_0x58ba,57055.95,4817.6625,4,4,9,4,19,15,15.03,70,470.01,32.43936169386339,174.28633303077572,100.17771605979564,361.3582350642257,2023-05-01,2025-10-06 10:49:24.263,8,4,1,0,1,0,0,0,0,1,1,1,0,0,0,0,1,0,0,0,1,0,0,0,0,0
CUS_0x1ef1,30567.46,2323.288333333333,8,3,5,0,7,15,5.54,80,909.74,29.05775155265329,43.2296063817992,103.79107306879551,375.30815388273874,2023-05-01,2025-10-06 10:49:24.263,23,6,0,0,0,0,1,0,1,0,0,0,1,0,0,1,0,0,0,0,0,0,1,0,0,0
CUS_0x2879,8796.905,545.0754166666667,9,10,19,8,57,20,24.37,120,4623.54,39.26222061853562,49.49072830354186,34.228763401915415,260.78804996120937,2023-05-01,2025-10-06 10:49:24.263,3,4,1,0,1,1,1,1,0,0,1,1,0,0,0,0,0,0,1,0,0,0,1,0,0,0
CUS_0x4f4f,40327.81,3450.650833333333,1,3,7,3,14,10,1.76,11390,424.5,36.685525031240026,87.96659056758587,130.03516537857544,377.0633273871721,2023-05-01,2025-10-06 10:49:24.263,24,0,0,1,0,1,0,0,0,0,0,0,1,0,0,1,0,0,0,0,1,0,0,0,0,0
CUS_0x5813,106839.09,9018.2575,0,1,2535,2,14,8,9.96,90,1138.94,29.09859217762145,105.41856111470352,100.50873113734464,935.898457747952,2023-05-01,2025-10-06 10:49:24.263,31,5,0,0,0,0,0,0,1,1,0,0,0,0,0,1,0,0,0,0,0,1,0,0,0,0
CUS_0x51e6,70973.32,5741.443333333334,3,6,18,3,9,12,10.18,80,2457.36,36.994892653217896,115.94173272338782,10000.0,525.880948303476,2023-05-01,2025-10-06 10:49:24.263,15,2,0,0,0,0,1,0,1,1,0,1,0,0,0,0,1,0,0,1,0,0,0,0,0,0
CUS_0x689,47984.19,3718.6825,8,6,26,5,39,15,1.27,120,1476.27,27.00510493565953,195.25539229304,171.50243578793228,265.11042191902783,2023-05-01,2025-10-06 10:49:24.263,13,8,0,0,1,1,0,0,0,0,1,1,0,0,0,0,0,1,0,1,0,0,0,0,0,0
CUS_0x95ef,58427.31,4717.9425,10,5,23,4,50,19,18.39,60,1956.44,38.050709571298775,125.59569441275208,183.93578158621293,412.2627740010351,2023-05-01,2025-10-06 10:49:24.263,17,6,0,1,0,0,0,0,0,1,1,1,0,0,0,0,0,1,0,0,1,0,0,0,0,0
CUS_0xa5ac,83627.12,6843.926666666666,6,7,9,3,5,20,1.34,10860,2312.09,36.81216683119288,189.56363240412895,315.49364668428814,459.33538757824954,2023-05-01,2025-10-06 10:49:24.263,8,11,0,0,1,0,0,0,1,0,0,1,0,0,0,0,1,0,0,0,0,0,0,1,0,0
CUS_0x226a,14128.68,884.3900000000001,4,107,9,2,3,18,14.32,40,314.56,38.6943398553941,12.076670221913464,37.638829812624,328.72349996546257,2023-05-01,2025-10-06 10:49:24.263,20,0,0,0,0,0,0,1,0,1,0,0,0,0,0,0,1,0,0,0,0,0,1,0,0,0
CUS_0x3bb8,41077.12,3390.0933333333337,9,7,29,0,62,23,1.19,120,1507.89,39.83429281635628,199.5840003726387,10000.0,150.28023125631174,2023-05-01,2025-10-06 10:49:24.263,10,0,0,1,1,0,1,0,0,1,1,1,0,0,0,0,0,1,0,0,0,0,0,0,1,0
CUS_0x8049,65891.85,5326.9875,4,4,5,4,22,17,10.83,30,454.19,27.31180445772025,118.88267396744332,50.49215252694109,603.3239235056154,2023-05-01,2025-10-06 10:49:24.263,19,8,1,1,1,0,0,0,0,0,0,1,0,0,0,0,1,0,0,0,0,1,0,0,0,0
CUS_0x982e,24353.63,1851.469166666667,6,7,11,1,25,11,17.24,40,806.4,36.48539266144092,15.465946462875564,191.7916739875507,267.88929621624044,2023-05-01,2025-10-06 10:49:24.263,23,10,1,0,0,0,0,0,0,0,0,1,0,0,0,0,0,0,1,0,0,0,1,0,0,0
CUS_0xa42f,17576.52,1234.71,4,7,2,3,24,11,1.0700000000000005,40,235.86,40.263724283466495,29.737006923873004,83.1015621008492,280.6324309752778,2023-05-01,2025-10-06 10:49:24.263,17,2,0,1,0,1,0,0,1,0,0,0,1,0,0,0,0,0,1,0,0,0,0,0,1,0
CUS_0xa9f5,15088.35,1231.3625,7,8,29,3,38,19,8.88,160,2126.67,26.39672862982644,37.10487867370514,102.26184424750086,273.769527078794,2023-05-01,2025-10-06 10:49:24.263,16,0,0,1,1,0,0,0,1,0,0,1,0,0,0,0,0,1,0,0,0,0,1,0,0,0
CUS_0x5585,60340.02,4432.315384007302,6,5,17,1,29,18,12.78,60,890.61,39.23098076261115,551.1491823527323,332.88222874254416,414.62170489742135,2023-05-01,2025-10-06 10:49:24.263,15,11,0,0,0,0,0,0,0,1,0,0,0,0,0,0,1,0,0,0,0,0,1,0,0,0
CUS_0x5a4f,57303.36,4949.28,9,9,31,0,37,18,0.0,110,1341.14,29.06114732220866,250.1089993864728,196.19776294766612,298.62123766586103,2023-05-01,2025-10-06 10:49:24.263,17,10,1,0,0,0,1,0,0,1,0,1,0,0,0,0,0,1,0,0,1,0,0,0,0,0
CUS_0x9087,81142.96,6614.913333333334,3,5,9,4,15,2,9.72,40,580.94,34.51517775583303,207.58453039487472,235.0743738586393,498.8324290798194,2023-05-01,2025-10-06 10:49:24.263,32,10,0,0,1,0,1,0,0,1,0,0,1,0,0,1,0,0,0,0,0,0,0,1,0,0
CUS_0x26d0,56705.7,4955.474999999999,3,6,5,2,2,6,11.4,40,207.43,26.029201466785945,61.27521831815074,67.73572877016764,616.5365529116816,2023-05-01,2025-10-06 10:49:24.263,17,10,0,1,1,0,0,0,0,0,0,0,1,0,0,1,0,0,0,0,0,0,0,0,0,1
CUS_0xb4fd,37070.0,2939.166666666666,3,4,4,4,13,13,10.73,50,387.26,28.285770845993856,103.09266477143572,372.27989880677404,108.54410308845695,2023-05-01,2025-10-06 10:49:24.263,28,3,1,0,1,1,0,0,0,0,1,0,1,0,0,1,0,0,0,0,0,0,1,0,0,0
CUS_0x1e41,133646.04,11429.17,4,5,11,2,7,6,2.43,30,1290.92,36.49235587889861,114.24824264081518,148.88108511383075,1119.7876722453543,2023-05-01,2025-10-06 10:49:24.263,33,5,1,0,0,1,0,0,0,0,0,0,1,0,0,0,0,0,1,0,0,1,0,0,0,0
CUS_0xc5b0,40019.72,3565.976666666667,4,7,3,0,10,11,9.48,40,805.43,31.3074499183604,0.0,461.03829585996994,185.55937080669682,2023-05-01,2025-10-06 10:49:24.263,32,8,0,0,0,0,0,0,0,0,0,0,1,0,0,0,1,0,0,0,0,0,1,0,0,0
CUS_0x3910,63661.6,5598.133333333332,3,5,16,2,20,7,1.03,10,1167.2,30.28263452768257,69.43553038340602,482.9356931478054,297.4421098021221,2023-05-01,2025-10-06 10:49:24.263,28,3,0,0,0,1,0,1,0,0,0,0,1,0,0,0,1,0,0,0,0,0,1,0,0,0
CUS_0x569b,16435.27,1526.605833333333,9,8,29,8,32,19,8.01,90,3414.12,29.6590925195418,75.4888935773085,168.32212800422937,198.84956175179548,2023-05-01,2025-10-06 10:49:24.263,10,9,1,0,1,1,0,0,1,1,1,1,0,0,0,0,0,1,0,0,0,0,1,0,0,0
CUS_0x846e,18848.995,1364.7495833333332,3,6,10,0,4,9,7.76,70,159.31,38.42046162048121,0.0,55.70334978262179,370.7716085507116,2023-05-01,2025-10-06 10:49:24.263,29,4,0,0,0,0,0,0,0,0,0,0,1,0,0,1,0,0,0,0,0,0,1,0,0,0
CUS_0xa03c,93898.05,7739.837499999999,5,2,1,4,9,11,3.43,10,31.44,29.88098699556641,256.2692047604993,193.00607048916686,574.7084747503338,2023-05-01,2025-10-06 10:49:24.263,22,5,0,1,0,0,1,0,0,1,0,0,1,0,0,1,0,0,0,0,1,0,0,0,0,0
CUS_0x282a,7360.56,819.38,6,4,14,2,13,5,12.49,20830,2534.17,31.20842084748188,6.4421698923847375,74.35995962058513,291.13587048703016,2023-05-01,2025-10-06 10:49:24.263,9,4,0,0,0,0,0,0,1,0,0,0,0,0,0,0,0,0,1,0,0,0,1,0,0,0
CUS_0x8843,11911.715,917.6429166666668,5,6,11,6,25,20,11.41,80,1147.49,31.0065823690811,33.122454103765136,39.82699522210105,308.8148423408005,2023-05-01,2025-10-06 10:49:24.263,7,8,0,0,0,1,1,1,0,0,1,1,0,0,0,0,1,0,0,0,0,0,1,0,0,0
CUS_0x44a4,56545.44,4619.12,8,8,5277,7,41,24,3.04,100,2493.18,31.84578119301969,184.67564631467988,38.04339098231016,479.19296270301004,2023-05-01,2025-10-06 10:49:24.263,13,8,0,1,1,0,0,1,1,1,1,1,0,0,0,0,0,0,1,0,0,1,0,0,0,0
CUS_0x8959,72618.32,6295.526666666668,5,6,14,3,6,17,17.02,10,805.95,29.76778729602572,127.500728855511,208.3576015541444,563.6943362570113,2023-05-01,2025-10-06 10:49:24.263,27,11,0,0,1,0,0,1,0,0,1,0,1,0,0,0,1,0,0,0,0,0,0,0,1,0
CUS_0x270e,15165.14,1505.7616666666663,10,7,25,9,59,15,23.91,70,3001.52,26.610155152220603,67.76528287753112,189.7470241089665,183.063859680169,2023-05-01,2025-10-06 10:49:24.263,1,5,0,0,0,1,1,0,1,0,1,1,0,0,0,0,0,1,0,0,0,0,1,0,0,0
CUS_0x57f0,171781.8,14185.15,0,3,1,2,10,12,5.62,50,275.92,27.14635984268217,258.7493458892568,811.3015421825103,618.4641119282331,2023-05-01,2025-10-06 10:49:24.263,19,5,0,0,0,0,0,0,0,1,0,0,1,0,0,1,0,0,0,0,0,0,0,0,1,0
CUS_0x8ba3,105080.76,8488.73,5,5,7,1,20,11,12.62,20,361.25,43.59631920830307,41407.0,10000.0,928.8964297481688,2023-05-01,2025-10-06 10:49:24.263,29,2,0,0,0,0,0,0,0,1,0,1,0,0,0,0,1,0,0,0,1,0,0,0,0,0
CUS_0x11b1,34819.83,2689.6525,312,3,10,1,14,12,7.69,40,905.89,37.698168874640345,22.795396122443535,125.599605790283,380.57024808727346,2023-05-01,2025-10-06 10:49:24.263,18,10,0,0,0,0,0,1,0,0,0,1,0,0,0,0,0,0,1,1,0,0,0,0,0,0
CUS_0xb1bc,19194.75,1870.5625,6,8,23,2,17,19,4.95,60,2456.95,28.392995866406284,28.38685362260293,46.81440222289749,351.8549941544996,2023-05-01,2025-10-06 10:49:24.263,7,8,0,0,1,1,0,0,0,0,0,1,0,0,0,0,0,0,1,0,0,1,0,0,0,0
CUS_0x2c54,49497.34,4201.778333333333,8,4,8,4,12,14,1.29,50,129.5,23.12992572114241,151.74342119737454,262.8623989453714,275.5720131905873,2023-05-01,2025-10-06 10:49:24.263,24,10,1,0,1,0,0,0,1,0,0,0,1,0,0,0,1,0,0,0,0,0,0,0,1,0
CUS_0x21fa,29357.85,2665.4875,5,4,17,3,19,11,12.09,40,848.04,29.46832718933956,45.65052113455737,76.3464045559703,394.5518243094723,2023-05-01,2025-10-06 10:49:24.263,7,6,0,0,0,0,1,0,0,0,1,1,0,0,0,0,0,0,1,0,1,0,0,0,0,0
CUS_0xad38,54481.56,4453.13,7,6,15,7,62,21,2.0,90,3793.7,25.41173044845196,238.7902985622316,162.98146732072826,293.5412341170402,2023-05-01,2025-10-06 10:49:24.263,6,4,1,1,0,1,0,0,1,1,0,1,0,0,0,0,0,1,0,0,1,0,0,0,0,0
CUS_0x37e3,13251.57,1220.2975,7,7,6,2,26,19,11.3,60,298.58,26.85174411443913,12.553890767591652,34.893312718730165,324.58254651367815,2023-05-01,2025-10-06 10:49:24.263,29,10,1,0,1,0,0,0,0,0,0,0,1,0,0,0,0,0,1,0,1,0,0,0,0,0
CUS_0x51f,32937.83,2519.8191666666667,8,6,11,4,18,14,4.95,0,134.09,31.580074923431987,79.58570854657205,157.13916546624873,275.25704265384593,2023-05-01,2025-10-06 10:49:24.263,18,4,0,0,1,1,0,0,0,0,1,0,1,0,0,0,0,0,1,1,0,0,0,0,0,0
CUS_0x53c0,162550.04,13331.836666666668,5,1458,1,0,8,3,3.9,60,571.39,30.0004955990356,0.0,838.5101259341792,774.6735407324875,2023-05-01,2025-10-06 10:49:24.263,29,0,0,0,0,0,0,0,0,0,0,0,1,0,0,1,0,0,0,0,0,0,0,1,0,0
CUS_0x10f9,150131.68,11102.135321735655,5,1,4,0,8,0,7.49,0,1138.36,45.2558066955709,1494.8380115976777,180.7591380504137,1328.93819528292,2023-05-01,2025-10-06 10:49:24.263,31,11,0,0,0,0,0,0,0,0,0,0,1,0,0,1,0,0,0,0,1,0,0,0,0,0
CUS_0x35cb,78658.16,6390.846666666667,5,3,3,1,14,8,6.86,10,195.21,24.16735692438222,38.91178220477315,209.11640063312032,641.0564838287733,2023-05-01,2025-10-06 10:49:24.263,16,9,0,0,1,0,0,0,0,0,0,0,1,0,0,1,0,0,0,0,1,0,0,0,0,0
CUS_0x78e0,17787.34,1242.2783333333334,8,4,16,2,5,15,5.65,0,730.9,29.998151246391902,20.06363388435491,31.71381628337271,342.45038316560573,2023-05-01,2025-10-06 10:49:24.263,30,4,0,1,0,0,0,1,0,0,0,0,1,0,0,0,1,0,0,0,0,0,0,0,1,0
CUS_0x88e3,60829.8,5207.1500000000015,4,5,3065,3,7,5,0.64,20,445.39,26.954385844545264,106.31850202522548,133.8642643233237,520.5322336514508,2023-05-01,2025-10-06 10:49:24.263,32,8,1,0,0,0,0,0,0,1,1,0,1,0,0,1,0,0,0,0,0,1,0,0,0,0
CUS_0x1db4,116798.36,9912.196666666669,8,7,7,4,15,13,6.51,0,1399.73,30.17807141126989,256.21661640463947,481.5950262460067,543.4080240160207,2023-05-01,2025-10-06 10:49:24.263,26,8,0,0,1,0,1,0,0,0,0,1,0,0,0,0,1,0,0,0,0,0,1,0,0,0
CUS_0x74a3,30936.69,2416.0575,4,5,17,1,10,12,19.18,110,785.88,28.352863891914893,21.485555424863183,10000.0,207.25604032543592,2023-05-01,2025-10-06 10:49:24.263,33,0,0,1,0,0,0,0,0,0,0,1,0,0,0,0,1,0,0,0,0,0,1,0,0,0
CUS_0x88b8,72363.72,6124.31,5,3,8,3,0,3,12.85,70,364.45,35.980733792811954,137.67296575390688,10000.0,499.94089507073335,2023-05-01,2025-10-06 10:49:24.263,20,5,1,0,1,0,0,0,0,1,0,0,1,0,0,1,0,0,0,0,0,0,0,0,0,1
CUS_0x9189,65050.32,5626.86,8,5,15,6,36,12,2.1900000000000004,70,1566.55,27.041048283853804,173.0415281068971,129.66049668116986,509.9839752119331,2023-05-01,2025-10-06 10:49:24.263,10,5,0,1,1,1,0,0,0,1,0,1,0,0,0,0,1,0,0,0,1,0,0,0,0,0
CUS_0xb203,8944.07,781.3391666666665,6,10,22,7,30,21,24.11,70,4405.04,34.85181535500519,43.78268756585749,32.16808224246858,292.1831468583406,2023-05-01,2025-10-06 10:49:24.263,11,4,0,0,1,1,1,0,1,1,0,1,0,0,0,0,0,1,0,0,0,0,1,0,0,0
CUS_0x61f8,19397.6,1539.4666666666665,10,6,19,9,52,23,1.08,90,1285.51,22.592870784145934,136.3574568121391,88.28955674366945,219.2996531108581,2023-05-01,2025-10-06 10:49:24.263,19,5,1,0,1,1,1,1,1,1,0,0,0,0,0,0,0,1,0,0,0,0,1,0,0,0
CUS_0x6808,16523.08,1497.9233333333334,9,5,27,8,48,25,30.39,110,4959.32,28.54740924627843,109.35109000432831,102.04896290299313,228.39228042601192,2023-05-01,2025-10-06 10:49:24.263,13,6,1,0,1,1,1,0,0,1,0,1,0,0,0,0,0,1,0,0,0,0,1,0,0,0
CUS_0xa299,78569.9,6667.491666666666,3,5,2,0,10,10,8.76,60,1316.34,35.89579984792478,0.0,156.46539811362302,750.2837685530435,2023-05-01,2025-10-06 10:49:24.263,15,11,0,0,0,0,0,0,0,0,0,0,1,0,0,1,0,0,0,0,0,1,0,0,0,0
CUS_0x38c1,31217.34,2598.445,9,10,16,6,15,22,6.63,140,2495.35,25.07699738293255,81.69617939875792,235.0694495346906,233.07887106655156,2023-05-01,2025-10-06 10:49:24.263,12,9,0,0,1,1,1,1,0,0,0,1,0,0,0,0,0,0,1,0,0,0,1,0,0,0
CUS_0xa6f4,126091.71,10406.6425,1,5,6,0,0,3,5.38,20,1456.29,34.16209114665349,0.0,584.4046876809238,746.2595623190763,2023-05-01,2025-10-06 10:49:24.263,19,4,0,0,0,0,0,0,0,0,0,0,1,0,0,1,0,0,0,0,0,0,1,0,0,0
CUS_0xc524,34216.85,2718.4041666666667,4,5,12,0,29,19,18.41,110,1283.78,38.77414906909031,0.0,69.00777875238893,452.8326379142777,2023-05-01,2025-10-06 10:49:24.263,22,2,0,0,0,0,0,0,0,0,0,1,0,0,0,0,1,0,0,0,1,0,0,0,0,0
CUS_0x5050,28485.95,2639.829166666667,8,5,5,1,16,15,19.51,50,339.45,25.05153834523372,17.43495131492973,239.52187846229413,277.02608688944287,2023-05-01,2025-10-06 10:49:24.263,33,6,0,0,0,0,0,1,0,0,0,1,0,0,0,0,1,0,0,0,0,0,0,0,1,0
CUS_0x43a7,32151.76,2591.313333333333,7,10,29,9,38,18,20.53,150,2598.41,21.923973688737284,181.9650731872586,268.04556465397314,99.12069549210156,2023-05-01,2025-10-06 10:49:24.263,7,3,1,0,1,0,0,1,0,1,1,0,0,0,0,0,0,1,0,0,0,0,1,0,0,0
CUS_0x5293,39829.0,3146.083333333333,4,6,14,3,8,12,19.04,80,1426.83,40.373389017831656,71.45002882035034,168.13027389859366,335.02803061438937,2023-05-01,2025-10-06 10:49:24.263,15,2,0,1,0,0,1,1,0,0,0,1,0,0,0,0,1,0,0,1,0,0,0,0,0,0
CUS_0x70af,14220.28,1404.023333333333,8,5,26,3,44,10,16.96,150,1504.95,26.20220771135301,31.682467068174983,84.78190137711756,313.9379648880408,2023-05-01,2025-10-06 10:49:24.263,13,4,1,0,0,0,0,0,0,0,1,1,0,0,0,0,1,0,0,0,0,0,1,0,0,0
CUS_0x7d2c,76689.8,6683.816666666668,3,6,8,6,0,12,19.7,60,1150.54,28.579806340712448,217.61304292286425,140.00481479958285,560.7638089442196,2023-05-01,2025-10-06 10:49:24.263,8,0,0,0,1,1,1,0,1,0,0,0,0,0,0,0,1,0,0,0,1,0,0,0,0,0
CUS_0xbe20,30162.35,2501.5291666666667,5,7,16,4,23,11,4.26,30,1278.35,37.003792013966105,76.36269392667178,53.30764344315649,380.48257929683837,2023-05-01,2025-10-06 10:49:24.263,25,11,1,0,1,0,0,0,1,1,0,0,1,0,0,0,1,0,0,1,0,0,0,0,0,0
CUS_0x41fa,29020.21,2277.350833333333,5,4,5,4,0,0,2.92,60,1252.87,24.88376785735319,74.67200874652599,61.9948667025358,341.0682078842716,2023-05-01,2025-10-06 10:49:24.263,17,8,0,0,1,1,0,1,0,1,0,0,1,0,0,1,0,0,0,0,1,0,0,0,0,0
CUS_0x5205,103316.76,8473.73,4,4,4,3,21,5,11.58,10,609.13,25.23194238865737,198.93956646223504,506.05448507396113,412.378948463804,2023-05-01,2025-10-06 10:49:24.263,20,3,1,1,0,0,0,0,0,0,1,0,1,0,0,0,0,0,1,0,0,0,0,0,1,0
CUS_0x9b46,109547.1,9086.925,6,4,11,0,17,10,9.92,30,171.64,30.873361500292248,0.0,138.00269575555416,1010.689804244446,2023-05-01,2025-10-06 10:49:24.263,21,6,0,0,0,0,0,0,0,0,0,1,0,0,0,0,1,0,0,0,0,1,0,0,0,0
CUS_0xc0c8,16594.59,1497.8825,82,7,34,2,46,10,23.02,100,2136.82,31.816099667382847,15.54439830031542,139.63574729800436,260.5868363034002,2023-05-01,2025-10-06 10:49:24.263,19,4,1,1,0,0,0,0,0,0,0,1,0,0,0,0,1,0,0,0,0,0,0,0,0,1
CUS_0x7820,34974.3,2986.525,6,9,33,6,15,21,16.49,100,4624.51,28.137260031469733,134.25906371591478,110.37180964671316,304.02162663737215,2023-05-01,2025-10-06 10:49:24.263,2,4,1,0,0,1,1,0,1,0,0,1,0,0,0,0,0,0,1,0,1,0,0,0,0,0
CUS_0xa1ab,40561.2,3616.1,9,6,28,8,60,20,16.76,170,3158.45,34.95832468320452,189.3974598580991,49.57606635442873,280.8423550873572,2023-05-01,2025-10-06 10:49:24.263,11,4,1,1,0,1,1,1,0,1,1,0,0,0,0,0,0,1,0,0,1,0,0,0,0,0
CUS_0x2a08,20039.58,1862.965,6,6,17,6,21,18,2.28,60,2507.45,32.90948189131756,64.03853362505028,24.952821017759486,337.30514535719027,2023-05-01,2025-10-06 10:49:24.263,20,6,1,0,1,0,1,1,1,0,0,1,0,0,0,0,0,1,0,0,0,1,0,0,0,0
CUS_0x434c,87792.39,7448.0325,3,7,6,2,10,2,2.66,80,693.37,36.91373248194507,101.20594572105878,59.194734568842144,824.4025697100992,2023-05-01,2025-10-06 10:49:24.263,20,9,0,0,0,1,0,1,0,0,0,0,1,0,0,0,0,0,1,0,0,1,0,0,0,0
CUS_0x46d2,7718.76,900.23,8,6,25,8,34,24,29.53,130,4831.44,32.18174270658977,36.76416182062983,109.0049474558428,234.25389072352738,2023-05-01,2025-10-06 10:49:24.263,6,9,1,0,0,1,0,1,0,1,0,1,0,0,0,0,0,1,0,0,0,0,1,0,0,0
CUS_0x1616,34357.96,2632.163333333333,7,4,30,5,20,9,17.88,50,1751.09,37.68125629620079,108.86649560681757,33.64521163834734,370.7046260881684,2023-05-01,2025-10-06 10:49:24.263,6,3,0,0,1,1,0,1,0,1,0,1,0,0,0,0,1,0,0,0,1,0,0,0,0,0
CUS_0x1ee3,15950.66,1047.2216666666666,9,8,26,9,57,23,9.01,90,2598.21,36.15071612803003,63.85540142023863,134.39776819281698,196.46899705361102,2023-05-01,2025-10-06 10:49:24.263,16,3,0,1,1,0,0,1,0,1,1,1,0,0,0,0,0,1,0,0,0,0,1,0,0,0
CUS_0xb115,27138.97,2453.580833333333,6,4,8,4,7,20,8.01,50,1190.67,27.109322928805145,70.7818078817244,33.41041585318279,391.1658595984262,2023-05-01,2025-10-06 10:49:24.263,7,11,1,1,0,1,0,0,0,1,0,1,0,0,0,0,1,0,0,0,1,0,0,0,0,0
CUS_0x34c9,7200.005,482.0004166666666,6,9,17,8,61,21,2.46,90,2870.92,36.49257330817738,42.78617866498074,31.36119975576571,264.0526632459202,2023-05-01,2025-10-06 10:49:24.263,3,8,1,1,1,0,0,0,1,1,0,1,0,0,0,0,0,1,0,0,0,0,1,0,0,0
CUS_0x6171,149168.88,12297.74,3,5,1,0,8,6,16.65,0,903.48,29.57356422809504,0.0,389.21331066656603,1090.560689333434,2023-05-01,2025-10-06 10:49:24.263,20,2,0,0,0,0,0,0,0,0,0,0,1,0,0,0,0,0,1,0,1,0,0,0,0,0
CUS_0x81e4,17709.31,1732.7758333333334,9,8,20,2,34,19,14.09,110,1551.3,30.31688672099592,18.09016279399464,96.64291285043876,338.5445076889,2023-05-01,2025-10-06 10:49:24.263,17,11,0,0,0,0,1,0,1,0,0,1,0,0,0,0,0,0,1,0,0,0,0,1,0,0
CUS_0xa762,43820.67,3658.7225,1,2,11,0,15,12,2.37,40,1301.41,34.1506903570248,0.0,77.79823479033121,538.0740152096688,2023-05-01,2025-10-06 10:49:24.263,26,8,0,0,0,0,0,0,0,0,0,0,1,0,0,1,0,0,0,0,1,0,0,0,0,0
CUS_0xb1dd,12151.75,1187.6458333333337,5,3,10,1,15,15,5.21,20,1011.03,23.076185474547582,7.249926181887131,124.7878586011502,276.726798550296,2023-05-01,2025-10-06 10:49:24.263,23,5,0,0,0,1,0,0,0,0,0,0,1,0,0,0,0,0,1,0,0,0,1,0,0,0
CUS_0x8536,144497.44,11084.395307009543,5,5,16,3,9,20,3.67,40,50.13,28.15038555366221,921.6865326242296,101.6135228228962,1127.1033042099968,2023-05-01,2025-10-06 10:49:24.263,25,11,0,0,0,0,1,1,1,0,0,0,1,0,0,0,1,0,0,0,0,1,0,0,0,0
CUS_0x870c,19631.26,1724.938333333333,2,4,9,4,3,4,0.0,90,823.21,27.05057588934674,65.0512992764991,102.9015253653589,284.54100869147527,2023-05-01,2025-10-06 10:49:24.263,32,5,0,0,0,0,1,1,0,0,1,0,1,0,0,1,0,0,0,0,0,0,0,1,0,0
CUS_0xbe70,7243.44,614.62,7,10,33,5,61,17,3.7899999999999987,120,2621.26,40.30987258085903,18.973084237920684,33.45100727346792,299.0379084886114,2023-05-01,2025-10-06 10:49:24.263,16,2,1,1,1,0,0,0,1,0,0,1,0,0,0,0,1,0,0,0,0,0,1,0,0,0
CUS_0xc526,112202.72,9144.226666666667,4,3,19,3,5,12,7.0,40,455.29,28.682356047916983,223.8923924343457,491.99205842131033,458.5382158110109,2023-05-01,2025-10-06 10:49:24.263,21,11,0,0,1,0,0,1,1,0,0,1,0,0,0,0,1,0,0,1,0,0,0,0,0,0
CUS_0x9819,24363.78,1792.3149999999996,3,3,19,2,9,17,15.79,40,242.11,27.32382947883905,32.81755487202516,72.42933223345092,323.98461289452393,2023-05-01,2025-10-06 10:49:24.263,32,5,0,0,0,0,1,0,1,0,0,1,0,0,0,0,1,0,0,0,1,0,0,0,0,0
CUS_0x2473,66614.64,5704.22,6,4,27,7,24,10,15.27,100,1287.55,38.34643680435976,241.3714473170532,129.51536829575994,449.5351843871868,2023-05-01,2025-10-06 10:49:24.263,12,6,0,0,0,0,1,1,1,1,0,1,0,0,0,0,1,0,0,0,1,0,0,0,0,0
CUS_0x40a3,60224.34,5028.695,1,8,5,0,28,1,3.83,40,1261.46,30.11428477675196,0.0,107.91922421032862,634.9502757896714,2023-05-01,2025-10-06 10:49:24.263,23,3,0,0,0,0,0,0,0,0,0,0,1,0,0,1,0,0,0,0,0,1,0,0,0,0
CUS_0x5abc,59519.79,4966.9825,10,10,31,6,30,19,19.84,70,2979.78,37.62744515889193,174.81884849726933,139.66435611737808,432.21504538535277,2023-05-01,2025-10-06 10:49:24.263,2,6,0,0,0,1,1,1,1,0,1,1,0,0,0,0,0,0,1,0,1,0,0,0,0,0
CUS_0x9275,30370.09,2266.840833333333,1,4,8,0,6,9,4.94,0,1333.93,34.91070196914963,0.0,165.1917717393888,341.4923115939445,2023-05-01,2025-10-06 10:49:24.263,21,10,0,0,0,0,0,0,0,0,0,0,1,0,0,0,0,0,1,0,0,0,0,1,0,0
CUS_0xc365,69933.98,5561.831666666666,8,7,2701,2,3,10,10.11,50,1446.37,39.047405498466375,86.40115819574194,87.60547294331136,632.1765355276134,2023-05-01,2025-10-06 10:49:24.263,18,9,0,1,0,0,0,0,1,0,0,1,0,0,0,0,0,0,1,0,1,0,0,0,0,0
CUS_0x2976,30155.09,2217.9241666666667,6,5,14,3,7,19,9.75,40,972.35,32.19637940628601,75.10935762755916,196.1420616411499,240.54099739795763,2023-05-01,2025-10-06 10:49:24.263,29,2,1,1,0,0,0,0,0,1,0,1,0,0,0,0,1,0,0,0,0,0,0,0,0,1
CUS_0x2a9a,100791.57,8436.2975,2,5,11,1,6,4,11.33,0,1336.44,37.47330536765139,53.08360100952531,578.2748267131333,482.2713222773416,2023-05-01,2025-10-06 10:49:24.263,33,4,0,0,0,1,0,0,0,0,0,0,1,0,0,1,0,0,0,0,0,0,0,0,1,0
CUS_0x6bbe,87939.04,7343.253333333332,2,4,11,2,4,7,0.0,40,320.89,38.62693776849808,74.00774815976222,262.22524447890936,648.0923406946617,2023-05-01,2025-10-06 10:49:24.263,25,11,0,0,0,0,0,0,0,1,1,0,1,0,0,1,0,0,0,0,1,0,0,0,0,0
CUS_0x9fab,27738.99,2120.5825,5,7,20,0,17,9,0.87,0,425.01,26.24118248869187,0.0,87.36443755314043,374.69381244685957,2023-05-01,2025-10-06 10:49:24.263,17,8,0,0,0,0,0,0,0,0,0,0,0,0,0,0,1,0,0,0,1,0,0,0,0,0
CUS_0x1fe3,76386.04,6515.503333333332,8,7,24,7,58,15,8.02,100,3822.36,28.871418689591103,354.2334850409378,879.5268058923482,432.8730148549054,2023-05-01,2025-10-06 10:49:24.263,8,11,1,1,1,1,0,0,0,0,1,1,0,0,0,0,0,1,0,0,0,0,1,0,0,0
CUS_0x36b4,17060.705,1685.725416666667,8,3,11,4,24,8,9.64,60,268.81,37.7234721642246,51.934633908050095,61.047419288345836,315.5904884702708,2023-05-01,2025-10-06 10:49:24.263,22,8,0,1,0,0,0,0,1,0,1,1,0,0,0,0,1,0,0,1,0,0,0,0,0,0
CUS_0xb9ea,9133.045,777.0870833333332,6,7,34,6,61,16,15.26,110,3035.88,28.29641139737807,30.20103247533153,31.012636052888016,276.49503980511383,2023-05-01,2025-10-06 10:49:24.263,9,6,1,0,1,0,0,1,1,0,0,1,0,0,0,0,0,1,0,1,0,0,0,0,0,0
CUS_0xbf18,81100.8,6822.4000000000015,7,8,31,8,20,21,19.6,100,3988.3,26.892770625457047,411.3862774277535,375.4307045259215,175.4230180463251,2023-05-01,2025-10-06 10:49:24.263,1,0,1,0,1,1,1,1,1,0,1,1,0,0,0,0,0,1,0,0,0,0,0,1,0,0
CUS_0x2e5e,16045.125,1361.09375,1,6,10,4,15,2,5.79,10,1013.24,35.256994721900845,30.29332251252584,174.90323527911042,220.91281720836375,2023-05-01,2025-10-06 10:49:24.263,21,0,0,1,0,0,0,0,1,1,1,0,1,0,0,1,0,0,0,0,0,0,1,0,0,0
CUS_0x3d9c,19809.27,1711.7725,5,5,8,1,2,0,7.23,20,562.34,34.673978456949705,14.05862727465902,22.954311975022502,374.1643107503185,2023-05-01,2025-10-06 10:49:24.263,30,4,0,0,1,0,0,0,0,0,0,0,1,0,0,1,0,0,0,0,0,1,0,0,0,0
CUS_0x575e,112985.56,9176.463333333331,4,470,15,2,14,15,18.56,70,1050.97,36.75686749119944,98.83261071562666,114.74312918469612,944.0705934330106,2023-05-01,2025-10-06 10:49:24.263,8,10,0,0,0,0,0,0,0,1,1,1,0,0,0,0,1,0,0,0,0,1,0,0,0,0
CUS_0xf01,30256.85,2226.4041666666667,0,5,5,3,21,2,0.73,70,1483.23,28.16559073004076,62.10515619403197,157.1909688180931,273.34429165454156,2023-05-01,2025-10-06 10:49:24.263,20,5,0,0,0,0,0,0,1,1,0,0,1,0,0,0,0,0,1,0,0,0,0,0,1,0
CUS_0x1b0c,51508.62,4259.385,7,7,30,7,40,24,2.58,80,3636.05,33.25893221801807,255.6802071210304,305.0532521677885,135.2050407111812,2023-05-01,2025-10-06 10:49:24.263,10,4,1,0,1,0,1,0,1,1,1,1,0,0,0,0,0,0,1,0,0,0,0,0,1,0
CUS_0x2a83,140794.6,11465.883333333331,6,7,13,3,27,10,7.81,20,288.92,24.889350182283312,330.19679416042425,1147.5509965383244,468.4314668996042,2023-05-01,2025-10-06 10:49:24.263,28,11,0,0,0,0,0,1,1,0,1,0,1,0,0,0,1,0,0,0,0,0,0,0,0,1
CUS_0x404d,58132.12,4944.343333333333,10,10,30,8,65,23,23.23,150,4453.51,32.21176566340048,254.75767057555265,364.09473351185125,145.5819292459295,2023-05-01,2025-10-06 10:49:24.263,14,2,1,0,0,1,1,0,1,1,0,1,0,0,0,0,0,0,1,0,0,0,0,0,1,0
CUS_0x4d3d,78244.68,6483.389999999999,4,6,23,5,25,20,14.78,11960,1737.51,25.268422706156468,319.05773219616987,214.20555006702043,365.0757177368097,2023-05-01,2025-10-06 10:49:24.263,12,3,0,1,0,0,0,0,0,1,1,1,0,0,0,0,1,0,0,0,1,0,0,0,0,0
CUS_0x1962,33645.24,2693.77,4,6,2,3,8,14,14.47,90,1162.68,34.689178824717224,337.5340854764748,107.81547018638132,353.02283862498365,2023-05-01,2025-10-06 10:49:24.263,16,10,1,1,0,0,1,0,0,0,0,0,1,0,0,1,0,0,0,0,1,0,0,0,0,0
CUS_0x1119,56301.9,4593.825,9,5,26,2,15,18,14.73,140,2161.23,37.38149611193315,50.11934808737193,310.84444036433723,378.41871154829084,2023-05-01,2025-10-06 10:49:24.263,14,6,0,0,0,0,1,0,0,0,0,1,0,0,0,0,0,0,1,0,0,0,0,1,0,0
CUS_0x67e2,30195.47,2619.189232985464,5,3,14,0,13,20,5.039999999999999,70,893.63,40.38770827816913,145.09993368120286,176.70946772612805,359.71944894053865,2023-05-01,2025-10-06 10:49:24.263,27,0,0,0,0,0,0,0,0,0,0,1,0,0,0,0,0,0,1,1,0,0,0,0,0,0
CUS_0xc6be,44962.88,3521.9066666666663,3,2,11,1,5,8,9.04,0,565.48,30.32255064467121,18.86286845307966,324.09022350858083,299.2375747050061,2023-05-01,2025-10-06 10:49:24.263,20,10,0,0,0,0,0,1,0,0,0,0,1,0,0,1,0,0,0,0,0,0,1,0,0,0
CUS_0x49fe,19617.02,1624.7516666666668,6,6,28,2,27,17,10.28,80,1634.59,28.242215647156065,30.506517160203234,109.76638017865616,312.2022693278073,2023-05-01,2025-10-06 10:49:24.263,13,8,0,0,1,0,0,0,0,1,0,1,0,0,0,0,1,0,0,0,0,0,1,0,0,0
CUS_0x614e,8087.76,844.98,8,9,23,3,38,20,9.46,110,1810.49,28.2240244863948,14.36421192749383,12.712202771981035,307.4215853005251,2023-05-01,2025-10-06 10:49:24.263,17,11,1,0,1,0,0,0,0,1,0,1,0,0,0,0,0,0,1,0,1,0,0,0,0,0
CUS_0x1b07,17818.6,1659.8833333333332,4,6,14,1,29,15,10.91,30,301.52,37.16260614670594,11.581101666561285,60.468589591834075,353.93864207493795,2023-05-01,2025-10-06 10:49:24.263,18,10,0,0,0,0,1,0,0,0,0,0,1,0,0,0,1,0,0,1,0,0,0,0,0,0
CUS_0x6fa7,99403.32,8347.61,0,3,11,3,9,9,0.72,10,904.93,39.07447004203361,130.61971064478126,118.73049126631194,835.4107980889067,2023-05-01,2025-10-06 10:49:24.263,23,11,1,0,0,0,0,0,1,1,0,0,1,0,0,0,0,0,1,0,1,0,0,0,0,0
CUS_0x4bbb,43608.18,3531.015,7,7,23,6,27,20,14.05,100,1492.88,37.90400035034892,169.54209895217426,118.72363404632877,314.835767001497,2023-05-01,2025-10-06 10:49:24.263,20,3,1,1,1,1,0,0,0,1,0,1,0,0,0,0,0,1,0,0,1,0,0,0,0,0
CUS_0xa696,9848.32,629.6933333333333,356,7,9,6,8,10,11.94,70,227.88,37.48298636120733,32.117023719874894,25.245643464715055,239.50638807806385,2023-05-01,2025-10-06 10:49:24.263,9,3,0,1,1,0,0,1,1,0,1,1,0,0,0,0,1,0,0,0,0,0,1,0,0,0
CUS_0xb59b,96047.22,7775.935,3,3,1,1,2,6,4.75,40,1366.21,41.1745112123321,49.65672665779351,130.4279383430887,837.5088349991179,2023-05-01,2025-10-06 10:49:24.263,17,11,0,0,0,0,0,0,0,0,1,0,1,0,0,1,0,0,0,0,0,0,0,0,0,1
CUS_0x13d1,22020.37,1605.030833333333,5,6,6,3,19,6,5.14,90,1343.64,30.789167712299648,36.59863068535586,208.7493739989156,205.1550786490619,2023-05-01,2025-10-06 10:49:24.263,26,4,0,0,1,1,0,0,0,0,1,0,1,0,0,1,0,0,0,0,0,0,1,0,0,0
CUS_0x32b8,21960.095,1732.007916666667,4,2,7,1,1,3,8.58,40,1246.99,30.59088975885072,17.783520452675067,104.26463026535934,341.15264094863227,2023-05-01,2025-10-06 10:49:24.263,29,5,1,0,0,0,0,0,0,0,0,0,1,0,0,1,0,0,0,0,0,0,1,0,0,0
CUS_0x3f18,30988.54,2827.3783333333336,6,6,6,7,27,18,8.4,80,189.28,25.31383686941513,158.54924133741258,36.3816021870931,327.8069898088277,2023-05-01,2025-10-06 10:49:24.263,13,10,0,0,1,1,0,1,0,1,0,1,0,0,0,0,1,0,0,0,0,1,0,0,0,0
CUS_0x3077,32300.64,2566.72,6,7,28,5,45,11,9.12,60,2092.65,31.68253919018963,102.66789369228708,10000.0,302.8309199450778,2023-05-01,2025-10-06 10:49:24.263,14,2,0,1,1,0,1,0,0,0,1,1,0,0,0,0,0,0,1,0,1,0,0,0,0,0
CUS_0xa5be,30084.89,2375.0741666666668,5,5,7,3,12,20,10.57,40,115.84,37.38439085882467,52.09709630618056,24.98924671035383,400.4210736501323,2023-05-01,2025-10-06 10:49:24.263,15,10,0,0,0,0,0,1,0,0,1,1,0,0,0,0,1,0,0,0,0,1,0,0,0,0
CUS_0xb14c,37057.58,3063.1316666666667,6,3,18,4,14,12,18.94,40,2230.04,32.63254892309512,106.6425282670551,79.47884746522003,370.19179093439163,2023-05-01,2025-10-06 10:49:24.263,9,5,0,1,1,0,0,0,1,0,1,1,0,0,0,0,1,0,0,0,1,0,0,0,0,0
CUS_0x3b2b,22219.57,1687.6308333333334,7,5,8,3,8,18,13.23,130,502.78,27.972757006683416,35.33648089319485,37.552757956423534,335.87384448371495,2023-05-01,2025-10-06 10:49:24.263,5,10,0,0,1,0,1,1,0,0,0,0,0,0,0,0,0,0,1,0,0,1,0,0,0,0
CUS_0x87ba,62932.48,5437.373333333334,6,10,23,4,11,17,19.12,130,2412.6,25.08133653734875,34405.0,383.0844393428131,300.1108962102795,2023-05-01,2025-10-06 10:49:24.263,8,2,0,1,1,0,0,0,1,0,1,0,0,0,0,0,1,0,0,1,0,0,0,0,0,0
CUS_0x48cc,28649.99,2273.499166666667,7,7,9,3,10,20,19.61,80,1412.93,35.73811929474772,70.06501808853292,142.35295081258258,274.9319477655512,2023-05-01,2025-10-06 10:49:24.263,11,2,0,0,0,1,0,0,0,0,1,1,0,0,0,0,1,0,0,1,0,0,0,0,0,0
CUS_0x91c4,118568.6,9789.716666666667,8,7,6,7,21,16,7.54,80,95.38,29.710988181106465,575.5282530453233,10000.0,72.96320015566063,2023-05-01,2025-10-06 10:49:24.263,7,5,0,1,1,0,0,0,0,1,1,1,0,0,0,0,1,0,0,0,0,0,0,0,1,0
CUS_0x2296,75175.46,6492.621666666668,4,1,7,2,11,6,10.13,40,170.62,30.830899004172345,100.3792065414072,209.57571811925382,589.3072420060058,2023-05-01,2025-10-06 10:49:24.263,20,4,0,0,0,0,0,1,0,1,0,0,0,0,0,1,0,0,0,0,1,0,0,0,0,0
CUS_0x4389,20587.96,1953.6633333333327,8,5,12,2,30,9,13.87,30,854.63,32.69150706428544,26.5331647163936,79.84575178240424,378.9874168345355,2023-05-01,2025-10-06 10:49:24.263,18,5,0,0,0,0,0,0,0,1,1,0,0,0,0,0,1,0,0,0,0,0,1,0,0,0
CUS_0x8a5,36779.9,2854.991666666667,5,4,10,0,24,4,3.34,60,1015.81,30.714644010573696,0.0,137.59711363703394,437.9020530296327,2023-05-01,2025-10-06 10:49:24.263,26,6,0,0,0,0,0,0,0,0,0,0,1,0,0,1,0,0,0,0,0,0,1,0,0,0
CUS_0x8fdf,107871.9,8816.325,3,4,8,0,25,20,6.27,20,1005.83,29.419527755389524,227.24178904981625,1078.301251302034,458.9259437249015,2023-05-01,2025-10-06 10:49:24.263,32,10,1,0,1,0,0,1,0,0,0,0,1,0,0,0,1,0,0,0,0,0,1,0,0,0
CUS_0x347b,17816.79,1517.7325,6,5,31,5,16,21,8.440000000000001,70,1793.04,30.130201898164128,54.01042940644318,148.73345943900895,239.02936115454787,2023-05-01,2025-10-06 10:49:24.263,11,11,0,0,1,1,1,1,1,0,0,1,0,0,0,0,0,0,1,0,0,0,1,0,0,0
CUS_0x85bb,20203.625,1722.635416666667,0,5,5,0,27,6,4.07,40,318.06,37.6327826440796,0.0,34.82558180835249,397.4379598583143,2023-05-01,2025-10-06 10:49:24.263,29,5,0,0,0,0,0,0,0,0,0,0,1,0,0,1,0,0,0,0,0,0,0,0,0,1
CUS_0xbb94,43644.96,3551.08,6,8,25,5,30,21,8.12,110,2203.98,36.027528496475995,133.0470229914066,176.03851421634548,316.0224627922479,2023-05-01,2025-10-06 10:49:24.263,10,6,0,1,0,0,0,0,1,0,1,1,0,0,0,0,0,1,0,0,0,0,0,0,1,0
CUS_0x4480,15322.45,1536.8708333333334,9,8,26,7,26,20,26.36,110,2669.46,36.00259953146578,65.97295417586393,129.43448154593474,248.2796476115347,2023-05-01,2025-10-06 10:49:24.263,14,2,0,1,1,0,1,0,0,1,1,1,0,0,0,0,0,1,0,0,0,0,1,0,0,0
CUS_0x5a2f,14020.86,1241.405,2,43,9,0,10,11,16.259999999999998,70,1360.5,24.81397162437716,0.0,10000.0,290.43845195035533,2023-05-01,2025-10-06 10:49:24.263,17,11,0,0,0,0,0,0,0,0,0,0,1,0,0,1,0,0,0,0,0,0,1,0,0,0
CUS_0x8ecf,70978.44,5993.87,6,4,21,5,25,17,26.58,80,1587.98,28.59476872450689,262.8315664258443,404.87334872191286,201.6820848522429,2023-05-01,2025-10-06 10:49:24.263,14,6,1,1,0,1,0,1,0,0,0,1,0,0,0,0,0,0,1,0,0,0,0,0,1,0
CUS_0x2db7,49023.22,4161.268333333333,5,5,13,2,6,9,11.48,30,270.2,33.95349915856089,62.741072947922326,44.56015177094768,548.8256086144634,2023-05-01,2025-10-06 10:49:24.263,26,11,0,0,1,0,0,1,0,0,0,0,1,0,0,0,1,0,0,0,0,0,0,0,0,1
CUS_0x35e6,34625.24,3006.436666666666,560,6,10,5,18,13,12.87,70,2386.46,32.23981440434229,117.75232040019112,50.36181722244866,382.52952904402684,2023-05-01,2025-10-06 10:49:24.263,18,0,0,0,0,1,0,1,0,1,0,0,0,0,0,0,0,0,1,0,1,0,0,0,0,0
CUS_0x4750,9434.835,903.23625,7,10,34,5,53,25,7.28,150,1602.76,26.528266991295748,33.32959889948093,80.83946715423038,256.15455894628866,2023-05-01,2025-10-06 10:49:24.263,13,6,1,0,0,1,0,1,0,0,1,1,0,0,0,0,0,1,0,0,0,0,0,1,0,0
CUS_0x593c,18464.08,1688.6733333333334,8,7,8,7,27,20,19.68,50,2584.22,28.160331373796375,95.71838286217655,34.171681687914706,278.9772687832421,2023-05-01,2025-10-06 10:49:24.263,7,2,0,0,0,0,1,1,0,1,1,0,0,0,0,0,1,0,0,0,0,1,0,0,0,0
CUS_0x68dc,90701.28,7654.44,1,5,11,0,6,3,8.26,50,270.76,26.46043857652258,0.0,201.99217191649242,813.4518280835075,2023-05-01,2025-10-06 10:49:24.263,22,3,0,0,0,0,0,0,0,0,0,0,1,0,0,1,0,0,0,0,1,0,0,0,0,0
CUS_0x90a1,32230.58,2770.8816666666667,7,10,18,7,28,19,6.31,160,1473.28,25.376746316174295,124.07484213709834,106.68283724935516,296.3304872802131,2023-05-01,2025-10-06 10:49:24.263,11,10,1,1,1,0,0,0,1,1,0,0,0,0,0,0,0,0,1,0,1,0,0,0,0,0
CUS_0x14ba,81425.24,6579.436666666667,9,5,26,7,12,16,3.69,90,1729.78,39.14349336453456,375.690945797382,214.33217182218544,337.92054904709926,2023-05-01,2025-10-06 10:49:24.263,14,2,1,0,1,0,1,1,1,0,0,0,0,0,0,0,0,1,0,0,0,0,0,0,1,0
CUS_0x3489,106520.63999999998,8919.72,2,5,12,4,7,3,6.03,20,353.01,37.28074122155471,192.88748692249817,402.291632830644,586.7928802468577,2023-05-01,2025-10-06 10:49:24.263,16,5,1,0,1,0,1,1,0,0,0,0,0,0,0,0,0,0,1,0,0,0,1,0,0,0
CUS_0x7369,11713.625,833.1354166666665,3,4,10,1,28,11,2.3,30,241.98,32.78077247190762,9.005230043392306,70.20052225528936,294.107789367985,2023-05-01,2025-10-06 10:49:24.263,18,8,0,0,0,0,1,0,0,0,0,0,1,0,0,1,0,0,0,0,0,0,1,0,0,0
CUS_0x9d86,120091.92,10239.66,0,2,5,1,15,12,4.45,50,1132.46,41.24490281864836,84.40523006789745,611.2746067087611,700.4974333258748,2023-05-01,2025-10-06 10:49:24.263,23,11,0,0,1,0,0,0,0,0,0,0,0,0,0,1,0,0,0,0,0,0,0,1,0,0
CUS_0xc648,32757.76,2631.813333333333,5,6,2874,2,14,20,4.28,50,504.73,38.34435121342224,47.15487890546197,200.82564072597685,305.2008137018945,2023-05-01,2025-10-06 10:49:24.263,16,9,1,0,0,1,0,0,0,0,0,0,1,0,0,0,0,0,1,0,0,0,1,0,0,0
CUS_0x8d02,29453.84,2227.4866666666667,7,5,12,5,7,20,19.45,100,249.36,25.24375406882032,86.08630790375713,40.58704576772409,346.07531299518547,2023-05-01,2025-10-06 10:49:24.263,15,2,1,1,0,0,1,0,1,1,0,0,0,0,0,0,0,0,1,0,1,0,0,0,0,0
CUS_0x93bb,41543.64,3620.97,8,5,21,0,17,19,16.56,130,2638.03,34.016711953173875,53.27462434865481,143.3477326691519,334.3252015647064,2023-05-01,2025-10-06 10:49:24.263,15,2,0,0,0,1,1,0,0,1,0,1,0,0,0,0,1,0,0,0,0,0,0,0,1,0
CUS_0x7afc,35417.27,2789.439166666666,0,3,3,2,5,3,7.8,30,364.57,38.61369850620357,39.7703646344823,112.37067163565428,386.80288039653016,2023-05-01,2025-10-06 10:49:24.263,26,6,0,1,0,1,0,0,0,0,0,0,1,0,0,1,0,0,0,1,0,0,0,0,0,0
CUS_0xc16d,17515.75,1691.645833333333,7,9,27,6,55,17,9.09,60,3842.22,37.15790832412453,79.93579618313555,127.51430400172177,231.71448314847598,2023-05-01,2025-10-06 10:49:24.263,7,11,0,0,0,1,1,1,0,0,1,1,0,0,0,0,0,1,0,0,0,0,0,0,0,1
CUS_0x7473,95329.23,7863.1025,4,1,8,1,14,2,5.74,0,832.55,37.52729399751389,78.19902291477159,123.0736400940212,825.0375869912071,2023-05-01,2025-10-06 10:49:24.263,30,3,0,0,0,1,0,0,0,0,0,0,1,0,0,1,0,0,0,0,0,1,0,0,0,0
CUS_0xab92,14562.88,1069.5733333333333,7,4,18,4,11,10,11.05,100,1619.56,28.72883027029372,43.28729266579655,73.4519129525503,280.2181277149865,2023-05-01,2025-10-06 10:49:24.263,16,3,1,0,1,0,1,0,0,0,1,1,0,0,0,0,1,0,0,0,0,0,1,0,0,0
CUS_0xbb6a,21114.95,1478.5791666666669,4,7,12,1,10,8,3.5399999999999987,80,895.29,25.35859549187604,9.60864463956188,78.77893315076935,349.47033887633546,2023-05-01,2025-10-06 10:49:24.263,29,4,0,0,0,1,0,0,0,0,0,0,1,0,0,0,0,0,1,0,0,0,1,0,0,0
CUS_0x4122,33836.13,2589.6775,3,4,6,1,21,10,9.97,30,736.71,24.829173441856195,21.12913970725474,118.70835814133885,379.1302521514064,2023-05-01,2025-10-06 10:49:24.263,22,10,0,0,0,0,0,0,1,0,0,0,0,0,0,1,0,0,0,1,0,0,0,0,0,0
CUS_0x5f25,121233.51,10393.7925,2,6,8,0,6,9,11.54,60,1116.67,33.93351698299561,191.01735004755076,1120.1874116910647,18.174488261384568,2023-05-01,2025-10-06 10:49:24.263,23,10,0,0,1,0,0,0,0,1,0,0,1,0,0,1,0,0,0,0,0,0,0,0,0,1
CUS_0x1786,73543.18,6038.598333333332,6,3,11,0,25,12,1.6899999999999995,50,1090.21,38.98632365035992,0.0,191.06531827835758,662.7945150549757,2023-05-01,2025-10-06 10:49:24.263,17,6,0,0,0,0,0,0,0,0,0,1,0,0,0,0,1,0,0,0,1,0,0,0,0,0
CUS_0x24cf,28187.35,2201.945833333333,6,5,12,4,8,14,20.09,90,321.76,36.20955600608055,83.6172325987654,25.810911220259772,350.76643951430816,2023-05-01,2025-10-06 10:49:24.263,16,3,0,1,0,0,0,0,1,0,0,1,0,0,0,0,1,0,0,0,0,1,0,0,0,0
CUS_0x2deb,50352.09,4315.0075,3,7,15,2,7,9,18.13,70,1385.99,26.13691307726291,60.32243451021736,10000.0,450.84335660156614,2023-05-01,2025-10-06 10:49:24.263,17,3,0,0,0,0,0,1,0,1,0,1,0,0,0,0,1,0,0,0,0,0,0,0,0,1
CUS_0x7967,17379.785,1536.3154166666666,0,1,1,4,4,4,5.61,70,993.66,24.901002499506248,29.422246547278448,42.881696446307814,341.3275986730804,2023-05-01,2025-10-06 10:49:24.263,21,10,0,0,0,0,1,1,0,1,0,0,1,0,0,1,0,0,0,1,0,0,0,0,0,0
CUS_0x12a9,44822.21,3555.1841666666664,1,4,2,4,10,7,1.03,0,730.64,30.05812455618788,135.04428557554093,100.05342133628531,370.4207097548404,2023-05-01,2025-10-06 10:49:24.263,24,1,0,0,1,0,0,0,0,1,1,0,1,0,0,1,0,0,0,0,1,0,0,0,0,0
CUS_0xaa15,18124.175,1683.3479166666666,6,5,11,3,7,13,11.87,40,335.05,33.24476650651805,31.989156464668945,62.030802602004044,334.3148325999937,2023-05-01,2025-10-06 10:49:24.263,25,2,0,0,1,0,0,0,0,0,0,0,1,0,0,1,0,0,0,1,0,0,0,0,0,0
CUS_0xbcf7,41414.58,3476.215,9,6,23,2,19,21,2.390000000000001,140,1891.1,22.903951907755367,44.0619649927691,208.66884498363274,374.89069002359815,2023-05-01,2025-10-06 10:49:24.263,7,2,1,0,0,0,0,1,0,0,0,1,0,0,0,0,0,1,0,0,0,0,0,1,0,0
CUS_0x5adc,43691.64,3747.97,5,461,16,2,21,15,3.35,40,1311.99,26.55533066823555,64.74887416468218,355.4321908810653,234.6159349542525,2023-05-01,2025-10-06 10:49:24.263,20,11,0,0,0,0,0,0,1,0,1,1,0,0,0,0,1,0,0,0,0,0,0,1,0,0
CUS_0x63c1,93233.73,7762.4775,6,7,17,7,11,14,16.51,70,783.92,33.21905381020401,302.95280908361764,91.67445477444159,621.6204861419408,2023-05-01,2025-10-06 10:49:24.263,13,5,1,1,0,1,0,1,1,0,0,1,0,0,0,0,1,0,0,0,0,1,0,0,0,0
CUS_0x22e0,17393.16,1230.43,7,8,23,0,20,23,0.83,80,1396.22,29.72213717571508,101.08795702090012,81.99052343304416,209.96451954605573,2023-05-01,2025-10-06 10:49:24.263,15,9,1,0,1,0,0,0,1,1,0,1,0,0,0,0,0,1,0,0,0,0,0,0,1,0
CUS_0x51cb,172534.16,14344.846666666665,4,7,5,3,13,10,5.99,30,1343.5,27.061614398975845,393.6591443764392,733.2481084088543,587.5774138813732,2023-05-01,2025-10-06 10:49:24.263,21,9,1,0,0,0,0,1,0,0,1,0,1,0,0,1,0,0,0,0,0,0,0,1,0,0
CUS_0x9a92,28575.4,2603.2833333333333,6,10,25,8,59,15,16.07,170,2641.74,23.6191306796514,135.25810095479582,61.38754246525338,333.6826899132841,2023-05-01,2025-10-06 10:49:24.263,14,5,1,0,0,1,0,1,1,1,0,1,0,0,0,0,0,1,0,0,0,0,0,0,1,0
CUS_0x464f,22298.54,2033.2116666666668,5,3,6,4,14,10,11.61,100,727.07,28.30749442424994,52.425070166516505,78.02539435303811,332.87070214711207,2023-05-01,2025-10-06 10:49:24.263,19,8,1,1,0,0,1,0,0,0,0,1,0,0,0,0,0,0,1,1,0,0,0,0,0,0
CUS_0x4e47,40305.02,3545.751666666666,5,6,16,6,25,14,2.4399999999999995,120,1955.11,36.47309177741704,196.30165627844207,96.42066848962877,240.90553545233126,2023-05-01,2025-10-06 10:49:24.263,11,2,0,1,0,0,1,1,1,0,1,0,0,0,0,0,1,0,0,0,0,0,1,0,0,0
CUS_0x635d,80265.2,6596.766666666666,5,7,12,4,17,8,13.86,50,636.92,30.25370558001491,220.0650676242417,366.6025807910082,353.00901825141676,2023-05-01,2025-10-06 10:49:24.263,10,2,0,0,1,0,1,1,0,0,1,1,0,0,0,0,1,0,0,0,0,0,0,1,0,0
CUS_0x6f9d,65430.0,5539.5,4,553,18,6,16,15,17.52,120,1380.18,26.735289104018,196.7992707252737,84.38865184244025,522.7620774322861,2023-05-01,2025-10-06 10:49:24.263,13,4,0,1,0,0,0,1,1,1,1,1,0,0,0,0,0,0,1,0,1,0,0,0,0,0
CUS_0x2803,37159.0,3299.583333333333,5,4,15,4,16,20,13.43,80,1051.35,36.50958287270346,74.6034267025455,26.73574194914284,468.619164681645,2023-05-01,2025-10-06 10:49:24.263,16,4,1,0,0,1,1,1,0,0,0,1,0,0,0,0,1,0,0,0,0,1,0,0,0,0
CUS_0x3319,39870.01,3578.500833333333,3,3,5,3,1,0,6.72,20,812.81,33.81265594392622,61.93618012871372,51.433086385490206,494.4808168191295,2023-05-01,2025-10-06 10:49:24.263,26,8,1,0,0,1,0,0,0,0,1,0,1,0,0,0,0,0,1,0,1,0,0,0,0,0
CUS_0xaa52,19013.285,1358.0848394787272,1,5,3,1,14,10,5.1099999999999985,20,193.58,34.15619779348541,150.68732976475124,103.71229904845335,312.49999004140136,2023-05-01,2025-10-06 10:49:24.263,18,8,0,0,1,0,0,0,0,0,0,0,1,0,0,1,0,0,0,0,0,0,0,1,0,0
CUS_0xb143,36631.98,3336.6650000000004,7,10,27,6,21,18,0.0,120,2257.71,30.971985007208623,142.34196717087502,228.36908424280702,232.95544858631803,2023-05-01,2025-10-06 10:49:24.263,18,2,0,1,1,0,0,1,0,1,1,1,0,0,0,0,0,1,0,0,0,0,0,0,0,1
CUS_0x1577,38060.7,3197.725,6,6,31,6,31,25,25.12,120,3813.35,23.161319025254112,172.41152267824066,219.3005786696575,188.06039865210187,2023-05-01,2025-10-06 10:49:24.263,4,5,0,1,1,0,0,1,0,0,0,1,0,0,0,0,0,1,0,0,0,0,0,0,0,1
CUS_0x866d,144962.44,11940.203333333331,7,6,8,3,12,13,8.22,50,1264.61,35.72028411014244,229.0478454248142,966.1777799252147,268.7947079833044,2023-05-01,2025-10-06 10:49:24.263,31,8,0,0,0,0,1,1,0,1,0,1,0,0,0,0,0,0,1,0,0,0,0,0,1,0
CUS_0x9ce8,29182.34,2479.8616666666667,8,10,28,5,41,18,0.0,120,4883.71,24.79583627192369,121.49954666942442,160.51964368308575,255.96697631415648,2023-05-01,2025-10-06 10:49:24.263,7,3,0,1,1,0,1,0,0,0,1,1,0,0,0,0,0,1,0,0,0,0,1,0,0,0
CUS_0x5d77,66886.28,5496.245969540928,6,9,17,4,56,22,14.43,110,2661.64,37.338407590886135,436.6439567871569,234.2489444127004,409.103462592548,2023-05-01,2025-10-06 10:49:24.263,16,8,0,0,1,0,0,0,0,1,0,1,0,0,0,0,0,1,0,0,0,0,0,1,0,0
CUS_0xc52a,35032.66,2853.388333333334,10,6,33,7,48,18,2.52,100,1789.0,25.086176462900724,150.5000972995266,106.73567925309915,318.1030567807077,2023-05-01,2025-10-06 10:49:24.263,11,5,1,0,1,1,0,1,0,1,0,1,0,0,0,0,0,1,0,0,0,0,1,0,0,0
CUS_0x5157,19012.94,1805.4116666666664,8,6,31,2,17,17,15.81,80,2670.43,35.083344843519846,25.1602705064398,126.31494656059219,299.0659495996347,2023-05-01,2025-10-06 10:49:24.263,8,5,0,1,0,0,0,0,0,0,1,1,0,0,0,0,1,0,0,0,0,0,0,0,1,0
CUS_0x995,18122.59,1233.2158333333334,7,5,24,0,19,21,0.0,120,3296.19,28.02091436676051,122.92467987461367,86.1102306854992,204.2866727732205,2023-05-01,2025-10-06 10:49:24.263,10,9,0,1,1,0,1,1,1,0,0,1,0,0,0,0,0,1,0,0,0,0,1,0,0,0
CUS_0xc319,28826.14,2167.1783333333333,7,7,28,2,42,17,19.45,100,1904.56,35.36195191682316,45.14385895708847,10000.0,263.39913563008986,2023-05-01,2025-10-06 10:49:24.263,8,8,0,0,0,0,1,0,0,0,1,0,0,0,0,0,0,1,0,0,0,0,0,1,0,0
CUS_0x1735,84621.39,7171.7825,0,4,2,0,3,6,7.7,90,66.51,26.914449475721945,0.0,101.45614072183204,855.722109278168,2023-05-01,2025-10-06 10:49:24.263,20,11,0,0,0,0,0,0,0,0,0,0,1,0,0,1,0,0,0,0,0,1,0,0,0,0
CUS_0xbe64,12025.045,1263.087083333333,5,4,17,4,17,14,12.89,90,843.67,35.91041359057556,27.775905356853585,44.01948733967927,344.51331563680054,2023-05-01,2025-10-06 10:49:24.263,21,6,1,0,0,1,0,0,0,1,0,1,0,0,0,0,1,0,0,0,0,0,1,0,0,0
CUS_0x30f7,36048.08,2949.0066666666667,3,7,14,2,24,13,19.7,60,571.06,37.3652133076277,45.77263566451583,64.65315093892129,434.47488006322953,2023-05-01,2025-10-06 10:49:24.263,14,2,0,0,0,0,0,0,0,1,1,1,0,0,0,0,0,0,1,0,1,0,0,0,0,0
CUS_0x3c46,71933.70000000001,6091.475000000001,3,1307,12,2,27,11,18.78,70,661.9,38.11526119272612,62.45662090960949,423.9723844763486,498.86787844215513,2023-05-01,2025-10-06 10:49:24.263,20,6,0,0,0,0,0,0,1,0,0,1,0,0,0,0,1,0,0,0,0,0,0,0,1,0
CUS_0x3d51,34927.0,2920.583333333333,6,4,4,0,13,21,11.36,60,1158.55,38.8780280369014,0.0,82.21284813640345,459.84548519692976,2023-05-01,2025-10-06 10:49:24.263,26,8,0,0,0,0,0,0,0,0,0,0,1,0,0,1,0,0,0,0,1,0,0,0,0,0
CUS_0x35bd,1.6290256E7,1476.6633333333332,7,6,26,6,56,18,12.09,80,2168.54,29.96471980513352,76.90780862472894,11.694421749405432,299.064102959199,2023-05-01,2025-10-06 10:49:24.263,11,3,0,0,1,0,0,1,1,1,0,0,0,0,0,0,0,0,1,0,0,1,0,0,0,0
CUS_0x5b42,59110.83,4408.84342677639,6,8,28,8,60,21,22.23,11130,4105.86,34.27229929763966,605.5316643076349,141.7479376668688,373.7697212491065,2023-05-01,2025-10-06 10:49:24.263,3,9,1,1,1,1,0,0,1,1,0,1,0,0,0,0,0,1,0,0,1,0,0,0,0,0
CUS_0x71d,69869.92,5940.493333333333,4,5,13,2,13,19,11.42,0,220.97,37.7320872031706,99.35750004889556,82.51473153944238,539.7375173723095,2023-05-01,2025-10-06 10:49:24.263,33,6,0,0,0,0,1,0,1,0,0,1,0,0,0,0,1,0,0,0,1,0,0,0,0,0
CUS_0xa12,17172.14,1381.0116666666663,5,6,5133,3,22,16,24.21,70,2334.98,25.36416226766697,24.95699192158311,106.89754551077705,296.2466292343065,2023-05-01,2025-10-06 10:49:24.263,10,3,1,0,0,1,0,0,0,0,0,1,0,0,0,0,1,0,0,0,0,0,1,0,0,0
CUS_0x1000,30625.94,2706.1616666666664,6,5,27,2,57,26,1.63,110,1562.91,30.07719135017377,42.941090422469365,77.31427572208112,400.36080052211616,2023-05-01,2025-10-06 10:49:24.263,10,9,0,0,1,0,0,0,1,0,0,1,0,0,0,0,0,1,0,0,1,0,0,0,0,0
CUS_0x1c57,66940.62,5717.384999999998,3,4,14,4,9,10,19.9,60,352.97,30.549702783825985,164.2113667923369,100.58137569476924,556.9457575128938,2023-05-01,2025-10-06 10:49:24.263,31,6,1,0,0,0,0,0,1,0,0,1,0,0,0,0,1,0,0,0,1,0,0,0,0,0
CUS_0x8a73,74437.44,6184.12,5,7,4,2,3,2,7.45,30,440.18,39.17056576868143,104.41103530032606,351.4564901275864,452.5444745720877,2023-05-01,2025-10-06 10:49:24.263,32,3,0,1,0,0,0,0,1,0,0,0,0,0,0,0,0,0,1,0,0,0,1,0,0,0
CUS_0xbdf,66489.74,5575.811666666667,4,4,17,3,28,9,10.18,70,819.57,29.418249921537992,118.33440123819506,164.81255359673315,534.4342118317387,2023-05-01,2025-10-06 10:49:24.263,31,2,0,0,1,0,1,0,0,0,0,0,1,0,0,0,1,0,0,1,0,0,0,0,0,0
CUS_0x17a9,83386.52,7081.876666666668,10,6,23,7,36,24,22.3,80,4972.4,40.07920630973157,482.17978316483214,126.23380470105032,339.7740788007843,2023-05-01,2025-10-06 10:49:24.263,6,3,0,1,1,1,0,1,0,1,0,1,0,0,0,0,0,1,0,0,0,1,0,0,0,0
CUS_0x31d5,15488.885,1273.7404166666668,0,4,4,0,10,0,1.38,90,1287.59,39.43210616334164,0.0,155.91866746968122,261.45537419698553,2023-05-01,2025-10-06 10:49:24.263,25,9,0,0,0,0,0,0,0,0,0,0,1,0,0,1,0,0,0,0,0,0,1,0,0,0
CUS_0xdf5,21153.98,1520.831666666667,6,3,8,3,11,15,8.6,0,951.68,40.19695923006429,30.947775108343237,201.34575052781491,209.78964103050856,2023-05-01,2025-10-06 10:49:24.263,32,6,0,1,0,0,0,0,1,1,0,1,0,0,0,0,0,0,1,0,0,0,1,0,0,0
CUS_0x2567,34239.07,2916.255833333333,3,4,10,0,11,11,7.83,10,504.44,33.380851672306164,0.0,333.7757777178372,247.84980561549614,2023-05-01,2025-10-06 10:49:24.263,21,3,0,0,0,0,0,0,0,0,0,0,1,0,0,1,0,0,0,0,0,0,1,0,0,0
CUS_0x5b05,7622.805,776.23375,4,4,9,6,6,9,19.67,70,2520.97,36.80238466190389,19.889564289591,55.36133022079432,292.3724804896147,2023-05-01,2025-10-06 10:49:24.263,19,4,1,0,1,0,0,1,0,0,1,1,0,0,0,0,1,0,0,0,0,0,1,0,0,0
CUS_0xc65,148699.32,12432.61,3,4,5,3,16,8,9.2,10,949.38,40.605388381855605,364.9151774048712,328.9078393799951,799.437983215134,2023-05-01,2025-10-06 10:49:24.263,31,2,1,0,0,1,0,0,0,1,0,0,1,0,0,1,0,0,0,0,1,0,0,0,0,0
CUS_0xc704,92201.25,7590.4375,3,7,15,1,29,13,6.38,50,1020.05,26.587679854097814,48.88074475885754,266.96597488382645,733.1970303573162,2023-05-01,2025-10-06 10:49:24.263,11,4,0,0,0,0,1,0,0,0,0,0,0,0,0,0,1,0,0,0,0,0,1,0,0,0
CUS_0x53f0,44632.44,3419.370000000001,10,6,33,5,18,18,23.48,100,3409.13,37.86611375180307,154.14231087946283,46.8614379095034,390.9332512110338,2023-05-01,2025-10-06 10:49:24.263,6,10,0,1,0,1,1,0,0,1,0,1,0,0,0,0,0,1,0,0,1,0,0,0,0,0
CUS_0x675c,17905.56,1450.13,6,5,28,6,49,8,9.52,110,1941.98,28.125615318822057,53.29406262516936,46.10582459171894,305.61311278311166,2023-05-01,2025-10-06 10:49:24.263,8,2,0,1,0,1,0,1,0,0,1,1,0,0,0,0,1,0,0,1,0,0,0,0,0,0
CUS_0x6df1,55120.88,4465.406666666667,5,7,5,4,20,19,8.82,110,1045.89,24.747764633515672,103.281131291363,219.74158852645087,413.51794684885283,2023-05-01,2025-10-06 10:49:24.263,16,11,0,0,0,1,1,0,0,1,1,1,0,0,0,0,1,0,0,0,0,0,0,0,0,1
CUS_0x71aa,20574.71,1813.559166666667,7,9,25,6,21,22,7.3599999999999985,80,2592.78,38.01503090010239,88.759974668174,96.05333376575764,256.542608232735,2023-05-01,2025-10-06 10:49:24.263,12,7,1,0,0,0,1,0,1,1,1,1,0,0,0,0,0,0,1,1,0,0,0,0,0,0
CUS_0x693a,32194.56,2663.88,7,5,30,6,47,17,5.68,140,2395.85,32.46938394342978,156.0748321499819,213.47153669341546,186.84163115660272,2023-05-01,2025-10-06 10:49:24.263,12,2,0,1,1,1,0,1,1,0,0,1,0,0,0,0,0,1,0,0,0,0,1,0,0,0
CUS_0x8009,31598.5,2517.208333333333,9,7,27,5,39,16,18.79,80,4572.01,34.35894935277811,127.89861427518107,51.05689157692334,322.76532748122895,2023-05-01,2025-10-06 10:49:24.263,2,2,0,1,0,1,1,0,1,1,0,1,0,0,0,0,0,1,0,0,1,0,0,0,0,0
CUS_0x89ec,16138.98,1236.915,8,7,16,5,27,14,16.45,130,1278.88,31.887477167628035,44.32788926876541,24.778019396671404,304.58559133456316,2023-05-01,2025-10-06 10:49:24.263,17,10,0,0,1,0,1,1,0,0,1,1,0,0,0,0,1,0,0,0,1,0,0,0,0,0
CUS_0x9f3,28276.43,2146.369166666667,2,5,8,1,0,0,4.99,50,377.23,25.36244702844505,14.016662411037156,49.83752119018937,390.7827330654402,2023-05-01,2025-10-06 10:49:24.263,23,3,0,0,0,0,1,0,0,0,0,0,1,0,0,1,0,0,0,0,0,1,0,0,0,0
CUS_0x13eb,9335.19,844.9325,7,564,26,6,17,19,18.18,120,1860.2,36.57530166477217,41.49926737000092,82.419545019666,250.5744376103331,2023-05-01,2025-10-06 10:49:24.263,13,10,1,0,1,0,0,1,0,1,0,1,0,0,0,0,1,0,0,0,0,0,1,0,0,0
CUS_0xe2f,64404.16,4861.144816317848,6,8,21,6,42,19,9.05,150,2075.58,32.07116401770101,706.620089870384,482.33316311114623,136.91659736728838,2023-05-01,2025-10-06 10:49:24.263,20,4,0,0,1,1,1,0,1,0,1,1,0,0,0,0,0,0,1,0,0,0,0,1,0,0
CUS_0x412f,29437.24,2645.103333333333,6,7,34,5,15,21,24.16,140,3377.59,36.95817490784727,116.0043483574692,272.6899909834738,165.8159939923903,2023-05-01,2025-10-06 10:49:24.263,4,8,0,1,1,1,1,0,0,0,0,0,0,0,0,0,0,1,0,0,0,0,1,0,0,0
CUS_0x6ed3,82402.34,7056.861666666668,2,7,2,4,7,8,6.26,60,733.56,40.287622830620776,146.79677599406364,545.9861686761466,292.90322199645647,2023-05-01,2025-10-06 10:49:24.263,19,4,1,0,0,0,0,0,1,1,0,0,1,0,0,1,0,0,0,0,0,0,0,1,0,0
CUS_0x79d3,14332.03,1117.3358333333333,5,3,16,0,10,16,5.63,50,244.52,35.547810949561594,21.97473682379153,10000.0,329.91039810512325,2023-05-01,2025-10-06 10:49:24.263,30,9,1,0,0,0,0,1,0,0,0,0,1,0,0,0,1,0,0,0,0,0,1,0,0,0
CUS_0x885f,8006694.0,379.60291666666666,8,9,27,4,47,18,14.25,70,2399.88,29.915493911219286,22.555595920696945,20.23987704439233,285.16481870157736,2023-05-01,2025-10-06 10:49:24.263,18,2,1,0,0,1,0,0,1,0,1,1,0,0,0,0,0,1,0,0,0,0,1,0,0,0
CUS_0x9b5a,22017.78,1576.8149999999996,3,7,11,2,9,18,14.49,90,1175.88,33.23745498272229,32.8518128677344,89.68474175829724,315.14494537396837,2023-05-01,2025-10-06 10:49:24.263,26,2,0,0,1,0,0,0,0,1,0,1,0,0,0,0,1,0,0,0,0,0,0,1,0,0
CUS_0x2950,33185.6,2629.4666666666667,0,1207,5,1,14,6,5.5,10,1340.52,38.15506318942108,17.079393781480924,169.46996830857566,336.39730457661005,2023-05-01,2025-10-06 10:49:24.263,33,4,0,0,0,0,0,0,1,0,0,0,1,0,0,1,0,0,0,1,0,0,0,0,0,0
CUS_0x5634,73425.16,6103.763333333332,3,3,13,7,27,20,15.21,24440,1205.13,26.13484991746892,426.97182331903946,359.8424193277484,103.56209068654556,2023-05-01,2025-10-06 10:49:24.263,19,6,1,0,1,0,0,1,1,1,1,0,0,0,0,0,0,0,1,0,0,0,0,1,0,0
CUS_0x8844,165396.2,13575.016666666668,5,4,6,3,7,5,1.12,70,1078.62,43.32773257532713,69853.0,242.41369892508342,1092.06808704785,2023-05-01,2025-10-06 10:49:24.263,30,10,0,0,1,0,0,1,0,1,0,0,1,0,0,1,0,0,0,0,0,0,0,0,0,1
CUS_0x8bfe,19016.29,1648.9515759717456,5,5,5,1,18,1,11.42,50,714.53,30.69530931112165,133.4318971099418,45.61695763791912,370.85948594706,2023-05-01,2025-10-06 10:49:24.263,21,9,0,0,0,1,0,0,0,0,0,0,1,0,0,1,0,0,0,0,1,0,0,0,0,0
CUS_0x9902,141474.2,11536.516666666668,3,3,18,0,11,11,15.62,50,364.38,30.174493448297127,0.0,726.7438810860326,706.9077855806343,2023-05-01,2025-10-06 10:49:24.263,24,0,0,0,0,0,0,0,0,0,0,0,0,0,0,0,1,0,0,0,0,0,0,1,0,0
CUS_0xa5ee,22158.995,1597.5829166666665,2,5,5,1,7,0,8.53,40,720.06,26.213021764769287,18.407980878126672,108.54909083608248,322.8012199524576,2023-05-01,2025-10-06 10:49:24.263,26,9,0,0,0,0,0,0,1,0,0,0,1,0,0,0,0,0,1,0,0,0,1,0,0,0
CUS_0xbd29,15427.215,1253.60125,0,3,8,4,13,2,11.22,80,966.45,33.4394229091141,48.81683362382197,126.9425490778853,239.60074229829274,2023-05-01,2025-10-06 10:49:24.263,32,2,1,1,0,0,1,1,0,0,0,0,1,0,0,1,0,0,0,0,0,0,1,0,0,0
CUS_0x3091,76992.72,6558.06,6,7,33,5,14,18,12.48,90,1594.5,28.940070044148808,284.94280397625545,450.94648699584684,189.9167090278977,2023-05-01,2025-10-06 10:49:24.263,11,3,0,1,0,0,1,1,1,0,0,1,0,0,0,0,1,0,0,0,0,0,0,0,1,0
CUS_0x3be2,72287.52,5910.96,4,10,30,4,8,12,17.85,160,1802.44,35.774957011338266,175.96518130991817,121.62972362052616,533.5010950695556,2023-05-01,2025-10-06 10:49:24.263,17,4,1,1,0,0,0,0,0,1,1,1,0,0,0,0,1,0,0,0,0,1,0,0,0,0
CUS_0x6ba9,20272.23,1776.3525,4,3,12,1,0,5,4.83,60,828.97,33.874001812086895,11.48015041440524,74.53506603253204,341.62003355306274,2023-05-01,2025-10-06 10:49:24.263,27,8,0,0,0,0,0,0,0,1,0,0,1,0,0,1,0,0,0,0,1,0,0,0,0,0
CUS_0x7848,113105.1,9278.425,4,3,12,1,0,0,7.47,50,1037.47,32.63486749032189,50.32667862971585,627.0671940485272,520.4486273217568,2023-05-01,2025-10-06 10:49:24.263,18,9,0,1,0,0,0,0,0,0,0,0,1,0,0,1,0,0,0,0,0,0,0,0,1,0
CUS_0x9f5e,72458.44,5826.203333333334,9,10,24,7,53,20,4.86,140,2085.35,27.211501108555183,224.49719665179148,215.7182923977131,402.4048442838288,2023-05-01,2025-10-06 10:49:24.263,10,4,0,1,0,1,1,1,1,0,0,1,0,0,0,0,0,1,0,0,0,0,0,0,0,1
CUS_0x3191,89864.28,7538.69,5,5,1,3,15,7,2.12,20,620.76,28.406413697341147,173.04442012279318,772.2449462007886,88.57963367641833,2023-05-01,2025-10-06 10:49:24.263,18,9,1,0,0,0,1,0,1,0,0,0,1,0,0,1,0,0,0,0,0,0,0,1,0,0
CUS_0x9c30,84031.02,7021.585,5,3,1,0,7,9,4.48,30,1325.84,39.41384073523447,0.0,210.06587954696502,742.0926204530348,2023-05-01,2025-10-06 10:49:24.263,26,0,0,0,0,0,0,0,0,0,0,0,1,0,0,1,0,0,0,0,1,0,0,0,0,0
CUS_0x417b,29777.3,2530.4416666666666,10,10,31,5,18,16,2.77,160,1874.2,34.36824399626628,13088.0,30.08294474939739,357.1370895222434,2023-05-01,2025-10-06 10:49:24.263,6,10,1,0,0,0,0,0,1,1,0,0,0,0,0,0,0,1,0,0,0,1,0,0,0,0
CUS_0x44bb,80132.13,6829.677500000002,4,1129,8,0,26,10,6.81,30,1128.73,44.04255053169923,0.0,89.98006878136215,832.987681218638,2023-05-01,2025-10-06 10:49:24.263,27,6,0,0,0,0,0,0,0,0,0,0,1,0,0,1,0,0,0,0,0,0,0,0,0,1
CUS_0x510f,39398.74,3002.228333333333,2,3,9,3,11,2,0.6200000000000001,60,62.37,32.75013321843801,82.98423267888829,233.94291724171367,273.29568341273136,2023-05-01,2025-10-06 10:49:24.263,25,0,1,0,0,1,0,1,0,0,0,0,1,0,0,1,0,0,0,0,0,0,1,0,0,0
CUS_0x2043,44614.56,3500.88,8,7,2711,4,18,11,12.71,80,2613.46,37.69690783426402,134.66296614682057,199.2777387469476,373.5879477604115,2023-05-01,2025-10-06 10:49:24.263,19,0,0,0,1,1,0,0,1,0,1,1,0,0,0,0,1,0,0,0,1,0,0,0,0,0
CUS_0x2240,14089.595,1350.1329166666667,4,7,12,2,13,18,9.68,60,586.69,39.054130025849325,13.369253820088865,153.6479801635429,257.9960576830349,2023-05-01,2025-10-06 10:49:24.263,11,3,0,0,0,1,0,0,0,0,1,1,0,0,0,0,1,0,0,0,0,0,1,0,0,0
CUS_0x4be1,17247.71,1508.309166666667,6,7,20,5,23,21,27.67,110,4596.48,34.525811362412504,64.55412661427425,68.52945378180533,277.7473362705871,2023-05-01,2025-10-06 10:49:24.263,7,4,1,1,0,1,0,0,1,0,0,1,0,0,0,0,0,0,1,1,0,0,0,0,0,0
CUS_0x5998,33683.38,2652.9483333333333,8,6,9,4,19,20,3.32,30,622.08,27.7407094069618,78.36689175599534,113.35273393381227,363.5752076435257,2023-05-01,2025-10-06 10:49:24.263,33,4,0,1,0,0,0,1,1,1,0,0,0,0,0,1,0,0,0,0,0,0,1,0,0,0
CUS_0x5e22,41435.26,3639.938333333334,7,7,26,6,35,18,12.99,90,1625.55,30.26949344579609,175.80514946022038,10000.0,363.0349168264038,2023-05-01,2025-10-06 10:49:24.263,18,8,1,0,0,0,0,1,0,1,1,1,0,0,0,0,0,1,0,0,0,0,0,1,0,0
CUS_0x8925,45705.78,3866.815,8,3,20,0,9,8,9.97,40,132.3,41.19685609579658,0.0,168.10462460833602,478.576875391664,2023-05-01,2025-10-06 10:49:24.263,30,6,0,0,0,0,0,0,0,0,0,0,1,0,0,0,1,0,0,1,0,0,0,0,0,0
CUS_0x3201,35336.77,2893.730833333333,4,5,16,2,9,14,4.76,20,1172.87,33.64996741176534,31.402438038633004,41.7345208148764,473.67819715136284,2023-05-01,2025-10-06 10:49:24.263,32,9,0,0,0,0,0,1,0,1,0,0,1,0,0,0,1,0,0,0,0,1,0,0,0,0
CUS_0x4d33,80264.88,6635.740000000002,6,5,31,4,37,24,8.31,130,1522.85,34.09912363084119,261.5315027371735,111.24189038826852,540.8006068745581,2023-05-01,2025-10-06 10:49:24.263,6,11,0,1,0,1,1,0,0,0,1,0,0,0,0,0,0,1,0,0,1,0,0,0,0,0
CUS_0x1cf3,66858.27,5770.5225,3,541,20,4,6,10,4.16,90,601.58,26.85395575328021,175.0151817473682,129.22327039795206,532.8137978546798,2023-05-01,2025-10-06 10:49:24.263,28,4,0,0,0,0,0,1,1,1,0,0,1,0,0,0,1,0,0,1,0,0,0,0,0,0
CUS_0x51a1,63306.54,5260.545,4,5,19,3,11,9,1.09,70,1203.19,38.89702648821528,85.61112477309555,173.0854248605777,517.3579503663268,2023-05-01,2025-10-06 10:49:24.263,28,4,1,0,0,0,0,1,0,0,0,0,1,0,0,0,1,0,0,0,1,0,0,0,0,0
CUS_0x9c28,17645.66,1671.4716666666666,4,9,25,5,17,8,18.7,90,1820.55,26.250417877772747,49.18230394828079,40.24777032344301,327.7170923949428,2023-05-01,2025-10-06 10:49:24.263,20,4,1,0,0,1,1,0,0,0,1,1,0,0,0,0,1,0,0,0,1,0,0,0,0,0
CUS_0x2b94,24372.88,1981.073333333333,5,6,13,3,26,12,0.4000000000000004,30,719.48,32.423377046760486,55.34957705213726,169.22461243440227,263.53314384679385,2023-05-01,2025-10-06 10:49:24.263,28,9,0,1,1,0,0,0,0,0,0,1,0,0,0,0,0,0,1,0,0,0,1,0,0,0
CUS_0x42d2,39011.12,3014.9266666666667,8,7,28,6,31,22,6.93,60,1714.75,37.36493921805602,135.10818584904206,44.60710968998144,361.7773711276433,2023-05-01,2025-10-06 10:49:24.263,19,9,1,0,0,0,1,0,1,0,0,1,0,0,0,0,0,0,1,0,0,1,0,0,0,0
CUS_0x5d65,65500.84,5457.403333333333,4,3,18,4,5,13,4.26,40,1088.57,27.19737790204989,197.56708563992424,102.6279122233926,505.5453354700164,2023-05-01,2025-10-06 10:49:24.263,32,5,0,1,0,1,0,1,0,0,0,0,1,0,0,0,1,0,0,0,0,0,0,0,0,1
CUS_0xf9f,18587.64,1578.97,6,8,17,7,35,26,12.1,120,2370.01,26.05560883532652,61.09933073911815,93.92088296529845,292.87678629558343,2023-05-01,2025-10-06 10:49:24.263,8,4,0,1,1,0,0,1,0,1,0,1,0,0,0,0,0,0,1,0,0,0,1,0,0,0
CUS_0x221f,18733.04,1456.0866666666668,10,8,22,9,35,21,28.12,130,3801.94,33.17495875598345,135.92324791698323,38.46759135282983,251.21782739685364,2023-05-01,2025-10-06 10:49:24.263,3,4,0,1,0,1,1,1,0,0,1,1,0,0,0,0,0,1,0,0,0,0,0,1,0,0
CUS_0x2ed7,53460.93000000001,4528.0775,8,10,27,6,19,18,8.31,70,1364.03,30.511408704947392,251.8964338319793,46.01205237999637,394.89926378802437,2023-05-01,2025-10-06 10:49:24.263,16,0,0,0,1,1,1,1,1,0,0,1,0,0,0,0,0,1,0,0,0,1,0,0,0,0
CUS_0x482d,21488.17,1681.680833333333,4,4,7,3,3,9,2.86,10,553.06,23.419977360568613,42.4315122012685,29.38823039656312,346.3483407355017,2023-05-01,2025-10-06 10:49:24.263,18,3,0,0,1,0,0,1,1,0,0,0,1,0,0,0,0,0,1,0,1,0,0,0,0,0
CUS_0x5c8d,41982.88,3263.5733333333333,4,7,14,0,23,20,15.829999999999998,60,1449.7,27.261759533545664,0.0,122.74089059670946,453.61644273662387,2023-05-01,2025-10-06 10:49:24.263,17,9,0,0,0,0,0,0,0,0,0,1,0,0,0,0,0,0,1,0,1,0,0,0,0,0
CUS_0x5257,16934.76,1181.2299999999998,4,3,7,5,30,13,11.32,70,304.61,26.83901113074924,52.81353784442496,72.7834392724907,282.52602288308435,2023-05-01,2025-10-06 10:49:24.263,7,4,0,0,0,0,1,0,1,1,1,1,0,0,0,0,0,0,1,0,0,0,1,0,0,0
CUS_0x7200,20607.78,1453.3149999999996,3,6,15,7,28,19,7.18,140,1441.67,34.9032500385799,98.82095878080096,58.8166101037124,257.69393111548663,2023-05-01,2025-10-06 10:49:24.263,5,11,0,1,1,1,0,1,1,1,1,0,0,0,0,0,1,0,0,0,0,0,0,0,1,0
CUS_0x9b0f,14337.56,1422.7966666666666,3,4,8,4,20,16,8.45,70,771.35,37.305290691220975,28.02146475121231,108.64463058959305,295.6135713258613,2023-05-01,2025-10-06 10:49:24.263,27,2,1,1,0,1,0,0,0,0,0,0,1,0,0,0,0,0,1,0,0,0,0,0,0,1
CUS_0xaa85,100097.19,8455.4325,5,4,1,4,11,7,8.62,10,817.57,29.09190174098236,177.27711183817158,459.66015107345663,478.605987088372,2023-05-01,2025-10-06 10:49:24.263,22,4,0,0,0,0,1,1,1,1,0,0,1,0,0,1,0,0,0,0,0,0,1,0,0,0
CUS_0x5d3f,100127.82,8277.985,4,7,20,2,18,9,0.51,40,520.84,31.36644505738693,85.09912017839137,598.4047452855077,434.29463453610117,2023-05-01,2025-10-06 10:49:24.263,15,9,0,0,0,1,0,0,0,0,1,0,1,0,0,0,1,0,0,0,0,0,1,0,0,0
CUS_0x82d5,55163.81999999999,4869.985,9,9,28,6,44,22,16.72,100,4085.14,29.12535276820936,187.5051053987661,265.94699031331743,303.5464042879165,2023-05-01,2025-10-06 10:49:24.263,8,11,0,1,1,0,0,1,0,1,1,1,0,0,0,0,0,1,0,0,0,0,0,0,1,0
CUS_0xbc05,20870.46,1694.205,7,8,16,7,25,21,13.34,100,2694.09,40.46812181046242,116.1374192000977,223.31228610568851,119.97079469421385,2023-05-01,2025-10-06 10:49:24.263,15,10,1,1,1,1,0,0,1,1,0,1,0,0,0,0,0,1,0,0,0,0,1,0,0,0
CUS_0x41c9,78261.62,6373.801666666666,1,1,6,3,7,5,7.66,80,431.77,36.406702641256864,111.15588436869808,557.7877832836313,248.4364990143373,2023-05-01,2025-10-06 10:49:24.263,26,8,1,0,0,1,0,0,0,1,0,0,1,0,0,1,0,0,0,0,0,0,0,1,0,0
CUS_0xa7ea,15229.35,1021.1125,10,10,27,5,27,17,24.28,100,4051.83,38.26744252106861,40.57723363949116,68.97510003019883,262.55891633031,2023-05-01,2025-10-06 10:49:24.263,14,3,0,0,1,0,1,1,0,0,1,1,0,0,0,0,0,1,0,0,0,0,0,0,1,0
CUS_0x7032,36463.21,2947.600833333333,6,5,11,0,8,20,0.0,60,914.86,37.82989835132182,0.0,75.63625939334787,459.1238239399855,2023-05-01,2025-10-06 10:49:24.263,22,10,0,0,0,0,0,0,0,0,0,1,0,0,0,0,0,0,1,0,0,1,0,0,0,0
CUS_0xb82,1.1874543E7,1077.1879166666668,10,8,23,0,34,21,17.71,140,3109.05,32.61958944834762,76779.0,83.14021402748664,257.146939404928,2023-05-01,2025-10-06 10:49:24.263,5,0,0,1,0,1,0,1,1,1,0,1,0,0,0,0,0,1,0,0,0,0,0,1,0,0
CUS_0x903f,67097.28,5132.22616143278,3,3,11,0,18,15,11.16,13870,1138.96,23.577187839091028,417.49556897025855,135.83481612414258,471.9274534728185,2023-05-01,2025-10-06 10:49:24.263,23,0,0,1,0,0,0,1,0,0,1,1,0,0,0,0,1,0,0,0,0,0,0,0,0,1
CUS_0x4318,33445.01,2663.084166666667,6,4,9,0,8,12,4.82,10,1150.39,26.113174935180307,0.0,106.55470555323922,429.7537111134274,2023-05-01,2025-10-06 10:49:24.263,32,8,0,0,0,0,0,0,0,0,0,0,1,0,0,0,0,0,1,0,0,0,0,0,1,0
CUS_0x4ceb,64927.34,5059.777765539809,6,3,8,6,16,7,13.38,70,503.58,21.484889917396305,667.0654312306501,668.8689160813674,186.46150538204918,2023-05-01,2025-10-06 10:49:24.263,18,10,0,1,1,0,1,0,1,1,0,1,0,0,0,0,0,0,1,0,0,0,1,0,0,0
CUS_0x8908,8375.46,531.9549999999998,7,5,10,4,16,8,17.66,50,1885.89,40.75505664081349,16.291252316018873,16.271357639838712,270.6328900441424,2023-05-01,2025-10-06 10:49:24.263,5,9,0,1,1,0,0,0,1,1,0,1,0,0,0,0,0,0,1,0,1,0,0,0,0,0
CUS_0x17c4,16962.91,1359.575833333333,10,10,17,9,54,17,17.51,70,3782.93,31.742445077554954,17407.0,148.36287093943398,208.00846558829227,2023-05-01,2025-10-06 10:49:24.263,1,10,0,0,0,1,1,1,1,1,1,1,0,0,0,0,0,1,0,0,0,0,1,0,0,0
CUS_0x2777,58873.05,4896.0875,4,4,16,7,24,9,18.07,100,1039.2,30.644920229622933,203.85486866905583,52.48825146699876,473.2656298639455,2023-05-01,2025-10-06 10:49:24.263,13,10,1,1,1,1,0,1,1,0,0,1,0,0,0,0,1,0,0,0,0,1,0,0,0,0
CUS_0x66c7,42884.84,3578.736666666666,4,6,7,0,23,2,1.73,20,1302.49,38.30045482742487,0.0,87.17307236977129,510.70059429689536,2023-05-01,2025-10-06 10:49:24.263,30,6,0,0,0,0,0,0,0,0,0,0,1,0,0,1,0,0,0,0,0,1,0,0,0,0
CUS_0x3b89,17923.05,1663.5875,10,8,19,7,27,19,6.54,130,3549.71,27.00074087825128,63.15540655150015,34.62791564900099,328.5754277994988,2023-05-01,2025-10-06 10:49:24.263,14,5,0,1,0,1,1,0,1,1,0,0,0,0,0,0,0,0,1,1,0,0,0,0,0,0
CUS_0x5b30,15475.91,908.4253371001912,6,7,13,7,8,13,7.04,40,1948.99,36.56822883168444,164.98941240375362,20.05447261817195,259.55586121121655,2023-05-01,2025-10-06 10:49:24.263,14,5,1,0,0,0,1,1,0,1,1,1,0,0,0,0,1,0,0,1,0,0,0,0,0,0
CUS_0x87cb,30620.69,2322.7241666666664,3,7,10,3,11,8,10.46,30,1395.64,38.94374919420678,67.0538189234297,10000.0,370.02366579756057,2023-05-01,2025-10-06 10:49:24.263,18,3,1,0,1,1,0,0,0,0,0,0,1,0,0,1,0,0,0,1,0,0,0,0,0,0
CUS_0x8a20,85038.87,6836.572499999998,0,2,6,3,6,8,3.86,20,995.2,23.8525768406815,154.410247528185,174.97714753893916,594.2698549328758,2023-05-01,2025-10-06 10:49:24.263,23,4,0,0,0,1,1,0,1,0,0,0,1,0,0,1,0,0,0,0,0,1,0,0,0,0
CUS_0x905e,18784.375,1574.364583333333,5,730,5,0,7,10,11.08,0,55.2,29.940497982856485,11.689077856943085,62.2843621582973,373.46301831809296,2023-05-01,2025-10-06 10:49:24.263,24,8,0,0,0,1,0,0,0,0,0,0,1,0,0,1,0,0,0,0,0,0,1,0,0,0
CUS_0x9434,55907.52,4543.96,3,9,15,5,6,11,8.71,150,1474.63,32.12761425523601,192.70103986862492,231.40242582270886,290.2925343086663,2023-05-01,2025-10-06 10:49:24.263,19,6,1,0,0,1,1,1,1,0,0,1,0,0,0,0,1,0,0,1,0,0,0,0,0,0
CUS_0xae34,33470.66,2562.221666666667,6,3,7,4,30,9,12.98,0,1423.22,30.5196917300283,99.31719754242884,67.59604898019529,339.30892014404253,2023-05-01,2025-10-06 10:49:24.263,20,0,0,1,1,0,1,0,1,0,0,1,0,0,0,0,0,0,1,0,1,0,0,0,0,0
CUS_0x39d4,73507.4,6146.616666666666,8,7,18,7,37,16,0.54,100,1660.98,30.36496497688526,412.0513670593911,10000.0,65.31116170350515,2023-05-01,2025-10-06 10:49:24.263,16,2,1,1,1,1,0,1,0,0,0,1,0,0,0,0,0,1,0,0,0,0,0,1,0,0
CUS_0x87a2,95099.7,7950.975000000001,6,7,12,4,15,15,7.14,40,210.86,35.611472847382046,217.3714876353516,150.53938823182483,667.1866241328239,2023-05-01,2025-10-06 10:49:24.263,29,8,0,0,0,0,1,1,0,1,0,1,0,0,0,0,1,0,0,0,0,1,0,0,0,0
CUS_0xb282,131577.84,11205.82,2,3,3,2,18,2,1.53,20,816.21,34.45628378061127,185.4121959034533,236.15383719265634,939.0159669038907,2023-05-01,2025-10-06 10:49:24.263,21,10,0,0,1,1,0,0,0,0,0,0,1,0,0,0,0,0,1,0,0,1,0,0,0,0
CUS_0x1ecf,19922.11,1508.1758333333337,7,6,27,9,41,20,23.54,70,4671.11,30.8100926870938,111.90992940692055,127.23229446544737,181.6753594609654,2023-05-01,2025-10-06 10:49:24.263,2,2,1,1,1,0,1,1,1,0,1,1,0,0,0,0,0,0,1,0,0,0,0,0,1,0
CUS_0x440f,18207.375,1602.28125,0,3,3,3,8,5,5.8,40,589.65,34.644686098847124,35.11545668796032,111.36891681057608,273.74375150146363,2023-05-01,2025-10-06 10:49:24.263,23,5,0,0,1,0,0,1,0,0,1,0,0,0,0,1,0,0,0,1,0,0,0,0,0,0
CUS_0x857b,121041.21,10359.7675,3,7,8,3,14,8,4.59,30,1036.21,30.57553098496296,197.0868048282416,210.01086237913572,868.8790827926229,2023-05-01,2025-10-06 10:49:24.263,32,5,0,0,0,1,0,1,1,0,0,0,1,0,0,1,0,0,0,0,0,1,0,0,0,0
CUS_0x8bcc,123485.04,10299.42,4,4,6,3,14,9,8.17,50,1063.39,27.339819393172736,290.02000019935804,426.2689928608997,563.6530069397422,2023-05-01,2025-10-06 10:49:24.263,19,9,1,1,0,0,0,0,0,0,0,0,1,0,0,1,0,0,0,0,1,0,0,0,0,0
CUS_0x9534,133394.48,10851.206666666669,5,4,10,4,0,11,4.07,20,948.79,32.40832430319058,429.4343555969737,802.8373688045508,142.84894226514226,2023-05-01,2025-10-06 10:49:24.263,15,10,1,0,0,0,1,0,1,0,0,0,1,0,0,1,0,0,0,0,0,0,1,0,0,0
CUS_0xaac3,11631.405,858.28375,4,7,8,4,21,17,1.57,30,165.88,30.2350523306213,32.057962750550374,82.23023692171738,277.33865257023444,2023-05-01,2025-10-06 10:49:24.263,31,10,0,1,0,0,0,0,0,1,1,0,1,0,0,1,0,0,0,0,1,0,0,0,0,0
CUS_0xac39,14952.03,1445.0025,10,8,22,9,19,25,17.2,120,3566.21,26.18162100734382,105.58361397265544,193.43420296427357,135.48243306307103,2023-05-01,2025-10-06 10:49:24.263,4,6,1,1,1,0,0,0,1,1,0,1,0,0,0,0,0,0,1,0,0,0,1,0,0,0
CUS_0xb5b9,125943.63,10448.3025,3,5,6,1,3,4,2.19,40,853.94,38.01184798645009,90.82935260074856,727.8522776980636,506.14861970118784,2023-05-01,2025-10-06 10:49:24.263,23,8,0,0,1,0,0,0,0,0,0,0,1,0,0,1,0,0,0,0,0,0,0,1,0,0
CUS_0x20da,102447.38999999998,8347.2825,5,4,4,0,7,9,8.54,50,190.48,29.55364385174996,0.0,198.63797780729385,876.0902721927063,2023-05-01,2025-10-06 10:49:24.263,33,3,0,0,0,0,0,0,0,0,0,0,1,0,0,0,0,0,1,0,0,1,0,0,0,0
CUS_0x3f9,18060.64,1280.0533333333333,8,7,23,3,29,25,3.13,70,1384.96,25.583561990612942,30.223229066865592,102.70625594992408,285.07584831654367,2023-05-01,2025-10-06 10:49:24.263,17,8,0,1,0,1,0,0,0,0,1,1,0,0,0,0,0,1,0,0,0,0,1,0,0,0
CUS_0x5e19,32424.34,2561.028333333333,3,5,5,0,14,17,10.46,40,159.9,31.64675694730041,0.0,185.44850839082798,340.6543249425053,2023-05-01,2025-10-06 10:49:24.263,18,9,0,0,0,0,0,0,0,0,0,1,0,0,0,0,1,0,0,0,0,0,0,0,1,0
CUS_0x8ba4,35398.64,3123.8866666666668,8,7,15,3,20,14,19.4,90,1530.57,37.92501566393171,86.56126134379161,126.21764609615809,349.609759226717,2023-05-01,2025-10-06 10:49:24.263,18,10,0,0,1,0,0,0,0,0,1,1,0,0,0,0,1,0,0,0,1,0,0,0,0,0
CUS_0x2cb1,42021.7,3386.808333333333,8,7,3,4,17,12,10.93,40,271.56,34.81017663713061,109.01733845498752,33.946885298052685,435.7166095802932,2023-05-01,2025-10-06 10:49:24.263,23,8,0,1,1,0,1,0,0,0,0,0,1,0,0,0,1,0,0,0,0,1,0,0,0,0
CUS_0x5803,123526.8,10241.9,1,6,9,4,8,4,2.25,30,926.62,29.803730060329023,291.01859360833,560.6995767323731,432.47182965929704,2023-05-01,2025-10-06 10:49:24.263,20,8,0,1,0,0,1,0,1,0,1,0,1,0,0,1,0,0,0,1,0,0,0,0,0,0
CUS_0xa2de,137672.12,11613.676666666664,6,7,7,2,14,8,18.2,80,43.56,30.05144894763839,169.5553145193944,150.30257724570586,147.48709157347318,2023-05-01,2025-10-06 10:49:24.263,31,3,0,0,0,0,0,1,0,0,0,1,0,0,0,0,0,0,1,0,0,0,0,1,0,0
CUS_0xab2,41751.65,3442.304166666667,5,1,2,1,3,3,3.68,60,279.17,25.216900441865697,32.801006384658734,134.38056365163405,467.048846630374,2023-05-01,2025-10-06 10:49:24.263,16,11,0,0,0,0,0,0,0,0,1,0,1,0,0,1,0,0,0,0,0,0,0,0,0,1
CUS_0xb0e8,26921.13,2150.4275,5,7,17,4,23,17,3.01,40,124.1,33.462574738099065,72.52834994093466,62.91384701960651,349.6005530394589,2023-05-01,2025-10-06 10:49:24.263,23,0,0,1,1,0,1,0,1,0,0,0,1,0,0,0,1,0,0,0,0,0,0,0,1,0
CUS_0xbd1e,16200.25,1554.020833333333,0,7,3909,3,6,1,10.9,0,560.52,37.24441030378994,30.75051907281184,86.46534477241056,328.1862194881109,2023-05-01,2025-10-06 10:49:24.263,22,8,0,0,0,0,0,1,0,1,1,0,1,0,0,1,0,0,0,0,0,0,1,0,0,0
CUS_0x8f0c,50243.22,4107.935,8,3,19,3,17,14,12.19,20,1161.1,31.779737503247148,62.89923429306123,126.46972955360977,471.42453615332914,2023-05-01,2025-10-06 10:49:24.263,27,5,0,1,0,1,1,0,0,0,0,1,0,0,0,0,0,0,1,0,1,0,0,0,0,0
CUS_0x99f1,30976.75,2864.395833333333,8,660,1,1,5,8,7.69,50,267.22,33.435005994949506,23.81773147655466,84.21903167733349,447.9075909564256,2023-05-01,2025-10-06 10:49:24.263,26,2,0,1,0,0,0,0,0,0,0,0,1,0,0,0,0,0,1,1,0,0,0,0,0,0
CUS_0xab17,142319.72,12036.976666666667,3,3,6,0,12,9,3.5,50,1092.52,28.240628166288666,0.0,503.32645913128914,990.3712075353776,2023-05-01,2025-10-06 10:49:24.263,28,6,0,0,0,0,0,0,0,0,0,0,1,0,0,0,0,0,1,0,0,0,1,0,0,0
CUS_0x3777,35012.78,2964.731666666666,8,4,9,2,26,15,10.06,0,279.53,36.31157695833858,61218.0,244.8053164724044,280.25979007846803,2023-05-01,2025-10-06 10:49:24.263,31,9,0,0,1,0,0,0,0,0,0,1,0,0,0,0,1,0,0,0,0,0,0,0,1,0
CUS_0x6f0a,8461.285,699.1070833333333,9,9,20,5,27,28,9.37,80,3822.75,39.23966575051506,34.02785836054286,84.72281313801153,241.1600368347789,2023-05-01,2025-10-06 10:49:24.263,5,7,0,1,0,0,0,1,1,0,1,1,0,0,0,0,0,1,0,0,0,0,0,0,0,1
CUS_0x7f2c,26596.91,2095.820015981149,6,7,13,3,28,12,10.83,30,841.28,32.127490780358784,303.2298303351204,224.17299377904243,252.22724323802206,2023-05-01,2025-10-06 10:49:24.263,20,4,0,0,1,0,0,0,0,1,0,1,0,0,0,0,0,0,1,0,0,0,1,0,0,0
CUS_0x5321,38897.52,3402.46,5,5,3,1,8,7,7.01,20,286.43,29.176897949853053,76076.0,146.05760927519643,457.72539034117744,2023-05-01,2025-10-06 10:49:24.263,22,9,0,0,0,0,0,1,0,0,0,0,1,0,0,1,0,0,0,0,0,0,1,0,0,0
CUS_0x7354,24749.2,2142.433333333333,4,4,19,1,29,10,2.41,90,1188.44,36.82838747877981,12.428471844917375,143.15446401947256,348.6603974689434,2023-05-01,2025-10-06 10:49:24.263,33,6,0,0,0,0,1,0,0,0,0,0,1,0,0,0,1,0,0,0,0,0,1,0,0,0
CUS_0x87a,20274.94,1629.5783333333331,1,6,5,1,8,3,2.0,30,11.02,24.188767290127583,14.553543170769489,131.2072462650702,287.19704389749364,2023-05-01,2025-10-06 10:49:24.263,22,0,0,0,0,0,0,1,0,0,0,0,1,0,0,1,0,0,0,0,0,0,0,0,1,0
CUS_0xd35,37227.24,3006.27,8,7,28,2,46,10,7.32,170,1309.53,23.19696616365777,47.42556537230404,251.22063094122063,291.98080368647527,2023-05-01,2025-10-06 10:49:24.263,17,5,1,1,0,0,0,0,0,0,0,1,0,0,0,0,1,0,0,0,0,0,1,0,0,0
CUS_0x24fc,22320.325,1966.0270833333327,0,7,9,3,22,1,4.63,40,983.12,33.724030436862286,40.92697967874924,123.7750175560639,321.9007110985202,2023-05-01,2025-10-06 10:49:24.263,19,3,1,1,0,0,0,1,0,0,0,0,1,0,0,1,0,0,0,0,0,0,1,0,0,0
CUS_0x76d1,37578.61,3179.550833333333,0,5,5,4,3,12,6.72,0,855.61,32.15940933963948,83.2736639835897,104.92161676465228,379.7598025850914,2023-05-01,2025-10-06 10:49:24.263,31,6,1,0,0,0,0,0,1,1,0,0,1,0,0,1,0,0,0,0,1,0,0,0,0,0
CUS_0x980b,147048.8,12299.066666666666,0,1,10,1,8,4,3.14,40,1205.32,34.60560502154499,77.93148847056737,882.4776219820649,1130.7244859308607,2023-05-01,2025-10-06 10:49:24.263,32,9,0,0,0,0,0,0,0,1,0,0,1,0,0,1,0,0,0,0,1,0,0,0,0,0
CUS_0xc2f5,71297.02,6028.418333333334,3,4,4,4,6,5,11.5,70,383.01,30.44756255168801,168.12092579336306,53.813888940688535,620.9070185992819,2023-05-01,2025-10-06 10:49:24.263,31,2,0,1,1,0,0,0,0,1,1,0,1,0,0,1,0,0,0,0,0,1,0,0,0,0
CUS_0x1f87,29111.07,2501.9225,8,6,11,2,19,18,13.43,100,279.95,25.3414088133876,29.941930702128268,73.1221025508464,397.12821674702536,2023-05-01,2025-10-06 10:49:24.263,10,10,1,0,0,0,0,0,0,0,1,1,0,0,0,0,1,0,0,0,1,0,0,0,0,0
CUS_0x446b,11944.675,1010.3895833333332,5,7,6,3,28,17,6.82,60,886.94,25.38354671494075,19.874066759308626,132.31985729058306,238.8450342834416,2023-05-01,2025-10-06 10:49:24.263,32,4,0,1,0,0,0,0,0,0,0,0,0,0,0,0,1,0,0,0,0,0,1,0,0,0
CUS_0x67d0,9695.47,1066.9558333333334,5,3,20,2,15,14,11.86,40,463.03,38.707725272211526,8.39412207325652,102.48867054711657,275.81279071296024,2023-05-01,2025-10-06 10:49:24.263,29,3,0,0,0,0,0,0,1,0,0,0,1,0,0,0,1,0,0,0,0,0,0,1,0,0
CUS_0x5b2a,142974.96,11698.58,2,4,5,3,14,1850,0.2699999999999996,10,443.62,22.270050327091628,228.1625796677509,1579.2409362986111,198.6586585676541,2023-05-01,2025-10-06 10:49:24.263,24,5,0,0,0,1,0,0,1,0,1,0,1,0,0,1,0,0,0,0,0,0,0,0,0,1
CUS_0x5cd7,68917.94,5498.161666666668,5,2,11,0,0,10,0.18999999999999995,40,1263.18,36.6196964373169,0.0,162.17299074339152,637.6431759232752,2023-05-01,2025-10-06 10:49:24.263,17,11,0,0,0,0,0,0,0,0,0,0,1,0,0,1,0,0,0,0,1,0,0,0,0,0
CUS_0x73d,106108.53,8686.3775,4,3,14,3,28,20,6.98,90,514.34,30.11486665366065,157.74103995411562,871.9373911837818,118.95931886210268,2023-05-01,2025-10-06 10:49:24.263,18,9,1,0,0,1,0,0,1,0,0,0,1,0,0,0,1,0,0,0,0,0,0,1,0,0
CUS_0xa29a,84609.78,6579.689941163396,5,4,1,3,28,9,3.82,0,254.3,38.525901666104296,797.5888866245722,163.09270771574717,658.0249644962844,2023-05-01,2025-10-06 10:49:24.263,23,0,0,0,1,0,1,0,0,1,0,0,1,0,0,0,0,0,1,0,1,0,0,0,0,0
CUS_0x8216,7225.02,415.22788970785285,10,10,30,7,53,14,1.2,130,4515.94,36.89132667756258,67.9408391838911,10000.0,248.25838886538082,2023-05-01,2025-10-06 10:49:24.263,1,2,0,0,1,0,1,1,1,1,1,1,0,0,0,0,0,1,0,0,0,0,1,0,0,0
CUS_0x1d46,88685.32,7417.443333333334,0,2,3,4,8,4,6.75,80,1429.35,24.950897137749944,168.77080415188922,212.39000181973785,630.5835273617064,2023-05-01,2025-10-06 10:49:24.263,22,0,0,0,1,1,0,0,0,0,1,0,1,0,0,1,0,0,0,0,0,0,0,0,1,0
CUS_0x2408,8753.205,919.43375,7,6,21,8,35,24,6.87,120,2355.66,31.838296389954323,41.7589847178486,38.43528640305692,291.7491038790945,2023-05-01,2025-10-06 10:49:24.263,14,4,1,1,0,0,1,1,1,0,1,1,0,0,0,0,0,1,0,0,0,0,0,1,0,0
CUS_0x3a0b,158871.12,12962.26,0,171,8,1,8,1,1.17,40,576.48,24.753970249385304,86.90586037406021,973.4921688296988,505.8279707962412,2023-05-01,2025-10-06 10:49:24.263,19,6,0,0,0,0,0,0,1,0,0,0,1,0,0,1,0,0,0,0,0,0,0,0,1,0
CUS_0x7e02,68131.8,5801.6500000000015,7,10,19,7,16,17,26.04,120,4100.98,24.74424217161893,263.063038752115,550.6054210975841,56.49654015030097,2023-05-01,2025-10-06 10:49:24.263,4,5,1,0,1,0,1,1,0,1,0,1,0,0,0,0,0,1,0,0,0,0,1,0,0,0
CUS_0x1854,30632.94,2535.745,3,5,1,2,17,2,0.0,20,31.5,37.175807706901374,44.890494154838144,219.6230281744796,259.0609776706823,2023-05-01,2025-10-06 10:49:24.263,22,6,0,0,0,0,1,1,0,0,0,0,1,0,0,1,0,0,0,0,0,0,0,0,1,0
CUS_0x4e8f,40735.3,3202.6083333333336,9,7,26,3,25,15,4.35,100,1774.12,40.84127826110562,98.86519279947213,103.86547995353416,377.53016058032716,2023-05-01,2025-10-06 10:49:24.263,11,8,0,1,0,0,0,1,1,0,0,1,0,0,0,0,0,0,1,1,0,0,0,0,0,0
CUS_0xa37,8721.605,927.8004166666666,6,7,20,2,15,14,6.48,70,2592.45,35.78565131020984,12.867951489971988,38.666438633710854,331.2456515429838,2023-05-01,2025-10-06 10:49:24.263,11,4,0,1,0,0,0,0,0,0,1,1,0,0,0,0,1,0,0,0,0,0,1,0,0,0
CUS_0x78a6,71461.6,5531.891117431186,8,5,15,5,39,20,24.94,100,4812.71,33.01726106557061,659.2222748580385,69.35859369724344,488.47468068019873,2023-05-01,2025-10-06 10:49:24.263,12,4,0,0,0,1,0,1,1,0,1,0,0,0,0,0,0,1,0,0,1,0,0,0,0,0
CUS_0xbaa8,77963.9,6711.991666666666,4,4,8,3,8,10,2.34,10,1441.62,36.7230462884984,136.8259469526195,58.17012764687011,716.2030920671771,2023-05-01,2025-10-06 10:49:24.263,27,2,1,0,0,0,0,1,1,0,0,0,1,0,0,1,0,0,0,0,0,0,0,0,0,1
CUS_0x8cce,29969.66,2418.471666666667,8,6,18,1,22,18,18.97,80,157.07,28.00015597460792,14.380461753694744,140.49266918841707,356.9740357245548,2023-05-01,2025-10-06 10:49:24.263,22,8,0,1,0,0,0,0,0,0,0,1,0,0,0,0,1,0,0,0,0,0,0,0,1,0
CUS_0xc30f,77565.56999999999,6663.7975,3,5,8,3,12,18,11.8,10,509.87,32.115493038772144,118.67059845713756,71.15873061979299,716.5504209230695,2023-05-01,2025-10-06 10:49:24.263,33,2,0,0,1,0,1,0,0,1,0,0,1,0,0,1,0,0,0,0,0,0,0,0,0,1
CUS_0x6abf,14021.495,1077.4579166666667,7,5,16,2,30,16,11.19,110,263.51,40.38928663203989,13.546538417288916,136.68838624804172,247.510867001336,2023-05-01,2025-10-06 10:49:24.263,13,5,0,0,0,0,0,0,0,1,1,1,0,0,0,0,1,0,0,0,0,0,1,0,0,0
CUS_0x7863,60573.96,4868.83,6,10,34,7,42,11,17.28,90,2172.61,35.462776693470005,211.22292782419467,288.3778179595942,257.2822542162112,2023-05-01,2025-10-06 10:49:24.263,15,10,1,1,1,0,1,1,1,0,0,0,0,0,0,0,1,0,0,0,0,0,0,0,1,0
CUS_0x716c,39453.74,3254.811666666666,5,1,6,1,4,2,1.8,60,1432.03,28.359725906000115,26.008762541017045,392.49778088744563,196.974623238204,2023-05-01,2025-10-06 10:49:24.263,29,5,0,0,0,1,0,0,0,0,0,0,1,0,0,1,0,0,0,0,0,0,1,0,0,0
CUS_0x2dd5,76476.66,6536.055,1,2,10,0,0,4,1.22,30,1020.69,36.34605180147659,108.96136829216356,10000.0,507.49213677451,2023-05-01,2025-10-06 10:49:24.263,21,0,0,1,0,0,1,0,0,0,0,0,1,0,0,1,0,0,0,0,0,0,0,1,0,0
CUS_0x5648,43269.35,3558.7791666666667,2,3,3,3,4,2,1.39,70,976.17,25.36541496617234,94.529437472289,124.7149684696713,386.63351072470635,2023-05-01,2025-10-06 10:49:24.263,27,5,0,1,0,0,0,0,1,1,0,0,1,0,0,1,0,0,0,0,1,0,0,0,0,0
CUS_0x6cf5,72604.48,5951.373333333332,5,4,11,3,17,17,19.9,70,1469.47,36.23508178565432,172.09589915835167,161.87791584231684,511.1635183326648,2023-05-01,2025-10-06 10:49:24.263,15,4,0,0,1,0,1,0,0,0,0,1,0,0,0,0,1,0,0,0,1,0,0,0,0,0
CUS_0x3913,101203.0,8675.583333333334,8,4,6,4,25,13,3.08,10,598.94,23.33954316479021,278.90732038137963,593.9078880114765,274.7431249404773,2023-05-01,2025-10-06 10:49:24.263,24,6,1,0,1,0,1,0,0,1,0,0,1,0,0,0,0,0,1,0,0,0,0,0,0,1
CUS_0x4e14,81385.18,5712.090999794431,1,7,5,1,0,0,4.59,70,394.42,27.34685200512727,950.3123521231352,644.5404077962204,243.06440695287915,2023-05-01,2025-10-06 10:49:24.263,29,11,0,0,0,0,0,0,0,0,1,0,1,0,0,1,0,0,0,0,0,0,0,1,0,0
CUS_0xb583,34192.02,2824.335,1,1,8,3,9,0,5.91,50,178.65,24.80427658454921,61.64205859402002,90.37333767047257,380.4181037355074,2023-05-01,2025-10-06 10:49:24.263,30,5,0,0,1,0,1,0,0,0,1,0,1,0,0,1,0,0,0,0,1,0,0,0,0,0
CUS_0x1a87,106030.05,8628.8375,7,3,14,0,12,14,9.51,80,136.53,41.35312563458053,10979.0,80.59227044851785,885.798234079124,2023-05-01,2025-10-06 10:49:24.263,10,8,1,0,0,0,0,1,1,0,0,1,0,0,0,0,0,0,1,0,0,1,0,0,0,0
CUS_0x7ba9,52462.42,4315.868333333333,4,3,16,3,11,8,15.87,80,778.66,25.2093203791762,79.05169510067955,200.09042168376251,412.4447165488912,2023-05-01,2025-10-06 10:49:24.263,20,8,0,0,0,0,0,1,1,0,0,1,0,0,0,0,1,0,0,1,0,0,0,0,0,0
CUS_0x9919,14365.54,1486.128333333333,8,9,25,0,40,20,5.49,120,2530.48,25.886730286965648,16.26899742400056,41.87586651609024,360.46796939324247,2023-05-01,2025-10-06 10:49:24.263,19,4,0,0,0,1,0,0,1,0,0,1,0,0,0,0,0,0,1,0,0,0,0,0,1,0
CUS_0x5753,133538.68,10955.223333333332,3,7,12,0,9,11,2.07,24060,1389.91,40.03187699694899,0.0,233.05084733391163,1112.4714859994217,2023-05-01,2025-10-06 10:49:24.263,24,5,0,0,0,0,0,0,0,0,0,0,1,0,0,0,1,0,0,0,0,0,0,0,0,1
CUS_0x7462,128938.95,10722.9125,5,5,5,4,23,2,0.75,10,636.95,37.70908944989053,384.5801135811266,612.3060248228062,355.4051115960672,2023-05-01,2025-10-06 10:49:24.263,16,10,1,0,0,0,1,1,0,1,0,0,1,0,0,1,0,0,0,0,0,0,0,1,0,0
CUS_0x95f0,33662.51,3004.209166666667,4,4,9,3,25,15,8.53,120,1448.3,31.74556841674633,76.80771063176694,23.150405002720493,440.4628010321792,2023-05-01,2025-10-06 10:49:24.263,31,3,1,0,1,0,0,1,0,0,0,1,0,0,0,0,1,0,0,0,0,1,0,0,0,0
CUS_0xa11c,36913.88,2859.1566666666663,6,5,16,7,48,21,28.27,70,4610.78,22.850669874041103,214.3092664861909,227.7285361305024,133.87786404997337,2023-05-01,2025-10-06 10:49:24.263,4,0,1,1,1,1,1,1,0,0,0,1,0,0,0,0,0,1,0,0,0,0,1,0,0,0
CUS_0xa66b,33751.27,2948.605833333333,5,5,20,3,16,17,11.0,80,1328.93,31.13948358493632,65.00817428651536,25.969611914778515,443.88279713203934,2023-05-01,2025-10-06 10:49:24.263,19,8,0,1,1,1,0,0,0,0,0,1,0,0,0,0,1,0,0,0,0,1,0,0,0,0
CUS_0xb744,130169.92,11110.493333333336,8,6,17,1,24,12,9.62,20,354.32,34.62314384609375,91.75812807627116,172.03463506678142,1097.2565701902809,2023-05-01,2025-10-06 10:49:24.263,33,4,0,0,0,0,0,0,0,0,1,1,0,0,0,0,1,0,0,0,1,0,0,0,0,0
CUS_0x7526,67850.16,5520.18,5,6,10,3,23,21,1.17,50,654.06,28.49812199045207,101.0504670622954,83.71922984236429,607.2483030953404,2023-05-01,2025-10-06 10:49:24.263,33,5,0,0,0,0,1,0,1,1,0,0,1,0,0,0,1,0,0,0,0,0,0,0,0,1
CUS_0xbfeb,68078.6,5651.216666666667,3,3,29,2,23,14,8.54,70,1994.72,39.110976710012,64.44340295141836,152.08418075877125,618.5940829564772,2023-05-01,2025-10-06 10:49:24.263,13,6,1,0,0,0,0,0,0,0,1,1,0,0,0,0,0,0,1,0,0,0,0,0,1,0
CUS_0xd8e,14638.38,1295.865,7,5,8,3,31,16,8.4,70,424.65,39.45916384811726,27.783186545798788,42.81507431960292,308.9882391345983,2023-05-01,2025-10-06 10:49:24.263,29,0,0,0,0,0,1,0,1,0,1,0,0,0,0,1,0,0,0,0,1,0,0,0,0,0
CUS_0x69c6,100310.08,8320.173333333334,3,3,5,1,12,14,9.63,80,904.83,39.96412161479911,47.04307587837848,207.5803596442674,817.3938978106877,2023-05-01,2025-10-06 10:49:24.263,23,4,0,0,0,0,0,0,1,0,0,1,0,0,0,0,1,0,0,0,0,0,0,0,0,1
CUS_0x8dc0,15185.65,1329.4708333333333,8,9,27,0,43,15,17.75,120,2265.53,38.71273249906682,22.73084035420283,68.69771841235892,321.51852456677165,2023-05-01,2025-10-06 10:49:24.263,15,11,0,1,0,0,0,0,0,1,1,1,0,0,0,0,1,0,0,0,0,0,0,1,0,0
CUS_0x8fa0,72412.84,5913.403333333333,7,4,5,2,29,10,11.95,30,1062.1,29.42098072819467,66.74648371870893,177.49160494451039,597.102244670114,2023-05-01,2025-10-06 10:49:24.263,26,9,1,0,0,0,0,0,1,0,0,1,0,0,0,0,1,0,0,0,1,0,0,0,0,0
CUS_0xbcca,33262.2,2914.85,6,5,18,3,14,12,18.33,20,696.05,36.30485600395853,43.32515319887624,10000.0,245.9199786394229,2023-05-01,2025-10-06 10:49:24.263,29,10,0,0,0,1,1,0,0,1,0,1,0,0,0,0,1,0,0,0,0,0,1,0,0,0
CUS_0x2c6a,99995.22,8560.935,0,3,8,1,6,4,11.32,60,526.8,34.68010725588861,66.42833764144228,163.4775879801384,876.1875743784192,2023-05-01,2025-10-06 10:49:24.263,32,3,0,0,0,0,0,0,0,0,1,0,1,0,0,1,0,0,0,0,1,0,0,0,0,0
CUS_0x5ee1,11892.72,976.06,1645,4,5,1,30,17,15.73,110,736.01,28.588575307845105,56630.0,81.77369241015788,278.32112530189016,2023-05-01,2025-10-06 10:49:24.263,32,0,0,0,0,0,0,0,1,0,0,1,0,0,0,0,1,0,0,0,0,0,0,0,1,0
CUS_0x6ed8,16501.39,1101.1158333333333,0,5,3,2,13,11,6.63,30,589.87,36.11958714685756,24.18573262845021,114.44875008795748,261.4771006169256,2023-05-01,2025-10-06 10:49:24.263,23,10,1,0,0,0,0,1,0,0,0,0,1,0,0,0,0,0,1,0,0,0,1,0,0,0
CUS_0x84fe,30111.3,2743.275,7,5,15,9,53,20,6.31,140,3075.29,32.66315690488889,140.83662592940402,227.34044832168428,196.15042574891174,2023-05-01,2025-10-06 10:49:24.263,4,6,1,1,0,1,1,1,0,0,0,1,0,0,0,0,0,1,0,0,0,0,1,0,0,0
CUS_0xad3d,35824.65,3271.3875000000007,7,4,15,3,16,19,10.68,11360,754.02,28.96722439849649,58.797713897635234,76.87342427554546,451.4676118268194,2023-05-01,2025-10-06 10:49:24.263,27,8,1,0,0,0,0,1,0,0,1,0,1,0,0,0,1,0,0,1,0,0,0,0,0,0
CUS_0x3b36,79205.36,6520.446666666668,1,7,4,0,0,0,10.59,90,1379.14,27.766866638301877,0.0,434.07487517726935,477.96979148939727,2023-05-01,2025-10-06 10:49:24.263,25,5,0,0,0,0,0,0,0,0,0,0,1,0,0,1,0,0,0,1,0,0,0,0,0,0
CUS_0x4636,57196.56,4838.38,6,3,17,3,12,12,7.53,40,1269.7,37.09223522139234,74.30448442759949,479.2320915958872,210.3014239765133,2023-05-01,2025-10-06 10:49:24.263,19,4,0,0,1,0,1,0,1,0,0,1,0,0,0,0,1,0,0,0,0,0,0,1,0,0
CUS_0x502c,45917.0,3714.416666666666,4,7,7,1,13,8,0.0,40,170.33,30.142929534956075,25.73479098063905,107.35361837152234,488.35325731450524,2023-05-01,2025-10-06 10:49:24.263,31,5,0,0,0,0,0,0,0,1,0,1,0,0,0,0,0,0,1,0,1,0,0,0,0,0
CUS_0x453a,22182.95,1937.5791666666669,7,5,13,4,11,15,5.18,50,1170.58,29.483875533716315,62.25704178917977,129.44775886275158,262.0531160147353,2023-05-01,2025-10-06 10:49:24.263,6,3,0,1,0,0,0,1,0,0,1,1,0,0,0,0,1,0,0,1,0,0,0,0,0,0
CUS_0x8cd0,44928.27,3700.0225000000014,8,8,24,0,34,19,2.96,120,2132.79,30.17804458181045,241.7750580090289,142.77246834677234,235.45472364419885,2023-05-01,2025-10-06 10:49:24.263,10,0,1,1,1,1,1,1,0,0,0,1,0,0,0,0,0,1,0,0,1,0,0,0,0,0
CUS_0x9cc4,11514.085,881.5070833333333,7,5,8,0,18,10,4.76,60,1408.3,38.230113634575545,0.0,117.11779410362641,261.03291422970693,2023-05-01,2025-10-06 10:49:24.263,27,6,0,0,0,0,0,0,0,0,0,1,0,0,0,0,1,0,0,0,0,0,1,0,0,0
CUS_0xbfb5,92561.2,7987.433333333332,8,3,15,3,21,10,11.71,30,267.55,27.190445755787277,189.3057443706347,194.1625308208777,665.275058141821,2023-05-01,2025-10-06 10:49:24.263,16,9,0,0,0,0,0,1,0,1,1,1,0,0,0,0,1,0,0,0,1,0,0,0,0,0
CUS_0x108a,36982.36,2554.813823273585,7,9,21,9,15,15,24.61,150,4882.12,32.002993587280805,454.41955211428353,275.8074536448028,84.70883763399478,2023-05-01,2025-10-06 10:49:24.263,7,9,0,0,1,1,0,1,1,1,1,1,0,0,0,0,0,0,1,0,0,0,0,1,0,0
CUS_0x2c18,56183.79,4597.9825,6,9,22,6,52,16,13.22,150,2236.8,27.605532157861504,213.31139943957808,186.89347161524253,309.59337894517944,2023-05-01,2025-10-06 10:49:24.263,7,5,0,1,1,0,0,1,1,0,0,1,0,0,0,0,0,0,1,0,1,0,0,0,0,0
CUS_0x61a1,112484.68,9389.723333333332,4,3,6,3,9,12,0.0,10,1459.58,21.559968319416143,210.2954353828492,1024.317495333218,266.7326799594413,2023-05-01,2025-10-06 10:49:24.263,28,2,1,0,0,1,0,1,0,0,0,1,0,0,0,0,0,0,1,0,0,0,1,0,0,0
CUS_0x333e,54843.69,4438.3075,6,7,32,9,56,22,17.83,80,4896.0,40.91111408285792,81194.0,10000.0,315.57983616511495,2023-05-01,2025-10-06 10:49:24.263,9,9,0,1,1,1,0,1,0,1,1,1,0,0,0,0,0,1,0,0,0,1,0,0,0,0
CUS_0x34ed,20138.945,1940.2454166666664,4,5,6,2,9,5,4.05,40,1201.14,37.363798788235655,23.324354392198234,77.51842743692765,368.51758151604406,2023-05-01,2025-10-06 10:49:24.263,23,2,0,0,1,0,0,0,0,0,0,0,1,0,0,0,0,0,1,1,0,0,0,0,0,0
CUS_0x3f6,60244.72,5197.393333333333,6,6,2,3,29,18,6.53,30,989.42,33.211669604950245,105.66247874250936,471.0746832136361,233.00217137718792,2023-05-01,2025-10-06 10:49:24.263,22,8,1,0,0,0,0,0,1,1,0,0,1,0,0,1,0,0,0,0,0,0,0,0,0,1
CUS_0x5049,171873.32,14285.776666666668,3,5,11,0,6,5,4.03,20,932.23,26.516013750694142,0.0,1417.8948144578976,290.6828522087692,2023-05-01,2025-10-06 10:49:24.263,29,0,0,0,0,0,0,0,0,0,0,0,1,0,0,1,0,0,0,0,0,0,0,1,0,0
CUS_0x6f4c,48494.55,4155.2125,9,9,25,8,26,22,2.93,70,1891.02,39.200073740972464,311.40000939302416,117.03364885065204,247.08759175632375,2023-05-01,2025-10-06 10:49:24.263,8,8,1,1,1,1,0,1,0,1,1,1,0,0,0,0,0,1,0,1,0,0,0,0,0,0
CUS_0xbe7,8794.49,787.8741666666666,8,10,22,8,13,15,3.68,110,2497.37,29.44184840268157,57.57570190333379,26.864180608442823,284.34753415489007,2023-05-01,2025-10-06 10:49:24.263,16,6,1,1,1,0,0,0,1,1,1,1,0,0,0,0,0,1,0,0,0,0,1,0,0,0
CUS_0x63ec,38992.57,3144.380833333333,3,3,3,0,7,6,4.23,60,1059.46,24.43691780474809,0.0,46.63769000432029,507.80039332901305,2023-05-01,2025-10-06 10:49:24.263,25,5,0,0,0,0,0,0,0,0,0,0,1,0,0,1,0,0,0,0,0,1,0,0,0,0
CUS_0xa005,19627.14,1871.595,4,7,3129,7,24,19,7.83,80,402.54,29.62490242114213,87.23339877172917,242.7627518557647,147.16334937250616,2023-05-01,2025-10-06 10:49:24.263,13,3,0,1,1,1,0,0,1,1,0,1,0,0,0,0,1,0,0,0,0,0,1,0,0,0
CUS_0x72fe,70347.0,5913.25,8,9,31,4,60,22,13.79,80,2589.02,35.14605002654896,207.9665064812684,10000.0,552.0344206290705,2023-05-01,2025-10-06 10:49:24.263,20,8,0,1,0,0,1,0,1,0,1,1,0,0,0,0,0,1,0,0,0,1,0,0,0,0
CUS_0x8acf,163255.64,13397.636666666667,0,4,12,3,3,8,11.22,30,422.76,25.066151087649157,325.0495040327856,1327.1394618523618,1002.4796856533117,2023-05-01,2025-10-06 10:49:24.263,24,5,0,1,0,0,0,0,1,0,0,0,1,0,0,1,0,0,0,0,0,0,0,1,0,0
CUS_0x5aeb,43139.76,3594.98,8,7,27,7,33,17,2.41,120,2449.21,30.14289609827437,169.87616380786562,331.8297402496985,147.7920959424359,2023-05-01,2025-10-06 10:49:24.263,17,10,1,0,0,1,1,1,0,0,1,1,0,0,0,0,0,1,0,0,0,0,1,0,0,0
CUS_0x74fa,33647.34,2804.945,8,5,9,4,19,9,11.07,40,1152.93,31.348973713374768,102.55755588924612,118.99026307131538,308.94668103943843,2023-05-01,2025-10-06 10:49:24.263,24,5,1,0,0,0,1,0,0,0,1,0,0,0,0,0,1,0,0,0,1,0,0,0,0,0
