Customer_ID,Annual_Income,Monthly_Inhand_Salary,Num_Bank_Accounts,Num_Credit_Card,Interest_Rate,Num_of_Loan,Delay_from_due_date,Num_of_Delayed_Payment,Changed_Credit_Limit,Num_Credit_Inquiries,Outstanding_Debt,Credit_Utilization_Ratio,Total_EMI_per_month,Amount_invested_monthly,Monthly_Balance,snapshot_date,_ingested_at_utc,credit_history_age_year,credit_history_age_month,mortgage_loan,auto_loan,credit_builder_loan,personal_loan,not_specified,student_loan,home_equity_loan,payday_loan,debt_consolidation_loan,ohe__payment_of_min_amount__yes,ohe__payment_of_min_amount__no,ohe__payment_of_min_amount__nm,ohe__payment_of_min_amount__unknown,ohe__credit_mix__good,ohe__credit_mix__standard,ohe__credit_mix__bad,ohe__credit_mix__unknown,ohe__payment_behaviour__high_spent_small_value_payments,ohe__payment_behaviour__high_spent_medium_value_payments,ohe__payment_behaviour__high_spent_large_value_payments,ohe__payment_behaviour__low_spent_small_value_payments,ohe__payment_behaviour__low_spent_medium_value_payments,ohe__payment_behaviour__low_spent_large_value_payments,ohe__payment_behaviour__unknown
CUS_0x51c,20785.41,1823.1175,5,4,15,3,14,14,12.03,0,420.31,26.379206228084826,37.36324270494893,117.68349737968072,317.26500991537034,2023-06-01,2025-10-06 10:49:38.539,22,10,0,0,1,1,1,0,0,0,0,1,0,0,0,0,0,0,1,0,0,0,1,0,0,0
CUS_0x9b12,18378.81,1797.5675,6,3,34,7,15,12,11.04,80,1834.98,31.624082443988208,92.85896938815814,78.30843054506315,298.5893500667787,2023-06-01,2025-10-06 10:49:38.539,13,0,1,1,0,1,1,1,0,1,1,1,0,0,0,0,1,0,0,0,0,0,1,0,0,0
CUS_0x9bb9,152078.0,12435.166666666664,0,3,6,0,7,12,2.64,0,316.26,27.734677627827097,5600.0,937.1183031614888,586.3983635051778,2023-06-01,2025-10-06 10:49:38.539,26,4,0,0,0,0,0,0,0,0,0,0,1,0,0,1,0,0,0,0,0,0,0,1,0,0
CUS_0x3e1f,36320.13,3271.6775,7,6,5,4,17,13,6.71,20,759.44,34.48007285128965,106.81307047440716,194.9384143060941,295.4162652194988,2023-06-01,2025-10-06 10:49:38.539,16,3,1,1,0,1,0,0,0,0,1,0,1,0,0,0,1,0,0,0,0,0,0,0,1,0
CUS_0x52b7,53331.48,4255.29,10,5,26,9,64,21,16.23,150,2913.93,26.38668838359882,230.3405623660969,460.05106168110916,25.137375952793946,2023-06-01,2025-10-06 10:49:38.539,2,5,1,1,0,1,0,1,1,0,1,1,0,0,0,0,0,1,0,0,0,0,1,0,0,0
CUS_0x96f7,16544.455,1111.3292225868156,1,3,11,0,13,3404,5.31,10,217.92,32.34303107851738,98.37536074651784,152.24999938633346,258.7204589469999,2023-06-01,2025-10-06 10:49:38.539,24,2,0,0,0,0,0,0,0,0,0,0,1,0,0,1,0,0,0,0,0,0,1,0,0,0
CUS_0xad19,109364.08,9409.673333333334,3,3,16,3,17,8,6.09,50,409.27,29.83004277307231,227.29440822176383,701.212420396818,292.4605047147517,2023-06-01,2025-10-06 10:49:38.539,21,5,1,0,0,1,0,0,0,1,0,1,0,0,0,0,1,0,0,0,0,0,0,1,0,0
CUS_0x69f3,46841.92,3734.493333333333,3,4,13,4,21,19,18.32,50,1483.22,24.41131398519019,149.39035924729075,56.845789515315936,407.2131845707265,2023-06-01,2025-10-06 10:49:38.539,5,9,0,0,0,1,0,1,0,1,1,1,0,0,0,0,0,0,1,0,0,1,0,0,0,0
CUS_0x76d4,36591.25,3115.270833333333,7,5,5,4,17,10,7.12,50,575.21,40.072518427000745,67.41331375213596,131.20191153534572,372.91185804585166,2023-06-01,2025-10-06 10:49:38.539,33,5,0,1,1,0,0,0,1,0,1,0,1,0,0,0,1,0,0,1,0,0,0,0,0,0
CUS_0xa7b6,67845.56,5177.606476855298,3,5,20,4,21,17,19.63,110,1478.49,26.68052092646284,767.6307489444307,741.7565495548217,0.3825579787828133,2023-06-01,2025-10-06 10:49:38.539,19,0,1,1,0,0,0,0,0,1,0,1,0,0,0,0,1,0,0,0,0,0,0,0,0,1
CUS_0x25a5,28941.24,2474.77,3,5,11,4,8,9,8.59,60,562.01,25.766227062134305,74.82176802686344,77.91897950722617,344.73625246591035,2023-06-01,2025-10-06 10:49:38.539,19,11,1,0,1,0,1,1,0,0,0,0,1,0,0,1,0,0,0,0,1,0,0,0,0,0
CUS_0x3102,40612.16,3599.346666666667,3,4,9,0,6,11,5.84,40,314.79,40.16978133465636,0.0,113.71553707543458,496.21912959123216,2023-06-01,2025-10-06 10:49:38.539,26,0,0,0,0,0,0,0,0,0,0,0,1,0,0,1,0,0,0,0,1,0,0,0,0,0
CUS_0x7051,120922.26,10367.855,2,2,4,2,2,2,3.37,60,1169.18,40.94628942122403,126.7274275860904,525.7244402095098,890.3445381981721,2023-06-01,2025-10-06 10:49:38.539,21,6,0,0,0,0,1,0,0,1,0,0,1,0,0,0,0,0,1,0,0,1,0,0,0,0
CUS_0x1a2f,152340.56,12568.046666666669,5,4,8,4,12,12,7.66,60,329.18,37.67519601487619,422.7939489171508,275.5957914893293,798.4149262601868,2023-06-01,2025-10-06 10:49:38.539,26,10,0,0,1,0,0,1,0,0,0,0,0,0,0,0,0,0,1,0,0,1,0,0,0,0
CUS_0x1e91,70793.38,6103.448333333334,5,3,8,1,22,18,9.68,70,138.21,26.706340552446875,51.125511432731706,415.2197852461593,423.99953665444235,2023-06-01,2025-10-06 10:49:38.539,21,3,0,0,1,0,0,0,0,0,0,0,1,0,0,0,0,0,1,0,0,0,0,1,0,0
CUS_0x26d7,21623.465,1776.955416666667,2,4,10,2,8,10,6.65,50,569.26,37.07298788254523,34.33589951918049,66.12125794974452,357.2383841977416,2023-06-01,2025-10-06 10:49:38.539,16,0,0,0,0,0,0,1,0,1,0,0,1,0,0,1,0,0,0,0,0,0,0,1,0,0
CUS_0x3b1f,44103.18,3416.265,3,7,13,4,5,16,11.62,70,2576.96,23.84245844151605,107.4631287792455,357.0094092188359,167.15396200191861,2023-06-01,2025-10-06 10:49:38.539,13,11,0,0,1,0,0,1,1,0,1,1,0,0,0,0,1,0,0,0,0,0,1,0,0,0
CUS_0x1698,9221.875,598.4895833333334,6,5,34,4,40,16,16.48,110,2374.03,35.238512910800594,28.987762624004727,66.92892025117658,253.93227545815205,2023-06-01,2025-10-06 10:49:38.539,16,4,0,1,0,1,1,0,0,0,1,0,0,0,0,0,1,0,0,0,0,0,1,0,0,0
CUS_0x2c22,23625.55,2147.7958333333336,3,3,19,1,6,16,12.37,80,43.28,28.10542756693031,13.171200578006134,26.35360960534912,425.2547731499781,2023-06-01,2025-10-06 10:49:38.539,16,2,0,0,0,1,0,0,0,0,0,0,0,0,0,0,1,0,0,0,1,0,0,0,0,0
CUS_0xa71a,15713.83,1313.4858333333334,7,8,23,2,46,12,14.39,70,2271.53,32.034585992065466,20.30880921277818,28.753350327187146,322.28642379336804,2023-06-01,2025-10-06 10:49:38.539,11,0,0,0,1,0,0,0,1,0,0,1,0,0,0,0,1,0,0,0,0,1,0,0,0,0
CUS_0xaaaf,16173.51,1581.7925,8,6,17,2,18,18,17.59,100,751.55,36.979521595149386,17.761332922721916,20.237370313576022,370.18054676370207,2023-06-01,2025-10-06 10:49:38.539,6,3,1,0,0,0,0,1,0,0,0,1,0,0,0,0,0,0,1,0,1,0,0,0,0,0
CUS_0x2fb8,20134.87,1501.905833333333,6,7,6,2,23,13,12.8,100,126.83,31.57442871662756,26.03636451081027,150.40720314487317,253.74701567764993,2023-06-01,2025-10-06 10:49:38.539,31,5,0,0,1,0,1,0,0,0,0,1,0,0,0,0,1,0,0,0,0,0,0,1,0,0
CUS_0x4d6a,35844.66,2743.0550000000007,7,6,17,4,23,1718,12.07,50,62.16,36.30788140755314,101.1723270853793,130.3823946084735,312.75077830614725,2023-06-01,2025-10-06 10:49:38.539,18,0,0,0,0,0,0,1,0,1,0,1,0,0,0,0,1,0,0,0,0,0,0,0,1,0
CUS_0x5e56,38104.04,3399.336666666666,5,4,7,2,5,5,4.62,0,735.58,41.48212246593712,62.90314246727565,110.12132434055464,397.66300099950166,2023-06-01,2025-10-06 10:49:38.539,17,0,0,0,0,0,0,1,0,0,1,0,1,0,0,0,0,0,1,0,0,0,0,0,0,1
CUS_0x83e,16295.73,1282.9775,10,10,27,4,57,12,19.55,100,2216.62,27.26264489973773,41.27243974593159,171.3417659042907,205.6835443497777,2023-06-01,2025-10-06 10:49:38.539,6,0,1,0,0,0,1,0,0,0,1,1,0,0,0,0,1,0,0,0,0,0,1,0,0,0
CUS_0x864c,43075.97,3481.664166666667,3,5,12,0,4,969,7.81,20,228.63,38.61052697668282,30.306660494686994,28.564146918609772,529.29560925337,2023-06-01,2025-10-06 10:49:38.539,17,4,0,0,0,0,0,0,0,1,0,0,1,0,0,1,0,0,0,0,0,1,0,0,0,0
CUS_0xba16,44288.58,3390.715,10,5,16,8,27,20,4.9,120,1831.88,33.54327402082258,183.92849504518816,270.81538791928705,164.32761703552475,2023-06-01,2025-10-06 10:49:38.539,10,11,0,0,1,1,0,1,0,1,1,1,0,0,0,0,0,1,0,0,0,0,0,0,0,1
CUS_0x6c0f,48331.59,3847.4193946985097,7,9,32,6,55,22,15.7,90,3465.91,37.18200081668758,457.038016509619,10000.0,50.07724775991429,2023-06-01,2025-10-06 10:49:38.539,12,2,0,1,0,0,1,1,0,1,1,1,0,0,0,0,0,1,0,0,0,0,1,0,0,0
CUS_0x85f4,76714.08,6401.84,0,7,11,3,2,2,6.78,30,1126.3,38.09324768705781,101.28372488792051,359.40339026674127,459.49688484533834,2023-06-01,2025-10-06 10:49:38.539,21,9,0,0,0,0,1,0,0,1,0,0,1,0,0,1,0,0,0,0,0,0,0,1,0,0
CUS_0x9122,19773.56,1939.7966666666669,4,3,19,1,14,19,7.31,40,1019.48,25.640076751969204,10.358306585414844,165.0656751646075,288.55568491664434,2023-06-01,2025-10-06 10:49:38.539,23,5,0,0,0,0,0,0,0,0,1,1,0,0,0,0,1,0,0,0,0,0,0,0,1,0
CUS_0x4479,55448.74,4735.7283333333335,7,4,12,1,14,15,18.42,40,1450.89,31.11562752445753,30.184092088645464,185.42861370908082,517.9601275356072,2023-06-01,2025-10-06 10:49:38.539,33,0,0,0,1,0,0,0,0,0,0,0,1,0,0,0,1,0,0,1,0,0,0,0,0,0
CUS_0x5a77,28716.0,2569.0,7,10,16,5,56,25,9.06,120,3530.81,34.98816284523768,90.72796186941385,23.096020397776268,368.44638133552,2023-06-01,2025-10-06 10:49:38.539,8,0,0,0,0,1,0,1,0,0,1,1,0,0,0,0,0,1,0,0,0,1,0,0,0,0
CUS_0xb15c,16465.64,1672.1366666666663,5,6,5,2,15,15,8.56,0,885.35,35.30780241723809,26.10407861425511,142.7354364863728,278.37415156603873,2023-06-01,2025-10-06 10:49:38.539,15,9,1,1,0,0,0,0,0,0,0,1,0,0,0,0,1,0,0,0,0,0,0,1,0,0
CUS_0x250b,91018.76,7746.896666666666,4,7,11,2,16,15,0.0,40,666.9,39.27750421295109,118.69415709310042,228.08264903821708,677.9128605353491,2023-06-01,2025-10-06 10:49:38.539,23,10,0,0,1,1,0,0,0,0,0,0,1,0,0,1,0,0,0,0,1,0,0,0,0,0
CUS_0x25a4,63761.19,5143.4325,4,3,1,2,12,19,10.29,30,1448.2,35.75768141705046,100.89958449083136,123.8244767257948,549.6191887833738,2023-06-01,2025-10-06 10:49:38.539,22,11,0,0,1,0,0,0,1,0,0,0,0,0,0,0,0,0,1,1,0,0,0,0,0,0
CUS_0x74f7,112331.04,9247.92,4,4,8,1,6,12,17.82,10,1311.0,44.477570568752185,89.81788199720677,95.36374520622114,979.6103727965723,2023-06-01,2025-10-06 10:49:38.539,29,11,0,0,0,0,0,0,1,0,0,0,1,0,0,1,0,0,0,0,0,1,0,0,0,0
CUS_0x3331,52243.56,4432.63,4,7,27,0,12,15,8.06,120,2584.55,41.30463189933933,126.44266622107696,62.209826069624846,504.6105077092983,2023-06-01,2025-10-06 10:49:38.539,13,0,0,1,1,1,1,0,0,1,0,1,0,0,0,0,1,0,0,0,1,0,0,0,0,0
CUS_0x3a3f,9743.51,829.9591666666665,4,7,8,2,30,19,11.82,0,142.19,39.229587441445815,16.041676774523573,40.64481623456203,306.30942365758114,2023-06-01,2025-10-06 10:49:38.539,24,5,1,0,0,1,0,0,0,0,0,0,1,0,0,0,1,0,0,0,0,0,0,0,0,1
CUS_0x87fe,32411.63,2752.9691666666668,8,7,4456,2,6,20,6.78,50,313.97,36.44529316755542,27.84830407199534,149.15852867727617,358.2900839173952,2023-06-01,2025-10-06 10:49:38.539,17,5,1,0,0,1,0,0,0,0,0,0,1,0,0,0,1,0,0,1,0,0,0,0,0,0
CUS_0x2ab3,35891.33,2936.170716915569,5,4,9,3,30,13,0.0,50,638.27,34.55822549213075,240.3940367005647,264.55400518597753,268.61982453122243,2023-06-01,2025-10-06 10:49:38.539,8,5,1,0,1,0,0,0,0,0,0,1,0,0,0,0,1,0,0,0,0,0,0,1,0,0
CUS_0x6b50,103049.46,8408.455,4,6,6,3,23,5,9.46,50,849.98,35.46268622672379,255.2077858106894,10000.0,675.7466991766026,2023-06-01,2025-10-06 10:49:38.539,18,5,0,0,1,0,1,0,1,0,0,0,1,0,0,0,0,0,1,1,0,0,0,0,0,0
CUS_0x7e24,49854.92,4216.576666666667,8,3,17,3,17,18,8.07,50,1044.78,38.21382709715776,62.83164834944265,61.56006578889553,547.2659525283285,2023-06-01,2025-10-06 10:49:38.539,18,2,0,1,0,0,0,0,1,0,1,1,0,0,0,0,1,0,0,0,0,0,0,0,0,1
CUS_0xa7cd,18290.89,1228.2408333333333,8,4,14,1,27,15,0.16000000000000014,30,527.37,22.216788423413877,12.796158289802731,150.02113973757415,323.4494391289561,2023-06-01,2025-10-06 10:49:38.539,31,3,0,0,0,0,0,0,0,1,0,1,0,0,0,0,0,0,1,0,0,0,0,0,1,0
CUS_0xb395,77020.76,6156.3966666666665,0,3,10,2,15,9,8.76,10,380.09,31.34442288511601,92.21433911238694,627.4585213385266,175.96680621575317,2023-06-01,2025-10-06 10:49:38.539,32,0,0,1,0,1,0,0,0,0,0,0,1,0,0,0,0,0,1,0,0,0,0,1,0,0
CUS_0xbce0,98828.92,8505.743333333334,5,7,7,0,5,7,12.2,50,821.41,32.626473269045924,0.0,850.607142693977,289.96719063935643,2023-06-01,2025-10-06 10:49:38.539,31,9,0,0,0,0,0,0,0,0,0,1,0,0,0,0,1,0,0,0,0,0,1,0,0,0
CUS_0x61e4,14013.165,900.76375,2,3,4,4,0,5,10.36,60,1404.11,27.82827642244693,38.42009021794846,46.011933958042185,295.64435082400934,2023-06-01,2025-10-06 10:49:38.539,20,5,0,0,0,1,0,0,1,0,1,0,1,0,0,1,0,0,0,0,0,0,1,0,0,0
CUS_0x5c3c,43516.38,3635.365,8,5,18,3,12,11,2.02,70,217.57,38.449407805219344,102.91660742765444,10000.0,463.5191103893993,2023-06-01,2025-10-06 10:49:38.539,27,5,0,1,0,0,1,0,0,0,1,0,1,0,0,0,0,0,1,0,1,0,0,0,0,0
CUS_0x96c,15274.54,1001.2300637627424,7,237,15,5,49,24,7.98,160,1628.88,31.44408608321743,110.03948470691064,99.37857420299305,262.81804399402057,2023-06-01,2025-10-06 10:49:38.539,10,2,0,0,0,1,0,0,1,0,1,1,0,0,0,0,0,1,0,0,0,0,0,0,0,1
CUS_0xafd5,28193.38,2643.4483333333333,6,3,2,4,35,20,2.92,40,1099.7,23.39924359531681,93.37869416368476,38.409825182979155,372.5563139866694,2023-06-01,2025-10-06 10:49:38.539,17,0,0,0,1,0,1,1,0,0,0,0,1,0,0,0,1,0,0,0,0,1,0,0,0,0
CUS_0xc726,44986.31,3663.926314538335,2,6,5,3,7,14,10.77,20,1428.41,27.07712598264896,333.575363853489,94.5296664303022,476.4137385112072,2023-06-01,2025-10-06 10:49:38.539,16,2,0,0,1,0,0,1,0,1,0,0,1,0,0,1,0,0,0,0,1,0,0,0,0,0
CUS_0x663e,18670.98,1553.915,5,5,14,4,25,17,15.92,110,1397.21,31.899839161442053,32.44445434920059,61.21789520887417,311.72915044192524,2023-06-01,2025-10-06 10:49:38.539,10,11,0,0,0,0,0,0,0,1,1,1,0,0,0,0,1,0,0,0,1,0,0,0,0,0
CUS_0x70b,109945.32,9287.11,8,3,11,0,29,14,4.31,30,480.83,39.10133916351586,0.0,214.1441948641539,964.5668051358463,2023-06-01,2025-10-06 10:49:38.539,21,4,0,0,0,0,0,0,0,0,0,0,1,0,0,0,1,0,0,0,1,0,0,0,0,0
CUS_0x94e1,33531.19,2930.265833333333,7,3,10,2,12,17,2.75,40,787.39,34.264698159863805,35.33500711126761,103.51094664016522,404.18062958190046,2023-06-01,2025-10-06 10:49:38.539,28,3,0,0,0,1,0,0,1,0,0,0,1,0,0,1,0,0,0,0,1,0,0,0,0,0
CUS_0x242b,41754.92,3679.5766666666655,6,9,23,5,44,15,2.460000000000001,70,1479.37,38.5982358638036,131.1994692530714,112.7604032819672,373.99779413162804,2023-06-01,2025-10-06 10:49:38.539,12,10,0,0,0,1,1,0,0,0,1,1,0,0,0,0,0,1,0,0,1,0,0,0,0,0
CUS_0x632c,101978.19,8422.1825,5,7,2,4,4,2,9.42,30,1361.83,29.79306241232211,210.1496116915177,843.5050573931405,68.56358091534184,2023-06-01,2025-10-06 10:49:38.539,30,4,0,0,1,0,1,0,1,0,0,0,1,0,0,1,0,0,0,0,0,0,0,1,0,0
CUS_0xb6a5,71633.48,5783.456666666666,5,4,3,0,10,4,9.18,60,157.93,27.41192501929482,0.0,774.4917137315608,93.85395293510578,2023-06-01,2025-10-06 10:49:38.539,33,2,0,0,0,0,0,0,0,0,0,0,1,0,0,1,0,0,0,0,0,0,1,0,0,0
CUS_0x1329,160573.56,13293.13,1,2,8,1,12,3,2.01,40,551.26,38.73971091731583,121.17893736436994,386.78410634098816,1071.349956294642,2023-06-01,2025-10-06 10:49:38.539,19,10,1,0,0,0,0,0,0,0,0,0,1,0,0,1,0,0,0,0,1,0,0,0,0,0
CUS_0x1ca9,128585.52,10674.46,4,4,7,1,22,11,7.32,60,1000.37,35.321886789100965,73.48567886971293,257.8548933707819,976.1054277595053,2023-06-01,2025-10-06 10:49:38.539,22,0,0,0,0,0,0,1,0,0,0,0,1,0,0,1,0,0,0,0,0,1,0,0,0,0
CUS_0x4d61,33749.25,2640.4375,5,7,3,2,20,13,5.16,30,753.63,35.930434371437194,41.832060318555534,20.81343949629324,441.3982501851512,2023-06-01,2025-10-06 10:49:38.539,25,3,0,0,0,0,0,0,1,0,0,0,1,0,0,0,0,0,1,0,0,1,0,0,0,0
CUS_0x84e7,169229.44,13892.453333333331,2,4,11,4,11,4,10.36,40,708.42,29.621049618614027,305.07430979167685,395.891979676349,958.2790438653076,2023-06-01,2025-10-06 10:49:38.539,26,6,0,0,0,1,0,1,0,1,0,0,1,0,0,1,0,0,0,0,0,0,0,0,1,0
CUS_0x54d6,107591.79,8769.9825,5,4,5,4,9,7,6.84,20,10.54,27.90877572334775,263.0933660337967,65.13639803502592,788.7684859311777,2023-06-01,2025-10-06 10:49:38.539,26,0,1,0,0,1,1,0,0,0,0,0,1,0,0,1,0,0,0,0,0,1,0,0,0,0
CUS_0xbfa1,94525.68,6841.420287110324,7,4,8,0,9,17,6.65,460,426.31,34.553853961307865,1113.7197128896746,10000.0,899.9394966460918,2023-06-01,2025-10-06 10:49:38.539,23,5,0,0,0,0,0,0,0,0,0,0,1,0,0,1,0,0,0,0,1,0,0,0,0,0
CUS_0xd51,71368.6,5844.383333333334,6,3,6,0,19,12,10.88,110,1161.1,40.34345710033181,0.0,130.9428824017877,703.4954509315457,2023-06-01,2025-10-06 10:49:38.539,28,2,0,0,0,0,0,0,0,0,0,1,0,0,0,0,0,0,1,0,1,0,0,0,0,0
CUS_0xfe5,96960.21,7934.017499999999,6,4,8,0,24,12,6.52,60,1144.73,37.010427784065314,0.0,180.7197022369083,852.6820477630915,2023-06-01,2025-10-06 10:49:38.539,22,5,0,0,0,0,0,0,0,0,0,0,1,0,0,0,1,0,0,0,0,1,0,0,0,0
CUS_0x1156,10060.015,1103.3345833333333,3,9,17,6,18,12,9.29,150,1971.81,26.65609993818429,32.28432276915212,72.27556199955825,265.773573564623,2023-06-01,2025-10-06 10:49:38.539,10,10,0,0,0,0,1,1,1,1,1,1,0,0,0,0,1,0,0,1,0,0,0,0,0,0
CUS_0x142f,17250.52,1682.543333333333,1,6,10,3,15,5,4.86,10,1308.31,24.91900237018997,24.325882300597872,132.80717848131528,281.1212725514202,2023-06-01,2025-10-06 10:49:38.539,30,1,1,0,0,1,0,0,0,1,0,0,1,0,0,0,0,0,1,0,0,0,0,0,1,0
CUS_0x2a60,19042.82,1635.9016666666666,6,5,18,1,12,15,3.12,10,659.68,29.424621418179164,10.90877618998949,68.62950011663314,374.0518903600441,2023-06-01,2025-10-06 10:49:38.539,24,4,0,0,0,0,1,0,0,0,0,0,1,0,0,0,1,0,0,0,0,0,1,0,0,0
CUS_0x55f4,28762.68,2281.89,7,6,10,0,23,12,8.23,10,1391.77,39.01966311479884,0.0,45.075027432664356,443.1139725673357,2023-06-01,2025-10-06 10:49:38.539,31,11,0,0,0,0,0,0,0,0,0,1,0,0,0,0,1,0,0,1,0,0,0,0,0,0
CUS_0x8a4b,110786.63999999998,9299.22,5,7,5,3,12,15,8.68,20,226.7,24.582893836113247,209.314506964946,925.1677802095477,85.43971282550626,2023-06-01,2025-10-06 10:49:38.539,24,11,0,1,0,1,0,0,0,1,0,1,0,0,0,0,1,0,0,0,0,0,1,0,0,0
CUS_0x8b99,32260.97,2301.803552217548,1,4,2,3,13,7,4.7,40,1016.08,32.81182929475825,190.4936988261593,93.81991509024193,341.9384171993845,2023-06-01,2025-10-06 10:49:38.539,31,10,0,0,0,0,1,1,0,0,0,0,0,0,0,1,0,0,0,0,0,0,0,0,1,0
CUS_0x97d,8940.905,985.556904437737,7,9,18,6,34,25,16.84,90,2558.29,26.28694350252624,40.09764912228525,79.31821777495065,274.11018699836046,2023-06-01,2025-10-06 10:49:38.539,4,8,0,0,1,0,1,1,1,0,0,1,0,0,0,0,0,1,0,0,0,0,1,0,0,0
CUS_0x9e9d,19125.48,1573.79,10,7,31,6,31,13,12.75,130,1386.79,28.65134673759005,57.88700145005472,75.57120334250374,303.9207952074416,2023-06-01,2025-10-06 10:49:38.539,6,3,1,0,0,0,1,1,1,1,1,0,0,0,0,0,1,0,0,0,0,0,0,1,0,0
CUS_0x1bbb,13164.265,1034.0220833333333,6,4,8,7,27,15,15.24,60,697.28,26.578930377054853,64.61912691766695,69.66533284780692,259.1177485678594,2023-06-01,2025-10-06 10:49:38.539,12,0,0,0,1,1,0,0,1,0,1,1,0,0,0,0,1,0,0,0,0,0,1,0,0,0
CUS_0x6bb5,141477.56,12012.796666666669,2,1,3,1,14,8,1.39,20,202.48,41.10905417268528,66.25911890491606,824.5129224932929,590.5076252684579,2023-06-01,2025-10-06 10:49:38.539,15,8,0,0,1,0,0,0,0,0,0,0,1,0,0,1,0,0,0,0,0,0,0,1,0,0
CUS_0xb240,102927.08,8130.152481107366,7,3,5,2,9,13,0.73,50,1388.93,24.2911206186358,718.0966454156265,829.8709208184179,211.76228599192257,2023-06-01,2025-10-06 10:49:38.539,21,9,0,0,0,1,0,0,0,1,0,1,0,0,0,0,0,0,1,0,0,0,0,1,0,0
CUS_0x224f,34176.53,2584.0441666666666,6,4,8,1,18,10,4.95,40,952.29,40.30316772153908,15.144490935478732,85.139047294366,408.12087843682195,2023-06-01,2025-10-06 10:49:38.539,24,7,1,0,0,0,0,0,0,0,0,0,1,0,0,0,0,0,1,0,1,0,0,0,0,0
CUS_0x2cdf,8312.495,893.7079166666667,6,4,12,4,20,17,7.71,120,1803.31,23.67763009481194,20.156251743535734,80.4044801025593,278.81005982057167,2023-06-01,2025-10-06 10:49:38.539,13,2,0,0,1,0,0,1,0,1,0,1,0,0,0,0,1,0,0,0,0,0,1,0,0,0
CUS_0x31eb,35991.91,2920.325833333334,3,4,3,3,9,2,4.84,30,792.73,30.09349627232385,60.50607215872269,353.91852822262774,167.607982951983,2023-06-01,2025-10-06 10:49:38.539,17,0,0,1,0,0,0,0,1,1,0,0,1,0,0,1,0,0,0,0,0,0,1,0,0,0
CUS_0x41a,27759.32,2419.276666666666,8,6,9,0,16,4293,8.35,50,245.3,27.934811344755865,15.548726339025675,272.5727104474335,243.80622988020747,2023-06-01,2025-10-06 10:49:38.539,24,4,0,0,0,0,0,0,0,1,0,0,1,0,0,0,1,0,0,0,0,0,1,0,0,0
CUS_0x6733,14914.25,1510.854166666667,10,10,32,7,42,19,23.02,130,3313.55,32.642930002176435,67.51166302143089,40.31984571489895,303.2539079303368,2023-06-01,2025-10-06 10:49:38.539,10,4,0,0,1,0,1,1,1,1,0,1,0,0,0,0,0,1,0,1,0,0,0,0,0,0
CUS_0x69b1,41481.82,3526.009912076317,1,3,4,3,9,4,11.68,20,650.2,32.909667898956926,175.42723283660786,121.41915323267145,415.84386852106974,2023-06-01,2025-10-06 10:49:38.539,20,2,0,0,1,0,1,0,0,0,1,0,0,0,0,1,0,0,0,0,0,0,0,0,0,1
CUS_0x8945,8453.49,977.4575,9,7,18,5,32,17,1.52,100,2314.96,28.04503414269245,29.23641588739789,31.483658473443626,317.0256756391585,2023-06-01,2025-10-06 10:49:38.539,15,11,0,1,0,1,0,0,0,1,1,1,0,0,0,0,0,0,1,0,0,0,0,1,0,0
CUS_0xaed6,16096.54,1253.378333333333,3,4,13,1,9,11,11.84,30,927.98,27.96402459477605,12.567580598415056,31.694330619528817,341.07592211538946,2023-06-01,2025-10-06 10:49:38.539,28,4,0,0,1,0,0,0,0,0,0,1,0,0,0,0,1,0,0,1,0,0,0,0,0,0
CUS_0xbb7e,14515.84,1123.6533333333334,6,5,5,3,23,17,14.36,50,1470.11,39.700181654700906,34.86780130019553,145.52038375747472,221.9771482756631,2023-06-01,2025-10-06 10:49:38.539,8,8,1,0,0,0,1,0,0,0,1,1,0,0,0,0,0,0,1,0,0,0,1,0,0,0
CUS_0x5b92,66190.34,5478.861666666667,4,4,418,0,23,17,6.4,10,557.57,23.37670040191629,0.0,668.3384435252814,169.54772314138532,2023-06-01,2025-10-06 10:49:38.539,32,4,0,0,0,0,0,0,0,0,0,0,0,0,0,1,0,0,0,0,0,0,1,0,0,0
CUS_0x77ca,40031.94,3473.995000000001,7,6,20,6,27,12,19.06,90,328.83,40.75920700128178,180.63478287370503,108.55459196677198,308.210125159523,2023-06-01,2025-10-06 10:49:38.539,18,9,1,0,1,1,1,0,0,0,0,1,0,0,0,0,0,0,1,0,1,0,0,0,0,0
CUS_0xd83,19310.62,1463.0931384422138,9,6,34,5,47,10,12.87,100,1306.08,25.61167290869783,238.4902910036012,10000.0,283.98976582702164,2023-06-01,2025-10-06 10:49:38.539,10,3,1,1,0,0,0,1,0,1,1,1,0,0,0,0,1,0,0,0,1,0,0,0,0,0
CUS_0x5275,40027.94,3462.661666666667,6,7,18,0,5,12,15.99,160,2429.76,27.56535702848045,78.11723559893855,313.8676444836853,224.2812865840429,2023-06-01,2025-10-06 10:49:38.539,11,3,1,1,0,0,0,0,1,1,0,1,0,0,0,0,1,0,0,0,0,0,0,0,1,0
CUS_0x33bf,155673.16,13044.763333333334,3,6,3,2,20,6,2.59,40,1198.23,32.873157448718054,185.04985635576423,173.0915889346344,1100.4831977960175,2023-06-01,2025-10-06 10:49:38.539,26,5,0,1,0,0,0,0,0,0,1,0,1,0,0,1,0,0,0,0,0,1,0,0,0,0
CUS_0xa328,29948.76,2398.73,4,3,4043,2,23,18,19.96,110,2438.57,32.39360388919189,49.1063879341142,197.6379449231043,263.12866714278147,2023-06-01,2025-10-06 10:49:38.539,16,4,0,0,0,0,0,0,0,1,0,1,0,0,0,0,1,0,0,0,0,0,0,0,1,0
CUS_0xbaa6,8102.765,467.23041666666666,6,8,15,420,30,21,26.54,130,2750.88,36.68120076895339,29.49326117086453,13.475767637317471,244.8900288856036,2023-06-01,2025-10-06 10:49:38.539,10,9,0,1,1,0,1,1,0,1,1,1,0,0,0,0,0,1,0,0,0,0,1,0,0,0
CUS_0x93af,35221.43,3156.119166666667,5,3,1,4,24,2,3.66,10,624.7,35.15054641110833,110.03858262557188,152.2924997190511,333.2808343220438,2023-06-01,2025-10-06 10:49:38.539,29,4,1,0,1,1,0,0,1,0,0,0,1,0,0,1,0,0,0,0,0,0,0,1,0,0
CUS_0x94ac,7765.195,817.0995833333333,9,5,23,6,40,25,30.64,100,4071.68,35.17321446738044,36.70242352386978,81.95778364994044,243.04975115952308,2023-06-01,2025-10-06 10:49:38.539,4,11,0,0,0,1,0,1,1,0,1,1,0,0,0,0,0,0,1,0,0,0,0,1,0,0
CUS_0xc3c7,41153.9,3322.491666666667,5,3,10,2,11,8,8.24,40,852.74,39.1642692471894,42.98560342428336,116.3485978249685,442.91496541741486,2023-06-01,2025-10-06 10:49:38.539,26,6,0,0,0,1,0,0,0,1,0,0,1,0,0,1,0,0,0,0,0,0,0,0,1,0
CUS_0x1810,57651.98,4702.979023236544,4,5,7,3,15,3,6.17,30,568.45,25.92319315383484,500.1088093066112,270.0629083086341,366.41409248154434,2023-06-01,2025-10-06 10:49:38.539,30,4,1,0,0,0,1,0,0,0,0,0,1,0,0,1,0,0,0,0,0,0,0,0,0,1
CUS_0x1ec4,22853.37,1708.4475,6,3,12,0,29,20,6.68,20,423.83,28.18482014570024,12.319784549347451,28.027127957882985,380.49783749276963,2023-06-01,2025-10-06 10:49:38.539,20,0,0,0,0,0,1,0,0,0,0,1,0,0,0,0,1,0,0,0,1,0,0,0,0,0
CUS_0x5707,15382.875,1522.90625,1,7,3,3,8,10,3.98,80,893.47,32.49765851192882,23.907554228790627,75.07711329026688,323.3059574809425,2023-06-01,2025-10-06 10:49:38.539,20,5,0,0,0,1,1,0,0,1,0,0,1,0,0,1,0,0,0,0,0,0,0,0,1,0
CUS_0x6dc9,17171.56,1204.9633333333334,6,3,16,3,15,17,16.25,80,146.6,40.03588927960628,27.0538731649946,47.06704142079311,336.3754187475456,2023-06-01,2025-10-06 10:49:38.539,9,3,1,0,0,0,0,1,1,0,0,1,0,0,0,0,1,0,0,0,0,0,0,0,0,1
CUS_0x913e,109901.58,9423.465,2,4,9,2,6,6,1.3499999999999996,0,932.25,31.424029703717014,132.49041184061517,83.62534880795795,966.230739351427,2023-06-01,2025-10-06 10:49:38.539,23,6,0,0,0,1,0,0,0,0,1,0,1,0,0,1,0,0,0,0,0,1,0,0,0,0
CUS_0x337f,67712.26,5480.6883333333335,5,2,11,1,10,10,7.35,60,625.53,32.01801356839014,30.705226046636497,234.3204433063098,553.0431639803869,2023-06-01,2025-10-06 10:49:38.539,16,5,0,0,1,0,0,0,0,0,0,0,1,0,0,1,0,0,0,0,0,0,0,0,1,0
CUS_0x69d9,72389.88,6020.490000000002,4,4,15,4,30,13,12.11,40,1144.45,37.35814985467361,144.7824118564135,77.41174472844347,619.8548434151431,2023-06-01,2025-10-06 10:49:38.539,5,10,1,0,0,1,0,0,0,1,1,1,0,0,0,0,1,0,0,0,0,1,0,0,0,0
CUS_0x2617,179072.36,15136.696666666665,2,2,5,4,7,14,8.82,30,269.2,26.97147970781974,457.5856833631362,1977.326102249349,329.48559341475965,2023-06-01,2025-10-06 10:49:38.539,17,2,1,1,0,1,0,0,1,0,0,0,1,0,0,1,0,0,0,0,0,0,1,0,0,0
CUS_0x119e,63601.48,5400.123333333334,3,7,15,6,26,13,19.49,60,1191.91,25.704061995632163,184.6916345620093,121.51704235490244,473.8036564164217,2023-06-01,2025-10-06 10:49:38.539,19,9,1,1,0,0,1,1,1,0,0,1,0,0,0,0,1,0,0,0,0,1,0,0,0,0
CUS_0x4375,43594.55,3778.879166666667,1,3,2,2,4,2,1.62,20,1231.5,26.944389057347284,51.23168951604013,110.470720042022,476.18550710860467,2023-06-01,2025-10-06 10:49:38.539,28,4,0,0,0,0,0,0,1,0,1,0,1,0,0,1,0,0,0,1,0,0,0,0,0,0
CUS_0x4721,38392.96,3031.413333333333,8,10,26,2,41,20,7.88,100,1305.12,25.552603579678987,46.9182793933641,168.91159365361318,347.31146028635595,2023-06-01,2025-10-06 10:49:38.539,16,0,0,0,0,1,0,1,0,0,0,1,0,0,0,0,0,1,0,1,0,0,0,0,0,0
CUS_0x70d5,63197.26,5042.4383333333335,6,3,13,3,16,12,13.43,120,1435.94,40.22106487538601,148.4745434381061,190.20578372141358,455.5635061738137,2023-06-01,2025-10-06 10:49:38.539,24,2,0,0,0,0,0,1,0,0,1,1,0,0,0,0,1,0,0,0,0,0,1,0,0,0
CUS_0x7b66,57683.19,4729.9325,7,10,16,6,42,18,3.31,120,2188.22,28.86267624973589,250.0816702834513,190.4032873603616,282.50829235618716,2023-06-01,2025-10-06 10:49:38.539,13,0,0,0,0,1,1,1,0,0,1,1,0,0,0,0,0,1,0,0,1,0,0,0,0,0
CUS_0x128e,20232.11,1918.009166666667,5,3,6,5,9,20,15.86,70,1104.6,29.79703171752677,48.65776554649244,126.78796942885471,286.3551816913196,2023-06-01,2025-10-06 10:49:38.539,9,4,1,1,0,0,1,0,0,1,0,1,0,0,0,0,1,0,0,0,0,0,0,0,1,0
CUS_0x1766,17849.0,1490.416666666667,6,6,15,7,15,24,22.44,150,4522.59,29.685651754183308,88.00557838056602,187.0008694998341,164.03521878626657,2023-06-01,2025-10-06 10:49:38.539,10,5,0,0,0,1,1,0,1,1,1,1,0,0,0,0,0,1,0,0,0,0,1,0,0,0
CUS_0x8ea8,29616.72,2187.06,2,1,3,2,15,4,5.83,70,189.92,25.802972387908387,27.904323425239664,199.90030092045174,260.9013756543086,2023-06-01,2025-10-06 10:49:38.539,20,4,0,1,0,0,0,0,1,0,0,0,1,0,0,1,0,0,0,0,0,0,0,0,1,0
CUS_0xc59f,25631.48,2058.9566666666665,3,4,12,3,21,16,8.74,120,203.18,37.01380034661023,55.674999684705,54.52744762316117,355.6932193588005,2023-06-01,2025-10-06 10:49:38.539,9,7,0,0,0,1,1,0,1,0,0,1,0,0,0,0,0,0,1,1,0,0,0,0,0,0
CUS_0x1de3,16234.66,1084.888333333333,10,5,21,7,22,18,3.0600000000000005,150,2466.78,27.985255618056016,77.07021574812622,108.8496996163028,212.56891796890432,2023-06-01,2025-10-06 10:49:38.539,9,8,1,0,0,1,1,0,1,1,1,1,0,0,0,0,0,1,0,0,0,0,1,0,0,0
CUS_0x1e52,67059.18,5398.264999999999,8,6,18,4,19,18,11.57,80,255.76,31.988041524005183,167.12399949917537,321.86893042796225,174.7057842012004,2023-06-01,2025-10-06 10:49:38.539,6,3,0,1,0,0,0,0,0,1,1,1,0,0,0,0,1,0,0,0,0,0,0,0,1,0
CUS_0x64c8,52032.16,4116.013333333333,3,3,5,1,8,13,11.32,60,1255.37,34.57981615093722,33.30013996302466,66.36458062372051,551.9366127465881,2023-06-01,2025-10-06 10:49:38.539,31,5,0,0,0,1,0,0,0,0,0,0,1,0,0,0,1,0,0,0,0,1,0,0,0,0
CUS_0x3fbf,27796.42,2300.3683333333333,6,5,16,2,18,11,10.85,100,1073.94,33.9884417729958,36.06763128414976,56.36788662920443,387.6013154199792,2023-06-01,2025-10-06 10:49:38.539,27,8,0,0,0,0,0,1,1,0,0,0,0,0,0,0,1,0,0,0,0,0,0,0,0,1
CUS_0x74e7,60576.72,4876.860689559288,8,5,20,9,55,21,1.68,70,2061.17,38.67149040966186,565.2012173317515,34.90779661266624,451.1962964962949,2023-06-01,2025-10-06 10:49:38.539,14,9,0,1,1,0,1,1,0,1,1,1,0,0,0,0,0,0,1,0,0,1,0,0,0,0
CUS_0x8f4,27525.02,2239.7516666666666,6,6,6,0,24,19,17.92,20,999.12,27.331822003313285,0.0,92.01887944515572,381.9562872215109,2023-06-01,2025-10-06 10:49:38.539,23,8,0,0,0,0,0,0,0,0,0,1,0,0,0,0,1,0,0,0,1,0,0,0,0,0
CUS_0x974a,52949.06999999999,4465.4225,5,3,20,2,24,12,9.89,70,1590.87,28.732350633770363,82.91462287682882,72.78629506553963,530.8413320576316,2023-06-01,2025-10-06 10:49:38.539,19,9,0,0,0,0,1,0,0,1,0,1,0,0,0,0,1,0,0,0,0,1,0,0,0,0
CUS_0x2997,64514.31,5353.1925,7,6,14,3,32,8,12.88,120,374.51,37.21220851457983,98.00331866632412,90.86337817913723,596.4525531545387,2023-06-01,2025-10-06 10:49:38.539,18,5,0,0,0,0,0,1,0,1,1,1,0,0,0,0,1,0,0,0,1,0,0,0,0,0
CUS_0x3169,31287.48,2858.29,10,5,22,8,36,22,19.93,60,4712.1,23.846894347202287,129.49846650381724,50.36966254834528,345.9608709478375,2023-06-01,2025-10-06 10:49:38.539,7,6,1,0,1,1,1,1,1,0,0,1,0,0,0,0,0,1,0,0,0,1,0,0,0,0
CUS_0x663b,81815.02,6884.918333333334,0,5,4,1,6,2,5.18,50,1434.75,35.86704595179417,53.92778550328615,148.15532141364315,726.4087264164043,2023-06-01,2025-10-06 10:49:38.539,33,5,1,0,0,0,0,0,0,0,0,0,1,0,0,1,0,0,0,0,0,1,0,0,0,0
CUS_0x913a,1.2141519E7,5030.591666666666,2,1,4,4,15,3,8.22,0,401.33,37.527292273460816,190.4408281878055,484.8273094057785,375.3985480413704,2023-06-01,2025-10-06 10:49:38.539,30,2,0,0,0,0,1,0,1,0,0,0,1,0,0,1,0,0,0,0,1,0,0,0,0,0
CUS_0xb168,39323.54,3160.961666666666,4,1,10,3,6,9,10.67,20820,806.06,38.357436241225855,81.21272918145134,79.4827730472666,425.4006644379488,2023-06-01,2025-10-06 10:49:38.539,32,4,0,0,1,0,1,0,0,0,0,0,1,0,0,1,0,0,0,0,0,0,0,0,0,1
CUS_0x1154,7645.095,632.0912500000002,9,9,19,5,42,18,21.14,100,2869.83,24.63934637515448,17.487851054475886,48.62391275641062,287.0973611891135,2023-06-01,2025-10-06 10:49:38.539,12,2,0,0,1,0,0,0,0,1,0,1,0,0,0,0,0,1,0,0,0,0,1,0,0,0
CUS_0x7a73,17075.22,1538.9350000000004,7,6,23,5,26,18,22.67,110,3593.36,31.93514575980297,57.60755548793222,128.70136551941818,257.5845789926496,2023-06-01,2025-10-06 10:49:38.539,11,9,1,0,1,1,1,0,0,1,0,0,0,0,0,0,0,1,0,0,0,0,0,0,0,1
CUS_0x958b,57700.16,4864.346666666667,8,11,22,5,59,21,16.2,11790,1728.05,24.919243787368025,221.7632779608531,10000.0,446.7448842837021,2023-06-01,2025-10-06 10:49:38.539,19,0,1,1,0,0,1,0,1,1,0,1,0,0,0,0,0,1,0,0,0,0,1,0,0,0
CUS_0xf30,81610.44,6509.87,6,3,14,1,10,13,12.91,100,1192.53,27.09629493835888,56.98919005365421,654.731929571674,219.26588037467198,2023-06-01,2025-10-06 10:49:38.539,25,10,0,0,0,0,0,1,0,0,0,1,0,0,0,0,1,0,0,0,0,0,0,1,0,0
CUS_0xb8f6,70943.86,5981.988333333334,1155,4,12,1,15,16,13.14,60,326.61,34.77011705730348,39.690753621017095,391.8034620017346,436.70461771058166,2023-06-01,2025-10-06 10:49:38.539,32,4,0,0,0,1,0,0,0,0,0,1,0,0,0,0,1,0,0,0,0,0,0,0,1,0
CUS_0x4a0a,17568.98,1718.081666666667,7,6,27,8,44,20,28.09,90,2551.73,36.9588106659488,100.4203361560985,20.40409712455282,290.98373338601533,2023-06-01,2025-10-06 10:49:38.539,10,10,1,1,0,1,1,0,1,1,1,1,0,0,0,0,0,0,1,0,0,1,0,0,0,0
CUS_0xb030,33133.71,2679.1425,6,5,6,2,14,20,12.79,60,1406.81,34.10257433090077,28.14558100214788,99.17719799784322,410.5914710000088,2023-06-01,2025-10-06 10:49:38.539,12,2,0,1,1,0,0,0,0,0,0,1,0,0,0,0,1,0,0,0,0,0,0,0,1,0
CUS_0x1c1a,34144.14,3029.345,4,3,15,7,27,11,16.5,120,203.04,31.99745436931465,134.81392230667132,57.8976173010735,370.2229603922552,2023-06-01,2025-10-06 10:49:38.539,5,8,0,0,0,1,1,0,1,0,0,1,0,0,0,0,0,0,1,1,0,0,0,0,0,0
CUS_0x48ac,20474.14,1587.178333333333,7,1104,32,7,40,24,8.58,60,2181.21,32.283845676543315,37627.0,111.7926228127676,238.26310739027443,2023-06-01,2025-10-06 10:49:38.539,19,8,0,0,1,1,0,1,1,0,0,1,0,0,0,0,0,1,0,0,0,0,1,0,0,0
CUS_0x8b0c,9635.555,1034.9629166666666,10,8,23,7,47,23,21.28,150,4795.81,36.33494660064413,55.98005789164484,64.60873322064357,262.90750055437826,2023-06-01,2025-10-06 10:49:38.539,1,11,0,1,0,1,0,1,1,1,1,1,0,0,0,0,0,1,0,0,0,0,0,1,0,0
CUS_0x6cc,20949.58,1963.7983333333327,4,5,8,1,24,15,16.25,60,486.48,27.63047123409256,11.749751938879903,89.73066705157083,354.8994143428826,2023-06-01,2025-10-06 10:49:38.539,19,4,0,0,0,0,0,0,0,0,1,1,0,0,0,0,1,0,0,1,0,0,0,0,0,0
CUS_0x6c4c,85953.88,7140.823333333334,3,3,16,4,23,18,15.55,90,649.07,27.12889687158367,219.24917445632215,115.21594995593568,619.6172089210755,2023-06-01,2025-10-06 10:49:38.539,29,0,1,0,0,1,0,0,1,0,0,0,0,0,0,0,1,0,0,0,0,1,0,0,0,0
CUS_0x7899,20813.06,1460.4216666666669,8,5,24,5,32,24,3.44,60,1402.23,24.884409768174443,70.48717033396866,58.061094538574075,307.493901794124,2023-06-01,2025-10-06 10:49:38.539,15,2,1,0,0,0,1,0,0,0,1,1,0,0,0,0,0,0,1,0,0,0,1,0,0,0
CUS_0xc356,83619.16,7268.263333333332,10,6,26,9,58,24,28.26,110,2947.15,34.634016096027594,584.394445582158,573.0888076274675,66.30540772832006,2023-06-01,2025-10-06 10:49:38.539,10,10,1,1,1,0,1,0,1,1,0,1,0,0,0,0,0,1,0,0,0,0,0,1,0,0
CUS_0xc65a,33588.38,2623.0316666666668,2,1,12,2,0,11,8.24,40,891.61,23.83082743426829,51.64482835991817,32.636140319617354,418.0221979871311,2023-06-01,2025-10-06 10:49:38.539,27,0,1,0,0,0,0,0,0,1,0,0,1,0,0,1,0,0,0,0,0,1,0,0,0,0
CUS_0x7f46,178113.84,14784.82,2,4,10,2,13,8,2.55,0,276.03,41.36112708701774,294.2037425659974,721.9480773931117,742.3301800408908,2023-06-01,2025-10-06 10:49:38.539,31,3,0,0,0,0,0,0,1,1,0,0,1,0,0,1,0,0,0,0,0,0,0,1,0,0
CUS_0x3105,42804.4,3301.0333333333333,8,4,7,0,18,14,10.27,40,1389.65,39.1158312856558,0.0,257.9520710370908,342.15126229624263,2023-06-01,2025-10-06 10:49:38.539,18,9,0,0,0,0,0,0,0,0,0,0,0,0,0,0,1,0,0,0,0,0,0,0,1,0
CUS_0x97a2,7567.63,672.6358333333334,6,5,11,2,21,15,8.36,40,2583.31,34.4179134502891,7.3401274994922705,54.64947632585206,295.273979507989,2023-06-01,2025-10-06 10:49:38.539,7,3,1,0,0,0,0,0,0,0,0,1,0,0,0,0,1,0,0,0,0,0,1,0,0,0
CUS_0xa24a,96108.54,7785.045000000001,5,4,12,0,12,2,0.52,50,1477.46,40.56383531926108,0.0,415.78835067990195,642.7161493200981,2023-06-01,2025-10-06 10:49:38.539,20,3,0,0,0,0,0,0,0,0,0,0,1,0,0,1,0,0,0,0,0,0,0,1,0,0
CUS_0xda6,20194.19,1774.8491666666666,5,7,19,0,6,13,7.85,70,189.79,24.928154581153112,0.0,155.8359703046076,291.64894636205906,2023-06-01,2025-10-06 10:49:38.539,29,9,0,0,0,0,0,0,0,0,0,1,0,0,0,0,0,0,1,0,0,0,0,0,1,0
CUS_0x1585,18426.025,1513.5020833333335,6,6,14,6,13,19,9.67,90,364.1,38.2339152290097,78.42828579099908,55.72311536666532,297.19880717566895,2023-06-01,2025-10-06 10:49:38.539,12,9,1,0,0,0,1,0,1,1,0,1,0,0,0,0,1,0,0,0,0,0,0,0,0,1
CUS_0x17e0,18250.52,1403.8766666666668,9,8,33,8,31,21,28.48,90,4457.6,36.69506827767795,89.36053068950912,77.34913430372244,233.67800167343515,2023-06-01,2025-10-06 10:49:38.539,7,8,0,1,1,1,1,0,1,1,1,1,0,0,0,0,0,1,0,0,0,0,0,0,0,1
CUS_0x87e7,59513.44,5046.453333333334,5,7,1,1,15,2,10.89,40,47.58,38.58544394830613,37.878532616372105,305.4217598395645,421.34504087739685,2023-06-01,2025-10-06 10:49:38.539,33,0,0,0,1,0,0,0,0,0,0,0,1,0,0,0,0,0,1,1,0,0,0,0,0,0
CUS_0x419d,35662.88,2696.9066666666668,8,3,34,4,19,13,18.19,110,2391.98,24.78390631522734,60.78774439357989,220.26481495445907,258.6381073186277,2023-06-01,2025-10-06 10:49:38.539,19,2,1,1,1,0,0,0,1,0,0,1,0,0,0,0,1,0,0,0,0,0,0,0,1,0
CUS_0x59a2,35350.24,3085.853333333333,4,7,20,7,12,9,14.26,70,543.54,33.55509805976761,139.69745023737505,10000.0,110.79778461871763,2023-06-01,2025-10-06 10:49:38.539,6,5,0,1,1,0,1,0,0,1,1,1,0,0,0,0,1,0,0,0,0,0,1,0,0,0
CUS_0x38b3,75901.92,6102.16,7,10,34,9,22,20,0.0,110,3274.01,30.90773575446948,480.49839398386285,129.13936094622878,250.5782450699083,2023-06-01,2025-10-06 10:49:38.539,6,11,1,0,1,1,1,1,1,1,0,1,0,0,0,0,0,1,0,0,1,0,0,0,0,0
CUS_0x755b,69684.86,5872.071666666668,0,7,12,2,5,6,1.46,20,596.1,25.289526844210982,83.13713352442105,175.5007413470393,578.5692917952063,2023-06-01,2025-10-06 10:49:38.539,23,10,0,0,1,0,0,0,0,0,1,0,0,0,0,1,0,0,0,0,1,0,0,0,0,0
CUS_0xa6c6,52595.46,4532.955,9,7,28,6,41,12,13.8,130,1394.29,31.929960394696973,244.39703128523843,113.85601120330416,345.04245751145754,2023-06-01,2025-10-06 10:49:38.539,19,5,0,1,1,1,0,0,0,1,1,1,0,0,0,0,1,0,0,0,1,0,0,0,0,0
CUS_0xe2c,31021.24,2756.103333333333,7,7,11,4,16,21,15.21,70,852.81,38.932412519805865,90.7591784649516,343.84650660726106,131.00464826112068,2023-06-01,2025-10-06 10:49:38.539,33,4,0,1,0,1,0,0,0,0,0,0,1,0,0,0,0,0,1,0,0,0,1,0,0,0
CUS_0x5c7a,34633.28,3084.106666666666,0,3,5,4,15,11,6.1,80,323.53,23.628792751244603,107.6882897454246,174.8684853506306,285.8538915706115,2023-06-01,2025-10-06 10:49:38.539,29,0,0,1,0,0,1,1,0,1,0,0,1,0,0,0,0,0,1,1,0,0,0,0,0,0
CUS_0x8399,71903.26,5739.938333333333,8,4,13,0,22,13,2.380000000000001,100,541.54,39.10199409384602,166.45605558742346,218.25583685660737,439.2819408893025,2023-06-01,2025-10-06 10:49:38.539,16,5,1,0,0,1,0,1,1,0,0,1,0,0,0,0,1,0,0,0,1,0,0,0,0,0
CUS_0x92f8,34334.9,2999.241666666667,5,6,8,3,8,1,5.58,30,1094.04,23.94045152929268,74.34709939528702,89.00582032591728,396.57124694546235,2023-06-01,2025-10-06 10:49:38.539,27,0,0,1,0,0,0,1,0,0,1,0,1,0,0,1,0,0,0,1,0,0,0,0,0,0
CUS_0x17fe,31135.37,2500.6141666666667,3,5,9,0,25,6,4.52,20,1112.57,35.57921253803383,0.0,175.40471377541922,364.6567028912474,2023-06-01,2025-10-06 10:49:38.539,28,2,0,0,0,0,0,0,0,0,0,0,0,0,0,1,0,0,0,0,0,0,1,0,0,0
CUS_0x955d,9536.42,769.7016666666667,7,5,26,6,26,25,5.26,150,1298.56,33.155184953994805,37.09339740269709,41.063982429659106,288.8127868343105,2023-06-01,2025-10-06 10:49:38.539,20,2,1,0,1,1,1,1,1,0,0,1,0,0,0,0,0,1,0,0,0,0,1,0,0,0
CUS_0x3846,18019.14,1742.595,5,5,19,4,15,16,18.17,80,1475.32,35.938778079178576,55.05032975305311,112.94366571741831,296.26550452952864,2023-06-01,2025-10-06 10:49:38.539,18,3,1,1,1,1,0,0,0,0,0,0,0,0,0,0,1,0,0,0,0,0,1,0,0,0
CUS_0x1cdb,35547.71,2853.3091666666664,7,5,5,0,1,15,2.58,40,943.86,25.86292247432155,0.0,181.33090096186916,364.00001570479753,2023-06-01,2025-10-06 10:49:38.539,31,3,0,0,0,0,0,0,0,0,0,1,0,0,0,0,1,0,0,1,0,0,0,0,0,0
CUS_0x40dc,19181.19,1351.4325,1,5,4,1,0,8,5.25,10,834.41,29.01845068611492,11.518894731698454,130.0333684734816,283.59098679481997,2023-06-01,2025-10-06 10:49:38.539,18,10,1,0,0,0,0,0,0,0,0,0,1,0,0,1,0,0,0,0,0,0,1,0,0,0
CUS_0x6968,46683.12,3806.26,7,7,19,1,19,22,11.72,0,230.77,27.625836141590057,27.72498143528325,156.28357428847195,446.61744427624484,2023-06-01,2025-10-06 10:49:38.539,32,11,0,0,1,0,0,0,0,0,0,1,0,0,0,0,1,0,0,0,1,0,0,0,0,0
CUS_0x9680,1.2148578E7,2723.3258333333342,7,6,8,3,7,19,24.86,90,876.74,31.44455381162609,61.26719603186614,113.964882578704,387.1005047227632,2023-06-01,2025-10-06 10:49:38.539,28,3,0,0,1,1,0,0,1,0,0,0,0,0,0,0,1,0,0,0,0,0,1,0,0,0
CUS_0xb8b6,72322.52,5982.876666666668,8,5,20,7,21,22,12.21,100,1872.04,28.334528586770816,407.50747459176864,321.6802215939102,149.0999704809879,2023-06-01,2025-10-06 10:49:38.539,17,0,1,0,0,0,1,0,1,0,0,0,0,0,0,0,0,1,0,0,0,0,0,1,0,0
CUS_0x7963,39340.72,3534.393333333333,4,2,9,0,0,2,5.98,30,1482.22,36.90480212708201,0.0,251.4894450891999,391.94988824413355,2023-06-01,2025-10-06 10:49:38.539,26,11,0,0,0,0,0,0,0,0,0,0,1,0,0,1,0,0,0,0,0,0,1,0,0,0
CUS_0x7c21,9599.265,618.9387499999998,3,9,21,5,13,21,18.02,120,1935.7,35.9133598104126,29.106311414702763,30.97979033935159,291.8077732459457,2023-06-01,2025-10-06 10:49:38.539,12,9,1,1,1,0,0,0,0,0,1,0,0,0,0,0,1,0,0,0,0,0,1,0,0,0
CUS_0x9939,19889.44,1756.4533333333331,8,7,11,7,23,13,16.62,70,369.64,35.980108473784306,60.92837781478249,37.66661192139907,337.05034359715177,2023-06-01,2025-10-06 10:49:38.539,10,3,1,0,1,0,1,1,0,1,0,1,0,0,0,0,1,0,0,0,0,0,0,0,0,1
CUS_0xb7e2,21509.645,1639.4704166666668,4,1,4,1,4,4,5.77,80,73.61,32.87437339198193,9.16893126183574,25.312087601644286,379.46602280318666,2023-06-01,2025-10-06 10:49:38.539,29,10,0,0,0,0,0,0,0,1,0,0,1,0,0,1,0,0,0,0,1,0,0,0,0,0
CUS_0xb814,92519.61,7438.9675,8,3,9,1,8,12,19.74,100,62.82,25.172322071606327,13561.0,665.4085952316967,299.1904072008707,2023-06-01,2025-10-06 10:49:38.539,12,2,0,0,0,1,0,0,0,0,0,1,0,0,0,0,1,0,0,0,0,0,0,0,0,1
CUS_0x2e43,10651.65,615.6374999999998,7,6,9,4,10,20,16.95,50,1325.65,36.92791553668255,25.232896447835103,43.03086106101049,263.2999924911544,2023-06-01,2025-10-06 10:49:38.539,19,5,1,0,0,0,0,0,1,1,1,1,0,0,0,0,1,0,0,0,0,0,0,0,1,0
CUS_0x344a,14210.27,1287.1891666666668,9,6,19,5,56,19,22.35,100,4975.63,24.99562815581077,51.07600842531948,49.22424313728117,278.418665104066,2023-06-01,2025-10-06 10:49:38.539,6,0,0,1,1,1,0,0,1,1,0,1,0,0,0,0,0,0,1,0,1,0,0,0,0,0
CUS_0x5e3d,26508.58,2500.0483333333336,5,7,12,3,15,20,10.54,40,1356.64,38.66065164137135,35.372569368075574,10000.0,263.21885141274026,2023-06-01,2025-10-06 10:49:38.539,27,0,0,0,1,0,0,0,1,0,1,0,0,0,0,1,0,0,0,0,0,0,0,0,0,1
CUS_0x7e3a,37827.77,3116.314166666666,4,1,5,3,0,5,10.96,20,271.88,37.01642030008741,91.6368839965363,219.4417075557451,280.5528251143853,2023-06-01,2025-10-06 10:49:38.539,32,4,1,1,0,0,1,0,0,0,0,0,1,0,0,1,0,0,0,0,0,0,0,1,0,0
CUS_0x437c,42947.49,3470.9575,4,7,15,2,15,20,18.38,120,2266.69,34.892980762336336,47.93668892947582,81.2754037390547,467.8836573314695,2023-06-01,2025-10-06 10:49:38.539,15,5,0,1,0,1,0,0,0,0,0,1,0,0,0,0,1,0,0,0,1,0,0,0,0,0
CUS_0x9268,76924.38,6587.365000000002,5,4,20,1,31,15,20.93,50,1080.88,26.49767456221476,45.740441805288505,116.18811006287235,746.8079481318393,2023-06-01,2025-10-06 10:49:38.539,21,9,0,0,0,0,0,0,1,0,0,0,0,0,0,0,0,0,1,0,1,0,0,0,0,0
CUS_0xba0b,54265.54,4248.128333333333,3,5,5,2,24,11,1.2199999999999998,50,545.37,36.7969993458816,82.10549979204414,97.50519584221108,505.20213769907815,2023-06-01,2025-10-06 10:49:38.539,23,6,1,0,0,0,0,1,0,0,0,0,1,0,0,0,1,0,0,1,0,0,0,0,0,0
CUS_0xc323,40550.16,3333.1800000000007,6,7,26,5,53,17,4.51,140,4695.79,38.8013619713212,85.25108556143833,141.21563871595598,356.85127572260575,2023-06-01,2025-10-06 10:49:38.539,4,3,0,1,0,0,1,0,1,1,0,0,0,0,0,0,0,1,0,0,1,0,0,0,0,0
CUS_0x2611,17919.005,1464.250416666667,1,5,8,0,5,2,2.4399999999999995,40,69.03,30.109954212457065,0.0,197.55398805003185,238.87105361663487,2023-06-01,2025-10-06 10:49:38.539,19,10,0,0,0,0,0,0,0,0,0,0,1,0,0,1,0,0,0,0,0,0,0,0,0,1
CUS_0x9536,112362.76,9279.563333333334,4,4,5,4,25,20,5.86,20,1358.65,41.12672063145665,236.27765779486907,119.96178536493609,811.7168901735283,2023-06-01,2025-10-06 10:49:38.539,23,9,1,0,0,1,0,0,0,1,0,0,1,0,0,0,1,0,0,0,0,1,0,0,0,0
CUS_0x16a2,119680.56,9906.38,8,4,17,4,17,14,3.61,40,871.69,40.45281317239679,330.57926645685205,153.00662525140086,747.0521082917468,2023-06-01,2025-10-06 10:49:38.539,23,5,1,0,0,0,0,1,1,1,0,0,0,0,0,0,1,0,0,0,0,1,0,0,0,0
CUS_0xc173,40743.16,3492.453390030813,6,9,19,5,29,22,29.12,100,2791.95,28.985119494384165,302.58943903100857,311.83254776686044,206.114289837985,2023-06-01,2025-10-06 10:49:38.539,6,3,0,0,1,0,0,1,1,0,1,1,0,0,0,0,0,1,0,0,0,0,1,0,0,0
CUS_0x298e,62636.06999999999,5099.6725,5,6,19,3,28,18,17.52,30,1050.84,31.00386072750155,98.02987292123558,64.25648807158933,587.680889007175,2023-06-01,2025-10-06 10:49:38.539,28,5,1,0,1,0,0,0,0,1,0,0,0,0,0,0,0,0,1,0,0,1,0,0,0,0
CUS_0x4ade,61976.44,5027.703333333334,28,5,8,4,1,12,11.01,60,78.47,28.092739932636853,190.5567505612649,213.40477930830025,348.8088034637683,2023-06-01,2025-10-06 10:49:38.539,18,0,0,0,0,1,0,1,1,0,0,0,1,0,0,0,0,0,1,0,1,0,0,0,0,0
CUS_0x828b,73778.52,6146.21,4,5,14,4,18,20,13.75,100,179.15,26.449202488139928,233.2360964424541,172.1640171966099,459.220886360936,2023-06-01,2025-10-06 10:49:38.539,24,8,0,1,1,0,1,0,1,0,0,1,0,0,0,0,1,0,0,0,1,0,0,0,0,0
CUS_0xa7ab,71010.44,5667.536666666668,3,7,15,0,14,12,8.24,110,1472.81,29.96383825664972,0.0,216.543679768,640.2099868986668,2023-06-01,2025-10-06 10:49:38.539,19,8,0,0,0,0,0,0,0,0,0,0,0,0,0,0,1,0,0,0,0,0,1,0,0,0
CUS_0xab80,37760.22,3393.685,3,4,3,3,1,10,11.6,30,821.1,32.60578734388445,88.48566313274367,135.94061820693165,384.9422186603247,2023-06-01,2025-10-06 10:49:38.539,16,9,0,0,0,0,1,0,1,0,1,0,1,0,0,1,0,0,0,0,0,0,0,0,1,0
CUS_0xaec,34500.94,2644.078333333333,4,5,20,2,7,14,11.28,50,899.48,35.393322611624534,38.77126072054276,10000.0,230.9949779797041,2023-06-01,2025-10-06 10:49:38.539,21,8,0,0,0,0,0,0,0,1,0,1,0,0,0,0,0,0,1,0,0,0,1,0,0,0
CUS_0x8749,81617.68,6601.473333333332,6,7,27,5,27,16,18.46,130,4156.6,34.893948116105896,239.52795778432784,109.33917165478263,551.2802038942228,2023-06-01,2025-10-06 10:49:38.539,3,5,1,0,0,1,1,1,0,1,0,1,0,0,0,0,0,1,0,0,0,1,0,0,0,0
CUS_0x7693,52958.43000000001,4313.2025,8,467,32,8,61,14,5.78,60,1677.29,33.98853692096949,282.5881300470302,84.16748317499383,304.5646367779761,2023-06-01,2025-10-06 10:49:38.539,12,9,1,0,1,1,0,1,0,0,0,1,0,0,0,0,0,1,0,0,0,1,0,0,0,0
CUS_0x7e62,88940.76,7406.73,0,5,3,1,21,5,2.16,50,1405.04,24.746288179318046,67.64255418731365,89.75520388864031,420.4398056687201,2023-06-01,2025-10-06 10:49:38.539,31,9,0,0,0,0,1,0,0,0,0,0,1,0,0,0,0,0,1,0,0,0,0,0,1,0
CUS_0x9ad,49116.74,4343.0616666666665,4,4,16,387,23,15,12.07,50,1429.53,41.77764471108416,112.65737938831003,88.47965441120151,483.16913286715516,2023-06-01,2025-10-06 10:49:38.539,18,5,0,0,0,1,1,0,0,0,0,1,0,0,0,0,1,0,0,0,1,0,0,0,0,0
CUS_0xaf7d,112853.22,9552.435,2,4,4,2,3,0,8.06,0,732.33,30.009130878742127,127.07228759866072,314.4822747494407,763.6889376518986,2023-06-01,2025-10-06 10:49:38.539,17,5,0,0,0,0,0,1,0,0,1,0,0,0,0,1,0,0,0,0,1,0,0,0,0,0
CUS_0x598f,20712.24,2007.02,3,3,30,7,7,12,8.43,60,2375.83,22.970078228880983,84.77788281752866,74.94434691744084,300.97977026503054,2023-06-01,2025-10-06 10:49:38.539,13,2,1,1,0,1,1,1,1,0,0,1,0,0,0,0,1,0,0,1,0,0,0,0,0,0
CUS_0x9398,134790.56,11053.546666666669,4,982,14,1,25,14,2.93,70,349.04,35.51203078625606,111.91332569362656,1212.9578847166395,70.4834562564006,2023-06-01,2025-10-06 10:49:38.539,30,11,1,0,0,0,0,0,0,0,0,1,0,0,0,0,1,0,0,0,0,0,0,0,0,1
CUS_0xae54,11372.9,1174.7416666666668,6,6,6,0,30,9,11.91,50,716.67,28.88489982101882,0.0,74.1268402428137,303.3473264238529,2023-06-01,2025-10-06 10:49:38.539,16,10,0,0,0,0,0,0,0,0,0,0,0,0,0,0,0,0,1,1,0,0,0,0,0,0
CUS_0x60e8,49880.52,4239.71,4,6,6,3,10,14,18.22,130,849.02,29.942980145729003,111.35673139211414,419.35041401274185,183.26385459514395,2023-06-01,2025-10-06 10:49:38.539,18,9,0,1,0,0,0,1,1,0,0,1,0,0,0,0,1,0,0,0,0,0,1,0,0,0
CUS_0x73f9,58873.64,4875.136666666666,4,5,5,7,28,13,19.73,50,2452.62,30.83497986673969,197.3143323882356,230.15653706528332,320.0427972131476,2023-06-01,2025-10-06 10:49:38.539,16,8,0,1,1,0,1,0,0,1,1,1,0,0,0,0,1,0,0,1,0,0,0,0,0,0
CUS_0x9553,38797.22,3281.101666666667,6,4,5,3,20,15,4.95,30,465.86,31.72435953527451,62.084269922682246,145.19175486655757,400.83414187742693,2023-06-01,2025-10-06 10:49:38.539,20,2,0,1,0,0,0,0,1,0,0,0,1,0,0,0,1,0,0,0,0,0,0,1,0,0
CUS_0x4649,33346.34,2703.8616666666658,5,3,20,0,11,10,12.38,40,1050.39,35.88295428344031,0.0,107.20382923309934,453.1823374335673,2023-06-01,2025-10-06 10:49:38.539,24,0,0,0,0,0,0,0,0,0,0,1,0,0,0,0,1,0,0,0,0,0,1,0,0,0
CUS_0x6d15,41550.06,3000.9390392080923,9,7,24,2,44,19,8.28,80,2507.93,29.66754783047677,239.1287800632513,187.7326422042409,372.85503852441553,2023-06-01,2025-10-06 10:49:38.539,9,2,0,0,0,0,1,0,1,0,0,1,0,0,0,0,0,1,0,0,0,0,1,0,0,0
CUS_0x9386,32466.18,2769.515,9,10,32,7,31,17,7.37,100,1339.97,33.49081032504765,187.67740671576644,265.0985747036284,114.17551858060524,2023-06-01,2025-10-06 10:49:38.539,5,10,0,0,1,1,1,1,0,0,1,1,0,0,0,0,0,1,0,0,0,0,1,0,0,0
CUS_0xae07,21450.3,1752.525,830,6,7,4,13,16,0.85,50,464.67,39.48146630282043,59.40297607392983,193.8948082521516,211.95471567391857,2023-06-01,2025-10-06 10:49:38.539,29,5,1,0,1,0,0,0,1,1,0,0,1,0,0,1,0,0,0,0,0,0,0,0,0,1
CUS_0x16d9,18485.235,1469.43625,8,4,3,4,13,14,6.33,60,395.45,24.75672187441771,52.90096406734133,118.5206381798459,265.52202275281275,2023-06-01,2025-10-06 10:49:38.539,22,10,0,0,1,0,1,1,0,0,0,0,1,0,0,0,0,0,1,0,0,0,1,0,0,0
CUS_0x32e4,84378.96,7142.580000000001,6,4,8,2,3,3,10.95,10,37.11,26.43941027966053,122.6797787382285,81.56233454061369,760.015886721158,2023-06-01,2025-10-06 10:49:38.539,24,4,0,0,0,0,1,0,0,0,1,0,1,0,0,1,0,0,0,0,1,0,0,0,0,0
CUS_0x884,10360.915,962.4095833333334,6,5,29,3,24,21,9.3,90,1781.61,38.55248218139389,53113.0,45.62947235278947,293.06325889623383,2023-06-01,2025-10-06 10:49:38.539,13,3,0,0,0,1,1,0,1,0,0,1,0,0,0,0,0,1,0,1,0,0,0,0,0,0
CUS_0x4056,71842.8,6101.9000000000015,3,7,12,2,13,10,7.41,40,39.31,30.620263957305426,65.27357156843968,70.03556242437485,614.4914872826151,2023-06-01,2025-10-06 10:49:38.539,27,2,0,0,1,0,0,0,0,1,0,0,1,0,0,0,0,0,1,0,1,0,0,0,0,0
CUS_0x7651,57321.36,4666.78,10,10,22,9,45,17,5.68,70,2224.09,37.24166854645858,420.8886784375497,116.06326268265627,179.72605887979404,2023-06-01,2025-10-06 10:49:38.539,19,4,1,0,0,1,1,1,0,1,0,1,0,0,0,0,0,1,0,0,1,0,0,0,0,0
CUS_0xfbd,64110.51,5217.5425,8,4,6,1,20,21,25.62,70,174.22,28.49155052330713,28.61177628365101,409.9219319673197,373.22054174902934,2023-06-01,2025-10-06 10:49:38.539,6,4,1,0,0,0,0,0,0,0,0,1,0,0,0,0,0,0,1,0,0,0,1,0,0,0
CUS_0x5215,71285.0,6207.416666666668,0,5,4,3,13,7,5.28,20,1308.67,38.48058706059719,159.2071226744656,84.9878944893726,616.5466495028286,2023-06-01,2025-10-06 10:49:38.539,24,4,0,0,0,0,0,0,1,1,1,0,1,0,0,1,0,0,0,0,0,1,0,0,0,0
CUS_0x88a,65234.24,5433.1866666666665,3,4,1,0,13,11,8.9,10,39.46,28.9892169423994,0.0,49.69952624483253,733.6191404218341,2023-06-01,2025-10-06 10:49:38.539,30,2,0,0,0,0,0,0,0,0,0,0,1,0,0,1,0,0,0,0,0,1,0,0,0,0
CUS_0x956b,14482.5,1363.875,7,7,19,4,30,13,9.27,120,1856.22,36.116614822722894,27.219132886601766,92.57110802475887,276.59725908863936,2023-06-01,2025-10-06 10:49:38.539,19,2,0,1,0,0,0,0,1,0,1,0,0,0,0,0,1,0,0,1,0,0,0,0,0,0
CUS_0xbe65,16156.815,1199.40125,4,6,8,1,27,11,5.52,40,1008.58,39.97856333883883,11.077602427124845,70.94172445728537,297.92079811558983,2023-06-01,2025-10-06 10:49:38.539,19,8,0,0,0,0,0,0,0,0,1,0,1,0,0,1,0,0,0,1,0,0,0,0,0,0
CUS_0x2c32,7823.985,599.99875,6,5,34,3,56,25,8.53,110,2193.11,28.33705211124824,11.426858191684222,32.45435390391741,296.1186629043984,2023-06-01,2025-10-06 10:49:38.539,14,9,0,0,0,0,1,0,1,0,0,1,0,0,0,0,0,1,0,0,0,0,0,1,0,0
CUS_0x1f96,113383.13999999998,9321.595,1,4,6,4,4,1,3.4,0,82.71,26.18199376875585,376.5597009217432,830.02980875269,608.1167481872824,2023-06-01,2025-10-06 10:49:38.539,17,10,0,1,0,0,0,1,0,1,0,0,1,0,0,1,0,0,0,0,0,0,0,0,1,0
CUS_0x4fad,31517.47,2484.455833333333,7,3,5,4,23,6,8.97,80,39.28,27.83712328650545,85.35692953868588,253.18055453501483,199.9080992596326,2023-06-01,2025-10-06 10:49:38.539,8,9,0,1,0,0,1,1,0,1,0,1,0,0,0,0,1,0,0,0,0,0,1,0,0,0
CUS_0x70d6,49400.52,4055.71,9,7,31,6,33,24,18.24,100,2665.45,29.9117806041004,230.287844059992,247.1876321825833,188.09552375742476,2023-06-01,2025-10-06 10:49:38.539,7,4,1,1,1,0,1,1,0,0,0,1,0,0,0,0,0,1,0,1,0,0,0,0,0,0
CUS_0xa88,94969.56,7959.13,8,5,6,4,16,13,4.2,50,1171.88,28.45336417347857,224.9507259294737,531.7672054888686,319.19506858165767,2023-06-01,2025-10-06 10:49:38.539,31,4,0,1,0,0,0,0,1,1,0,0,1,0,0,0,1,0,0,0,0,0,0,1,0,0
CUS_0x10ee,12660.16,909.0133333333332,5,7,15,0,8,14,15.1,20,456.02,33.46263115825526,0.0,10000.0,338.2549367415748,2023-06-01,2025-10-06 10:49:38.539,25,4,0,0,0,0,0,0,0,0,0,0,1,0,0,0,1,0,0,0,0,0,0,0,0,1
CUS_0x721,14297.72,1129.4766666666667,10,5,24,7,62,20,3.5,80,2566.55,31.603461217985267,77.97500512571494,26.91684459999935,248.0558169409524,2023-06-01,2025-10-06 10:49:38.539,17,10,1,0,1,1,1,0,0,1,0,1,0,0,0,0,0,1,0,0,0,1,0,0,0,0
CUS_0xb17e,36549.68,3074.806666666667,0,1052,12,0,14,9,4.58,70,1051.86,39.76350742631024,0.0,318.60987899945894,278.87078766720776,2023-06-01,2025-10-06 10:49:38.539,23,0,0,0,0,0,0,0,0,0,0,0,1,0,0,1,0,0,0,0,0,0,1,0,0,0
CUS_0x603a,19123.56,1804.63,6,6,30,6,16,24,7.43,120,3080.03,25.990582313592487,60.76803719569369,158.57812995693874,251.1168328473676,2023-06-01,2025-10-06 10:49:38.539,0,11,0,1,0,1,1,1,1,0,0,1,0,0,0,0,0,1,0,0,0,0,1,0,0,0
CUS_0x7bb2,73083.44,6264.286666666668,7,9,28,6,38,15,1.48,60,2549.27,24.94652327474112,232.32524281279763,238.45783251405018,435.64559133981885,2023-06-01,2025-10-06 10:49:38.539,6,0,0,1,1,0,0,0,1,0,1,1,0,0,0,0,0,1,0,0,0,0,0,1,0,0
CUS_0xa2e5,27109.79,2224.1491666666666,3,5,15,3,26,12,9.26,10,320.07,35.08227469176577,43.37870835074124,63.815413167181475,341.5259845965753,2023-06-01,2025-10-06 10:49:38.539,15,9,1,0,0,0,0,0,1,0,1,0,1,0,0,0,1,0,0,0,1,0,0,0,0,0
CUS_0x3eab,165799.4,13868.616666666669,0,3,2,1,8,9,7.08,10,486.54,39.94213176159548,81.5524226857578,10000.0,1239.5621215192439,2023-06-01,2025-10-06 10:49:38.539,23,2,0,0,0,0,0,0,1,0,0,0,1,0,0,1,0,0,0,0,0,1,0,0,0,0
CUS_0x8f6f,38713.36,3251.113333333333,2,4,11,0,4,1,3.56,70,140.85,28.53945449182608,0.0,236.12923870142217,368.98209463191114,2023-06-01,2025-10-06 10:49:38.539,22,9,0,0,0,0,0,0,0,0,0,0,1,0,0,1,0,0,0,0,0,0,0,1,0,0
CUS_0x9e3b,61887.2,5000.266666666666,7,4,13,4,14,17,0.89,30,1370.48,33.53397449921363,160.19197398482115,141.5842383396872,448.25045434215826,2023-06-01,2025-10-06 10:49:38.539,32,2,0,0,0,1,1,1,0,1,0,1,0,0,0,0,1,0,0,0,1,0,0,0,0,0
CUS_0xb201,115104.72,9395.06,5,3,17,3,22,9,15.94,80,950.44,41.662299757365545,150.30252347892798,543.6265392122574,535.5769373088144,2023-06-01,2025-10-06 10:49:38.539,6,0,0,0,0,1,0,0,1,0,0,0,0,0,0,0,1,0,0,0,0,0,1,0,0,0
CUS_0xb503,33835.16,2807.596666666667,5,3,13,3,22,21,3.88,10,1353.86,21.85650766298645,68.07297826478217,217.66468013612985,285.0220082657547,2023-06-01,2025-10-06 10:49:38.539,27,11,0,0,0,0,1,1,1,0,0,0,1,0,0,0,0,0,1,0,0,0,1,0,0,0
CUS_0x4a2b,31230.98,2809.5816666666665,6,4,13,3,9,10,9.71,80,696.43,24.720047829222544,67.11533197678743,125.51601352898253,368.3268211608968,2023-06-01,2025-10-06 10:49:38.539,8,0,0,1,0,0,0,0,0,1,0,1,0,0,0,0,1,0,0,0,0,0,0,1,0,0
CUS_0x8275,40925.46,3152.455,1650,5,31,2,30,11,14.12,120,1490.42,31.72663648745557,63.99511936370772,267.149010473114,264.1013701631784,2023-06-01,2025-10-06 10:49:38.539,16,6,1,0,0,1,0,0,0,0,0,1,0,0,0,0,0,0,1,0,0,0,0,1,0,0
CUS_0xa405,7788.985,622.0820833333332,4,6,18,2,33,13,10.82,70,1796.83,34.57400998204105,10.987725876092508,63.32637572826642,277.8941067289744,2023-06-01,2025-10-06 10:49:38.539,15,10,0,1,0,0,0,0,1,0,0,1,0,0,0,0,1,0,0,0,0,0,1,0,0,0
CUS_0xa865,12833.68,1300.4733333333334,3,4,6,4,29,23,9.1,20,100.3,26.40551910629039,35.749769225744146,121.23702038070873,263.06054372688044,2023-06-01,2025-10-06 10:49:38.539,18,2,0,1,0,0,1,1,0,0,0,0,1,0,0,1,0,0,0,0,0,0,1,0,0,0
CUS_0x1e95,103943.0,8812.916666666666,5,6,11,2,9,18,8.21,50,1363.4,28.450600499418268,113.99828690523157,435.05952783273864,602.2338519286965,2023-06-01,2025-10-06 10:49:38.539,30,0,0,1,0,0,0,0,0,1,0,1,0,0,0,0,1,0,0,0,0,0,0,0,1,0
CUS_0x5cdb,12338.465,738.2054166666667,5,5,2,1,14,17,13.52,40,352.92,34.36766699798161,10.218510757658294,10000.0,302.89238577524645,2023-06-01,2025-10-06 10:49:38.539,32,3,0,0,0,0,0,1,0,0,0,0,1,0,0,1,0,0,0,1,0,0,0,0,0,0
CUS_0xa01f,79657.0,6050.016471028638,7,10,31,9,26,17,17.42,170,3189.0,39.11736688831756,950.8845835478024,265.39175492633456,254.79885716389146,2023-06-01,2025-10-06 10:49:38.539,4,2,0,1,1,0,0,1,0,1,0,1,0,0,0,0,0,1,0,0,1,0,0,0,0,0
CUS_0x644e,68213.38,5957.448333333334,7,5,10,3,24,21,7.82,50,769.47,31.813743364964942,141.48050532287766,531.8675635035537,212.3967645069021,2023-06-01,2025-10-06 10:49:38.539,28,11,0,1,1,0,0,0,1,0,0,0,1,0,0,0,1,0,0,0,0,0,1,0,0,0
CUS_0x6c8b,18254.505,1605.20875,3,729,9,0,10,6,2.8600000000000003,60,211.41,33.09617449417861,0.0,164.1963657164925,276.3245092835075,2023-06-01,2025-10-06 10:49:38.539,19,6,0,0,0,0,0,0,0,0,0,0,1,0,0,0,0,0,1,0,0,0,0,1,0,0
CUS_0x26ea,28550.84,2654.2366666666667,7,3,12,2,18,21,1.86,20,57.85,39.12448560266444,44.42015369593639,173.5027151622321,307.5007978084982,2023-06-01,2025-10-06 10:49:38.539,26,3,1,0,0,0,0,0,1,0,0,1,0,0,0,0,1,0,0,1,0,0,0,0,0,0
CUS_0x1044,33441.59,2748.799166666666,2,4,1,0,1,4,9.58,50,154.96,35.984108540767004,0.0,229.53226071473443,335.34765595193227,2023-06-01,2025-10-06 10:49:38.539,31,11,0,0,0,0,0,0,0,0,0,0,1,0,0,0,0,0,1,0,0,0,1,0,0,0
CUS_0x5d50,34486.08,2914.84,5,6,10,3,14,4,3.39,30,1423.18,25.33592419551724,67.97279467057083,220.771394755422,352.7288017857064,2023-06-01,2025-10-06 10:49:38.539,21,9,0,0,0,1,0,0,0,1,1,0,1,0,0,1,0,0,0,0,0,0,0,0,0,1
CUS_0x1d6f,17438.8,1237.2333333333331,8,11,16,5,21,18,20.68,90,2635.91,30.58534347362149,44.235325495955365,150.64119863743872,218.84680919993926,2023-06-01,2025-10-06 10:49:38.539,9,9,1,0,1,0,1,0,0,1,0,1,0,0,0,0,0,1,0,0,0,0,1,0,0,0
CUS_0xa41f,74193.7,6275.8083333333325,0,5,5,0,2,6,3.32,40,228.53,29.10084395941019,0.0,220.9294519742606,710.3056593547512,2023-06-01,2025-10-06 10:49:38.539,30,10,0,0,0,0,0,0,0,0,0,0,1,0,0,1,0,0,0,0,0,1,0,0,0,0
CUS_0xf59,38539.57,3438.630833333333,4,2,3,1,8,2,8.42,0,526.62,34.70031950663646,22.68327916735256,119.64561081922815,451.5341933467526,2023-06-01,2025-10-06 10:49:38.539,30,2,1,0,0,0,0,0,0,0,0,0,0,0,0,1,0,0,0,0,1,0,0,0,0,0
CUS_0x4fa3,166741.48,14131.123333333337,4,5,12,3,19,12,2.83,0,117.12,39.62608507250877,337.2556430027884,254.69613793889417,1034.4369317350227,2023-06-01,2025-10-06 10:49:38.539,32,0,0,0,1,0,0,0,0,1,0,0,1,0,0,1,0,0,0,0,0,1,0,0,0,0
CUS_0x2d3a,8933809.0,6299.503333333332,1,3,10,1,15,8,1.4,40,64.38,36.26817886724682,52.80792694644206,607.4845880589912,249.6578183278999,2023-06-01,2025-10-06 10:49:38.539,28,0,0,0,0,0,0,0,1,0,0,0,1,0,0,1,0,0,0,0,0,0,0,1,0,0
CUS_0x68ee,61614.9,5364.575,4,3,10,1,6,5,15.17,80,157.71,42.452808712109146,44.42796300188768,10000.0,588.2923528625047,2023-06-01,2025-10-06 10:49:38.539,27,4,1,0,0,0,0,0,0,0,0,0,1,0,0,0,0,0,1,0,0,0,1,0,0,0
CUS_0x86fe,58739.81999999999,4961.985,6,6,28,5,24,18,0.64,110,4161.7,30.732044579122647,193.74784760734485,345.3413933093122,217.10925908334286,2023-06-01,2025-10-06 10:49:38.539,10,2,0,1,0,1,0,0,1,0,1,1,0,0,0,0,0,0,1,1,0,0,0,0,0,0
CUS_0x8cff,9345.955,558.8295833333333,6,7,24,7,29,20,28.71,60,3992.71,31.00897219130288,51.51244451526969,35.891203518901264,248.47931029916242,2023-06-01,2025-10-06 10:49:38.539,3,4,0,1,0,1,1,1,1,1,0,1,0,0,0,0,0,1,0,0,0,0,0,1,0,0
CUS_0xc38f,69228.92,5752.076666666668,9,8,18,7,43,16,5.84,150,4648.0,34.83070282476495,316.1501010560258,10000.0,197.6995236453226,2023-06-01,2025-10-06 10:49:38.539,2,2,1,0,1,0,1,1,1,0,0,1,0,0,0,0,0,0,1,0,0,0,1,0,0,0
CUS_0x23b0,73905.76,6241.813333333333,2,4,10,0,8,6,7.01,40,1344.31,28.833888020064546,0.0,132.3825212411051,731.7988120922282,2023-06-01,2025-10-06 10:49:38.539,27,2,0,0,0,0,0,0,0,0,0,0,1,0,0,1,0,0,0,0,0,1,0,0,0,0
CUS_0xbdcf,68291.70000000001,5414.975000000001,8,5,5,2,18,12,2.69,10,1210.72,40.469217718762565,62.35247096931465,118.30425530683978,610.8407737238457,2023-06-01,2025-10-06 10:49:38.539,32,4,0,0,0,1,1,0,0,0,0,1,0,0,0,0,1,0,0,0,1,0,0,0,0,0
CUS_0x1c99,33278.28,2622.19,7,3,11,4,10,9,16.93,60,426.61,28.16188731185472,75.9538661224378,282.1170573860072,194.14807649155497,2023-06-01,2025-10-06 10:49:38.539,6,10,0,1,0,0,0,1,0,0,1,1,0,0,0,0,0,0,1,0,0,0,1,0,0,0
CUS_0x1e70,14841.35,1437.779166666667,6,5,17,7,60,14,28.64,60,3865.15,37.15219502109304,71.54474307214656,96.59041285280131,245.64276074171883,2023-06-01,2025-10-06 10:49:38.539,8,0,1,0,1,0,1,1,0,0,1,0,0,0,0,0,0,1,0,0,0,0,0,0,0,1
CUS_0x789,16372.12,1648.3433333333337,9,5,28,2,33,20,6.76,140,2098.56,36.671618450052655,16.704234855262552,76.20039556215848,331.92970291591234,2023-06-01,2025-10-06 10:49:38.539,9,4,0,0,1,0,0,0,0,0,0,0,0,0,0,0,0,0,1,1,0,0,0,0,0,0
CUS_0xdca,144066.24,11942.52,8,6,13,2,29,13,13.84,50,670.35,40.68496884651415,225.714808499188,570.9186200716564,677.6185714291556,2023-06-01,2025-10-06 10:49:38.539,31,11,0,1,0,1,0,0,0,0,0,0,1,0,0,0,0,0,1,0,0,0,0,1,0,0
CUS_0x34f2,40108.06,3554.338333333333,10,6,17,4,20,9,11.44,130,1325.46,27.034188699912445,121.26118424851192,26.611960091554607,447.5606889932668,2023-06-01,2025-10-06 10:49:38.539,10,10,0,1,0,1,0,1,0,0,0,0,0,0,0,0,1,0,0,0,0,1,0,0,0,0
CUS_0x6c9d,34281.92,2733.8266666666664,1,7,9,4,7,6,10.35,0,935.85,29.32914857790001,76.1128428161668,10000.0,337.53880316382634,2023-06-01,2025-10-06 10:49:38.539,19,9,0,0,1,0,1,0,1,1,0,0,1,0,0,1,0,0,0,0,1,0,0,0,0,0
CUS_0x869b,23814.73,2104.560833333333,3,4,10,4,30,9,13.05,80,837.41,29.971664482457967,76.39432092964908,108.81624511107592,285.24551729260827,2023-06-01,2025-10-06 10:49:38.539,6,6,0,1,0,1,0,0,0,0,1,0,0,0,0,0,1,0,0,1,0,0,0,0,0,0
CUS_0xaf3b,14675.83,1330.9858333333334,6,3,12,7,27,8,12.12,60,1427.56,27.833513232131565,84.00410321858612,155.49699095342297,183.59748916132423,2023-06-01,2025-10-06 10:49:38.539,12,10,1,0,1,1,1,0,0,0,0,0,0,0,0,0,0,0,1,0,0,0,1,0,0,0
CUS_0x382d,70014.48,6114.54,6,3,18,33,7,2753,11.25,40,876.04,38.2828098240723,205.5930674477824,369.05507961006913,316.80585294214865,2023-06-01,2025-10-06 10:49:38.539,24,6,0,1,0,0,1,0,0,0,0,1,0,0,0,0,1,0,0,0,0,0,0,1,0,0
CUS_0x3ee8,146351.36,12267.946666666665,6,7,20,4,29,15,8.559999999999999,50,501.57,26.782800106078277,262.71035130797515,243.11426813256816,960.9700472261233,2023-06-01,2025-10-06 10:49:38.539,19,4,1,0,0,1,0,0,0,1,1,1,0,0,0,0,1,0,0,0,0,1,0,0,0,0
CUS_0x466e,57439.12,4586.593333333333,4,6,6,4,10,9,0.0,40,669.35,39.67062037589117,187.9561101952301,85.047221281849,435.6560018562542,2023-06-01,2025-10-06 10:49:38.539,21,3,1,1,0,1,0,0,0,0,0,0,1,0,0,1,0,0,0,0,1,0,0,0,0,0
CUS_0x53fa,59714.2,5136.183333333333,4,5,5,1,8,23,12.45,60,425.17,32.01373428898362,27.779994851258788,170.56025364548285,565.2780848365917,2023-06-01,2025-10-06 10:49:38.539,18,0,0,0,0,0,0,0,1,0,0,1,0,0,0,0,1,0,0,0,1,0,0,0,0,0
CUS_0x8f63,10426.84,991.9033333333332,6,10,19,6,28,14,24.71,60,3145.39,34.20280800669203,49.88294147352556,64.41008994719942,264.8973019126083,2023-06-01,2025-10-06 10:49:38.539,12,2,1,0,1,1,0,1,1,0,0,1,0,0,0,0,0,1,0,0,0,0,0,1,0,0
CUS_0xb461,63248.98,5456.748333333334,5,4,4,3,11,10,1.48,80,424.98,28.73775030512133,119.47550255787289,156.68093768935708,519.5183930861034,2023-06-01,2025-10-06 10:49:38.539,24,9,0,1,0,1,0,0,0,0,1,0,0,0,0,1,0,0,0,0,1,0,0,0,0,0
CUS_0x2312,44708.14,3653.678333333333,3,169,11,0,0,1,11.55,40,352.44,30.42990998650217,0.0,120.80270673415188,494.5651265991815,2023-06-01,2025-10-06 10:49:38.539,21,0,0,0,0,0,0,0,0,0,0,0,0,0,0,1,0,0,0,0,1,0,0,0,0,0
CUS_0x96de,14580.98,1331.0816666666667,4,3,4652,4,16,20,12.88,70,2589.63,24.12602099679225,42.018596182286416,129.72718997394858,251.36238051043162,2023-06-01,2025-10-06 10:49:38.539,6,5,0,0,0,1,0,0,1,1,1,1,0,0,0,0,1,0,0,0,0,0,1,0,0,0
CUS_0x4d25,118845.76,9877.813333333334,0,7,10,0,0,6,9.38,60,101.26,34.95964007669426,0.0,210.4952793006065,1017.2860540327267,2023-06-01,2025-10-06 10:49:38.539,31,8,0,0,0,0,0,0,0,0,0,0,1,0,0,1,0,0,0,0,0,1,0,0,0,0
CUS_0x8ae0,41415.52,3573.293333333333,6,5,31,5,26,18,15.5,150,2186.2,30.91641075335808,109.61649005326947,10000.0,412.74640487126226,2023-06-01,2025-10-06 10:49:38.539,19,8,1,1,1,0,0,1,1,0,0,1,0,0,0,0,1,0,0,0,0,0,0,0,0,1
CUS_0xc1bb,28097.2,2397.433333333333,0,7,4,0,7,8,1.4400000000000004,20,644.34,24.727425430106344,0.0,100.76894526239604,398.9743880709373,2023-06-01,2025-10-06 10:49:38.539,29,10,0,0,0,0,0,0,0,0,0,0,1,0,0,1,0,0,0,1,0,0,0,0,0,0
CUS_0x6440,47634.45,3678.5375,10,6,20,5,13,24,3.16,130,1626.64,23.241189356815056,170.661809861902,354.4837712652318,132.7081688728661,2023-06-01,2025-10-06 10:49:38.539,14,8,0,1,1,1,0,0,0,0,1,1,0,0,0,0,0,0,1,0,0,0,1,0,0,0
CUS_0x6902,48144.78,3994.065,7,6,28,6,22,20,4.59,70,3150.66,37.38749146595331,217.2670402691009,10000.0,175.64647682241966,2023-06-01,2025-10-06 10:49:38.539,7,6,1,0,0,1,0,0,1,0,1,1,0,0,0,0,0,1,0,0,0,0,1,0,0,0
CUS_0x6c95,32273.01,2800.4175,1,4,2,3,6,1,0.06000000000000005,30,1362.01,34.76758334577743,65.04265706310916,330.1884228190585,174.81067011783242,2023-06-01,2025-10-06 10:49:38.539,15,9,1,0,0,0,0,1,0,0,0,0,0,0,0,1,0,0,0,0,0,0,1,0,0,0
CUS_0xa0eb,65599.92,5680.66,9,7,27,3,36,8,19.83,100,1270.15,24.399696977931686,100.19981688974588,306.3553809371508,451.5108021731034,2023-06-01,2025-10-06 10:49:38.539,12,8,0,0,0,1,0,0,0,0,1,1,0,0,0,0,1,0,0,0,0,0,1,0,0,0
CUS_0xb0a3,29627.53,2179.960833333333,3,6,12,0,23,20,0.0,20,363.45,26.86760676160351,0.0,35.64154914038857,432.3545341929448,2023-06-01,2025-10-06 10:49:38.539,16,4,0,0,0,0,0,0,0,0,0,1,0,0,0,0,1,0,0,0,1,0,0,0,0,0
CUS_0x104e,19180.87,1688.405833333333,8,4,18,4,5,17,9.32,60,1127.57,29.46533771819808,57.36421100960239,107.98322725525713,263.49314506847384,2023-06-01,2025-10-06 10:49:38.539,25,2,0,1,0,0,0,0,0,1,1,0,1,0,0,0,1,0,0,1,0,0,0,0,0,0
CUS_0x8c52,41715.11,3395.2591666666667,0,4,4,0,11,11,10.09,40,1494.8,24.484923376427368,0.0,70.76603586631532,528.7598808003514,2023-06-01,2025-10-06 10:49:38.539,33,4,0,0,0,0,0,0,0,0,0,0,1,0,0,1,0,0,0,1,0,0,0,0,0,0
CUS_0x149e,78156.39,6526.0325,5,259,8,4,9,18,6.34,40,884.79,29.80776345076997,154.79813836992918,651.1103949823222,126.69471664774885,2023-06-01,2025-10-06 10:49:38.539,24,6,0,0,1,1,0,1,1,0,0,0,1,0,0,0,0,0,1,0,0,0,0,1,0,0
CUS_0x67eb,14709.335,1510.777916666667,1,5,8,0,12,6,0.0,40,555.74,33.29748333825886,0.0,107.1566145646772,333.92117710198954,2023-06-01,2025-10-06 10:49:38.539,30,8,0,0,0,0,0,0,0,0,0,0,1,0,0,1,0,0,0,0,0,0,1,0,0,0
CUS_0x9f9,74913.76,6443.813333333333,2,4,5,3,13,4,3.57,40,558.21,38.36955702555208,170.93439730824542,57.36166741562168,656.0852686094662,2023-06-01,2025-10-06 10:49:38.539,17,2,0,0,0,0,1,1,0,0,0,0,0,0,0,0,0,0,1,0,0,1,0,0,0,0
CUS_0x4197,59103.06,4806.255,8,6,7,0,29,9,2.57,70,1428.53,28.028776291092115,0.0,181.28934330076282,549.3361566992372,2023-06-01,2025-10-06 10:49:38.539,16,2,0,0,0,0,0,0,0,0,0,0,0,0,0,1,0,0,0,0,1,0,0,0,0,0
CUS_0x5c2,27242.8,2434.233333333333,5,4,15,6,19,18,19.5,70,881.36,30.541656088603894,73.81546182149368,217.89633193216142,231.71153957967826,2023-06-01,2025-10-06 10:49:38.539,17,4,1,0,0,1,1,0,1,1,0,1,0,0,0,0,1,0,0,0,0,0,0,1,0,0
CUS_0x8b8e,43531.82,3844.651666666666,4,4,6,4,12,19,11.38,90,1010.08,25.95264512377197,88.12588071391032,121.28379778175524,425.0554881710011,2023-06-01,2025-10-06 10:49:38.539,7,2,0,1,1,0,0,1,1,0,0,1,0,0,0,0,1,0,0,0,0,0,0,0,0,1
CUS_0xacf,152104.68,11526.08678887046,2,3,11,1,16,3,0.76,70,370.63,40.430820282745145,1192.006302829242,162.3684118429907,1223.2674964573084,2023-06-01,2025-10-06 10:49:38.539,23,11,0,0,1,0,0,0,0,0,0,0,1,0,0,0,0,0,1,0,0,1,0,0,0,0
CUS_0xc2c0,14198.91,1099.2425,6,7,6,6,17,21,18.44,60,603.87,25.189215968489705,70.49609995083726,39.068806770719256,250.35934327844348,2023-06-01,2025-10-06 10:49:38.539,8,9,0,1,1,1,0,0,1,1,1,0,0,0,0,0,1,0,0,0,1,0,0,0,0,0
CUS_0x105c,127617.6,10596.8,0,4,5,3,3,6,12.22,0,542.91,39.87736764081963,211.05460599751723,10000.0,861.6006703641515,2023-06-01,2025-10-06 10:49:38.539,24,4,1,0,0,0,1,0,0,1,0,0,1,0,0,1,0,0,0,0,1,0,0,0,0,0
CUS_0x166c,43016.7,3853.725,7,7,27,6,60,11,18.66,100,2136.77,31.048329517715665,131.24895370254958,100.83781712059013,403.2857291768603,2023-06-01,2025-10-06 10:49:38.539,12,0,0,0,0,1,1,1,1,1,0,0,0,0,0,0,1,0,0,0,1,0,0,0,0,0
CUS_0x43c2,149616.12,12713.01,3,7,3,2,6,2,3.13,13930,644.39,30.724890196403518,183.3830941535101,454.9945536658509,882.9233521806392,2023-06-01,2025-10-06 10:49:38.539,15,11,1,0,0,1,0,0,0,0,0,0,1,0,0,1,0,0,0,0,1,0,0,0,0,0
CUS_0x1136,37360.94,2864.411666666667,10,5,33,5,44,12,0.0,110,1271.23,36.19634556049452,93.34174656716053,254.47810388792874,228.62131621157747,2023-06-01,2025-10-06 10:49:38.539,11,10,1,1,0,0,1,0,1,0,1,1,0,0,0,0,1,0,0,0,0,0,1,0,0,0
CUS_0x7ad7,17728.55,1565.3791666666666,3,6,12,7,23,15,15.91,60,1493.28,23.680638310838088,63.72201053671426,108.05997315858444,274.755932971368,2023-06-01,2025-10-06 10:49:38.539,7,10,1,1,1,1,0,0,0,1,0,1,0,0,0,0,1,0,0,0,0,0,1,0,0,0
CUS_0x81f2,134038.64,10878.886666666667,6,3,18,2,23,18,8.99,60,1031.51,34.34172705971867,187.9711116102856,563.478771704564,596.4387833518173,2023-06-01,2025-10-06 10:49:38.539,18,3,0,0,1,0,0,0,0,1,0,1,0,0,0,0,1,0,0,1,0,0,0,0,0,0
CUS_0xa2a7,17715.66,1486.305,6,5,23,6,52,20,15.48,140,4609.86,39.428588572137926,21833.0,80.7112300002335,305.2093378913128,2023-06-01,2025-10-06 10:49:38.539,8,6,1,0,0,1,1,0,1,0,0,0,0,0,0,0,0,1,0,0,0,0,1,0,0,0
CUS_0x9d77,20082.58,1540.5483333333334,6,9,33,5,33,17,27.01,140,4230.46,24.89143117554493,66.0524603191935,90.66063827389162,257.3417347402483,2023-06-01,2025-10-06 10:49:38.539,4,5,0,0,1,0,0,1,1,1,0,0,0,0,0,0,0,1,0,1,0,0,0,0,0,0
CUS_0x22f4,20501.07,1731.4225,7,3,19,3,17,10,18.24,70,2012.25,31.87763237083077,41.56981564025331,227.039688778868,194.53274558087867,2023-06-01,2025-10-06 10:49:38.539,7,8,1,0,0,0,0,0,1,0,0,1,0,0,0,0,1,0,0,0,0,0,1,0,0,0
CUS_0x529b,43900.02,3548.3350000000005,8,8,30,4,15,16,14.4,150,2597.2,36.130463741393015,111.51960804411614,281.87574085396113,251.43815110192287,2023-06-01,2025-10-06 10:49:38.539,16,0,0,0,0,0,0,1,1,1,0,1,0,0,0,0,1,0,0,0,0,0,1,0,0,0
CUS_0x68cf,9389.1,950.425,7,9,34,9,19,22,20.29,110,2858.56,35.47447513171444,64.1819367179464,52.81070190530725,248.0498613767464,2023-06-01,2025-10-06 10:49:38.539,11,4,1,1,0,1,0,1,0,1,0,1,0,0,0,0,0,1,0,0,0,0,0,0,1,0
CUS_0xac0d,15873.84,1114.82,7,6,34,6,19,20,18.38,90,4733.69,26.179882572579857,65.71693367809357,54.549832114770076,271.2152342071364,2023-06-01,2025-10-06 10:49:38.539,11,0,0,1,0,0,1,1,0,1,1,1,0,0,0,0,0,0,1,0,0,0,0,1,0,0
CUS_0x245d,22147.105,1938.5920833333328,0,4,4,1,4,3,0.0,70,947.58,37.055241051756575,9.829845999398689,125.0398159051766,328.98954642875805,2023-06-01,2025-10-06 10:49:38.539,20,6,0,0,0,0,0,1,0,0,0,0,1,0,0,1,0,0,0,0,0,0,0,0,1,0
CUS_0x70bd,55299.72,4896.31,5,4,23,2,18,7,11.94,100,2013.21,31.48223494553061,83.66941405052296,244.21706714110184,431.7445188083752,2023-06-01,2025-10-06 10:49:38.539,11,9,0,1,0,0,0,0,1,0,0,1,0,0,0,0,0,0,1,0,0,0,0,0,1,0
CUS_0x927d,35719.4,2802.616666666667,4,3,11,2,12,10,8.54,70,1468.61,31.46812484465157,48.00661005084776,369.1795636169537,153.07549299886517,2023-06-01,2025-10-06 10:49:38.539,21,1,0,0,0,0,0,0,1,1,0,0,1,0,0,0,0,0,1,0,0,0,0,0,0,1
CUS_0xb5e3,32763.68,2616.306666666667,7,7,5,4,16,13,16.3,80,574.82,38.43556930982807,99.19011378356296,100.35393134065916,322.08662154244456,2023-06-01,2025-10-06 10:49:38.539,18,10,1,0,0,0,1,0,0,0,1,1,0,0,0,0,1,0,0,1,0,0,0,0,0,0
CUS_0x2479,8083.345,661.1905252077282,4,8,32,4,6,14,14.15,80,1827.5,27.642759422812237,11023.0,92.75960239212314,253.5969929851868,2023-06-01,2025-10-06 10:49:38.539,19,4,1,1,0,0,0,0,0,1,1,1,0,0,0,0,1,0,0,0,0,0,1,0,0,0
CUS_0x3595,33276.28,2826.023333333333,4,4,11,4,2,14,3.9,90,371.78,28.35511045255361,68.75598032938957,191.40778713746224,282.43856586648155,2023-06-01,2025-10-06 10:49:38.539,28,4,1,1,0,0,1,0,0,0,1,0,1,0,0,1,0,0,0,0,0,0,0,0,0,1
CUS_0x6b5f,50352.39,4480.0325,9,10,32,8,41,22,27.46,110,4362.59,29.41595304635832,258.7163491099946,53.890580369309966,375.3963205206953,2023-06-01,2025-10-06 10:49:38.539,3,8,1,1,1,0,0,0,1,0,1,1,0,0,0,0,0,1,0,0,0,1,0,0,0,0
CUS_0x79c1,76428.0,6532.0,10,7,16,6,38,16,12.12,120,2136.57,24.351594351308748,330.756313581311,384.2083544836421,208.23533193504693,2023-06-01,2025-10-06 10:49:38.539,13,11,0,1,1,1,0,0,0,1,0,1,0,0,0,0,0,1,0,0,0,0,0,0,1,0
CUS_0x98c2,48646.5,4230.875,1558,7,7,0,9,12,5.13,30,723.55,37.268936073103454,0.0,262.95935312758814,420.1281468724119,2023-06-01,2025-10-06 10:49:38.539,20,6,0,0,0,0,0,0,0,0,0,1,0,0,0,0,1,0,0,0,0,0,0,0,0,1
CUS_0x9f70,118248.6,10115.05,5,1,4,0,18,13,3.69,80,191.09,29.427164843543963,0.0,614.4651135333024,687.0398864666978,2023-06-01,2025-10-06 10:49:38.539,17,8,0,0,0,0,0,0,0,0,0,0,0,0,0,1,0,0,0,0,0,0,1,0,0,0
CUS_0x6d28,44512.24,3701.353333333333,8,4,13,3,5,9,18.8,80,939.29,28.525284009451116,71.90679931444103,76.87242177892631,481.35611223996597,2023-06-01,2025-10-06 10:49:38.539,22,11,0,0,0,1,0,0,0,1,0,1,0,0,0,0,1,0,0,1,0,0,0,0,0,0
CUS_0x3e45,54392.16,4766.68,6,4,14,3,10,8,5.54,70,179.22,32.8788050668308,124.39208242092045,495.1178978821161,147.15801969696355,2023-06-01,2025-10-06 10:49:38.539,27,5,0,0,0,1,1,1,0,0,0,1,0,0,0,0,1,0,0,0,0,0,1,0,0,0
CUS_0x8af4,37754.78,3395.231666666666,2,6,8,1,17,6,4.13,30,1120.55,30.687418131411327,26.562331206284288,149.25753130434424,433.70330415603803,2023-06-01,2025-10-06 10:49:38.539,29,2,0,0,0,0,0,0,1,0,0,0,1,0,0,1,0,0,0,0,0,0,0,0,1,0
CUS_0x7528,57459.36,4839.28,8,7,15,5,5,17,18.18,110,2124.47,38.037912385242045,222.16687979770305,168.64079842430766,343.1203217779893,2023-06-01,2025-10-06 10:49:38.539,9,6,0,1,0,1,1,0,1,1,0,1,0,0,0,0,0,0,1,0,1,0,0,0,0,0
CUS_0xa843,76804.72,5942.743352469733,9,9,16,8,15,2587,25.93,80,4811.23,34.22130240780554,774.4483166238817,249.27839029537884,378.9626072776739,2023-06-01,2025-10-06 10:49:38.539,1,6,1,0,1,1,1,1,0,1,0,0,0,0,0,0,0,1,0,0,1,0,0,0,0,0
CUS_0xc0b7,89531.94,7227.995,3,3,8,1,7,12,16.95,80,1471.5,29.31813856784853,44.13871635354904,10000.0,845.6165483724327,2023-06-01,2025-10-06 10:49:38.539,22,8,1,0,0,0,0,0,0,0,0,1,0,0,0,0,0,0,1,0,1,0,0,0,0,0
CUS_0x27a4,42731.9,3459.991666666667,7,5,7,0,22,9,7.85,0,96.85,36.953660187390426,0.0,136.5110654148857,489.488101251781,2023-06-01,2025-10-06 10:49:38.539,30,0,0,0,0,0,0,0,0,0,0,0,1,0,0,0,0,0,1,0,0,0,0,1,0,0
CUS_0x7238,32530.44,2935.87,10,6,25,3,39,20,20.29,110,1560.96,34.23827368876661,41.292979550427255,53.932643127459365,448.36137732211336,2023-06-01,2025-10-06 10:49:38.539,13,3,1,0,0,1,0,0,0,0,1,1,0,0,0,0,0,1,0,0,1,0,0,0,0,0
CUS_0x9903,109981.6,9239.133333333331,4,4,11,4,27,19,5.67,40,873.07,25.46598809807553,351.9905141190896,273.74318750546,578.179631708784,2023-06-01,2025-10-06 10:49:38.539,26,5,0,1,1,0,0,0,1,1,0,0,1,0,0,0,1,0,0,0,0,0,1,0,0,0
CUS_0x3597,53466.60000000001,4156.55,9,6,26,3,21,18,9.76,130,1402.55,36.47133494510588,90.887523470686,147.88354823247144,436.88392829684256,2023-06-01,2025-10-06 10:49:38.539,10,4,0,1,1,0,0,0,1,0,0,0,0,0,0,0,0,0,1,1,0,0,0,0,0,0
CUS_0xae0a,38635.95,3048.6625,2,2,4,4,4,10,14.63,40,562.21,38.92666042577503,66.37896276000392,163.47298538606927,365.01430185392684,2023-06-01,2025-10-06 10:49:38.539,30,9,0,0,1,0,0,1,0,0,0,0,1,0,0,1,0,0,0,0,0,0,1,0,0,0
CUS_0x145c,41588.74,3201.728333333333,5,3,7,2,14,6,8.95,60,630.25,37.95536601491455,61.942865755910894,48.676018837979676,459.55394873944266,2023-06-01,2025-10-06 10:49:38.539,26,11,0,0,0,1,0,0,0,0,1,0,1,0,0,1,0,0,0,0,1,0,0,0,0,0
CUS_0x17ef,83947.72,7167.6433333333325,5,4,9,3,6,0,4.19,0,954.9,39.79534935676897,176.48371828043418,237.89188920255432,582.3887258503448,2023-06-01,2025-10-06 10:49:38.539,27,3,0,0,0,0,1,1,0,1,0,0,1,0,0,0,0,0,1,0,0,0,0,1,0,0
CUS_0x2618,11458.24,1185.8533333333337,4,7,13,3,21,14,3.01,80,1227.03,34.57890371193686,20.89483924870317,25.405793318931146,332.2847007656991,2023-06-01,2025-10-06 10:49:38.539,33,3,1,0,0,1,0,0,0,1,0,0,1,0,0,0,0,0,1,1,0,0,0,0,0,0
CUS_0x445,36971.44,3370.953333333333,9,7,32,5,56,18,9.78,100,1685.12,38.74864763117478,100.2303566342488,116.72726577859669,410.1377109204879,2023-06-01,2025-10-06 10:49:38.539,15,5,0,0,0,0,1,1,0,1,1,1,0,0,0,0,0,1,0,0,0,0,1,0,0,0
CUS_0xbd08,28922.03,2548.1691666666666,2,7,1,0,19,5,11.99,30,1329.59,23.417315701665807,0.0,80.14739518464181,454.66952148202483,2023-06-01,2025-10-06 10:49:38.539,33,4,0,0,0,0,0,0,0,0,0,0,1,0,0,0,0,0,1,0,0,0,0,1,0,0
CUS_0x41ea,37261.31,2948.109166666666,5,2,5,4,8,2,1.01,10,95.89,24.367148857454147,123.11407151851354,114.61793580170065,317.07890934645246,2023-06-01,2025-10-06 10:49:38.539,19,10,0,0,0,0,1,1,0,1,1,0,1,0,0,1,0,0,0,1,0,0,0,0,0,0
CUS_0x689e,41983.29,3389.6075,2,3,4,3,23,8,10.45,70,1058.68,29.3251109976691,100.02288508408738,96.60582223763363,392.33204267827904,2023-06-01,2025-10-06 10:49:38.539,25,4,0,0,1,0,0,0,0,1,1,0,1,0,0,1,0,0,0,0,1,0,0,0,0,0
CUS_0x7633,27910.59,2598.8825,3,7,14,2,29,16,6.960000000000001,50,229.47,29.11887198652813,36.628733932760895,105.40247069490522,338.3354143357404,2023-06-01,2025-10-06 10:49:38.539,29,2,0,0,0,1,0,0,0,1,0,1,0,0,0,0,1,0,0,0,0,0,1,0,0,0
CUS_0xbb21,14329.24,1173.1033333333332,9,5,21,9,49,21,5.85,70,2182.6,34.73956734312026,100.67619411489608,77.30989198382169,219.32424723461557,2023-06-01,2025-10-06 10:49:38.539,9,5,0,1,0,1,1,0,1,1,1,1,0,0,0,0,0,1,0,0,0,0,0,1,0,0
CUS_0xdac,15375.98,1348.3316666666667,2,5,3,0,10,12,3.93,50,769.87,23.652417588884287,0.0,10000.0,367.87161406792427,2023-06-01,2025-10-06 10:49:38.539,32,0,0,0,0,0,0,0,0,0,0,0,1,0,0,1,0,0,0,0,0,0,0,0,1,0
CUS_0x14ca,122028.48,9899.04,2,7,8,3,28,11,10.35,90,53.04,35.70741540929008,290.51853718170645,79.7724499037232,859.6130129145703,2023-06-01,2025-10-06 10:49:38.539,25,10,1,0,0,0,0,0,1,0,1,0,1,0,0,1,0,0,0,0,0,1,0,0,0,0
CUS_0xc1c9,24199.24,1951.6033333333328,3,7,6,1,29,14,0.67,40,784.35,38.036707094098304,13.886305431201704,48.205425332608755,393.06860256952285,2023-06-01,2025-10-06 10:49:38.539,21,8,0,0,1,0,0,0,0,0,0,0,1,0,0,1,0,0,0,1,0,0,0,0,0,0
CUS_0x75ce,23882.98,2271.248333333333,4,3,11,1,9,17,10.91,60,315.1,28.94649019886045,16.00940815310669,115.6563571834818,385.45906799674486,2023-06-01,2025-10-06 10:49:38.539,16,6,0,0,0,0,0,0,0,1,0,0,0,0,0,0,1,0,0,0,0,0,1,0,0,0
CUS_0xb173,18263.99,1722.999166666667,8,5,19,0,53,22,16.34,100,3232.0,35.40264579427561,76.67337711183298,56.71566614863897,288.91087340619475,2023-06-01,2025-10-06 10:49:38.539,2,2,1,1,1,0,0,0,1,1,1,0,0,0,0,0,0,1,0,0,0,0,0,0,0,1
CUS_0x6daf,130076.8,10613.733333333334,4,3,10,3,21,15,10.43,0,6.49,37.05243548459421,302.0151708669257,938.716000720318,100.64216174608977,2023-06-01,2025-10-06 10:49:38.539,29,2,0,1,0,0,0,0,0,0,0,0,1,0,0,0,1,0,0,0,0,0,0,1,0,0
CUS_0x98e3,68636.44,5542.48324463788,7,3,7,4,29,9,21.15,80,288.22,24.18235545842477,18287.0,266.9722446162703,362.9671571776939,2023-06-01,2025-10-06 10:49:38.539,24,6,0,0,1,0,0,0,1,1,1,1,0,0,0,0,1,0,0,0,0,0,0,0,0,1
CUS_0x1db0,17592.34,1461.0283333333334,7,3,17,5,25,14,16.130000000000006,50,2138.95,34.62008820098844,59.32681410590276,187.23156984604202,189.54444938138846,2023-06-01,2025-10-06 10:49:38.539,11,4,0,1,1,1,1,0,0,1,0,1,0,0,0,0,0,0,1,0,0,0,1,0,0,0
CUS_0x2822,68763.14,5520.261666666666,5,2,1,2,0,6,6.7200000000000015,50,1304.38,38.54986692134437,72.94696155087105,225.72796268842745,503.3512424273681,2023-06-01,2025-10-06 10:49:38.539,24,0,0,0,0,0,0,0,1,0,0,0,1,0,0,0,0,0,1,0,1,0,0,0,0,0
CUS_0x398f,45379.77,3995.6475000000014,8,9,21,6,21,20,19.24,100,2630.87,35.684696336950566,160.87762165094205,47.27190236738475,431.4152259816733,2023-06-01,2025-10-06 10:49:38.539,13,5,1,1,1,0,0,0,1,1,0,1,0,0,0,0,0,0,1,0,0,1,0,0,0,0
CUS_0x8316,68110.83,5469.9025,5,7,9,3,21,14,19.13,10,147.77,32.14500578654974,102.6910617874959,175.62163827334325,518.6775499391608,2023-06-01,2025-10-06 10:49:38.539,30,8,0,0,0,1,0,0,1,0,0,1,0,0,0,0,0,0,1,0,1,0,0,0,0,0
CUS_0x9daa,36137.59,2876.465833333333,3,4,2,4,6,0,7.21,20,1261.71,29.187554463266306,73.14084220712401,109.29722897934342,355.20851214686587,2023-06-01,2025-10-06 10:49:38.539,27,9,0,1,0,0,0,0,0,0,1,0,1,0,0,1,0,0,0,0,1,0,0,0,0,0
CUS_0xba93,57838.06,4617.838333333333,3,4,8,2,15,3,0.75,0,1362.1,25.867923503119307,83.81748259925727,414.77394325604286,243.19240747803315,2023-06-01,2025-10-06 10:49:38.539,24,4,0,0,0,0,0,1,0,1,0,0,1,0,0,0,0,0,1,0,0,0,0,1,0,0
CUS_0x8812,31170.53,2854.544166666666,1,5,6,2,14,7,7.55,40,462.11,37.0648878844689,35.03164263146328,122.95883050930492,417.4639435258985,2023-06-01,2025-10-06 10:49:38.539,25,3,1,0,0,0,0,0,0,0,0,0,1,0,0,0,0,0,1,0,0,0,1,0,0,0
CUS_0x9867,104506.98,8986.915,5,1,3,4,9,8,10.61,20,684.55,33.73603390130862,340.1049572228566,628.9264285430497,219.6601142340937,2023-06-01,2025-10-06 10:49:38.539,33,8,1,0,0,1,1,0,1,0,0,0,1,0,0,1,0,0,0,0,0,0,0,0,0,1
CUS_0x86da,19294.46,1392.871666666667,10,5,22,8,50,19,2.06,90,2233.25,27.16688508977563,86.26888578572189,106.9134743239035,236.10480655704131,2023-06-01,2025-10-06 10:49:38.539,19,5,1,1,1,1,1,0,1,0,0,1,0,0,0,0,0,0,1,0,0,0,1,0,0,0
CUS_0xbd59,105226.98,8744.915,1,2,8,4,12,6,6.67,80,1010.06,36.40985256100355,210.25067319639788,179.99670383781125,724.2441229657909,2023-06-01,2025-10-06 10:49:38.539,26,10,0,1,0,0,0,1,1,1,0,0,1,0,0,1,0,0,0,0,0,1,0,0,0,0
CUS_0x5c3f,16212.015,1226.00125,6,5,15,0,10,13,3.31,50,1400.27,23.592149974738888,0.0,75.53966913821817,327.0604558617818,2023-06-01,2025-10-06 10:49:38.539,26,6,0,0,0,0,0,0,0,0,0,0,1,0,0,0,0,0,1,0,0,0,0,1,0,0
CUS_0x7e63,18622.57,1766.8808333333334,3,3,12,3,4,1,4.85,40,117.58,26.816817767643126,30.635717780201627,10000.0,288.28085014366553,2023-06-01,2025-10-06 10:49:38.539,32,6,0,0,1,0,0,0,1,1,0,0,1,0,0,1,0,0,0,0,0,0,0,1,0,0
CUS_0xa055,107157.12,9178.76,8,6,9,0,23,19,5.9,20,182.91,41.38483523770177,0.0,295.6267537973595,902.2492462026407,2023-06-01,2025-10-06 10:49:38.539,26,5,0,0,0,0,0,0,0,0,0,0,0,0,0,0,0,0,1,0,0,0,0,1,0,0
CUS_0xa66,57994.96,4653.913333333333,3,5,1,2,9,1,9.56,60,1096.7,39.45792216851423,79153.0,66.29249248052707,546.6274012297146,2023-06-01,2025-10-06 10:49:38.539,18,8,0,0,0,0,1,1,0,0,0,0,1,0,0,1,0,0,0,0,0,1,0,0,0,0
CUS_0xba7e,81658.48,7016.873333333332,9,8,33,7,26,659,3.21,110,2396.62,26.66132011169146,393.1342108126551,219.35022357009083,359.20289895058744,2023-06-01,2025-10-06 10:49:38.539,17,1,0,0,1,1,1,1,1,0,0,1,0,0,0,0,0,1,0,0,0,0,0,0,0,1
CUS_0x2c13,15591.37,1349.2808333333337,5,7,26,2,5,15,18.5,130,1314.77,22.738948504486785,16.356494047018206,131.82826899507612,276.743320291239,2023-06-01,2025-10-06 10:49:38.539,6,9,0,0,1,0,1,0,0,0,0,1,0,0,0,0,1,0,0,0,0,0,1,0,0,0
CUS_0x4aef,20137.56,1977.13,6,5,30,2,19,19,10.17,80,2577.87,27.35594757464408,31.67468056819988,31.6935929941437,380.38422060807306,2023-06-01,2025-10-06 10:49:38.539,6,2,0,0,0,0,0,0,1,0,0,1,0,0,0,0,0,0,1,1,0,0,0,0,0,0
CUS_0x5029,31866.94,2900.578333333333,2,1,8,0,12,6,2.36,0,879.74,34.300137608622826,0.0,70.88130112534758,459.17653220798576,2023-06-01,2025-10-06 10:49:38.539,29,3,0,0,0,0,0,0,0,0,0,0,1,0,0,1,0,0,0,0,0,1,0,0,0,0
CUS_0x8b6f,126982.68,9032.198036759755,0,6,1,0,10,9,7.26,40,1351.84,35.025757843090226,1511.691963240243,295.87990890681334,1008.5090910931866,2023-06-01,2025-10-06 10:49:38.539,25,6,0,0,0,0,0,0,0,0,0,0,1,0,0,1,0,0,0,0,1,0,0,0,0,0
CUS_0xccc,40193.94,3403.495000000001,4,1,6,4,6,3,7.4,10,967.5,32.54587270944859,84.36453064788138,220.15708691793282,295.8278824341859,2023-06-01,2025-10-06 10:49:38.539,25,9,0,0,0,1,0,0,0,1,0,0,1,0,0,1,0,0,0,1,0,0,0,0,0,0
CUS_0x1972,54858.75,4327.5625,7,7,16,5,4,19,11.74,50,2229.82,36.640164455112206,144.29915839059998,170.1765368509234,368.28055475847674,2023-06-01,2025-10-06 10:49:38.539,20,0,1,0,0,0,0,0,1,0,1,1,0,0,0,0,1,0,0,0,1,0,0,0,0,0
CUS_0xd22,33208.95,3034.4125,7,6,17,5,19,14,18.98,90,559.23,34.6392188416478,98.0570899250236,73.91764425068187,371.46651582429456,2023-06-01,2025-10-06 10:49:38.539,13,10,0,1,1,1,0,0,1,0,0,1,0,0,0,0,1,0,0,0,0,0,0,0,0,1
CUS_0xa86b,26733.39,2071.7825,8,6,9,4,22,13,10.97,10,1413.64,34.35749965053004,49.94217203578376,20.141363393270677,377.0947145709456,2023-06-01,2025-10-06 10:49:38.539,26,2,1,1,1,0,0,1,0,0,0,0,1,0,0,1,0,0,0,0,0,1,0,0,0,0
CUS_0x18c5,140947.8,11496.65,5,7,5,2,9,2438,8.08,90,1348.57,27.625146720722505,224.2138181230981,432.96374940904985,762.4874324678518,2023-06-01,2025-10-06 10:49:38.539,19,5,0,0,1,1,0,0,0,0,0,1,0,0,0,0,1,0,0,0,0,0,0,0,1,0
CUS_0x418,14924.12,1347.6766666666667,8,7,16,2,7,17,10.8,70,22.71,23.47365771996025,19.92836450656589,27.925202525404593,346.9140996346962,2023-06-01,2025-10-06 10:49:38.539,11,5,0,0,0,0,0,1,0,1,0,1,0,0,0,0,1,0,0,1,0,0,0,0,0,0
CUS_0x4505,20257.28,1916.1066666666663,4,5,16,1,20,9,14.39,60,966.07,24.2222482737202,10.776501293315496,232.75869262716517,238.075472746186,2023-06-01,2025-10-06 10:49:38.539,26,9,1,0,0,0,0,0,0,0,0,1,0,0,0,0,1,0,0,0,0,0,1,0,0,0
CUS_0x5ecf,31736.14,2813.6783333333333,7,9,32,5,57,15,0.77,11890,2296.23,26.117017624045964,121.34799246448642,115.53758933670954,314.48225153213735,2023-06-01,2025-10-06 10:49:38.539,20,6,0,1,1,0,0,0,1,0,1,1,0,0,0,0,0,1,0,0,0,0,0,0,1,0
CUS_0x6ad2,35643.6,3046.3,4,3,9,0,29,19,16.48,120,171.98,34.83139270263001,60.03954017071801,81.04821259864895,413.5422472306331,2023-06-01,2025-10-06 10:49:38.539,6,4,0,1,0,1,0,0,0,0,0,1,0,0,0,0,1,0,0,0,1,0,0,0,0,0
CUS_0x6b24,17594.78,1481.2316666666666,10,6,29,7,50,23,5.55,150,2413.88,35.9861307067491,74.00056717550693,68.96089918458154,285.16170030657815,2023-06-01,2025-10-06 10:49:38.539,18,11,1,1,1,1,1,0,0,1,0,1,0,0,0,0,0,1,0,0,0,0,0,1,0,0
CUS_0x8715,32012.4,2380.7000000000007,1,1,3,1,1,2,7.03,0,1097.83,27.314112715801382,20.6442480548405,57.137252619967576,400.28849932519205,2023-06-01,2025-10-06 10:49:38.539,26,9,0,0,1,0,0,0,0,0,0,0,1,0,0,0,0,0,1,0,0,1,0,0,0,0
CUS_0x3c2c,85494.5,7336.541666666668,1,4,3,1,4,7,13.81,10,1351.71,33.21257836600561,35.745250709644125,81.76325983851208,856.1456561185105,2023-06-01,2025-10-06 10:49:38.539,15,11,1,0,0,0,0,0,0,0,0,0,1,0,0,1,0,0,0,0,0,1,0,0,0,0
CUS_0x5e96,20780.41,1643.700833333333,7,7,751,2,11,9,18.95,90,2140.2,25.63582695675955,20.133652405023245,200.5354012172066,233.70102971110347,2023-06-01,2025-10-06 10:49:38.539,10,8,0,0,0,0,0,1,0,0,0,1,0,0,0,0,1,0,0,0,0,0,1,0,0,0
CUS_0xa31b,106879.71,8676.6425,1,4,11,4,7,7,2.31,70,1057.95,23.73985332439205,182.65467474947567,449.35615555138537,495.653419699139,2023-06-01,2025-10-06 10:49:38.539,31,11,1,0,1,1,0,0,1,0,0,0,0,0,0,1,0,0,0,1,0,0,0,0,0,0
CUS_0xbd11,16264.7,1095.3916666666669,7,8,26,9,40,15,21.81,90,3408.89,30.56146575099801,81.57426045441845,61.58402204608185,256.3808841661664,2023-06-01,2025-10-06 10:49:38.539,5,0,1,0,1,0,1,1,1,1,0,1,0,0,0,0,0,1,0,0,0,0,1,0,0,0
CUS_0x7a79,104367.21,8486.2675,6,5,19,1,16,14,11.24,60,460.46,38.08585668069109,83.34945904489105,539.2674562873249,486.00983466778405,2023-06-01,2025-10-06 10:49:38.539,16,0,1,0,0,0,0,0,0,0,0,0,1,0,0,0,0,0,1,1,0,0,0,0,0,0
CUS_0x85f1,45109.52,4018.126666666666,6,6,1,4,15,12,8.71,0,651.79,41.13320104475729,93.56115936078731,108.62444254618708,459.6270647596923,2023-06-01,2025-10-06 10:49:38.539,25,10,1,1,1,0,0,1,0,0,0,0,1,0,0,0,1,0,0,1,0,0,0,0,0,0
CUS_0xa2f8,67691.12,5700.926666666666,5,3,1,1,10,3,2.23,40,176.43,31.06114300770784,34.9872371679211,42.78104948780523,732.3243800109402,2023-06-01,2025-10-06 10:49:38.539,19,9,1,0,0,0,0,0,0,0,0,0,1,0,0,0,0,0,1,0,0,1,0,0,0,0
CUS_0x362c,7844.045,767.6704166666667,9,10,22,6,28,16,8.25,90,2342.78,40.34481169742167,21.280483399075106,60.077396858729976,285.4091614088616,2023-06-01,2025-10-06 10:49:38.539,6,2,0,1,1,1,1,0,0,1,0,1,0,0,0,0,0,1,0,0,0,0,0,0,0,1
CUS_0x8cc1,31700.12,2635.6766666666667,5,5,12,3,15,4,11.02,30,1302.53,39.07834450883032,45.66368582698031,106.95715296079477,380.9468278788916,2023-06-01,2025-10-06 10:49:38.539,33,3,0,0,1,0,0,0,1,1,0,0,1,0,0,0,0,0,1,0,0,0,0,0,1,0
CUS_0x3dfe,39630.92,3169.5766666666664,8,7,6,4,8,9,0.0,90,2566.9,26.94636828299715,78.76279139032191,107.00052719020044,381.19434808614443,2023-06-01,2025-10-06 10:49:38.539,6,6,0,0,0,1,0,1,0,1,1,1,0,0,0,0,1,0,0,0,1,0,0,0,0,0
CUS_0x4a8f,34493.92,3043.4933333333333,9,10,24,7,20,17,25.16,130,4138.67,30.80773393705031,110.38309801613693,348.2669864999993,135.6992488171971,2023-06-01,2025-10-06 10:49:38.539,5,10,1,1,0,0,0,0,1,1,0,1,0,0,0,0,0,1,0,0,0,0,1,0,0,0
CUS_0x7cf1,36229.54,3012.1283333333336,2,6,11,1,6,7,1.1,30,1274.92,25.650741226084666,19.999566499140236,107.23241943856209,463.9808473956311,2023-06-01,2025-10-06 10:49:38.539,16,3,0,0,0,0,0,0,1,0,0,0,1,0,0,0,0,0,1,0,0,0,1,0,0,0
CUS_0x62be,141952.76,11726.396666666667,7,4,16,1,29,19,11.48,40,1498.17,31.52420453903209,109.7589025473806,973.5952880190331,359.2854761002532,2023-06-01,2025-10-06 10:49:38.539,29,0,1,0,0,0,0,0,0,0,0,1,0,0,0,0,0,0,1,0,0,0,0,0,0,1
CUS_0x6983,89495.67,7417.9725,1,4,9,2,0,3,6.84,40,1393.69,38.15991570764242,87.1462147142287,462.87460741571954,451.77642787005186,2023-06-01,2025-10-06 10:49:38.539,23,4,0,0,0,0,1,1,0,0,0,0,1,0,0,0,0,0,1,1,0,0,0,0,0,0
CUS_0xc2a1,20175.44,1782.2866666666666,10,7,23,3,35,18,16.18,60,1698.06,34.24119673096458,30.594520873881077,26.06557723050543,371.5685685622802,2023-06-01,2025-10-06 10:49:38.539,19,3,0,0,0,1,0,1,0,1,0,1,0,0,0,0,0,1,0,0,1,0,0,0,0,0
CUS_0x1319,138613.48,11706.123333333337,7,5,10,3,19,20,6.49,40,768.69,31.69324507637123,182.1762394242338,409.1683042628544,839.2677896462453,2023-06-01,2025-10-06 10:49:38.539,17,10,0,0,0,1,0,0,0,0,0,0,1,0,0,0,0,0,1,1,0,0,0,0,0,0
CUS_0x1aee,100465.13999999998,8279.095,4,3,11,0,2,13,7.16,20,990.2,31.267312110114545,0.0,409.242246085755,698.667253914245,2023-06-01,2025-10-06 10:49:38.539,32,10,0,0,0,0,0,0,0,0,0,0,1,0,0,1,0,0,0,0,0,0,0,1,0,0
CUS_0x2b76,25580.34,1886.695,5,3,7,2,22,10,15.39,60,17.6,38.65413188587576,31.8157283435072,52.8396592517348,374.01411240475807,2023-06-01,2025-10-06 10:49:38.539,19,11,0,1,0,0,0,0,0,1,0,1,0,0,0,0,0,0,1,0,0,0,0,0,1,0
CUS_0x36c4,20817.92,1647.8266666666666,4,3,1,3,9,1,5.2,20,822.51,26.249806113447534,28.04896359252664,148.9006463056345,277.83305676850557,2023-06-01,2025-10-06 10:49:38.539,30,3,0,1,0,1,0,0,1,0,0,0,1,0,0,1,0,0,0,0,0,0,1,0,0,0
CUS_0x40c8,91702.14,7455.845,5,7,10,3,13,5,3.87,20,233.12,36.61260515847557,64978.0,193.07947251657745,651.7779029639818,2023-06-01,2025-10-06 10:49:38.539,20,9,0,0,0,0,1,1,0,1,0,0,1,0,0,1,0,0,0,0,0,1,0,0,0,0
CUS_0x59a1,20373.24,1845.77,4,6,21,2,19,9,11.22,80,1517.43,36.44964396815661,21.476498190130105,117.11653951226221,335.98396229760766,2023-06-01,2025-10-06 10:49:38.539,19,2,0,0,1,0,1,0,0,0,0,1,0,0,0,0,1,0,0,0,0,0,1,0,0,0
CUS_0x5ae1,68713.48,5526.123333333332,7,9,18,6,49,22,9.88,100,2979.59,28.58109776610511,306.07790190253,570.0481006770117,1.5263103256080512,2023-06-01,2025-10-06 10:49:38.539,6,4,0,1,1,0,1,0,1,0,0,1,0,0,0,0,0,1,0,0,0,0,0,0,0,1
CUS_0x4ae9,121962.9,10055.575,0,4,11,3,9,5,5.66,50,339.01,43.01573308927925,182.09792085799057,301.0147469342876,772.4448322077219,2023-06-01,2025-10-06 10:49:38.539,31,3,1,0,0,1,0,1,0,0,0,0,0,0,0,1,0,0,0,0,1,0,0,0,0,0
CUS_0x5d0b,57846.48,4962.54,8,7,18,6,61,17,10.74,120,1881.05,38.78178894788446,268.65748784082285,584.2374769042176,429.14470829968184,2023-06-01,2025-10-06 10:49:38.539,14,4,0,0,1,0,1,1,0,1,0,1,0,0,0,0,0,1,0,0,0,1,0,0,0,0
CUS_0x4237,26918.38,2442.1983333333333,6,5,10,2,12,16,5.48,60,1054.9,40.6360781020017,43.92660964787593,91.11438388523969,369.17883980021765,2023-06-01,2025-10-06 10:49:38.539,26,0,0,0,0,0,0,1,0,0,1,1,0,0,0,0,1,0,0,1,0,0,0,0,0,0
CUS_0x6514,59438.91,5086.2425,6,7,33,9,38,22,5.35,90,2259.86,28.44346547733041,362.2704969092495,166.82672524174603,229.52702784900453,2023-06-01,2025-10-06 10:49:38.539,9,8,1,1,0,1,1,0,1,1,0,1,0,0,0,0,0,1,0,0,1,0,0,0,0,0
CUS_0x974,152148.92,12888.076666666668,1,3,9,0,5,4,2.45,10,1039.82,37.463804140749694,0.0,221.3661512424309,1307.4415154242356,2023-06-01,2025-10-06 10:49:38.539,17,8,0,0,0,0,0,0,0,0,0,0,1,0,0,1,0,0,0,0,0,1,0,0,0,0
CUS_0xb22f,34566.0,2636.5,1,5,2,3,30,11,8.01,50,1148.57,30.24245874607825,50.812743103816345,231.37696350529973,251.46029339088398,2023-06-01,2025-10-06 10:49:38.539,32,4,1,0,0,1,0,0,0,0,0,0,1,0,0,1,0,0,0,0,0,0,0,0,0,1
CUS_0xcad,16216.795,1454.399583333333,5,6,13,0,26,10,1.1,40,1470.14,36.76702840603899,0.0,100.081603434931,325.35835489840235,2023-06-01,2025-10-06 10:49:38.539,24,0,0,0,0,0,0,0,0,0,0,0,1,0,0,0,0,0,1,0,0,0,0,1,0,0
CUS_0x5929,8906.395,878.1995833333334,10,5,25,7,35,15,16.74,90,3037.28,31.967958551757704,34.32047258759422,80.61289725454942,252.88658849118968,2023-06-01,2025-10-06 10:49:38.539,8,0,1,0,1,1,1,1,1,0,0,1,0,0,0,0,0,0,1,0,0,0,0,1,0,0
CUS_0x84a9,21553.81,2065.150833333333,4,5,12,4,7,11,3.17,50,1187.52,32.072696577867625,61.66534437648651,27.406926168903023,357.4428127879438,2023-06-01,2025-10-06 10:49:38.539,32,2,0,1,0,0,0,1,0,1,0,0,0,0,0,1,0,0,0,0,0,1,0,0,0,0
CUS_0x92ec,104183.46,8830.955,4,5,8,1,15,11,5.89,50,244.23,41.51492409620357,72.75277450470475,139.13024287934863,911.2124826159468,2023-06-01,2025-10-06 10:49:38.539,27,0,0,0,0,0,0,1,0,0,0,0,1,0,0,0,1,0,0,0,0,1,0,0,0,0
CUS_0x9f7e,11431.775,930.6479166666668,8,6,16,4,7,15,0.52,30,117.57,37.288316510792015,29.485471340503853,56.64041714188321,266.93890318427964,2023-06-01,2025-10-06 10:49:38.539,17,4,0,0,1,0,1,0,0,0,1,0,1,0,0,0,0,0,1,1,0,0,0,0,0,0
CUS_0x783f,53106.54,4265.545,9,5,17,5,17,15,4.61,160,4381.27,31.67211717572492,131.14277928253023,95.97279686623258,439.4389238512372,2023-06-01,2025-10-06 10:49:38.539,14,6,1,1,0,0,0,1,0,0,1,1,0,0,0,0,0,1,0,0,0,1,0,0,0,0
CUS_0x9520,88014.39,7172.5325,4,5,17,2,13,13,16.02,50,1221.97,43.36026658835987,125.46648428785792,87.65994507896187,744.1268206331803,2023-06-01,2025-10-06 10:49:38.539,15,8,0,0,1,0,0,0,0,1,0,1,0,0,0,0,1,0,0,0,0,1,0,0,0,0
CUS_0xb29a,27676.16,2449.346666666667,3,7,2,2,29,11,0.0,20,1216.47,30.07890668154661,33.10159948616907,63.54111219650743,388.2919549839902,2023-06-01,2025-10-06 10:49:38.539,27,5,1,0,0,0,0,0,0,0,0,0,0,0,0,1,0,0,0,0,0,1,0,0,0,0
CUS_0xb362,71531.2,6170.9333333333325,9,7,8,3,15,12,4.2799999999999985,20,642.03,31.7264073948462,162.96910334937076,825.2909169149356,364.74349200613676,2023-06-01,2025-10-06 10:49:38.539,15,10,0,1,0,0,1,0,0,0,0,0,1,0,0,0,1,0,0,0,0,0,1,0,0,0
CUS_0x5de6,1.7741279E7,1507.335833333333,3,2,8,0,15,11,4.73,60,355.92,31.46411997685837,0.0,112.68005371783545,328.05352961549784,2023-06-01,2025-10-06 10:49:38.539,28,6,0,0,0,0,0,0,0,0,0,0,1,0,0,1,0,0,0,0,0,0,1,0,0,0
CUS_0x33e0,12427.74,767.645,6,6,11,4,20,11,9.61,10,223.93,30.355694917981623,33.808269077321896,100.67945458770359,232.27677633497453,2023-06-01,2025-10-06 10:49:38.539,27,5,0,1,0,0,0,1,0,1,1,0,1,0,0,1,0,0,0,0,0,0,1,0,0,0
CUS_0x7b27,57858.3,4868.525,6,6,25,5,21,21,19.39,90,2298.46,29.61275991386329,226.7060075164017,304.4367754105746,225.7097170730236,2023-06-01,2025-10-06 10:49:38.539,10,0,1,0,0,0,1,0,1,0,1,1,0,0,0,0,1,0,0,0,0,0,0,0,1,0
CUS_0xa751,19506.72,1605.5600000000004,10,6,16,7,33,15,20.72,90,4850.57,22.497343522759127,111.8767031211138,127.07911332274388,201.60018355614238,2023-06-01,2025-10-06 10:49:38.539,13,5,1,0,0,1,0,1,1,1,1,1,0,0,0,0,0,0,1,0,0,0,0,1,0,0
CUS_0xc02f,124033.96,10500.163333333334,0,4,12,4,12,3,10.9,10,574.88,29.374354883276556,264.30682230821753,578.3220055126483,477.38750551246767,2023-06-01,2025-10-06 10:49:38.539,19,4,0,0,1,0,0,1,1,1,0,0,1,0,0,1,0,0,0,0,0,0,0,0,1,0
CUS_0x25ae,21803.325,1765.94375,5,4,5,0,6,4,2.37,20,1315.1,30.885110671075488,0.0,200.17354758934619,266.4208274106538,2023-06-01,2025-10-06 10:49:38.539,22,2,0,0,0,0,0,0,0,0,0,0,1,0,0,1,0,0,0,0,0,0,1,0,0,0
CUS_0x567b,80396.86,6623.738333333334,5,7,9,0,8,11,10.47,0,1357.54,30.881981479734783,0.0,665.0311265156918,277.34270681764184,2023-06-01,2025-10-06 10:49:38.539,27,0,0,0,0,0,0,0,0,0,0,0,1,0,0,1,0,0,0,0,0,0,0,1,0,0
CUS_0x68cb,28623.51,2281.2925,8,6,9,3,23,23,16.13,40,176.43,32.44240926249336,52.94422187402113,10000.0,314.129145252968,2023-06-01,2025-10-06 10:49:38.539,6,8,0,1,0,0,1,0,0,1,0,1,0,0,0,0,0,0,1,1,0,0,0,0,0,0
CUS_0x39e0,80393.48,6645.456666666666,3,4,6,0,17,4,9.99,80,329.74,24.45286787449138,187.6645564795108,98.32748116481558,618.5536290223404,2023-06-01,2025-10-06 10:49:38.539,32,6,0,1,0,0,0,1,1,0,1,0,1,0,0,1,0,0,0,0,0,1,0,0,0,0
CUS_0x3969,16154.25,1273.1875,8,8,29,5,28,20,4.8,150,1426.76,26.02930808045071,33.767386483048256,93.54133290094342,280.01003061600835,2023-06-01,2025-10-06 10:49:38.539,16,5,0,1,1,0,0,0,1,0,0,1,0,0,0,0,0,1,0,0,0,0,0,1,0,0
CUS_0x42bc,11533.485,786.1237500000002,4,3,20,7,22,14,18.29,50,1278.39,38.915848443623325,44.61855570450804,43.44413020928229,250.54968908620967,2023-06-01,2025-10-06 10:49:38.539,16,0,1,1,0,1,0,0,1,0,1,1,0,0,0,0,1,0,0,1,0,0,0,0,0,0
CUS_0x649d,23767.59,2044.6325,8,1386,7,4,26,17,9.15,100,140.57,27.09654837916789,46.79928931592643,93.59919529998515,344.0647653840884,2023-06-01,2025-10-06 10:49:38.539,20,0,1,0,0,1,0,0,1,0,0,1,0,0,0,0,1,0,0,0,0,0,0,0,0,1
CUS_0x92c6,29388.66,2353.055,6,5,18,9,22,15,17.16,80,3777.68,39.01015883994656,139.98898741046958,83.09808817703411,292.2184244124963,2023-06-01,2025-10-06 10:49:38.539,1,4,1,1,0,1,1,1,1,0,0,1,0,0,0,0,0,1,0,0,0,0,0,1,0,0
CUS_0x8643,14205.09,1086.7575,7,10,21,8,33,21,19.42,160,4845.24,28.62089462573984,49.03239546911298,45.089126057845725,304.5542284730413,2023-06-01,2025-10-06 10:49:38.539,13,11,1,0,1,0,1,1,0,0,0,1,0,0,0,0,0,0,1,0,0,0,1,0,0,0
CUS_0xb8f4,116014.8,9907.9,2,528,2,3,7,4,1.31,60,1271.05,34.86549032216231,267.5292465940699,65.30255621274418,897.9581971931857,2023-06-01,2025-10-06 10:49:38.539,17,0,0,0,1,0,1,0,1,0,0,0,1,0,0,1,0,0,0,0,0,1,0,0,0,0
CUS_0x18c6,35728.54,3096.3783333333336,7,7,11,3,8,15,8.87,20,1229.33,36.419065716446816,58.72947069089575,177.9675743212755,362.940788321162,2023-06-01,2025-10-06 10:49:38.539,22,9,1,0,0,0,1,1,0,0,0,0,1,0,0,0,1,0,0,0,0,0,1,0,0,0
CUS_0x985e,63983.16,5318.93,9,8,30,7,42,21,22.34,150,3622.14,32.46128014326328,189.06015366753255,100.8422939562415,491.990552376226,2023-06-01,2025-10-06 10:49:38.539,11,2,0,0,0,1,1,0,1,1,0,1,0,0,0,0,0,0,1,0,1,0,0,0,0,0
CUS_0x68b5,12303.09,1243.2575,6,3,9,3,23,16,17.06,50,1328.11,31.83226480069068,26.763607167780485,84.04253415199075,303.5196086802288,2023-06-01,2025-10-06 10:49:38.539,18,9,0,0,0,0,0,1,0,1,0,0,0,0,0,0,1,0,0,0,0,0,0,0,0,1
CUS_0x275c,14535.49,998.2908333333332,7,10,22,8,57,18,20.4,130,3607.6,24.14700186187345,53.03908594277535,41.77173881264872,295.01825857790925,2023-06-01,2025-10-06 10:49:38.539,4,3,1,0,0,0,0,1,1,1,1,1,0,0,0,0,0,0,1,0,0,0,1,0,0,0
CUS_0x35c6,21051.145,1791.262083333333,1,6,8,1,0,9,7.38,20,90.3,28.24899761362657,15.495500542574383,207.69687516348918,245.93383262726974,2023-06-01,2025-10-06 10:49:38.539,17,5,0,1,0,0,0,0,0,0,0,0,1,0,0,1,0,0,0,0,0,0,1,0,0,0
CUS_0xb52f,61804.34,5228.361666666667,4,7,12,3,7,12,10.39,50,179.87,35.493839501166285,147.0159494621879,520.9867036750529,144.83351352942591,2023-06-01,2025-10-06 10:49:38.539,15,10,0,0,0,0,0,1,1,0,1,0,1,0,0,1,0,0,0,0,0,0,1,0,0,0
CUS_0xc56b,74780.48,6340.706666666666,7,6,24,4,62,16,15.72,70,1978.87,36.18706693823122,226.99758118484584,414.25599820738654,282.81708727443424,2023-06-01,2025-10-06 10:49:38.539,13,3,1,0,1,0,0,0,0,0,0,0,0,0,0,0,1,0,0,0,0,0,1,0,0,0
CUS_0xc6dd,48819.34,4181.278333333334,5,4,14,3,25,12,11.28,50,535.3,29.53230540447756,68.30643798263449,214.7817259796358,425.03966937106316,2023-06-01,2025-10-06 10:49:38.539,8,0,0,1,1,0,0,0,0,0,1,0,0,0,0,0,1,0,0,0,0,0,1,0,0,0
CUS_0x2bec,34565.73,2976.4775000000004,1,1,3,2,17,5,9.67,70,1429.23,28.776757383551725,33.14214135186324,70.59312281305158,433.9124858350852,2023-06-01,2025-10-06 10:49:38.539,28,6,0,0,0,0,0,0,0,1,0,0,0,0,0,1,0,0,0,0,0,1,0,0,0,0
CUS_0x6fff,43925.88,3889.49,1,3,7,0,0,6,8.84,0,107.51,25.155413925598783,0.0,10000.0,256.99659119298906,2023-06-01,2025-10-06 10:49:38.539,19,9,0,0,0,0,0,0,0,0,0,0,1,0,0,1,0,0,0,0,0,0,1,0,0,0
CUS_0x86c5,79264.86,6863.405,4,7,9,5,13,17,19.21,50,440.0,31.98461413981448,274.2932041696966,50.35052559665698,601.6967702336464,2023-06-01,2025-10-06 10:49:38.539,6,10,0,0,1,0,0,1,0,1,0,1,0,0,0,0,1,0,0,0,0,1,0,0,0,0
CUS_0x1dc2,9925.3,761.1083333333332,9,7,32,7,16,15,0.7000000000000002,110,3083.14,34.4497901094347,41.638195971465954,30.05528748770679,294.4173498741606,2023-06-01,2025-10-06 10:49:38.539,14,3,1,0,1,0,1,0,0,1,0,1,0,0,0,0,0,1,0,0,0,0,1,0,0,0
CUS_0x446c,8177.41,803.4508333333333,1574,10,22,7,14,19,17.02,70,1370.66,36.52849501219956,47.56149170415456,0.0,264.177017401801,2023-06-01,2025-10-06 10:49:38.539,17,10,1,0,1,0,1,1,0,0,0,0,0,0,0,0,1,0,0,0,0,1,0,0,0,0
CUS_0x7bf8,15820.155,1033.34625,8,7,15,2,24,9,11.67,10,1312.49,29.326287302858105,21.244551582415426,35.67936457626936,296.41070884131517,2023-06-01,2025-10-06 10:49:38.539,32,5,0,0,0,0,1,1,0,0,0,1,0,0,0,0,1,0,0,0,1,0,0,0,0,0
CUS_0x2b6e,19633.99,1720.1658333333337,7,1196,32,4,47,19,7.41,100,1457.54,34.15796988880244,62.67126229832051,114.20559935703909,275.1397216779737,2023-06-01,2025-10-06 10:49:38.539,11,9,0,1,1,1,0,0,1,0,0,1,0,0,0,0,0,1,0,0,0,0,0,1,0,0
CUS_0x7e9a,14249.04,1442.42,7,7,25,7,51,16,6.86,80,1579.97,31.805150889570907,80.08231052171365,122.04557693301281,232.11411254527354,2023-06-01,2025-10-06 10:49:38.539,12,9,1,1,0,1,0,1,0,1,1,1,0,0,0,0,0,1,0,0,0,0,1,0,0,0
CUS_0xa499,19200.08,1678.006666666667,3,3,15,4,8,22,19.49,90,1466.57,23.17492751131066,54.41731056123572,145.6864408745026,257.6969152309284,2023-06-01,2025-10-06 10:49:38.539,5,10,0,1,1,1,0,0,0,1,0,1,0,0,0,0,1,0,0,0,0,0,1,0,0,0
CUS_0xaa8c,24713.49,2049.4575,3,3,17,0,24,8,4.2200000000000015,40,106.33,34.79024831494561,0.0,45.75416107398882,409.1915889260112,2023-06-01,2025-10-06 10:49:38.539,32,11,0,0,0,0,0,0,0,0,0,1,0,0,0,0,1,0,0,0,1,0,0,0,0,0
CUS_0x1664,29375.68,2728.973333333333,4,8,27,6,5,12,12.26,150,1985.59,31.771051079106563,90.86095344150532,119.51961895623958,391.76564956456525,2023-06-01,2025-10-06 10:49:38.539,19,4,0,0,1,1,0,0,1,1,1,1,0,0,0,0,1,0,0,1,0,0,0,0,0,0
CUS_0x34c8,45250.17,3751.8475,4,3,15,6,28,15,17.93,120,492.07,39.67371315996616,173.8112291301529,220.30082599091102,251.0726948789361,2023-06-01,2025-10-06 10:49:38.539,11,6,0,0,1,1,0,1,0,1,0,1,0,0,0,0,1,0,0,0,0,0,0,0,1,0
CUS_0x40e1,42235.77,3664.6475,0,3,8,4,22,9,13.83,10,1366.3,31.77921723858729,82.5628765096636,80.52405141688675,453.37782207344964,2023-06-01,2025-10-06 10:49:38.539,31,3,0,1,1,0,0,0,1,0,1,0,1,0,0,1,0,0,0,0,1,0,0,0,0,0
CUS_0x6e58,22931.66,1863.9716666666664,3,6,5,0,32,12,4.87,60,834.51,27.57710687542657,0.0,61.55833722016986,374.8388294464968,2023-06-01,2025-10-06 10:49:38.539,28,5,0,0,0,0,0,0,0,0,0,1,0,0,0,0,1,0,0,0,1,0,0,0,0,0
CUS_0xb888,10189.235,557.1029166666667,7,3,25,7,5,13,11.77,70,1381.87,38.05192065616149,33.10397923774184,53.05274391392173,259.55356851500306,2023-06-01,2025-10-06 10:49:38.539,13,1,1,0,0,0,1,0,0,1,1,1,0,0,0,0,0,0,1,0,0,0,1,0,0,0
CUS_0x1aa4,100192.32,8171.3600000000015,8,4,5,4,12,9,7.98,30,1221.55,39.134327189529216,167.47365536369094,122.49015409168736,767.1721905446217,2023-06-01,2025-10-06 10:49:38.539,25,5,1,0,1,1,0,0,1,0,0,1,0,0,0,0,1,0,0,0,0,1,0,0,0,0
CUS_0xbfa9,14759.68,1021.9733333333336,1568,10,23,3,40,14,5.65,80,1699.39,32.073017255785125,35.979663836929475,13.134544566051831,293.08312493035197,2023-06-01,2025-10-06 10:49:38.539,11,2,0,1,0,0,0,1,1,0,0,1,0,0,0,0,0,1,0,0,0,1,0,0,0,0
CUS_0x72c1,19240.3,1869.358333333333,6,3,9,3,15,11,18.880000000000006,130,738.33,35.964019297073534,42.96236226571428,70.14663139455955,333.8268396730595,2023-06-01,2025-10-06 10:49:38.539,19,10,0,0,0,0,0,1,1,0,0,1,0,0,0,0,1,0,0,1,0,0,0,0,0,0
CUS_0x23a6,14224.655,1395.3879166666668,8,6,13,1,24,10,8.1,50,1343.01,36.93840510491938,7.642056540954449,59.122686478866406,362.77404864684576,2023-06-01,2025-10-06 10:49:38.539,33,3,0,0,0,0,0,0,1,0,0,0,1,0,0,0,1,0,0,0,0,0,1,0,0,0
CUS_0x7fe9,33065.8,2690.4833333333336,0,7,6,3,6,11,3.22,40,518.79,34.716036185521695,69.13683994090428,235.717453831322,244.19403956110713,2023-06-01,2025-10-06 10:49:38.539,21,11,0,1,0,0,0,0,1,0,1,0,1,0,0,1,0,0,0,0,0,0,0,1,0,0
CUS_0x9db8,90403.77,7433.6475,4,6,2,0,18,7,0.84,30,575.68,31.323239327115463,0.0,246.32182690501503,777.0429230949852,2023-06-01,2025-10-06 10:49:38.539,20,5,0,0,0,0,0,0,0,0,0,0,1,0,0,0,0,0,1,0,0,0,0,1,0,0
CUS_0x3cfb,59393.36,4870.446666666667,8,5,15,0,7,16,20.61,90,1046.68,27.411216035045648,0.0,157.72235745681053,579.3223092098561,2023-06-01,2025-10-06 10:49:38.539,21,2,0,0,0,0,0,0,0,0,0,1,0,0,0,0,1,0,0,0,1,0,0,0,0,0
CUS_0x5cc0,34343.96,2897.9966666666664,10,8,28,3,53,17,19.09,120,1699.05,40.6339041698219,66.35346013682917,47.165020796056936,416.2811857337806,2023-06-01,2025-10-06 10:49:38.539,11,9,0,1,0,0,0,0,0,1,1,1,0,0,0,0,0,1,0,0,0,1,0,0,0,0
CUS_0x718a,18001.59,1258.1325,7,9,31,2,19,19,16.34,120,2225.58,30.99858633500809,24.98644681075232,97.60876860870462,293.21803458054313,2023-06-01,2025-10-06 10:49:38.539,20,3,1,0,1,0,0,0,0,0,0,1,0,0,0,0,0,1,0,0,0,0,1,0,0,0
CUS_0x725e,61444.92,5144.41,10,6,31,9,37,20,17.51,120,3198.8,28.999482786906963,346.3633488711281,240.82375427537815,207.25389685349361,2023-06-01,2025-10-06 10:49:38.539,10,4,1,0,1,0,1,0,1,1,0,1,0,0,0,0,0,0,1,0,0,0,0,1,0,0
CUS_0x881e,16603.995,1438.66625,2,224,9,1,5,10,0.7,10,1447.52,26.29003045001615,11.010734470754691,87.30871048350113,335.5471800457442,2023-06-01,2025-10-06 10:49:38.539,16,9,0,0,0,0,0,0,1,0,0,0,1,0,0,1,0,0,0,0,0,0,1,0,0,0
CUS_0x1a2a,72002.56,6096.213333333332,8,7,13,2,8,18,13.53,70,1021.82,39.136218706369625,92.23327755229528,70.74701327258555,686.6410425084525,2023-06-01,2025-10-06 10:49:38.539,19,5,1,0,1,0,0,0,0,0,0,1,0,0,0,0,1,0,0,0,0,0,0,0,0,1
CUS_0x3ae5,127770.52,10430.543333333331,4,3,1,1,15,11,7.68,60,1213.59,37.26686965271461,92.25192420179124,343.33159371998295,857.4708154115591,2023-06-01,2025-10-06 10:49:38.539,28,11,0,0,1,0,0,0,0,0,0,0,1,0,0,1,0,0,0,0,1,0,0,0,0,0
CUS_0x8f8f,101299.84,8403.653333333334,7,5,13,2,14,10,11.66,90,1473.68,37.376821373491424,113.54305221788373,94.20362626593989,882.6186548495098,2023-06-01,2025-10-06 10:49:38.539,32,8,0,1,1,0,0,0,0,0,0,0,0,0,0,0,0,0,1,0,1,0,0,0,0,0
CUS_0xa93b,59597.84,5173.486666666667,7,5,32,9,59,15,29.53,110,3111.29,31.96779734453016,367.5792799610649,120.73493567592512,269.0344510296767,2023-06-01,2025-10-06 10:49:38.539,1,6,0,0,1,1,1,1,0,1,1,1,0,0,0,0,0,0,1,0,0,1,0,0,0,0
CUS_0xb374,30922.28,2494.8566666666666,1,5,12,2,19,1,11.71,20,957.53,41.10790524039854,30.338204255747957,80.13463579879028,399.01282661212855,2023-06-01,2025-10-06 10:49:38.539,21,10,1,0,0,0,0,1,0,0,0,0,1,0,0,1,0,0,0,1,0,0,0,0,0,0
CUS_0x199a,73446.68,6101.556666666666,3,7,10,1,9,0,10.01,30,685.36,29.271970529884147,32.023589805369504,117.11117823727423,573.4696778780749,2023-06-01,2025-10-06 10:49:38.539,30,5,0,0,0,0,0,0,0,1,0,0,1,0,0,1,0,0,0,0,1,0,0,0,0,0
CUS_0x3ebe,134737.59,9501.115432834738,1,7,7,0,11,11,3.13,18300,1275.51,44.30530682448577,1679.017067165261,119.70227148972508,1248.310978510275,2023-06-01,2025-10-06 10:49:38.539,32,6,0,0,0,0,0,0,0,0,0,0,0,0,0,1,0,0,0,0,1,0,0,0,0,0
CUS_0x748d,136359.64,10083.156763145427,5,3,2,2,30,12,9.7,70,1455.64,29.79727055428145,1536.7259245333985,439.5058298073314,406.1668773603935,2023-06-01,2025-10-06 10:49:38.539,31,9,0,0,0,0,1,0,0,1,0,0,1,0,0,0,0,0,1,0,0,0,0,0,1,0
CUS_0xa520,38555.62,3292.9683333333337,2,3,4,4,1,9,5.03,30,353.25,27.58306814926245,75.80655421005494,108.88670384540686,414.6035752778717,2023-06-01,2025-10-06 10:49:38.539,20,5,0,0,0,0,1,1,1,0,0,0,1,0,0,1,0,0,0,0,0,0,0,0,1,0
CUS_0x46c,38650.73,2983.894166666667,1,1,11,0,7,7,3.09,30,1189.97,23.692333828534323,0.0,87.12963103129266,461.25978563537404,2023-06-01,2025-10-06 10:49:38.539,16,11,0,0,0,0,0,0,0,0,0,0,1,0,0,1,0,0,0,0,1,0,0,0,0,0
CUS_0x4bdf,104564.64,9002.72,4,7,8,2,17,18,9.64,0,100.49,28.45192250041275,112.9312157699492,424.3876817722472,622.9531024578033,2023-06-01,2025-10-06 10:49:38.539,25,3,1,0,0,0,0,0,0,0,1,0,1,0,0,0,0,0,1,1,0,0,0,0,0,0
CUS_0xbfbc,30371.74,2546.978333333333,3,4,3,4,14,10,3.48,30,202.55,28.23004576032041,96.88485647841736,119.05031950811896,328.76265734679697,2023-06-01,2025-10-06 10:49:38.539,28,10,0,0,1,0,1,0,0,0,0,0,0,0,0,1,0,0,0,0,0,0,1,0,0,0
CUS_0xb38f,56500.7,4448.062323286613,2,3,4,2,11,3,7.86,50,991.98,23.674015920224136,396.3407624965223,295.81691068169613,371.7108368685019,2023-06-01,2025-10-06 10:49:38.539,32,10,0,0,0,0,1,1,0,0,0,0,0,0,0,0,0,0,1,0,0,0,0,0,1,0
CUS_0x2224,79178.76,6302.23,5,1178,20,0,8,9,15.01,50,949.13,28.43214854206358,78.83461508202946,372.9002672781159,438.4881176398546,2023-06-01,2025-10-06 10:49:38.539,22,6,0,0,0,1,0,1,0,0,0,0,0,0,0,0,0,0,1,0,0,0,0,0,0,1
CUS_0xe4f,29709.73,2346.914659253089,8,7,4614,2,12,9,5.36,80,1129.06,33.07643305324082,49835.0,231.1279048903261,282.9328624062567,2023-06-01,2025-10-06 10:49:38.539,32,3,0,1,1,0,0,0,0,0,0,0,1,0,0,1,0,0,0,0,0,0,1,0,0,0
CUS_0x76dc,21088.46,1517.371666666667,933,7,8,2,6,11,4.85,0,810.51,34.015913247657764,33.44654408969392,123.2059563188618,265.08466625811093,2023-06-01,2025-10-06 10:49:38.539,31,4,0,0,1,0,0,0,0,0,1,0,1,0,0,1,0,0,0,0,0,0,0,0,1,0
CUS_0x1a4a,12162.055,805.5045833333335,5,7,13,3,22,11,10.84,40,1179.95,37.26939182364457,27.80687832332613,10.358741062457119,282.38483894755007,2023-06-01,2025-10-06 10:49:38.539,30,10,0,1,0,0,0,0,1,1,0,1,0,0,0,0,1,0,0,0,0,1,0,0,0,0
CUS_0x225e,22077.27,1910.7725,3,7,8,2,6,10,17.84,80,918.22,30.20098769737075,30.079706693191085,130.78840762284904,300.20913568395986,2023-06-01,2025-10-06 10:49:38.539,10,4,0,0,0,0,0,0,0,1,0,1,0,0,0,0,1,0,0,0,0,0,0,0,1,0
CUS_0xa201,104994.57,8635.5475,7,4,9,3,19,13,18.2,10,536.97,40.77074447841178,187.30441897688345,200.27833535447454,725.9719956686423,2023-06-01,2025-10-06 10:49:38.539,30,6,0,0,1,0,0,0,0,0,0,1,0,0,0,0,1,0,0,0,1,0,0,0,0,0
CUS_0xa024,84358.5,6730.875,2,4,7,2,12,4,11.94,60,1460.18,26.13061749124611,86.72041696962972,136.91661948077743,689.450463549593,2023-06-01,2025-10-06 10:49:38.539,21,5,0,1,0,1,0,0,0,0,0,0,1,0,0,1,0,0,0,0,0,1,0,0,0,0
CUS_0xb1a2,20785.005,1659.8483594668585,4,5,4,0,0,9,0.96,40,125.84,26.256225461213607,8876.0,20.793831717056765,402.9145432829432,2023-06-01,2025-10-06 10:49:38.539,18,2,0,0,0,0,0,0,0,0,0,0,1,0,0,0,0,0,1,0,0,1,0,0,0,0
CUS_0x157a,59662.98,4777.915,7,4,16,3,24,8,8.59,60,634.86,25.96965325543169,85.60171470621269,10000.0,451.4414032920175,2023-06-01,2025-10-06 10:49:38.539,6,3,1,1,0,0,0,0,0,0,0,1,0,0,0,0,1,0,0,0,1,0,0,0,0,0
CUS_0x2f8c,30918.82,2780.568333333333,0,5,12,0,22,8,0.3899999999999999,30,1478.94,26.004391630621928,0.0,81.86315782465769,456.1936755086756,2023-06-01,2025-10-06 10:49:38.539,31,3,0,0,0,0,0,0,0,0,0,0,1,0,0,1,0,0,0,1,0,0,0,0,0,0
CUS_0x7223,31049.93,2296.494166666667,8,4,12,3,27,20,7.01,60,1217.19,32.2212281071025,45.80279642511947,298.7288068702339,175.11781337131333,2023-06-01,2025-10-06 10:49:38.539,24,8,1,1,0,0,0,0,0,0,0,0,1,0,0,0,0,0,1,0,0,0,1,0,0,0
CUS_0x8059,88918.54,7657.878333333332,4,4,11,2,19,8,1.24,60,1194.53,42.77973292327013,110.4176552606716,139.0316628898513,766.3385151828104,2023-06-01,2025-10-06 10:49:38.539,24,11,1,1,0,0,0,0,0,0,0,0,0,0,0,1,0,0,0,0,1,0,0,0,0,0
CUS_0xbcfe,41911.84,3321.653333333333,3,5,13,1,15,14,0.3600000000000003,40,332.23,24.110140871654423,29.34884564684048,74.10717243734125,478.7093152491517,2023-06-01,2025-10-06 10:49:38.539,18,10,0,0,1,0,0,0,0,0,0,0,1,0,0,0,1,0,0,0,1,0,0,0,0,0
CUS_0x2794,7542.5,818.5416666666665,8,5,20,6,7,18,15.57,80,1916.7,33.9006351838215,22.999323422422208,43.12893913798397,295.7259041062605,2023-06-01,2025-10-06 10:49:38.539,14,2,0,1,0,1,1,0,0,1,1,1,0,0,0,0,1,0,0,0,0,0,0,1,0,0
CUS_0x6fd5,14096.44,977.9595938644868,9,7,28,8,26,15,1.27,120,1398.28,28.66810421004023,166.65143083971668,63.24284564332349,258.8197963191396,2023-06-01,2025-10-06 10:49:38.539,17,6,1,1,1,0,1,1,1,0,1,1,0,0,0,0,0,1,0,0,0,0,1,0,0,0
CUS_0x95a1,16218.32,1098.5266666666666,6,6,21,5,48,21,8.98,100,4466.33,32.97764197083852,64.5331137101069,52.077777134187954,283.24177582237184,2023-06-01,2025-10-06 10:49:38.539,8,8,1,0,1,1,0,0,1,0,0,1,0,0,0,0,0,1,0,0,0,0,1,0,0,0
CUS_0x4e53,44768.54,3535.711666666666,3,6,1,1,8,10,0.27,10,127.38,36.17035098680979,20.83545848078241,186.9328849422124,425.80282324367187,2023-06-01,2025-10-06 10:49:38.539,19,4,0,0,0,0,0,0,0,0,1,0,1,0,0,0,1,0,0,0,0,0,0,0,0,1
CUS_0x51e5,8535.405,611.28375,7,5,34,2,41,18,15.18,100,1525.95,26.906360725022054,7.981570049242603,18.519770787055627,278.7071826810589,2023-06-01,2025-10-06 10:49:38.539,20,0,0,0,0,0,1,0,0,0,0,1,0,0,0,0,1,0,0,0,0,0,1,0,0,0
CUS_0x6dcf,66377.52,5770.46,8,3,17,4,8,20,7.36,120,1450.51,32.581591528633126,199.45988061314412,391.0490587959815,276.53706059087443,2023-06-01,2025-10-06 10:49:38.539,23,2,0,1,0,0,1,1,0,0,1,0,0,0,0,0,1,0,0,0,0,0,1,0,0,0
CUS_0x75f0,14058.455,1205.537916666667,3,6,6,0,7,19,15.67,110,1423.08,31.797910929725504,0.0,152.0299695172923,258.5238221493744,2023-06-01,2025-10-06 10:49:38.539,29,4,0,0,0,0,0,0,0,0,0,1,0,0,0,0,1,0,0,0,0,0,1,0,0,0
CUS_0x6549,39558.23,3542.519166666667,4,3,4,1,2,12,5.69,0,349.48,38.46042212220244,20.626402290174244,358.01733110176315,265.6081832747293,2023-06-01,2025-10-06 10:49:38.539,30,8,0,1,0,0,0,0,0,0,0,0,1,0,0,1,0,0,0,0,0,0,1,0,0,0
CUS_0x76e7,34128.92,2740.0766666666664,6,8,31,6,18,19,3.99,130,2626.28,35.296685484004314,118.06685464217024,170.77520110996153,245.16561091453488,2023-06-01,2025-10-06 10:49:38.539,6,0,0,0,1,1,1,1,1,0,0,1,0,0,0,0,0,1,0,1,0,0,0,0,0,0
CUS_0x9d78,69977.6,5978.466666666667,10,7,20,9,49,18,6.81,110,3042.36,36.25111094816326,485.75043098703753,510.01476319312724,59.88619326700882,2023-06-01,2025-10-06 10:49:38.539,13,2,1,1,0,1,0,1,0,0,0,0,0,0,0,0,0,1,0,0,0,0,0,0,1,0
CUS_0x947b,15781.52,1105.1266666666668,10,5,15,9,53,19,20.83,110,3779.95,33.43019482541719,117.1562033305452,86.28444680831595,196.382382305266,2023-06-01,2025-10-06 10:49:38.539,13,0,0,1,0,1,1,0,1,0,1,1,0,0,0,0,0,1,0,1,0,0,0,0,0,0
CUS_0xa0a5,26408.13,2146.6775,4,6,19,6,20,8,16.42,50,65.19,28.001285584665123,73.56097912678699,10000.0,273.5080540631664,2023-06-01,2025-10-06 10:49:38.539,6,4,1,1,1,0,0,0,1,0,0,1,0,0,0,0,1,0,0,1,0,0,0,0,0,0
CUS_0xc062,141219.08,11761.256666666664,5,7,11,0,12,8,7.15,60,1126.33,40.32011382610178,0.0,10000.0,461.92575029003206,2023-06-01,2025-10-06 10:49:38.539,19,8,0,0,0,0,0,0,0,0,0,0,1,0,0,1,0,0,0,0,0,0,1,0,0,0
CUS_0x6c85,72576.04,5934.003333333332,5,3,7,4,5,14,2.27,10,478.74,39.252682328231984,197.00993175170268,137.85586404285525,508.5345375387754,2023-06-01,2025-10-06 10:49:38.539,25,0,0,0,1,1,0,0,1,0,0,0,1,0,0,1,0,0,0,0,1,0,0,0,0,0
CUS_0xb1e8,69941.9,5766.491666666666,4,6,14,4,16,11,9.81,80,375.97,39.815315883754415,218.56008789280696,126.81461882101866,481.27445995284097,2023-06-01,2025-10-06 10:49:38.539,22,0,1,0,1,0,1,0,1,0,0,0,1,0,0,0,1,0,0,0,1,0,0,0,0,0
CUS_0xebe,28286.24,2273.186666666667,4,7,7,1,21,13,11.99,40,1406.94,28.700365959194087,17.43167231435214,47.31416389152234,412.57283046079226,2023-06-01,2025-10-06 10:49:38.539,29,8,1,0,0,0,0,0,0,0,0,0,1,0,0,0,1,0,0,0,1,0,0,0,0,0
CUS_0x8e80,59579.37,4555.058786635427,7,5,19,6,22,13,0.0,23760,2558.58,27.832133075082268,377.900557580334,59.60485009692632,452.5780556873128,2023-06-01,2025-10-06 10:49:38.539,13,3,1,0,0,1,1,1,0,1,0,1,0,0,0,0,0,1,0,0,0,1,0,0,0,0
CUS_0x62e4,85954.42,7366.868333333333,0,7,5,3,13,9,3.66,30,791.46,24.798209297051606,128.55523344072628,174.76870418283048,673.3628957097766,2023-06-01,2025-10-06 10:49:38.539,30,9,1,0,1,0,0,0,0,0,1,0,0,0,0,1,0,0,0,0,0,1,0,0,0,0
CUS_0xb5be,130597.17,10775.0975,2,4,6,3,14,7,7.23,50,1451.92,36.4508605988645,236.25773006171343,542.2497390946943,589.0022808435922,2023-06-01,2025-10-06 10:49:38.539,15,11,1,0,1,0,0,0,0,0,0,0,1,0,0,1,0,0,0,0,0,0,1,0,0,0
CUS_0xb7c3,108268.23,9171.3525,4,1,1,1,4,7,11.64,10,192.94,30.92970455077977,56.62071282437131,172.7155228124939,927.799014363135,2023-06-01,2025-10-06 10:49:38.539,16,6,1,0,0,0,0,0,0,0,0,0,1,0,0,0,0,0,1,0,0,1,0,0,0,0
CUS_0x2301,27597.71,2135.8091666666664,6,4,13,1,14,12,1.08,60,1353.48,31.02441771544852,18.34064320580948,214.9687552251459,270.2715182357113,2023-06-01,2025-10-06 10:49:38.539,18,4,0,0,0,0,0,0,0,1,0,0,1,0,0,0,0,0,1,0,0,0,1,0,0,0
CUS_0xb196,118297.6,10026.133333333331,2,1,9,3,8,0,10.97,70,1446.83,28.80056397729084,264.0927462032494,906.8334387476297,101.68714838245408,2023-06-01,2025-10-06 10:49:38.539,31,0,0,1,0,0,0,0,0,1,1,0,1,0,0,1,0,0,0,0,0,0,0,0,0,1
CUS_0xb5b5,20466.63,1688.5525,10,9,20,5,54,18,2.73,110,3158.08,26.50710465079677,67.94692028745558,100.66417729212108,280.2441524204233,2023-06-01,2025-10-06 10:49:38.539,0,9,1,0,1,0,1,0,0,1,0,1,0,0,0,0,0,1,0,0,0,0,0,1,0,0
CUS_0x7900,38873.38,2895.2353379553333,9,9,21,5,22,18,24.97,120,3535.04,35.91751305711872,371.6544307531629,57.26013395943741,362.74326399873314,2023-06-01,2025-10-06 10:49:38.539,12,10,0,1,1,0,0,1,1,0,0,1,0,0,0,0,0,1,0,0,1,0,0,0,0,0
CUS_0x8e96,15225.99,1488.8325,8,6,21,0,31,16,0.86,130,2103.91,32.16570248677406,29.415622966550306,34.312255250795396,325.1553717826543,2023-06-01,2025-10-06 10:49:38.539,11,6,1,1,0,0,0,0,0,0,0,1,0,0,0,0,0,1,0,0,0,1,0,0,0,0
CUS_0x919b,52862.85000000001,4575.2375,7,9,21,5,37,25,29.77,130,2825.56,25.177051565620197,136.6624130044557,546.4208790818464,64.44045791369804,2023-06-01,2025-10-06 10:49:38.539,6,3,1,1,1,1,0,0,0,0,0,1,0,0,0,0,0,0,1,0,0,0,1,0,0,0
CUS_0xde6,36154.19,3247.849166666667,5,3,3,2,9,8,10.39,20,651.85,37.73210182207949,30.645027242347588,404.8194499993978,346.54104470651083,2023-06-01,2025-10-06 10:49:38.539,19,10,0,0,1,0,1,0,0,0,0,0,1,0,0,1,0,0,0,0,0,0,1,0,0,0
CUS_0x3a99,83192.64,7106.72,3,6,7,2,20,17,0.61,0,277.75,38.15358313243518,80.37773215059222,339.4257209259323,560.8685469234755,2023-06-01,2025-10-06 10:49:38.539,23,0,0,0,0,0,0,1,0,1,0,0,1,0,0,1,0,0,0,0,0,0,0,0,1,0
CUS_0x5ca1,34323.26,2734.271666666667,1,4,9,3,4,4,9.94,30,358.47,30.48982190993123,63.30212610715235,183.0638344204707,287.0612061390437,2023-06-01,2025-10-06 10:49:38.539,25,3,0,1,0,0,1,1,0,0,0,0,1,0,0,1,0,0,0,1,0,0,0,0,0,0
CUS_0x7843,89913.09,7648.7575,8,4,10,3,19,10,19.7,40,315.5,33.00496562533957,207.9658973926408,235.77796046249983,591.1318921448594,2023-06-01,2025-10-06 10:49:38.539,28,3,1,0,0,0,1,0,0,0,1,1,0,0,0,0,1,0,0,0,0,0,0,0,1,0
CUS_0xb699,39145.96,3457.163333333333,7,7,19,2,20,12,7.63,70,1004.26,30.988333442557582,52.9971011117977,170.08893013838232,402.63030208315337,2023-06-01,2025-10-06 10:49:38.539,22,3,0,0,0,0,1,0,0,0,1,0,1,0,0,0,1,0,0,0,0,0,0,1,0,0
CUS_0x5ece,79642.86,6509.905,2,5,5,3,7,4,4.15,10,911.67,36.48062638585589,172.80891579352516,69.78157327074621,658.4000109357288,2023-06-01,2025-10-06 10:49:38.539,30,5,0,1,0,1,1,0,0,0,0,0,1,0,0,1,0,0,0,0,1,0,0,0,0,0
CUS_0x8c1,98917.23,8513.1025,1,4,1,2,7,0,7.92,50,738.81,39.58763203849836,115.53132469523212,680.7513813810024,345.0275439237656,2023-06-01,2025-10-06 10:49:38.539,15,8,0,0,0,0,0,0,0,1,1,0,1,0,0,1,0,0,0,0,0,0,1,0,0,0
CUS_0x8f9e,20426.38,1653.1983333333335,1,7,11,4,0,4,3.45,10,622.66,26.685132214063767,44.63949381844689,76.55828814554025,304.1220513693462,2023-06-01,2025-10-06 10:49:38.539,32,4,0,0,1,1,0,0,0,1,0,0,1,0,0,1,0,0,0,1,0,0,0,0,0,0
CUS_0x95d0,105449.34,8574.450322802633,2,4,3,3,10,3,9.04,80,427.68,29.092299018450536,595.3609382602646,232.05625540961944,751.8219835274823,2023-06-01,2025-10-06 10:49:38.539,27,4,1,0,0,0,1,0,0,1,0,0,1,0,0,1,0,0,0,0,0,1,0,0,0,0
CUS_0xbaee,66349.96,5333.163333333334,6,9,16,4,12,14,8.58,170,1740.14,37.17792707573571,165.0255187322856,283.49906705562836,344.79174754541947,2023-06-01,2025-10-06 10:49:38.539,12,4,1,0,1,0,0,0,1,1,0,1,0,0,0,0,0,0,1,1,0,0,0,0,0,0
CUS_0xc37,72307.32,5754.6100000000015,8,4,9,3,18,15,15.34,70,1180.91,31.40207309455325,152.96553062207087,107.98120635589943,554.5142630220298,2023-06-01,2025-10-06 10:49:38.539,17,4,0,1,0,0,0,0,0,0,1,1,0,0,0,0,1,0,0,0,0,1,0,0,0,0
CUS_0x2e0f,111940.64,9348.386666666667,3,7,5,1,5,17,7.69,40,598.18,32.526222269888585,90.87489068975364,198.03712818903537,895.9266477878778,2023-06-01,2025-10-06 10:49:38.539,30,11,0,0,0,0,0,0,0,1,0,0,1,0,0,0,1,0,0,0,1,0,0,0,0,0
CUS_0x3c47,28836.92,2578.0766666666664,5,2,6,0,5,19,10.82,50,1224.88,24.133028680056142,0.0,168.1921789119517,359.615487754715,2023-06-01,2025-10-06 10:49:38.539,27,11,0,0,0,0,0,0,0,0,0,0,1,0,0,1,0,0,0,0,0,0,0,0,1,0
CUS_0x73d9,30559.3,2567.608333333333,4,3,9,1,26,3,9.54,40,219.2,25.707156669336364,13.365203281019776,193.5171045264034,319.87852552591016,2023-06-01,2025-10-06 10:49:38.539,17,8,0,0,0,1,0,0,0,0,0,0,1,0,0,0,0,0,1,0,0,0,0,0,1,0
CUS_0xb0e,41160.86,3371.0716666666667,6,9,18,3,38,21,2.55,80,1972.69,37.642934554746326,76.21663041959127,291.84814806842695,259.0423881786484,2023-06-01,2025-10-06 10:49:38.539,11,5,0,0,0,0,0,1,0,0,1,1,0,0,0,0,0,1,0,0,0,0,1,0,0,0
CUS_0x9dfc,96148.05,7875.337499999999,4,5,20,4,13,19,8.16,40,1244.79,36.938078838477175,197.77842479428924,1033.229652993106,35.779554106156866,2023-06-01,2025-10-06 10:49:38.539,27,9,0,0,0,0,1,1,1,0,0,0,1,0,0,0,1,0,0,0,0,0,1,0,0,0
