Customer_ID,Annual_Income,Monthly_Inhand_Salary,Num_Bank_Accounts,Num_Credit_Card,Interest_Rate,Num_of_Loan,Delay_from_due_date,Num_of_Delayed_Payment,Changed_Credit_Limit,Num_Credit_Inquiries,Outstanding_Debt,Credit_Utilization_Ratio,Total_EMI_per_month,Amount_invested_monthly,Monthly_Balance,snapshot_date,_ingested_at_utc,credit_history_age_year,credit_history_age_month,mortgage_loan,auto_loan,credit_builder_loan,personal_loan,not_specified,student_loan,home_equity_loan,payday_loan,debt_consolidation_loan,ohe__payment_of_min_amount__yes,ohe__payment_of_min_amount__no,ohe__payment_of_min_amount__nm,ohe__payment_of_min_amount__unknown,ohe__credit_mix__good,ohe__credit_mix__standard,ohe__credit_mix__bad,ohe__credit_mix__unknown,ohe__payment_behaviour__high_spent_small_value_payments,ohe__payment_behaviour__high_spent_medium_value_payments,ohe__payment_behaviour__high_spent_large_value_payments,ohe__payment_behaviour__low_spent_small_value_payments,ohe__payment_behaviour__low_spent_medium_value_payments,ohe__payment_behaviour__low_spent_large_value_payments,ohe__payment_behaviour__unknown
CUS_0x3660,77326.84,6627.903333333333,4,4,9,1,3,0,0.69,30,469.43,24.62893025109363,37.30993517228091,311.49971769356534,573.980680467487,2024-09-01,2025-10-06 10:52:22.944,23,9,0,0,0,0,1,0,0,0,0,0,1,0,0,1,0,0,0,1,0,0,0,0,0,0
CUS_0xc283,16012.64,1108.3866666666663,8,5,24,4,39,25,14.49,110,1527.67,28.98738005157207,31.3321220463813,86.684326085943,262.8222185343424,2024-09-01,2025-10-06 10:52:22.944,17,9,0,0,1,1,0,0,0,0,0,1,0,0,0,0,0,1,0,0,0,0,0,0,1,0
CUS_0x760c,106309.8,8410.875662626255,5,3,8,3,5,14,6.81,40,241.08,28.3614371723705,711.9017391502495,727.1566014564752,247.7309967670196,2024-09-01,2025-10-06 10:52:22.944,17,0,0,0,1,1,1,0,0,0,0,0,1,0,0,1,0,0,0,0,0,0,0,1,0,0
CUS_0x3798,129903.88,10538.323333333334,7,6,20,1,12,10,8.13,30,1227.21,38.30705930252655,104.74617742578714,104.6249455359507,1084.4612103715958,2024-09-01,2025-10-06 10:52:22.944,24,0,0,0,0,0,0,0,1,0,0,1,0,0,0,0,1,0,0,0,0,1,0,0,0,0
CUS_0x3a26,83003.64,6708.97,7,8,26,6,36,22,26.24,100,4632.53,31.63971910511406,869.4861120512145,509.2615577849714,78.22734814707337,2024-09-01,2025-10-06 10:52:22.944,13,2,0,0,1,1,1,1,0,0,0,1,0,0,0,0,0,0,1,0,0,0,0,0,1,0
CUS_0x4c83,39362.03,3485.169166666666,0,3,10,4,13,7,10.03,80,1283.75,27.260894300581025,121.7737020504554,95.91413369118172,380.82908092502953,2024-09-01,2025-10-06 10:52:22.944,27,8,0,0,1,1,1,0,0,1,0,0,0,0,0,1,0,0,0,0,1,0,0,0,0,0
CUS_0x4eca,93143.58,7584.965,4,4,10,5,19,20,14.67,70,1354.48,33.56499415908284,261.98950066556665,177.10343352379746,559.4035658106359,2024-09-01,2025-10-06 10:52:22.944,7,10,1,0,1,0,0,1,0,0,1,0,0,0,0,0,0,0,1,0,0,1,0,0,0,0
CUS_0x801f,72414.06,6234.505,5,6,19,4,7,17,9.55,20,1020.01,39.51035116177234,201.37507856429127,259.25948354899623,412.81593788671256,2024-09-01,2025-10-06 10:52:22.944,25,5,1,0,0,0,0,1,1,0,1,0,1,0,0,0,1,0,0,0,1,0,0,0,0,0
CUS_0x8666,19599.81,1716.3175,6,7,31,5,20,19,12.42,70,1825.52,29.64859195083656,53.37653269763419,123.84854259586477,284.40667470650106,2024-09-01,2025-10-06 10:52:22.944,15,4,1,1,0,1,0,0,0,1,0,1,0,0,0,0,1,0,0,0,0,0,1,0,0,0
CUS_0xac8e,38904.52,3386.043333333333,8,6,17,7,18,18,14.95,50,333.59,37.78841635468636,173.48605910350258,113.50655540950123,311.6117188203295,2024-09-01,2025-10-06 10:52:22.944,12,8,1,1,1,0,1,0,0,1,1,1,0,0,0,0,1,0,0,1,0,0,0,0,0,0
CUS_0x4ab7,54236.86,4427.738333333334,3,6,7,0,25,14,6.82,40,1126.89,32.055681036941536,0.0,52.38397418094093,640.3898591523925,2024-09-01,2025-10-06 10:52:22.944,18,3,0,0,0,0,0,0,0,0,0,0,1,0,0,0,0,0,1,0,1,0,0,0,0,0
CUS_0x6aed,28110.86,2519.5716666666667,427,8,32,8,27,20,28.51,120,4593.31,40.60211743865357,185.65518536991573,64.12547068875419,252.17651060799668,2024-09-01,2025-10-06 10:52:22.944,11,11,0,0,1,0,1,1,1,1,0,1,0,0,0,0,0,1,0,0,1,0,0,0,0,0
CUS_0xb064,123523.6,10168.633333333331,1,2,3,4,3,9,8.09,70,493.08,42.33543704923122,342.30551702503874,159.93661463323912,754.6212016750555,2024-09-01,2025-10-06 10:52:22.944,24,9,1,0,1,0,0,0,0,1,0,0,1,0,0,1,0,0,0,0,0,1,0,0,0,0
CUS_0xd3d,18843.62,1603.3016666666665,7,6,7,5,5,8,15.26,70,1266.84,39.61006667711315,43.64098887096407,96.53906249462538,280.1501153010772,2024-09-01,2025-10-06 10:52:22.944,19,11,1,1,0,1,0,0,1,1,0,1,0,0,0,0,1,0,0,1,0,0,0,0,0,0
CUS_0x5c72,111404.52,9473.71,1,1,11,3,4,0,4.46,0,459.86,28.299240234766145,155.87998434634162,179.71863853847796,861.7723771151802,2024-09-01,2025-10-06 10:52:22.944,30,2,0,0,1,1,0,0,0,0,0,0,1,0,0,1,0,0,0,0,1,0,0,0,0,0
CUS_0x7c76,15302.74,1408.2283333333332,10,10,24,5,32,22,22.23,60,4620.45,27.00430763558198,28197.0,103.5600798456366,196.78687332408063,2024-09-01,2025-10-06 10:52:22.944,13,3,0,1,1,0,0,0,1,0,1,1,0,0,0,0,0,1,0,0,0,0,1,0,0,0
CUS_0x842e,15881.58,1169.465,8,6,34,7,35,20,28.27,150,3614.38,37.67366257649452,67.15145011327189,22.66385124945916,267.131198637269,2024-09-01,2025-10-06 10:52:22.944,6,6,0,1,1,0,1,0,0,1,1,1,0,0,0,0,0,1,0,0,0,1,0,0,0,0
CUS_0x638d,10629.93,1047.96564843664,6,7,15,1,22,11,11.15,30,582.83,33.806796119936,56.76369804973969,99.20583794100833,282.575065572612,2024-09-01,2025-10-06 10:52:22.944,15,10,0,0,0,0,0,0,0,0,1,1,0,0,0,0,0,0,1,0,0,0,0,1,0,0
CUS_0x8807,48729.87,3812.8225,6,10,24,2,51,18,3.24,120,2606.51,23.695435045042192,63.59763134090448,239.00699014254403,348.6776285165515,2024-09-01,2025-10-06 10:52:22.944,9,11,0,0,0,1,0,1,0,0,0,1,0,0,0,0,0,0,1,0,0,0,0,0,1,0
CUS_0xaa81,58853.46,4889.455,5,4,8,4,13,19,10.91,40,143.61,35.162672382217934,7857.0,636.425190967763,30.761198896864467,2024-09-01,2025-10-06 10:52:22.944,18,11,1,0,0,0,0,0,1,0,0,0,1,0,0,1,0,0,0,0,0,0,1,0,0,0
CUS_0xbcdd,17286.51,1308.5424999999998,3,3,17,1,9,17,9.71,30,757.38,38.1646267621264,12.24112015720511,85.06077218027775,293.5523576625171,2024-09-01,2025-10-06 10:52:22.944,24,3,0,1,0,0,0,0,0,0,0,0,1,0,0,0,1,0,0,1,0,0,0,0,0,0
CUS_0x211c,20628.55,1539.0458333333331,4,4,9,4,10,10,10.69,50,1276.97,29.85449609359372,52.3759436722908,137.61365868426032,233.91498097678226,2024-09-01,2025-10-06 10:52:22.944,33,3,1,0,0,0,0,0,0,1,1,1,0,0,0,0,1,0,0,0,0,0,0,0,0,1
CUS_0x675f,82928.04000000001,7117.670000000001,7,4,16,3,23,8,16.97,40,601.78,41.47488210456217,121.54701347320956,410.57804127163854,469.6419452551521,2024-09-01,2025-10-06 10:52:22.944,16,4,0,0,0,0,0,1,0,0,1,1,0,0,0,0,0,0,1,0,0,0,1,0,0,0
CUS_0x97d5,18736.83,1682.4025,10,6,25,7,49,18,26.37,120,4384.76,37.69839243006651,92.65003808175555,10000.0,284.7528457186858,2024-09-01,2025-10-06 10:52:22.944,0,10,0,1,1,1,0,1,0,0,1,0,0,0,0,0,0,1,0,0,1,0,0,0,0,0
CUS_0x9e80,104455.02,8892.585,4,4,8,3,12,4,3.94,90,1222.3,35.157310776656644,215.11032310156665,487.65560502930185,446.4925718691315,2024-09-01,2025-10-06 10:52:22.944,28,8,0,1,0,0,0,0,0,1,1,0,1,0,0,1,0,0,0,1,0,0,0,0,0,0
CUS_0x253a,50050.83,4085.9025,9,10,20,5,25,16,17.45,80,3419.1,26.29881098092433,190.44506015176572,93.05201406849922,365.093175779735,2024-09-01,2025-10-06 10:52:22.944,4,8,0,0,1,1,0,1,0,0,1,0,0,0,0,0,0,1,0,0,0,1,0,0,0,0
CUS_0xc1a1,112460.88,9213.74,2,4,9,1,29,12,10.04,20,208.84,40.61149367307194,86.61087009540009,301.4954136410574,813.2677162635425,2024-09-01,2025-10-06 10:52:22.944,16,0,0,0,0,0,0,0,0,0,1,0,1,0,0,1,0,0,0,0,0,0,0,1,0,0
CUS_0x1e98,114082.64,9508.886666666667,6,3,9,0,27,3881,10.61,30,44.01,41.35218098783186,0.0,370.12799913045393,830.7606675362127,2024-09-01,2025-10-06 10:52:22.944,22,0,0,0,0,0,0,0,0,0,0,0,1,0,0,0,1,0,0,0,1,0,0,0,0,0
CUS_0xb2c0,111188.04,9318.67,8,5,6,4,15,18,8.99,40,440.78,31.606288718147308,24335.0,110.07155595002335,816.3309058989144,2024-09-01,2025-10-06 10:52:22.944,17,8,0,1,0,1,0,1,0,0,0,1,0,0,0,0,0,0,1,0,0,1,0,0,0,0
CUS_0xb8be,16798.15,1544.8458333333335,5,6,16,3,7,11,18.75,80,2266.73,25.10891353061775,31.31851710877492,30.25976855406267,342.9062976704958,2024-09-01,2025-10-06 10:52:22.944,9,4,0,1,0,0,0,1,1,0,0,1,0,0,0,0,1,0,0,0,1,0,0,0,0,0
CUS_0x27fa,31280.63,2499.7191666666668,8,4,11,1,16,8,9.15,80,385.83,34.7982720443798,21.39713946894855,192.112458285152,326.46231891256616,2024-09-01,2025-10-06 10:52:22.944,25,4,0,0,0,0,0,0,1,0,0,1,0,0,0,0,1,0,0,0,0,0,1,0,0,0
CUS_0x8ec,76223.58,5640.117744105572,5,5,3,0,12,4,0.8,50,1292.43,35.87491290166574,776.8472558944293,97.80240845404019,808.733099950401,2024-09-01,2025-10-06 10:52:22.944,27,3,0,0,0,0,0,0,0,0,0,0,1,0,0,1,0,0,0,0,1,0,0,0,0,0
CUS_0x2c8d,29097.82,2398.818333333333,6,6,11,4,15,13,7.79,50,1079.72,27.92587788811209,82.27811007745731,303.49131342035264,144.11240983552344,2024-09-01,2025-10-06 10:52:22.944,17,6,0,0,1,1,1,1,0,0,0,1,0,0,0,0,1,0,0,0,0,0,1,0,0,0
CUS_0x9438,7156.425,413.36875,10,6,31,5,53,16,6.27,60,1415.97,28.816981954369613,18.88157799217587,10.924869482520485,291.5304275253036,2024-09-01,2025-10-06 10:52:22.944,11,11,0,0,0,0,1,1,1,0,0,1,0,0,0,0,0,1,0,0,0,0,0,1,0,0
CUS_0x1cd7,22265.03,1723.4191666666666,6,5,18,3,16,16,19.48,40,1337.06,26.34012275522232,50549.0,47.542968451566885,339.57982770206837,2024-09-01,2025-10-06 10:52:22.944,12,2,1,0,0,1,1,0,0,0,0,1,0,0,0,0,1,0,0,0,1,0,0,0,0,0
CUS_0x82f2,14114.89,1155.2408333333333,8,5,5,5,16,14,18.37,70,1453.95,39.16284580212919,53.14898590851489,122.8617238100408,229.5133736147777,2024-09-01,2025-10-06 10:52:22.944,11,0,0,0,0,1,0,1,0,1,1,1,0,0,0,0,1,0,0,0,0,0,1,0,0,0
CUS_0x9375,31815.94,2551.328333333333,7,7,27,7,60,13,20.65,110,4247.2,36.77109297639487,169.9491913823046,90.03232446404019,245.15131748698852,2024-09-01,2025-10-06 10:52:22.944,1,3,0,1,0,1,1,1,0,1,0,1,0,0,0,0,0,0,1,0,1,0,0,0,0,0
CUS_0x3854,40100.45,3280.7041666666664,0,4,7,0,7,14,7.16,40,821.74,25.01059514657245,0.0,175.71908759154212,422.35132907512457,2024-09-01,2025-10-06 10:52:22.944,32,11,0,0,0,0,0,0,0,0,0,0,1,0,0,1,0,0,0,0,0,0,0,0,1,0
CUS_0x44e,100681.41,8608.1175,5,4,8,2,30,14,8.0,30,476.37,38.02263358958166,145.9967510964617,596.4311280001856,378.38387090335283,2024-09-01,2025-10-06 10:52:22.944,24,8,0,1,0,0,0,1,0,0,0,1,0,0,0,0,1,0,0,1,0,0,0,0,0,0
CUS_0x57b1,28378.94,2348.9116666666664,3,7,13,3,8,17,9.45,70,1640.9,41.44548424936824,52.558354780406255,127.71590160198534,324.61691028427504,2024-09-01,2025-10-06 10:52:22.944,16,11,0,1,0,0,0,0,0,1,0,1,0,0,0,0,1,0,0,0,0,0,0,0,1,0
CUS_0xa736,147058.64,12319.886666666667,2,3,11,2,11,0,10.92,30,1377.33,24.81560853737743,193.3529607018069,691.4039240091494,627.2317819557106,2024-09-01,2025-10-06 10:52:22.944,28,8,0,0,0,0,1,0,1,0,0,0,1,0,0,0,0,0,1,0,0,0,0,1,0,0
CUS_0xac1a,10389.19,833.7658333333335,3,4,18,5,25,13,17.71,90,356.69,23.50882198385837,37.47834422917008,22.312209192917376,303.5860299112459,2024-09-01,2025-10-06 10:52:22.944,12,2,0,1,0,0,0,1,1,1,0,0,0,0,0,0,1,0,0,0,0,0,0,1,0,0
CUS_0xb4a1,14834.445,1082.20375,0,7,2,2,10,1,6.51,30,1442.35,27.17379362206177,20.12944554649617,61.711695836441365,286.37923361706237,2024-09-01,2025-10-06 10:52:22.944,33,4,0,0,1,0,0,1,0,0,0,0,1,0,0,0,0,0,1,1,0,0,0,0,0,0
CUS_0x2b1c,39305.86,3484.488333333333,7,6,5,2,27,15,13.329999999999998,30,1365.29,34.816497214561075,64.40514455373912,83.14636466185887,450.89732411773537,2024-09-01,2025-10-06 10:52:22.944,20,4,0,0,0,0,0,1,0,0,1,0,0,0,0,0,0,0,1,0,1,0,0,0,0,0
CUS_0x698,46301.96,3680.4966666666655,8,6,1,2,18,9,1.86,50,1288.02,24.325964133481303,70.97368000803823,415.08728659390886,171.9887000647196,2024-09-01,2025-10-06 10:52:22.944,29,3,0,0,1,0,0,1,0,0,0,0,1,0,0,0,1,0,0,0,0,0,1,0,0,0
CUS_0x7e90,18128.18,1810.6816666666664,8,6,26,3,19,9,8.44,130,1343.75,38.247132030352894,45.1764600661905,231.0022784003452,194.88942820013102,2024-09-01,2025-10-06 10:52:22.944,13,6,0,1,0,0,1,0,0,0,0,1,0,0,0,0,0,0,1,0,0,0,1,0,0,0
CUS_0xbb2a,62458.77,5426.8975,8,6,20,4,12,12,16.02,70,1215.52,24.581329075614267,199.0462556066706,401.0919810001895,222.55151339313994,2024-09-01,2025-10-06 10:52:22.944,20,0,0,0,1,1,0,0,0,0,0,1,0,0,0,0,1,0,0,0,0,0,0,1,0,0
CUS_0x8be2,56052.42,4293.785085530313,9,8,32,5,48,20,15.23,130,2466.56,25.52354177849058,588.239947386776,347.53018079192833,253.4832862909829,2024-09-01,2025-10-06 10:52:22.944,9,10,0,0,1,1,1,0,0,1,0,1,0,0,0,0,0,1,0,0,0,0,0,1,0,0
CUS_0x66bc,61266.63,5296.5525,4,6,15,2,13,13,12.45,120,570.58,33.26013117999365,74.69387361398931,249.49926730421103,495.4621090817997,2024-09-01,2025-10-06 10:52:22.944,10,0,1,0,0,0,0,0,0,0,1,1,0,0,0,0,0,0,1,0,0,0,1,0,0,0
CUS_0x5240,14623.83,1302.6525,9,695,18,5,46,21,17.49,110,3120.15,25.366067113824787,32.29405360672101,131.31878486153238,246.65241153174662,2024-09-01,2025-10-06 10:52:22.944,13,8,0,1,1,1,0,1,0,1,0,1,0,0,0,0,0,0,1,0,0,0,0,1,0,0
CUS_0x8802,122469.16,10072.763333333334,7,6,18,1,11,20,9.94,0,1154.21,34.47224195776404,83.01740061289574,96.35427706702515,1067.9046556534126,2024-09-01,2025-10-06 10:52:22.944,21,3,0,1,0,0,0,0,0,0,0,0,1,0,0,0,1,0,0,0,0,1,0,0,0,0
CUS_0x8870,122426.2,10431.183333333332,4,4,2,1,2,6,8.34,40,1155.39,24.39764979218792,76.28353860783659,641.1226667286741,605.7121279968227,2024-09-01,2025-10-06 10:52:22.944,30,5,0,0,1,0,0,0,0,0,0,0,1,0,0,1,0,0,0,0,0,0,0,0,0,1
CUS_0x8ab5,81903.8,6603.316666666668,0,3,8,0,6,5,2.11,10,697.86,34.54797380663097,0.0,142.34793788926902,598.0145394341228,2024-09-01,2025-10-06 10:52:22.944,18,11,0,0,0,0,0,0,0,0,0,0,1,0,0,1,0,0,0,0,0,0,0,1,0,0
CUS_0x8ac6,95895.72,7851.31,0,512,3,3,8,7,1.75,20,553.13,25.252563039787574,164.81556748062766,270.1055465330206,640.2098859863518,2024-09-01,2025-10-06 10:52:22.944,26,8,0,1,0,0,1,0,1,0,0,0,1,0,0,0,0,0,1,0,0,0,1,0,0,0
CUS_0xb63c,39503.02,3525.918333333333,3,4,7,4,6,18,10.3,80,1092.71,34.60750730963249,114.27104665232488,358.9343580470008,169.38642863400761,2024-09-01,2025-10-06 10:52:22.944,27,11,1,0,0,0,0,0,0,1,0,1,0,0,0,0,1,0,0,0,0,0,1,0,0,0
CUS_0x2568,20707.77,1610.6475,8,5,34,7,5,11,14.3,100,1520.82,27.740016697425247,78.62908711625838,70.43075825753213,292.0049046262095,2024-09-01,2025-10-06 10:52:22.944,16,4,1,1,0,0,1,1,0,1,0,1,0,0,0,0,1,0,0,0,0,0,0,1,0,0
CUS_0x2eed,122760.66,10422.055,0,4,4,3,24,11,11.66,30,707.79,42.00715299019185,243.77455274783603,123.39341673237955,915.0375305197844,2024-09-01,2025-10-06 10:52:22.944,17,10,0,1,1,0,0,0,0,0,1,0,1,0,0,1,0,0,0,0,0,1,0,0,0,0
CUS_0x8f6a,20365.57,1642.1308333333334,9,9,30,6,20,24,24.6,170,2924.35,25.133379875440287,95.2472557796896,127.26934688558023,221.69648066806354,2024-09-01,2025-10-06 10:52:22.944,5,3,1,0,1,0,0,0,0,1,0,1,0,0,0,0,0,0,1,0,0,0,0,1,0,0
CUS_0x2f7d,90960.56,7498.046666666666,3,7,15,4,13,10,17.1,50,836.37,26.440729610565025,299.6585696335902,264.5845012642357,435.5615957688408,2024-09-01,2025-10-06 10:52:22.944,32,11,0,0,1,0,0,0,0,0,0,1,0,0,0,0,1,0,0,0,1,0,0,0,0,0
CUS_0x7aa8,14383.03,1109.5858333333333,8,10,29,5,50,24,8.03,70,2350.45,28.20275771160193,51.36447606715608,94.3625855994396,235.23152166673762,2024-09-01,2025-10-06 10:52:22.944,12,0,0,0,1,0,0,1,0,1,1,1,0,0,0,0,0,1,0,0,0,0,0,0,1,0
CUS_0x3efb,82816.48,6754.373333333332,8,10,16,6,21,24,23.45,150,4279.0,31.79280541500336,215.80750788577757,97.56108486840701,612.0687405791488,2024-09-01,2025-10-06 10:52:22.944,8,3,1,0,0,0,1,1,0,1,1,1,0,0,0,0,0,1,0,0,1,0,0,0,0,0
CUS_0xa913,43832.92,3052.748607413092,5,5,16,2,28,17,17.25,90,1441.58,38.174646636771456,373.371860922239,139.04662907128954,381.65056926004644,2024-09-01,2025-10-06 10:52:22.944,17,8,0,0,0,0,0,0,0,1,0,1,0,0,0,0,1,0,0,0,0,0,0,0,0,1
CUS_0x4775,125049.78,10426.815,1,5,7,0,7,10,0.7000000000000002,20,593.96,28.836830030820128,178.13788576051354,192.00193337734044,922.5416808621463,2024-09-01,2025-10-06 10:52:22.944,20,0,0,1,0,0,0,0,0,1,1,0,1,0,0,1,0,0,0,0,1,0,0,0,0,0
CUS_0x98ed,22229.06,1672.4216666666669,6,4,5,3,10,10,9.44,90,1396.14,33.061861257680604,52.13847388638949,44.084009839169426,321.01968294110776,2024-09-01,2025-10-06 10:52:22.944,13,0,0,0,0,0,0,0,1,0,1,0,0,0,0,0,1,0,0,0,1,0,0,0,0,0
CUS_0x46de,36753.32,3164.776666666666,9,10,32,4,18,13,16.72,60,2153.46,28.49702686800098,117.85177813802048,10000.0,212.19671793017974,2024-09-01,2025-10-06 10:52:22.944,9,10,0,0,1,1,0,0,1,0,0,1,0,0,0,0,1,0,0,0,0,0,1,0,0,0
CUS_0x85e8,126115.56,10304.63,8,7,19,4,13,14,9.72,30,1208.29,26.705523687621117,389.00751141795655,942.7395804385286,144.56378045276324,2024-09-01,2025-10-06 10:52:22.944,29,3,0,0,0,0,0,1,1,0,1,0,1,0,0,0,1,0,0,0,0,0,0,1,0,0
CUS_0xadf7,77142.69,6617.5575,3,5,6,6,14,13,13.21,100,523.92,31.342293651600976,196.81398137081788,273.8079333669825,451.1338352621996,2024-09-01,2025-10-06 10:52:22.944,15,9,0,1,1,0,1,0,0,1,1,1,0,0,0,0,1,0,0,1,0,0,0,0,0,0
CUS_0x140e,90894.08,7744.506666666667,5,5,1,4,9,13,10.12,50,49.52,37.51833045736621,259.74704062937474,237.86531641208202,526.83830962521,2024-09-01,2025-10-06 10:52:22.944,19,11,0,0,0,1,0,1,0,1,0,0,1,0,0,1,0,0,0,0,1,0,0,0,0,0
CUS_0x58c5,77677.38,6476.115000000002,3,7,7,2,16,12,8.42,18330,86.8,40.707967336321005,118.63054291149555,529.775847730324,289.2051093581805,2024-09-01,2025-10-06 10:52:22.944,27,3,0,0,0,0,1,0,0,1,0,0,1,0,0,0,1,0,0,0,0,0,1,0,0,0
CUS_0x8202,42664.56,3700.38,4,7,7,2,19,6,8.67,10,967.3,30.099051114938497,54.42804492707136,253.66525270874774,321.9447023641809,2024-09-01,2025-10-06 10:52:22.944,23,6,0,0,0,0,0,0,1,0,1,0,1,0,0,1,0,0,0,1,0,0,0,0,0,0
CUS_0x84dd,18702.5,1736.541666666667,4,4,10,3,14,15,14.21,70,2576.87,38.72029837225868,42.113870292377314,92.30243557391658,329.2378608003728,2024-09-01,2025-10-06 10:52:22.944,6,5,1,0,0,1,0,0,0,0,0,1,0,0,0,0,0,0,1,0,0,0,1,0,0,0
CUS_0x8cf3,15359.74,1362.9783333333332,10,7,27,8,20,25,1.06,60,2064.96,30.760767400573894,70.86812407026216,48.16846781589989,297.2612414471713,2024-09-01,2025-10-06 10:52:22.944,7,8,0,1,1,0,1,1,0,1,0,1,0,0,0,0,0,1,0,0,0,0,0,1,0,0
CUS_0xbca8,15635.86,1341.9883333333337,3,3,15,2,17,18,6.21,10,409.7,31.614258005434436,18.134519446557647,10000.0,318.93577118183515,2024-09-01,2025-10-06 10:52:22.944,27,1,0,0,1,0,0,0,0,0,0,0,1,0,0,0,1,0,0,1,0,0,0,0,0,0
CUS_0x50d5,62337.42,5236.785,3,5,6,0,18,11,13.31,50,788.73,29.68871709091957,40.39552173095739,300.46377222930545,472.8192060397371,2024-09-01,2025-10-06 10:52:22.944,19,8,0,0,1,0,0,0,0,0,0,1,0,0,0,0,1,0,0,0,0,0,1,0,0,0
CUS_0x83eb,129417.27,10857.7725,0,7,10,2,1,0,0.89,13770,788.87,34.22129965998178,60997.0,644.3027907162517,598.5156232127424,2024-09-01,2025-10-06 10:52:22.944,24,3,0,0,0,0,0,1,0,1,0,0,1,0,0,1,0,0,0,0,0,0,0,0,1,0
CUS_0x9d7e,106598.84,8639.236666666666,8,7,13,0,30,9,3.06,50,1454.48,33.87222893756849,320.89295147700227,89.26498425821066,693.7657309314535,2024-09-01,2025-10-06 10:52:22.944,29,2,1,1,0,0,1,0,0,0,0,0,1,0,0,0,0,0,1,0,0,1,0,0,0,0
CUS_0x5f0e,82134.44,6671.536666666668,10,5,24,0,36,16,4.55,100,1332.6,28.074593003364647,317.4441995582799,174.1655714921676,425.5438956162192,2024-09-01,2025-10-06 10:52:22.944,18,10,1,0,1,1,1,0,1,0,1,1,0,0,0,0,0,0,1,0,1,0,0,0,0,0
CUS_0xb4ab,101910.75,8600.5625,1,4,1,2,3,10,8.62,70,629.61,40.30179666467725,86.63599557562985,511.27932425248065,881.7246879362193,2024-09-01,2025-10-06 10:52:22.944,26,6,0,0,1,0,1,0,0,0,0,0,1,0,0,1,0,0,0,0,0,1,0,0,0,0
CUS_0x25e3,75354.48,6563.54,8,10,31,9,62,22,9.01,70,2697.9,33.071387453886665,349.8449420802257,249.0437272313048,337.4653306884695,2024-09-01,2025-10-06 10:52:22.944,10,0,1,1,1,1,0,1,1,1,0,1,0,0,0,0,0,1,0,0,0,0,0,1,0,0
CUS_0xa1ec,171292.56,12574.940065472232,1,5,9,3,3,1,5.49,40,393.01,40.14631225302835,1779.1032538262775,503.4495450263508,869.9251356751395,2024-09-01,2025-10-06 10:52:22.944,32,4,0,1,0,0,0,0,0,1,1,0,1,0,0,1,0,0,0,0,1,0,0,0,0,0
CUS_0x1691,44744.0,3457.666666666666,3,3,10,0,5,11,5.39,60,761.54,39.9018619671449,0.0,109.40656611147983,486.3601005551868,2024-09-01,2025-10-06 10:52:22.944,22,10,0,0,0,0,0,0,0,0,0,0,1,0,0,0,0,0,1,0,1,0,0,0,0,0
CUS_0x29b5,120497.52,10203.46,0,5,8,3,2,2,11.29,40,487.77,25.75581174172565,232.7415707951863,281.67425767643033,755.9301715283833,2024-09-01,2025-10-06 10:52:22.944,23,11,0,0,0,0,1,0,0,1,1,0,1,0,0,1,0,0,0,0,0,0,0,0,0,1
CUS_0x7197,48824.14,3357.19328039402,8,4,16,3,28,15,10.55,50,651.27,28.518512219477863,496.37596295087417,362.1789969103559,245.09792641141652,2024-09-01,2025-10-06 10:52:22.944,18,11,0,0,0,0,0,1,0,1,1,0,0,0,0,0,1,0,0,0,0,0,1,0,0,0
CUS_0x41cc,25399.68,2124.64,4,4,9,3,28,10,21.99,110,1495.03,24.578986051915077,61.0034361080378,47.783835013182745,353.67672887877944,2024-09-01,2025-10-06 10:52:22.944,16,1,1,0,0,1,0,0,1,0,0,1,0,0,0,0,0,0,1,0,1,0,0,0,0,0
CUS_0x7eb2,155911.4,13246.616666666669,1,5,11,3,20,7,6.96,30,886.96,30.655075449664597,370.4485213338052,376.63047595228437,827.5826693805773,2024-09-01,2025-10-06 10:52:22.944,32,3,0,0,1,0,0,0,1,1,0,0,1,0,0,0,0,0,1,0,1,0,0,0,0,0
CUS_0x9fcc,69823.72,5547.6433333333325,4,2,3,4,8,1,6.97,50,163.11,32.85255445446546,128.57493297584722,224.88289527070114,451.30650508678497,2024-09-01,2025-10-06 10:52:22.944,28,5,0,0,1,0,1,0,0,1,0,0,1,0,0,0,0,0,1,0,1,0,0,0,0,0
CUS_0x16ee,115476.12,9851.01,1,7,5,0,0,8,9.58,0,162.9,36.59139936356954,0.0,10000.0,715.9654888802334,2024-09-01,2025-10-06 10:52:22.944,31,8,0,0,0,0,0,0,0,0,0,0,1,0,0,0,0,0,1,0,0,0,0,0,0,1
CUS_0x3b52,55910.68,4294.92842528029,5,3,11,0,9,10,9.76,20,7.54,40.20412382331908,354.2949080530438,166.9651309813106,557.9572023520227,2024-09-01,2025-10-06 10:52:22.944,29,10,0,0,0,0,0,0,0,0,0,0,1,0,0,0,0,0,1,1,0,0,0,0,0,0
CUS_0x6e0,31104.32,2871.026666666666,6,5,12,1,13,14,6.8,60,1354.0,35.64452473021207,22.68715163837837,40.82643435504103,463.5890806732472,2024-09-01,2025-10-06 10:52:22.944,30,11,0,0,1,0,0,0,0,0,0,0,1,0,0,0,1,0,0,0,0,1,0,0,0,0
CUS_0xbd2e,7161.64,758.8033333333334,8,8,29,3,22,20,8.61,60,2669.02,32.55241163130314,12.427226356549244,36.475602255591895,316.9775047211922,2024-09-01,2025-10-06 10:52:22.944,11,8,0,0,1,0,0,1,0,0,1,1,0,0,0,0,0,0,1,0,0,0,1,0,0,0
CUS_0x7b64,58137.44,4578.786666666667,10,8,26,3,62,21,17.44,130,2071.87,33.686507505575534,139.91121232636988,463.0288356723467,144.93861866795015,2024-09-01,2025-10-06 10:52:22.944,13,5,0,0,0,0,0,0,0,1,1,1,0,0,0,0,0,0,1,0,0,0,1,0,0,0
CUS_0x8100,16733.85,1612.4875,9,8,25,6,27,14,6.26,110,2229.76,31.03719321448969,53.985875609965895,128.80115022595714,268.46172416407694,2024-09-01,2025-10-06 10:52:22.944,13,6,0,0,1,0,1,0,0,1,1,1,0,0,0,0,0,1,0,0,0,0,1,0,0,0
CUS_0x1750,10021.72,501.9621113240513,7,8,32,7,22,21,8.97,160,2150.61,26.90727486576623,93.1677670298342,22.282136134899627,265.54565217788155,2024-09-01,2025-10-06 10:52:22.944,5,10,1,1,0,1,1,0,1,1,0,1,0,0,0,0,0,1,0,0,0,0,0,1,0,0
CUS_0x9714,20083.06,1856.588333333333,8,5,15,3,20,21,7.36,80,2381.47,27.101406806063004,33.81951908584432,30.02282939259213,371.8164848548968,2024-09-01,2025-10-06 10:52:22.944,9,6,1,0,1,0,0,0,0,0,0,1,0,0,0,0,0,1,0,0,1,0,0,0,0,0
CUS_0x9d3d,15400.19,1140.2852857482385,6,10,17,2,56,8,14.71,100,2567.88,36.24644121316267,105.6513666752542,42.78297072677304,351.3644601830677,2024-09-01,2025-10-06 10:52:22.944,6,10,0,1,0,0,1,0,0,0,0,0,0,0,0,0,1,0,0,0,0,0,1,0,0,0
CUS_0x9ffa,35218.52,3195.876666666666,1,2,3,2,7,12,4.03,0,961.92,23.131358877400512,38.68319084565185,216.6878248229215,324.2166509980933,2024-09-01,2025-10-06 10:52:22.944,24,2,0,0,1,0,0,0,1,0,0,0,1,0,0,0,0,0,1,1,0,0,0,0,0,0
CUS_0xa11d,57786.18000000001,4910.515,7,4,11,4,25,6,8.89,70,1693.68,42.046867696753466,167.88680325081603,98.18315618558763,474.98154056359635,2024-09-01,2025-10-06 10:52:22.944,20,4,0,0,1,1,1,0,0,0,1,1,0,0,0,0,1,0,0,0,1,0,0,0,0,0
CUS_0x22cf,14075.83,876.9858333333334,7,10,19,5,20,23,17.14,170,1333.74,23.95753729495906,31.005245991897432,63.19206708488287,263.501270256553,2024-09-01,2025-10-06 10:52:22.944,13,10,0,0,1,0,1,1,0,0,0,1,0,0,0,0,0,1,0,0,0,0,0,0,1,0
CUS_0x9cc3,48657.42,3979.785,6,6,15,6,58,21,5.9,100,2284.08,24.532915565400945,132.61267905112254,114.86054998208157,410.50527096679593,2024-09-01,2025-10-06 10:52:22.944,8,6,1,0,0,1,1,1,0,0,0,0,0,0,0,0,0,1,0,1,0,0,0,0,0,0
CUS_0x5184,72757.26,5816.105,2,2,4,0,9,3,5.65,20,522.38,39.006325574397714,0.0,128.64180163327947,702.9686983667206,2024-09-01,2025-10-06 10:52:22.944,22,10,0,0,0,0,0,0,0,0,0,0,1,0,0,1,0,0,0,0,1,0,0,0,0,0
CUS_0x51b2,39685.92,3306.16,10,6,18,8,58,17,1.64,100,3775.3,37.09467685445411,210.95787487214244,251.89479576890102,137.7633293589565,2024-09-01,2025-10-06 10:52:22.944,11,8,1,0,1,1,0,0,1,1,1,1,0,0,0,0,0,1,0,0,0,0,0,0,1,0
CUS_0x7d06,78038.8,6522.233333333334,6,10,31,9,50,24,1.63,70,1876.36,36.80496299995583,364.67066147994575,362.4788899405224,205.07378191286517,2024-09-01,2025-10-06 10:52:22.944,20,2,1,1,0,1,1,1,0,1,1,1,0,0,0,0,0,0,1,0,0,0,0,1,0,0
CUS_0x37af,41597.89,3691.490833333333,4,1,6,0,3,8,5.97,40,611.96,27.72271712485053,0.0,227.90666386854897,411.2424194647844,2024-09-01,2025-10-06 10:52:22.944,18,5,0,0,0,0,0,0,0,0,0,0,1,0,0,1,0,0,0,0,0,0,0,0,1,0
CUS_0x66f2,83618.96,6744.246666666668,10,5,29,6,52,23,19.92,150,2624.85,23.33942323207043,326.1671896765565,407.4026140404976,210.85486294961268,2024-09-01,2025-10-06 10:52:22.944,11,6,0,1,1,1,0,0,1,0,1,1,0,0,0,0,0,1,0,0,0,0,0,0,1,0
CUS_0x735,46076.49,3558.7075,7,10,31,7,39,23,8.57,70,4914.02,33.67833723662468,263.49910534078816,186.3828779681256,165.98876669108625,2024-09-01,2025-10-06 10:52:22.944,2,10,0,0,1,0,0,1,1,1,1,1,0,0,0,0,0,1,0,1,0,0,0,0,0,0
CUS_0x7e5d,14755.09,1072.5908333333334,6,6,17,2,50,17,15.65,130,2460.77,34.70903795461175,14.803843148914517,66.6522385434046,295.80300164101425,2024-09-01,2025-10-06 10:52:22.944,9,4,0,0,0,0,0,1,0,0,1,1,0,0,0,0,0,1,0,0,0,0,0,0,1,0
CUS_0x2996,41027.94,3177.995000000001,4,5,2,1,6,0,1.52,90,698.33,40.68252723834455,31.72911294100924,131.7037493199668,404.366637739024,2024-09-01,2025-10-06 10:52:22.944,24,10,0,0,0,0,0,0,0,1,0,0,1,0,0,1,0,0,0,0,0,0,0,0,0,1
CUS_0x650b,160350.4,13274.533333333333,2,5,6,3,4,0,9.65,50,1077.27,30.20813543890462,212.42935211292783,881.7519917114349,513.2719895089706,2024-09-01,2025-10-06 10:52:22.944,31,3,1,0,0,1,1,0,0,0,0,0,1,0,0,1,0,0,0,0,0,0,0,1,0,0
CUS_0x6c92,14513.88,1067.49,10,948,33,6,34,21,24.45,110,3114.29,32.61113247394248,65.43734737984309,37.83936556018545,263.47228705997145,2024-09-01,2025-10-06 10:52:22.944,11,0,1,1,0,1,1,0,1,0,0,1,0,0,0,0,0,1,0,1,0,0,0,0,0,0
CUS_0xa204,16735.02,1176.585,9,10,15,7,48,14,14.43,110,2168.76,35.81133215618739,71.74975958755209,10000.0,237.6068895858316,2024-09-01,2025-10-06 10:52:22.944,18,5,1,0,1,1,0,0,1,0,1,1,0,0,0,0,1,0,0,1,0,0,0,0,0,0
CUS_0x1ad9,19386.02,1858.5016666666668,4,4,7,3,5,15,9.74,110,2438.26,39.70864325690896,40.00925124928242,20.548776545274716,365.2921388721096,2024-09-01,2025-10-06 10:52:22.944,15,0,0,0,1,0,0,1,0,1,0,1,0,0,0,0,1,0,0,0,0,1,0,0,0,0
CUS_0xc2bf,20138.87,1373.0789491323128,3,5,6,3,21,12,9.74,8080,13.59,35.73347084927337,194.49644394468223,120.8204171152257,278.26727314111247,2024-09-01,2025-10-06 10:52:22.944,23,5,1,0,0,0,0,0,1,1,0,1,0,0,0,0,1,0,0,0,0,0,1,0,0,0
CUS_0xc4a1,16227.03,1646.2525,6,8,21,5,18,12,19.2,140,1541.87,36.03425091174139,49.997642375018366,48.155496641786385,336.4721109831953,2024-09-01,2025-10-06 10:52:22.944,15,6,0,1,1,1,0,0,0,1,0,1,0,0,0,0,1,0,0,0,0,0,0,0,1,0
CUS_0x3cc8,1.4336678E7,2789.346666666667,6,9,25,2,39,24,1.6799999999999995,70,1309.09,35.64490688736618,35.19164481319368,73.3793706992908,430.3636511541822,2024-09-01,2025-10-06 10:52:22.944,15,5,0,0,0,0,0,1,0,0,0,1,0,0,0,0,0,1,0,1,0,0,0,0,0,0
CUS_0x5c09,62153.44,5056.453333333334,4,3,6,5,15,10,8.98,60,1853.35,31.85301631200818,169.056712908327,143.62403610817196,472.9645843168345,2024-09-01,2025-10-06 10:52:22.944,8,3,0,0,1,0,1,0,1,1,0,1,0,0,0,0,1,0,0,0,0,0,0,1,0,0
CUS_0x9674,18940.82,1281.4016666666666,9,5,33,192,49,13,9.11,170,1327.42,36.03811365616719,87.8574453690436,44.626674059103834,255.6560472385192,2024-09-01,2025-10-06 10:52:22.944,15,11,0,1,0,0,1,1,0,1,1,1,0,0,0,0,0,1,0,1,0,0,0,0,0,0
CUS_0xbeaf,12127.235,894.6029166666667,4,4,11,1,27,19,6.96,50,581.87,28.99818835858464,5.629824416938626,62.593185326233,301.23728192349506,2024-09-01,2025-10-06 10:52:22.944,31,0,0,0,0,0,0,0,1,0,0,1,0,0,0,0,1,0,0,0,0,0,0,1,0,0
CUS_0x47f1,17893.36,1630.1133333333337,4,4,7,2,30,17,19.41,110,2405.5,22.8956090580441,27.73646464314185,114.84710080261046,310.42776788758107,2024-09-01,2025-10-06 10:52:22.944,18,0,0,0,0,1,0,0,0,0,1,1,0,0,0,0,1,0,0,0,0,0,1,0,0,0
CUS_0xa4f5,45127.38,3466.615,9,6,33,9,62,27,5.0299999999999985,80,2282.66,22.554222785179828,267.1021500222401,100.01140164313637,229.54794833462344,2024-09-01,2025-10-06 10:52:22.944,10,9,0,1,1,1,0,1,1,1,0,1,0,0,0,0,0,0,1,0,1,0,0,0,0,0
CUS_0x26d2,119848.77,10224.3975,5,2,10,1,9,10,5.75,60,1049.14,31.50488336659894,55.85943763032421,137.0199051678138,1069.5604072018618,2024-09-01,2025-10-06 10:52:22.944,18,2,0,0,0,1,0,0,0,0,0,0,1,0,0,1,0,0,0,0,0,1,0,0,0,0
CUS_0x6406,41442.4,3160.5333333333333,3,1,5,4,6,6,9.54,60,419.05,37.11851601332224,125.40428501327769,51.474131459475785,389.1749168605799,2024-09-01,2025-10-06 10:52:22.944,25,0,0,0,0,0,1,0,1,1,0,0,1,0,0,0,0,0,1,0,1,0,0,0,0,0
CUS_0x41bf,61990.52,4900.876666666666,10,10,25,9,19,21,19.32,90,3618.91,27.97370335305433,355.1433958713539,10000.0,49.693439826383326,2024-09-01,2025-10-06 10:52:22.944,13,9,1,1,1,0,0,1,1,0,0,1,0,0,0,0,0,1,0,0,0,0,1,0,0,0
CUS_0x9466,61269.16,5295.763333333333,6,4,9,2,13,17,4.449999999999998,50,389.91,38.87002410280739,55.59378876561887,676.1072665473538,87.87527802036068,2024-09-01,2025-10-06 10:52:22.944,19,9,0,0,0,0,1,0,1,0,0,0,1,0,0,1,0,0,0,0,0,0,1,0,0,0
CUS_0xa903,93871.89,7849.6575,5,3,7,2,15,5,1.78,0,1128.58,25.23863057668993,93.60161742511627,726.3074411918383,245.0566913830456,2024-09-01,2025-10-06 10:52:22.944,31,11,0,1,0,0,0,0,1,0,0,0,0,0,0,1,0,0,0,0,0,0,0,1,0,0
CUS_0xacb7,16054.15,1196.8458333333333,8,5,30,8,39,18,27.12,140,4121.53,33.275479818124154,66.92608581772821,87.568194566287,245.1903029493181,2024-09-01,2025-10-06 10:52:22.944,10,5,0,1,1,1,1,0,0,1,1,1,0,0,0,0,0,1,0,0,0,0,0,1,0,0
CUS_0x2fb1,105151.32,8861.61,6,3,11,0,20,15,8.78,90,689.43,31.137522082460656,0.0,582.7565775378323,593.4044224621678,2024-09-01,2025-10-06 10:52:22.944,31,5,0,0,0,0,0,0,0,0,0,1,0,0,0,0,1,0,0,0,0,0,1,0,0,0
CUS_0x35b4,7912.96,751.4133333333333,7,6,22,0,34,23,1.76,23620,2352.07,30.09482526407102,12.9563885942534,97.70438565991466,254.48055907916532,2024-09-01,2025-10-06 10:52:22.944,7,3,0,0,1,1,0,0,0,0,1,1,0,0,0,0,0,0,1,0,0,0,1,0,0,0
CUS_0x38b2,26509.67,1820.106634885952,8,7,18,2,24,20,14.37,40,1259.9,26.920296974417987,171.8100062854761,31.45732870648971,376.1791134554149,2024-09-01,2025-10-06 10:52:22.944,24,6,1,0,0,0,0,0,0,1,0,1,0,0,0,0,1,0,0,0,1,0,0,0,0,0
CUS_0xa2cb,18355.27,1408.605833333333,6,6,32,6,59,16,3.33,110,2646.0,36.484596062572905,62.56128541584621,85.04847052175069,283.25082739573645,2024-09-01,2025-10-06 10:52:22.944,9,5,0,1,1,1,0,1,0,0,1,1,0,0,0,0,0,1,0,0,0,0,1,0,0,0
CUS_0x270c,9822.235,1057.5195833333332,10,5,22,6,46,15,20.99,130,4960.88,31.62250934851588,44.08872736169317,71.07795363904695,280.5852773325932,2024-09-01,2025-10-06 10:52:22.944,12,10,0,1,0,1,1,1,0,0,1,1,0,0,0,0,0,1,0,0,0,0,1,0,0,0
CUS_0x2829,64901.37,5298.4475,3,232,20,0,19,18,2.94,30,442.06,29.145533643409948,0.0,126.2630360212765,643.5817139787235,2024-09-01,2025-10-06 10:52:22.944,31,5,0,0,0,0,0,0,0,0,0,1,0,0,0,0,1,0,0,0,0,1,0,0,0,0
CUS_0x8d32,39832.82,3492.401666666666,8,8,31,4,51,13,13.49,110,1446.99,39.93701185726117,75.5725689393379,51.17786111610055,462.48973661122835,2024-09-01,2025-10-06 10:52:22.944,11,11,0,1,1,0,1,0,1,0,0,1,0,0,0,0,1,0,0,0,0,1,0,0,0,0
CUS_0xc31c,41403.34,3730.278333333333,4,6,2,2,23,13,4.23,10,215.84,35.53586123299687,62.65239033266538,114.40587250276657,445.9695704979014,2024-09-01,2025-10-06 10:52:22.944,21,8,1,0,0,0,0,0,1,0,0,0,1,0,0,1,0,0,0,0,1,0,0,0,0,0
CUS_0x61fd,7622.665,848.2220833333333,8,6,24,5,31,23,6.17,90,2140.48,27.398958010161437,31.66156841839921,57.247558444096654,255.91308147083748,2024-09-01,2025-10-06 10:52:22.944,14,4,0,0,1,0,1,0,0,1,1,1,0,0,0,0,0,1,0,1,0,0,0,0,0,0
CUS_0x9978,38305.28,3273.106666666666,7,5,15,5,16,22,4.75,120,1718.29,33.29740896614816,151.9368597163794,133.46785323028482,331.90595372000257,2024-09-01,2025-10-06 10:52:22.944,6,2,0,0,1,0,1,1,0,0,0,1,0,0,0,0,0,0,1,0,0,0,1,0,0,0
CUS_0x5155,62139.51,5089.2925,6,10,26,8,59,23,24.24,80,2603.85,38.61938583351985,342.2290731506656,67.34593045908957,349.35424639024484,2024-09-01,2025-10-06 10:52:22.944,8,6,1,1,0,1,0,0,1,1,1,1,0,0,0,0,0,1,0,0,1,0,0,0,0,0
CUS_0xc04a,36681.48,2999.7900000000004,7,10,20,6,30,15,8.78,150,2352.66,33.83118754828443,153.1074918560046,23.63488773274432,363.2366204112511,2024-09-01,2025-10-06 10:52:22.944,8,7,0,1,0,0,1,1,0,0,0,1,0,0,0,0,1,0,0,0,0,1,0,0,0,0
CUS_0x5a1a,32599.32,2445.61,3,6,7,1,13,6,6.61,10,1331.03,25.69727441954622,27.1327873082342,74.03425998135695,393.3939527104089,2024-09-01,2025-10-06 10:52:22.944,32,0,0,1,0,0,0,0,0,0,0,0,1,0,0,1,0,0,0,0,1,0,0,0,0,0
CUS_0xbd54,59348.64,4685.72,6,6,16,4,38,21,8.17,140,2051.19,38.992624638236656,152.53096605986738,186.39875198464068,379.642281955492,2024-09-01,2025-10-06 10:52:22.944,15,7,1,0,0,0,1,1,0,0,0,1,0,0,0,0,0,0,1,0,1,0,0,0,0,0
CUS_0x2561,37937.56,3129.463333333333,10,6,30,9,41,24,22.29,60,3339.22,25.045374199952917,243.08306836999043,57.50478074174814,252.35848422159472,2024-09-01,2025-10-06 10:52:22.944,6,9,0,1,1,0,1,1,1,0,0,1,0,0,0,0,0,1,0,0,0,0,0,0,0,1
CUS_0x626a,31916.17,2919.6808333333333,4,3,20,4,13,19,2.73,0,90.18,33.86143982646787,97.66275545562428,10000.0,259.2963803936907,2024-09-01,2025-10-06 10:52:22.944,16,11,0,0,1,0,0,1,1,0,1,0,0,0,0,0,1,0,0,1,0,0,0,0,0,0
CUS_0x7392,31226.77,2878.230833333333,5,7,11,0,15,4,0.97,30,1426.06,28.623014612401903,0.0,368.8441423730713,208.97894096026212,2024-09-01,2025-10-06 10:52:22.944,21,10,0,0,0,0,0,0,0,0,0,0,1,0,0,1,0,0,0,0,0,0,1,0,0,0
CUS_0x52e5,62313.54,5120.795,6,2,18,4,30,9,12.82,90,817.64,27.682220932239947,196.6796423998655,523.7051366189809,81.69472098115371,2024-09-01,2025-10-06 10:52:22.944,10,6,0,1,1,0,0,1,0,1,0,1,0,0,0,0,1,0,0,0,0,0,1,0,0,0
CUS_0x9283,19334.83,1721.2358333333334,8,6,31,5,19,16,24.35,80,3305.69,38.41132144587613,69.53188677293765,91.5948443486751,322.1395527252851,2024-09-01,2025-10-06 10:52:22.944,5,4,0,0,1,0,1,0,1,0,1,1,0,0,0,0,0,1,0,0,0,0,0,1,0,0
CUS_0x7597,56760.51,4999.0425,6,5,19,9,40,24,28.7,120,4701.09,36.30890335780757,401.1213841078491,33.648756145531394,305.1341097466195,2024-09-01,2025-10-06 10:52:22.944,6,10,1,0,0,0,1,1,1,1,1,1,0,0,0,0,0,1,0,0,0,0,0,0,0,1
CUS_0xc351,17366.08,1365.1733333333334,6,6,14,1,28,12,15.53,40,133.38,36.410991720589536,12.974549316766886,86.31646755801519,297.22631645855125,2024-09-01,2025-10-06 10:52:22.944,19,4,0,0,1,0,0,0,0,0,0,1,0,0,0,0,0,0,1,1,0,0,0,0,0,0
CUS_0x21df,76850.25,6174.1875,5,4,6,3,19,10,0.88,30,1112.24,24.358720426272026,139.61441099036034,216.9258221695205,530.8785168401191,2024-09-01,2025-10-06 10:52:22.944,22,8,1,0,0,0,1,1,0,0,0,1,0,0,0,0,1,0,0,0,0,0,0,0,1,0
CUS_0x243e,14542.23,1070.8525,7,5,16,0,59,15,15.079999999999998,130,1482.46,27.83440251266129,18.26578152551848,100.0996847546783,268.7197837198032,2024-09-01,2025-10-06 10:52:22.944,16,8,1,0,0,0,0,0,1,0,1,1,0,0,0,0,0,1,0,0,0,0,0,1,0,0
CUS_0x48be,19927.48,1655.6233333333332,10,6,24,9,20,19,2.42,150,4346.79,36.50938885041035,125.74979820414964,217.43524331761623,112.37729181156745,2024-09-01,2025-10-06 10:52:22.944,11,1,0,0,0,1,0,1,1,1,1,1,0,0,0,0,0,1,0,0,0,0,1,0,0,0
CUS_0x686c,10143.89,684.3241666666668,4,7,14,3,29,19,9.67,120,1083.92,28.50486889128069,22.886532816291595,24.437123485058876,281.1087603653162,2024-09-01,2025-10-06 10:52:22.944,20,5,1,0,0,0,0,0,0,1,1,1,0,0,0,0,1,0,0,1,0,0,0,0,0,0
CUS_0xbc49,72674.76,6099.23,6,10,31,7,45,18,4.7,90,2404.39,24.99302862127959,416.7980512067965,66.41117679556731,366.7137719976362,2024-09-01,2025-10-06 10:52:22.944,13,11,1,0,1,0,1,0,1,1,1,1,0,0,0,0,0,0,1,0,0,1,0,0,0,0
CUS_0x5ee,9597.79,955.8158333333334,6,5,6,3,23,10,11.42,60,289.1,38.43844410903546,23.11748685618762,48.40489849741847,284.05919797972734,2024-09-01,2025-10-06 10:52:22.944,29,4,0,0,1,0,0,0,1,0,1,1,0,0,0,0,1,0,0,1,0,0,0,0,0,0
CUS_0x7f6b,117566.96,9813.246666666668,1377,291,12,1,27,8,19.54,30,1251.06,30.870712789814306,90.968958232902,656.8402750835918,493.51543335017305,2024-09-01,2025-10-06 10:52:22.944,27,10,0,0,0,0,0,0,0,0,1,1,0,0,0,0,0,0,1,0,0,0,0,0,0,1
CUS_0x25f7,65668.78,5238.3983333333335,2,6,4,4,13,10,7.36,20,1261.43,37.9622654868345,135.1487396477076,317.5749390456422,471.3597393975903,2024-09-01,2025-10-06 10:52:22.944,29,3,1,0,1,1,0,0,0,1,0,0,0,0,0,1,0,0,0,0,1,0,0,0,0,0
CUS_0x46c4,61102.78,4538.033370702195,7,5,14,4,27,10,7.11,90,432.45,38.67984740532086,475.6650537873608,202.41679282065846,340.17294935645384,2024-09-01,2025-10-06 10:52:22.944,31,3,1,0,1,0,0,0,0,0,1,0,1,0,0,0,0,0,1,0,1,0,0,0,0,0
CUS_0x47bb,18372.22,1486.0183333333334,5,5,8,6,20,12,7.01,80,1517.44,26.819465728394604,54.34722950932314,81.35040191659647,302.90420190741366,2024-09-01,2025-10-06 10:52:22.944,19,0,0,0,0,0,0,1,1,1,0,1,0,0,0,0,1,0,0,0,0,0,1,0,0,0
CUS_0x7563,20027.03,1889.9191666666663,4,6,6,5,11,17,14.72,50,1183.81,31.82025390382904,79.26223803895324,10000.0,310.5462057945575,2024-09-01,2025-10-06 10:52:22.944,8,2,0,1,1,0,1,1,0,1,0,1,0,0,0,0,0,0,1,0,0,0,1,0,0,0
CUS_0x161b,44732.58,3433.242497808285,6,3,28,3,28,12,19.48,80,2298.88,35.959978138696364,240.3357268031844,146.4027808648343,393.0054945236962,2024-09-01,2025-10-06 10:52:22.944,9,0,0,0,0,0,1,1,0,0,1,0,0,0,0,0,1,0,0,0,1,0,0,0,0,0
CUS_0x74bd,29663.44,2676.953333333333,5,6,18,2,9,9,17.76,80,598.51,36.43438681922929,49.345911266595046,183.58268680505117,324.7667352616872,2024-09-01,2025-10-06 10:52:22.944,17,6,0,0,1,0,1,0,0,0,0,1,0,0,0,0,1,0,0,0,0,0,1,0,0,0
CUS_0x848e,7681.49,855.1241666666666,9,6,28,6,22,26,27.56,80,2678.79,27.33564554026334,31.616408144376503,37.71160085575021,276.18440766654,2024-09-01,2025-10-06 10:52:22.944,13,11,1,0,1,0,0,1,1,0,1,1,0,0,0,0,0,1,0,1,0,0,0,0,0,0
CUS_0xaef2,15049.89,971.1575,6,4,17,5,10,15,15.21,120,1886.54,22.512736369329986,46.60328791002119,118.05632104809521,222.45614104188357,2024-09-01,2025-10-06 10:52:22.944,18,11,0,0,1,0,1,0,1,1,0,1,0,0,0,0,1,0,0,0,0,0,1,0,0,0
CUS_0xba2a,33208.01,2494.334166666667,0,7,9,4,6,4,11.11,50,407.86,32.80814524011481,75.66027410643706,94.5512828822416,369.22185967798805,2024-09-01,2025-10-06 10:52:22.944,28,8,0,0,0,0,1,0,1,1,0,0,1,0,0,1,0,0,0,0,0,0,1,0,0,0
CUS_0x6013,41995.64,3416.6366666666668,7,6,7,4,12,10,16.73,70,1072.63,35.788775153879726,87.5439990503073,142.33879189538322,401.78087572097616,2024-09-01,2025-10-06 10:52:22.944,15,10,0,0,1,0,1,1,0,0,0,1,0,0,0,0,1,0,0,0,0,0,1,0,0,0
CUS_0x3c3a,8499.645,817.30375,8,7,20,8,30,17,5.65,90,2573.1,28.221019150778808,34.700690030537515,0.0,279.6291051176769,2024-09-01,2025-10-06 10:52:22.944,16,0,0,1,1,0,1,1,1,1,0,1,0,0,0,0,0,1,0,0,0,1,0,0,0,0
CUS_0x5911,7641.71,546.8091666666667,10,6,4446,5,51,16,19.73,120,4273.06,39.02867500890349,29.29401702749149,35.24161239136879,280.1452872478064,2024-09-01,2025-10-06 10:52:22.944,10,3,1,0,0,1,0,1,1,1,0,1,0,0,0,0,0,1,0,0,0,0,1,0,0,0
CUS_0xb66c,126615.04,10726.253333333332,3,4,12,0,27,14,7.57,40,1468.46,32.67624919869024,0.0,409.567061449712,943.0582718836212,2024-09-01,2025-10-06 10:52:22.944,29,9,0,0,0,0,0,0,0,0,0,0,1,0,0,0,1,0,0,0,0,0,0,1,0,0
CUS_0xba08,31370.8,2825.233333333333,1,6,12,2,0,2,5.76,50,421.43,37.56505276771999,46.61612907334207,252.6448271968889,273.2623770631024,2024-09-01,2025-10-06 10:52:22.944,27,0,0,0,0,0,1,0,0,1,0,0,1,0,0,0,0,0,1,0,0,0,1,0,0,0
CUS_0xc42d,28840.8,2169.4,3,4,6,1,1,5,7.64,30,1147.59,27.57059744154705,19.437808676258506,64.40798972829369,383.0942015954478,2024-09-01,2025-10-06 10:52:22.944,19,10,0,0,0,1,0,0,0,0,0,0,1,0,0,0,0,0,1,0,1,0,0,0,0,0
CUS_0x4503,17839.11,1580.5925,3,3,1,2,15,11,7.43,40,520.94,27.45995605011275,23.58999364694539,177.90674256038375,246.56251379267087,2024-09-01,2025-10-06 10:52:22.944,21,2,0,1,0,0,0,0,0,0,0,0,1,0,0,0,0,0,1,0,0,0,1,0,0,0
CUS_0x5f37,32401.4,2742.116666666667,8,5,29,6,41,19,9.62,80,4607.43,23.307621124182983,96.31286262626712,216.2833908478604,251.61541319253917,2024-09-01,2025-10-06 10:52:22.944,9,6,1,0,0,1,0,1,0,1,0,1,0,0,0,0,0,1,0,0,0,0,1,0,0,0
CUS_0x8e45,152796.76,12845.063333333335,2,5,1,0,1,3,3.74,50,1265.86,23.81704985412616,0.0,1329.0547484485048,235.45158488482863,2024-09-01,2025-10-06 10:52:22.944,18,8,0,0,0,0,0,0,0,0,0,0,1,0,0,1,0,0,0,0,0,0,0,1,0,0
CUS_0x9469,28582.04,2103.8366666666666,2,5,10,3,3,0,6.81,10,299.8,28.37797347814203,41.46045537642983,138.98810976603926,309.9351015241976,2024-09-01,2025-10-06 10:52:22.944,16,2,1,0,0,1,0,0,0,0,1,0,1,0,0,0,0,0,1,0,0,0,0,1,0,0
CUS_0x9a02,17840.72,1275.7266666666667,10,6,29,8,40,17,29.48,60,2651.74,29.86740596512896,118.03604638742468,100.27787139018923,199.25874888905273,2024-09-01,2025-10-06 10:52:22.944,7,5,1,1,0,0,1,1,1,1,0,1,0,0,0,0,0,1,0,0,0,0,1,0,0,0
CUS_0xc668,17420.33,1698.694166666667,4,7,27,3,29,7,14.3,90,2373.43,28.48791056496203,24.131971668178483,13.614191150988676,372.1232538474995,2024-09-01,2025-10-06 10:52:22.944,9,9,1,1,0,0,0,0,0,0,1,1,0,0,0,0,1,0,0,0,0,1,0,0,0,0
CUS_0x706e,39206.98,2969.248333333333,1,5,3,3,5,13,1.1500000000000004,20,780.54,35.926177707202235,55.82968366722193,255.8865563498921,255.20859331621932,2024-09-01,2025-10-06 10:52:22.944,18,3,0,0,1,0,0,1,1,0,0,0,1,0,0,0,0,0,1,0,0,0,0,0,1,0
CUS_0x7d82,19134.77,1809.5641666666668,8,5,24,7,24,9,19.18,70,1870.49,36.69332708406984,66.15842130344676,124.47482118481626,270.32317417840363,2024-09-01,2025-10-06 10:52:22.944,8,6,0,0,1,1,0,0,1,1,0,1,0,0,0,0,0,0,1,0,0,0,0,1,0,0
CUS_0x1d8d,17137.57,1617.1308333333334,8,7,34,9,21,20,25.45,160,3680.6,33.986471176288624,119.5320319672674,182.67304785256175,149.50800351350418,2024-09-01,2025-10-06 10:52:22.944,9,4,1,1,0,0,0,1,0,0,1,1,0,0,0,0,0,0,1,0,0,0,1,0,0,0
CUS_0x6cdd,40069.45,3616.120833333333,3,5,3,2,0,10,5.42,60,25.16,27.151596451705,63.06480596036172,202.3627697845046,386.184507588467,2024-09-01,2025-10-06 10:52:22.944,25,2,0,0,1,0,1,0,0,0,0,0,1,0,0,0,0,0,1,0,0,0,1,0,0,0
CUS_0x435f,127430.52,10870.21,4,5,2,0,5,0,9.24,20,1039.71,36.81765993738185,0.0,75.0463341853422,1251.974665814658,2024-09-01,2025-10-06 10:52:22.944,25,3,0,0,0,0,0,0,0,0,0,0,1,0,0,1,0,0,0,0,0,1,0,0,0,0
CUS_0x3562,43436.27,3487.689166666666,0,1,5,2,6,2,8.19,40,63.92,26.30116756262102,58.41158774117607,55.901305287144034,484.45602363834655,2024-09-01,2025-10-06 10:52:22.944,17,6,1,0,0,0,1,0,0,0,0,0,1,0,0,1,0,0,0,0,1,0,0,0,0,0
CUS_0x5fbb,8272.2,811.35,10,8,27,7,28,23,2.59,120,1744.47,36.15695531803223,43.14745659876899,86.31952163866127,241.6680217625697,2024-09-01,2025-10-06 10:52:22.944,12,2,1,1,1,0,0,1,0,0,1,1,0,0,0,0,0,1,0,0,0,0,1,0,0,0
CUS_0x9759,20389.3,1876.108333333333,7,4,11,4,10,9,10.45,0,1136.37,40.3933901932876,48.44363927117564,34.100742243455784,345.06645181870186,2024-09-01,2025-10-06 10:52:22.944,26,9,1,0,1,0,1,0,0,0,0,0,1,0,0,1,0,0,0,0,0,1,0,0,0,0
CUS_0x3a43,38834.79,3045.2325,0,5,10,3,4,11,13.77,10,530.62,36.744637671803744,74.28977713640097,172.1958812321119,348.0375916314872,2024-09-01,2025-10-06 10:52:22.944,33,3,0,0,1,0,0,1,0,0,1,0,0,0,0,0,0,0,1,0,0,0,1,0,0,0
CUS_0x995d,44418.54,3626.545,9,7,33,8,64,20,4.85,130,1340.46,24.75444369513701,233.63620780037328,10000.0,44.0764117372513,2024-09-01,2025-10-06 10:52:22.944,8,5,0,1,1,1,1,1,1,0,1,0,0,0,0,0,0,1,0,0,0,0,1,0,0,0
CUS_0x19a9,14128.41,1403.3675,6,5,29,9,25,19,24.2,120,3127.87,36.5850584148659,93.95697677048248,88.74993310477112,227.6298401247464,2024-09-01,2025-10-06 10:52:22.944,13,2,0,1,0,1,0,1,1,1,1,1,0,0,0,0,0,0,1,0,0,0,0,0,1,0
CUS_0x2467,61279.77,4669.55247799848,6,3,17,5,14,11,12.39,90,1836.43,34.86639793817838,430.7167009750384,165.82871997426253,470.6528888724154,2024-09-01,2025-10-06 10:52:22.944,10,0,1,1,0,0,0,0,1,1,1,1,0,0,0,0,1,0,0,0,0,0,0,0,0,1
CUS_0x8d2e,35940.36,2781.03,6,7,32,6,55,15,1.29,130,2694.55,28.06595759168476,107.4893653865092,109.16902077035549,316.28459557948247,2024-09-01,2025-10-06 10:52:22.944,18,8,0,0,0,1,1,0,0,0,1,1,0,0,0,0,0,1,0,1,0,0,0,0,0,0
CUS_0x121b,33209.27,2954.439166666666,1,6,8,2,24,4,8.99,40,743.65,30.248115138975468,54.263163320411365,272.15103437127317,259.02971897498213,2024-09-01,2025-10-06 10:52:22.944,17,5,0,0,0,0,1,0,0,0,1,0,1,0,0,0,0,0,1,0,0,0,1,0,0,0
CUS_0x1d70,19563.14,1902.2616666666663,8,7,29,6,29,24,2.32,110,2375.12,38.32497383791436,64.79136581290416,108.99451447590909,286.44028637785345,2024-09-01,2025-10-06 10:52:22.944,6,5,0,0,1,1,1,1,0,1,0,1,0,0,0,0,0,1,0,0,0,0,0,0,1,0
CUS_0x3586,17476.72,1549.3933333333334,8,7,5,2,1,19,13.23,50,1470.22,36.08948571324935,24.914186274761462,104.38726069204964,305.63788636652225,2024-09-01,2025-10-06 10:52:22.944,27,5,0,1,0,1,0,0,0,0,0,0,0,0,0,0,1,0,0,0,0,0,0,1,0,0
CUS_0xb56c,60801.28,4858.7733333333335,3,1235,2,2,10,11,7.39,30,1272.77,34.052864896041456,89.58348299812592,10000.0,506.03390499751083,2024-09-01,2025-10-06 10:52:22.944,22,8,0,0,0,1,0,1,0,0,0,0,0,0,0,1,0,0,0,0,1,0,0,0,0,0
CUS_0x2b57,29337.5,2321.7916666666665,9,7,20,7,25,24,1.41,150,1784.61,32.35806646002741,164.31350066652166,306.148408684995,51.71725731515002,2024-09-01,2025-10-06 10:52:22.944,15,4,1,1,1,0,0,0,0,0,1,1,0,0,0,0,0,1,0,0,0,0,1,0,0,0
CUS_0x59b6,111090.06,9192.505,0,4,11,3,0,4,11.99,10,575.32,40.176578407207714,149.07965832974702,313.31470257071123,726.8561390995418,2024-09-01,2025-10-06 10:52:22.944,28,0,0,1,1,0,0,0,0,1,0,0,1,0,0,1,0,0,0,0,0,0,0,0,1,0
CUS_0x899d,14938.01,985.8341666666668,7,5,17,8,47,24,17.45,130,3446.44,36.310795157999344,89.33792942525648,70.45610022694886,228.78938701446134,2024-09-01,2025-10-06 10:52:22.944,14,5,1,0,0,1,0,0,0,1,0,1,0,0,0,0,0,1,0,0,0,0,1,0,0,0
CUS_0x609f,61654.84,5175.903333333333,5,7,9,4,30,12,13.87,50,741.7,25.05330445180164,192.6269519380112,196.96727247007328,377.99610892524885,2024-09-01,2025-10-06 10:52:22.944,13,3,0,0,1,0,1,1,0,1,0,1,0,0,0,0,1,0,0,0,1,0,0,0,0,0
CUS_0x82bf,56714.52,4561.21,7,10,29,4,40,22,11.64,130,1796.88,37.49494188537905,165.3355529342198,140.48717416986565,400.29827289591464,2024-09-01,2025-10-06 10:52:22.944,18,3,1,0,0,0,1,1,0,0,0,0,0,0,0,0,0,0,1,0,1,0,0,0,0,0
CUS_0x17fc,71102.8,6185.233333333334,2,1,5,0,14,2,8.73,20,830.07,33.2217336181301,0.0,504.0114264717449,404.5119068615884,2024-09-01,2025-10-06 10:52:22.944,21,0,0,0,0,0,0,0,0,0,0,0,1,0,0,1,0,0,0,0,0,0,1,0,0,0
CUS_0x40e5,115645.65,9434.1375,5,8,10,1,8,2324,10.25,50,66.47,35.42405307362905,70.95805519559642,564.6480616814337,587.8076331229701,2024-09-01,2025-10-06 10:52:22.944,23,5,0,1,0,0,0,0,0,0,0,0,1,0,0,1,0,0,0,0,0,0,0,1,0,0
CUS_0xadd5,28638.1,2539.508333333333,7,3,10,4,4,19,9.58,60,85.5,22.06631135886533,91.64952477721656,284.1610194825869,168.1402890735299,2024-09-01,2025-10-06 10:52:22.944,26,2,1,1,0,0,0,1,0,1,0,1,0,0,0,0,0,0,1,0,0,0,1,0,0,0
CUS_0xae9b,18514.195,1713.8495833333334,0,4,8,2,4,2,5.23,30,62.75,36.43066403987265,20.05047355777102,69.868387246791,371.46609752877134,2024-09-01,2025-10-06 10:52:22.944,33,6,1,0,1,0,0,0,0,0,0,0,1,0,0,1,0,0,0,0,0,0,1,0,0,0
CUS_0x575c,63561.98,5227.831666666667,4,1,6,1,7,12,2.42,30,952.48,34.540177673665,35.25643909112324,168.60812246839413,568.9186051071492,2024-09-01,2025-10-06 10:52:22.944,22,5,0,0,0,0,0,0,0,1,0,0,1,0,0,1,0,0,0,0,1,0,0,0,0,0
CUS_0x9fd2,35644.72,2987.393333333333,1,4,3,1,13,2,4.58,20,757.25,30.76410775557944,16.81273663518735,56.95550429690083,484.9710924012452,2024-09-01,2025-10-06 10:52:22.944,20,8,0,0,0,0,1,0,0,0,0,0,1,0,0,1,0,0,0,0,0,0,0,0,0,1
CUS_0x9ff4,11162.02,743.1683333333334,8,7,17,4,28,9,1.6100000000000003,20,1235.11,25.379207617170863,30.49913715699385,26.53808585002452,287.279610326315,2024-09-01,2025-10-06 10:52:22.944,24,4,1,0,1,1,0,0,0,0,1,0,1,0,0,0,1,0,0,0,0,0,0,0,1,0
CUS_0x42ef,18385.23,1413.1025,9,10,34,9,63,15,20.94,90,3720.45,36.86246270727998,83.69761902461535,63.555390235372,284.05724074001273,2024-09-01,2025-10-06 10:52:22.944,13,2,1,1,1,1,0,0,1,1,0,1,0,0,0,0,0,1,0,0,0,0,1,0,0,0
CUS_0x52d5,56784.54,4948.045,8,5,17,4,8,15,8.56,30,234.96,32.438954566614555,146.67672867210453,136.29827125611496,471.82950007178056,2024-09-01,2025-10-06 10:52:22.944,16,11,1,0,0,0,1,0,1,0,0,0,1,0,0,0,1,0,0,1,0,0,0,0,0,0
CUS_0x63c2,151085.88,12540.49,2,7,6,3,1,4,2.25,40,1015.74,41.830159297866295,323.015109995819,302.15622032930764,868.8776696748732,2024-09-01,2025-10-06 10:52:22.944,33,4,1,0,0,0,0,1,0,0,0,0,1,0,0,0,0,0,1,0,0,1,0,0,0,0
CUS_0x4734,42240.87,3296.0725,9,8,22,5,20,24,19.62,100,3483.9,40.28200461333768,95.74849408764148,23.549201019137683,450.3095548932208,2024-09-01,2025-10-06 10:52:22.944,14,0,0,0,1,0,0,1,1,1,1,1,0,0,0,0,0,0,1,0,0,1,0,0,0,0
CUS_0x9556,73394.12,5968.176666666666,9,9,23,5,20,17,19.85,110,2704.68,29.90696353478601,168.17678112425563,107.91662092937423,580.7242646130369,2024-09-01,2025-10-06 10:52:22.944,8,8,0,1,1,1,0,0,0,1,1,1,0,0,0,0,0,0,1,1,0,0,0,0,0,0
CUS_0x643a,62630.6,5286.216666666666,9,6,22,5,54,15,17.07,140,2425.13,37.05030835801551,229.7753057322414,10000.0,459.0186591646668,2024-09-01,2025-10-06 10:52:22.944,17,0,1,0,1,0,0,1,0,1,0,1,0,0,0,0,1,0,0,0,1,0,0,0,0,0
CUS_0x7c25,23727.45,2145.287500000001,7,4,318,0,10,11,2.35,0,943.06,28.981430224452343,0.0,236.666977070698,267.86177292930205,2024-09-01,2025-10-06 10:52:22.944,27,11,0,0,0,0,0,0,0,0,0,0,0,0,0,0,1,0,0,0,0,0,1,0,0,0
CUS_0x8786,77095.8,6395.6500000000015,9,8,20,8,55,18,17.87,100,3106.52,25.303825813084696,333.7979570634438,10000.0,364.29785274905925,2024-09-01,2025-10-06 10:52:22.944,2,5,0,1,1,1,0,1,1,1,1,1,0,0,0,0,0,1,0,0,1,0,0,0,0,0
CUS_0x5073,27286.53,2279.8775,6,3,18,0,15,13,1.33,80,302.21,36.12135996886355,0.0,104.46910011908147,413.51864988091853,2024-09-01,2025-10-06 10:52:22.944,16,3,0,0,0,0,0,0,0,0,0,0,1,0,0,0,1,0,0,0,0,0,1,0,0,0
CUS_0x9d0a,88045.8,7108.1500000000015,5,4,19,4,14,13,9.57,60,262.3,41.243476931028844,268.581906060986,88.94773638255171,593.2853575564625,2024-09-01,2025-10-06 10:52:22.944,22,5,0,0,0,0,1,1,1,0,0,1,0,0,0,0,1,0,0,0,0,1,0,0,0,0
CUS_0xb0f3,65454.36,5400.53,4,5,14,3,8,17,7.17,80,449.97,26.58661625125634,130.92847918352416,596.2105152044749,102.914005612001,2024-09-01,2025-10-06 10:52:22.944,25,0,0,0,0,0,1,0,1,0,1,1,0,0,0,0,1,0,0,0,0,0,1,0,0,0
CUS_0x57f7,14906.56,1360.2133333333334,6,6,20,2,44,17,7.63,120,2626.18,34.05749029859128,20.692546277562823,74.95404368388806,300.3747433718825,2024-09-01,2025-10-06 10:52:22.944,10,3,0,0,0,0,0,1,0,1,0,1,0,0,0,0,0,0,1,0,0,0,0,0,0,1
CUS_0x8b62,30128.6,2716.7166666666667,8,10,24,5,48,15,15.65,140,2486.16,38.62744108802978,93.99019329221188,110.27385907819739,347.4076142962574,2024-09-01,2025-10-06 10:52:22.944,12,6,0,1,0,1,1,1,0,0,1,1,0,0,0,0,0,0,1,0,0,0,0,1,0,0
CUS_0x8d5e,33189.56,3030.796666666666,122,7,32,8,31,15,4.47,150,4273.39,30.090143682080623,195.2795764567964,246.9926721348053,130.80741807506502,2024-09-01,2025-10-06 10:52:22.944,10,10,0,0,1,1,1,1,0,1,1,1,0,0,0,0,0,1,0,0,0,0,0,0,1,0
CUS_0xa9d3,26978.17,2419.847722919395,6,3,8,1,17,14,8.37,70,1264.34,36.906789513894346,141.25055070457665,157.08662045096088,366.0140225917344,2024-09-01,2025-10-06 10:52:22.944,17,10,1,0,0,0,0,0,0,0,0,0,1,0,0,0,1,0,0,0,0,0,1,0,0,0
CUS_0x278b,88406.34,7113.195,2,7,2865,4,15,0,4.0600000000000005,30,1273.15,26.064923364985862,242.2368498447588,457.1300767357337,291.95257341950736,2024-09-01,2025-10-06 10:52:22.944,31,7,0,0,0,1,1,0,1,1,0,0,1,0,0,1,0,0,0,0,0,0,0,1,0,0
CUS_0x8d33,138920.84,11503.736666666666,5,3,3,4,19,15,6.45,40,246.87,31.15238150995605,235.8554310698026,457.26147874903313,707.256756847831,2024-09-01,2025-10-06 10:52:22.944,33,2,1,0,1,0,1,0,0,1,0,0,1,0,0,1,0,0,0,0,1,0,0,0,0,0
CUS_0xa5ba,73732.4,6048.366666666666,9,10,30,9,28,14,1.14,120,2186.49,32.70105731596079,526.0012234122865,100.98780444495188,227.84763880942813,2024-09-01,2025-10-06 10:52:22.944,7,11,1,1,1,1,1,0,1,1,0,1,0,0,0,0,0,0,1,0,1,0,0,0,0,0
CUS_0xae66,142560.36,11773.03,6,3,13,1,23,17,11.22,20,220.75,34.66749249806125,76.77209392397535,326.08709411056856,1034.443811965456,2024-09-01,2025-10-06 10:52:22.944,17,10,0,0,0,0,0,1,0,0,0,0,1,0,0,0,0,0,1,1,0,0,0,0,0,0
CUS_0x3fbc,75612.08,6401.006666666667,8,7,17,0,52,18,8.5,100,2312.82,30.008969644430515,226.10199438469016,73.48100944460786,580.5176628373688,2024-09-01,2025-10-06 10:52:22.944,17,10,0,1,0,0,0,1,1,0,0,1,0,0,0,0,0,1,0,0,0,1,0,0,0,0
CUS_0x8834,27964.68,2224.39,8,3,6,4,18,14,0.8399999999999999,10,1213.1,22.348618334082467,52.44953077713148,196.08841918775101,243.90105003511752,2024-09-01,2025-10-06 10:52:22.944,20,11,0,1,1,0,0,0,1,0,1,0,1,0,0,0,1,0,0,0,0,0,0,0,1,0
CUS_0xace0,10275.925,702.3270833333332,7,3,20,2,13,16,15.32,70,159.73,40.64839789844448,9.869009467248176,22.877512510388783,317.48618635569636,2024-09-01,2025-10-06 10:52:22.944,27,11,0,0,0,0,1,0,0,1,0,1,0,0,0,0,1,0,0,0,0,0,0,1,0,0
CUS_0x4aa5,84261.29999999999,6772.774999999999,5,7,5,6,10,20,9.9,50,958.8,30.948243758874803,214.1273740745194,152.22906031046375,570.9210656150168,2024-09-01,2025-10-06 10:52:22.944,11,6,0,1,0,1,0,1,0,1,1,1,0,0,0,0,1,0,0,1,0,0,0,0,0,0
CUS_0x4d48,137123.88,11198.99,2,1,6,3,14,1263,15.38,10,1227.49,43.37116120731793,299.9941206765977,260.8101865710718,819.0946927523305,2024-09-01,2025-10-06 10:52:22.944,18,5,0,1,0,0,0,0,1,0,0,0,1,0,0,0,0,0,1,1,0,0,0,0,0,0
CUS_0x1ebf,17830.415,1229.8679166666668,4,5,4,2,2,8,14.45,20,1281.41,23.32759210065024,17.613736696518426,34.99230158833095,320.3807533818173,2024-09-01,2025-10-06 10:52:22.944,32,4,0,0,0,0,1,0,0,1,0,0,1,0,0,0,0,0,1,0,1,0,0,0,0,0
CUS_0x5721,20488.29,1811.3575,8,5,33,9,56,18,20.57,80,3218.07,23.82886108156153,131.4652937496364,52.260279617216966,247.41017663314662,2024-09-01,2025-10-06 10:52:22.944,8,3,0,1,0,0,0,1,1,1,0,1,0,0,0,0,0,1,0,0,1,0,0,0,0,0
CUS_0x6ca6,15964.31,1229.3591666666666,10,5,22,5,47,20,21.73,150,4375.21,32.427798347973905,54.02442559247661,10000.0,307.44666704650865,2024-09-01,2025-10-06 10:52:22.944,4,7,1,0,0,1,0,0,1,0,0,1,0,0,0,0,0,1,0,0,0,0,0,1,0,0
CUS_0x7ef7,30411.9,2772.3250000000007,4,6,11,6,9,15,8.68,100,2261.01,32.42263971744873,112.7534342461514,106.81273096960804,327.66633478424063,2024-09-01,2025-10-06 10:52:22.944,8,8,1,1,0,1,0,1,0,0,1,1,0,0,0,0,1,0,0,0,0,0,0,0,1,0
CUS_0x4b9,20414.37,1775.1975,6,648,18,4,25,16,6.66,140,1401.52,25.47591766230997,55.1445140821016,66.11804046187503,346.2571954560234,2024-09-01,2025-10-06 10:52:22.944,6,2,0,1,0,0,1,0,1,0,0,1,0,0,0,0,0,1,0,0,0,0,1,0,0,0
CUS_0x75d8,115832.24,9902.686666666666,8,5,4,1,11,14,0.0,0,211.14,28.426731557717773,94.1867855083695,1013.8867959043035,162.19508525399362,2024-09-01,2025-10-06 10:52:22.944,32,10,0,0,0,0,0,0,1,0,0,0,1,0,0,1,0,0,0,0,0,0,0,1,0,0
CUS_0x9337,87502.04999999999,7589.837499999999,4,3,10,4,29,12,6.42,40,1291.41,28.60539569472536,227.42907864610268,738.6055969518487,72.94907440204838,2024-09-01,2025-10-06 10:52:22.944,28,9,0,1,0,0,0,1,1,0,0,0,1,0,0,1,0,0,0,0,0,0,0,1,0,0
CUS_0xaa9d,32631.54,2765.295,0,1,7,0,10,2,7.63,30,1013.79,28.074543802108888,66444.0,149.10496343605794,407.424536563942,2024-09-01,2025-10-06 10:52:22.944,25,4,0,0,0,0,0,0,0,0,0,0,0,0,0,1,0,0,0,0,0,0,0,1,0,0
CUS_0x569d,8741.32,450.44333333333327,6,10,28,5,51,24,15.77,170,3791.25,36.03490193795411,23.50629756226059,19.670885645655513,281.86715012541725,2024-09-01,2025-10-06 10:52:22.944,5,2,1,1,0,0,0,0,0,0,1,0,0,0,0,0,0,0,1,0,0,0,0,1,0,0
CUS_0x8d42,30984.3,2385.025,0,6,12,2,5,2,2.14,40,1098.16,28.67153289937127,35.04854974876009,79.63687418901372,393.8170760622262,2024-09-01,2025-10-06 10:52:22.944,30,11,0,1,0,0,0,0,0,0,0,0,1,0,0,1,0,0,0,0,0,0,0,0,1,0
CUS_0x30fd,43074.48,3315.5399999999995,7,5,10,4,18,8,11.31,60,2572.44,30.829708357388988,121.33525238650633,291.5980179783163,208.62072963517738,2024-09-01,2025-10-06 10:52:22.944,16,6,1,0,0,0,1,1,0,0,0,1,0,0,0,0,1,0,0,0,0,0,1,0,0,0
CUS_0x41cd,76338.68,6608.556666666666,4,6,19,1,11,8,12.18,60,965.06,38.54769162367244,52.63006495939771,114.42657638784462,733.7990253194242,2024-09-01,2025-10-06 10:52:22.944,13,10,0,0,1,0,0,0,0,0,0,1,0,0,0,0,1,0,0,0,0,0,0,0,0,1
CUS_0x97fc,80953.20000000001,6722.100000000001,6,3,8,0,16,9,5.14,40,597.32,38.84564656498172,111.72879638411533,106.14336983894435,704.3378337769403,2024-09-01,2025-10-06 10:52:22.944,23,2,0,0,0,1,0,0,1,0,0,1,0,0,0,0,0,0,1,0,1,0,0,0,0,0
CUS_0x57ca,101628.12,8730.01,3,7,14,0,12,9,18.25,110,248.77,32.42695094478789,0.0,156.3124565784237,956.6885434215764,2024-09-01,2025-10-06 10:52:22.944,13,3,0,0,0,0,0,0,0,0,0,1,0,0,0,0,0,0,1,0,0,1,0,0,0,0
CUS_0x69f6,7890.515,932.5429166666668,8,5,28,9,25,20,8.14,120,2358.06,29.779731053080717,47247.0,10.315838370630738,302.92257348275035,2024-09-01,2025-10-06 10:52:22.944,15,3,1,0,1,1,1,1,0,1,1,1,0,0,0,0,0,1,0,0,1,0,0,0,0,0
CUS_0xbac3,93817.62,7785.134999999998,1,6,4,1,5,6,8.99,50,1056.89,26.926169890645262,46.97136627131446,1038.2449328816183,328.637032707398,2024-09-01,2025-10-06 10:52:22.944,32,8,0,0,0,1,0,0,0,0,0,0,1,0,0,1,0,0,0,0,0,0,1,0,0,0
CUS_0x9041,38726.47,3467.205833333333,0,4,10,0,8,11,1.59,50,259.59,31.69484438395433,0.0,103.71526970694107,503.0053136263923,2024-09-01,2025-10-06 10:52:22.944,22,8,0,0,0,0,0,0,0,0,0,0,1,0,0,1,0,0,0,1,0,0,0,0,0,0
CUS_0xb518,127855.83,10298.403409530309,5,7,1,4,8,12,9.2,50,534.08,30.95693477775471,22375.0,105.91913798856304,818.7334979561055,2024-09-01,2025-10-06 10:52:22.944,33,3,0,0,0,1,0,0,1,1,1,0,1,0,0,0,0,0,1,0,0,1,0,0,0,0
CUS_0xbbb5,35989.5,3039.125,7,6,26,7,12,21,8.66,110,1754.71,31.678933592890328,184.38519302930996,49.98983582870486,309.5374711419853,2024-09-01,2025-10-06 10:52:22.944,9,2,1,0,1,0,1,0,0,1,0,1,0,0,0,0,1,0,0,0,0,1,0,0,0,0
CUS_0x4eb3,65544.12,5311.009999999998,3,3,10,2,7,0,8.2,10,1357.63,29.431384578063533,71.71689333115668,170.79564431474182,538.5884623541015,2024-09-01,2025-10-06 10:52:22.944,18,1,0,0,0,0,0,1,0,0,1,0,1,0,0,1,0,0,0,0,1,0,0,0,0,0
CUS_0xa6c7,20622.28,1479.523333333333,7,6,21,3,27,15,13.22,110,2528.49,28.02309979882564,32.640097739716175,10000.0,286.0746514113469,2024-09-01,2025-10-06 10:52:22.944,10,5,0,1,0,0,1,0,0,0,0,1,0,0,0,0,1,0,0,0,0,0,0,1,0,0
CUS_0xc142,14080.81,1142.4008333333334,3,5,30,4,8,15,14.59,100,1334.8,24.58921034907834,33.34129603525361,143.3624828771246,227.5363044209552,2024-09-01,2025-10-06 10:52:22.944,11,4,0,1,0,0,1,0,0,1,1,1,0,0,0,0,1,0,0,0,0,0,1,0,0,0
CUS_0x7110,87932.96,7206.746666666668,4,3,4,2,13,13,0.0,30,649.7,27.4614498160174,117.41528169068609,66.28485792618429,776.9745270497964,2024-09-01,2025-10-06 10:52:22.944,21,11,0,0,0,0,1,0,1,0,0,0,1,0,0,1,0,0,0,0,0,1,0,0,0,0
CUS_0x78e9,43904.46,3934.705,4,4,15,7,7,9,16.18,90,1385.28,25.90794225191168,250.36665302962447,104.76181506100347,288.34203190937205,2024-09-01,2025-10-06 10:52:22.944,17,3,0,1,1,0,1,0,0,0,1,1,0,0,0,0,1,0,0,0,1,0,0,0,0,0
CUS_0x8179,69194.98,5657.248333333332,3,4,16,0,27,11,14.43,100,911.82,32.35967498078681,0.0,578.8748696140652,276.849963719268,2024-09-01,2025-10-06 10:52:22.944,19,8,0,0,0,0,0,0,0,0,0,1,0,0,0,0,1,0,0,0,0,0,1,0,0,0
CUS_0xbad6,41486.98,2959.217697254116,3,2,4,4,5,1,9.18,30,802.69,35.929930201974614,444.8342744088691,51.577877234559224,320.9658449652227,2024-09-01,2025-10-06 10:52:22.944,24,0,0,0,1,0,1,0,1,0,0,0,1,0,0,1,0,0,0,0,0,0,0,0,1,0
CUS_0x21c0,22084.56,1743.38,0,7,9,0,6,11,11.24,40,1234.3,33.56795502046933,0.0,72.6087614795453,381.7292385204547,2024-09-01,2025-10-06 10:52:22.944,29,10,0,0,0,0,0,0,0,0,0,0,1,0,0,1,0,0,0,0,0,0,0,1,0,0
CUS_0x7d42,18770.3,1514.1916666666666,1,1,5,3,16,2,11.32,0,594.5,36.51581479217081,34.849054797988785,134.33295781983543,272.23715404884246,2024-09-01,2025-10-06 10:52:22.944,29,0,0,0,0,0,1,0,1,0,1,0,1,0,0,1,0,0,0,0,0,0,1,0,0,0
CUS_0x268b,61035.4,5140.283333333334,9,5,21,4,58,27,9.64,100,2490.34,37.54670419671723,186.8174693349688,690.9913416027118,441.3469904666449,2024-09-01,2025-10-06 10:52:22.944,6,9,0,0,0,0,0,1,0,1,0,1,0,0,0,0,0,1,0,0,1,0,0,0,0,0
CUS_0x387e,118244.84,10055.736666666666,7,3,15,1,20,16,3.03,90,1379.72,30.1412229414988,50.81781279935919,212.8526446063211,981.9032092609863,2024-09-01,2025-10-06 10:52:22.944,22,0,0,0,1,0,0,0,0,0,0,1,0,0,0,0,1,0,0,0,0,1,0,0,0,0
CUS_0xa092,108258.27,9260.5225,1,4,11,0,15,0,6.64,60,544.82,44.52912061435918,0.0,228.50155915400376,970.349635129292,2024-09-01,2025-10-06 10:52:22.944,33,3,0,0,0,0,0,0,0,0,0,0,1,0,0,1,0,0,0,0,0,1,0,0,0,0
CUS_0x1c7a,19568.09,1765.674166666667,6,9,34,9,33,17,16.48,170,3398.95,35.569310205251085,125.49397651201522,17.775683014743162,273.2977571399083,2024-09-01,2025-10-06 10:52:22.944,3,8,1,1,0,0,1,1,1,0,1,1,0,0,0,0,0,0,1,0,0,1,0,0,0,0
CUS_0x9ea6,49650.36,3995.53,7,11,26,6,28,10,14.53,90,1826.54,30.59735717851665,194.312440762342,324.0450546077384,161.19550462991967,2024-09-01,2025-10-06 10:52:22.944,14,3,0,0,1,1,1,1,1,0,0,1,0,0,0,0,1,0,0,0,0,0,0,1,0,0
CUS_0x717d,33940.0,2883.333333333333,3,5,3,2,10,2,10.82,0,947.25,34.4726857729065,56.5027896079768,207.23772068121602,294.59282304414063,2024-09-01,2025-10-06 10:52:22.944,27,4,0,0,0,0,0,1,0,0,0,0,1,0,0,1,0,0,0,0,0,0,0,0,1,0
CUS_0x9f5d,10210.735,733.8945833333332,10,9,30,5,27,19,24.69,140,3694.28,36.318044099747226,42.02463932797235,44.20083420372202,247.16398480163897,2024-09-01,2025-10-06 10:52:22.944,14,2,0,0,1,1,0,0,1,0,0,1,0,0,0,0,0,1,0,1,0,0,0,0,0,0
CUS_0x9247,52385.58,4492.465,4,6,6,4,12,19,14.99,60,184.38,37.186596204569774,166.05563062899975,75.50233951074334,447.68852986025695,2024-09-01,2025-10-06 10:52:22.944,27,9,0,1,0,0,0,0,1,0,0,1,0,0,0,0,1,0,0,0,0,1,0,0,0,0
CUS_0x9bf3,34571.53,2854.960833333333,5,5,5,2,5,9,5.369999999999999,40,58.37,29.721150633179043,41.83633130627212,303.86950857122054,229.79024345584077,2024-09-01,2025-10-06 10:52:22.944,26,11,0,0,0,0,0,1,1,0,0,0,1,0,0,1,0,0,0,0,0,0,1,0,0,0
CUS_0x9e67,44393.86,3504.488333333333,6,3,12,2,15,11,12.74,21700,1270.97,30.145633328504665,63.79433546439408,73.09873138982826,463.55576647911107,2024-09-01,2025-10-06 10:52:22.944,20,10,0,0,0,0,0,1,0,1,0,1,0,0,0,0,1,0,0,0,1,0,0,0,0,0
CUS_0xb337,9917.025,1099.4187499999996,5,6,17,2,13,17,13.96,80,1065.19,33.130580371244896,14.199057632211831,57.36354395167072,308.37927341611737,2024-09-01,2025-10-06 10:52:22.944,12,8,1,0,0,0,0,0,0,0,1,1,0,0,0,0,1,0,0,0,0,0,0,0,1,0
CUS_0x14c2,67978.8,5803.9000000000015,9,5,27,9,38,18,18.41,150,4683.95,31.20644298755257,301.99215598439304,170.81448879553963,387.58335522006746,2024-09-01,2025-10-06 10:52:22.944,9,2,1,1,1,0,1,1,1,0,0,1,0,0,0,0,0,1,0,0,0,0,0,1,0,0
CUS_0x1d2b,26217.46,1930.7883333333327,8,3,18,2,11,17,8.81,40,1135.43,29.167515564371925,27.045547412550288,107.07606334064741,348.95722258013564,2024-09-01,2025-10-06 10:52:22.944,27,4,0,0,0,0,0,1,0,0,1,0,0,0,0,0,1,0,0,0,0,0,1,0,0,0
CUS_0x48a0,43239.81,3432.3175,9,10,21,9,19,24,25.37,150,3839.68,30.901279864714084,295.17592406663954,196.9120550772372,199.89439892876442,2024-09-01,2025-10-06 10:52:22.944,6,10,0,1,1,1,1,0,0,1,0,1,0,0,0,0,0,1,0,0,1,0,0,0,0,0
CUS_0x8757,9901.355,887.9733798035326,7,5,21,3,12,17,10.54,110,2039.68,25.766468998848644,51.74382560745537,95.30496501281598,266.0020379095294,2024-09-01,2025-10-06 10:52:22.944,10,8,1,0,0,1,0,0,1,0,0,1,0,0,0,0,1,0,0,0,0,0,1,0,0,0
CUS_0xa81d,82093.52,6574.126666666668,8,5,6,4,6,8,3.4,10,825.25,37.50923085477393,80080.0,185.5800265071485,532.9988249553345,2024-09-01,2025-10-06 10:52:22.944,20,3,1,1,0,0,0,0,0,1,1,0,1,0,0,0,0,0,1,0,1,0,0,0,0,0
CUS_0x72bc,59032.8,4601.72430787636,9,10,23,4,24,19,8.04,80,1826.5,24.70333211867668,604.1849691175137,656.5865805620826,28.04414244404569,2024-09-01,2025-10-06 10:52:22.944,16,4,1,1,0,0,0,0,0,0,1,1,0,0,0,0,1,0,0,0,0,0,1,0,0,0
CUS_0x9be5,16558.12,1217.8433333333332,3,7,10,3,5,2,1.5700000000000005,10,15.43,31.263679628238016,35.387554853318264,23.94143336301324,227.31548085828672,2024-09-01,2025-10-06 10:52:22.944,19,8,0,0,1,0,0,0,1,1,0,0,1,0,0,1,0,0,0,0,0,0,1,0,0,0
CUS_0xaffc,30185.74,2340.41277661014,4,6,11,0,18,0,12.38,20,1227.94,41.23515149565185,314.0655567231933,10000.0,467.9315393084617,2024-09-01,2025-10-06 10:52:22.944,27,11,0,0,0,0,0,0,0,0,0,0,1,0,0,1,0,0,0,0,0,0,0,0,0,1
CUS_0x1b3b,76624.48,6123.373333333332,0,2,8,0,13,12,2.82,80,781.42,33.0127125141646,0.0,193.69688874390945,668.6404445894239,2024-09-01,2025-10-06 10:52:22.944,18,0,0,0,0,0,0,0,0,0,0,0,1,0,0,1,0,0,0,0,1,0,0,0,0,0
CUS_0x6484,95210.2,7743.183333333332,6,3,18,1,28,19,17.02,50,864.35,36.08805362471795,42.53731759222098,517.9214112170563,473.85960452405607,2024-09-01,2025-10-06 10:52:22.944,21,8,0,0,0,0,0,0,1,0,0,1,0,0,0,0,1,0,0,1,0,0,0,0,0,0
CUS_0x741d,21699.13,1925.260833333333,8,4,18,3,9,14,8.64,30,1129.46,37.60905942998034,45.06001070387378,91.6752683669468,345.79080426251284,2024-09-01,2025-10-06 10:52:22.944,21,3,0,0,0,0,0,1,1,0,0,1,0,0,0,0,0,0,1,0,0,0,1,0,0,0
CUS_0xc1a2,73948.04,6025.336666666666,6,3,13,1,12,12,0.0,10,359.14,24.96653221379967,58.01678465151337,45.18432264126577,739.3325593738873,2024-09-01,2025-10-06 10:52:22.944,26,5,0,0,0,0,0,0,0,1,0,1,0,0,0,0,1,0,0,0,0,1,0,0,0,0
CUS_0xed4,84738.63,7292.552500000002,6,7,6,1,10,14,19.72,100,381.11,40.914265067005374,38.364190654655815,47.668027581976155,883.2230317633682,2024-09-01,2025-10-06 10:52:22.944,18,11,0,0,0,1,0,0,0,0,0,1,0,0,0,0,1,0,0,0,0,1,0,0,0,0
CUS_0x3e81,61235.6,4870.966666666666,0,5,7,0,10,3,11.42,20,71.52,41.96960972611395,27.65459979566915,235.23290495465847,514.2091619163391,2024-09-01,2025-10-06 10:52:22.944,33,6,0,0,0,0,0,0,0,1,0,0,1,0,0,0,0,0,1,0,0,0,1,0,0,0
CUS_0xbe00,35320.99,2867.415833333333,0,2,2,0,12,8,12.88,30,905.62,34.86289292206131,0.0,51.28321162463102,485.4583717087023,2024-09-01,2025-10-06 10:52:22.944,26,6,0,0,0,0,0,0,0,0,0,0,1,0,0,1,0,0,0,0,1,0,0,0,0,0
CUS_0x5fe0,33446.44,3058.203333333333,6,6,24,6,21,19,23.45,130,2953.68,24.010979651131024,133.35590483492365,247.88024730957852,214.58418118883114,2024-09-01,2025-10-06 10:52:22.944,9,10,1,1,1,0,0,0,0,1,0,1,0,0,0,0,0,1,0,0,0,0,1,0,0,0
CUS_0xc6d1,9548.815,535.7345833333334,4,3,107,2,25,13,8.8,50,1651.16,32.972947448537326,8.693717318052272,36.4970114744532,278.3827295408279,2024-09-01,2025-10-06 10:52:22.944,17,6,0,0,0,0,0,0,1,0,1,1,0,0,0,0,0,0,1,0,0,0,0,0,1,0
CUS_0x60c5,36238.86,3095.905,8,7,11,3,15,15,7.18,90,1166.64,32.8012573794865,60.77391435762571,10000.0,206.6277139907574,2024-09-01,2025-10-06 10:52:22.944,22,11,1,0,0,0,1,1,0,0,0,0,1,0,0,0,0,0,1,0,0,0,1,0,0,0
CUS_0x9011,108255.72,9042.31,2,2,3,3,6,0,3.43,20,794.74,42.69057163345792,136.6024578439958,222.31191385165226,785.316628304352,2024-09-01,2025-10-06 10:52:22.944,28,11,0,1,0,0,0,1,0,1,0,0,1,0,0,1,0,0,0,0,0,1,0,0,0,0
CUS_0x1884,20883.55,1654.2958333333331,10,9,20,5,38,22,18.86,150,2803.61,36.013909567157114,76.52833195529703,172.4947068694107,206.40654450862561,2024-09-01,2025-10-06 10:52:22.944,7,3,0,0,0,0,1,1,0,0,1,1,0,0,0,0,0,1,0,0,0,0,1,0,0,0
CUS_0x3fe1,19685.13,1857.4275,6,8,30,8,25,19,15.65,140,4483.98,25.1575479847042,80.35282517080766,174.82005737382542,220.5698674553669,2024-09-01,2025-10-06 10:52:22.944,11,8,1,1,1,1,0,1,0,1,0,1,0,0,0,0,0,1,0,0,0,0,1,0,0,0
CUS_0xb563,15932.725,1219.7270833333334,6,6,11,1,27,12,8.63,10,1124.16,28.410961481040545,13.26805418188136,107.33123865371877,271.3734154977332,2024-09-01,2025-10-06 10:52:22.944,27,11,0,0,0,0,0,0,0,0,1,1,0,0,0,0,1,0,0,0,0,0,0,0,1,0
CUS_0x28ef,34406.64,2603.7755656772283,3,6,20,6,21,14,23.29,80,1598.71,25.58803943777369,426.8808125161486,176.98719376321628,250.39842804340668,2024-09-01,2025-10-06 10:52:22.944,17,2,1,0,0,1,0,0,1,1,1,1,0,0,0,0,1,0,0,0,0,0,0,0,1,0
CUS_0x32d1,58267.23,4943.6025,8,6,17,4,25,9,17.98,70,1896.36,34.925115862215726,109.7203505856248,120.33610095411352,524.3037984602616,2024-09-01,2025-10-06 10:52:22.944,15,4,0,0,0,0,1,1,0,1,0,1,0,0,0,0,1,0,0,1,0,0,0,0,0,0
CUS_0x57c5,17296.94,1254.4116666666666,6,7,10,3,28,19,8.58,100,1855.69,26.507133581103048,23.138389564963315,66.68973039137576,319.5601777028549,2024-09-01,2025-10-06 10:52:22.944,13,0,0,1,0,0,0,0,1,1,0,1,0,0,0,0,1,0,0,0,0,0,1,0,0,0
CUS_0xa04d,19082.67,1495.2225,7,5,29,6,33,15,27.96,90,2769.02,36.28528459073842,66.6487033985263,21.05773706125787,301.8158095402158,2024-09-01,2025-10-06 10:52:22.944,3,10,1,1,0,1,1,1,0,0,0,1,0,0,0,0,0,1,0,0,0,1,0,0,0,0
CUS_0x8a3f,39477.34,3010.778333333333,0,1,11,0,12,3,2.48,40,348.02,31.80439190053269,0.0,65.78608048545357,485.2917528478797,2024-09-01,2025-10-06 10:52:22.944,31,9,0,0,0,0,0,0,0,0,0,0,1,0,0,0,0,0,1,0,1,0,0,0,0,0
CUS_0xbf94,159032.52,13382.71,0,1,10,3,10,10,2.21,30,1292.52,39.19384564023451,388.0236417243358,206.68518602639202,983.5621722492723,2024-09-01,2025-10-06 10:52:22.944,32,8,1,0,0,0,0,0,0,1,1,0,1,0,0,1,0,0,0,0,0,1,0,0,0,0
CUS_0xf91,97384.44,8167.37,1,3,8,1,20,10,0.52,40,405.45,29.927281411463515,77.2849429197764,66.38998748254473,913.0620695976787,2024-09-01,2025-10-06 10:52:22.944,28,4,0,0,0,0,0,0,0,0,1,0,1,0,0,1,0,0,0,0,0,0,0,0,0,1
CUS_0x2ded,160591.24,13214.603333333333,3,5,12,4,11,2,2.33,30,71.77,26.157704595013136,78278.0,1785.786788069584,1023.4531056964747,2024-09-01,2025-10-06 10:52:22.944,33,4,1,0,1,1,0,0,0,1,0,0,1,0,0,1,0,0,0,0,0,0,0,0,0,1
CUS_0x35dd,78162.72,6619.56,10,7,22,4,46,24,3.28,120,2237.69,22.14433027111156,212.50809452306643,401.6328601303498,307.8150453465839,2024-09-01,2025-10-06 10:52:22.944,20,6,0,0,0,1,0,1,0,1,0,1,0,0,0,0,0,0,1,1,0,0,0,0,0,0
CUS_0x440e,68590.02,5757.835,4,6,12,0,0,8,7.25,50,1138.1,32.38702328883407,0.0,95.00121051295663,720.7822894870433,2024-09-01,2025-10-06 10:52:22.944,28,5,0,0,0,0,0,0,0,0,0,0,1,0,0,0,1,0,0,0,0,1,0,0,0,0
CUS_0x7dd1,179825.36,14866.446666666665,5,6,2,4,6,5,17.03,0,485.78,32.448786983428306,561.9329933180444,1053.4494980396942,141.26217530892825,2024-09-01,2025-10-06 10:52:22.944,19,2,0,1,0,0,0,1,0,1,1,0,1,0,0,1,0,0,0,0,0,0,0,0,1,0
CUS_0x1b2a,16603.43,1205.6191666666666,8,10,30,3,26,9,19.81,160,2056.83,41.34469313006159,31.8557324803238,10000.0,266.2753185131018,2024-09-01,2025-10-06 10:52:22.944,11,7,0,0,0,0,0,1,1,1,0,1,0,0,0,0,1,0,0,0,0,0,0,1,0,0
CUS_0x2ee0,31731.94,2629.328333333333,5,6,10,3,25,12,11.51,30,889.42,33.63265078881591,75.0023106523225,81.08476234418627,366.84576033682447,2024-09-01,2025-10-06 10:52:22.944,26,10,0,0,1,0,0,1,0,1,0,0,1,0,0,0,1,0,0,1,0,0,0,0,0,0
CUS_0x98e2,148306.2,12123.85,0,7,12,4,10,4,4.93,0,1283.38,39.11884960377,281.6947736345282,280.3244750065416,890.3657513589301,2024-09-01,2025-10-06 10:52:22.944,21,4,0,1,0,1,0,0,1,0,0,0,1,0,0,1,0,0,0,0,0,1,0,0,0,0
CUS_0xcf5,124900.86000000002,10124.405,0,6,12,4,9,0,1.7,30,562.56,43.42492990979606,324.5956102787268,70.71816847054002,857.1267212507332,2024-09-01,2025-10-06 10:52:22.944,26,2,0,1,1,0,0,0,1,0,0,0,1,0,0,0,0,0,1,0,0,1,0,0,0,0
CUS_0xb8b,19491.84,1858.32,6,4,17,1,24,16,6.63,70,1158.75,38.79208728733509,12.53361318466754,109.69785639322956,323.6005304221029,2024-09-01,2025-10-06 10:52:22.944,33,5,0,0,0,0,0,1,0,0,0,1,0,0,0,0,1,0,0,1,0,0,0,0,0,0
CUS_0xbcb9,38175.39,3287.2825,1,2,7,3,1,8,11.81,20,315.36,27.79527797538344,69.05565634105422,309.81982393959805,229.85276971934772,2024-09-01,2025-10-06 10:52:22.944,28,4,0,0,0,1,0,0,0,0,1,0,0,0,0,1,0,0,0,0,0,0,0,1,0,0
CUS_0x8511,43115.38,3806.948333333333,4,4,6,4,9,10,7.86,0,746.05,30.87897887592206,118.4402088086774,58.2674414944094,453.9871830302465,2024-09-01,2025-10-06 10:52:22.944,16,8,0,1,0,0,1,1,0,1,0,0,1,0,0,1,0,0,0,0,1,0,0,0,0,0
CUS_0x9e7a,25610.67,2190.2225,3,4,19,2,10,16,2.24,10,46.58,34.30533316233468,24.799708931743428,107.46502398991704,346.75751707833945,2024-09-01,2025-10-06 10:52:22.944,24,11,0,0,1,0,0,1,0,0,0,0,1,0,0,0,0,0,1,1,0,0,0,0,0,0
CUS_0x4d2a,32511.02,2643.2516666666666,7,1493,7,5,24,5,14.67,80,2523.65,24.35548392199501,117.86841494176484,326.7777178885104,109.67903383639143,2024-09-01,2025-10-06 10:52:22.944,15,6,0,1,1,0,0,0,0,1,1,1,0,0,0,0,0,0,1,0,0,0,1,0,0,0
CUS_0x8029,151303.88,12714.656666666668,3,1,2,0,3,11,9.97,10,1097.17,31.78984215280052,0.0,846.03643686043,715.429229806237,2024-09-01,2025-10-06 10:52:22.944,16,10,0,0,0,0,0,0,0,0,0,0,1,0,0,1,0,0,0,0,0,0,1,0,0,0
CUS_0x5883,37898.34,3244.195,8,7,24,0,15,9,9.97,110,2543.03,24.017113863095684,49.6703887072601,118.63338373425378,406.11572755848607,2024-09-01,2025-10-06 10:52:22.944,13,11,0,0,0,0,1,0,0,1,1,1,0,0,0,0,1,0,0,0,1,0,0,0,0,0
CUS_0x74ef,73665.33,6080.7775,8,4,6,1,23,15,15.69,60,794.92,35.81226617689406,41.348641485360645,267.0079418431539,579.7211666714853,2024-09-01,2025-10-06 10:52:22.944,19,3,0,0,0,1,0,0,0,0,0,0,1,0,0,0,1,0,0,0,0,0,0,1,0,0
CUS_0xb5c9,8826.66,508.555,10,10,33,9,40,23,24.31,110,3851.63,39.31469258921574,46.28852210764735,47.019211859486845,247.54776603286584,2024-09-01,2025-10-06 10:52:22.944,8,11,1,0,1,1,0,0,1,1,1,1,0,0,0,0,0,1,0,0,0,0,1,0,0,0
CUS_0xf3c,25355.14,1878.928333333333,8,4,12,3,9,8,4.49,30,172.56,25.604960174769055,38.23483307112723,26.18635336614208,330.11335808556464,2024-09-01,2025-10-06 10:52:22.944,15,10,0,0,1,0,0,0,0,0,1,0,1,0,0,0,1,0,0,0,0,0,1,0,0,0
CUS_0x8aea,26861.89,2074.4908333333333,3,7,11,0,19,8,2.32,20,372.21,32.44815804601751,0.0,75.61846427933592,421.83061905399734,2024-09-01,2025-10-06 10:52:22.944,30,2,0,0,0,0,0,0,0,0,0,0,1,0,0,1,0,0,0,0,0,0,1,0,0,0
CUS_0xbe97,55336.94,4453.411666666667,5,5,18,1,26,11,11.63,30,1170.84,31.94186288464444,34.46198562239849,10000.0,411.56546789962096,2024-09-01,2025-10-06 10:52:22.944,26,10,1,0,0,0,0,0,0,0,0,1,0,0,0,0,0,0,1,0,0,0,1,0,0,0
CUS_0x16b6,72936.68,5800.056666666666,0,2,12,1,5,7,11.47,0,827.89,37.470133941216176,51.67217487530971,267.0235482457483,521.3099435456087,2024-09-01,2025-10-06 10:52:22.944,31,11,0,0,0,0,0,1,0,0,0,0,1,0,0,0,0,0,1,1,0,0,0,0,0,0
CUS_0x4a78,17785.93,1684.1608333333334,3,7,1,2,8,7,1.74,60,849.81,28.52417620923478,14.921846853149988,91.97880178050464,331.5154346996788,2024-09-01,2025-10-06 10:52:22.944,26,4,0,1,0,0,0,0,0,0,1,0,1,0,0,1,0,0,0,0,0,0,0,0,1,0
CUS_0x4b6a,8958.715,822.5595833333333,4,7,18,4,7,9,14.49,90,2133.24,32.74146796344504,23.253705052283944,0.0,289.4445147395943,2024-09-01,2025-10-06 10:52:22.944,20,2,0,1,0,0,1,0,1,0,0,1,0,0,0,0,1,0,0,0,0,1,0,0,0,0
CUS_0x604,65984.28,5278.69,8,3,24,4,15,19,12.88,170,1377.35,27.03287184354797,169.79723688963026,405.1793377010357,242.8924254093341,2024-09-01,2025-10-06 10:52:22.944,9,5,0,1,0,1,0,0,1,1,0,1,0,0,0,0,1,0,0,0,0,0,1,0,0,0
CUS_0x65d6,79500.44,6244.387274157257,7,4,9,5,19,10,19.86,80,1130.29,36.12777243706006,552.0928306824964,180.0615721729859,512.8986563205948,2024-09-01,2025-10-06 10:52:22.944,18,6,1,1,1,1,0,0,0,0,0,0,0,0,0,0,1,0,0,0,0,0,0,1,0,0
CUS_0x2f3d,134596.34999999998,10344.584852305044,57,6,4,1,7,8,3.44,10,1285.14,32.49532646043204,1242.7222333327188,320.3455031581455,1001.8461612040893,2024-09-01,2025-10-06 10:52:22.944,19,6,0,1,0,0,0,0,0,0,0,0,1,0,0,1,0,0,0,0,0,0,0,1,0,0
CUS_0x9c22,11203.125,918.59375,8,7,5,4,27,13,19.48,60,954.43,27.263836897876683,35.810286599237635,37.94528040423742,308.10380799652495,2024-09-01,2025-10-06 10:52:22.944,13,11,1,0,0,1,0,0,1,0,0,1,0,0,0,0,1,0,0,0,0,0,1,0,0,0
CUS_0xab1e,175191.4,13891.3990037436,2,3,3,1,24,12,0.20000000000000015,70,436.11,39.645835905673216,1094.6016130674109,168.38280400153246,1434.1282458541211,2024-09-01,2025-10-06 10:52:22.944,20,6,1,0,0,0,0,0,0,0,0,0,1,0,0,1,0,0,0,0,0,1,0,0,0,0
CUS_0x5ea7,7682.515,676.2095833333334,6,6,32,7,28,8,9.59,150,1453.52,28.05467639491921,31.01695060985424,29.300396110609693,277.3036116128694,2024-09-01,2025-10-06 10:52:22.944,9,0,0,1,1,1,0,1,0,1,1,1,0,0,0,0,1,0,0,0,0,0,0,0,1,0
CUS_0xd97,10774.095,1075.84125,3,6,19,2,6,20,15.65,70,563.69,26.816158570688053,16.73832372625553,104.76716692947491,266.0786343442696,2024-09-01,2025-10-06 10:52:22.944,17,2,0,0,0,0,0,0,1,0,1,1,0,0,0,0,1,0,0,0,0,0,0,1,0,0
CUS_0x4657,22119.355,1844.2528927846915,2,7,11,2,0,0,6.92,30,1111.07,33.81904510560093,114.3217660378644,212.06006881961392,237.17281402449683,2024-09-01,2025-10-06 10:52:22.944,26,10,0,1,0,0,0,0,0,1,0,0,1,0,0,1,0,0,0,0,0,0,1,0,0,0
CUS_0x9ca4,60183.14,4933.261666666666,3,6,12,7,10,11,17.52,70,1167.08,35.23205379545003,195.8564065116201,156.05641138173698,391.4133487733096,2024-09-01,2025-10-06 10:52:22.944,17,5,1,1,0,1,0,0,0,1,1,1,0,0,0,0,0,0,1,0,1,0,0,0,0,0
CUS_0x476c,37688.55,3317.7125,2,6,2,4,9,10,3.27,70,28.36,34.079792821566784,114.33372120323116,79.67144254198544,387.7660862547834,2024-09-01,2025-10-06 10:52:22.944,25,2,1,1,0,0,0,1,0,1,0,0,1,0,0,1,0,0,0,0,1,0,0,0,0,0
CUS_0x68bb,103284.84,8591.07,2,4,9,2,0,6,1.1399999999999997,30,256.0,38.19627131278101,119.13772791065117,799.7585572738571,210.21071481549168,2024-09-01,2025-10-06 10:52:22.944,32,6,0,0,0,0,1,0,1,0,0,0,1,0,0,1,0,0,0,0,0,0,0,0,0,1
CUS_0x8245,109652.7,9317.725,2,4,328,2,13,6,1.21,10,1056.45,30.02375504687304,97.6275312006698,167.39788282914472,906.7470859701857,2024-09-01,2025-10-06 10:52:22.944,32,10,1,1,0,0,0,0,0,0,0,0,1,0,0,1,0,0,0,0,0,1,0,0,0,0
CUS_0x1821,15157.25,1092.1041666666667,8,10,24,5,52,24,6.01,60,1448.71,34.153707951551425,41.935689192380345,95.69219920753088,261.58252826675545,2024-09-01,2025-10-06 10:52:22.944,5,9,1,1,1,1,0,0,0,0,0,1,0,0,0,0,0,1,0,0,0,0,1,0,0,0
CUS_0x23b4,68690.08,5588.173333333332,7,8,19,9,48,24,3.63,100,2042.65,36.758721152907135,380.78807446221833,193.6007942888645,234.42846458225048,2024-09-01,2025-10-06 10:52:22.944,20,0,1,0,1,0,1,0,0,1,1,1,0,0,0,0,0,0,1,0,1,0,0,0,0,0
CUS_0x2efd,38860.98,3478.4150000000004,5,7,17,1,7,8,13.32,80,1008.6,38.54655177450476,24.208169816408237,114.22198617231251,459.4113440112793,2024-09-01,2025-10-06 10:52:22.944,31,4,1,0,0,0,0,0,0,0,0,1,0,0,0,0,1,0,0,0,1,0,0,0,0,0
CUS_0xb66e,36640.7,3057.3916666666664,3,5,2,4,7,3,8.9,20,155.86,30.027070611352023,106.17466891554436,135.83834924676384,353.72614850435843,2024-09-01,2025-10-06 10:52:22.944,30,4,0,1,0,1,0,0,1,0,0,0,1,0,0,1,0,0,0,0,0,0,1,0,0,0
CUS_0x1138,154868.24,13051.686666666665,2,5,10,0,14,3,4.16,60,242.75,42.320068058227136,0.0,759.5938772793154,825.5747893873512,2024-09-01,2025-10-06 10:52:22.944,29,11,0,0,0,0,0,0,0,0,0,0,1,0,0,1,0,0,0,0,0,0,0,0,0,1
CUS_0x1425,34758.2,2979.5166666666664,1,2,1169,3,3,7,8.81,10,1005.29,30.68952859697453,79.56813193494618,167.2196210009926,341.16391373072787,2024-09-01,2025-10-06 10:52:22.944,21,0,0,0,0,0,1,1,0,0,1,0,1,0,0,0,0,0,1,0,0,0,1,0,0,0
CUS_0x92ef,69870.88,6020.573333333334,3,6,7,3,24,20,8.26,80,2106.68,28.63429260410417,148.70951515669438,45.791526415441076,647.5562917611979,2024-09-01,2025-10-06 10:52:22.944,6,0,0,1,0,0,0,0,0,1,0,1,0,0,0,0,1,0,0,0,0,0,0,0,0,1
CUS_0x53d1,15712.65,1195.3875,10,7,22,9,23,26,16.94,120,2540.41,39.89098294595017,79.86675873489466,128.6089392008848,201.06305206422059,2024-09-01,2025-10-06 10:52:22.944,11,4,1,0,0,0,1,1,1,1,1,1,0,0,0,0,0,1,0,0,0,0,0,0,0,1
CUS_0x6493,89154.27,7223.5225,3,4,17,2,9,14,18.58,100,102.66,35.183800786631,146.09673679621838,10000.0,673.4267960076082,2024-09-01,2025-10-06 10:52:22.944,22,6,0,0,0,0,0,0,0,1,0,1,0,0,0,0,1,0,0,0,1,0,0,0,0,0
CUS_0x246d,45253.14,3559.095,8,7,32,6,32,16,22.98,60,3970.04,34.13630203851833,55894.0,159.650500312846,272.0476871727892,2024-09-01,2025-10-06 10:52:22.944,5,2,1,1,1,1,0,0,1,0,0,1,0,0,0,0,0,1,0,1,0,0,0,0,0,0
CUS_0x4c4b,104929.28,9025.106666666668,4,7,8,4,20,11,7.9,60,651.32,37.25990707391957,291.5505605961455,92.25503374467004,758.7050723258511,2024-09-01,2025-10-06 10:52:22.944,27,11,1,0,0,0,0,1,0,0,1,1,0,0,0,0,1,0,0,0,0,0,0,0,0,1
CUS_0x553d,17177.52,1535.46,7,6,17,7,5,11,10.81,120,2072.12,38.14105180119189,84.85024245517457,59.47514965629446,269.220607888531,2024-09-01,2025-10-06 10:52:22.944,13,4,0,1,0,1,0,0,1,1,0,1,0,0,0,0,1,0,0,1,0,0,0,0,0,0
CUS_0x81cd,107409.27,8745.7725,8,7,13,1,11,20,12.3,10,550.22,34.003222639090005,66.46230358427916,145.04609893133002,903.0688474843907,2024-09-01,2025-10-06 10:52:22.944,27,6,0,1,0,0,0,0,0,0,0,1,0,0,0,0,1,0,0,0,0,1,0,0,0,0
CUS_0xa7b7,83789.22,7051.435,8,6,2,2,4,18,9.21,70,1185.23,23.63390993736337,98.48607055933506,555.454431141405,321.20299829926,2024-09-01,2025-10-06 10:52:22.944,31,8,0,0,0,0,1,0,1,0,0,0,1,0,0,0,0,0,1,0,0,0,0,0,1,0
CUS_0x4f3b,44551.13,3539.5941666666663,535,5,2,4,4,2,6.55,0,945.42,34.739914123358425,127.7597211115488,289.9612607423692,216.23843481274864,2024-09-01,2025-10-06 10:52:22.944,17,9,0,0,0,0,0,0,1,0,1,0,0,0,0,1,0,0,0,0,0,0,0,1,0,0
CUS_0x6d37,7103.73,419.9775,8,7,2348,5,58,15,13.05,130,4804.87,38.17633681301341,24.21577973465115,21.09939908420494,286.6825711811439,2024-09-01,2025-10-06 10:52:22.944,0,8,0,0,0,0,0,0,1,1,1,1,0,0,0,0,0,0,1,0,0,0,1,0,0,0
CUS_0x72b0,66949.68,5802.139999999999,5,1,10,2,9,6,4.72,90,421.54,34.343586004626395,59.37214723954758,104.98652348819378,655.8553292722586,2024-09-01,2025-10-06 10:52:22.944,26,6,0,1,0,0,0,0,1,0,0,0,1,0,0,1,0,0,0,0,0,1,0,0,0,0
CUS_0x2f21,19833.55,1674.7958333333331,7,7,23,4,31,20,2.88,90,1316.95,33.039237136276505,50.840059486226245,67.39172514718507,339.24779869992204,2024-09-01,2025-10-06 10:52:22.944,7,2,0,1,1,0,1,0,1,0,0,1,0,0,0,0,0,1,0,0,0,0,0,0,0,1
CUS_0x3553,97791.42,7449.469346853578,6,6,12,0,18,8,17.92,10,107.41,33.89444259920451,629.8156531464217,110.31820362533672,947.6102963746632,2024-09-01,2025-10-06 10:52:22.944,27,9,0,0,0,0,0,0,0,0,0,1,0,0,0,0,1,0,0,0,1,0,0,0,0,0
CUS_0x14f1,40701.88,3309.8233333333333,8,9,26,3,31,16,10.86,130,2052.1,32.78586748525254,72.23857851158374,115.75631981036524,402.9874350113844,2024-09-01,2025-10-06 10:52:22.944,6,6,0,0,0,0,1,0,1,0,0,1,0,0,0,0,1,0,0,1,0,0,0,0,0,0
CUS_0x5543,31225.44,2643.905593731505,8,5,11,1,9,13,5.42,60,150.49,34.75898101360724,155.74771152047154,326.312548182928,215.56614656509538,2024-09-01,2025-10-06 10:52:22.944,23,3,0,1,0,0,0,0,0,0,0,0,1,0,0,0,1,0,0,0,0,0,1,0,0,0
CUS_0x63ea,9211.98,769.665,7,6,23,7,17,17,0.8899999999999999,90,1881.18,37.660930937723855,27.28395086093755,57.99547639029824,281.6870727487642,2024-09-01,2025-10-06 10:52:22.944,9,11,0,1,0,1,1,0,0,1,0,1,0,0,0,0,0,1,0,0,0,0,0,0,0,1
CUS_0x731,76330.68000000001,6495.89,3,4,17,4,16,16,9.02,100,1371.96,39.74778538788225,223.9488468742697,533.5417301333656,172.09842299236476,2024-09-01,2025-10-06 10:52:22.944,9,5,0,1,1,0,1,0,0,0,1,1,0,0,0,0,1,0,0,0,0,0,0,1,0,0
CUS_0x97dc,99912.57,8615.0475,1,5,5,1,16,5,1.13,10,148.57,39.05147101479953,64.37027167878978,240.40098710653976,806.7334912146706,2024-09-01,2025-10-06 10:52:22.944,22,9,0,0,0,0,0,0,1,0,0,0,1,0,0,1,0,0,0,0,1,0,0,0,0,0
CUS_0x1768,112080.48,9211.04,2,4,7,2,4,12,11.69,30,1360.45,27.536479758888053,105.3645555985702,342.2556565574121,723.4837878440178,2024-09-01,2025-10-06 10:52:22.944,21,4,0,0,0,0,0,0,0,1,1,0,1,0,0,1,0,0,0,0,1,0,0,0,0,0
CUS_0x9444,19556.16,1865.68,7,7,33,5,34,15,21.55,90,2850.96,28.80487394502464,65.79736994465519,193.0372445258554,207.7333855294894,2024-09-01,2025-10-06 10:52:22.944,5,3,0,1,0,1,0,1,0,0,0,0,0,0,0,0,0,0,1,0,0,0,0,1,0,0
CUS_0x1883,61238.32,5006.193333333334,10,10,30,2,22,20,6.74,100,1910.97,28.534856528294767,52.3618894736481,189.87376005761996,528.3836838020653,2024-09-01,2025-10-06 10:52:22.944,15,0,1,0,0,0,0,1,0,0,0,1,0,0,0,0,0,0,1,0,0,0,0,0,1,0
CUS_0x2b62,110924.58,9113.715,4,7,2,0,23,15,11.36,50,1326.13,38.71094441628936,0.0,543.9537792518666,657.4177207481334,2024-09-01,2025-10-06 10:52:22.944,20,6,0,0,0,0,0,0,0,0,0,0,1,0,0,1,0,0,0,0,0,0,1,0,0,0
CUS_0x47c3,49822.0,4116.833333333333,7,4,5,0,14,16,4.66,20,1103.08,32.57500220212901,0.0,153.31643945259398,508.3668938807394,2024-09-01,2025-10-06 10:52:22.944,31,2,0,0,0,0,0,0,0,0,0,0,1,0,0,0,0,0,1,0,1,0,0,0,0,0
CUS_0xab5f,54740.38,4395.698333333333,3,4,7,0,5,16,9.09,20,1101.31,28.115118041614497,0.0,104.24981900280926,585.320014330524,2024-09-01,2025-10-06 10:52:22.944,27,2,0,0,0,0,0,0,0,0,0,0,1,0,0,0,1,0,0,0,1,0,0,0,0,0
CUS_0x8d0,81112.0,6948.333333333332,5,7,28,7,49,23,24.94,80,3399.41,37.91507208003792,250.6906510613568,404.34656322441526,329.7961190475613,2024-09-01,2025-10-06 10:52:22.944,12,8,0,1,0,1,1,0,1,1,0,1,0,0,0,0,0,0,1,0,0,0,1,0,0,0
CUS_0x885d,14888.915,1343.7429166666668,5,5,6,1,11,5,5.5,40,903.97,24.165264382373024,6.706015137932544,87.34256356585492,330.32571296287927,2024-09-01,2025-10-06 10:52:22.944,32,0,0,0,0,0,0,1,0,0,0,0,1,0,0,1,0,0,0,0,0,0,1,0,0,0
CUS_0x6fd3,20987.56,1766.9633333333334,10,7,34,7,42,23,4.07,90,2553.42,31.502375673101373,104.60209467144438,180.5073542246049,181.58688443728406,2024-09-01,2025-10-06 10:52:22.944,16,9,1,1,0,0,1,1,0,0,1,1,0,0,0,0,0,1,0,0,0,0,1,0,0,0
CUS_0x8a30,34188.05,2821.004166666667,5,1275,17,0,16,18,7.71,80,34.45,34.59083695343608,0.0,136.95485992621022,435.14555674045647,2024-09-01,2025-10-06 10:52:22.944,29,3,0,0,0,0,0,0,0,0,0,1,0,0,0,0,1,0,0,0,0,0,1,0,0,0
CUS_0x8cb5,21719.9,2016.9916666666668,5,5,11,0,16,9,7.73,30,557.02,32.57813559581496,0.0,114.79234604461195,376.90682062205474,2024-09-01,2025-10-06 10:52:22.944,23,3,0,0,0,0,0,0,0,0,0,0,1,0,0,1,0,0,0,0,0,0,1,0,0,0
CUS_0x8f2d,36190.17,3259.8475,5,3,10,0,11,6,2.96,50,1406.85,32.965844150372284,0.0,35.36904346667457,540.6157065333255,2024-09-01,2025-10-06 10:52:22.944,16,0,0,0,0,0,0,0,0,0,0,0,1,0,0,1,0,0,0,0,1,0,0,0,0,0
CUS_0xa857,19998.6,1566.55,6,7,15,0,18,12,1.34,30,838.71,35.76515477616254,0.0,192.37773011904025,254.27726988095975,2024-09-01,2025-10-06 10:52:22.944,22,4,0,0,0,0,0,0,0,0,0,0,1,0,0,0,1,0,0,0,0,0,1,0,0,0
CUS_0x3e0b,8627.12,473.92666666666673,10,5,34,8,17,18,4.98,160,4578.85,27.769124334455825,57.01333504384017,24.808317886428494,245.57101373639802,2024-09-01,2025-10-06 10:52:22.944,11,4,1,0,1,1,0,1,1,1,1,1,0,0,0,0,0,1,0,0,0,0,0,1,0,0
CUS_0xc39,14471.785,1086.982083333333,3,7,19,0,20,10,4.78,10,921.35,27.52010182838704,0.0,66.36804105779872,332.3301672755346,2024-09-01,2025-10-06 10:52:22.944,17,8,0,0,0,0,0,0,0,0,0,0,1,0,0,0,1,0,0,0,0,0,1,0,0,0
CUS_0x7712,53751.21,4260.2675,9,725,19,9,16,21,8.98,120,3351.48,21.96731501361224,222.2615579539905,458.1975259612328,35.56766608477665,2024-09-01,2025-10-06 10:52:22.944,7,11,1,1,0,1,1,1,1,1,0,1,0,0,0,0,0,1,0,0,0,0,1,0,0,0
CUS_0x1bb6,9163.96,806.6633333333333,6,10,23,2,20,18,10.93,60,1685.88,35.677492506477776,14.377701129115133,23.25909899993948,293.02953320427866,2024-09-01,2025-10-06 10:52:22.944,6,6,0,0,0,0,0,0,0,1,1,1,0,0,0,0,1,0,0,0,1,0,0,0,0,0
CUS_0x7023,133439.76,11066.98,2,3,11,4,1,3,2.21,17580,863.99,30.797850755952894,432.5213188428104,350.93162815045787,573.2450530067317,2024-09-01,2025-10-06 10:52:22.944,30,11,0,1,1,0,1,0,0,1,0,0,1,0,0,1,0,0,0,0,1,0,0,0,0,0
CUS_0x339e,86971.56,7053.63,8,5,4,1,24,19,2.98,40,333.78,31.706321259050107,38.44517562219672,891.5717618641621,65.34606251364119,2024-09-01,2025-10-06 10:52:22.944,20,10,0,0,0,0,1,0,0,0,0,0,1,0,0,0,0,0,1,0,0,0,1,0,0,0
CUS_0x43ee,78506.64,6499.22,10,5,20,7,17,22,23.25,110,4127.37,26.537504855384363,380.6242327055468,224.6442829738644,324.65348432058886,2024-09-01,2025-10-06 10:52:22.944,9,10,1,1,0,0,0,1,0,0,1,1,0,0,0,0,0,1,0,0,0,0,0,1,0,0
CUS_0x6719,20759.32,1528.9433333333334,888,3,7,7,28,14,19.49,90,2071.05,34.392675299908184,64.04873945926244,72.51943215163594,296.326161722435,2024-09-01,2025-10-06 10:52:22.944,17,6,0,1,0,1,0,1,0,1,0,1,0,0,0,0,1,0,0,0,0,0,0,0,0,1
CUS_0x4d94,31067.03,2297.9191666666666,5,3,5,4,29,12,8.2,50,778.68,23.150117968064198,79.25048946835538,192.8441193484012,146.82300345199283,2024-09-01,2025-10-06 10:52:22.944,16,10,0,1,0,0,1,0,0,0,0,1,0,0,0,0,1,0,0,0,0,0,1,0,0,0
CUS_0x8e29,59656.96,4706.413333333333,7,3,106,4,7,14,10.79,120,550.32,34.138029090881524,196.9634156438941,278.70243849022654,284.9754791992126,2024-09-01,2025-10-06 10:52:22.944,14,11,1,0,0,0,0,1,0,0,0,1,0,0,0,0,1,0,0,0,0,0,1,0,0,0
CUS_0x9a09,28910.45,2414.204166666667,7,4,13,4,15,10,9.39,60,292.98,30.91033241219082,95.02278218449598,171.34776279079418,245.04987169137652,2024-09-01,2025-10-06 10:52:22.944,15,9,0,0,1,0,1,1,0,0,1,1,0,0,0,0,1,0,0,0,0,0,0,0,1,0
CUS_0xacbe,10034.55,719.2125,4,4,28,6,24,9,12.65,70,1669.84,33.722304244161265,41.08254704356354,47.337746766438215,243.50095618999825,2024-09-01,2025-10-06 10:52:22.944,9,10,1,0,0,1,0,1,1,1,0,0,0,0,0,0,1,0,0,1,0,0,0,0,0,0
CUS_0x14f6,24466.5,2325.875,4,7,6,3,23,19,7.41,40,858.45,39.02210560847077,41.12909336208091,51.898174392385776,399.5602322455333,2024-09-01,2025-10-06 10:52:22.944,31,0,1,0,0,0,1,0,0,1,0,1,0,0,0,0,0,0,1,1,0,0,0,0,0,0
CUS_0x1d13,73314.6,6180.55,10,8,20,8,18,23,18.61,120,4709.8,30.81175576017124,465.8283279534679,41.004031904056646,351.2226401424756,2024-09-01,2025-10-06 10:52:22.944,12,2,0,0,1,1,1,0,0,1,1,1,0,0,0,0,0,1,0,0,0,1,0,0,0,0
CUS_0x1eea,8439.33,554.2775,6,9,15,6,28,23,16.6,90,1414.43,28.1803441584901,35.343874737167994,10000.0,273.2700970240554,2024-09-01,2025-10-06 10:52:22.944,19,8,0,1,1,1,1,1,0,1,0,1,0,0,0,0,0,1,0,0,0,0,0,1,0,0
CUS_0x6496,33127.31,2484.6091666666666,4,4,10,4,10,17,9.25,70,37.21,38.69129336219815,106.81868640187852,158.75831676038447,242.8839135044037,2024-09-01,2025-10-06 10:52:22.944,33,0,1,0,0,1,0,1,0,1,0,1,0,0,0,0,0,0,1,1,0,0,0,0,0,0
CUS_0x9404,105453.38999999998,8759.7825,6,5,19,3,6,18,8.19,0,831.24,26.43430693473081,260.072085588581,325.52551994083944,540.3806444705796,2024-09-01,2025-10-06 10:52:22.944,19,4,1,0,0,0,1,0,0,0,0,0,1,0,0,0,1,0,0,0,1,0,0,0,0,0
CUS_0x95ee,73928.46,5988.705000000001,4,5,8,0,8,7,10.14,20,548.2,31.58098966831768,0.0,42.63559025189578,796.2349097481042,2024-09-01,2025-10-06 10:52:22.944,32,6,0,0,0,0,0,0,0,0,0,0,1,0,0,1,0,0,0,0,0,0,0,0,0,1
CUS_0x977a,73713.48,6269.79,4,6,22,6,6,16,15.78,70,1462.83,33.59898226485054,321.959777465436,120.95366375965435,424.0655587749097,2024-09-01,2025-10-06 10:52:22.944,17,3,1,1,0,1,0,0,1,0,1,1,0,0,0,0,1,0,0,0,0,1,0,0,0,0
CUS_0x9d2e,15160.61,1335.3841666666667,3,3,7,4,14,3,5.89,80,1168.42,32.06345680432764,37.4243197946215,89.5892968270852,296.52480004496005,2024-09-01,2025-10-06 10:52:22.944,32,2,0,1,1,1,0,0,0,0,0,0,0,0,0,1,0,0,0,0,0,0,1,0,0,0
CUS_0xabf9,15576.36,1351.03,7,3,16,5,24,12,9.58,80,1544.49,37.509961586868094,48.95141778145253,32.95430778102674,313.19727443752066,2024-09-01,2025-10-06 10:52:22.944,16,2,1,1,1,0,1,0,0,1,0,1,0,0,0,0,1,0,0,1,0,0,0,0,0,0
CUS_0x5128,36471.78,3120.315,4,4,9,4,24,12,11.87,80,514.68,36.02524741114949,87.0526891829667,120.71469705495848,354.2641137620749,2024-09-01,2025-10-06 10:52:22.944,24,10,1,0,0,0,0,0,0,1,1,1,0,0,0,0,0,0,1,0,1,0,0,0,0,0
CUS_0x18a2,18769.1,1460.0916666666665,5,3,21,7,27,22,15.87,100,2590.93,36.33292276605413,81.02132581492835,35.98046034522922,269.0073805065091,2024-09-01,2025-10-06 10:52:22.944,14,4,0,0,0,1,1,1,0,1,1,0,0,0,0,0,1,0,0,0,0,1,0,0,0,0
CUS_0x33b0,179317.04,15091.086666666668,0,6,7,1,15,3,1.54,50,80.93,36.25932651086943,142.7870625059538,142.52927663744146,1463.7923275232718,2024-09-01,2025-10-06 10:52:22.944,31,3,1,0,0,0,0,0,0,0,0,0,1,0,0,0,0,0,1,0,0,1,0,0,0,0
CUS_0x2625,61461.18000000001,4834.765,6,6,34,9,56,18,5.5,150,4299.1,30.60639776242983,450.6386078005373,166.61778435605834,116.22010784340445,2024-09-01,2025-10-06 10:52:22.944,6,0,1,1,0,1,0,1,1,1,1,1,0,0,0,0,0,0,1,0,1,0,0,0,0,0
CUS_0x4ea5,19951.765,1592.647083333333,1,1,12,2,15,6,2.11,50,1463.07,23.75588254931053,28.21305815261517,175.8433059733052,245.20834420741298,2024-09-01,2025-10-06 10:52:22.944,33,3,1,0,0,1,0,0,0,0,0,0,1,0,0,1,0,0,0,0,0,0,1,0,0,0
CUS_0x6e26,99980.36,8032.696666666668,7,4,6,1,19,8,7.75,50,637.0,32.404081745128714,62.13255699387225,341.50000588017593,649.6371037926185,2024-09-01,2025-10-06 10:52:22.944,17,5,0,0,0,0,0,1,0,0,0,0,1,0,0,0,1,0,0,0,1,0,0,0,0,0
CUS_0x6e49,15855.34,1198.2783333333334,7,7,15,7,9,23,10.31,60,1332.7,29.793728646359117,60.21398982535512,112.0180316897058,237.59581181827244,2024-09-01,2025-10-06 10:52:22.944,10,8,0,1,0,0,0,1,1,0,1,1,0,0,0,0,0,0,1,0,0,0,1,0,0,0
CUS_0x90f0,28010.02,2072.168333333333,9,7,26,4,32,15,5.33,130,1794.71,33.96647787613211,49.87501653203984,140.47089150871477,306.8709252925788,2024-09-01,2025-10-06 10:52:22.944,10,11,1,0,1,0,0,0,1,0,0,1,0,0,0,0,0,1,0,0,0,0,1,0,0,0
CUS_0xaafc,19799.73,1915.9775,7,4,12,2,10,20,5.89,30,125.69,30.273144398756987,18.15333812220759,142.17277641666428,311.27163546112814,2024-09-01,2025-10-06 10:52:22.944,33,4,0,0,0,0,0,1,0,1,0,0,0,0,0,1,0,0,0,0,0,0,0,1,0,0
CUS_0x29ac,93131.94,7871.995,2,6,8,4,1,8,3.51,60,1097.18,30.2653115713767,269.50418923522943,65.39899660005142,692.2963141647192,2024-09-01,2025-10-06 10:52:22.944,29,5,0,0,0,0,1,0,1,1,1,0,1,0,0,1,0,0,0,0,0,1,0,0,0,0
CUS_0x55e4,20293.24,1647.2557860332504,5,7,29,4,9,19,16.37,110,1972.22,31.166625730808693,89.30932682555935,31.30556946705462,342.24298434080225,2024-09-01,2025-10-06 10:52:22.944,8,8,1,0,0,0,1,1,0,0,0,1,0,0,0,0,1,0,0,0,0,1,0,0,0,0
CUS_0x7db5,37464.04,3002.0033333333336,8,7,33,2,56,17,0.0,110,2307.83,23.8385668027627,43.193027667352936,70.53376367681531,446.47354198916514,2024-09-01,2025-10-06 10:52:22.944,16,2,0,1,0,1,0,0,0,0,0,1,0,0,0,0,0,1,0,1,0,0,0,0,0,0
CUS_0xac05,91825.8,7836.1500000000015,850,6,19,1,22,16,11.52,80,860.4,42.341047180163216,48.171641817801806,10000.0,819.3194359352126,2024-09-01,2025-10-06 10:52:22.944,24,2,0,0,0,0,0,1,0,0,0,1,0,0,0,0,1,0,0,1,0,0,0,0,0,0
CUS_0xa2b6,27020.67,2514.7225,5,7,15,0,18,14,3.27,40,764.45,25.45420666088748,0.0,70.78100887245215,430.6912411275479,2024-09-01,2025-10-06 10:52:22.944,16,3,0,0,0,0,0,0,0,0,0,0,1,0,0,0,1,0,0,0,1,0,0,0,0,0
CUS_0x65dc,15725.7,1165.475,6,9,30,4,48,8,15.54,70,1452.16,35.797535150554644,38.84287530684608,112.06647704479491,245.63814764835902,2024-09-01,2025-10-06 10:52:22.944,18,5,0,0,0,1,0,0,1,1,0,1,0,0,0,0,1,0,0,0,0,0,0,1,0,0
CUS_0xa89b,43913.46,3684.455,10,10,21,6,48,16,17.5,90,4814.08,26.391979561084035,128.53640980124078,93.14884950846272,416.7602406902965,2024-09-01,2025-10-06 10:52:22.944,4,9,1,0,0,1,0,1,0,0,1,1,0,0,0,0,0,1,0,0,0,0,0,0,1,0
CUS_0x1087,42153.13,3377.7608333333333,5,4,10,3,10,9,4.81,70,1027.64,26.34447694521021,79.29961145958775,80.62490239728156,437.851569476464,2024-09-01,2025-10-06 10:52:22.944,28,5,0,0,0,0,1,0,0,1,0,0,1,0,0,1,0,0,0,1,0,0,0,0,0,0
CUS_0x2b00,28497.51,2542.7925,4,6,4,1,14,8,3.67,40,288.92,36.59187339242238,21.64862508182928,171.11857859730694,331.51204632086376,2024-09-01,2025-10-06 10:52:22.944,20,8,0,0,0,1,0,0,0,0,0,0,1,0,0,1,0,0,0,0,0,0,0,0,1,0
CUS_0x5523,73062.6,6267.55,4,7,20,4,20,13,14.24,80,280.1,35.420896613502485,176.85244341466438,72.36925531304685,617.533301272289,2024-09-01,2025-10-06 10:52:22.944,17,5,0,0,0,0,0,0,1,0,1,1,0,0,0,0,1,0,0,0,0,1,0,0,0,0
CUS_0xb350,8918.13,825.1774999999999,7,6,27,8,40,14,2.9,100,1912.96,25.266582616662784,39.805529044570704,53.17474174172482,249.53747921370444,2024-09-01,2025-10-06 10:52:22.944,10,10,0,0,1,1,0,1,1,1,1,1,0,0,0,0,0,1,0,1,0,0,0,0,0,0
CUS_0x48aa,17856.72,1350.437372182059,8,6,23,6,41,21,0.65,100,1431.47,37.23331337770932,165.4904011136809,78.21484603652925,269.92338066773084,2024-09-01,2025-10-06 10:52:22.944,18,0,0,0,0,0,0,0,1,1,1,1,0,0,0,0,0,1,0,0,0,0,0,1,0,0
CUS_0x7cb5,30984.66,2547.055,7,6,18,0,23,16,6.0,70,473.86,29.0992639403892,0.0,34.58085585522622,460.1246441447738,2024-09-01,2025-10-06 10:52:22.944,26,10,0,0,0,0,0,0,0,0,0,0,1,0,0,0,1,0,0,0,0,0,0,0,0,1
CUS_0x43d,14012.51,979.6909176318576,10,7,31,5,45,19,24.73,100,4397.05,31.262554410848328,102.9737984616959,35.09889208846548,296.0164751513145,2024-09-01,2025-10-06 10:52:22.944,10,6,1,0,0,1,0,1,0,0,0,1,0,0,0,0,0,0,1,0,0,0,0,1,0,0
CUS_0x4c43,104158.68,8387.89,4,3,15,3,14,14,13.78,0,330.7,28.5591940139011,225.65380199533715,10000.0,241.03190386726985,2024-09-01,2025-10-06 10:52:22.944,29,11,0,1,0,0,0,0,1,0,0,0,1,0,0,0,1,0,0,0,0,0,0,1,0,0
CUS_0x6b6,14243.265,1303.93875,1,1,7,1,7,7,5.06,60,1008.32,39.3425235885959,11.732090870522017,66.36417101004585,342.2976131194321,2024-09-01,2025-10-06 10:52:22.944,26,6,0,1,0,0,0,0,0,0,0,0,0,0,0,1,0,0,0,0,0,0,0,0,0,1
CUS_0x8ddd,16439.24,1433.936666666667,8,5,6,2,11,10,19.21,60,699.36,30.31647441243025,25.14660818203628,160.6835272493614,247.5635312352691,2024-09-01,2025-10-06 10:52:22.944,7,9,0,0,1,0,0,0,1,0,0,1,0,0,0,0,0,0,1,0,0,0,1,0,0,0
CUS_0xa3bd,176956.6,14880.383333333331,3,5,4,1,2,10,6.77,10,116.94,35.11011427533752,82.56196565231015,683.8347785089786,981.6415891720446,2024-09-01,2025-10-06 10:52:22.944,30,6,0,0,0,0,0,0,0,0,1,0,1,0,0,0,0,0,1,1,0,0,0,0,0,0
CUS_0xb17b,91965.63,7151.015425381566,0,6,9,1,9,4,3.12,40,820.86,43.8140187299769,423.87396639351465,150.74997495412612,779.5433832707936,2024-09-01,2025-10-06 10:52:22.944,19,8,0,0,0,0,0,1,0,0,0,0,1,0,0,0,0,0,1,0,0,1,0,0,0,0
CUS_0xc459,36966.76,2875.563333333333,5,3,13,0,15,19,11.42,4460,1188.75,23.739992432712704,0.0,55.69317866586681,491.8631546674667,2024-09-01,2025-10-06 10:52:22.944,22,0,0,0,0,0,0,0,0,0,0,0,1,0,0,0,1,0,0,1,0,0,0,0,0,0
CUS_0x5d44,93561.72,7547.81,4,4,12,4,32,16,6.7799999999999985,100,469.43,38.87404370001996,215.3536989856009,131.06038999174623,648.366911022653,2024-09-01,2025-10-06 10:52:22.944,31,11,1,0,0,1,0,0,0,1,0,1,0,0,0,0,1,0,0,0,0,1,0,0,0,0
CUS_0xa579,68498.72,5715.2266666666665,6,9,23,5,46,16,8.99,150,1825.94,26.91292831085449,156.19372984003382,387.8993206818737,287.42961614475917,2024-09-01,2025-10-06 10:52:22.944,15,11,1,1,0,0,0,1,0,0,0,0,0,0,0,0,0,1,0,1,0,0,0,0,0,0
CUS_0x5b9d,87966.95999999998,7564.579999999999,5,2,15,1,11,23,10.24,40,166.72,35.409011359043824,64.35019526538515,10000.0,237.44417874232101,2024-09-01,2025-10-06 10:52:22.944,19,8,0,0,0,0,0,1,0,0,0,1,0,0,0,0,0,0,1,0,0,0,0,1,0,0
CUS_0x8a5f,123800.8,9657.932661701245,5,3,7,2,7,6,7.21,10,832.14,35.17410994448976,563.4933084056885,478.1039632929085,904.8315586681267,2024-09-01,2025-10-06 10:52:22.944,24,10,0,0,0,1,0,0,0,1,0,0,1,0,0,1,0,0,0,0,0,0,0,0,0,1
CUS_0x8e40,73971.16,6051.263333333332,6,9,33,7,33,21,19.3,110,3528.13,23.175730762473087,330.2859170223075,241.1227739551325,283.71764235589336,2024-09-01,2025-10-06 10:52:22.944,6,0,0,0,1,0,1,1,1,1,1,1,0,0,0,0,0,1,0,0,1,0,0,0,0,0
CUS_0xaea1,81497.12,6540.426666666666,7,6,32,6,37,16,7.8,80,3056.29,29.674933101201987,240.71262007558067,262.68790843037533,410.64213816071083,2024-09-01,2025-10-06 10:52:22.944,0,9,1,0,0,0,1,0,1,1,1,1,0,0,0,0,0,1,0,1,0,0,0,0,0,0
CUS_0xc56a,15985.29,1210.9858277517103,6,657,26,2,30,8,11.85,150,1336.47,34.21319487884019,101.97922144372292,168.43863925441914,233.21456155014775,2024-09-01,2025-10-06 10:52:22.944,14,0,0,0,0,1,1,0,0,0,0,0,0,0,0,0,1,0,0,0,0,0,1,0,0,0
CUS_0x146a,25744.12,1923.3433333333328,6,4,14,1,7,19,7.16,10,1118.51,24.68769240711638,12.332013102869553,80.12216510115094,379.8801551293129,2024-09-01,2025-10-06 10:52:22.944,25,9,0,0,0,0,0,0,0,0,1,0,0,0,0,0,1,0,0,0,0,0,0,1,0,0
CUS_0x2219,161007.32,13305.276666666668,4,2,11,4,6,1,2.55,30,615.92,30.222210541048995,421.180407832645,232.9534266089307,916.3938322250913,2024-09-01,2025-10-06 10:52:22.944,19,11,0,1,1,1,0,0,0,1,0,0,1,0,0,1,0,0,0,0,0,1,0,0,0,0
CUS_0x5000,39799.4,3049.616666666667,5,7,12,3,1,5,10.06,10,1132.54,38.750805186001394,54.94249370279955,67.86374709691124,441.4668730557689,2024-09-01,2025-10-06 10:52:22.944,16,9,0,0,0,0,0,0,1,1,0,0,1,0,0,1,0,0,0,0,0,1,0,0,0,0
CUS_0x6cd9,16653.5,1095.7916666666667,3,2,7,2,11,11,11.5,80,574.43,36.01885310804614,20.634245012512288,116.26663278006966,262.6782888740847,2024-09-01,2025-10-06 10:52:22.944,16,2,0,0,0,0,0,0,0,1,1,0,1,0,0,1,0,0,0,0,0,0,1,0,0,0
CUS_0xa8cb,16364.65,1634.720833333333,9,10,32,4,20,16,0.53,140,2234.81,37.3532402291873,39.55481363603104,66.54535389954903,307.3719157977533,2024-09-01,2025-10-06 10:52:22.944,8,4,0,0,1,1,0,0,0,1,0,1,0,0,0,0,0,1,0,0,1,0,0,0,0,0
CUS_0x330a,2.2225113E7,3798.6925,6,9,28,4,45,22,5.91,120,2001.71,32.0772597685291,80.11142370706325,212.56540102079055,367.1924252721461,2024-09-01,2025-10-06 10:52:22.944,10,9,1,1,1,0,0,1,0,0,0,1,0,0,0,0,0,1,0,0,0,0,0,1,0,0
CUS_0x7ea5,81402.48,6802.54,7,5,34,9,53,21,5.55,80,2438.55,34.63493863037229,436.4013434486833,313.9798878100775,189.8727687412392,2024-09-01,2025-10-06 10:52:22.944,16,0,0,0,1,1,1,1,1,1,1,1,0,0,0,0,0,1,0,0,0,0,0,0,0,1
CUS_0xb0c1,8175.65,424.30416666666673,8,10,15,7,43,25,21.47,110,4156.36,22.91132626003504,30.116961738942127,38.173900623761895,244.13955430396263,2024-09-01,2025-10-06 10:52:22.944,2,11,1,1,1,0,1,1,0,0,1,1,0,0,0,0,0,1,0,0,0,0,0,0,1,0
CUS_0x1f4a,102023.4,8535.949999999999,6,5,6,0,16,20,11.41,80,271.96,28.98956696960245,0.0,398.65619022157415,714.9388097784257,2024-09-01,2025-10-06 10:52:22.944,22,6,0,0,0,0,0,0,0,0,0,0,1,0,0,1,0,0,0,1,0,0,0,0,0,0
CUS_0x6623,38480.95,2912.745833333333,5,3,2,0,11,3,6.81,40,1208.71,30.08998617125973,0.0,203.6752511164383,377.599332216895,2024-09-01,2025-10-06 10:52:22.944,20,10,0,0,0,0,0,0,0,0,0,0,1,0,0,1,0,0,0,0,0,0,1,0,0,0
CUS_0x8525,53451.48,4397.29,8,10,34,7,30,23,6.32,100,4431.55,33.360948975920216,225.6152623076647,371.6592715994418,132.45446609289354,2024-09-01,2025-10-06 10:52:22.944,8,4,0,1,1,0,0,1,1,1,0,1,0,0,0,0,0,1,0,0,0,0,1,0,0,0
CUS_0xb01b,64752.4,5652.033333333334,3,3,5,3,7,8,9.56,0,1022.8,38.15970627111001,115.34128688234104,280.82125171848304,429.0407947325093,2024-09-01,2025-10-06 10:52:22.944,27,5,0,1,1,0,0,0,0,0,1,0,1,0,0,1,0,0,0,0,0,0,0,0,0,1
CUS_0x25aa,29233.34,2637.1116666666667,6,4,17,3,9,11,8.9,50,96.31,28.26216337344512,50.71445531569465,232.83089261028897,250.16581874068302,2024-09-01,2025-10-06 10:52:22.944,9,11,0,0,0,0,0,1,0,1,1,1,0,0,0,0,0,0,1,0,0,0,0,0,1,0
CUS_0x37f8,39910.48,3529.873333333333,1,7,2,1,22,4,3.9,50,1072.94,27.747105821238147,31.779512643612986,144.66271196260084,426.5451087271196,2024-09-01,2025-10-06 10:52:22.944,22,0,0,0,0,0,1,0,0,0,0,0,1,0,0,1,0,0,0,0,1,0,0,0,0,0
CUS_0x700d,44719.17,3969.5975,6,6,29,7,46,19,23.21,140,3818.57,29.38080624152673,248.599885855438,115.76449205650242,282.5953720880596,2024-09-01,2025-10-06 10:52:22.944,13,6,0,1,1,1,0,0,0,1,1,1,0,0,0,0,0,1,0,0,1,0,0,0,0,0
CUS_0x7955,42250.77,3363.8975,0,4,3,0,9,1,9.69,0,1056.56,28.913858440262334,0.0,111.88797462493916,474.5017753750608,2024-09-01,2025-10-06 10:52:22.944,16,2,0,0,0,0,0,0,0,0,0,0,1,0,0,1,0,0,0,0,1,0,0,0,0,0
CUS_0x8159,10728.4,720.0333333333333,6,3,4651,0,20,9,10.95,40,1375.35,34.01710113681013,0.0,72.12626455049332,279.87706878284,2024-09-01,2025-10-06 10:52:22.944,16,9,0,0,0,0,0,0,0,0,0,0,1,0,0,1,0,0,0,0,0,0,0,1,0,0
CUS_0x8f7b,163032.6,13463.05,4,3,5,1,15,6,8.3,30,18.93,23.203865434589108,120.64821152181015,1261.1385464323835,244.5182420458064,2024-09-01,2025-10-06 10:52:22.944,20,4,0,0,0,0,0,1,0,0,0,0,1,0,0,1,0,0,0,0,0,0,0,1,0,0
CUS_0xb997,93955.16,8126.596666666667,5,5,5,2,15,10,1.73,40,425.43,37.49997505847849,91.98741416986208,554.7992009422602,445.8730515545445,2024-09-01,2025-10-06 10:52:22.944,28,4,1,0,0,0,0,0,1,0,0,0,1,0,0,0,1,0,0,0,0,0,0,1,0,0
CUS_0x1a71,15580.41,1048.3675,9,9,16,9,58,16,30.57,130,4319.35,23.56799975082341,112.513721323882,48.11665626111495,234.2063724150031,2024-09-01,2025-10-06 10:52:22.944,6,4,1,1,1,0,1,0,1,1,0,1,0,0,0,0,0,0,1,0,0,0,1,0,0,0
CUS_0x316a,14925.68,1480.8066666666666,8,10,21,7,41,8,15.75,130,2447.6,31.233123787431087,51.062772698009866,180.02617176175536,206.99172220690144,2024-09-01,2025-10-06 10:52:22.944,20,6,0,1,1,1,0,1,1,0,0,1,0,0,0,0,1,0,0,0,0,0,1,0,0,0
CUS_0xa222,66376.28,5723.356666666668,3,5,5371,3,27,12,7.14,30,1482.3,29.531156928623176,104.63177540585328,113.12981503108749,594.5740762297261,2024-09-01,2025-10-06 10:52:22.944,33,5,0,1,0,0,0,0,1,1,0,1,0,0,0,0,0,0,1,0,0,1,0,0,0,0
CUS_0x21b1,34847.84,3037.986666666666,2,4,6,1,3,4,5.42,20,605.03,32.933856293622235,18.816214573128885,218.90434353388733,356.07810855965045,2024-09-01,2025-10-06 10:52:22.944,27,2,0,0,1,0,0,0,0,0,0,0,1,0,0,1,0,0,0,0,0,0,1,0,0,0
CUS_0x4849,15987.51,1155.2925,10,6,30,7,54,25,21.98,100,2698.66,27.00784386637005,67.96593726449282,57.478760057697805,280.08455267780937,2024-09-01,2025-10-06 10:52:22.944,1,4,1,0,1,0,1,1,1,0,1,1,0,0,0,0,0,1,0,0,0,0,1,0,0,0
CUS_0x821a,122705.73,10049.4775,5,6,6,3,13,12,6.34,50,1004.82,40.868263833999954,200.3156920844776,135.21519053235215,909.4168673831704,2024-09-01,2025-10-06 10:52:22.944,21,3,1,1,0,0,0,0,0,0,0,0,1,0,0,0,0,0,1,0,0,1,0,0,0,0
CUS_0x2418,77253.54,6301.794999999999,2,7,12,2,13,2,4.28,60,565.23,33.62400375349521,85.98323032673036,459.6504255797154,354.5458440935543,2024-09-01,2025-10-06 10:52:22.944,21,0,1,0,0,0,0,0,0,0,1,0,1,0,0,1,0,0,0,0,0,0,0,0,1,0
CUS_0xa45d,20193.59,1400.799166666667,3,3,8,5,21,12,9.42,60,1109.22,30.57884203182309,68.09053966676876,139.76388282463435,222.22549417526355,2024-09-01,2025-10-06 10:52:22.944,12,7,1,0,1,0,1,0,1,1,0,1,0,0,0,0,1,0,0,0,0,0,1,0,0,0
CUS_0xac59,11169.595,667.7995833333333,7,4,10,0,8,11,14.5,50,303.16,22.86731537664433,0.0,89.61846593018801,267.1614924031453,2024-09-01,2025-10-06 10:52:22.944,17,10,0,0,0,0,0,0,0,0,0,1,0,0,0,0,0,0,1,0,0,0,1,0,0,0
CUS_0xacda,19012.18,1548.3483333333334,4,6,20,3,30,18,19.07,90,84.05,33.648529148583066,42.2581756649392,121.6225244830986,270.95413318529546,2024-09-01,2025-10-06 10:52:22.944,21,11,0,0,0,0,0,1,1,0,0,1,0,0,0,0,1,0,0,0,0,0,0,1,0,0
CUS_0xb6a6,33735.42,2539.285,7,5,24,7,38,25,19.18,60,2717.2,32.19195810255145,175.4377534023177,27.00413257707737,291.48661402060503,2024-09-01,2025-10-06 10:52:22.944,9,6,0,1,1,0,0,1,0,1,1,0,0,0,0,0,0,1,0,0,0,1,0,0,0,0
CUS_0x7ed8,68380.02,5427.646731963553,5,4,10,4,29,20,20.43,110,495.54,33.97281896559443,593.1509303184954,244.40860436967685,369.56223334827484,2024-09-01,2025-10-06 10:52:22.944,18,3,1,0,0,0,1,0,1,0,0,0,0,0,0,0,1,0,0,0,1,0,0,0,0,0
CUS_0xc1f7,97826.07,8406.1725,5,3,15,4,12,12,21.97,70,395.61,32.24600880310881,295.6811680243402,554.9011681592201,280.0349138164398,2024-09-01,2025-10-06 10:52:22.944,6,9,1,0,1,0,0,0,1,1,0,0,0,0,0,0,1,0,0,0,0,0,1,0,0,0
CUS_0x6479,177887.8,14828.983333333332,4,3,3,0,2,6,11.32,70,925.47,40.93038075074772,0.0,977.7302591485593,785.1680741847741,2024-09-01,2025-10-06 10:52:22.944,26,11,0,0,0,0,0,0,0,0,0,0,1,0,0,1,0,0,0,0,0,0,0,1,0,0
CUS_0xa28,19043.09,1699.924166666667,8,4,20,3,38,21,5.49,130,1950.0,27.47645711672065,45.04345454299674,64.61901957870023,320.32994254496975,2024-09-01,2025-10-06 10:52:22.944,5,10,0,0,1,1,0,1,0,0,0,1,0,0,0,0,0,0,1,0,0,0,0,0,0,1
CUS_0xa84d,115810.56,9364.88,3,5,10,0,29,2,3.78,10,1257.75,39.579206625928,0.0,202.42517523905587,974.0628247609441,2024-09-01,2025-10-06 10:52:22.944,29,11,0,0,0,0,0,0,0,0,0,0,1,0,0,1,0,0,0,0,0,1,0,0,0,0
CUS_0x165a,56831.76,4627.980000000001,5,6,6,1,29,18,1.17,20,1179.08,25.53736592204616,37.50499252116236,182.64139544954082,522.6516120292969,2024-09-01,2025-10-06 10:52:22.944,29,6,1,0,0,0,0,0,0,0,0,0,0,0,0,0,1,0,0,0,0,0,0,1,0,0
CUS_0x3610,7371.66,521.305,10,9,25,2,60,13,25.33,110,2276.26,26.482430046677173,8.740465074824666,32.243133693133906,301.14690123204144,2024-09-01,2025-10-06 10:52:22.944,18,11,1,0,0,0,1,0,0,0,0,1,0,0,0,0,1,0,0,0,0,0,1,0,0,0
CUS_0x6e3e,16189.12,1535.0933333333337,9,8,26,5,36,25,16.54,130,3136.21,38.82332505454304,49.58333623324728,128.2659449180435,265.6600521820426,2024-09-01,2025-10-06 10:52:22.944,4,9,0,0,1,0,1,1,0,0,1,1,0,0,0,0,0,0,1,0,0,0,1,0,0,0
CUS_0xa3f3,32382.97,2897.580833333333,4,6,8,4,13,19,13.58,0,108.94,32.59991518558573,74.39920167514867,72.8065766114206,392.55230504676405,2024-09-01,2025-10-06 10:52:22.944,16,2,0,0,0,0,0,1,1,0,1,1,0,0,0,0,1,0,0,0,1,0,0,0,0,0
CUS_0x4e6e,65598.44,5593.536666666668,1,3,11,1,6,2,6.34,60,306.98,27.363467963938245,33.10606029004169,234.2687235103504,551.9788828662747,2024-09-01,2025-10-06 10:52:22.944,33,2,0,0,1,0,0,0,0,0,0,0,1,0,0,1,0,0,0,1,0,0,0,0,0,0
CUS_0x6865,31645.66,2676.1383333333333,4,4,4,2,25,14,8.6,3990,807.06,36.08719192141362,34.25754124687306,360.11756045868566,163.2387316277745,2024-09-01,2025-10-06 10:52:22.944,26,8,0,1,0,1,0,0,0,0,0,0,1,0,0,1,0,0,0,0,0,0,1,0,0,0
CUS_0x6c5f,44864.55,3840.7125,4,7,2,4,7,0,12.34,10,441.24,40.076238852815926,107.49007996818808,342.2195223486468,214.36164768316516,2024-09-01,2025-10-06 10:52:22.944,32,5,0,0,1,0,0,0,1,0,1,0,1,0,0,1,0,0,0,0,0,0,0,1,0,0
CUS_0x913c,29060.32,2235.693333333333,8,5,9,4,11,15,8.2,30,865.12,34.55502309852863,64.49226323178074,130.32155298697813,308.75551711457445,2024-09-01,2025-10-06 10:52:22.944,19,11,1,0,0,0,1,0,0,0,1,0,1,0,0,0,1,0,0,0,0,0,0,1,0,0
CUS_0x9d32,15868.97,1446.414166666667,7,9,31,9,33,15,16.62,130,4972.01,24.189017552028734,62.59167174282869,149.43558174390012,212.61416317993786,2024-09-01,2025-10-06 10:52:22.944,9,0,1,1,1,1,0,0,1,1,0,1,0,0,0,0,0,1,0,0,0,0,0,1,0,0
CUS_0x494c,10496.255,1141.6879166666668,9,10,26,5,54,17,3.12,110,4184.84,33.93058107001977,35.056985050612376,135.92568154608836,233.18612506996598,2024-09-01,2025-10-06 10:52:22.944,2,8,1,1,0,0,1,0,0,0,1,1,0,0,0,0,0,0,1,0,0,0,1,0,0,0
CUS_0x5d91,7632.555,476.04625,7,1206,32,6,14,9,15.26,100,1401.9,30.60913250179884,34.929163470060885,15.88517374933521,266.79028778060393,2024-09-01,2025-10-06 10:52:22.944,12,8,0,1,0,0,0,0,1,1,1,1,0,0,0,0,1,0,0,0,0,0,0,0,1,0
CUS_0x7738,1.5154025E7,2632.08,0,5,10,3,3,7,6.19,40,344.4,37.08569552497279,74.63775566449694,142.49170793794485,336.07853639755825,2024-09-01,2025-10-06 10:52:22.944,27,10,0,0,0,0,0,0,1,0,0,0,1,0,0,1,0,0,0,0,0,0,1,0,0,0
CUS_0x7753,93589.48,7895.123333333332,6,7,16,3,24,17,9.92,60,425.51,35.10214616808446,22102.0,941.0905930598284,641.2460550176518,2024-09-01,2025-10-06 10:52:22.944,31,0,0,0,1,0,1,0,0,0,0,0,1,0,0,0,1,0,0,0,0,0,0,0,0,1
CUS_0xb319,15361.32,1362.11,10,10,17,9,24,17,22.95,110,2899.99,32.751181015893266,111.90398429864756,123.31665446633276,180.9903612350197,2024-09-01,2025-10-06 10:52:22.944,9,5,1,0,1,1,0,0,1,1,1,1,0,0,0,0,0,1,0,0,0,0,0,1,0,0
CUS_0x2a8e,17433.615,1678.8012500000002,1,4,2,2,9,6,6.87,0,1037.05,27.11760723168469,28.579644404032216,31.099161695481637,358.2013189004862,2024-09-01,2025-10-06 10:52:22.944,29,8,1,0,1,0,0,0,0,0,0,0,1,0,0,1,0,0,0,0,1,0,0,0,0,0
CUS_0xa6df,75888.64,6089.731592319862,3,6,11,6,19,13,15.44,70,1149.63,31.21195246544435,25678.0,125.32844924320351,487.95279054423065,2024-09-01,2025-10-06 10:52:22.944,8,9,0,1,0,1,0,1,1,1,0,1,0,0,0,0,1,0,0,0,0,1,0,0,0,0
CUS_0xd88,1.1308893E7,894.4404166666667,10,5,26,6,37,19,10.33,160,1590.4,39.19868045983903,30.47353815771684,31.524736418231893,317.44576709071794,2024-09-01,2025-10-06 10:52:22.944,19,10,0,0,0,0,1,1,1,1,0,1,0,0,0,0,0,1,0,0,0,0,1,0,0,0
CUS_0x7ea1,1.7872695E7,939.2270833333332,9,5,20,5,29,22,9.61,130,3498.63,31.265328654836427,22.96083535580697,57.01275654590849,303.9491164316179,2024-09-01,2025-10-06 10:52:22.944,9,11,0,0,1,0,0,1,1,0,0,1,0,0,0,0,0,1,0,0,0,0,1,0,0,0
CUS_0x86a,59072.52,4824.71,832,9,28,6,33,17,19.2,130,2781.03,31.767808446812086,219.50699821502985,93.0490713439787,409.9149304409915,2024-09-01,2025-10-06 10:52:22.944,10,8,1,0,0,0,1,1,0,1,1,1,0,0,0,0,0,0,1,0,0,1,0,0,0,0
CUS_0x9cd3,89394.78,7710.565,8,3,6,2,13,16,11.18,70,1255.14,31.90100402939389,134.729083985664,310.3835049108095,575.9439111035265,2024-09-01,2025-10-06 10:52:22.944,26,10,1,0,1,0,0,0,0,0,0,1,0,0,0,0,1,0,0,0,1,0,0,0,0,0
CUS_0x1232,14937.49,1142.7908333333332,8,8,22,7,43,15,24.17,90,3699.44,23.12096333226524,50.9608782796448,104.14502372361288,239.1731813300757,2024-09-01,2025-10-06 10:52:22.944,13,9,1,0,0,0,0,1,1,0,1,0,0,0,0,0,0,1,0,0,0,0,0,1,0,0
CUS_0x298f,30365.13,2353.4275,4,1,7,0,14,3,7.68,40,1224.77,21.76146039281015,44.32074352168933,10000.0,256.29547071997047,2024-09-01,2025-10-06 10:52:22.944,28,4,0,0,0,0,1,0,1,1,0,0,1,0,0,1,0,0,0,0,0,0,0,1,0,0
CUS_0x40f8,20090.02,1570.168333333333,7,9,19,4,60,21,12.73,110,2329.28,27.487270086466985,40.703206956509966,133.28029308923806,273.0333332875853,2024-09-01,2025-10-06 10:52:22.944,6,9,1,0,0,1,0,1,0,0,1,1,0,0,0,0,0,0,1,0,0,0,1,0,0,0
CUS_0x9937,2.0501034E7,7257.226666666666,9,6,22,5,52,18,6.13,110,1479.71,28.4883704649135,220.1984404538285,179.96787152478908,575.556354688049,2024-09-01,2025-10-06 10:52:22.944,9,10,1,0,1,0,0,1,1,0,0,1,0,0,0,0,0,1,0,0,1,0,0,0,0,0
CUS_0xa0b6,63354.36,5421.53,6,6,10,0,21,16,12.2,70,895.41,29.09668489250168,27.553919992031982,272.55798705859,512.041092949378,2024-09-01,2025-10-06 10:52:22.944,17,4,0,0,0,0,1,0,0,0,0,0,0,0,0,0,0,0,1,0,0,0,0,0,1,0
CUS_0xb95f,34290.12,2697.51,9,898,25,7,52,9,13.96,130,2686.81,36.82064895309465,185.1119825795006,94.91721648288956,249.72180093760986,2024-09-01,2025-10-06 10:52:22.944,14,3,1,1,1,0,0,0,1,0,1,1,0,0,0,0,0,0,1,1,0,0,0,0,0,0
CUS_0xc375,97577.28,7906.44,3,4,12,2,4,7,6.75,50,708.73,36.18979394856832,92.86650660879025,133.63833304722715,814.1391603439827,2024-09-01,2025-10-06 10:52:22.944,32,2,0,0,1,0,0,1,0,0,0,0,1,0,0,1,0,0,0,0,1,0,0,0,0,0
CUS_0x770,68926.36,5593.863333333334,8,9,34,6,43,26,24.44,120,4104.07,34.37374720237682,213.87817830937183,94.82318723121868,500.68496779274284,2024-09-01,2025-10-06 10:52:22.944,13,10,1,0,0,1,1,0,1,1,0,1,0,0,0,0,0,1,0,0,0,0,0,0,0,1
CUS_0xc5d7,88688.94,7287.745,3,7,8,0,11,7,3.23,20180,120.02,33.90156440945032,0.0,67.71493674469964,901.0595632553004,2024-09-01,2025-10-06 10:52:22.944,19,8,0,0,0,0,0,0,0,0,0,0,1,0,0,1,0,0,0,0,0,1,0,0,0,0
CUS_0xacca,38600.74,3410.728333333333,6,7,27,7,51,22,7.47,110,4464.55,30.25645124783432,145.65931102487403,74.4447306045186,360.96879170394067,2024-09-01,2025-10-06 10:52:22.944,1,8,0,1,0,1,1,1,0,1,1,1,0,0,0,0,0,1,0,0,0,1,0,0,0,0
CUS_0x3518,38250.71,2941.5591666666664,1,7,8,3,15,0,0.76,70,1464.74,26.50961059249845,91.48681025211955,365.3691862116575,127.2999202028897,2024-09-01,2025-10-06 10:52:22.944,25,6,1,1,0,1,0,0,0,0,0,0,1,0,0,1,0,0,0,0,0,0,1,0,0,0
CUS_0x6e6b,177350.84,14615.236666666666,4,1,10,4,6,3,9.18,20,256.54,24.659734224600097,455.59841017019545,859.9531505998932,415.972105896578,2024-09-01,2025-10-06 10:52:22.944,29,5,0,0,0,1,1,0,1,0,1,0,1,0,0,1,0,0,0,0,0,0,0,0,1,0
CUS_0x8bae,86676.39,7198.0325,7,5,5,7,29,19,15.61,60,1066.91,31.910306291328308,453.70346622271904,52.96009367338778,453.13969010389326,2024-09-01,2025-10-06 10:52:22.944,8,10,1,0,1,1,0,1,1,0,0,1,0,0,0,0,1,0,0,0,0,1,0,0,0,0
CUS_0xc649,44066.78,3424.231666666666,5,4,6,4,8,7,6.29,20,289.59,37.15805502717869,80.9079238308648,153.4916692006379,446.19790495227033,2024-09-01,2025-10-06 10:52:22.944,32,7,0,0,0,1,1,1,0,0,0,0,1,0,0,1,0,0,0,0,0,0,0,0,0,1
