Customer_ID,Annual_Income,Monthly_Inhand_Salary,Num_Bank_Accounts,Num_Credit_Card,Interest_Rate,Num_of_Loan,Delay_from_due_date,Num_of_Delayed_Payment,Changed_Credit_Limit,Num_Credit_Inquiries,Outstanding_Debt,Credit_Utilization_Ratio,Total_EMI_per_month,Amount_invested_monthly,Monthly_Balance,snapshot_date,_ingested_at_utc,credit_history_age_year,credit_history_age_month,mortgage_loan,auto_loan,credit_builder_loan,personal_loan,not_specified,student_loan,home_equity_loan,payday_loan,debt_consolidation_loan,ohe__payment_of_min_amount__yes,ohe__payment_of_min_amount__no,ohe__payment_of_min_amount__nm,ohe__payment_of_min_amount__unknown,ohe__credit_mix__good,ohe__credit_mix__standard,ohe__credit_mix__bad,ohe__credit_mix__unknown,ohe__payment_behaviour__high_spent_small_value_payments,ohe__payment_behaviour__high_spent_medium_value_payments,ohe__payment_behaviour__high_spent_large_value_payments,ohe__payment_behaviour__low_spent_small_value_payments,ohe__payment_behaviour__low_spent_medium_value_payments,ohe__payment_behaviour__low_spent_large_value_payments,ohe__payment_behaviour__unknown
CUS_0x29ab,20498.12,1559.1766666666665,7,6,32,2,18,15,10.58,110,1473.64,31.474754723004523,31.917446582675197,131.78635603518623,282.21386404880525,2024-03-01,2025-10-06 10:51:16.241,19,9,0,0,0,0,0,0,1,1,0,1,0,0,0,0,1,0,0,0,0,0,1,0,0,0
CUS_0x2d9a,34620.62,2588.0516666666667,3,5,25,2,5,17,11.23,90,1690.69,38.199188524882615,41.9647026055557,10000.0,309.2389990188851,2024-03-01,2025-10-06 10:51:16.241,15,10,0,1,0,0,0,0,0,0,1,1,0,0,0,0,0,0,1,1,0,0,0,0,0,0
CUS_0x4d2e,98887.41,8176.6175,0,5,1,1,13,2,2.16,50,1496.8,36.732685566194455,67.18817914523072,134.12622403980214,856.3473468149672,2024-03-01,2025-10-06 10:51:16.241,22,9,0,0,0,1,0,0,0,0,0,0,1,0,0,1,0,0,0,0,0,1,0,0,0,0
CUS_0x5c92,19681.08,1454.09,4,4,16,3,16,8,10.41,10,1122.31,27.72035105582218,33.870708472450204,142.6165641138773,258.9217274136725,2024-03-01,2025-10-06 10:51:16.241,18,11,1,0,0,0,1,0,0,1,0,1,0,0,0,0,1,0,0,0,0,0,0,0,0,1
CUS_0x84a2,15656.82,1557.735,8,10,18,6,32,16,0.88,140,1997.18,29.91640763246859,51546.0,10000.0,243.9335011293956,2024-03-01,2025-10-06 10:51:16.241,14,3,1,1,0,0,0,0,0,0,1,0,0,0,0,0,0,1,0,0,0,0,1,0,0,0
CUS_0xb60f,119877.15,9942.7625,0,5,10,3,12,3,4.69,40,152.07,39.49153175424277,239.7093039270492,388.6556088335869,625.911337239364,2024-03-01,2025-10-06 10:51:16.241,16,11,1,0,0,0,0,1,1,0,0,0,1,0,0,0,0,0,1,1,0,0,0,0,0,0
CUS_0x5a59,17347.04,1285.5866666666668,6,8,15,5,16,9,4.619999999999999,80,2674.44,33.58079785020906,38.51620310672261,134.34708788685444,245.6953756730896,2024-03-01,2025-10-06 10:51:16.241,13,6,0,0,0,1,1,0,1,0,0,1,0,0,0,0,1,0,0,0,0,0,1,0,0,0
CUS_0x60ad,92949.78,7774.815,0,5,10,4,12,13,13.88,30,1037.46,41.83754055482913,197.3048886419928,10000.0,537.3424873163199,2024-03-01,2025-10-06 10:51:16.241,25,4,0,1,0,0,0,0,1,0,1,0,1,0,0,1,0,0,0,0,1,0,0,0,0,0
CUS_0x6c67,19071.34,1690.2589361064286,8,5,17,2,30,19,10.17,40,118.72,27.800174754103303,203.67156017053108,192.98530385392402,249.29036653578305,2024-03-01,2025-10-06 10:51:16.241,31,4,0,1,1,0,0,0,0,0,0,0,1,0,0,0,1,0,0,0,0,0,0,1,0,0
CUS_0x833d,15528.29,1340.0241666666668,7,8,21,7,19,14,8.69,100,3025.44,29.40412046698872,66.42616279579548,10000.0,280.4831676127481,2024-03-01,2025-10-06 10:51:16.241,7,8,1,0,0,0,1,1,1,1,0,0,0,0,0,0,0,0,1,0,0,0,1,0,0,0
CUS_0xaecd,171462.56,14270.546666666669,4,7,10,3,9,12,13.01,60,531.58,28.974395742901077,364.822760704787,324.5078292229169,977.724076738963,2024-03-01,2025-10-06 10:51:16.241,18,2,0,0,1,0,0,1,1,0,0,0,1,0,0,1,0,0,0,0,0,1,0,0,0,0
CUS_0xc730,9608.03,735.6691666666667,7,1213,10,6,9,11,12.44,50,1494.17,31.37025171981663,25.46799855634962,40.111200274574344,297.98771783574267,2024-03-01,2025-10-06 10:51:16.241,13,10,1,0,1,0,0,1,1,1,0,1,0,0,0,0,1,0,0,0,0,0,1,0,0,0
CUS_0x5737,60195.36,4912.28,0,5,3,2,14,3,7.69,30,376.47,31.603357833291287,52.93545645569851,416.39556338927963,291.8969801550219,2024-03-01,2025-10-06 10:51:16.241,30,3,0,0,0,0,0,1,0,1,0,0,1,0,0,1,0,0,0,0,0,0,0,0,1,0
CUS_0xb513,29143.88,2257.6566666666668,8,5,14,3,10,13,8.09,90,518.69,23.99869374346803,45.60702454682328,263.82502310604497,206.33361901379845,2024-03-01,2025-10-06 10:51:16.241,15,11,0,1,1,0,0,0,0,1,0,0,1,0,0,0,1,0,0,0,0,0,0,0,0,1
CUS_0xbfdb,35600.2,3130.683333333333,0,3,9,3,0,10,6.63,40,577.57,30.200972543953505,50.64859982836413,64.90248009940737,447.5172534055618,2024-03-01,2025-10-06 10:51:16.241,32,6,0,0,1,0,0,1,1,0,0,0,1,0,0,1,0,0,0,0,1,0,0,0,0,0
CUS_0x19b0,109110.57,9109.5475,0,1,4,4,8,1,1.76,20,411.96,32.62881037945899,257.23228865030416,185.53126149412225,708.1911998555736,2024-03-01,2025-10-06 10:51:16.241,16,3,1,0,0,1,1,0,0,1,0,0,0,0,0,1,0,0,0,0,0,0,0,0,0,1
CUS_0x983a,74213.52,6072.087064034398,5,6,6,0,17,9,5.65,30,201.35,33.593441809013264,333.3729359656013,253.9775855192416,636.5684144807585,2024-03-01,2025-10-06 10:51:16.241,18,5,0,0,0,0,0,0,0,0,0,0,1,0,0,0,1,0,0,0,1,0,0,0,0,0
CUS_0x27e5,24415.29,2227.6075,7,6,8,3,20,9,13.35,80,898.7,37.19232440569965,40.22913294198262,71.38623825430831,361.1453788037091,2024-03-01,2025-10-06 10:51:16.241,30,7,0,0,0,0,1,0,1,0,0,0,0,0,0,0,0,0,1,0,1,0,0,0,0,0
CUS_0xb3b3,68893.59,5989.1325,3,7,2,4,18,14,2.53,50,1054.24,30.455363930180297,147.37002782681262,82.5665268560238,608.9766953171636,2024-03-01,2025-10-06 10:51:16.241,25,4,1,0,1,1,1,0,0,0,0,0,1,0,0,1,0,0,0,0,0,1,0,0,0,0
CUS_0x224a,114929.01,9469.4175,794,3,2,3,11,3,2.08,60,742.14,31.50454206283021,206.8748299613925,10000.0,44.23472708244833,2024-03-01,2025-10-06 10:51:16.241,26,9,0,0,0,1,0,0,0,1,1,0,1,0,0,1,0,0,0,0,0,0,0,1,0,0
CUS_0x580e,97174.44,8015.87,4,3,14,4,30,11,5.7,30,137.68,32.28968152599441,184.75222818887815,659.5742138250729,227.2605579860489,2024-03-01,2025-10-06 10:51:16.241,24,4,0,0,1,0,0,1,0,0,1,1,0,0,0,0,1,0,0,0,0,0,0,0,1,0
CUS_0x6ee1,133868.52,11000.71,5,4,8,3,8,3,6.79,0,528.47,40.6212322036704,328.33470723019946,411.21686160404863,640.5194311657518,2024-03-01,2025-10-06 10:51:16.241,30,3,1,0,0,1,1,0,0,0,0,0,1,0,0,1,0,0,0,0,0,0,0,1,0,0
CUS_0x754c,9897.565,1073.7970833333334,10,10,25,9,44,20,21.83,140,2546.75,28.250483288341044,68.1385078067018,50.390993190907885,248.8502073357237,2024-03-01,2025-10-06 10:51:16.241,7,3,1,1,0,1,1,0,1,0,1,0,0,0,0,0,0,0,1,1,0,0,0,0,0,0
CUS_0x309d,7495.305,533.60875,6,5,28,4,22,14,17.12,130,2354.21,37.982402323018825,16.15751628900221,10000.0,290.511608475199,2024-03-01,2025-10-06 10:51:16.241,6,6,0,0,1,0,0,1,0,1,1,1,0,0,0,0,1,0,0,0,0,0,1,0,0,0
CUS_0x94e2,30411.89,2443.654130616849,1,911,3,1,13,2,7.97,20,509.8,26.59004246791932,251.12474379757592,73.51948430006864,440.15822461884005,2024-03-01,2025-10-06 10:51:16.241,20,4,0,0,0,0,0,0,0,0,1,0,1,0,0,1,0,0,0,0,0,0,0,0,0,1
CUS_0x9525,21457.185,1846.09875,1,5,9,1,6,3,5.74,22000,749.41,32.21852975642476,8.970576328687951,147.45581201984467,298.1834866514674,2024-03-01,2025-10-06 10:51:16.241,25,3,0,0,0,0,0,0,0,0,1,0,1,0,0,1,0,0,0,0,0,0,0,0,1,0
CUS_0xb837,14070.22,1148.5183333333332,9,9,24,6,39,18,18.61,90,2075.81,24.521375223458207,40.16573685652548,27.170114877551953,307.5159815992559,2024-03-01,2025-10-06 10:51:16.241,13,10,1,1,1,0,0,0,1,1,0,1,0,0,0,0,0,1,0,1,0,0,0,0,0,0
CUS_0xba06,7464.64,391.0533333333333,7,10,25,5,22,15,27.98,170,3802.67,32.34021376587399,21.845762284738434,13.88302836175676,293.3765426868381,2024-03-01,2025-10-06 10:51:16.241,9,6,0,1,0,0,0,1,0,1,1,1,0,0,0,0,0,1,0,0,0,0,1,0,0,0
CUS_0x7ed7,40067.96,3373.212107810331,0,4,4,0,3,10,3.45,0,401.8,26.986541878492687,246.7845588563353,465.4895369654963,186.5101297011704,2024-03-01,2025-10-06 10:51:16.241,16,10,0,0,0,0,0,0,0,0,0,0,1,0,0,0,0,0,1,0,0,0,1,0,0,0
CUS_0x4ec9,36993.43,3348.785833333333,0,4,2,2,10,5,1.9,20,1357.79,28.09857990873569,37.642068052620296,125.20450362070612,452.03201166000696,2024-03-01,2025-10-06 10:51:16.241,25,5,0,1,0,0,0,1,0,0,0,0,1,0,0,1,0,0,0,0,0,0,0,0,0,1
CUS_0x53e9,18921.78,1403.8149999999996,6,9,29,6,27,16,21.7,140,4761.49,29.29802504847884,48.81955243544303,35.16609451180977,316.3958530527472,2024-03-01,2025-10-06 10:51:16.241,14,8,0,1,1,1,1,1,0,0,0,1,0,0,0,0,0,1,0,1,0,0,0,0,0,0
CUS_0x5afe,45013.44,3889.12,3,4,13,0,27,15,7.84,20,1378.25,34.61809293471139,0.0,87.44285178505196,561.4691482149481,2024-03-01,2025-10-06 10:51:16.241,32,10,0,0,0,0,0,0,0,0,0,0,1,0,0,0,1,0,0,1,0,0,0,0,0,0
CUS_0x6397,50885.37,4452.4475,10,10,31,7,26,24,5.75,120,1919.77,26.733711005582308,273.9898392678334,350.2221700785184,91.03274065364832,2024-03-01,2025-10-06 10:51:16.241,11,0,1,1,1,1,0,0,0,1,1,1,0,0,0,0,0,1,0,0,0,0,0,0,1,0
CUS_0x9f27,15005.31,1334.4425,4,4,20,7,16,13,17.98,90,1101.54,33.15717315859151,66.83655664676195,103.00755428617441,253.6001390670636,2024-03-01,2025-10-06 10:51:16.241,11,0,0,0,1,0,1,0,0,1,1,1,0,0,0,0,1,0,0,0,0,0,1,0,0,0
CUS_0xa15a,89870.98,7346.248333333332,1,4,3,3,1,8,5.08,20,48.11,41.1007849754097,192.1457440906699,95.09296480178124,687.3861244408822,2024-03-01,2025-10-06 10:51:16.241,26,8,1,1,0,1,0,0,0,0,0,0,1,0,0,1,0,0,0,0,0,1,0,0,0,0
CUS_0xadab,155148.36,12909.03,5,5,10,2,12,6,5.130000000000001,60,1122.62,31.93039727732816,129.95910901814642,813.5859259076007,607.357965074253,2024-03-01,2025-10-06 10:51:16.241,33,4,0,1,1,0,0,0,0,0,0,0,1,0,0,0,0,0,1,1,0,0,0,0,0,0
CUS_0x3c87,19179.165,1710.26375,1,7,5,0,0,1,4.35,40,1391.31,25.68630837442505,0.0,20.7359382638556,390.2904367361445,2024-03-01,2025-10-06 10:51:16.241,28,8,0,0,0,0,0,0,0,0,0,0,1,0,0,1,0,0,0,0,0,1,0,0,0,0
CUS_0x9126,19375.76,1633.6466666666663,4,3,6,1,32,19,7.81,40,1053.72,26.478324460362288,10.511618822456557,128.79392319177273,314.0591246524374,2024-03-01,2025-10-06 10:51:16.241,27,8,0,0,0,0,1,0,0,0,0,1,0,0,0,0,0,0,1,0,0,0,1,0,0,0
CUS_0x2eff,36933.77,3324.814166666666,4,6,8,3,8,10,5.65,30,185.39,33.481871277572004,62.864373919175634,190.449621823662,339.167420923829,2024-03-01,2025-10-06 10:51:16.241,19,9,1,0,1,1,0,0,0,0,0,0,0,0,0,1,0,0,0,0,0,0,0,0,0,1
CUS_0x8ea,16228.17,1374.3475,8,7,18,4,22,19,8.37,130,2697.18,28.483471858343695,47.8740134975111,130.98843651091482,248.57229999157408,2024-03-01,2025-10-06 10:51:16.241,19,6,0,0,1,0,1,1,0,0,1,1,0,0,0,0,0,0,1,0,0,0,1,0,0,0
CUS_0x2788,97164.6,8167.05,3,5,18,3,9,18,13.53,10,1095.37,36.182933004272186,124.33994361460114,92.31787844812686,840.0471779372722,2024-03-01,2025-10-06 10:51:16.241,28,10,0,0,1,0,0,1,0,1,0,1,0,0,0,0,0,0,1,0,0,1,0,0,0,0
CUS_0x7b32,56455.35000000001,4511.6125,9,9,20,9,29,24,22.15,120,4468.81,36.43988519229791,415.6072332786076,129.3271179690682,156.22689875232422,2024-03-01,2025-10-06 10:51:16.241,6,5,1,1,1,1,1,1,0,1,1,1,0,0,0,0,0,1,0,0,0,0,0,0,0,1
CUS_0x20f3,20344.02,1950.335,3,3,33,2,6,20,13.29,110,1391.92,37.398074939366495,19.018108424556598,10000.0,373.1189477906376,2024-03-01,2025-10-06 10:51:16.241,17,6,1,0,0,0,1,0,0,0,0,0,0,0,0,0,1,0,0,0,0,0,1,0,0,0
CUS_0x64c0,9737.955,652.49625,7,10,29,4,58,15,4.28,100,1916.48,31.7355964581568,30.519958217182158,81.88212025806709,242.84754652475075,2024-03-01,2025-10-06 10:51:16.241,10,11,0,1,0,0,0,0,1,1,0,1,0,0,0,0,0,1,0,0,0,0,1,0,0,0
CUS_0xae0,147221.48,12046.456666666669,8,4,20,4,9,15,22.07,40,722.28,32.35532833548685,309.61136434854456,10000.0,336.8236482712544,2024-03-01,2025-10-06 10:51:16.241,25,11,0,0,0,0,0,1,1,1,1,1,0,0,0,0,1,0,0,1,0,0,0,0,0,0
CUS_0xe09,121029.6,9878.8,2,4,12,2,13,3,7.18,20,1278.56,32.79484751198699,169.1304848308331,250.75447119593946,827.9950439732274,2024-03-01,2025-10-06 10:51:16.241,21,6,0,1,0,0,0,0,0,1,0,0,0,0,0,0,0,0,1,1,0,0,0,0,0,0
CUS_0x1b0b,9709.325,670.1104166666668,10,8,19,5,46,25,9.88,110,3195.59,30.49603770765336,25.767393860629173,0.0,281.5703947596833,2024-03-01,2025-10-06 10:51:16.241,8,4,1,0,0,1,0,1,0,0,1,1,0,0,0,0,0,1,0,0,1,0,0,0,0,0
CUS_0x854f,8963.99,783.9991666666666,7,10,27,9,57,15,25.25,90,3952.83,37.32542494058208,52.05663147333739,43.18167236809021,273.16161282523905,2024-03-01,2025-10-06 10:51:16.241,11,9,0,1,0,1,1,0,1,0,1,1,0,0,0,0,0,1,0,0,0,0,1,0,0,0
CUS_0x8d19,25990.16,2193.846666666667,4,6,14,1,21,8,3.59,10,460.78,23.142114236012237,16.95400962988394,198.56067856652797,273.8699784702548,2024-03-01,2025-10-06 10:51:16.241,24,8,0,0,0,0,0,0,1,0,0,0,1,0,0,0,1,0,0,0,0,0,0,0,1,0
CUS_0x3d8e,73026.92,6233.576666666668,2,3,6,3,7,13,4.43,40,98.77,25.91518625411749,158.95946732108214,423.80614103138566,320.5920583141989,2024-03-01,2025-10-06 10:51:16.241,21,8,0,1,0,1,0,0,0,0,1,0,1,0,0,1,0,0,0,0,0,0,0,1,0,0
CUS_0x6793,94609.02,7861.085,7,7,7,1,21,6,15.07,60,707.52,26.53047203516881,52.85799615962658,70.71377158068142,902.5367322596919,2024-03-01,2025-10-06 10:51:16.241,29,6,1,0,0,0,0,0,0,0,0,0,0,0,0,0,1,0,0,0,0,1,0,0,0,0
CUS_0x76ca,97010.16,8178.18,1,7,3,0,10,1,3.29,70,248.84,25.159098537924763,0.0,10000.0,659.9282819810777,2024-03-01,2025-10-06 10:51:16.241,30,5,0,0,0,0,0,0,0,0,0,0,1,0,0,0,0,0,1,0,0,0,0,1,0,0
CUS_0x9a70,15264.39,1383.0325,1,4,5,0,14,10,0.9500000000000002,20,104.07,22.61820774575088,0.0,56.267036255123216,372.03621374487676,2024-03-01,2025-10-06 10:51:16.241,21,2,0,0,0,0,0,0,0,0,0,0,1,0,0,0,0,0,1,0,0,0,0,0,0,1
CUS_0x2bc4,26094.08,2120.5066666666667,7,5,11,3,18,9,1.6500000000000004,20,945.7,30.89700948816937,51.27956061036744,239.46533369305172,211.30577236324743,2024-03-01,2025-10-06 10:51:16.241,18,8,1,0,0,0,0,0,0,1,1,0,0,0,0,0,1,0,0,0,0,0,1,0,0,0
CUS_0xaac6,51938.04,4473.17,7,7,33,7,46,17,6.62,110,1638.92,32.00999447475538,196.37801898351228,100.94812242488457,389.99085859160317,2024-03-01,2025-10-06 10:51:16.241,16,6,1,1,0,0,1,1,0,0,1,1,0,0,0,0,0,1,0,0,0,1,0,0,0,0
CUS_0x48f2,18317.26,1664.563906756758,6,9,15,3,36,21,3.26,80,1611.27,36.396563944979455,92.21290262642708,37.00993218722206,360.7954250962593,2024-03-01,2025-10-06 10:51:16.241,8,0,0,0,0,0,1,1,0,0,0,1,0,0,0,0,0,1,0,0,1,0,0,0,0,0
CUS_0x49f5,9676.155,848.7254892759462,10,10,31,6,57,17,11.26,120,2065.06,24.599345102967305,97.90326984642893,28.820199441494445,274.9319164361305,2024-03-01,2025-10-06 10:51:16.241,5,9,1,1,1,0,1,0,1,1,0,1,0,0,0,0,0,0,1,1,0,0,0,0,0,0
CUS_0x574a,106444.68,9015.39,8,4,10,0,8,13,17.96,60,959.18,39.564835159503545,0.0,603.2025047261047,568.3364952738953,2024-03-01,2025-10-06 10:51:16.241,31,5,0,0,0,0,0,0,0,0,0,1,0,0,0,0,0,0,1,0,0,0,0,0,1,0
CUS_0x5981,10197.525,1015.79375,6,6,20,0,17,17,21.76,90,2625.54,31.717690492787472,31.71253295114389,43.64375399728082,316.2230880515753,2024-03-01,2025-10-06 10:51:16.241,14,5,1,0,0,1,0,0,1,1,0,1,0,0,0,0,0,0,1,0,0,0,1,0,0,0
CUS_0x6ae7,20837.54,1704.4616666666668,4,6,4,1,8,1,10.49,20,1160.42,25.09937310875303,16.868165543469207,114.34975528874678,299.22824583445066,2024-03-01,2025-10-06 10:51:16.241,23,8,0,0,0,0,0,0,0,0,1,0,1,0,0,1,0,0,0,1,0,0,0,0,0,0
CUS_0x906e,39608.9,3503.741666666667,6,5,31,9,57,18,4.96,90,2947.72,27.163511712970124,220.66147303436284,66.22746891213636,313.4852247201675,2024-03-01,2025-10-06 10:51:16.241,14,5,1,0,1,1,1,1,0,0,1,1,0,0,0,0,0,1,0,0,1,0,0,0,0,0
CUS_0x70d,15710.265,1152.18875,5,7,5,1,19,17,14.63,40,1012.23,27.83109322119629,10.607774436558833,41.76909106091289,322.8420095025283,2024-03-01,2025-10-06 10:51:16.241,16,0,0,0,0,0,0,0,0,1,0,1,0,0,0,0,1,0,0,1,0,0,0,0,0,0
CUS_0xac56,120889.62,10100.135,3,6,7,0,25,1,0.9699999999999998,30,1204.98,41.41234588020429,0.0,226.7611175461414,1033.252382453859,2024-03-01,2025-10-06 10:51:16.241,20,8,0,0,0,0,0,0,0,0,0,0,1,0,0,1,0,0,0,0,1,0,0,0,0,0
CUS_0xac7b,27288.85,2524.070833333333,5,3,5,4,9,8,19.85,60,1354.13,40.97400640355575,65.72813668134296,82.63918422474539,384.03976242724497,2024-03-01,2025-10-06 10:51:16.241,19,8,0,0,1,0,0,0,0,1,0,1,0,0,0,0,1,0,0,0,0,0,0,1,0,0
CUS_0x3844,133068.44,11063.036666666669,4,3,6,3,15,10,18.77,70,940.98,43.530430680313046,251.61640301399424,249.55502948467281,845.1322341679997,2024-03-01,2025-10-06 10:51:16.241,24,2,0,0,0,0,0,0,1,1,0,0,1,0,0,0,0,0,1,0,0,1,0,0,0,0
CUS_0x3a71,8865.63,670.8024999999999,8,972,16,3,9,10,10.22,70,7.64,35.521517307408146,13.338408342669158,56.86163988660083,276.88020177072997,2024-03-01,2025-10-06 10:51:16.241,11,6,1,0,1,0,0,0,0,0,0,0,0,0,0,0,1,0,0,0,0,0,0,0,0,1
CUS_0x5898,99469.74,8073.145,7,5,13,1,18,11,12.67,40,30.1,41.53766181620769,60.01434231550136,119.73032154023785,867.5698361442609,2024-03-01,2025-10-06 10:51:16.241,26,4,1,0,0,0,0,0,0,0,0,1,0,0,0,0,0,0,1,0,0,1,0,0,0,0
CUS_0xc39d,167883.84,13990.32,5,6,3,1,5,4,11.72,40,948.18,30.281590269939,86.95168097979112,560.8790226642642,1031.201296355945,2024-03-01,2025-10-06 10:51:16.241,30,9,0,0,0,0,0,0,0,1,0,0,1,0,0,1,0,0,0,0,0,0,0,1,0,0
CUS_0x15d5,72207.52,5881.293333333334,6,7,21,5,44,28,8.61,160,1803.68,33.78807101697706,287.62379206379217,284.32256410896457,276.1829771605767,2024-03-01,2025-10-06 10:51:16.241,13,4,0,1,0,0,1,0,1,0,1,1,0,0,0,0,0,1,0,1,0,0,0,0,0,0
CUS_0x7c6a,109472.91,9180.7425,3,5,7,3,28,15,3.93,70,1338.46,34.460682565864246,263.206252674893,305.86873929510136,598.9992580300058,2024-03-01,2025-10-06 10:51:16.241,22,11,1,0,0,0,1,1,0,0,0,0,1,0,0,0,1,0,0,0,1,0,0,0,0,0
CUS_0xaeb1,61707.72,4434.030627672607,10,10,27,4,37,9,19.84,150,1626.82,35.68449227394869,690.6418058670947,354.3777324809748,241.79083397932393,2024-03-01,2025-10-06 10:51:16.241,15,6,1,1,0,1,0,0,0,1,0,1,0,0,0,0,1,0,0,0,0,0,0,0,1,0
CUS_0x2346,58892.86,5106.738333333334,3,4,17,3,19,20,14.65,70,666.0,27.75277950131725,118.348231713117,243.6855311214983,428.6400704987181,2024-03-01,2025-10-06 10:51:16.241,33,4,0,0,1,0,0,0,1,0,1,0,0,0,0,0,1,0,0,0,0,0,0,1,0,0
CUS_0x4c5c,8766.58,830.5483333333333,7,10,32,6,51,20,29.16,130,4604.99,37.97643609657656,24.663530943778483,108.00447624849352,240.38682614106133,2024-03-01,2025-10-06 10:51:16.241,1,8,1,0,0,0,0,1,1,0,1,1,0,0,0,0,0,1,0,0,0,0,1,0,0,0
CUS_0x9871,85553.97,7223.4975,1,4,1,2,4,0,10.65,10,180.95,33.03243965338365,95.1054258716156,10000.0,549.471167140616,2024-03-01,2025-10-06 10:51:16.241,18,6,0,0,1,0,1,0,0,0,0,0,1,0,0,1,0,0,0,0,0,0,0,0,1,0
CUS_0xb92b,10357.485,1105.781182737125,9,7,27,0,27,20,4.52,70,2415.22,26.763186941055608,114.371075074366,67.81986616579293,281.4640010227164,2024-03-01,2025-10-06 10:51:16.241,17,0,1,1,1,0,1,0,1,0,1,1,0,0,0,0,0,1,0,0,0,0,1,0,0,0
CUS_0x9a3c,140770.16,11624.846666666665,8,6,12,0,8,6,9.83,40,1375.36,39.22919284147413,0.0,418.2072512434497,994.277415423217,2024-03-01,2025-10-06 10:51:16.241,25,3,0,0,0,0,0,0,0,0,0,1,0,0,0,0,1,0,0,0,1,0,0,0,0,0
CUS_0x9aa1,16517.795,1467.4829166666666,5,6,11,0,25,13,4.67,70,87.91,27.69237140575211,0.0,122.18853040234195,304.55976126432466,2024-03-01,2025-10-06 10:51:16.241,23,10,0,0,0,0,0,0,0,0,0,1,0,0,0,0,1,0,0,0,0,0,0,1,0,0
CUS_0xab37,70956.8,6064.066666666668,6,6,32,6,54,26,22.56,130,2503.49,33.68988136222228,271.60392872706814,537.2841381230261,77.51859981657242,2024-03-01,2025-10-06 10:51:16.241,7,3,0,0,1,1,1,1,1,0,0,1,0,0,0,0,0,0,1,0,0,0,0,1,0,0
CUS_0x2731,43885.43,3596.119166666667,1,2,11,2,13,8,1.99,0,168.53,30.813456262642184,51.65583324459252,123.5287602216913,434.42732320038283,2024-03-01,2025-10-06 10:51:16.241,30,1,0,0,0,0,0,0,0,1,1,0,1,0,0,1,0,0,0,0,1,0,0,0,0,0
CUS_0xba97,45033.54,3860.795,5,6,21,2,22,18,19.15,100,2381.98,33.782097797865745,57.85260773104784,153.87793115507554,424.3489611138767,2024-03-01,2025-10-06 10:51:16.241,17,8,1,0,0,0,0,0,0,0,1,1,0,0,0,0,1,0,0,0,1,0,0,0,0,0
CUS_0x915a,107545.2,9149.1,3,7,9,4,20,19,7.88,40,428.94,28.653784820834552,349.08320636230417,140.74603532544785,665.080758312248,2024-03-01,2025-10-06 10:51:16.241,20,11,0,0,1,1,1,1,0,0,0,1,0,0,0,0,1,0,0,0,0,1,0,0,0,0
CUS_0x9f51,9675.845,1062.3204166666665,8,10,34,8,51,17,17.17,90,4193.36,32.60483281615385,51.04384333814861,116.73459352431802,228.4536048042,2024-03-01,2025-10-06 10:51:16.241,11,0,1,1,1,0,0,0,1,1,1,1,0,0,0,0,0,1,0,0,0,0,1,0,0,0
CUS_0x487a,58728.06,4892.005,8,5,1661,5,10,18,0.0,80,1272.79,39.52702965331064,129.83282295866547,54.69151368371868,544.6761633576159,2024-03-01,2025-10-06 10:51:16.241,18,9,1,1,0,1,0,0,0,0,1,1,0,0,0,0,0,0,1,0,0,1,0,0,0,0
CUS_0x5e84,10339.53,747.6275,10,7,28,8,27,14,25.93,110,2681.84,36.80050481670711,65.86110878169755,35.063409735575114,263.83823148272734,2024-03-01,2025-10-06 10:51:16.241,8,0,0,1,0,1,1,1,1,1,0,1,0,0,0,0,0,1,0,0,0,0,1,0,0,0
CUS_0xac81,18096.155,1338.0129166666666,3,6,18,3,8,19,6.83,80,162.21,25.55834454420755,34.09269975586441,36.27826642488746,333.4303254859148,2024-03-01,2025-10-06 10:51:16.241,23,9,0,0,0,0,0,0,0,1,1,1,0,0,0,0,0,0,1,0,0,0,0,0,1,0
CUS_0x1e63,10025.2,1089.4333333333334,10,10,21,7,23,14,16.88,120,1409.58,33.96409431796656,41.43157633631988,145.68399446399133,211.82776253302217,2024-03-01,2025-10-06 10:51:16.241,15,10,0,1,1,1,0,0,1,0,0,1,0,0,0,0,1,0,0,0,0,0,1,0,0,0
CUS_0x6020,58012.88,5023.406666666667,7,4,8,6,16,19,10.34,50,168.33,31.88060946882505,181.0265825010552,149.81392708513727,375.66663085431054,2024-03-01,2025-10-06 10:51:16.241,18,9,1,0,0,0,1,0,1,0,1,1,0,0,0,0,1,0,0,0,0,0,0,1,0,0
CUS_0xa9b1,61437.0,5114.75,8,9,18,3,23,21,7.01,90,1405.26,33.547811858513924,126.79843268941316,119.95531113619244,514.7212561743944,2024-03-01,2025-10-06 10:51:16.241,11,3,0,0,0,0,1,0,0,1,1,1,0,0,0,0,0,1,0,0,0,0,0,0,0,1
CUS_0xb910,29644.12,2073.882743587481,8,3,18,1,27,20,9.87,50,17.72,40.032393152805575,14226.0,36.56339244474201,433.6346698515762,2024-03-01,2025-10-06 10:51:16.241,23,6,0,0,1,0,0,0,0,0,0,1,0,0,0,0,0,0,1,0,1,0,0,0,0,0
CUS_0x100b,113781.38999999998,9549.7825,1,4,1,0,14,8,8.34,40,1030.2,28.59294254083936,0.0,617.0792665202719,597.8989834797281,2024-03-01,2025-10-06 10:51:16.241,15,10,0,0,0,0,0,0,0,0,0,0,1,0,0,1,0,0,0,1,0,0,0,0,0,0
CUS_0x89c8,85480.41,6285.479818282674,2,5,9,2,13,3,10.96,50,1355.23,26.341215405972783,884.3934482571243,139.77914887925988,733.0518345809422,2024-03-01,2025-10-06 10:51:16.241,25,9,0,0,0,0,0,1,1,0,0,0,1,0,0,1,0,0,0,0,0,1,0,0,0,0
CUS_0xb37a,28062.39,2397.5325,5,5,7,1,25,1,9.74,30,839.85,31.48015186178215,14.835134835161696,81.36062180263329,413.557493362205,2024-03-01,2025-10-06 10:51:16.241,18,5,0,0,0,0,0,1,0,0,0,0,1,0,0,1,0,0,0,0,0,0,0,0,1,0
CUS_0xf84,17260.57,1347.3808333333334,3,3,18,7,13,15,12.36,110,1496.49,38.89098491920266,87.8714748095783,85.59696557281337,241.2696429509417,2024-03-01,2025-10-06 10:51:16.241,16,11,1,1,1,0,0,1,0,1,1,1,0,0,0,0,1,0,0,0,0,0,0,1,0,0
CUS_0x2b3b,58731.76,4599.3133333333335,5,3,14,0,7,15,12.92,40,1229.65,25.36889180555902,79.2212297648333,154.89429630373647,505.81580726476363,2024-03-01,2025-10-06 10:51:16.241,24,8,0,1,0,0,1,0,0,0,0,1,0,0,0,0,0,0,1,0,0,0,0,1,0,0
CUS_0xb1cc,93550.95,7847.912500000001,3,5,11,0,19,9,7.03,80,1272.54,37.62974442546591,0.0,126.89703180753881,897.8942181924614,2024-03-01,2025-10-06 10:51:16.241,18,2,0,0,0,0,0,0,0,0,0,1,0,0,0,0,0,0,1,0,0,1,0,0,0,0
CUS_0x4567,106215.04,8592.253333333332,6,4,9,0,27,13,13.71,100,1067.77,35.255675085539025,152.9557281490174,712.6611340375825,273.60847114673334,2024-03-01,2025-10-06 10:51:16.241,23,11,1,0,0,0,1,0,0,1,0,1,0,0,0,0,1,0,0,0,0,0,0,1,0,0
CUS_0x46db,74837.12,6261.426666666666,4,3,17,6,16,16,12.14,100,1527.44,32.54682348108081,362.25004086649176,457.65151675473214,86.24110904544273,2024-03-01,2025-10-06 10:51:16.241,7,2,1,0,0,1,1,0,1,0,0,1,0,0,0,0,0,0,1,0,0,0,0,1,0,0
CUS_0x7a01,17030.26,1625.188333333333,5,7,8,3,14,19,16.21,80,299.0,25.032335371759444,23.87142834474788,41.707375437538296,336.9400295510472,2024-03-01,2025-10-06 10:51:16.241,28,10,0,0,0,0,0,0,1,1,0,1,0,0,0,0,0,0,1,0,0,0,0,0,0,1
CUS_0x9d60,37743.72,3341.31,10,399,15,9,56,24,5.64,120,2319.84,27.414874968565268,176.26550932952424,80.46252270285154,337.40296796762425,2024-03-01,2025-10-06 10:51:16.241,8,8,1,0,0,1,0,0,1,1,1,1,0,0,0,0,0,1,0,1,0,0,0,0,0,0
CUS_0xd05,132537.24,10111.96257549539,3,2,12,1,12,1,0.69,10,382.04,36.55721365178388,780.3175742811828,762.7394903521832,539.9273598712422,2024-03-01,2025-10-06 10:51:16.241,30,0,1,0,0,0,0,0,0,0,0,0,1,0,0,1,0,0,0,0,0,0,0,1,0,0
CUS_0x1931,20590.48,1704.8733333333332,6,6,32,9,62,19,7.85,100,2097.73,34.70242124628172,129.6836618145737,106.99469973630102,193.8089717824586,2024-03-01,2025-10-06 10:51:16.241,9,0,1,1,1,1,1,1,0,1,1,1,0,0,0,0,0,1,0,1,0,0,0,0,0,0
CUS_0x33dc,8555.805,528.98375,6,10,22,5,56,22,3.85,90,2953.79,24.632045157460663,29.05021774883632,16.79456526549639,257.0535919856673,2024-03-01,2025-10-06 10:51:16.241,11,2,0,0,0,1,1,0,1,0,1,1,0,0,0,0,0,1,0,0,1,0,0,0,0,0
CUS_0x78c2,93169.92,7794.16,6,7,18,172,6,12,19.62,20,1110.09,24.25779771604215,112.34029768600637,1009.5720854231328,844.0269915405441,2024-03-01,2025-10-06 10:51:16.241,27,2,1,0,0,0,0,0,0,1,0,1,0,0,0,0,1,0,0,0,0,0,1,0,0,0
CUS_0x7edd,22246.44,1721.87,4,6,20,2,25,15,11.04,30,8.2,30.249331429404467,28.446054890660324,106.8585676992575,354.34572311399023,2024-03-01,2025-10-06 10:51:16.241,22,6,0,0,1,0,0,0,1,0,0,0,1,0,0,0,1,0,0,0,0,0,1,0,0,0
CUS_0x92f,37404.67,3344.0558333333333,0,5,1,1,18,9,3.09,60,1292.8,35.697578333872144,25.52060507255868,39.07720001535082,519.8077782454238,2024-03-01,2025-10-06 10:51:16.241,33,3,0,0,0,1,0,0,0,0,0,0,0,0,0,1,0,0,0,0,1,0,0,0,0,0
CUS_0x19c9,14542.3,1480.8583333333331,6,9,22,6,27,18,15.22,80,4479.0,34.83054103339056,63.11198958207201,131.40925621245972,233.56458753880156,2024-03-01,2025-10-06 10:51:16.241,1,2,0,1,0,0,1,1,0,1,0,1,0,0,0,0,0,1,0,0,0,0,0,1,0,0
CUS_0x7ae,87714.58,7483.548333333332,3,7,11,4,15,7,3.97,40,53.4,24.00143071968589,263.655490992143,629.3056771720878,135.39366516910252,2024-03-01,2025-10-06 10:51:16.241,16,9,0,0,1,0,1,0,0,1,1,0,1,0,0,0,0,0,1,0,0,0,0,1,0,0
CUS_0x991f,118462.56,9702.88,2,399,2,2,0,8,3.81,50,1404.39,27.75227727663632,128.9411293572658,671.5721586963451,449.77471194638906,2024-03-01,2025-10-06 10:51:16.241,28,7,1,0,0,0,0,0,0,1,0,0,1,0,0,1,0,0,0,0,0,0,0,1,0,0
CUS_0xb222,77641.56,6180.13,4,6,20,4,7,2570,11.3,170,2619.62,40.69405073672181,182.85013003855343,172.19099156030475,542.9718784011418,2024-03-01,2025-10-06 10:51:16.241,13,0,0,0,0,0,1,1,0,0,1,1,0,0,0,0,1,0,0,0,0,0,0,1,0,0
CUS_0xc59e,73584.0,6205.0,6,8,19,9,46,24,27.67,70,4645.81,28.22726382437274,424.5087693715284,169.97767710485908,286.01355352361253,2024-03-01,2025-10-06 10:51:16.241,2,9,0,1,1,0,0,1,1,0,0,1,0,0,0,0,0,1,0,1,0,0,0,0,0,0
CUS_0x70bf,10620.46,759.6470822047528,6,5,11,1,20,17,3.36,10,1014.29,30.33566783745777,49.76691225102248,62.773460622621506,300.05471158826987,2024-03-01,2025-10-06 10:51:16.241,24,4,0,0,0,0,0,0,0,1,0,0,1,0,0,0,1,0,0,0,0,0,1,0,0,0
CUS_0x41b2,74142.96,5909.580000000001,0,2,12,3,11,0,2.45,40,954.72,27.32899926525805,164.89444354903756,563.1544173561177,520.7094355679153,2024-03-01,2025-10-06 10:51:16.241,25,8,0,0,0,1,0,0,1,0,1,0,1,0,0,1,0,0,0,1,0,0,0,0,0,0
CUS_0x9ff3,40403.35,3340.945833333333,1,5,3,2,11,12,0.9400000000000004,30,303.23,25.87952730656417,55.22566878546754,442.46719879218637,126.40171575567943,2024-03-01,2025-10-06 10:51:16.241,16,2,0,1,0,0,1,0,0,0,0,0,1,0,0,0,0,0,1,0,0,0,1,0,0,0
CUS_0x78fe,44729.8,3728.4833333333336,5,4,6,0,8,10,2.82,30,512.83,31.714362680637,0.0,122.87498552178535,499.973347811548,2024-03-01,2025-10-06 10:51:16.241,26,0,0,0,0,0,0,0,0,0,0,0,1,0,0,1,0,0,0,0,1,0,0,0,0,0
CUS_0x9d62,60340.08,4327.369160894408,2,5,3,3,14,8,11.0,10,638.7,22.84816931716078,577.3940267838433,575.7488410112658,65.66197131048318,2024-03-01,2025-10-06 10:51:16.241,18,8,1,1,0,0,0,1,0,0,0,0,0,0,0,1,0,0,0,0,0,0,1,0,0,0
CUS_0xaca6,89388.72,7695.06,4,6,6,1,6,8,9.55,0,1030.1,32.0699951622064,64.35336648298865,707.9486361984419,267.20399731856946,2024-03-01,2025-10-06 10:51:16.241,32,0,0,0,0,0,0,1,0,0,0,0,1,0,0,1,0,0,0,0,0,0,0,0,1,0
CUS_0xbee4,19769.99,1426.499166666667,6,5,23,5,19,12,19.38,150,1641.97,28.688061980890748,81.97653726307796,10000.0,257.1914395868827,2024-03-01,2025-10-06 10:51:16.241,7,9,0,1,1,0,1,0,0,1,0,1,0,0,0,0,1,0,0,0,0,0,0,1,0,0
CUS_0xc4a7,104045.91,8718.4925,5,7,9,2,19,9,18.61,60,1.33,33.963789883718825,93.709234474788,139.88085315018913,888.2591623750229,2024-03-01,2025-10-06 10:51:16.241,20,0,1,0,0,0,0,1,0,0,0,1,0,0,0,0,0,0,1,0,1,0,0,0,0,0
CUS_0x23d6,172074.88,14238.573333333336,2,6,11,3,11,10,11.6,50,59.21,36.75025290294249,391.62936955658967,227.67543453678,1054.552529239964,2024-03-01,2025-10-06 10:51:16.241,22,0,1,0,0,0,0,0,0,1,0,0,1,0,0,1,0,0,0,0,1,0,0,0,0,0
CUS_0x3b11,35854.31,2737.8591666666666,7,4,5264,5,21,17,13.52,80,162.45,23.163353572413016,125.8709499689923,79.48816773499493,348.42679896267936,2024-03-01,2025-10-06 10:51:16.241,7,4,0,1,0,1,0,1,0,0,1,1,0,0,0,0,1,0,0,0,0,0,0,1,0,0
CUS_0x3e2e,9365.44,617.4533333333334,9,5,22,4,20,9,7.28,120,1776.8,33.0876938567048,17.842008163423433,76.44601496554886,257.4573102043611,2024-03-01,2025-10-06 10:51:16.241,14,9,0,0,1,1,0,0,1,1,0,1,0,0,0,0,1,0,0,0,0,0,1,0,0,0
CUS_0xa4ad,125079.04,10197.253333333332,6,7,17,1,9,19,10.14,60,1029.08,34.34742718270768,88.81097797690062,142.7462138092659,1028.1681415471667,2024-03-01,2025-10-06 10:51:16.241,18,9,0,0,0,0,0,1,0,0,0,0,1,0,0,0,1,0,0,0,0,1,0,0,0,0
CUS_0xa6e4,42941.85000000001,3311.487500000001,6,9,26,3,43,17,13.92,70,2328.67,33.072853730113536,97.91556457857914,112.21646368817235,371.0167217332486,2024-03-01,2025-10-06 10:51:16.241,11,3,0,0,1,0,0,1,0,1,0,1,0,0,0,0,1,0,0,0,1,0,0,0,0,0
CUS_0x5375,29617.7,2358.141666666667,4,779,6,2,12,7,10.7,30,761.16,27.621981708120103,27.04113969899029,83.57519160366955,395.1978353640069,2024-03-01,2025-10-06 10:51:16.241,18,8,0,1,1,0,0,0,0,0,0,0,1,0,0,0,0,0,1,0,0,0,0,0,1,0
CUS_0x59c1,62927.92,4943.993333333333,7,5,31,4,21,18,9.32,60,2379.02,24.49092413004417,193.8113754727132,216.9389579391041,379.4501594643608,2024-03-01,2025-10-06 10:51:16.241,17,4,0,0,0,1,0,1,0,0,1,1,0,0,0,0,1,0,0,0,0,0,0,0,1,0
CUS_0x6a4d,20501.72,1619.476666666667,7,9,16,8,49,15,5.97,80,2024.36,35.473182495680696,72.73705941902902,118.26234157292431,240.94826567471333,2024-03-01,2025-10-06 10:51:16.241,15,10,1,1,0,1,1,1,0,1,0,1,0,0,0,0,0,1,0,0,0,0,0,0,1,0
CUS_0xa8ec,126217.6,9015.652514400528,8,7,14,1,12,7,5.34,50,1000.98,33.64873058298181,1486.3258082494085,123.37488057000412,1097.7934634467254,2024-03-01,2025-10-06 10:51:16.241,18,5,1,0,0,0,0,0,0,0,0,0,1,0,0,0,1,0,0,0,1,0,0,0,0,0
CUS_0x144c,15948.285,1625.02375,4,4,5,3,8,9,3.42,60,1068.42,38.7493658781141,23.8132113210086,29.66795636359964,359.02120731539185,2024-03-01,2025-10-06 10:51:16.241,25,2,0,1,0,0,0,1,0,1,0,0,1,0,0,1,0,0,0,0,1,0,0,0,0,0
CUS_0x5a48,51410.98,4012.248333333334,4,7,16,0,8,13,1.49,60,743.41,27.572058895353685,0.0,178.0219732599551,503.20286007337836,2024-03-01,2025-10-06 10:51:16.241,27,2,0,0,0,0,0,0,0,0,0,0,1,0,0,0,1,0,0,0,0,0,0,1,0,0
CUS_0x7e61,116428.12,9740.343333333332,5,4,8,1,6,0,1.69,10,463.59,42.491405617179886,61.1320484527866,68.28037024476635,1084.6219146357803,2024-03-01,2025-10-06 10:51:16.241,23,5,0,0,0,0,0,1,0,0,0,0,1,0,0,1,0,0,0,0,0,1,0,0,0,0
CUS_0x81d6,34762.98,2841.9150000000004,8,8,15,6,48,26,21.630000000000006,90,3069.01,35.042698756551324,131.56411721573087,64.36568871773432,338.26169406653486,2024-03-01,2025-10-06 10:51:16.241,3,8,0,1,1,0,0,0,0,1,1,1,0,0,0,0,0,1,0,0,1,0,0,0,0,0
CUS_0x651d,40372.5,3466.375,5,4,11,4,7,10,13.63,110,1000.07,37.647166508731225,73.99500613770283,53.47795648987976,469.16453737241744,2024-03-01,2025-10-06 10:51:16.241,9,0,1,1,0,1,0,0,0,0,0,1,0,0,0,0,0,0,1,0,1,0,0,0,0,0
CUS_0x9941,113652.12,9388.01,4,2,4,2,7,7,8.01,10,316.56,36.51432998876909,171.25035182971232,264.965093253874,762.5855549164139,2024-03-01,2025-10-06 10:51:16.241,16,7,1,0,0,1,0,0,0,0,0,0,1,0,0,1,0,0,0,1,0,0,0,0,0,0
CUS_0xc045,30622.73,2366.384851759552,4,2,11,4,12,3,4.87,10,383.33,36.7607809850506,225.8448066862273,77.76488691128377,366.2890379762706,2024-03-01,2025-10-06 10:51:16.241,29,11,0,0,1,0,0,1,1,0,1,0,1,0,0,1,0,0,0,0,0,0,0,0,0,1
CUS_0x2d82,26411.81,1911.8332469161533,5,6,6,4,26,16,11.78,60,1223.3,26.45418940437049,140.6105748925786,47.779450917092355,348.7593106075092,2024-03-01,2025-10-06 10:51:16.241,29,4,1,0,0,0,0,0,0,1,1,0,1,0,0,1,0,0,0,1,0,0,0,0,0,0
CUS_0x79c5,132727.92,10954.660000000002,4,7,5,0,7,17,17.66,60,1286.07,33.16572976571368,79.7933962905698,443.46516557667917,822.2074381327513,2024-03-01,2025-10-06 10:51:16.241,15,10,0,0,0,0,0,0,1,0,0,1,0,0,0,0,1,0,0,0,1,0,0,0,0,0
CUS_0x8121,64688.84,5654.736666666668,6,10,30,7,28,16,19.34,120,3552.52,37.634246061900704,221.64201869790887,362.5207618057285,241.31088616302932,2024-03-01,2025-10-06 10:51:16.241,11,0,1,0,0,0,1,1,1,0,0,1,0,0,0,0,0,1,0,1,0,0,0,0,0,0
CUS_0xbda9,68845.08,5570.09,10,7,20,6,28,20,2.7,110,1498.12,39.29107876325297,12661.0,54.43748011976963,442.316384798833,2024-03-01,2025-10-06 10:51:16.241,15,9,0,1,0,1,1,1,1,0,0,1,0,0,0,0,0,1,0,0,0,1,0,0,0,0
CUS_0xc2c5,9221.27,794.4391666666667,7,9,23,6,47,19,21.41,120,3707.9,30.973972235327025,28.84743450390632,54.478477649500654,256.1180045132597,2024-03-01,2025-10-06 10:51:16.241,12,8,0,1,1,0,1,0,1,0,1,1,0,0,0,0,0,1,0,1,0,0,0,0,0,0
CUS_0x5af6,123915.99,10336.3325,3,6,8,2,2,2,8.37,80,1394.91,28.345467905991093,156.98814732983217,220.73071366953386,895.9143890006342,2024-03-01,2025-10-06 10:51:16.241,17,0,0,0,0,0,0,0,1,1,0,0,1,0,0,1,0,0,0,0,0,1,0,0,0,0
CUS_0x5e89,88348.8,7090.4000000000015,3,5,15,0,10,14,1.7,90,261.93,27.40136151978604,0.0,288.0456058273882,670.9943941726118,2024-03-01,2025-10-06 10:51:16.241,26,3,0,0,0,0,0,0,0,0,0,1,0,0,0,0,1,0,0,0,1,0,0,0,0,0
CUS_0x19cc,77257.64,6237.136666666666,0,4,7,2,15,9,3.67,40,199.5,28.69734447002505,77.97074430271775,159.78446766882738,645.9584546951215,2024-03-01,2025-10-06 10:51:16.241,28,9,0,0,1,0,1,0,0,0,0,0,1,0,0,0,0,0,1,1,0,0,0,0,0,0
CUS_0x34d7,36821.0,3344.416666666666,1169,6,7,0,10,15,2.04,80,551.85,35.79637677382709,80983.0,60.78933380191918,523.6523328647475,2024-03-01,2025-10-06 10:51:16.241,27,0,0,0,0,0,0,0,0,0,0,0,1,0,0,0,0,0,1,0,1,0,0,0,0,0
CUS_0xa294,39558.72,3043.56,9,7,13,3,30,9,9.5,40,957.41,25.83700339084986,89.41511035879782,141.21670607913626,343.72418356206595,2024-03-01,2025-10-06 10:51:16.241,19,6,0,0,1,0,0,1,1,0,0,1,0,0,0,0,1,0,0,0,0,0,0,0,1,0
CUS_0x5a2d,16490.75,1616.229166666667,8,10,22,9,38,24,4.83,130,2394.72,39.14369008857822,87.79010564611919,51.59521472471704,282.2375962958305,2024-03-01,2025-10-06 10:51:16.241,8,6,1,0,1,1,0,1,0,1,1,1,0,0,0,0,0,1,0,1,0,0,0,0,0,0
CUS_0x5c06,32244.75,2555.0625,8,7,12,1,28,9,16.03,90,1001.48,36.25814190981117,22.353725572019105,30.248109208003672,452.90441521997724,2024-03-01,2025-10-06 10:51:16.241,30,6,0,1,0,0,0,0,0,0,0,1,0,0,0,0,1,0,0,0,1,0,0,0,0,0
CUS_0x8da8,10037.855,849.4879166666666,4,5,3089,4,6,18,13.99,70,1665.09,26.81081158675931,54301.0,43.536899663714955,310.72093609122885,2024-03-01,2025-10-06 10:51:16.241,10,5,1,0,1,0,0,0,1,0,0,1,0,0,0,0,1,0,0,0,0,0,1,0,0,0
CUS_0x94f4,40196.9,3139.0425724561437,2,5,7,1,0,13,14.07,40,613.9,33.80697707970189,272.69762999584054,87.2639418176793,490.81168906367105,2024-03-01,2025-10-06 10:51:16.241,20,0,0,0,0,0,0,0,1,0,0,0,1,0,0,0,0,0,1,1,0,0,0,0,0,0
CUS_0x8ac0,71608.12,6029.343333333332,2,3,10,4,2,1,3.61,50,643.24,39.97822848325844,122.47845360083832,359.09691142855445,401.3589683039407,2024-03-01,2025-10-06 10:51:16.241,18,10,0,1,0,0,1,0,0,0,1,0,1,0,0,1,0,0,0,0,0,0,0,1,0,0
CUS_0x1b21,134928.36000000002,11197.03,1,5,6,0,14,11,7.25,70,587.0,38.59693286613346,0.0,372.6163777106369,1027.0866222893633,2024-03-01,2025-10-06 10:51:16.241,21,5,0,0,0,0,0,0,0,0,0,0,1,0,0,0,0,0,1,0,0,0,0,1,0,0
CUS_0x294d,19480.04,1365.3366666666668,3,4,23,6,11,13,0.0,90,2552.49,22.963193520937985,96.29274734549978,46.45839147189352,263.78252784927344,2024-03-01,2025-10-06 10:51:16.241,6,10,1,1,0,0,1,0,0,0,1,1,0,0,0,0,0,0,1,0,0,0,0,0,1,0
CUS_0x624c,15125.64,1311.47,3,4,28,2,8,20,17.79,90,2312.67,34.300654868274215,24.446454920823545,33.94497506763158,332.75557001154493,2024-03-01,2025-10-06 10:51:16.241,13,2,0,0,1,0,0,0,1,0,0,1,0,0,0,0,1,0,0,1,0,0,0,0,0,0
CUS_0xaeda,55444.56,4815.38,10,7,17,6,40,17,2.73,120,1310.68,29.45589106989594,171.90826771273657,10000.0,367.3137297516136,2024-03-01,2025-10-06 10:51:16.241,15,10,1,0,1,1,0,0,1,0,1,1,0,0,0,0,0,1,0,0,1,0,0,0,0,0
CUS_0x5f61,25454.67,2058.2225,4,3,7,0,24,15,1.61,50,256.91,38.95571603070557,0.0,108.74571800468641,377.07653199531364,2024-03-01,2025-10-06 10:51:16.241,31,2,0,0,0,0,0,0,0,0,0,0,1,0,0,0,1,0,0,0,0,0,0,1,0,0
CUS_0x8ca7,86093.4,6885.45,5,3,8,2,15,2,15.79,10,1386.36,34.011043608153074,120.23934099952604,474.98244645426087,353.32321254621314,2024-03-01,2025-10-06 10:51:16.241,16,5,1,0,0,0,0,0,1,0,0,0,1,0,0,1,0,0,0,1,0,0,0,0,0,0
CUS_0x3757,32176.68,2399.39,9,8,27,0,62,20,10.06,160,2464.3,39.52246298431857,59.07279097095978,63.10485614815471,387.76135288088545,2024-03-01,2025-10-06 10:51:16.241,7,10,1,0,0,1,0,1,0,0,1,1,0,0,0,0,1,0,0,0,0,0,0,0,1,0
CUS_0x2f1c,71131.53,6148.6275,7,8,16,6,28,23,8.86,50,1168.61,33.00186733654225,222.43347262551384,61.28656100596258,571.1427163685237,2024-03-01,2025-10-06 10:51:16.241,19,4,0,1,1,0,1,1,0,1,0,1,0,0,0,0,0,0,1,0,0,1,0,0,0,0
CUS_0x7edc,40896.9,3347.0750000000007,5,3,18,3,6,13,10.19,70,365.97,35.317162836442826,101.52166755929638,150.5597456208827,352.626086819821,2024-03-01,2025-10-06 10:51:16.241,27,5,1,1,0,0,0,0,0,0,0,1,0,0,0,0,1,0,0,0,0,0,0,0,1,0
CUS_0x8814,33518.12,2879.1766666666667,6,9,23,7,43,13,15.18,100,1743.43,31.614574295879365,79403.0,370.95477326872617,41.31827605265471,2024-03-01,2025-10-06 10:51:16.241,18,9,1,1,0,0,1,1,1,0,0,1,0,0,0,0,0,0,1,0,0,0,0,0,0,1
CUS_0xa78f,65844.86,5363.071666666667,7,4,10,7,18,14,8.23,80,1460.73,31.653490048856085,199.63576314826025,226.15120737451932,360.5201961438871,2024-03-01,2025-10-06 10:51:16.241,19,6,1,0,1,1,1,1,1,0,0,1,0,0,0,0,1,0,0,0,1,0,0,0,0,0
CUS_0x46c3,16257.915,1435.82625,3,7,2,0,19,16,4.03,30,1452.65,35.227851441157505,0.0,46.34509447058012,347.23753052941987,2024-03-01,2025-10-06 10:51:16.241,22,2,0,0,0,0,0,0,0,0,0,0,1,0,0,0,1,0,0,0,1,0,0,0,0,0
CUS_0xc6fa,29648.86,2229.2656720865534,3,5,15,3,5,20,17.93,110,614.03,35.344921086536814,340.69471848649096,43.36021482861205,405.0915612650104,2024-03-01,2025-10-06 10:51:16.241,29,11,0,1,0,0,1,0,1,0,0,1,0,0,0,0,1,0,0,0,1,0,0,0,0,0
CUS_0x91f6,41810.62,3765.2183333333337,4,7,7,2,5,14,10.47,30,1219.91,35.340177998195855,64.20206389751202,265.68417095816267,316.6355984776587,2024-03-01,2025-10-06 10:51:16.241,15,11,0,0,0,1,0,0,0,0,0,0,1,0,0,0,1,0,0,0,0,0,0,0,1,0
CUS_0x96c3,30261.67,2455.479851003874,3,5,5,3,10,18,6.48,40,595.94,31.957245268635827,183.76486964495288,52.625594759490184,387.1161012583496,2024-03-01,2025-10-06 10:51:16.241,22,3,0,0,1,0,0,0,1,1,0,0,0,0,0,1,0,0,0,0,1,0,0,0,0,0
CUS_0x929d,43426.9,3497.9083333333333,1,6,2,4,7,7,8.35,60,0.95,32.84555131641529,98.63146392889104,155.28357418482642,435.00942961774126,2024-03-01,2025-10-06 10:51:16.241,32,3,0,1,0,0,1,0,0,1,1,0,1,0,0,0,0,0,1,0,1,0,0,0,0,0
CUS_0x76e2,73365.72,6194.81,6,7,100,5,21,17,19.94,40,2395.39,32.69320453640251,278.9142407277546,230.8213041078978,389.7454551643477,2024-03-01,2025-10-06 10:51:16.241,7,2,1,0,1,1,0,1,0,0,0,1,0,0,0,0,0,0,1,0,0,0,0,1,0,0
CUS_0x8c36,16437.83,1399.8527309359188,9,7,30,6,29,22,18.25,110,4632.72,38.91398327506468,87.77534060390086,134.82492251924356,222.7480892742701,2024-03-01,2025-10-06 10:51:16.241,13,8,0,0,1,0,1,0,1,1,0,1,0,0,0,0,0,1,0,0,0,0,1,0,0,0
CUS_0xa06,36791.9,2772.991666666667,6,958,20,3,26,19,1.6,40,145.6,38.57370585098119,57.30150931559734,30.619596611788864,439.3780607392805,2024-03-01,2025-10-06 10:51:16.241,24,0,0,0,0,0,0,1,1,0,1,0,1,0,0,0,1,0,0,0,1,0,0,0,0,0
CUS_0xbd7c,20922.34,1926.5283333333327,7,6,18,3,26,13,8.6,70,363.49,26.865666904047995,40.81664088642086,22.051392129125613,369.78480031778685,2024-03-01,2025-10-06 10:51:16.241,32,11,0,0,0,1,0,1,0,1,0,1,0,0,0,0,1,0,0,0,0,1,0,0,0,0
CUS_0x38a2,8545.26,1008.105,8,9,31,6,15,20,19.74,80,4953.93,35.460884393683635,26.492389375240307,94.0037118570698,250.3143987676899,2024-03-01,2025-10-06 10:51:16.241,10,8,1,0,1,1,0,1,0,0,0,1,0,0,0,0,0,1,0,0,0,0,0,0,1,0
CUS_0x9a18,40517.81,3215.484166666666,1,2,2,1,4,10,5.47,0,1491.23,38.36030465177206,25.059561734064918,174.9848672621254,381.50398767047636,2024-03-01,2025-10-06 10:51:16.241,30,11,0,0,1,0,0,0,0,0,0,0,1,0,0,1,0,0,0,1,0,0,0,0,0,0
CUS_0x6aeb,83669.52,6869.46,8,6,17,3,16,9,15.22,40,1234.99,27.438645219875387,179.52553770894218,535.7971697364858,241.62329255457212,2024-03-01,2025-10-06 10:51:16.241,17,0,0,1,0,1,0,0,1,0,0,1,0,0,0,0,1,0,0,0,0,0,0,0,1,0
CUS_0x7aae,60860.10000000001,4803.675,8,6,30,2,4,11,17.09,100,2635.35,29.68213622642385,94.2466623861492,205.37173764736144,460.7490999664894,2024-03-01,2025-10-06 10:51:16.241,10,2,1,0,0,0,1,0,0,0,0,1,0,0,0,0,1,0,0,0,0,0,0,1,0,0
CUS_0xb66f,9748.985,610.4154166666667,10,9,25,2,48,13,8.47,150,2283.16,31.980256198166146,16.096925335740067,63.512977653470344,271.43163867745625,2024-03-01,2025-10-06 10:51:16.241,18,10,0,0,0,1,0,0,0,0,0,1,0,0,0,0,1,0,0,0,0,0,1,0,0,0
CUS_0x47fe,7085.39,611.7348825737962,9,7,16,6,51,18,22.03,100,3988.68,22.92132522583387,82.70339407128904,82.25107891775423,248.6047277704937,2024-03-01,2025-10-06 10:51:16.241,13,8,0,0,1,1,0,1,1,1,0,1,0,0,0,0,0,1,0,0,0,0,1,0,0,0
CUS_0x4b4,7112.665,753.7220833333333,9,8,16,6,22,24,27.68,120,4649.87,39.6155563065731,25.96556898583236,26.62311831082404,272.7835210366769,2024-03-01,2025-10-06 10:51:16.241,7,3,0,0,1,0,0,1,1,1,1,1,0,0,0,0,0,0,1,0,1,0,0,0,0,0
CUS_0x454f,129299.0,10765.916666666666,1,2,6,0,13,3,1.24,60,736.18,37.01970483468946,0.0,205.6609995737883,1130.9306670928786,2024-03-01,2025-10-06 10:51:16.241,31,3,0,0,0,0,0,0,0,0,0,0,1,0,0,1,0,0,0,1,0,0,0,0,0,0
CUS_0xb5da,57697.74000000001,4683.145,7,6,6,1,29,17,19.14,30,550.27,37.616822107613984,40.93886145050345,160.4440117263116,516.9316268231851,2024-03-01,2025-10-06 10:51:16.241,27,6,0,0,1,0,0,0,0,0,0,1,0,0,0,0,0,0,1,0,1,0,0,0,0,0
CUS_0xb646,36685.74,2807.145,6,7,24,9,27,17,14.9,140,3524.86,36.90750498004333,18869.0,100.40138871475418,199.90031771489757,2024-03-01,2025-10-06 10:51:16.241,11,5,1,1,1,1,1,0,1,0,0,1,0,0,0,0,0,1,0,0,0,0,1,0,0,0
CUS_0xb481,20014.91,1376.9091666666666,8,7,18,5,30,25,21.56,70,2513.52,32.438988164481835,59.24475279001607,96.6697002290456,261.776463647605,2024-03-01,2025-10-06 10:51:16.241,2,8,0,1,0,1,0,1,0,0,0,1,0,0,0,0,0,1,0,0,0,0,0,1,0,0
CUS_0xc586,15093.63,1479.8025,10,10,26,7,48,18,17.41,120,2684.55,29.81306671957645,54.67387656069775,124.76435035719841,258.54202308210387,2024-03-01,2025-10-06 10:51:16.241,10,5,0,1,0,0,0,1,1,1,1,1,0,0,0,0,0,1,0,0,0,0,1,0,0,0
CUS_0x9620,8242.335,652.8612499999998,7,9,29,6,40,22,9.9,130,2604.83,32.74699098784336,72193.0,49.602629837700974,260.7203915780321,2024-03-01,2025-10-06 10:51:16.241,19,2,0,1,1,1,0,1,0,0,1,1,0,0,0,0,0,1,0,0,0,0,0,0,1,0
CUS_0x9e39,7919.535,875.96125,3,10,23,6,25,15,17.49,80,2498.07,33.23440835144804,30.35606744259657,10000.0,304.31896372643456,2024-03-01,2025-10-06 10:51:16.241,16,3,0,1,1,1,0,1,0,1,0,1,0,0,0,0,1,0,0,0,0,0,1,0,0,0
CUS_0xb2a4,32755.49,2765.624166666667,4,5,2,3,14,12,5.99,80,1265.91,31.361681356160265,54.53842411161511,101.32689348778266,410.697099067269,2024-03-01,2025-10-06 10:51:16.241,23,5,0,0,0,1,0,1,0,0,0,0,1,0,0,1,0,0,0,0,0,0,1,0,0,0
CUS_0xb5bb,30352.72,2573.393333333333,8,8,23,7,45,23,2.55,100,2391.17,24.97499381533511,154.45734271610402,22.067635324384707,320.8143552928446,2024-03-01,2025-10-06 10:51:16.241,20,1,1,1,0,0,0,0,1,0,1,1,0,0,0,0,0,0,1,0,0,1,0,0,0,0
CUS_0x6a9e,69601.24,5908.1033333333335,7,7,29,5,27,10,15.25,100,2562.29,35.081568553655146,247.9727698283793,148.99621886446312,443.8413446404909,2024-03-01,2025-10-06 10:51:16.241,7,2,0,0,1,0,0,1,1,1,0,1,0,0,0,0,0,0,1,0,1,0,0,0,0,0
CUS_0x8848,62756.2,5194.683333333333,10,10,17,8,47,16,16.38,120,3711.23,29.48089804354972,323.6167062990746,182.24469417336223,293.6069328608965,2024-03-01,2025-10-06 10:51:16.241,4,4,0,1,1,1,0,1,1,1,0,1,0,0,0,0,0,0,1,0,0,0,0,1,0,0
CUS_0x2653,19517.56,1535.4633333333334,7,10,23,6,25,16,14.19,60,2673.82,25.35544864549821,70.90498386456632,41.44913434714576,301.19221512162125,2024-03-01,2025-10-06 10:51:16.241,15,11,0,1,1,0,0,1,0,1,0,1,0,0,0,0,0,0,1,1,0,0,0,0,0,0
CUS_0x53e8,9863.53,1038.9608333333335,6,7,29,8,21,21,25.06,90,4706.9,27.807425448811077,45.42488737072966,90.48614592475984,257.98505003784385,2024-03-01,2025-10-06 10:51:16.241,5,0,1,1,1,0,1,1,0,0,0,1,0,0,0,0,0,1,0,0,0,0,1,0,0,0
CUS_0x6831,28256.16,2500.68,8,7,22,9,19,21,8.95,110,1721.83,29.57817080287422,195.86718095696972,184.05987367671275,160.14094536631745,2024-03-01,2025-10-06 10:51:16.241,10,8,1,0,1,1,1,0,0,0,1,1,0,0,0,0,0,1,0,0,0,0,0,0,0,1
CUS_0x9485,21949.16,1927.0966666666664,4,6,4,0,2,8,4.53,60,1420.73,39.20683254910347,0.0,62.23769343594049,390.4719732307262,2024-03-01,2025-10-06 10:51:16.241,33,4,0,0,0,0,0,0,0,0,0,0,1,0,0,0,0,0,1,1,0,0,0,0,0,0
CUS_0x5e3f,33137.28,2978.44,7,10,26,9,45,19,23.71,100,3581.22,28.65959836122402,177.40738388988635,216.89849819807802,173.5381179120356,2024-03-01,2025-10-06 10:51:16.241,8,3,1,1,1,0,1,1,0,0,1,1,0,0,0,0,0,1,0,0,0,0,0,0,1,0
CUS_0x6510,21671.53,1465.4447442663693,6,7,11,2,30,13,15.59,0,1420.13,28.15207288182588,199.2192918729093,88.68901408336994,345.0038664440182,2024-03-01,2025-10-06 10:51:16.241,32,11,1,0,1,0,0,0,0,0,0,1,0,0,0,0,1,0,0,0,0,0,1,0,0,0
CUS_0xb9ec,28835.68,2373.973333333333,2,5,8,4,14,7,1.87,50,1068.87,29.31879810293577,76419.0,10000.0,337.314621561547,2024-03-01,2025-10-06 10:51:16.241,28,4,1,0,0,0,0,1,0,0,1,0,1,0,0,1,0,0,0,0,0,0,1,0,0,0
CUS_0x12cb,45188.52,3868.7100000000014,9,10,22,7,44,20,10.45,110,1960.28,30.69063148859857,154.35745842806455,150.50010605555238,342.0134355163832,2024-03-01,2025-10-06 10:51:16.241,15,5,1,0,0,0,0,1,1,0,0,1,0,0,0,0,1,0,0,1,0,0,0,0,0,0
CUS_0x86b0,31439.74,2227.860407994725,9,9,25,5,28,19,13.25,90,4207.63,27.347372384290143,318.68439044372536,10000.0,272.932437289423,2024-03-01,2025-10-06 10:51:16.241,6,9,1,1,1,0,0,0,0,0,1,1,0,0,0,0,0,0,1,0,0,0,1,0,0,0
CUS_0x8984,154493.88,13023.49,2,4,11,4,14,6,7.41,30,577.39,36.30981858252734,328.06511144120566,710.3263566701532,523.9575318886413,2024-03-01,2025-10-06 10:51:16.241,17,0,0,0,1,1,0,1,0,0,0,0,1,0,0,1,0,0,0,1,0,0,0,0,0,0
CUS_0xacf1,17161.57,1585.1308333333334,6,3,9,4,25,11,10.06,110,743.2,30.96875603337453,47.25462667053961,122.42369082971693,278.8347658330768,2024-03-01,2025-10-06 10:51:16.241,17,6,1,1,0,0,0,1,0,0,1,1,0,0,0,0,1,0,0,0,0,0,1,0,0,0
CUS_0x1871,83237.52,7162.46,8,7,16,7,12,11,0.0,80,2652.42,38.30530113645422,419.60743466996325,693.6982039537573,410.51574363038316,2024-03-01,2025-10-06 10:51:16.241,18,9,1,1,1,0,1,0,0,0,0,1,0,0,0,0,1,0,0,0,0,0,0,1,0,0
CUS_0xce2,7979.775,531.9812499999998,7,10,25,7,15,2954,11.32,70,2211.7,26.70953670269538,38.2765191850101,21.346568157637588,283.5750376573523,2024-03-01,2025-10-06 10:51:16.241,10,4,0,1,1,1,1,1,0,1,0,1,0,0,0,0,0,0,1,0,0,0,1,0,0,0
CUS_0x2f9b,17397.56,1681.7966666666669,9,10,15,6,47,20,17.62,90,1435.6,34.397345793949576,21139.0,87.67642525613864,291.1978641056204,2024-03-01,2025-10-06 10:51:16.241,19,2,1,0,0,1,1,0,0,0,1,1,0,0,0,0,0,1,0,0,0,0,0,1,0,0
CUS_0x3b3b,19595.95,1683.127517051273,7,8,16,9,47,25,6.44,80,1287.97,24.672765122808823,131.16311262789455,39.26406637133726,252.14072061616216,2024-03-01,2025-10-06 10:51:16.241,12,10,1,1,1,1,0,1,1,0,1,0,0,0,0,0,0,1,0,0,1,0,0,0,0,0
CUS_0x5161,83403.2,6825.266666666666,9,8,25,6,55,20,11.03,60,1668.73,26.73445713944993,287.1935286177884,447.32311258869566,383.1399525947898,2024-03-01,2025-10-06 10:51:16.241,19,10,1,0,0,0,1,1,1,0,1,1,0,0,0,0,0,1,0,0,1,0,0,0,0,0
CUS_0xa336,55735.62,4939.635,7,4,14,3,6,13,5.289999999999999,10,48.86,39.3456574837256,122.9193556886471,71.11876464445723,539.9253796668957,2024-03-01,2025-10-06 10:51:16.241,25,4,0,0,0,1,0,1,0,1,0,0,1,0,0,0,0,0,1,0,0,1,0,0,0,0
CUS_0x111c,71809.76,6168.1466666666665,7,7,17,8,52,15,1.58,70,4439.92,34.46230520977181,297.91768403000606,91.859365807689,467.0376168289717,2024-03-01,2025-10-06 10:51:16.241,6,11,1,1,0,1,1,0,1,1,1,1,0,0,0,0,0,0,1,0,0,1,0,0,0,0
CUS_0xa64d,30117.42,2312.785,7,7,29,3,55,8,10.69,110,1512.32,33.598085391791905,51.14064749348076,10000.0,374.3461768865065,2024-03-01,2025-10-06 10:51:16.241,6,0,0,1,1,0,0,0,0,0,0,1,0,0,0,0,1,0,0,0,1,0,0,0,0,0
CUS_0xafeb,15910.33,1111.8608333333334,8,8,21,9,16,16,15.26,80,4760.65,30.943032129283885,117.30105086642772,31.14113680589993,212.74389566100567,2024-03-01,2025-10-06 10:51:16.241,14,2,1,1,1,0,0,0,0,1,1,1,0,0,0,0,0,0,1,0,1,0,0,0,0,0
CUS_0xb40d,15509.99,1364.4991666666667,6,9,18,5,42,19,23.58,100,2820.81,33.82546870711026,68466.0,175.5809752368026,213.16700693481158,2024-03-01,2025-10-06 10:51:16.241,1,8,0,1,0,0,1,1,0,1,0,1,0,0,0,0,0,1,0,0,0,0,1,0,0,0
CUS_0xb498,7476.3,636.025,6,8,27,2,15,8,11.58,80,2085.35,38.56227241457149,9.718145236683451,58.607304189179935,275.27705057413664,2024-03-01,2025-10-06 10:51:16.241,13,0,0,0,1,0,0,1,0,0,0,1,0,0,0,0,0,0,1,0,0,0,0,1,0,0
CUS_0xaa8d,70544.38,4976.102799845236,1,7,10,0,0,11,0.0,10,30.36,39.478353711613394,620.5955334880972,205.98203557407075,643.6877977592626,2024-03-01,2025-10-06 10:51:16.241,22,4,0,0,0,0,0,0,0,0,0,0,1,0,0,1,0,0,0,0,0,0,1,0,0,0
CUS_0xb26,8898.785,973.5654166666668,9,5,30,0,24,17,9.36,140,1292.14,34.64008689279036,54.34008368394616,50.72810717569782,282.2883508070227,2024-03-01,2025-10-06 10:51:16.241,8,10,0,1,0,1,1,1,1,1,0,1,0,0,0,0,0,1,0,0,0,0,1,0,0,0
CUS_0xa5c2,37824.96,2837.103752697834,3,6,3,4,14,12,3.09,30,568.59,24.115905608471245,382.1898664168457,48.21745086858668,396.9769300167336,2024-03-01,2025-10-06 10:51:16.241,27,5,1,1,0,0,0,0,0,0,1,0,1,0,0,0,0,0,1,0,1,0,0,0,0,0
CUS_0x672c,19569.27,1736.7725,10,6,33,5,32,20,26.03,70,3902.74,28.6120698546451,64.0249791829084,114.75292228392792,264.8993485331637,2024-03-01,2025-10-06 10:51:16.241,0,11,0,0,1,0,0,0,1,1,0,0,0,0,0,0,0,1,0,0,0,0,0,0,1,0
CUS_0x2425,67204.1,5333.341666666667,0,6,12,2,14,6,0.78,20,1085.23,25.286238851707736,86.31030761486845,182.6285054520126,554.3953535997857,2024-03-01,2025-10-06 10:51:16.241,23,9,0,0,0,0,0,0,0,0,1,0,1,0,0,1,0,0,0,0,0,0,1,0,0,0
CUS_0x614d,9302.125,835.1770833333335,7,8,17,7,16,26,28.32,70,4056.54,26.354027722675397,34.36879649356504,36.158844284774005,302.9900675549943,2024-03-01,2025-10-06 10:51:16.241,5,2,1,1,1,0,1,0,0,1,1,1,0,0,0,0,0,0,1,0,0,0,1,0,0,0
CUS_0x6883,28287.18,2236.265,4,4,2,1,8,12,6.87,10,1010.16,26.70065595307077,15.159223831780109,259.38780413896717,239.07947202925263,2024-03-01,2025-10-06 10:51:16.241,17,11,0,1,0,0,0,0,0,0,0,0,1,0,0,0,0,0,1,0,0,0,1,0,0,0
CUS_0x8b96,82454.0,7024.166666666668,6,7,16,6,53,15,24.94,110,3085.36,34.32880214164629,234.70333948843123,274.21699804815825,473.4963291300773,2024-03-01,2025-10-06 10:51:16.241,4,6,1,0,0,0,1,0,1,0,0,1,0,0,0,0,0,1,0,0,0,0,0,1,0,0
CUS_0xa8e6,28562.06,2610.1716666666666,9,5,32,9,52,16,21.99,130,3623.97,23.925096858184816,200.70564981758943,144.35062643468112,205.9608904143961,2024-03-01,2025-10-06 10:51:16.241,10,2,0,1,1,0,1,1,1,1,1,1,0,0,0,0,0,1,0,0,0,0,1,0,0,0
CUS_0x5f43,29964.04,2223.7398889132733,6,494,12,3,14,14,5.73,40,116.39,28.54012902078326,258.7692837165706,92.46913100509191,337.0253630317313,2024-03-01,2025-10-06 10:51:16.241,33,6,0,1,1,0,1,0,0,0,0,0,0,0,0,0,1,0,0,0,1,0,0,0,0,0
CUS_0x810,68470.86,5884.905,7,4,12,5,18,12,18.49,100,965.14,36.30424054952328,226.9156155697618,60.340715934893744,541.2341684953444,2024-03-01,2025-10-06 10:51:16.241,16,10,1,0,0,0,1,1,0,0,0,1,0,0,0,0,1,0,0,0,0,1,0,0,0,0
CUS_0x1204,18829.82,1578.1516666666666,8,8,24,4,23,6,12.36,130,1752.02,28.93620104070208,34.90700760005657,145.31630497463223,282.95022071375047,2024-03-01,2025-10-06 10:51:16.241,9,0,1,0,0,1,0,0,0,1,1,1,0,0,0,0,1,0,0,0,0,0,0,0,1,0
CUS_0x7df,14406.71,1236.559166666667,6,7,32,7,67,21,1.61,140,1286.9,34.86039612852841,53.55003158035459,119.52863568006552,240.57724940624652,2024-03-01,2025-10-06 10:51:16.241,17,6,1,0,1,1,1,1,0,0,1,1,0,0,0,0,0,1,0,0,0,0,1,0,0,0
CUS_0x581e,59907.78,4851.315,5,3,629,2,31,16,11.23,0,719.35,38.21044254882772,67.25811455191668,224.93035323277007,452.94303221531317,2024-03-01,2025-10-06 10:51:16.241,30,2,1,0,0,1,0,0,0,0,0,0,1,0,0,0,1,0,0,1,0,0,0,0,0,0
CUS_0x99c9,65804.68,5639.723333333332,8,4,5,4,22,16,21.69,10,1068.77,27.153503848731088,181.6034831916116,433.2858801674989,239.0829699742228,2024-03-01,2025-10-06 10:51:16.241,31,10,0,1,0,0,0,1,1,0,0,1,0,0,0,0,1,0,0,0,0,0,1,0,0,0
CUS_0x31e8,14363.25,1092.9375,10,7,19,7,43,23,17.76,60,1758.22,36.69354411530238,39760.0,62.38480916873521,261.6874435537709,2024-03-01,2025-10-06 10:51:16.241,13,8,0,1,1,0,1,0,1,1,1,1,0,0,0,0,0,1,0,0,0,0,1,0,0,0
CUS_0x485d,17678.47,1194.2058333333334,6,6,29,4,27,17,12.09,120,2440.65,36.64340752780333,31.32115353522986,158.76172729175155,219.33770250635197,2024-03-01,2025-10-06 10:51:16.241,10,6,0,1,0,1,0,0,1,0,0,1,0,0,0,0,0,1,0,0,0,0,1,0,0,0
CUS_0x9dbc,42514.56,3780.88,7,9,31,7,16,17,23.96,110,3653.14,30.09403682555452,143.1792860449392,135.82692468095786,349.08178927410296,2024-03-01,2025-10-06 10:51:16.241,11,0,1,1,1,1,0,0,1,0,1,1,0,0,0,0,0,1,0,0,1,0,0,0,0,0
CUS_0x6809,41209.68,3413.14,6,7,31,7,48,22,9.23,100,1801.46,36.56453917728621,127.74772013762036,10000.0,365.36032944846846,2024-03-01,2025-10-06 10:51:16.241,7,3,1,1,1,0,1,1,0,0,0,1,0,0,0,0,0,1,0,0,0,1,0,0,0,0
CUS_0xc1c,32123.85,2951.9875,1,3,9,1,8,4,4.84,30,106.9,28.66659221935543,15.007509256043305,165.10024473565232,375.0909960083043,2024-03-01,2025-10-06 10:51:16.241,29,9,0,0,0,0,0,0,0,1,0,0,1,0,0,0,0,0,1,1,0,0,0,0,0,0
CUS_0x558d,17408.23,1397.6858333333332,6,3,16,6,27,13,14.51,80,1658.2,24.56325272697434,58.58963398172959,77.2540591607324,293.92489019087134,2024-03-01,2025-10-06 10:51:16.241,7,6,0,0,0,1,0,1,1,1,1,1,0,0,0,0,1,0,0,0,0,0,1,0,0,0
CUS_0x7292,19199.49,1649.9575000000002,3,1,4,2,3,6,4.11,30,399.44,37.52594415462136,31.85522003344796,121.92810690740404,281.21242305914797,2024-03-01,2025-10-06 10:51:16.241,26,6,0,0,0,0,0,1,0,0,1,0,1,0,0,1,0,0,0,0,0,0,0,0,1,0
CUS_0x9da0,15153.54,1108.795,8,5,26,6,56,16,18.1,110,2660.07,31.384828227926068,61.79987176884573,97.9808214121322,241.09880681902212,2024-03-01,2025-10-06 10:51:16.241,8,11,1,1,0,1,0,1,1,0,1,1,0,0,0,0,0,1,0,0,0,0,1,0,0,0
CUS_0x4e24,151373.04,12901.42,1,7,6,2,11,0,11.81,80,931.64,37.45219774808689,199.6630542958877,247.95166352760597,1082.5272821765066,2024-03-01,2025-10-06 10:51:16.241,18,8,0,0,0,1,0,0,0,0,1,0,0,0,0,0,0,0,1,0,0,1,0,0,0,0
CUS_0xb426,18140.94,1780.745,7,10,17,7,42,9,16.45,110,2302.31,28.256247598858145,65.25437862812386,69.23209316914138,303.5880282027348,2024-03-01,2025-10-06 10:51:16.241,17,10,1,0,0,1,1,1,1,0,0,1,0,0,0,0,1,0,0,0,0,0,0,0,0,1
CUS_0x3d42,70582.0,5643.833333333332,8,5,31,0,23,14,6.35,90,1963.24,26.838613616601023,96.26348532603676,206.9556087981179,521.1642392091787,2024-03-01,2025-10-06 10:51:16.241,9,0,0,0,0,0,1,1,0,0,0,1,0,0,0,0,1,0,0,1,0,0,0,0,0,0
CUS_0x439a,164401.8,13674.15,4,1,10,1,15,10,2.44,30,790.78,44.95801491064328,110.25752673787804,488.84819630330725,1048.3092769588147,2024-03-01,2025-10-06 10:51:16.241,25,2,0,0,0,0,1,0,0,0,0,0,1,0,0,0,0,0,1,0,0,0,0,1,0,0
CUS_0xe94,66732.58,5845.048333333332,0,2,3,0,8,8,3.64,50,244.07,30.047594377878184,0.0,47.79960516935672,776.7052281639766,2024-03-01,2025-10-06 10:51:16.241,19,5,0,0,0,0,0,0,0,0,0,0,1,0,0,1,0,0,0,0,0,1,0,0,0,0
CUS_0x2717,14836.74,1151.395,5,5,2,4,17,1,8.99,20,832.06,31.610921399370014,36.91088386118013,152.0240177717991,216.2045983670208,2024-03-01,2025-10-06 10:51:16.241,26,4,0,1,1,1,0,0,1,0,0,0,1,0,0,1,0,0,0,0,0,0,1,0,0,0
CUS_0x3ccf,36127.64,2722.6366666666668,2,5,3621,0,0,5,2.8,10,770.1,32.59743031617991,47602.0,80.4998458479323,451.76382081873436,2024-03-01,2025-10-06 10:51:16.241,25,4,0,0,0,0,0,0,0,0,0,0,0,0,0,1,0,0,0,1,0,0,0,0,0,0
CUS_0x987d,21060.63,1484.0525,5,6,20,4,21,12,10.73,70,1072.32,25.44145773691248,42.825854360812784,160.33890145653078,235.24049418265645,2024-03-01,2025-10-06 10:51:16.241,16,9,0,1,0,0,1,1,0,0,1,0,0,0,0,0,1,0,0,0,0,0,1,0,0,0
CUS_0xac60,131235.75,11085.3125,3,4,4,4,3,7,2.09,40,1048.29,42.1447586128093,343.3022949455576,168.72785024411684,846.5011048103256,2024-03-01,2025-10-06 10:51:16.241,22,8,0,0,1,0,0,1,0,0,1,0,1,0,0,1,0,0,0,0,1,0,0,0,0,0
CUS_0x407c,29570.45,2389.204166666667,0,4,1,4,14,1,6.2,0,194.21,28.58455012839516,62.25754575439618,55.218831711485656,371.4440392007849,2024-03-01,2025-10-06 10:51:16.241,25,7,0,1,0,1,0,1,0,0,0,0,1,0,0,0,0,0,1,0,1,0,0,0,0,0
CUS_0x7a29,59843.06999999999,4979.9225,6,6,32,8,31,16,16.71,90,2597.91,37.32514247783604,373.64803574226914,186.66131491028182,207.68289934744914,2024-03-01,2025-10-06 10:51:16.241,2,0,0,0,1,0,0,1,0,1,1,1,0,0,0,0,0,1,0,0,0,0,0,0,1,0
CUS_0x7bc9,68900.64,5835.72,7,4,10,4,8,14,10.8,60,1420.04,30.047800133509103,148.99749491216878,41.17353358278653,633.4009715050448,2024-03-01,2025-10-06 10:51:16.241,18,4,1,0,1,0,0,1,0,0,0,0,1,0,0,0,1,0,0,0,0,1,0,0,0,0
CUS_0xaea6,9185.545,567.4620833333332,7,6,22,4,12,12,11.91,40,2018.85,22.56665751066832,29.99716517633324,60.566386038192746,248.71056535085026,2024-03-01,2025-10-06 10:51:16.241,9,10,0,0,1,0,0,1,1,1,0,1,0,0,0,0,1,0,0,0,0,0,0,1,0,0
CUS_0x7f31,69388.26,5543.355,2,4,6,0,8,1,8.16,50,819.98,40.37836231978087,0.0,212.23271248607674,719.0133528160083,2024-03-01,2025-10-06 10:51:16.241,22,2,0,0,0,0,0,0,0,0,0,0,1,0,0,1,0,0,0,0,1,0,0,0,0,0
CUS_0x84a6,22157.27,1834.4391666666668,6,6,19,4,27,11,14.37,80,1345.58,31.68972118984034,64.04102513873751,50.250314134423405,326.90273736682695,2024-03-01,2025-10-06 10:51:16.241,12,6,1,0,0,1,0,1,0,0,1,1,0,0,0,0,1,0,0,0,1,0,0,0,0,0
CUS_0x9c9c,32827.25,2828.604166666666,5,5,5,3,16,9,13.82,90,1271.28,34.36350275753255,49.53508236018678,376.4736635175757,146.8516707889042,2024-03-01,2025-10-06 10:51:16.241,27,3,0,0,0,0,1,0,1,1,0,1,0,0,0,0,1,0,0,0,0,0,1,0,0,0
CUS_0xa1cc,79050.88,6676.573333333334,6,8,21,7,25,22,5.15,160,1570.89,29.70101366476485,331.7693104808956,348.78711875126726,257.10090410117056,2024-03-01,2025-10-06 10:51:16.241,13,5,1,1,0,1,0,0,1,1,0,1,0,0,0,0,0,1,0,0,0,0,0,0,1,0
CUS_0xffd,41398.44,3749.87,8,7,13,6,23,11,12.07,70,1701.88,39.91665516863056,182.97664945291527,42.57571978536272,389.434630761722,2024-03-01,2025-10-06 10:51:16.241,18,9,1,1,0,0,0,0,1,1,0,1,0,0,0,0,1,0,0,0,0,1,0,0,0,0
CUS_0x12af,33799.36,2944.613333333333,5,3,19,4,15,13,22.35,50,173.76,28.18336167434736,75.09807764471795,235.3823394199225,253.98091626869288,2024-03-01,2025-10-06 10:51:16.241,6,11,1,0,0,1,1,0,0,0,0,1,0,0,0,0,1,0,0,0,0,0,0,0,1,0
CUS_0x5336,101723.52,8608.96,8,5,15,3,22,18,13.61,40,526.56,22.6066636760366,134.5816707081861,790.5421138738823,215.77221541793162,2024-03-01,2025-10-06 10:51:16.241,18,9,0,0,1,0,0,1,0,0,0,0,0,0,0,0,0,0,1,0,0,0,0,1,0,0
CUS_0x55c5,51370.17,4042.8475,7,5,15,2,32,17,12.03,70,1769.76,41.13266215652322,67.59260455066932,248.87658904563602,347.8155564036947,2024-03-01,2025-10-06 10:51:16.241,8,9,0,0,1,0,0,0,1,0,0,1,0,0,0,0,0,0,1,1,0,0,0,0,0,0
CUS_0x6117,17570.58,1194.215,8,7,5,3,18,8,8.77,100,884.54,31.07999974437568,42.47517657869404,12.918204336487742,314.0281190848183,2024-03-01,2025-10-06 10:51:16.241,15,2,0,1,0,0,1,0,0,0,1,0,0,0,0,0,1,0,0,0,1,0,0,0,0,0
CUS_0x68a5,75982.74,6045.895,8,62,8,2,17,9,11.4,10,1015.84,34.732699883328586,88.68458199848726,79.42510924647497,676.4798087550378,2024-03-01,2025-10-06 10:51:16.241,21,2,1,0,1,0,0,0,0,0,0,1,0,0,0,0,0,0,1,0,0,1,0,0,0,0
CUS_0x8efa,21075.36,1904.28,3,1,5,2,13,5,2.53,60,1498.02,24.23813297839403,19.347311476689374,53.87767296763379,367.20301555567687,2024-03-01,2025-10-06 10:51:16.241,29,8,0,0,1,0,0,0,0,0,0,0,1,0,0,0,0,0,1,0,1,0,0,0,0,0
CUS_0xb23c,142106.96,11621.246666666664,6,3,19,0,25,17,6.46,20,551.73,29.85618749684796,0.0,1066.7319605904836,365.3927060761828,2024-03-01,2025-10-06 10:51:16.241,22,10,0,0,0,0,0,0,0,0,0,0,1,0,0,0,0,0,1,0,0,0,0,0,1,0
CUS_0x9661,17426.71,1745.2258333333332,5,4,10,7,21,8,9.18,120,2353.61,34.33071177405227,79.42162949672975,31.564938835316447,303.5360150012871,2024-03-01,2025-10-06 10:51:16.241,8,8,0,1,1,1,1,1,0,1,1,0,0,0,0,0,1,0,0,0,0,1,0,0,0,0
CUS_0x9dd7,106666.2,8873.85,6,6,12,5,12,15,15.09,60,1288.06,38.57334903191104,317.94944328949686,479.36420618111504,686.2871964862226,2024-03-01,2025-10-06 10:51:16.241,15,9,0,0,0,1,1,1,1,1,0,0,0,0,0,0,1,0,0,0,1,0,0,0,0,0
CUS_0x2308,19286.26,1703.188333333333,9,9,20,6,34,19,28.01,140,4019.02,33.11877808443523,66.33474976688943,42.86272012072314,321.1213634457208,2024-03-01,2025-10-06 10:51:16.241,9,11,1,1,1,1,0,0,0,0,1,1,0,0,0,0,0,1,0,1,0,0,0,0,0,0
CUS_0x78ce,54904.1,4839.341666666666,7,7,7,2,8,15,2.81,20,737.62,28.74588235873853,79381.0,507.45411250182093,204.28474737382217,2024-03-01,2025-10-06 10:51:16.241,23,10,1,0,1,0,0,0,0,0,0,0,1,0,0,1,0,0,0,0,0,0,1,0,0,0
CUS_0x9425,20314.65,1903.2354626048389,8,4,5,6,22,16,13.61,50,1483.15,30.21608615426905,104.30726199377466,17.418280840916044,334.6152445604705,2024-03-01,2025-10-06 10:51:16.241,7,9,0,0,1,1,1,0,1,1,0,1,0,0,0,0,0,0,1,0,0,1,0,0,0,0
CUS_0xaf93,97889.1,8205.425,1,7,9,3,5,4,15.6,70,1334.64,37.90689543616757,132.44385815170506,120.95013787145835,817.1485039768365,2024-03-01,2025-10-06 10:51:16.241,18,5,1,1,0,0,0,0,0,1,0,0,0,0,0,1,0,0,0,0,1,0,0,0,0,0
CUS_0x379e,36742.54,2893.8783333333336,3,6,9,4,22,14,19.73,90,1149.65,27.796485688345957,80.43489216058977,260.84023191603626,238.11270925670738,2024-03-01,2025-10-06 10:51:16.241,6,4,0,1,0,0,1,0,0,0,1,1,0,0,0,0,1,0,0,0,0,0,1,0,0,0
CUS_0x67a3,60330.12,4952.51,6,5,26,3,26,13,8.97,140,2572.66,37.07684201013346,98.3479168571268,493.4573217085916,193.4457614342817,2024-03-01,2025-10-06 10:51:16.241,18,11,0,1,0,0,1,0,1,0,0,1,0,0,0,0,0,0,1,0,0,0,1,0,0,0
CUS_0xab2f,26760.95,2254.079166666667,4,4,9,2,5,10,16.310000000000002,30,244.29,26.537321743184943,34.26639594910129,43.15144803020548,397.99007268736,2024-03-01,2025-10-06 10:51:16.241,19,5,1,0,0,0,0,0,1,0,0,1,0,0,0,0,1,0,0,0,0,0,0,0,0,1
CUS_0xb51d,40174.36,3638.863333333333,5,3,12,2,10,20,12.32,20,539.96,33.31382171590137,64.401314509871,10000.0,448.0622693674761,2024-03-01,2025-10-06 10:51:16.241,18,8,0,0,1,0,0,0,0,0,0,0,0,0,0,0,1,0,0,0,0,1,0,0,0,0
CUS_0x470e,15723.515,1173.2929166666663,6,7,8,2,30,20,17.98,120,700.2,33.63017609300948,20.89883028417313,15.66175187712696,330.76870950536664,2024-03-01,2025-10-06 10:51:16.241,22,10,0,0,0,0,0,1,1,0,0,1,0,0,0,0,1,0,0,0,1,0,0,0,0,0
CUS_0xc4f4,129561.96,10827.83,2,3,11,3,26,1,6.65,20,0.54,38.38491657998868,220.58772757615367,133.65634784701263,968.538924576834,2024-03-01,2025-10-06 10:51:16.241,33,6,0,0,0,0,0,0,1,1,0,0,1,0,0,1,0,0,0,0,0,1,0,0,0,0
CUS_0x4d50,145931.88,12017.99,4,3,8,4,18,10,10.54,10,1279.09,27.333997881693737,314.482093551559,563.3032088907787,604.0136975576621,2024-03-01,2025-10-06 10:51:16.241,27,3,1,0,1,0,1,1,0,0,0,0,1,0,0,1,0,0,0,0,0,0,0,1,0,0
CUS_0xb681,39641.54,3007.461666666666,10,8,25,6,61,13,2.46,80,2258.73,34.84904970443735,172.38252735862687,149.26780615872963,249.09583314931018,2024-03-01,2025-10-06 10:51:16.241,9,3,1,1,0,0,0,1,0,1,1,1,0,0,0,0,0,1,0,0,0,0,0,0,1,0
CUS_0x544f,28585.38,2336.115,9,7,19,2,56,19,9.62,90,2423.96,25.11688063195005,43.833294231299725,133.0898123858954,346.68839338280486,2024-03-01,2025-10-06 10:51:16.241,17,4,0,0,0,1,1,0,0,0,0,1,0,0,0,0,0,1,0,0,0,0,1,0,0,0
CUS_0x6dc6,15319.52,1514.6266666666668,1,7,5,3,13,9,2.0,60,208.96,36.54194244589005,29.878416140156357,68.11001772060607,333.47423280590425,2024-03-01,2025-10-06 10:51:16.241,24,5,1,1,0,0,0,0,0,0,0,0,1,0,0,0,0,0,1,0,0,0,0,1,0,0
CUS_0x34d2,24095.19,1821.729671629239,7,6,16,3,16,13,9.18,40,1263.77,29.29007990206682,223.1367830301406,21.570311106197394,363.5889842344229,2024-03-01,2025-10-06 10:51:16.241,18,10,0,0,0,0,0,1,0,1,1,1,0,0,0,0,1,0,0,0,0,1,0,0,0,0
CUS_0x4f43,7908.0,533.0,8,10,17,7,36,14,17.4,130,3716.31,35.56698465398346,30.306459807207013,45.85167082975943,267.14186936303355,2024-03-01,2025-10-06 10:51:16.241,6,3,1,0,0,1,1,1,0,0,0,1,0,0,0,0,0,0,1,0,0,0,1,0,0,0
CUS_0x8018,49937.4,3670.800283726882,3,3,7,2,20,8,18.53,40,1069.53,33.52133419988245,455.86731448974336,379.883968179635,250.8434336037399,2024-03-01,2025-10-06 10:51:16.241,16,5,0,0,0,0,1,0,0,1,0,1,0,0,0,0,1,0,0,0,0,0,0,0,1,0
CUS_0x8bf3,18836.23,1280.6858333333332,6,8,16,6,31,19,14.26,140,1310.56,25.719392747426067,49.55783694491861,106.82986820691514,261.6808781814996,2024-03-01,2025-10-06 10:51:16.241,8,3,0,0,0,1,1,0,0,1,1,1,0,0,0,0,0,1,0,0,0,0,1,0,0,0
CUS_0xa27a,49790.5,4060.208333333333,6,5,15,2,27,9,3.34,40,1021.5,32.045021997058136,63.07841790498636,98.907775904574,484.0346395237729,2024-03-01,2025-10-06 10:51:16.241,17,2,0,1,0,0,0,0,0,0,0,0,1,0,0,0,1,0,0,0,0,1,0,0,0,0
CUS_0x475f,101399.13,8535.9275,1,3,2,2,18,4,3.97,40,1061.06,43.57789209150285,132.67489652058006,103.60059285444204,857.3172606249777,2024-03-01,2025-10-06 10:51:16.241,25,0,1,0,0,1,0,0,0,0,0,0,1,0,0,1,0,0,0,0,0,1,0,0,0,0
CUS_0x7087,32228.67,2819.603374504596,7,6,8,4,27,10,12.0,40,940.36,31.942424720185308,176.20487228625268,10000.0,347.3396086376388,2024-03-01,2025-10-06 10:51:16.241,32,9,0,1,1,0,0,0,0,0,0,0,0,0,0,0,1,0,0,0,1,0,0,0,0,0
CUS_0x8002,21596.82,2020.735,5,3,5,1,1,8,2.11,0,1403.39,23.831252989728853,9.742872375709254,168.6047065251304,313.72592109916036,2024-03-01,2025-10-06 10:51:16.241,30,10,0,0,0,0,0,0,1,0,0,0,1,0,0,1,0,0,0,0,0,0,1,0,0,0
CUS_0xc163,40327.22,3595.601666666667,5,5,7,0,13,0,7.87,40,1073.76,26.86094156926575,0.0,113.91894810928726,495.6412185573794,2024-03-01,2025-10-06 10:51:16.241,22,0,0,0,0,0,0,0,0,0,0,0,0,0,0,1,0,0,0,0,1,0,0,0,0,0
CUS_0x525f,62953.95,5544.1625,7,8,15,8,37,19,18.08,60,2829.92,25.61278157258597,757.2510952485155,164.299050427005,325.6276273334838,2024-03-01,2025-10-06 10:51:16.241,6,11,0,1,0,0,0,1,1,1,1,1,0,0,0,0,0,1,0,0,1,0,0,0,0,0
CUS_0x5b5a,40894.22,3221.851666666667,5,5,4272,0,5,0,3.07,40,1243.45,27.313502382670077,0.0,111.33892206518287,460.8462446014838,2024-03-01,2025-10-06 10:51:16.241,33,4,0,0,0,0,0,0,0,0,0,0,1,0,0,1,0,0,0,0,1,0,0,0,0,0
CUS_0x957e,20620.64,1763.3866666666663,9,9,32,9,35,19,24.16,100,4962.47,27.623996284274263,126.7835556875852,146.23390215539857,193.32120882368287,2024-03-01,2025-10-06 10:51:16.241,6,10,0,1,1,1,1,0,0,1,1,1,0,0,0,0,0,1,0,0,0,0,1,0,0,0
CUS_0x96d9,57588.9,5098.075,3,4,5,3,14,3260,3.0700000000000003,10,288.34,38.51643859758381,115.5773715415152,288.5655417014668,385.66458675701807,2024-03-01,2025-10-06 10:51:16.241,32,8,0,0,1,1,0,1,0,0,0,0,1,0,0,0,1,0,0,0,0,0,0,1,0,0
CUS_0xa772,56451.8,4813.316666666667,4,6,7,463,12,18,12.47,70,1210.96,35.204109835002406,190.64576173375752,359.0591486920755,221.6267562408337,2024-03-01,2025-10-06 10:51:16.241,10,2,1,1,0,0,1,1,0,0,0,1,0,0,0,0,1,0,0,0,0,0,1,0,0,0
CUS_0x2e91,70926.06,5741.505,7,7,10,2,13,19,9.79,60,332.75,32.45098261177715,67.18577693138073,297.2373640767463,479.7273589918731,2024-03-01,2025-10-06 10:51:16.241,29,10,0,0,1,0,0,0,0,0,1,0,1,0,0,0,1,0,0,0,0,0,0,0,1,0
CUS_0x7304,31700.08,2710.6733333333336,10,7,29,8,54,15,25.48,160,4031.88,29.73924115373275,189.41402880233915,34.629794983219085,287.0235095477751,2024-03-01,2025-10-06 10:51:16.241,2,8,0,0,1,1,0,1,1,1,1,1,0,0,0,0,0,0,1,0,0,1,0,0,0,0
CUS_0xbc38,90135.03,7298.2525,6,4,6,1,29,8,11.82,60,785.9,40.87004203785117,43.77843641381103,115.12960886042579,810.9172047257631,2024-03-01,2025-10-06 10:51:16.241,19,5,0,0,0,1,0,0,0,0,0,0,1,0,0,1,0,0,0,0,0,1,0,0,0,0
CUS_0xc1c6,134504.68,11187.723333333332,0,2,1337,1,7,7,3.21,80,1193.54,38.421464856388624,72.81102835172382,181.34660001241383,1104.6147049691956,2024-03-01,2025-10-06 10:51:16.241,32,10,0,0,1,0,0,0,0,0,0,0,1,0,0,1,0,0,0,0,0,1,0,0,0,0
CUS_0xadd7,71690.42,6001.201666666668,1,3,4,4,0,2589,2.24,50,1217.03,39.986318857077706,180.25054627668288,613.4770866223554,523.9354836618779,2024-03-01,2025-10-06 10:51:16.241,16,11,0,0,1,0,0,1,1,0,0,0,1,0,0,1,0,0,0,0,0,0,0,0,0,1
CUS_0x12fc,128450.32,10943.193333333336,1,5,4,3,8,2,6.66,40,23.79,29.21807000248537,161.48753156568546,845.0663810926379,367.7654206750102,2024-03-01,2025-10-06 10:51:16.241,30,9,0,0,0,1,0,1,1,0,0,0,0,0,0,1,0,0,0,0,0,0,0,1,0,0
CUS_0x48ee,23756.68,1730.7233333333334,8,7,7,0,24,11,16.37,20,612.93,33.887069919985464,0.0,72.0371776023555,361.0351557309778,2024-03-01,2025-10-06 10:51:16.241,20,11,0,0,0,0,0,0,0,0,0,1,0,0,0,0,0,0,1,0,0,0,0,0,0,1
CUS_0x7f53,67951.65,5961.6375,8,3,14,2,9,8,11.56,50,1022.67,31.81107499254617,68.40421510247005,285.2915318206644,532.4680030768657,2024-03-01,2025-10-06 10:51:16.241,26,9,1,0,0,1,0,0,0,0,0,1,0,0,0,0,1,0,0,0,0,0,1,0,0,0
CUS_0x9200,12683.275,938.9395833333332,8,3,6,1,17,20,7.73,10,1166.91,31.15670811596687,7.067810341481343,27.85954890705025,317.5150568460841,2024-03-01,2025-10-06 10:51:16.241,30,4,0,0,0,1,0,0,0,0,0,1,0,0,0,0,1,0,0,0,0,0,0,0,0,1
CUS_0x3f1d,88434.95999999998,7478.579999999999,7,4,1002,2,19,12,7.64,100,189.1,32.34216971811084,143.63639380798568,163.40384495642138,680.8177612355927,2024-03-01,2025-10-06 10:51:16.241,23,3,1,0,0,0,0,1,0,0,0,1,0,0,0,0,1,0,0,0,0,1,0,0,0,0
CUS_0xa84b,24278.95,1944.2458333333327,8,3,13,0,19,15,7.63,120,1448.3,27.81489176802125,980.0,229.52636079507897,183.96215233627143,2024-03-01,2025-10-06 10:51:16.241,19,8,1,0,1,1,0,0,0,1,0,1,0,0,0,0,1,0,0,0,0,0,1,0,0,0
CUS_0x19f3,7361.645,673.4704166666667,9,10,19,9,44,22,5.32,80,2500.0,38.69096843607093,41.94567204094526,47.08127878780572,268.3200908379157,2024-03-01,2025-10-06 10:51:16.241,12,3,1,0,1,0,0,0,1,1,1,1,0,0,0,0,0,1,0,0,0,0,1,0,0,0
CUS_0x8f17,41746.76,3651.896666666667,8,5,31,3,62,21,9.81,110,1936.79,32.94553478945882,102.28339754384292,85.99686893829424,416.90940018452966,2024-03-01,2025-10-06 10:51:16.241,19,7,1,0,0,1,1,0,0,0,0,1,0,0,0,0,0,1,0,0,0,1,0,0,0,0
CUS_0x20b2,124190.8,10640.233333333334,8,3,17,4,6,8,3.7,0,834.52,35.88657954928108,408.65291408462525,215.88134584510144,679.4890734036065,2024-03-01,2025-10-06 10:51:16.241,19,0,0,1,0,1,1,0,1,0,0,1,0,0,0,0,1,0,0,0,0,1,0,0,0,0
CUS_0x2a86,50817.9,4531.825,3,6,5774,2,16,15,17.05,120,2368.19,39.86771534660894,47.53723210835172,79.41901900966067,576.2262488819875,2024-03-01,2025-10-06 10:51:16.241,8,9,0,0,0,0,0,1,1,0,0,0,0,0,0,0,1,0,0,0,1,0,0,0,0,0
CUS_0xa037,151649.36,12823.446666666665,3,7,11,3,7,12,4.48,30,358.17,46.36094465831865,224.7031327912128,119.78596591048908,1177.8555679649648,2024-03-01,2025-10-06 10:51:16.241,30,5,0,0,0,1,1,0,0,1,0,0,1,0,0,0,0,0,1,0,0,1,0,0,0,0
CUS_0xa798,7871.81,763.9841666666667,7,10,33,3,45,2276,7.22,70,1953.63,30.91028523145984,10.13245254860697,31.00677615119762,315.2591879668621,2024-03-01,2025-10-06 10:51:16.241,20,2,0,0,0,0,0,1,0,0,0,1,0,0,0,0,1,0,0,0,0,0,0,1,0,0
CUS_0xbc1c,16769.58,1335.465,6,5,28,7,61,18,8.87,110,1969.41,40.115346617655256,63.548448603602765,130.33305599860572,219.66499539779147,2024-03-01,2025-10-06 10:51:16.241,7,6,1,1,1,0,0,0,1,1,1,1,0,0,0,0,0,1,0,0,0,0,0,1,0,0
CUS_0x435a,42103.18,3327.598333333333,4,2,754,0,2,1,5.0,70,725.53,39.35744760709108,42.4685792299666,215.7512711643847,344.539982938982,2024-03-01,2025-10-06 10:51:16.241,32,2,0,0,0,0,0,0,0,1,0,0,1,0,0,0,0,0,1,0,0,0,0,0,0,1
CUS_0x906b,23459.45,2121.9541666666664,8,5,9,2,13,10,3.5600000000000005,50,264.07,24.986287310835447,26.60782994689795,121.25409037162784,354.3334963481408,2024-03-01,2025-10-06 10:51:16.241,25,3,1,0,0,0,0,0,1,0,0,1,0,0,0,0,1,0,0,0,0,0,1,0,0,0
CUS_0x9d2f,131091.12,10855.26,0,5,12,0,13,1,9.41,30,367.77,36.03283769284079,0.0,517.6408890393278,857.8851109606721,2024-03-01,2025-10-06 10:51:16.241,21,3,0,0,0,0,0,0,0,0,0,0,1,0,0,1,0,0,0,0,0,0,1,0,0,0
CUS_0xa72c,32117.87,2720.4891666666667,6,6,6,4,15,18,19.38,110,1052.88,29.541259538093755,69.69259132132397,219.2514103639201,253.1049149814227,2024-03-01,2025-10-06 10:51:16.241,7,3,0,0,1,0,0,1,0,0,0,0,0,0,0,0,1,0,0,0,0,0,0,0,1,0
CUS_0x1b97,28631.79,2453.9825,3,3,11,3,31,17,13.94,90,685.37,33.71095000858597,65.28496332195917,232.40209859273116,227.7111880853097,2024-03-01,2025-10-06 10:51:16.241,18,6,0,0,1,0,0,0,1,1,0,1,0,0,0,0,1,0,0,0,0,0,0,1,0,0
CUS_0x25b0,8819.74,866.9783333333335,9,8,20,6,33,17,31.26,60,4084.61,30.78919270354678,22.204677318540263,85.08991189444824,259.4032441203448,2024-03-01,2025-10-06 10:51:16.241,6,10,0,1,0,1,0,1,0,1,1,0,0,0,0,0,0,1,0,0,0,0,0,1,0,0
CUS_0x8099,112400.24,9657.686666666666,7,7,19,4,22,19,18.63,40,57.91,32.609402745672114,203.5175635214429,361.4644669271328,670.7866362180911,2024-03-01,2025-10-06 10:51:16.241,32,8,1,0,0,1,0,0,0,0,0,1,0,0,0,0,1,0,0,0,0,0,0,0,0,1
CUS_0x6734,30922.5,2477.875,8,8,26,9,61,21,19.83,130,4742.53,26.42234047273839,165.89182072909034,10000.0,226.29111803734588,2024-03-01,2025-10-06 10:51:16.241,1,5,1,1,0,1,1,0,0,1,0,1,0,0,0,0,0,1,0,0,0,0,0,0,0,1
CUS_0x9a30,9081.535,842.7945833333333,3,5,26,3,15,11,11.85,120,1518.63,35.46314462327318,16.643123529657604,10000.0,292.45563483292483,2024-03-01,2025-10-06 10:51:16.241,5,11,0,0,1,0,0,1,1,0,0,1,0,0,0,0,0,0,1,1,0,0,0,0,0,0
CUS_0x1ebb,12723.325,1183.2770833333334,4,7,13,3,12,8,8.81,0,387.78,23.84701459723377,29.270265039462814,121.31028396804778,247.74715932582276,2024-03-01,2025-10-06 10:51:16.241,22,5,0,0,1,0,1,0,0,0,1,0,1,0,0,0,1,0,0,0,0,0,0,0,0,1
CUS_0x760a,53084.06999999999,4525.6725,10,9,23,8,26,23,8.3,90,2904.16,34.720656497780645,228.68713291702,321.39370963651686,182.4864074464631,2024-03-01,2025-10-06 10:51:16.241,2,8,1,1,1,0,1,1,1,1,0,1,0,0,0,0,0,1,0,0,0,0,0,1,0,0
CUS_0x992b,19939.92,1719.66,8,8,21,6,22,21,4.39,110,4211.46,38.37380441389587,59.766350223188745,146.8771387628643,235.32251101394692,2024-03-01,2025-10-06 10:51:16.241,13,6,1,1,0,1,0,0,0,1,1,0,0,0,0,0,0,1,0,0,0,0,0,0,1,0
CUS_0xa835,17853.5,1226.7916666666667,5,4,12,2,13,10,1.95,40,990.35,27.92985442462029,18.02270352826745,129.87795989315424,264.778503245245,2024-03-01,2025-10-06 10:51:16.241,20,4,0,0,1,0,1,0,0,0,0,0,1,0,0,1,0,0,0,0,0,0,1,0,0,0
CUS_0x710f,33502.1,2890.8416666666667,7,9,27,6,57,20,12.06,120,2362.68,22.183579259878087,158.60792715213003,184.5481872661235,215.9280522484132,2024-03-01,2025-10-06 10:51:16.241,18,6,1,1,1,0,1,0,1,1,0,1,0,0,0,0,1,0,0,0,0,0,0,0,1,0
CUS_0x9339,15898.59,1059.8825,8,6,15,6,30,16,22.17,90,2552.86,29.255879411811453,72.01043750385405,51.657480860435065,193.91318220195114,2024-03-01,2025-10-06 10:51:16.241,3,9,1,1,0,0,0,1,1,1,1,0,0,0,0,0,0,0,1,0,0,0,1,0,0,0
CUS_0xb8c,78867.52,6779.293333333334,8,7,33,4,40,16,18.1,120,1803.18,38.77032361795143,144.77746826862125,176.87571495763748,606.2761501070747,2024-03-01,2025-10-06 10:51:16.241,6,0,0,1,1,1,0,0,0,1,0,1,0,0,0,0,0,1,0,0,1,0,0,0,0,0
CUS_0x4daa,34744.15,2784.3458333333333,3,2,3,3,1,13,0.5199999999999996,30,219.59,35.80002564788429,52.21889441680582,278.6986243926838,237.5170645238437,2024-03-01,2025-10-06 10:51:16.241,33,6,0,0,1,0,0,1,1,0,0,0,1,0,0,1,0,0,0,0,0,0,1,0,0,0
CUS_0x87e6,122135.12,10125.926666666666,2,4,1,1,26,13,11.46,20,1384.06,38.830599680737855,53.47224018380252,425.7043435375258,783.4160829453383,2024-03-01,2025-10-06 10:51:16.241,18,2,0,0,1,0,0,0,0,0,0,0,1,0,0,1,0,0,0,0,1,0,0,0,0,0
CUS_0xa078,79548.32,6355.026666666668,4,0,5147,4,7,6,3.3,30,870.51,35.61972363119133,211.21452529999908,570.3824868510685,123.90565451559915,2024-03-01,2025-10-06 10:51:16.241,30,2,0,0,0,0,1,0,1,0,1,0,1,0,0,1,0,0,0,0,0,0,0,0,1,0
CUS_0xa8b1,38036.61,3180.7175,2,3,2,2,12,5,4.84,80,241.07,34.797002219947416,33.31106410568741,249.77295727041218,304.98772862390047,2024-03-01,2025-10-06 10:51:16.241,17,4,0,0,0,0,0,0,0,1,1,0,1,0,0,1,0,0,0,0,0,0,0,0,1,0
CUS_0x37e9,31647.02,2725.2516666666666,2,6,5,3,12,9,2.49,30,468.03,37.496044217978266,64.82182516449124,149.69654736308325,318.00679413909216,2024-03-01,2025-10-06 10:51:16.241,16,9,1,0,1,0,1,0,0,0,0,0,1,0,0,1,0,0,0,1,0,0,0,0,0,0
CUS_0x5b6f,32061.94,2373.828333333333,4,3,6,0,8,6,2.44,30,1443.42,32.80878738939967,0.0,141.5084828387974,375.874350494536,2024-03-01,2025-10-06 10:51:16.241,21,6,0,0,0,0,0,0,0,0,0,0,1,0,0,1,0,0,0,0,0,0,0,0,0,1
CUS_0x7398,43213.44,3827.12,7,7,17,8,25,23,16.56,140,4525.41,26.69459731797645,162.97204231494504,40.5979751484794,419.1419825365756,2024-03-01,2025-10-06 10:51:16.241,14,4,0,1,1,1,1,0,0,0,1,1,0,0,0,0,0,1,0,0,0,1,0,0,0,0
CUS_0x7670,11128.91,1103.4091666666668,4,7,7,4,25,18,10.64,20,1201.98,39.6160050133356,33.95560304100908,101.20829945563445,255.1770141700232,2024-03-01,2025-10-06 10:51:16.241,24,0,0,0,0,1,0,1,0,0,1,0,1,0,0,0,0,0,1,0,0,0,0,1,0,0
CUS_0x82be,41871.89,3764.3241666666654,2,4,4,4,1,10,14.51,50,1268.9,29.683440231115235,73.09779734604358,132.73551723636214,460.59910208426095,2024-03-01,2025-10-06 10:51:16.241,29,2,1,1,0,0,0,0,1,1,0,0,1,0,0,1,0,0,0,0,0,0,1,0,0,0
CUS_0x8513,107688.4,9252.033333333333,5,3,13,4,7,9,15.59,60,670.36,33.880699814497795,191.44796799562425,119.20786839646769,854.5474969412413,2024-03-01,2025-10-06 10:51:16.241,22,6,0,1,0,1,0,0,1,0,0,1,0,0,0,0,1,0,0,0,0,0,0,0,0,1
CUS_0x86ec,19358.37,1658.1975,7,10,15,5,27,21,8.41,130,1486.17,24.74380509058144,50.98543270131259,76.00337595291919,298.8309413457682,2024-03-01,2025-10-06 10:51:16.241,8,5,1,0,1,0,0,0,0,0,1,1,0,0,0,0,0,0,1,1,0,0,0,0,0,0
CUS_0xa21c,8068.86,774.405,9,10,32,5,33,14,4.43,110,3984.41,33.05799663559333,19.24465375222101,14.996148864666694,283.19969738311227,2024-03-01,2025-10-06 10:51:16.241,6,9,0,0,0,0,1,1,1,1,0,1,0,0,0,0,0,1,0,0,0,1,0,0,0,0
CUS_0x1695,14219.345,1418.945416666667,5,7,10,4,21,19,5.93,60,172.94,25.73899790850416,30.05042301112112,191.05122745226052,210.79289120328502,2024-03-01,2025-10-06 10:51:16.241,19,0,1,0,0,0,0,1,1,0,0,0,1,0,0,0,1,0,0,0,0,0,1,0,0,0
CUS_0x18e5,16408.77,1644.3975,4,6,23,3,22,12,14.11,90,1756.68,35.42563787327489,37.97203587135861,64.34669249916038,312.121021629481,2024-03-01,2025-10-06 10:51:16.241,17,3,0,1,0,1,0,0,0,0,1,1,0,0,0,0,0,0,1,0,1,0,0,0,0,0
CUS_0x33ef,82277.8,6826.483333333334,9,10,32,7,60,15,17.71,70,2748.82,25.3452610746955,479.1653023127348,140.87006782463357,312.6129631959651,2024-03-01,2025-10-06 10:51:16.241,4,9,1,1,0,1,1,0,1,1,1,1,0,0,0,0,0,1,0,0,1,0,0,0,0,0
CUS_0x7b62,13848.89,1152.0741666666663,4,4,18,2,20,10,5.77,20,65.12,29.421015800980907,12.663444699649837,70.14565350238297,322.3983184646338,2024-03-01,2025-10-06 10:51:16.241,26,11,1,0,0,0,0,0,0,0,1,0,1,0,0,0,1,0,0,0,0,0,1,0,0,0
CUS_0x2646,7807.285,606.6070833333333,4,6,13,2,14,20,16.31,40,692.63,38.48315501361939,7.771075085382389,75.0180777757185,267.87155547223244,2024-03-01,2025-10-06 10:51:16.241,7,0,0,0,0,0,0,0,0,0,1,1,0,0,0,0,1,0,0,0,0,0,1,0,0,0
CUS_0x32cb,32959.87,2957.6558333333337,2,5,12,4,4,10,0.69,0,1030.14,33.44716349877528,60.94074569581397,129.2200085427638,365.60482909475564,2024-03-01,2025-10-06 10:51:16.241,17,11,0,0,0,0,0,0,1,1,1,0,1,0,0,0,0,0,1,1,0,0,0,0,0,0
CUS_0x4a5d,15522.74,1330.5616666666667,8,7,21,9,15,20,26.31,110,4268.86,36.81498845814694,71.24551454198863,10000.0,300.0914420627533,2024-03-01,2025-10-06 10:51:16.241,1,9,0,0,1,1,1,1,1,1,1,1,0,0,0,0,0,0,1,0,0,0,1,0,0,0
CUS_0x81f4,29485.2,2242.1,8,8,20,7,25,23,15.33,60,4142.25,32.08048195246551,153.41407637545362,128.9878449076806,231.8080787168658,2024-03-01,2025-10-06 10:51:16.241,2,6,1,0,0,1,0,1,0,1,1,1,0,0,0,0,0,0,1,0,0,0,1,0,0,0
CUS_0xa062,63079.46,4966.621666666667,2,4,11,4,5,13,0.72,0,900.32,35.714023403345365,110.23451726908002,110.44765149798224,515.9799978996045,2024-03-01,2025-10-06 10:51:16.241,31,3,0,0,0,1,1,0,0,1,0,0,1,0,0,0,0,0,1,0,0,1,0,0,0,0
CUS_0xb6e7,15135.3,1264.275,9,7,18,9,19,20,21.06,110,3668.84,31.380504442836013,74.6184139021959,28.15566984034364,283.65341625746044,2024-03-01,2025-10-06 10:51:16.241,7,4,0,1,1,1,0,1,1,0,1,1,0,0,0,0,0,1,0,1,0,0,0,0,0,0
CUS_0x3811,82668.78,6930.065,3,6,20,0,21,12,16.27,0,540.04,36.10039622850461,55.6996651254666,739.1062316978381,188.2006031766953,2024-03-01,2025-10-06 10:51:16.241,24,8,1,0,0,0,0,0,0,0,0,1,0,0,0,0,1,0,0,0,0,0,1,0,0,0
CUS_0x3f3,104142.56,8433.546666666667,3,5,5,3,24,14,15.28,6920,1371.8,36.33950238493088,257.7386460249556,481.7990883470461,383.81693229466515,2024-03-01,2025-10-06 10:51:16.241,15,6,0,1,0,1,0,0,0,0,0,1,0,0,0,0,1,0,0,0,0,0,0,1,0,0
CUS_0x492c,17625.23,1542.769166666667,6,8,28,9,56,18,25.27,120,4827.99,27.632155819230803,128.30127419806232,145.21976168963215,160.75588077897226,2024-03-01,2025-10-06 10:51:16.241,7,9,1,1,1,0,0,1,1,0,1,1,0,0,0,0,0,0,1,0,0,0,0,1,0,0
CUS_0x60f9,43981.4,3431.116666666667,3,6,7,5,15,20,13.77,100,534.16,31.048888308706648,113.8791951345197,143.16583887503216,366.0666326571149,2024-03-01,2025-10-06 10:51:16.241,6,0,0,1,0,0,1,1,1,1,0,1,0,0,0,0,1,0,0,0,0,0,0,0,0,1
CUS_0x9379,61881.64,5266.803333333333,6,5,19,7,34,23,5.81,80,3738.53,38.74753655249327,247.63312320422008,296.62354342542227,262.42366670369097,2024-03-01,2025-10-06 10:51:16.241,1,3,1,1,1,0,0,0,1,0,0,1,0,0,0,0,0,1,0,0,0,0,0,1,0,0
CUS_0xb2f7,102212.37,8470.6975,7,5,16,5,26,15,7.97,110,657.3,34.765820468743485,257.5915551180574,288.3917030484297,551.086491833513,2024-03-01,2025-10-06 10:51:16.241,18,9,0,1,1,1,0,0,0,0,0,1,0,0,0,0,1,0,0,0,1,0,0,0,0,0
CUS_0x8e48,108968.85,8843.7375,1,5,8,0,1,1,1.51,10,407.44,22.699314932284288,0.0,907.4309658068256,266.94278419317453,2024-03-01,2025-10-06 10:51:16.241,31,3,0,0,0,0,0,0,0,0,0,0,1,0,0,1,0,0,0,0,0,0,1,0,0,0
CUS_0xb8e5,84989.45999999999,7314.454999999999,7,7,6,0,23,11,11.58,100,416.47,30.28688501447685,12643.0,10000.0,838.4289112848842,2024-03-01,2025-10-06 10:51:16.241,31,9,0,0,0,0,0,0,0,0,0,1,0,0,0,0,1,0,0,0,1,0,0,0,0,0
CUS_0x18d8,15291.67,1109.305833333333,4,5,20,1,17,14,14.26,20,121.04,35.1603446361555,7.334973367345464,34.242347303462694,319.3532626625252,2024-03-01,2025-10-06 10:51:16.241,24,11,0,1,0,0,0,0,0,0,0,1,0,0,0,0,1,0,0,0,1,0,0,0,0,0
CUS_0x2824,16334.61,1499.2175,10,625,22,7,45,12,9.03,170,1421.64,32.256246483351084,88.87695827289501,10000.0,259.6404255443725,2024-03-01,2025-10-06 10:51:16.241,11,5,0,0,1,1,0,0,1,1,1,0,0,0,0,0,0,0,1,0,0,0,0,0,1,0
CUS_0x6d82,11513.045,864.4204166666667,6,6,13,4,23,16,14.9,10,1418.26,26.64945681732577,32.19335182137685,68.24597201020912,276.00271783508066,2024-03-01,2025-10-06 10:51:16.241,32,6,0,0,0,1,1,0,0,0,0,1,0,0,0,0,1,0,0,0,0,0,1,0,0,0
CUS_0xc37b,9783.245,908.2704166666668,8,6,29,8,45,17,7.75,70,1684.06,24.464831212135373,52.83913367020968,68.58085630056777,259.4070516958892,2024-03-01,2025-10-06 10:51:16.241,19,0,1,1,1,0,1,0,0,1,0,1,0,0,0,0,0,1,0,0,0,0,1,0,0,0
CUS_0x2eb4,14784.45,1192.9283538967102,8,7,19,9,36,23,28.9,110,3506.97,33.62596816282091,103.55132765681502,79.41633514405709,241.8452333024177,2024-03-01,2025-10-06 10:51:16.241,10,10,1,0,0,0,0,1,1,1,1,1,0,0,0,0,0,1,0,0,0,0,0,0,0,1
CUS_0x4f83,24127.22,1765.601666666667,8,5,7,0,21,17,7.5,50,1158.96,31.82960251926053,0.0,50.5241155807507,376.036051085916,2024-03-01,2025-10-06 10:51:16.241,30,9,0,0,0,0,0,0,0,0,0,0,1,0,0,0,1,0,0,0,1,0,0,0,0,0
CUS_0x6308,130433.68,10597.473333333332,1,1,10,0,7,10,11.35,20,825.55,22.35512559975204,0.0,1081.875862772941,267.8714705603925,2024-03-01,2025-10-06 10:51:16.241,26,11,0,0,0,0,0,0,0,0,0,0,0,0,0,1,0,0,0,0,0,0,1,0,0,0
CUS_0x373b,26520.9,2202.0750000000007,8,4,935,4,16,12,15.63,50,1182.19,33.28578034555303,2004.0,74.13007061088919,338.93744745713866,2024-03-01,2025-10-06 10:51:16.241,19,11,1,1,0,1,0,0,0,0,1,1,0,0,0,0,1,0,0,0,1,0,0,0,0,0
CUS_0x16b4,98087.76,7890.98,4,4,8,4,7,10,11.9,100,55.46,36.16527957384144,184.2559986386516,257.46099777599846,597.3810035853497,2024-03-01,2025-10-06 10:51:16.241,12,8,0,0,1,1,0,0,1,0,0,1,0,0,0,0,1,0,0,0,0,0,0,0,0,1
CUS_0x3397,39800.36,3097.6966666666667,8,10,21,0,33,20,20.0,80,4241.52,32.79754426121789,252.25560075620945,226.03091323491543,101.48315267554182,2024-03-01,2025-10-06 10:51:16.241,1,5,1,0,0,1,1,0,1,1,1,1,0,0,0,0,0,1,0,0,0,0,0,0,1,0
CUS_0x3fa8,177243.92,14526.326666666668,4,6,3,3,9,12,6.64,30,488.95,27.93176207882472,284.80419655277166,1129.6314221223454,328.1970479915496,2024-03-01,2025-10-06 10:51:16.241,28,11,0,1,0,1,0,1,0,0,0,0,1,0,0,1,0,0,0,0,0,0,0,0,0,1
CUS_0x448a,1241683.0,8399.233333333334,7,5,13,4,11,9,18.45,30,1050.52,40.3978264635983,209.7738216597944,447.2995359052848,472.8499757682542,2024-03-01,2025-10-06 10:51:16.241,23,5,0,0,1,1,0,0,1,0,1,1,0,0,0,0,1,0,0,0,0,0,1,0,0,0
CUS_0x86c1,15814.77,1300.8975,7,4,13,7,22,6,10.69,100,902.47,28.23296300693221,58.11999470147171,38.7072703221516,293.2624849763767,2024-03-01,2025-10-06 10:51:16.241,20,0,0,1,0,0,1,1,1,0,1,1,0,0,0,0,1,0,0,1,0,0,0,0,0,0
CUS_0x5ade,28238.45,2167.204166666667,5,5,17,3,30,17,19.82,50,4.61,33.83529055900604,56.1609124707025,139.78726662910307,300.7722375668611,2024-03-01,2025-10-06 10:51:16.241,21,10,0,0,1,1,0,0,0,0,0,1,0,0,0,0,0,0,1,0,0,0,0,1,0,0
CUS_0x68d1,20967.39,1932.2825,7,6,28,8,42,21,6.77,100,4094.0,38.28844984400981,99.51025966713917,25.853461346184663,317.8645289866762,2024-03-01,2025-10-06 10:51:16.241,5,2,1,1,1,0,1,1,0,1,0,1,0,0,0,0,0,1,0,0,1,0,0,0,0,0
CUS_0x5048,172792.68,14189.39,4,5,11,0,2,5,11.61,70,316.33,30.635434916306,356.93164691205294,312.58237610074343,1009.4249769872036,2024-03-01,2025-10-06 10:51:16.241,23,6,1,1,0,0,0,0,0,0,1,0,1,0,0,1,0,0,0,1,0,0,0,0,0,0
CUS_0xbf53,42474.2,3658.5166666666655,2,3,8,4,28,9,10.57,50,580.71,25.768934859391408,82.06622873153366,93.17283661058573,440.61260132454737,2024-03-01,2025-10-06 10:51:16.241,17,8,1,1,1,0,0,0,0,0,1,0,0,0,0,1,0,0,0,0,1,0,0,0,0,0
CUS_0x2176,94053.57,7954.7975,4,4,14,3,22,12,11.96,0,815.38,34.65891648383223,197.13248689579484,89.315985689726,759.0312774144792,2024-03-01,2025-10-06 10:51:16.241,26,11,0,1,0,1,1,0,0,0,0,0,1,0,0,0,1,0,0,0,1,0,0,0,0,0
CUS_0x2270,17732.92,1333.8418005570477,7,8,23,8,60,23,2.46,90,4963.83,24.617805608632736,77.92988443551587,166.9441242250582,189.4018574490446,2024-03-01,2025-10-06 10:51:16.241,9,4,1,1,0,0,1,1,1,0,1,1,0,0,0,0,0,1,0,0,0,0,1,0,0,0
CUS_0x7766,95460.81,7989.0675,2,5,5,3,3,3,7.46,70,184.44,23.77039196211493,201.50564012168743,472.9674102314646,394.43369964684797,2024-03-01,2025-10-06 10:51:16.241,28,0,1,0,0,1,0,0,0,0,0,0,1,0,0,0,0,0,1,0,0,0,0,0,1,0
CUS_0x7c71,16743.345,1194.3666701789732,2,4,5,0,11,6,4.21,30,1272.03,29.03636228485287,97.91207982102692,53.29149825620647,325.93637674379346,2024-03-01,2025-10-06 10:51:16.241,26,10,0,0,0,0,0,0,0,0,0,0,0,0,0,1,0,0,0,0,1,0,0,0,0,0
CUS_0x91ee,59241.38,4818.781666666667,4,5,9,3,7,10,6.0,20,690.12,36.73129131099599,128.9292457279007,169.7180700459676,473.2308508927984,2024-03-01,2025-10-06 10:51:16.241,24,2,0,1,0,1,0,0,0,0,1,0,1,0,0,1,0,0,0,0,0,0,1,0,0,0
CUS_0x9529,42519.57,3734.2975,9,9,26,8,42,24,24.1,80,2703.93,37.95562162431886,238.32688143378715,61.067139318995416,324.03572924721743,2024-03-01,2025-10-06 10:51:16.241,7,8,0,0,1,1,1,1,0,0,1,1,0,0,0,0,0,1,0,0,1,0,0,0,0,0
CUS_0xa20b,57101.1,4668.425,7,4,12,1,11,16,2.3,40,1303.28,37.684476828255725,29.448509955965857,109.17129638773052,578.2226936563038,2024-03-01,2025-10-06 10:51:16.241,25,9,1,0,0,0,0,0,0,0,0,0,1,0,0,0,0,0,1,0,1,0,0,0,0,0
CUS_0xa624,46246.9,3775.908333333333,7,5,11,7,23,18,15.46,40,1120.46,29.534892855787508,223.6858516684369,39.96770571842265,353.9372759464738,2024-03-01,2025-10-06 10:51:16.241,7,11,0,1,1,0,1,0,0,0,0,0,0,0,0,0,1,0,0,0,0,1,0,0,0,0
CUS_0xc192,30012.83,2239.0691666666667,5,5,2,1,20,8,6.44,0,1478.4,30.689651170463343,15.029101690684696,131.00234315665776,337.8754718193243,2024-03-01,2025-10-06 10:51:16.241,26,6,0,0,0,0,0,1,0,0,0,0,1,0,0,1,0,0,0,1,0,0,0,0,0,0
CUS_0x15d9,9643.265,829.6054166666668,9,6,17,8,31,14,16.95,140,2836.9,37.73429073141778,43.11790278678445,55.62690263791579,274.2157362419664,2024-03-01,2025-10-06 10:51:16.241,5,5,1,1,1,1,0,1,0,0,1,1,0,0,0,0,0,1,0,0,0,0,1,0,0,0
CUS_0x5b7d,14320.27,1026.3558333333333,7,10,27,0,49,21,14.49,110,1482.09,39.393134451481245,74.27013133706248,59.36611367545928,248.99933832081157,2024-03-01,2025-10-06 10:51:16.241,11,6,1,0,1,0,1,0,0,1,0,1,0,0,0,0,0,1,0,0,0,0,0,1,0,0
CUS_0x8b6c,17561.27,1561.4391666666668,5,4,20,6,27,19,14.87,100,2622.44,36.95579151145069,83.40978684414125,154.13217895103972,200.74040776824157,2024-03-01,2025-10-06 10:51:16.241,11,6,1,0,0,1,0,0,1,1,1,1,0,0,0,0,1,0,0,0,0,0,0,0,1,0
CUS_0x9d1a,70968.8,5783.066666666668,6,6,18,7,0,11,18.24,80,2162.07,20.10076996070649,73767.0,556.7511802192884,316.38387460326163,2024-03-01,2025-10-06 10:51:16.241,16,0,1,0,1,1,0,1,1,0,0,1,0,0,0,0,1,0,0,0,0,0,1,0,0,0
CUS_0x9336,56539.04,4780.586666666667,7,6,16,6,35,23,8.42,130,1857.21,26.93326738905107,231.3082239929473,123.37958818525087,367.7545598947958,2024-03-01,2025-10-06 10:51:16.241,19,8,1,1,1,0,0,1,0,1,0,1,0,0,0,0,0,1,0,0,0,1,0,0,0,0
CUS_0xab0e,118386.4,10126.533333333333,4,6,1,0,5,1,15.71,40,0.77,26.55371691981009,0.0,806.590493541892,476.0628397914413,2024-03-01,2025-10-06 10:51:16.241,26,3,0,0,0,0,0,0,0,0,0,0,1,0,0,1,0,0,0,0,0,0,0,0,1,0
CUS_0xb5a,54239.94,4341.995,9,7,29,7,59,20,18.52,160,4160.79,34.386789572105144,275.896875503053,174.31465089086117,233.98797360608586,2024-03-01,2025-10-06 10:51:16.241,7,11,0,1,1,1,1,0,1,0,0,0,0,0,0,0,0,1,0,0,1,0,0,0,0,0
CUS_0xbed8,74449.44,6251.12,7,8,28,6,39,17,25.97,130,2646.0,23.850933224658355,319.66952039913406,687.4917603519854,398.0262500496182,2024-03-01,2025-10-06 10:51:16.241,6,3,1,1,0,1,0,1,1,0,0,1,0,0,0,0,0,1,0,0,0,0,1,0,0,0
CUS_0x70d0,68081.28,5509.44,7,5,10,2,28,10,6.72,60,502.86,29.614959862382825,95.81290818674692,97.7087398347306,607.4223519785227,2024-03-01,2025-10-06 10:51:16.241,19,11,0,0,0,0,0,0,1,0,1,0,1,0,0,0,1,0,0,0,1,0,0,0,0,0
CUS_0x9f43,31152.06,2348.005,4,5,16,4,19,12,1.31,60,674.41,24.89459983674157,65.04548037832448,65.15482163596796,364.6001979857076,2024-03-01,2025-10-06 10:51:16.241,28,5,0,1,0,1,1,0,0,0,1,0,1,0,0,0,0,0,1,1,0,0,0,0,0,0
CUS_0x2267,17556.41,1192.0341666666666,8,10,34,4,21,10,15.09,90,2178.73,35.85766103037598,57130.0,70.86731811007941,286.2081946653192,2024-03-01,2025-10-06 10:51:16.241,15,2,1,1,0,1,0,1,0,0,0,1,0,0,0,0,1,0,0,0,0,0,0,1,0,0
CUS_0x43de,67218.98,5024.914150301767,3,5,10,0,9,13,1.88,50,674.13,39.5190204625011,713.6675163648987,477.05879601951966,376.79937064714693,2024-03-01,2025-10-06 10:51:16.241,31,3,0,0,0,0,0,0,0,0,0,0,1,0,0,1,0,0,0,0,0,0,0,1,0,0
CUS_0x982a,20790.085,2015.5070833333327,2,7,12,4,4,8,5.01,50,695.85,30.24806521603891,50.34316991146921,155.84809758039802,285.35944084146615,2024-03-01,2025-10-06 10:51:16.241,23,3,1,0,0,1,0,0,0,1,0,0,1,0,0,1,0,0,0,0,0,0,1,0,0,0
CUS_0xaf9c,146399.88,12416.99,1,5,10,1,10,3,2.61,20,1246.47,24.442937409013968,69.43273318215753,1203.8665461767202,248.39972064112226,2024-03-01,2025-10-06 10:51:16.241,31,4,0,1,0,0,0,0,0,0,0,0,1,0,0,1,0,0,0,0,0,0,0,1,0,0
CUS_0xb4be,20354.85,1403.2375,8,6,30,7,33,24,23.66,100,4288.63,38.027798617232776,80.21854912819705,131.26832772841752,218.83687314338542,2024-03-01,2025-10-06 10:51:16.241,2,9,0,0,1,1,1,1,0,1,0,1,0,0,0,0,0,1,0,0,0,0,1,0,0,0
CUS_0x2959,38095.16,3387.596666666667,9,6,25,2,23,12,8.62,130,2695.77,40.30473223700732,59.76101723177779,132.27658930603255,396.72206012885636,2024-03-01,2025-10-06 10:51:16.241,8,6,0,0,1,0,1,0,0,0,0,1,0,0,0,0,1,0,0,0,1,0,0,0,0,0
CUS_0x4470,39102.56,3012.546666666666,9,7,24,5,57,19,26.66,110,3953.52,38.4235717403616,135.0534302002905,159.69891187804174,78.15999775216427,2024-03-01,2025-10-06 10:51:16.241,5,11,1,0,0,0,0,1,0,1,0,1,0,0,0,0,0,1,0,0,0,0,1,0,0,0
CUS_0x5bd3,17646.25,1230.5208333333333,4,6,14,4,29,17,18.7,80,414.4,39.715880144495664,40.65314276255058,84.8260255128151,270.8989647392446,2024-03-01,2025-10-06 10:51:16.241,7,4,0,1,0,0,1,1,0,1,0,1,0,0,0,0,1,0,0,0,0,0,0,1,0,0
CUS_0x5d3d,7309.155,567.0962499999998,6,8,19,4,38,11,8.56,80,1318.12,31.78147712654416,20.29077116114661,30.67023888274318,265.7486149561102,2024-03-01,2025-10-06 10:51:16.241,8,3,0,1,1,0,1,0,0,0,0,1,0,0,0,0,1,0,0,1,0,0,0,0,0,0
CUS_0x28a3,88481.16,7082.43,3,4,18,0,19,12,13.29,40,1343.5,25.663275579674977,0.0,545.3324336538254,442.9105663461746,2024-03-01,2025-10-06 10:51:16.241,27,0,0,0,0,0,0,0,0,0,0,1,0,0,0,0,1,0,0,0,0,0,0,1,0,0
CUS_0x4e22,31848.72,2588.06,5,3,9,3,12,3,9.25,40,619.73,24.972768507127853,74.3242070397165,49.707178950393285,384.77461400989023,2024-03-01,2025-10-06 10:51:16.241,26,6,1,0,0,0,1,1,0,0,0,0,1,0,0,1,0,0,0,0,1,0,0,0,0,0
CUS_0x5da3,17271.525,1269.29375,8,3,5,1,14,18,4.74,0,899.28,32.13887349378321,13.314419454257422,152.80522717685392,250.8097283688887,2024-03-01,2025-10-06 10:51:16.241,32,9,0,0,0,0,0,0,0,0,1,0,1,0,0,1,0,0,0,0,0,0,1,0,0,0
CUS_0x8a8b,40246.16,3340.846666666667,4,10,18,7,30,8,14.17,160,1896.09,32.61637109182952,162.52071645816935,37.7587270375484,373.80522317094886,2024-03-01,2025-10-06 10:51:16.241,11,4,0,1,0,0,0,1,0,1,0,0,0,0,0,0,1,0,0,0,0,0,0,0,0,1
CUS_0x5764,14469.88,1382.823333333333,10,10,29,9,42,27,5.35,150,3349.7,27.71357259350936,61.64272276549457,124.93110874900829,221.70850181883046,2024-03-01,2025-10-06 10:51:16.241,8,6,1,1,1,1,0,1,0,0,1,1,0,0,0,0,0,1,0,0,0,0,0,0,1,0
CUS_0xab1f,34052.56,2930.713333333333,7,6,18,6,23,21,3.4400000000000004,110,2062.38,28.440660771310807,162.38644247948406,66.30787724701054,324.37701360683866,2024-03-01,2025-10-06 10:51:16.241,14,10,0,0,1,1,1,0,1,0,0,1,0,0,0,0,0,1,0,1,0,0,0,0,0,0
CUS_0x2730,23289.74,2012.811666666667,4,6,6,4,19,10,1.09,80,804.75,31.097365329228023,40.095144867770536,115.98409799509979,315.2019238037964,2024-03-01,2025-10-06 10:51:16.241,23,4,1,1,0,0,0,0,0,1,1,0,1,0,0,0,0,0,1,0,0,0,0,0,1,0
CUS_0x8ed5,103190.84,8400.236666666666,7,5,14,1,20,11,0.57,50,780.16,37.38629076900981,46.75902119109541,683.675354537483,389.58929093808814,2024-03-01,2025-10-06 10:51:16.241,24,0,0,0,0,0,0,0,1,0,0,0,1,0,0,0,1,0,0,0,0,0,0,1,0,0
CUS_0x4e3b,16193.87,1287.4891666666667,9,1268,15,2,37,21,7.5299999999999985,60,2221.21,38.52014963728202,21.044172490921635,91.62130782870427,296.08343634704073,2024-03-01,2025-10-06 10:51:16.241,18,3,1,0,0,1,0,0,0,0,0,1,0,0,0,0,0,1,0,0,0,0,0,1,0,0
CUS_0x76df,61970.81999999999,4901.235,8,4,13,0,13,15,5.08,70,636.65,33.043418766648145,41.633626388975095,307.29922007953,401.1906535314949,2024-03-01,2025-10-06 10:51:16.241,31,0,0,0,1,0,0,0,0,0,0,0,1,0,0,0,0,0,1,1,0,0,0,0,0,0
CUS_0x865c,35650.02,2696.835,7,4,20,2,23,17,19.28,90,770.37,34.68738596433616,37.8279142253872,76.14377242861171,405.7118133460011,2024-03-01,2025-10-06 10:51:16.241,20,5,0,1,1,0,0,0,0,0,0,1,0,0,0,0,1,0,0,0,1,0,0,0,0,0
CUS_0x87f,37171.29,3231.6075,1,6,1,4,4,2,5.48,80,103.82,27.29256909843805,64.24998249329886,10000.0,378.6181213946441,2024-03-01,2025-10-06 10:51:16.241,32,5,0,1,0,1,0,0,0,0,0,0,1,0,0,0,0,0,1,1,0,0,0,0,0,0
CUS_0x9334,43903.54,3377.6283333333336,3,5,17,0,16,17,5.0299999999999985,40,370.91,32.02757787427997,20.860160319700192,117.75766443244689,482.00693458099465,2024-03-01,2025-10-06 10:51:16.241,31,4,0,0,0,0,0,0,0,1,0,1,0,0,0,0,1,0,0,0,0,1,0,0,0,0
CUS_0xbb88,98544.99,8379.0825,5,3,2,0,12,4,9.63,40,198.46,36.28993215168455,197.80057304409283,318.26434657647883,571.8433303794284,2024-03-01,2025-10-06 10:51:16.241,32,11,1,0,1,0,0,1,0,0,0,0,1,0,0,1,0,0,0,0,1,0,0,0,0,0
CUS_0x7711,72814.86,6035.905,2,5,4,0,11,4,2.43,40,557.78,34.172127149772145,0.0,258.2057343620066,615.3847656379935,2024-03-01,2025-10-06 10:51:16.241,26,6,0,0,0,0,0,0,0,0,0,0,1,0,0,1,0,0,0,0,0,0,0,0,1,0
CUS_0x79b7,40514.84,3511.236666666666,2,5,3,3,5,7,2.64,50,151.33,25.508205801182307,55.84685586012858,73.9767614142741,481.30004939226393,2024-03-01,2025-10-06 10:51:16.241,18,3,0,1,0,0,1,0,0,0,1,0,1,0,0,1,0,0,0,1,0,0,0,0,0,0
CUS_0x7cb3,57563.94,4917.995,4,7,18,0,25,18,7.0299999999999985,70,1443.0,26.68303134895589,0.0,145.7807873735866,155.14213013211602,2024-03-01,2025-10-06 10:51:16.241,17,8,0,0,0,0,0,0,0,0,0,1,0,0,0,0,1,0,0,0,0,0,1,0,0,0
CUS_0x8dfe,115379.64,9722.97,6,4,9,0,8,11,8.97,0,364.66,26.585223495997383,0.0,549.1979237320568,703.0990762679432,2024-03-01,2025-10-06 10:51:16.241,28,10,0,0,0,0,0,0,0,0,0,0,1,0,0,0,1,0,0,0,0,0,0,1,0,0
CUS_0xdd9,70978.78,5792.8983333333335,0,3,3,3,4,12,6.13,30,967.88,29.314056410703834,143.86997056769906,520.6549228510119,472.0540201299887,2024-03-01,2025-10-06 10:51:16.241,33,4,1,0,0,0,0,0,0,1,0,0,1,0,0,0,0,0,1,1,0,0,0,0,0,0
CUS_0x9381,32296.78,2655.398333333333,7,9,17,7,30,15,16.16,120,2156.15,31.376487924369957,118.4394645173125,104.00287557067522,293.0974932453456,2024-03-01,2025-10-06 10:51:16.241,13,9,1,1,1,1,0,0,1,0,1,1,0,0,0,0,0,0,1,0,1,0,0,0,0,0
CUS_0xb676,11562.215,979.5179166666668,4,3,5,1,28,20,8.52,20,537.45,38.31478931832231,4.916138542370655,33.27966595779866,349.75598716649733,2024-03-01,2025-10-06 10:51:16.241,21,8,1,0,0,0,0,0,0,0,0,1,0,0,0,0,1,0,0,0,0,0,1,0,0,0
CUS_0x4986,41329.56,3421.13,2,3,7,1,2,10,6.66,20,1245.01,39.86603005597056,81751.0,92.12723713336108,479.43218620479735,2024-03-01,2025-10-06 10:51:16.241,23,10,0,0,0,0,1,0,0,0,0,0,1,0,0,1,0,0,0,0,1,0,0,0,0,0
CUS_0x501c,16383.26,1315.2716666666668,6,4,10,5,13,18,16.81,50,1571.79,32.0859274154232,39.58324240818486,10000.0,326.28668633482187,2024-03-01,2025-10-06 10:51:16.241,13,10,0,1,1,0,0,1,0,1,1,1,0,0,0,0,1,0,0,0,0,0,1,0,0,0
CUS_0x6ee8,69478.76,5902.8966666666665,3,6,11,1393,11,14,4.34,70,599.17,28.520182110511502,190.73897636282712,114.68861920790194,534.8620710959376,2024-03-01,2025-10-06 10:51:16.241,27,3,1,1,0,0,1,1,0,0,0,0,1,0,0,0,0,0,1,0,1,0,0,0,0,0
CUS_0xb288,126006.68,10693.556666666664,4,3,20,3,13,13,7.28,0,385.8,39.90522241502006,239.7673292742656,212.270132932984,857.318204459417,2024-03-01,2025-10-06 10:51:16.241,26,6,0,0,0,1,0,0,1,0,1,1,0,0,0,0,1,0,0,0,0,1,0,0,0,0
CUS_0x4d68,60725.28,4920.44,3,3,19,1,15,12,11.74,80,977.18,40.39675002250854,37.94909505414184,296.51018982062266,427.5847151252356,2024-03-01,2025-10-06 10:51:16.241,19,4,0,0,0,1,0,0,0,0,0,1,0,0,0,0,1,0,0,0,0,0,0,0,1,0
CUS_0x8e8,41640.54,3466.045,6,7,8,1,20,18,4.29,50,1072.42,39.483608712139,30.208315458015782,87.49353001428027,468.902654527704,2024-03-01,2025-10-06 10:51:16.241,27,6,0,1,0,0,0,0,0,0,0,0,1,0,0,0,1,0,0,0,0,1,0,0,0,0
CUS_0xbd45,36943.76,3081.8838535698683,3,5,8,3,0,5,10.35,30,1123.0,35.43020441723911,162.35654396421532,47.009598530354005,443.1613372688963,2024-03-01,2025-10-06 10:51:16.241,21,0,1,0,0,1,0,0,0,1,0,0,1,0,0,1,0,0,0,0,1,0,0,0,0,0
CUS_0x86b2,90182.31,7525.1925,1564,3,12,3,10,2,6.47,50,1283.66,36.56340762372962,139.39918446028773,249.98390320336932,633.136162336343,2024-03-01,2025-10-06 10:51:16.241,15,11,0,1,0,0,1,0,1,0,0,0,1,0,0,0,0,0,1,0,0,0,0,0,1,0
CUS_0x956f,32943.66,2811.3050000000007,5,6,14,6,20,11,14.52,100,226.74,30.153657747496577,162.93396386877555,283.1319236635353,115.06461246768922,2024-03-01,2025-10-06 10:51:16.241,10,8,0,1,0,1,1,1,0,1,0,1,0,0,0,0,0,0,1,0,0,0,0,1,0,0
CUS_0x9983,57219.92,4511.326666666667,8,6,33,6,18,24,19.25,130,4935.76,32.71172172380787,159.295824218156,63.241849296401966,478.5949931521087,2024-03-01,2025-10-06 10:51:16.241,3,8,0,0,0,1,1,1,1,0,0,1,0,0,0,0,0,1,0,0,1,0,0,0,0,0
CUS_0x9153,33444.19,2868.015833333333,4,6,6,0,13,12,22.83,20,109.26,33.8533740109445,0.0,22.349439468024762,504.4521438653086,2024-03-01,2025-10-06 10:51:16.241,26,10,0,0,0,0,0,0,0,0,0,1,0,0,0,0,1,0,0,0,0,1,0,0,0,0
CUS_0x5ecb,9015.625,1019.3020833333336,6,6,19,9,35,19,14.38,110,3664.04,35.192541065885635,62.1565499890233,10000.0,198.9223325188857,2024-03-01,2025-10-06 10:51:16.241,5,4,0,1,1,1,1,1,1,1,1,1,0,0,0,0,0,1,0,0,0,0,1,0,0,0
CUS_0x4565,19818.56,1801.5466666666669,7,9,24,9,18,19,21.7,60,4534.32,31.82648545272682,141.11514811102202,74.88810579603539,254.15141275960926,2024-03-01,2025-10-06 10:51:16.241,14,2,1,0,1,1,1,1,0,1,0,1,0,0,0,0,0,1,0,0,0,0,1,0,0,0
CUS_0x1ac9,12860.845,966.7370833333332,3,7,8,0,23,17,10.55,40,209.28,33.63203604569992,0.0,92.01152678195182,294.6621815513816,2024-03-01,2025-10-06 10:51:16.241,28,5,0,0,0,0,0,0,0,0,0,0,1,0,0,0,1,0,0,0,0,0,1,0,0,0
CUS_0x4f15,110375.04,9345.92,5,3,11,1,4,9,10.12,40,1449.78,32.77634102641629,83.07440212919626,101.1347478914664,1000.3828499793373,2024-03-01,2025-10-06 10:51:16.241,33,0,0,0,0,0,1,0,0,0,0,0,1,0,0,1,0,0,0,0,1,0,0,0,0,0
CUS_0x1546,15359.33,1484.3629985146094,7,5,13,6,25,10,13.11,60,1631.85,28.52920702810998,127.58726029025964,45.81243864892053,335.9758858795434,2024-03-01,2025-10-06 10:51:16.241,15,0,0,1,1,1,1,0,0,1,0,1,0,0,0,0,1,0,0,0,0,0,0,1,0,0
CUS_0x563d,20992.38,1621.365,5,9,25,2,24,15,9.52,110,1403.86,38.92901472591383,25.433569898385635,74.20136174804864,342.50156835356574,2024-03-01,2025-10-06 10:51:16.241,10,10,0,0,1,0,1,0,0,0,0,1,0,0,0,0,1,0,0,0,0,0,0,1,0,0
CUS_0x5c81,17497.83,1409.1525,3,7,19,4,25,15,8.13,90,2538.81,25.76684398140837,43.903944907751615,37.79856394144042,329.212741150808,2024-03-01,2025-10-06 10:51:16.241,9,11,1,0,0,1,0,0,0,1,0,1,0,0,0,0,0,0,1,0,0,0,0,0,1,0
CUS_0x6e0e,38436.68,2965.056666666667,2,5,5,1,10,6,9.6,20,22.61,36.78427959614302,28.48255057324285,91.8262414980328,426.196874595391,2024-03-01,2025-10-06 10:51:16.241,28,4,0,0,0,0,1,0,0,0,0,0,1,0,0,0,0,0,1,0,1,0,0,0,0,0
CUS_0xb69a,17282.31,1490.972429345295,5,4,1,2,17,18,8.98,20,188.54,32.40524411936522,185.9205005553245,175.4410936469018,256.17772645247874,2024-03-01,2025-10-06 10:51:16.241,29,10,1,0,0,0,1,0,0,0,0,0,1,0,0,1,0,0,0,0,0,0,1,0,0,0
CUS_0xbb43,57539.96,4636.996666666667,8,9,29,8,34,27,20.15,70,3974.8,35.950650505774554,365.0067136825231,142.64728866599046,216.04566431815311,2024-03-01,2025-10-06 10:51:16.241,2,10,1,0,1,0,1,0,1,1,0,1,0,0,0,0,0,1,0,1,0,0,0,0,0,0
CUS_0x1713,54568.92,4452.41,9,10,23,9,60,15,24.99,110,3336.99,25.13954119917869,277.30246620721414,509.7004621498785,245.48078030531602,2024-03-01,2025-10-06 10:51:16.241,12,8,1,0,1,0,0,1,1,1,1,0,0,0,0,0,0,1,0,0,0,0,1,0,0,0
CUS_0x9c4f,49077.12,4200.76,5,3,8,2,28,17,2.52,30,201.05,36.421150731547534,74.29417160100843,258.6513691051907,377.13045929380087,2024-03-01,2025-10-06 10:51:16.241,29,8,0,0,0,1,1,0,0,0,0,0,1,0,0,0,0,0,1,0,0,0,1,0,0,0
CUS_0xaea9,16236.13,1142.0108333333333,7,5,21,5,43,20,19.03,100,3300.77,31.92709646094109,66.56064222575877,146.71996055918004,190.92048054839447,2024-03-01,2025-10-06 10:51:16.241,13,11,0,0,0,1,0,1,1,0,1,1,0,0,0,0,0,1,0,0,0,0,1,0,0,0
CUS_0xbf09,87199.02,7509.585,1,7,7,0,22,12,11.13,40,395.46,35.230448147088644,62.10048916465379,396.78593402628655,552.0720768090597,2024-03-01,2025-10-06 10:51:16.241,24,2,0,0,0,0,1,0,0,0,0,0,1,0,0,1,0,0,0,1,0,0,0,0,0,0
CUS_0x6077,57742.86,4699.905,10,5,31,7,48,26,2.61,100,1758.91,30.11885945912075,291.64152723016184,307.9432160982837,130.4057566715544,2024-03-01,2025-10-06 10:51:16.241,12,8,0,1,1,1,0,1,1,1,0,1,0,0,0,0,0,0,1,1,0,0,0,0,0,0
CUS_0x648b,20946.94,1837.578333333333,8,7,34,4,22,9,16.52,100,2266.23,30.618366144159157,46.630495398915976,82.68364547231918,344.44369246209817,2024-03-01,2025-10-06 10:51:16.241,16,11,1,0,0,0,1,1,0,1,0,0,0,0,0,0,0,0,1,0,0,0,0,0,0,1
CUS_0xa66a,42951.62,3580.3016666666667,0,3,5,4,13,7,11.7,40,1077.34,33.97686122326985,80.5143834387905,88.62128207539725,438.8945011524789,2024-03-01,2025-10-06 10:51:16.241,23,8,1,0,0,0,0,0,1,1,1,0,1,0,0,0,0,0,1,0,1,0,0,0,0,0
CUS_0x23a1,16579.55,1485.6291666666666,7,6,12,2,20,12,8.74,120,1467.16,38.40332337626603,16.95401858919544,54.65654079465578,326.95235728281546,2024-03-01,2025-10-06 10:51:16.241,19,9,0,0,1,0,1,0,0,0,0,1,0,0,0,0,1,0,0,0,1,0,0,0,0,0
CUS_0x2ccb,100100.22,8291.685,5,4,7,0,14,8,3.94,60,1472.32,37.60751316831451,0.0,275.54598373078886,803.6225162692111,2024-03-01,2025-10-06 10:51:16.241,24,4,0,0,0,0,0,0,0,0,0,0,1,0,0,1,0,0,0,0,1,0,0,0,0,0
CUS_0x41ce,11831.605,1083.9670833333334,6,4,20,4,6,18,0.8700000000000001,50,860.8,34.92551006127008,33.34467082174971,68.88112792217075,266.17090958941293,2024-03-01,2025-10-06 10:51:16.241,28,8,0,1,1,1,0,1,0,0,0,1,0,0,0,0,1,0,0,1,0,0,0,0,0,0
CUS_0x61c8,42337.39,3545.1158333333333,2,4,4,2,12,12,2.29,20,568.61,33.618833300259105,39.434381322701725,40.59660476310581,524.4805972475258,2024-03-01,2025-10-06 10:51:16.241,32,4,0,1,1,0,0,0,0,0,0,0,1,0,0,1,0,0,0,0,1,0,0,0,0,0
CUS_0x629,15806.84,1140.236666666667,6,5,21,3,15,12,3.41,120,2580.63,25.323835437829985,29.02999324005239,43.28507337705768,321.7086000495566,2024-03-01,2025-10-06 10:51:16.241,19,9,0,0,0,1,0,0,1,1,0,1,0,0,0,0,0,1,0,0,0,0,0,1,0,0
CUS_0x3356,30081.37,2333.780833333333,1,2,3,1,1,12,9.18,10,1421.99,34.51946336159577,13.67171284481858,195.85327085340077,293.853099635114,2024-03-01,2025-10-06 10:51:16.241,30,4,1,0,0,0,0,0,0,0,0,0,1,0,0,1,0,0,0,0,0,0,0,0,0,1
CUS_0x55b5,18793.34,1612.111666666667,0,7,8,2,7,4,2.89,30,863.66,28.535746970921863,27.30133708141817,59.156783713488046,334.7530458717605,2024-03-01,2025-10-06 10:51:16.241,28,11,0,0,0,0,1,0,0,0,1,0,1,0,0,1,0,0,0,0,0,0,0,0,0,1
CUS_0xb172,35093.6,2969.4666666666667,4,4,19,0,5,8,4.27,30,916.22,24.97729492634752,0.0,264.43571588842383,312.5109507782428,2024-03-01,2025-10-06 10:51:16.241,31,8,0,0,0,0,0,0,0,0,0,1,0,0,0,0,0,0,1,0,0,0,0,1,0,0
CUS_0x1ac0,7011.685,680.3070833333334,8,9,31,0,23,22,1.83,100,2425.02,36.49948716294439,18.87292300097473,66.32463808391704,272.83314724844155,2024-03-01,2025-10-06 10:51:16.241,17,9,0,1,0,1,1,1,0,0,0,0,0,0,0,0,0,0,1,0,0,0,1,0,0,0
CUS_0xa547,85059.6,6851.3,4,3,17,5,5,15,13.62,130,353.75,29.519915908862835,207.9930829662456,66.64473561175696,650.4921814219978,2024-03-01,2025-10-06 10:51:16.241,18,0,0,1,1,1,0,0,1,0,0,1,0,0,0,0,1,0,0,0,0,1,0,0,0,0
CUS_0x1591,150746.88,12589.24,0,5,11,0,2,4,1.31,30,696.58,36.90124922137392,0.0,1103.3564746830991,435.56752531690086,2024-03-01,2025-10-06 10:51:16.241,30,2,0,0,0,0,0,0,0,0,0,0,1,0,0,1,0,0,0,0,0,0,0,1,0,0
CUS_0x19b2,34134.78,2707.565,8,7,25,7,6,20,19.06,150,2374.78,24.65338528588468,195.5160024874414,161.16995697175355,174.0705405408051,2024-03-01,2025-10-06 10:51:16.241,14,2,1,1,0,0,1,1,0,1,1,1,0,0,0,0,1,0,0,1,0,0,0,0,0,0
CUS_0x1d85,19455.49,1428.2908333333337,7,3,20,2,15,17,15.46,90,1427.03,36.39292995195802,31.30713069585225,136.19558040764522,255.3263722298359,2024-03-01,2025-10-06 10:51:16.241,12,9,0,0,0,0,1,1,0,0,0,1,0,0,0,0,1,0,0,0,0,0,0,1,0,0
CUS_0x9146,16989.6,1165.8,5,6,7,3,8,0,10.09,60,59.76,25.9361488298865,29.197023920072173,45.08543738992152,292.2975386900063,2024-03-01,2025-10-06 10:51:16.241,20,10,0,1,1,0,0,0,0,0,0,0,1,0,0,1,0,0,0,0,1,0,0,0,0,0
CUS_0xae0b,8037.285,924.77375,5,3,29,5,21,15,13.66,110,2571.36,29.92704570484001,19.035909645514263,62.49248242010836,300.94898293437734,2024-03-01,2025-10-06 10:51:16.241,9,4,0,1,1,1,0,1,0,0,1,1,0,0,0,0,0,0,1,0,0,0,1,0,0,0
CUS_0x6e38,63572.76,5566.730000000001,3,3,7,1,30,14,7.77,40,401.58,30.18247431658249,37.59040175942533,74.77060449646751,694.3119937441072,2024-03-01,2025-10-06 10:51:16.241,18,11,0,0,1,0,0,0,0,0,0,0,1,0,0,0,0,0,1,0,1,0,0,0,0,0
CUS_0x88fd,105842.96,9094.246666666668,7,7,15,2,7,8,1.2,50,303.24,28.09770654964602,122.93018168028244,10000.0,815.7561925867952,2024-03-01,2025-10-06 10:51:16.241,18,11,1,0,0,0,0,0,1,0,0,0,1,0,0,0,0,0,1,0,0,0,0,0,0,1
CUS_0x8ebd,8906.93,780.2441666666667,6,5,21,6,34,22,4.26,80,2123.11,33.324161024711074,29.121218998827125,49.215966470147364,259.6872311976922,2024-03-01,2025-10-06 10:51:16.241,15,4,1,1,1,0,1,0,0,0,1,0,0,0,0,0,0,1,0,1,0,0,0,0,0,0
CUS_0x40d4,34428.72,2923.06,4,3,9,5,6,18,12.48,120,478.11,31.615314864950484,130.01871672380233,86.41315985810097,346.9242003407448,2024-03-01,2025-10-06 10:51:16.241,8,2,1,1,0,1,1,0,0,0,1,1,0,0,0,0,1,0,0,0,0,0,0,1,0,0
CUS_0xb9f,14161.865,1361.1554166666667,5,7,14,0,5,18,13.58,60,1331.37,25.573487353091465,0.0,63.459026721102276,342.65651494556437,2024-03-01,2025-10-06 10:51:16.241,21,4,0,0,0,0,0,0,0,0,0,0,0,0,0,0,0,0,1,0,0,0,0,0,1,0
CUS_0x45e1,116680.84,10017.403333333334,5,5,8,3,8,9,11.63,90,341.88,40.94819340130863,178.35814413662033,608.5435785136012,850.0035269300215,2024-03-01,2025-10-06 10:51:16.241,24,0,0,1,1,0,0,0,1,0,0,1,0,0,0,0,1,0,0,0,1,0,0,0,0,0
CUS_0xa2f4,15836.57,1552.7141666666666,7,8,18,7,48,20,17.85,60,4880.95,26.3880532076932,50.42557277379056,90.62882987074566,274.21701402213046,2024-03-01,2025-10-06 10:51:16.241,10,2,1,0,1,1,0,0,0,0,1,1,0,0,0,0,0,1,0,1,0,0,0,0,0,0
CUS_0xb794,20222.09,1864.174166666667,4,6,6,3,2,1,9.27,10,1084.12,32.6204138292647,31.81502402629093,81.86048922916152,352.7419034112142,2024-03-01,2025-10-06 10:51:16.241,22,8,0,0,0,1,1,1,0,0,0,0,0,0,0,1,0,0,0,0,0,0,0,1,0,0
CUS_0xa75c,56483.64,4900.97,8,3,443,3,21,19,5.72,40,213.93,22.96927941564685,87.7421933829331,243.1470506705914,419.20775594647563,2024-03-01,2025-10-06 10:51:16.241,23,0,1,0,0,0,1,0,0,0,1,0,1,0,0,0,0,0,1,1,0,0,0,0,0,0
CUS_0x27ab,134993.79,11462.4825,1,6,1292,3,9,10,10.64,50,629.16,35.29101681872609,280.8381170557317,1030.3044715669494,125.10566137731928,2024-03-01,2025-10-06 10:51:16.241,16,3,0,0,0,1,0,1,0,0,1,0,1,0,0,0,0,0,1,0,0,0,1,0,0,0
CUS_0x6fc4,87247.62,7005.634999999998,3,1,11,0,12,7,5.3,0,274.48,24.584016572463703,0.0,301.502111308888,669.0613886911119,2024-03-01,2025-10-06 10:51:16.241,26,6,0,0,0,0,0,0,0,0,0,0,1,0,0,1,0,0,0,0,0,0,0,0,1,0
CUS_0x8232,9394.66,593.8883333333333,7,6,34,0,20,18,4.58,100,1686.78,37.72754892006628,33.21948646000168,64.95115278937273,251.2181940839589,2024-03-01,2025-10-06 10:51:16.241,7,0,1,0,1,0,0,0,1,0,0,1,0,0,0,0,0,1,0,0,0,0,1,0,0,0
CUS_0x2508,15131.11,1321.9258333333337,7,8,15,9,15,15,18.12,70,2776.52,29.44942887937912,86.06891364198795,90.84269352553459,245.2809761658108,2024-03-01,2025-10-06 10:51:16.241,1,11,0,0,1,1,1,1,1,1,1,1,0,0,0,0,0,1,0,0,0,0,1,0,0,0
CUS_0x8b3e,32835.4,2690.2833333333333,2,6,2,1,13,11,5.35,70,866.86,34.696413196804855,14.03481796499766,66.0338791674871,458.9596362008486,2024-03-01,2025-10-06 10:51:16.241,27,0,0,0,0,0,0,0,0,1,0,0,1,0,0,0,0,0,1,0,0,0,0,0,1,0
CUS_0x112d,14728.21,1480.3508333333332,10,9,31,0,49,11,9.27,70,2390.37,31.96601770183103,41.58565127954797,103.2308182853155,311.19730867353246,2024-03-01,2025-10-06 10:51:16.241,16,11,0,0,0,1,1,0,0,1,0,1,0,0,0,0,0,0,1,0,0,0,1,0,0,0
CUS_0x6187,44941.95,3946.1625,4,6,3,1,4,7,4.32,70,1150.28,24.008915824952844,22.43472477809852,150.4880624176582,481.69346280424327,2024-03-01,2025-10-06 10:51:16.241,31,2,0,0,0,0,0,0,0,1,0,0,1,0,0,1,0,0,0,1,0,0,0,0,0,0
CUS_0x8274,20574.87,1620.5725,6,6,20,2,10,19,1.38,70,642.59,25.91192393773089,27.51493608077465,66.36018560952289,338.1821283097025,2024-03-01,2025-10-06 10:51:16.241,33,4,1,0,0,0,0,0,0,1,0,0,1,0,0,0,1,0,0,0,0,0,0,0,1,0
CUS_0x8916,54908.22,4440.685,4,3,6,0,9,20,18.65,60,1282.04,35.1605243790329,0.0,112.10128434007186,571.9672156599282,2024-03-01,2025-10-06 10:51:16.241,16,0,0,0,0,0,0,0,0,0,0,1,0,0,0,0,1,0,0,0,0,1,0,0,0,0
CUS_0x6b88,31461.84,2903.82,7,3,12,5,29,11,19.3,60,886.09,25.0472291908337,68.7586491895531,278.3711356836592,223.25221512678775,2024-03-01,2025-10-06 10:51:16.241,10,6,0,0,0,0,0,1,1,1,0,1,0,0,0,0,1,0,0,0,0,0,0,1,0,0
CUS_0x2db3,107742.32,8761.526666666667,3,6,3,0,11,20,1.88,90,1158.65,25.4787779170801,0.0,598.8217187495785,557.3309479170881,2024-03-01,2025-10-06 10:51:16.241,16,4,0,0,0,0,0,0,0,0,0,0,1,0,0,1,0,0,0,0,0,0,0,1,0,0
CUS_0x1096,12931.56,1348.63,4,4,9,3,18,20,18.51,30,752.86,27.70974959154035,20.579154708485927,105.56661253457969,298.7172327569344,2024-03-01,2025-10-06 10:51:16.241,21,4,0,0,0,0,1,0,1,0,1,1,0,0,0,0,1,0,0,0,0,0,1,0,0,0
CUS_0x783b,21537.99,1530.8325000000002,5,5,15,0,10,9,11.85,40,599.23,24.998210731462542,0.0,52.62807312033284,350.4551768796672,2024-03-01,2025-10-06 10:51:16.241,17,2,0,0,0,0,0,0,0,0,0,0,1,0,0,0,1,0,0,0,1,0,0,0,0,0
CUS_0x9233,18256.6,1662.3833333333332,7,6,21,5,46,20,15.65,100,4670.52,29.076825951268177,72.62659396613098,10000.0,282.71147196439057,2024-03-01,2025-10-06 10:51:16.241,2,2,0,0,1,0,0,0,1,0,1,1,0,0,0,0,0,0,1,0,1,0,0,0,0,0
CUS_0xa2b2,71305.22,5914.1016666666665,8,4,18,0,17,15,8.49,50,1004.26,36.51656362248501,0.0,162.0240615554965,689.3861051111702,2024-03-01,2025-10-06 10:51:16.241,23,5,0,0,0,0,0,0,0,0,0,0,1,0,0,0,1,0,0,1,0,0,0,0,0,0
CUS_0xac19,42216.93,3524.0775,10,5,15,7,39,16,19.95,100,1890.92,36.784957758640616,206.0735038318816,240.93292044981084,185.40132571830767,2024-03-01,2025-10-06 10:51:16.241,14,8,1,0,1,1,1,0,1,1,0,0,0,0,0,0,1,0,0,0,0,0,0,1,0,0
CUS_0x429a,68667.56,5929.296666666666,7,6,21,3,26,9,15.03,70,1384.94,26.409333367592694,146.82745256942155,155.6235440090221,540.478670088223,2024-03-01,2025-10-06 10:51:16.241,9,8,0,0,0,0,0,1,1,0,0,1,0,0,0,0,1,0,0,0,1,0,0,0,0,0
CUS_0x5e6a,31762.34,2262.4427560755803,3,6,7,2,24,12,0.51,40,175.33,39.51285361463648,325.3988706993963,151.51931372424386,344.2868928341128,2024-03-01,2025-10-06 10:51:16.241,31,9,0,1,0,1,0,0,0,0,0,0,1,0,0,0,1,0,0,0,0,0,0,0,0,1
CUS_0xae15,30564.96,2263.08,7,6,9,1,10,8,0.62,0,1142.05,37.843911521088685,77033.0,36.95348084701407,415.7472995963491,2024-03-01,2025-10-06 10:51:16.241,24,3,0,0,0,0,0,0,0,0,1,0,1,0,0,0,1,0,0,0,0,1,0,0,0,0
CUS_0x3655,177907.72,13078.43005200982,0,6,6,0,8,10,10.76,0,685.01,45.9246552996562,1634.2132813235144,327.28282179955244,1383.981511533781,2024-03-01,2025-10-06 10:51:16.241,31,2,0,0,0,0,0,0,0,0,0,0,1,0,0,1,0,0,0,0,0,1,0,0,0,0
CUS_0x9046,30528.52,2269.043333333333,1122,2,6,1,3,10,2.26,50,3.68,36.56173305574646,15.557321552275488,10000.0,377.734679209856,2024-03-01,2025-10-06 10:51:16.241,19,3,0,1,0,0,0,0,0,0,0,0,1,0,0,1,0,0,0,0,0,0,0,1,0,0
CUS_0xa2b9,27172.31,2203.3591666666666,7,6,4561,1,27,12,10.62,0,1235.92,36.29102642869674,13.139578875076564,21.084388210259085,426.1119495813311,2024-03-01,2025-10-06 10:51:16.241,17,5,0,0,0,0,1,0,0,0,0,0,1,0,0,0,1,0,0,0,0,1,0,0,0,0
CUS_0x3224,53181.21,4636.7675,5,5,8,3,13,13,0.0,40,1942.0,37.98904525437329,84.02175113249713,110.56294025516964,519.0920586123333,2024-03-01,2025-10-06 10:51:16.241,10,2,0,0,0,0,1,1,0,0,0,1,0,0,0,0,1,0,0,0,0,0,0,0,0,1
CUS_0x844d,29170.78,2588.898333333333,0,6,8,0,12,12,5.39,40,1181.13,24.43417492742748,32.501857743138984,180.78183058871244,325.60614500148193,2024-03-01,2025-10-06 10:51:16.241,21,11,0,1,1,0,0,0,0,0,0,0,1,0,0,1,0,0,0,0,0,0,0,0,0,1
CUS_0x40f2,18322.56,1796.88,1277,5,29,9,42,20,24.26,90,4763.02,26.30322904206705,84.03643965758774,31.894800513953594,303.75675982845866,2024-03-01,2025-10-06 10:51:16.241,14,3,1,0,1,1,1,0,1,0,1,1,0,0,0,0,0,1,0,0,0,1,0,0,0,0
CUS_0xb6d0,107633.88,9121.49,7,6,18,1,5,19,18.11,13700,15.58,35.77359079255896,46.46856767094772,917.2147927871332,228.46563954191902,2024-03-01,2025-10-06 10:51:16.241,26,4,0,0,0,0,0,0,0,0,1,1,0,0,0,0,0,0,1,0,0,0,0,1,0,0
CUS_0x6c4e,15784.29,1147.3575,5,5,9,7,7,14,0.0,70,485.24,29.804982992627203,91.89197618391913,111.50197946685806,201.3417943492228,2024-03-01,2025-10-06 10:51:16.241,17,9,0,1,1,0,0,1,0,1,1,1,0,0,0,0,1,0,0,0,0,0,1,0,0,0
CUS_0x5435,35263.44,2739.620000000001,6,5,5,0,11,15,9.21,70,410.0,32.38408944928329,0.0,260.49161511668314,293.47038488331685,2024-03-01,2025-10-06 10:51:16.241,27,11,0,0,0,0,0,0,0,0,0,0,1,0,0,0,1,0,0,0,0,0,0,1,0,0
CUS_0x6da8,37607.28,2842.94,3,6,17,3,16,14,21.0,90,1361.67,33.16398471602421,81.81690606825181,170.93834074861672,291.53875318313146,2024-03-01,2025-10-06 10:51:16.241,19,4,0,1,0,0,1,0,1,0,0,0,0,0,0,0,1,0,0,1,0,0,0,0,0,0
CUS_0x7caf,147499.6,12353.633333333331,2,2,12,2,14,2,0.21,20,1250.67,30.58439367083826,192.2064832741598,855.2316936907898,447.9251563683838,2024-03-01,2025-10-06 10:51:16.241,20,9,0,0,0,0,0,0,0,1,1,0,1,0,0,1,0,0,0,1,0,0,0,0,0,0
CUS_0x300b,8394.57,818.5475,7,7,28,5,5,6,22.03,90,1812.46,21.80482189502799,29.9077094219483,32.74019030202498,269.20685027602667,2024-03-01,2025-10-06 10:51:16.241,8,0,0,1,0,0,1,0,0,1,1,1,0,0,0,0,1,0,0,0,1,0,0,0,0,0
CUS_0x3243,40377.89,3206.8241666666668,5,7,2,4,10,6,3.35,40,1410.14,27.16129917844618,119.13973687493186,211.8780555234649,279.66462426827,2024-03-01,2025-10-06 10:51:16.241,28,5,0,1,0,0,1,0,0,0,1,0,1,0,0,1,0,0,0,0,0,0,1,0,0,0
CUS_0x41c1,20282.42,1460.2016666666666,4,4,14,4,30,17,7.82,40,489.03,27.513591321639986,35.386273740844544,104.18972299232745,296.4441699334946,2024-03-01,2025-10-06 10:51:16.241,16,8,0,0,1,1,0,0,1,0,0,1,0,0,0,0,1,0,0,0,0,0,1,0,0,0
CUS_0x40e6,20492.45,1534.7041666666669,0,7,2,1,8,0,11.69,40,429.71,25.552085250048805,13.23985241130044,82.46763922907004,327.7629250262962,2024-03-01,2025-10-06 10:51:16.241,26,0,1,0,0,0,0,0,0,0,0,0,1,0,0,1,0,0,0,0,0,0,0,0,1,0
CUS_0x9783,60843.33,4902.2775,4,6,14,3,22,18,14.420000000000002,110,1494.43,29.52679538624316,151.97884953638462,159.64906408514466,428.59983637847074,2024-03-01,2025-10-06 10:51:16.241,20,6,0,1,0,0,0,1,0,1,0,1,0,0,0,0,0,0,1,0,1,0,0,0,0,0
CUS_0x6e1c,82230.76,6853.563333333333,1,878,5,0,1,133,6.05,60,1260.01,30.149075770082923,0.0,146.77820283349678,778.5781304998366,2024-03-01,2025-10-06 10:51:16.241,31,0,0,0,0,0,0,0,0,0,0,0,1,0,0,1,0,0,0,0,0,1,0,0,0,0
CUS_0x7d8,19288.47,1408.3725000000004,10,6,21,6,55,20,8.52,110,1873.07,33.513087352195605,49.388698993595206,118.09537243635481,263.35317857005003,2024-03-01,2025-10-06 10:51:16.241,5,11,0,0,0,0,1,1,1,1,1,1,0,0,0,0,0,1,0,0,0,0,1,0,0,0
CUS_0xc258,100713.72,8401.81,3,6,5,0,8,9,15.83,40,138.92,34.353192737022354,325.1832678664092,616.3549660586308,178.64276607496018,2024-03-01,2025-10-06 10:51:16.241,7,0,0,0,1,0,0,1,0,1,1,1,0,0,0,0,1,0,0,0,0,0,0,1,0,0
CUS_0xbdca,9106.335,555.8612499999998,4,5,9,6,15,18,16.23,80,2485.16,33.746420575477345,39.38429556158167,17.087200020818006,249.11462941760036,2024-03-01,2025-10-06 10:51:16.241,18,0,1,1,0,1,0,0,1,0,1,1,0,0,0,0,1,0,0,0,1,0,0,0,0,0
CUS_0x21f4,114597.04,9366.753333333332,7,6,4,4,32,8,10.54,20,926.18,26.436312797585312,225.9237622586666,327.61966834569836,633.1319027289683,2024-03-01,2025-10-06 10:51:16.241,31,9,0,1,0,0,1,1,0,1,0,0,1,0,0,1,0,0,0,0,1,0,0,0,0,0
CUS_0x39c5,16117.63,1322.1358333333333,6,9,26,2,27,24,5.83,90,1488.01,30.26155053173237,23.31680754441411,146.1424773891697,252.75429839974956,2024-03-01,2025-10-06 10:51:16.241,17,4,0,0,0,1,0,1,0,0,0,1,0,0,0,0,0,1,0,0,0,0,1,0,0,0
CUS_0xafb6,35149.1,2935.0916666666667,4,200,5,4,13,7,6.17,40,527.39,33.620540113952735,97.64015885660848,153.10151369031828,332.76749411973987,2024-03-01,2025-10-06 10:51:16.241,20,7,0,1,0,0,0,1,0,0,0,0,1,0,0,1,0,0,0,0,0,0,1,0,0,0
