Customer_ID,Annual_Income,Monthly_Inhand_Salary,Num_Bank_Accounts,Num_Credit_Card,Interest_Rate,Num_of_Loan,Delay_from_due_date,Num_of_Delayed_Payment,Changed_Credit_Limit,Num_Credit_Inquiries,Outstanding_Debt,Credit_Utilization_Ratio,Total_EMI_per_month,Amount_invested_monthly,Monthly_Balance,snapshot_date,_ingested_at_utc,credit_history_age_year,credit_history_age_month,mortgage_loan,auto_loan,credit_builder_loan,personal_loan,not_specified,student_loan,home_equity_loan,payday_loan,debt_consolidation_loan,ohe__payment_of_min_amount__yes,ohe__payment_of_min_amount__no,ohe__payment_of_min_amount__nm,ohe__payment_of_min_amount__unknown,ohe__credit_mix__good,ohe__credit_mix__standard,ohe__credit_mix__bad,ohe__credit_mix__unknown,ohe__payment_behaviour__high_spent_small_value_payments,ohe__payment_behaviour__high_spent_medium_value_payments,ohe__payment_behaviour__high_spent_large_value_payments,ohe__payment_behaviour__low_spent_small_value_payments,ohe__payment_behaviour__low_spent_medium_value_payments,ohe__payment_behaviour__low_spent_large_value_payments,ohe__payment_behaviour__unknown
CUS_0x29cd,17818.53,1354.1421030584586,5,6,11,2,7,6,8.6,50,1452.64,28.742437077081,103.29708940059862,109.52073958014844,297.0053179607941,2023-12-01,2025-10-06 10:50:45.508,24,6,0,0,1,0,0,0,1,0,0,0,1,0,0,1,0,0,0,0,0,0,1,0,0,0
CUS_0x30ae,40512.0,3091.0,8,8,15,9,29,20,22.04,100,3971.97,34.88176273287857,169.48650071860033,118.42362735020949,311.1898719311903,2023-12-01,2025-10-06 10:50:45.508,13,10,1,1,0,1,1,0,0,1,1,1,0,0,0,0,0,0,1,0,0,0,1,0,0,0
CUS_0x5f34,125385.88,10720.823333333334,2,5,5,4,15,4,6.3599999999999985,50,1268.57,31.93902608124641,364.3603101561969,422.2093596962079,535.5126634809286,2023-12-01,2025-10-06 10:50:45.508,25,2,1,0,0,1,1,0,0,0,1,0,1,0,0,0,0,0,1,0,1,0,0,0,0,0
CUS_0x6a11,33352.41,2671.207497770301,6,4,10,2,13,22,17.68,50,1422.2,32.42260514819458,175.7010567578088,46.770510488848764,449.9251849830417,2023-12-01,2025-10-06 10:50:45.508,18,10,0,1,0,0,0,0,0,0,0,0,1,0,0,0,1,0,0,0,1,0,0,0,0,0
CUS_0x1355,9474.16,745.5133333333333,7,6,30,2,58,15,17.57,90,2370.05,35.142277791467826,15.00342697932101,37.512947678492544,302.03495867551976,2023-12-01,2025-10-06 10:50:45.508,9,11,0,0,0,0,1,0,1,0,0,1,0,0,0,0,0,1,0,0,0,0,0,1,0,0
CUS_0x33d6,17599.48,1202.6233333333332,2,6,6,1412,12,1,0.0,0,1426.15,36.28167079934264,13.08069087982678,77.0585657554726,290.12307669803397,2023-12-01,2025-10-06 10:50:45.508,19,2,0,0,0,0,0,0,0,1,0,0,1,0,0,1,0,0,0,0,0,0,0,0,0,1
CUS_0x5629,33465.57,2820.7975,0,5,10,2,11,2,4.62,10,531.91,39.24389054763851,40.22460348863007,53.913863322682325,447.9412831886876,2023-12-01,2025-10-06 10:50:45.508,31,2,0,0,0,0,0,1,0,0,1,0,1,0,0,1,0,0,0,1,0,0,0,0,0,0
CUS_0x837,14252.75,1434.729166666667,8,8,22,6,51,25,0.0,130,2649.82,24.616604814488035,62.90124481687398,109.2192352432628,261.35243660652986,2023-12-01,2025-10-06 10:50:45.508,7,6,1,0,1,1,0,0,1,0,0,1,0,0,0,0,0,0,1,0,0,0,1,0,0,0
CUS_0x9c34,17680.79,1329.3991666666668,9,7,23,5,38,24,26.7,110,4894.42,27.934988322660278,71.47433778123587,93.8582307036864,257.60734818174444,2023-12-01,2025-10-06 10:50:45.508,7,0,0,1,1,0,0,1,1,1,0,1,0,0,0,0,0,1,0,0,0,0,1,0,0,0
CUS_0x279c,86911.16,7303.596666666667,7,3,8,1,27,19,15.42,120,174.9,30.12709186322464,49.42789468985477,10000.0,359.6997793187325,2023-12-01,2025-10-06 10:50:45.508,15,9,0,0,0,1,0,0,0,0,0,1,0,0,0,0,1,0,0,0,0,0,0,0,1,0
CUS_0x5426,128163.36000000002,10648.28,5,7,7,4,14,3,8.79,50,1494.56,36.957413242507904,281.79230109924765,276.71069276712456,756.3250061336279,2023-12-01,2025-10-06 10:50:45.508,18,9,0,1,0,0,1,1,1,0,0,0,1,0,0,1,0,0,0,0,1,0,0,0,0,0
CUS_0xb066,40702.96,3536.913333333333,6,6,32,5,34,23,25.82,130,2667.87,37.0257240901549,110.1978582739481,52.39891084413474,441.09456421525056,2023-12-01,2025-10-06 10:50:45.508,6,11,0,0,1,0,0,1,0,0,1,0,0,0,0,0,0,1,0,0,1,0,0,0,0,0
CUS_0x2000,66227.56,5699.963333333332,10,9,31,2,46,15,0.0,100,1854.23,35.86519826246671,77.13000491001006,100.48158157454573,642.3847468487776,2023-12-01,2025-10-06 10:50:45.508,16,2,1,0,0,0,0,0,0,0,1,1,0,0,0,0,0,1,0,0,1,0,0,0,0,0
CUS_0x6b44,20742.46,1801.5383333333327,5,4,8,5,14,18,16.0,22380,1319.87,28.18747137996993,60.06611255618279,166.80433825386714,243.28338252328342,2023-12-01,2025-10-06 10:50:45.508,16,7,1,0,0,0,1,1,1,0,0,1,0,0,0,0,1,0,0,0,0,0,1,0,0,0
CUS_0x9d89,18413.795,1524.4829166666666,5,7,15,0,12,11,7.36,30,99.41,36.482981507631095,0.0,64.00276489235027,348.4455267743164,2023-12-01,2025-10-06 10:50:45.508,32,6,0,0,0,0,0,0,0,0,0,0,0,0,0,0,1,0,0,1,0,0,0,0,0,0
CUS_0x1e8c,60078.27,4758.5225,5,7,11,4,4,6,2.72,90,2198.8,29.12911052458192,128.9062474407346,408.33967129460405,229.8760005298797,2023-12-01,2025-10-06 10:50:45.508,16,0,0,0,0,0,0,1,1,1,1,1,0,0,0,0,1,0,0,0,0,0,0,0,1,0
CUS_0x9281,46352.82,4000.735,6,9,32,4,62,20,16.4,130,2353.7,29.07365193898785,93.1089749501728,229.25282697739866,357.7116980724286,2023-12-01,2025-10-06 10:50:45.508,17,9,1,0,1,1,0,0,0,0,1,1,0,0,0,0,0,1,0,0,0,0,0,1,0,0
CUS_0x9595,1.7474415E7,9541.596666666666,0,5,9,2,1,1,9.14,30,286.29,25.454506085374817,166.99180844726837,745.4997489596343,321.66810925976404,2023-12-01,2025-10-06 10:50:45.508,26,3,0,1,0,0,0,1,0,0,0,0,1,0,0,0,0,0,1,0,0,0,0,1,0,0
CUS_0xc5f9,32152.97,2602.414166666667,4,884,6,2,6,17,13.06,60,612.91,26.70732833973184,33.40830422059405,187.63870749132056,261.08197802113966,2023-12-01,2025-10-06 10:50:45.508,11,8,1,0,1,0,0,0,0,0,0,1,0,0,0,0,0,0,1,0,0,0,0,0,1,0
CUS_0x16a6,20833.08,1607.09,4,5,17,5,17,8,18.73,80,1231.29,33.92197133329377,67.48557378110357,26.495358516069192,306.7280677028273,2023-12-01,2025-10-06 10:50:45.508,11,8,1,0,0,1,1,1,0,0,0,1,0,0,0,0,0,0,1,0,0,1,0,0,0,0
CUS_0x219b,48072.27,4151.022500000001,7,5,15,9,57,16,7.37,150,1434.39,25.83673339154553,305.05907609916625,84.03462657126384,266.00854732957004,2023-12-01,2025-10-06 10:50:45.508,7,3,1,0,1,1,1,1,0,0,0,0,0,0,0,0,0,1,0,0,0,1,0,0,0,0
CUS_0x7a7f,35707.45,3124.620833333333,8,4,5,3,12,10,2.14,80,933.97,31.694127805358487,75.50815553778726,65.74576287819211,431.208164917354,2023-12-01,2025-10-06 10:50:45.508,19,6,1,1,0,0,0,0,0,1,0,0,1,0,0,1,0,0,0,1,0,0,0,0,0,0
CUS_0x9741,14067.58,920.2983333333334,9,6,20,8,16,19,1.5699999999999998,90,3043.88,25.58438022779027,71.63048026582938,82.85050110802744,207.5488519594765,2023-12-01,2025-10-06 10:50:45.508,9,4,1,0,0,1,0,1,0,1,1,1,0,0,0,0,0,1,0,0,0,0,0,0,1,0
CUS_0x589c,22705.83,1728.1525,4,6,4,2,27,12,4.53,80,854.1,30.80187406073385,22.670802698934494,143.96441330410445,296.18003399696113,2023-12-01,2025-10-06 10:50:45.508,32,4,0,1,0,0,1,0,0,0,0,0,1,0,0,1,0,0,0,0,0,0,1,0,0,0
CUS_0x7de5,18613.045,1394.087083333333,1,3,5,3,29,6,8.54,90,1288.31,30.81748190745741,34.39606374689404,146.6927773461145,248.3198672403248,2023-12-01,2025-10-06 10:50:45.508,16,11,0,0,0,0,0,0,1,1,1,0,1,0,0,1,0,0,0,0,0,0,1,0,0,0
CUS_0x67e5,14733.99,1462.8325,10,8,28,0,17,13,19.97,170,2500.42,38.31516388029355,52.12942232075586,123.12919298089386,261.02463469835027,2023-12-01,2025-10-06 10:50:45.508,18,2,0,0,1,0,1,1,0,1,0,1,0,0,0,0,1,0,0,0,0,0,1,0,0,0
CUS_0xa741,73610.5,6136.208333333332,7,6,5,7,19,11,17.3,80,291.67,37.19107830546962,254.68680567277988,250.658398148395,358.27562951215833,2023-12-01,2025-10-06 10:50:45.508,18,0,1,0,1,0,0,1,1,1,0,0,0,0,0,0,1,0,0,0,1,0,0,0,0,0
CUS_0x4bde,30884.06,2301.6716666666666,5,10,30,7,23,20,15.78,110,2336.66,23.89148409490816,150.6905643397391,112.44252269736627,257.0340796295613,2023-12-01,2025-10-06 10:50:45.508,19,9,1,1,1,1,1,0,1,0,1,1,0,0,0,0,1,0,0,0,0,0,1,0,0,0
CUS_0xc664,17517.69,1373.8075,8,6,29,6,18,20,15.53,70,2520.94,30.674077172793,45.70526666377369,84.21647701905037,287.45900631717586,2023-12-01,2025-10-06 10:50:45.508,12,10,0,1,0,0,0,1,1,1,1,1,0,0,0,0,1,0,0,0,0,0,0,1,0,0
CUS_0x804d,21897.505,1986.792083333333,1,1,1,1,15,7,9.83,10,630.68,38.23146849954002,15.48746379451304,139.89816475038734,313.2935797884329,2023-12-01,2025-10-06 10:50:45.508,28,4,1,0,0,0,0,0,0,0,0,0,1,0,0,1,0,0,0,0,0,0,0,0,1,0
CUS_0x81d7,18323.175,1504.93125,1,201,4,0,6,12,2.08,60,879.33,38.31302052293128,0.0,42.16525605806918,388.32786894193083,2023-12-01,2025-10-06 10:50:45.508,19,6,0,0,0,0,0,0,0,0,0,0,1,0,0,0,0,0,1,0,0,0,0,1,0,0
CUS_0x4cd5,21313.765,1590.147083333333,0,3,1626,4,11,6,14.96,10,730.84,26.22900085760568,69.39214699491464,150.24890424772875,219.37365709068996,2023-12-01,2025-10-06 10:50:45.508,24,0,0,0,1,1,1,0,0,0,1,0,1,0,0,1,0,0,0,0,0,0,0,1,0,0
CUS_0xa1f1,25664.86,1904.7383333333328,7,7,17,0,10,11,0.9,20,3.74,28.60578081146416,0.0,119.81542017436009,360.6584131589733,2023-12-01,2025-10-06 10:50:45.508,26,2,0,0,0,0,0,0,0,0,0,1,0,0,0,0,1,0,0,0,0,0,1,0,0,0
CUS_0xa54b,91690.53,7795.8775,2,6,2,2,6,8,4.95,40,1295.18,26.4487805517104,130.85085776482154,653.4233341850993,275.3135580500793,2023-12-01,2025-10-06 10:50:45.508,31,6,0,0,0,0,1,0,1,0,0,0,1,0,0,1,0,0,0,0,0,0,0,1,0,0
CUS_0xbd89,11100.59,1087.049166666667,6,5,13,4,14,19,6.67,50,465.87,37.65393151946999,23.37810896783833,59.80329245834047,295.5235152404879,2023-12-01,2025-10-06 10:50:45.508,19,0,0,0,1,1,1,0,1,0,0,1,0,0,0,0,1,0,0,0,0,0,0,0,1,0
CUS_0x2b9f,141816.36,12003.03,3,6,12,0,0,12,9.2,50,532.62,35.2532525698084,0.0,157.2030553675397,1283.0999446324602,2023-12-01,2025-10-06 10:50:45.508,31,4,0,0,0,0,0,0,0,0,0,0,1,0,0,0,0,0,1,0,0,1,0,0,0,0
CUS_0xad0e,20252.78,1451.7316666666666,7,8,28,7,53,19,27.51,170,4576.95,36.68431923705132,111.18681582023814,156.68177515665053,249.6400422929007,2023-12-01,2025-10-06 10:50:45.508,13,4,1,0,1,0,1,0,1,0,1,1,0,0,0,0,0,1,0,0,0,0,0,1,0,0
CUS_0xad3f,17559.88,1179.3233333333335,2,7,5,0,1,6,7.02,0,23.7,31.87236654888356,0.0,36.462135694413384,351.47019763891996,2023-12-01,2025-10-06 10:50:45.508,18,10,0,0,0,0,0,0,0,0,0,0,1,0,0,1,0,0,0,0,0,0,0,0,1,0
CUS_0xba68,65278.92,5402.91,10,7,19,3,43,25,2.18,160,1367.57,25.36192388422684,145.6007000086789,180.73008728119407,463.9602127101271,2023-12-01,2025-10-06 10:50:45.508,18,3,1,0,0,0,0,1,0,0,1,0,0,0,0,0,0,1,0,0,1,0,0,0,0,0
CUS_0xc1dc,61355.12,5180.926666666667,6,7,8,0,32,8,4.86,20,428.61,33.415221439003574,33914.0,209.29707272693267,558.7955939397341,2023-12-01,2025-10-06 10:50:45.508,21,10,0,0,0,0,0,0,0,0,0,0,1,0,0,0,1,0,0,0,1,0,0,0,0,0
CUS_0x7e6c,21834.84,1770.57,3,5,5,3,14,7,8.73,50,597.77,33.332012404091856,50.87483219643449,11.880638571657975,354.30152923190764,2023-12-01,2025-10-06 10:50:45.508,27,2,1,1,0,0,1,0,0,0,0,0,1,0,0,1,0,0,0,0,0,0,0,0,0,1
CUS_0x67cd,11176.27,680.3558333333334,7,3,20,4,5,16,6.48,40,374.7,22.942526685253423,19.383301534008734,50.20066754631051,288.4516142530141,2023-12-01,2025-10-06 10:50:45.508,18,8,0,1,1,1,0,0,1,0,0,0,1,0,0,0,1,0,0,0,0,0,1,0,0,0
CUS_0x7ef5,41115.08,3378.2566666666667,3,7,12,1,15,19,1.92,40,393.39,24.541781252578645,31.420128078758434,76.15865538859943,480.24688319930885,2023-12-01,2025-10-06 10:50:45.508,25,0,0,0,0,0,0,0,0,1,0,0,1,0,0,0,1,0,0,0,1,0,0,0,0,0
CUS_0x3048,81093.16,7017.763333333332,10,7,17,7,29,18,15.72,120,4523.3,32.094937941008986,409.0394422616804,377.12187784772885,195.6150132239241,2023-12-01,2025-10-06 10:50:45.508,10,0,0,1,0,0,0,1,1,1,0,1,0,0,0,0,0,1,0,0,0,0,0,1,0,0
CUS_0x94aa,15277.06,1225.0883333333334,8,8,28,6,21,14,25.22,130,4861.83,35.75208303499068,70.51158847563937,15.009280329077411,276.98796452861654,2023-12-01,2025-10-06 10:50:45.508,8,0,1,0,1,0,0,1,1,0,1,0,0,0,0,0,0,1,0,0,0,1,0,0,0,0
CUS_0xa8a,8829.965,924.8304166666668,8,9,21,3,56,22,5.62,80,1828.45,28.393243653221298,15.96058605896224,36.85021922145372,289.67223638625074,2023-12-01,2025-10-06 10:50:45.508,18,6,0,0,0,1,0,1,0,1,0,1,0,0,0,0,0,0,1,0,1,0,0,0,0,0
CUS_0xb3f2,16099.62,1111.635,3,6,14,0,14,9,9.14,70,1042.78,24.419303312059014,0.0,51.26326363375275,329.90023636624727,2023-12-01,2025-10-06 10:50:45.508,8,10,0,0,0,0,0,0,0,0,0,1,0,0,0,0,1,0,0,0,0,0,0,0,1,0
CUS_0x74e8,87727.04999999999,7056.587499999999,5,3,9,3,18,1,11.86,40,263.49,33.576800614768274,217.7052927510964,311.97943060908204,445.9740266398215,2023-12-01,2025-10-06 10:50:45.508,25,5,0,0,1,0,1,0,1,0,0,0,1,0,0,1,0,0,0,0,0,0,0,0,1,0
CUS_0xa47,65299.38,5305.615,4,5,8,2,10,0,5.68,20,1177.38,32.76437061242017,77.00931295128329,61.08345476769368,642.468732281023,2023-12-01,2025-10-06 10:50:45.508,26,5,0,0,1,0,0,1,0,0,0,0,0,0,0,1,0,0,0,0,1,0,0,0,0,0
CUS_0x20f8,87791.45999999999,7176.954999999999,6,4,15,1,26,19,4.34,30,510.1,40.2468301417521,68.80725448863251,10000.0,822.5104210413831,2023-12-01,2025-10-06 10:50:45.508,24,2,0,0,0,0,0,0,0,0,1,0,1,0,0,0,1,0,0,0,0,1,0,0,0,0
CUS_0x5035,34053.4,2670.7833333333333,1,2,3749,3,1,5,4.95,70,1254.14,23.07449445289668,55.24566736072506,78.53934858631686,393.29331738629133,2023-12-01,2025-10-06 10:50:45.508,26,2,1,0,0,0,0,0,0,0,1,0,1,0,0,0,0,0,1,1,0,0,0,0,0,0
CUS_0x6e19,16421.94,1507.495,7,3,21,5,3,14,15.94,90,2450.88,34.66903950828403,43.911383361147394,108.10910038667863,288.7290162521739,2023-12-01,2025-10-06 10:50:45.508,8,4,0,0,1,1,1,0,0,1,0,1,0,0,0,0,1,0,0,0,0,0,1,0,0,0
CUS_0x6f93,38324.72,3167.726666666667,2,4,7,0,1,5,0.6,40,417.31,40.68214878239343,0.0,55.29672097459679,511.47594569207,2023-12-01,2025-10-06 10:50:45.508,28,5,0,0,0,0,0,0,0,0,0,0,1,0,0,0,0,0,1,0,1,0,0,0,0,0
CUS_0xabd9,62571.84,5440.32,2,2,7,3,10,3,17.16,10,472.54,32.87391511571349,103.55819848462622,86.20358474821596,604.2702167671578,2023-12-01,2025-10-06 10:50:45.508,23,8,0,0,0,0,1,0,1,0,0,0,1,0,0,0,0,0,1,0,1,0,0,0,0,0
CUS_0x496e,15051.065,1156.2554166666666,5,7,20,2,26,10,10.85,90,1455.55,33.02424862528817,24.26990424741696,41.262412742651,300.0932246765987,2023-12-01,2025-10-06 10:50:45.508,31,4,0,1,1,0,0,0,0,0,0,1,0,0,0,0,1,0,0,0,0,0,0,0,0,1
CUS_0x87a4,14231.42,1318.9516666666666,8,4,5,0,16,7,10.33,60,848.59,29.33926862956367,0.0,109.37184589336256,302.52332077330414,2023-12-01,2025-10-06 10:50:45.508,27,4,0,0,0,0,0,0,0,0,0,0,1,0,0,0,1,0,0,0,0,0,0,1,0,0
CUS_0x8fee,37201.06,3037.088333333333,0,5,2,2,7,0,2.99,40,518.13,39.69368654983233,37.22039256123109,186.0618658575901,370.4265749145121,2023-12-01,2025-10-06 10:50:45.508,27,8,0,0,0,0,0,1,0,1,0,0,1,0,0,1,0,0,0,0,0,0,1,0,0,0
CUS_0x242a,76374.93000000001,5505.266543931415,8,7,12,2,26,7,3.8,30,1060.8,39.01144676995917,834.0313610137433,128.81377998916201,671.7235650656796,2023-12-01,2025-10-06 10:50:45.508,29,10,1,0,0,0,0,0,1,0,0,0,1,0,0,0,1,0,0,0,0,1,0,0,0,0
CUS_0x286a,83218.0,6966.833333333332,8,6,18,5,17,25,12.84,90,2159.69,38.33964323741574,246.56364467370705,256.9134672660574,443.20622139356897,2023-12-01,2025-10-06 10:50:45.508,11,4,1,1,1,0,1,1,0,0,0,1,0,0,0,0,0,1,0,0,1,0,0,0,0,0
CUS_0x8af0,16050.73,1315.5608333333332,8,3,10,4,21,8,12.76,70,1527.78,36.92994721147738,51.66243324119502,37.51320358681266,322.3804465053257,2023-12-01,2025-10-06 10:50:45.508,19,5,0,1,1,0,0,0,1,0,0,1,0,0,0,0,1,0,0,0,0,0,0,1,0,0
CUS_0x1207,19506.73,1491.5608333333332,9,7,22,6,47,12,2.69,150,1594.83,24.274660861487035,59.13404168572198,149.6877642996111,230.33427734800028,2023-12-01,2025-10-06 10:50:45.508,14,10,1,1,0,1,0,1,0,0,1,1,0,0,0,0,0,1,0,0,0,0,1,0,0,0
CUS_0x3767,130832.37,11007.6975,4,6,12,2,9,12,8.99,60,83.91,32.30134601989214,208.36741635437625,237.2703224663529,905.132011179271,2023-12-01,2025-10-06 10:50:45.508,26,11,1,0,0,0,0,0,0,0,1,0,1,0,0,1,0,0,0,0,1,0,0,0,0,0
CUS_0x189e,137625.04,11731.753333333336,4,4,6,0,14,14,10.24,70,670.43,40.423950059131045,0.0,429.669384521474,1013.5059488118593,2023-12-01,2025-10-06 10:50:45.508,20,10,0,0,0,0,0,0,0,0,0,0,1,0,0,1,0,0,0,0,0,0,0,0,1,0
CUS_0x4728,31356.66,2736.055,10,9,25,7,29,21,0.0,60,3244.97,32.57462722049491,120.8178654595682,97.24366041279656,305.54397412763524,2023-12-01,2025-10-06 10:50:45.508,4,6,0,1,0,1,1,0,1,1,0,1,0,0,0,0,0,1,0,0,1,0,0,0,0,0
CUS_0x709,17519.775,1362.98125,6,5,15,2,25,11,2.0,10,290.97,27.563262094767,27.29487715493764,18.16937689008671,340.8338709549756,2023-12-01,2025-10-06 10:50:45.508,16,9,1,0,0,0,0,0,0,1,0,0,1,0,0,0,0,0,1,0,1,0,0,0,0,0
CUS_0x7a26,28817.1,2191.425,5,4,3,2,5,8,13.08,20,890.13,39.95807868194614,24.25052608109636,173.1048011041844,311.7871728147192,2023-12-01,2025-10-06 10:50:45.508,25,0,0,0,0,0,1,0,1,0,0,0,1,0,0,0,0,0,1,0,0,0,1,0,0,0
CUS_0x2b99,99858.15,8310.5125,3,8,8,4,18,9,9.43,50,1392.72,25.77887695293312,190.6142563294377,70.75494161814746,809.6820520524149,2023-12-01,2025-10-06 10:50:45.508,23,5,0,1,0,0,0,0,0,1,1,0,0,0,0,1,0,0,0,0,0,1,0,0,0,0
CUS_0x3117,15789.99,1022.8325,1,4,5,4,8,3,1.8,50,682.12,34.016235252839515,50.30836757175421,126.04428683696196,215.93059559128383,2023-12-01,2025-10-06 10:50:45.508,15,10,0,0,0,0,1,0,0,0,1,0,1,0,0,1,0,0,0,0,0,0,1,0,0,0
CUS_0x36a0,35976.97,3126.080833333333,2,3,12,3,2,0,0.0,40,568.67,30.61273670497621,53.686328808072325,127.52092982569435,381.40082469956667,2023-12-01,2025-10-06 10:50:45.508,31,9,0,0,1,0,0,0,1,0,1,0,1,0,0,1,0,0,0,0,1,0,0,0,0,0
CUS_0x446f,56381.6,4535.466666666666,5,3,1,3,5,6,0.81,60,1371.48,35.35433939069965,119.62300814760052,172.1013336412746,441.82232487779146,2023-12-01,2025-10-06 10:50:45.508,30,2,1,0,1,0,0,0,0,1,0,0,1,0,0,0,0,0,1,0,0,0,0,1,0,0
CUS_0x46e8,47631.96,3640.3964637286745,5,4,17,5,6,15,11.91,80,1341.22,31.17118173514559,565.1074777341884,247.04428310933886,278.4147754277981,2023-12-01,2025-10-06 10:50:45.508,10,0,1,1,0,0,1,0,0,1,1,1,0,0,0,0,0,0,1,0,0,0,0,1,0,0
CUS_0x5b9c,35862.37,3172.5308333333337,4,2,7,2,0,1,0.74,40,546.87,25.043383483317918,51.64576548301262,134.84429130133066,415.19277107423966,2023-12-01,2025-10-06 10:50:45.508,16,11,0,0,0,1,0,0,0,0,0,0,1,0,0,1,0,0,0,0,0,0,0,1,0,0
CUS_0x7de1,1.4916088E7,4619.37,9,8,31,7,62,16,22.23,160,3334.81,23.12514728997581,204.3048653258284,163.94262162353988,373.6895130506318,2023-12-01,2025-10-06 10:50:45.508,6,2,0,0,1,1,1,1,0,1,0,1,0,0,0,0,0,1,0,0,0,0,0,1,0,0
CUS_0xbf8f,45848.86,3672.738333333333,8,5,11,2,26,10,16.37,40,945.68,33.06396838263461,50.622854785493566,223.21262646083218,353.4383520870076,2023-12-01,2025-10-06 10:50:45.508,23,9,0,1,0,0,0,1,0,0,0,1,0,0,0,0,0,0,1,1,0,0,0,0,0,0
CUS_0x3cb1,14134.26,1142.855,6,7,30,2,62,14,18.52,160,1289.12,27.38121155634493,17.601400433181432,93.2743975134645,293.40970205335407,2023-12-01,2025-10-06 10:50:45.508,8,9,0,0,0,0,0,1,0,1,0,1,0,0,0,0,0,0,1,0,0,0,1,0,0,0
CUS_0x5182,14562.32,1168.5266666666666,7,8,3801,4,56,26,7.21,160,1916.2,30.290824339984496,43.09042995405283,77.89422358908443,285.86801312352935,2023-12-01,2025-10-06 10:50:45.508,19,0,0,0,0,1,1,0,0,1,0,1,0,0,0,0,0,1,0,0,0,0,1,0,0,0
CUS_0x8f4f,7171.26,807.605,6,9,22,2,26,23,12.81,110,2603.15,32.699542100570376,7.303131514583107,75.46978086882747,277.9875876165894,2023-12-01,2025-10-06 10:50:45.508,16,11,0,0,0,1,0,0,1,0,0,1,0,0,0,0,0,1,0,0,0,0,0,1,0,0
CUS_0xb8a1,178814.16,15167.18,3,7,5,2,19,4,3.13,30,408.64,44.00495812213874,200.32637904481368,289.3141478293469,1277.0774731258396,2023-12-01,2025-10-06 10:50:45.508,16,8,0,0,0,1,0,0,1,0,0,0,1,0,0,1,0,0,0,0,1,0,0,0,0,0
CUS_0x9ce9,116034.93,9446.5775,1,5,9,1,6,1473,2.24,0,455.0,42.57273007845204,74.61428923506313,323.6454986889924,806.3979620759445,2023-12-01,2025-10-06 10:50:45.508,18,3,0,0,1,0,0,0,0,0,0,0,1,0,0,0,0,0,1,1,0,0,0,0,0,0
CUS_0x7a32,14990.045,1131.1704166666666,4,4,20,3,12,20,9.16,20,1344.0,26.115215169300733,22.751366131571015,128.40306739154926,251.96260814354642,2023-12-01,2025-10-06 10:50:45.508,23,6,0,0,0,0,1,1,0,1,0,0,1,0,0,0,1,0,0,0,0,0,1,0,0,0
CUS_0x9214,20774.34,1702.195,6,6,25,3,3,8,19.93,70,1822.87,32.12356760820801,37.08877864840069,96.58492679509372,306.5457945565056,2023-12-01,2025-10-06 10:50:45.508,8,6,0,0,0,1,0,1,0,0,0,1,0,0,0,0,0,0,1,0,0,0,0,0,1,0
CUS_0xa773,42803.10000000001,3628.925000000001,5,7,22,4,27,20,18.93,110,2394.23,28.110770991444568,73.78777939196063,79.3784048791806,449.7263157288589,2023-12-01,2025-10-06 10:50:45.508,17,10,0,0,0,1,0,0,1,0,1,0,0,0,0,0,1,0,0,0,0,0,0,0,0,1
CUS_0xc18f,123028.6,10017.383333333331,4,7,4,3,13,9,8.52,40,1361.12,38.59428457836841,214.2706924414976,218.9296593155035,808.5379815763323,2023-12-01,2025-10-06 10:50:45.508,28,4,0,0,1,0,1,0,1,0,0,0,1,0,0,0,0,0,1,0,0,1,0,0,0,0
CUS_0x138b,34019.26,2956.938333333333,6,5,29,7,56,16,6.46,120,1747.01,36.3596049411704,174.0963657182629,302.52458858167387,109.07287903339659,2023-12-01,2025-10-06 10:50:45.508,15,6,1,1,1,0,1,0,0,0,1,1,0,0,0,0,0,1,0,0,0,0,1,0,0,0
CUS_0x8ee1,59999.02,5065.918333333333,4,4,11,497,8,12,4.9,0,543.44,39.75559841632957,84.24989668876324,149.68558360156896,552.6563530430011,2023-12-01,2025-10-06 10:50:45.508,32,5,0,0,0,1,0,0,1,0,0,0,1,0,0,1,0,0,0,0,0,0,0,1,0,0
CUS_0xb1c2,106871.4,9127.95,0,3,3,0,6,5,5.19,12440,250.7,26.53690611675565,0.0,204.10654673209632,948.6884532679037,2023-12-01,2025-10-06 10:50:45.508,33,5,0,0,0,0,0,0,0,0,0,0,1,0,0,1,0,0,0,0,0,1,0,0,0,0
CUS_0x6901,151696.32,12392.36,4,2,10,0,5,9,12.05,30,381.3,36.61398131841016,0.0,1648.115330920913,1041.9525866453937,2023-12-01,2025-10-06 10:50:45.508,29,11,0,0,0,0,0,0,0,0,0,0,1,0,0,1,0,0,0,0,0,0,1,0,0,0
CUS_0x6c49,81471.96,6763.330000000001,6,6,25,5,19,13,27.09,60,2679.69,39.14046309253182,202.85778301011135,87.26288726108213,626.2123297288065,2023-12-01,2025-10-06 10:50:45.508,11,6,0,0,1,1,0,1,0,1,1,1,0,0,0,0,0,0,1,0,0,1,0,0,0,0
CUS_0x7c79,63051.86,5389.321666666667,2,5,3,1,3,12,4.68,50,1006.09,26.882552168945704,47.525700143511045,154.82023111467691,586.5862354084787,2023-12-01,2025-10-06 10:50:45.508,20,9,0,0,0,0,0,0,0,1,0,0,0,0,0,1,0,0,0,0,0,0,0,0,0,1
CUS_0x997,23681.87,1826.4891666666665,3,5,15,3,9,11,4.51,0,1433.17,31.882977189646844,41.64279281869779,48.424448351994194,352.58167549597465,2023-12-01,2025-10-06 10:50:45.508,21,0,1,0,1,0,0,0,0,1,0,0,1,0,0,0,1,0,0,1,0,0,0,0,0,0
CUS_0xa766,36580.66,2926.388333333334,8,5,15,0,11,11,4.21,30,716.33,38.1404172360206,0.0,147.49349881987902,415.14533451345426,2023-12-01,2025-10-06 10:50:45.508,17,6,0,0,0,0,0,0,0,0,0,0,0,0,0,0,1,0,0,0,0,0,0,0,1,0
CUS_0x7671,16942.39,1511.865833333333,7,4,20,4,17,9,0.0,110,78.27,33.047770828045714,46.11596979131426,56.10816125896388,298.9624522830552,2023-12-01,2025-10-06 10:50:45.508,26,5,1,0,0,1,0,1,0,0,0,1,0,0,0,0,1,0,0,0,0,0,0,0,0,1
CUS_0x269d,57810.68,4896.556666666666,7,5,7,4,29,16,3.37,80,1419.99,39.30218964397172,131.87148185334243,393.631136336215,234.1530484771093,2023-12-01,2025-10-06 10:50:45.508,30,8,1,0,0,0,0,0,1,1,0,0,1,0,0,0,0,0,1,0,0,0,0,0,1,0
CUS_0x6119,1379874.0,1548.3008333333337,8,9,31,9,42,19,31.94,110,3106.79,28.77428980395608,104.46550389740196,70.46254323196432,281.89770819619685,2023-12-01,2025-10-06 10:50:45.508,6,3,1,1,1,1,1,1,0,0,1,1,0,0,0,0,0,1,0,0,1,0,0,0,0,0
CUS_0x6f0f,35076.16,3166.013333333334,2,5,7,1,15,6,5.97,30,487.26,32.74456327764304,17.806807688694942,36.14149343683537,502.6530322078031,2023-12-01,2025-10-06 10:50:45.508,18,11,0,0,0,1,0,0,0,0,0,0,1,0,0,0,0,0,1,0,0,0,0,0,0,1
CUS_0xa3bf,21551.57,1774.9641666666666,4,7,6,3,28,17,6.07,0,991.04,27.175568626333924,49.27280925323564,28.746046768639914,349.4775606447912,2023-12-01,2025-10-06 10:50:45.508,16,0,0,0,1,1,0,0,0,0,0,0,0,0,0,1,0,0,0,0,1,0,0,0,0,0
CUS_0xb14d,32904.13,2885.0108333333333,2,7,2,2,2,2,1.4299999999999995,30,781.45,31.527031731338862,46.03318158218879,284.8005918793622,247.6673098717824,2023-12-01,2025-10-06 10:50:45.508,16,4,1,0,0,0,0,0,1,0,0,0,1,0,0,1,0,0,0,0,0,0,1,0,0,0
CUS_0x5239,89424.9,7615.075,5,5,4,4,23,10,5.12,40,839.1,24.9339986294104,153.22552831597926,299.1667603835519,569.1152113004689,2023-12-01,2025-10-06 10:50:45.508,25,11,1,0,0,0,0,0,0,0,1,0,1,0,0,1,0,0,0,1,0,0,0,0,0,0
CUS_0x9cdf,7699.255,809.6045833333334,6,10,27,7,16,21,22.15,120,3148.21,28.04122715621301,33.450727712150545,72.5945210954233,244.9152095257595,2023-12-01,2025-10-06 10:50:45.508,12,8,0,1,1,1,0,0,0,1,1,1,0,0,0,0,0,1,0,0,0,0,0,0,1,0
CUS_0x1cee,59782.0,5114.833333333333,0,5,7,4,14,3,8.2,30,264.0,40.00394258857112,155.90914319574145,60.87455249071114,544.6996376468808,2023-12-01,2025-10-06 10:50:45.508,24,5,1,0,0,0,0,0,1,1,1,0,1,0,0,1,0,0,0,0,0,0,0,0,0,1
CUS_0x5262,78339.66,6562.305,3,4,18,2,21,14,6.66,60,285.36,37.28796242784004,87.23420831652267,10000.0,262.92507730161765,2023-12-01,2025-10-06 10:50:45.508,19,5,0,0,1,0,1,0,0,0,0,0,1,0,0,0,1,0,0,0,0,0,0,1,0,0
CUS_0x3793,8151.41,926.2841666666668,9,7,15,6,43,23,3.59,90,1418.45,28.3236665801518,29.33729855354037,16.47571944852832,286.81539866459804,2023-12-01,2025-10-06 10:50:45.508,6,5,1,1,0,0,0,1,1,1,0,1,0,0,0,0,0,1,0,0,0,1,0,0,0,0
CUS_0x4edb,14303.125,1056.9270833333333,555,3,20,3,23,9,11.18,70,819.71,35.68750395995834,27.74625367005743,125.07873503783208,242.86771962544384,2023-12-01,2025-10-06 10:50:45.508,27,11,1,0,0,0,0,1,0,0,1,0,1,0,0,0,1,0,0,0,0,0,1,0,0,0
CUS_0x5280,24755.99,2327.999166666667,6,5,7,0,16,8,3.95,10,651.99,25.98337593830016,0.0,294.8834063897944,227.9165102768724,2023-12-01,2025-10-06 10:50:45.508,24,10,0,0,0,0,0,0,0,0,0,0,1,0,0,0,1,0,0,0,0,0,1,0,0,0
CUS_0x83e8,30377.05,2539.0719510805748,6,5,10,1,26,15,7.34,50,1435.2,36.248959194521845,275.6667510544682,48.93755026142754,473.4866642701957,2023-12-01,2025-10-06 10:50:45.508,29,10,0,0,1,0,0,0,0,0,0,0,0,0,0,0,1,0,0,1,0,0,0,0,0,0
CUS_0x7f73,31329.83,2598.8191666666667,5,3,6,0,11,19,5.25,40,628.91,32.28773319799396,0.0,164.94158708377438,374.9403295828923,2023-12-01,2025-10-06 10:50:45.508,27,11,0,0,0,0,0,0,0,0,0,0,1,0,0,1,0,0,0,0,0,0,0,0,0,1
CUS_0xa530,19078.52,1697.8766666666668,9,5,34,6,57,25,29.39,90,2982.66,25.45521096992484,83.35605779193443,35.60802947487924,300.82357939985303,2023-12-01,2025-10-06 10:50:45.508,10,8,0,0,1,1,1,1,1,0,0,1,0,0,0,0,0,1,0,0,1,0,0,0,0,0
CUS_0xfb4,13982.725,931.2270833333334,7,6,12,4,12,14,10.45,40,1458.61,29.66647918670639,37.983362942412526,25.80070520746518,289.3386401834556,2023-12-01,2025-10-06 10:50:45.508,30,2,1,1,0,0,0,1,0,1,0,1,0,0,0,0,1,0,0,1,0,0,0,0,0,0
CUS_0xbb6c,62855.32,5115.943333333334,10,5,31,9,61,21,7.34,100,1320.27,34.23648314915233,396.6898172658209,494.23233269118083,58.94548810773222,2023-12-01,2025-10-06 10:50:45.508,6,3,0,0,1,1,1,1,1,1,0,1,0,0,0,0,0,0,1,0,0,0,0,1,0,0
CUS_0x1cab,8578.89,465.9074999999999,8,10,15,8,61,17,8.96,120,4194.67,25.64195663792488,46.26136087164012,20.939379086010746,239.39001004234916,2023-12-01,2025-10-06 10:50:45.508,8,4,0,1,0,1,1,1,1,0,1,1,0,0,0,0,0,1,0,1,0,0,0,0,0,0
CUS_0x1f88,30617.5,2348.458333333333,9,7,20,6,56,19,9.16,160,2058.93,32.08429157774199,108.9321985826193,19.88933325700631,346.02430149370775,2023-12-01,2025-10-06 10:50:45.508,14,5,1,0,0,0,1,1,1,1,0,0,0,0,0,0,1,0,0,0,0,1,0,0,0,0
CUS_0x13e3,143829.56,11755.796666666669,3,3,12,0,17,11,10.32,20,269.26,43.250484428913175,0.0,301.466532893664,1114.1131337730028,2023-12-01,2025-10-06 10:50:45.508,26,5,0,0,0,0,0,0,0,0,0,0,1,0,0,0,1,0,0,0,0,1,0,0,0,0
CUS_0x2451,15610.61,1350.8841666666667,6,10,28,9,37,24,1.5,130,2072.63,30.10070174398041,78.14508467729482,14.150309690696096,282.7930222986758,2023-12-01,2025-10-06 10:50:45.508,15,6,0,1,1,1,1,1,0,1,0,0,0,0,0,0,0,1,0,0,0,1,0,0,0,0
CUS_0x6d6e,114977.76,9641.48,1,6,9,4,1,3,3.46,10,1084.96,39.04909391094289,245.0136839362375,588.3164813544165,420.817834709346,2023-12-01,2025-10-06 10:50:45.508,23,6,0,0,0,1,0,0,1,0,0,0,1,0,0,0,0,0,1,0,0,0,1,0,0,0
CUS_0x2e90,17718.855,1230.57125,5,1,1313,0,2,12,9.09,10,1169.2,38.676943160595535,0.0,73.6557934594073,329.4013315405927,2023-12-01,2025-10-06 10:50:45.508,25,4,0,0,0,0,0,0,0,0,0,0,1,0,0,1,0,0,0,0,0,0,0,1,0,0
CUS_0x5f90,12680.815,1334.7345833333334,4,5,14,0,29,11,15.79,90,704.18,33.720594807887075,0.0,41.21151879555029,372.2619395377831,2023-12-01,2025-10-06 10:50:45.508,18,3,0,0,0,0,0,0,0,0,0,1,0,0,0,0,1,0,0,0,0,0,0,0,0,1
CUS_0x7a8e,42311.16,3759.93,4,5,11,1,15,17,6.84,30,438.23,39.00149492218882,24.883031695806896,206.68461245802726,404.42535584616587,2023-12-01,2025-10-06 10:50:45.508,28,4,0,0,0,1,0,0,0,0,0,0,1,0,0,0,1,0,0,1,0,0,0,0,0,0
CUS_0xacb2,74478.72,6439.56,8,6,21,0,37,23,24.36,80,3773.63,32.524762235981825,499.7320247524716,657.7577214460307,289.98319203665426,2023-12-01,2025-10-06 10:50:45.508,14,5,1,1,1,1,0,1,0,0,1,1,0,0,0,0,0,1,0,0,0,0,1,0,0,0
CUS_0xb9d2,79950.34,6393.528333333333,3,1,10,4,20,5,6.27,20,515.89,24.952119508316464,261.4747996593964,108.76272920604305,519.1153044678939,2023-12-01,2025-10-06 10:50:45.508,24,10,0,1,1,0,1,0,0,0,1,0,1,0,0,1,0,0,0,0,1,0,0,0,0,0
CUS_0x1e9c,9379.93,622.9371981239275,10,7,16,8,39,24,3.4,110,4280.56,32.702175957460845,73.38721343400377,86.30978193024296,237.39272317849256,2023-12-01,2025-10-06 10:50:45.508,5,6,1,0,1,1,1,0,0,1,1,1,0,0,0,0,0,1,0,0,0,0,1,0,0,0
CUS_0x3e8c,35730.44,2934.536666666667,5,6,3,4,11,13,1.65,40,1185.95,29.731321387053853,74.46925594436068,211.6201976619676,277.36421306033844,2023-12-01,2025-10-06 10:50:45.508,22,0,0,1,1,1,0,0,0,0,0,0,0,0,0,1,0,0,0,0,0,0,0,0,1,0
CUS_0x46d,17770.48,1771.8733333333332,4,5,4,2,6,3,1.02,10,43.54,23.48909541491409,19.474185612538488,115.17142381682952,302.5417239039653,2023-12-01,2025-10-06 10:50:45.508,23,8,1,0,0,0,0,0,1,0,0,0,1,0,0,1,0,0,0,1,0,0,0,0,0,0
CUS_0x78ca,35812.34,3124.361666666666,7,7,10,4,29,12,1.62,0,367.46,34.41077976061901,64.49951866808942,97.58299929847773,400.3536487000995,2023-12-01,2025-10-06 10:50:45.508,30,11,0,1,0,1,1,0,1,0,0,0,1,0,0,0,1,0,0,0,1,0,0,0,0,0
CUS_0x8990,43220.64,3702.72,2,5,12,1,15,6,11.77,10,1292.16,39.00430086534006,26.47911048309039,73.75401568161874,520.0388738352908,2023-12-01,2025-10-06 10:50:45.508,19,5,1,0,0,0,0,0,0,0,0,0,1,0,0,1,0,0,0,0,1,0,0,0,0,0
CUS_0x409e,47275.96,4238.663333333334,6,3,4,945,18,18,9.43,30,302.1,23.33122533720221,121.9288771955476,87.27612234595684,471.3693536947457,2023-12-01,2025-10-06 10:50:45.508,22,9,0,1,1,1,0,0,0,1,0,0,1,0,0,1,0,0,0,0,0,1,0,0,0,0
CUS_0x98f5,30000.82,2213.068333333333,8,7,32,5,10,11,17.4,150,1395.17,29.438698421133108,80.4776916420105,153.09225436364002,247.7368873276828,2023-12-01,2025-10-06 10:50:45.508,6,2,1,0,1,0,1,0,1,1,0,1,0,0,0,0,1,0,0,1,0,0,0,0,0,0
CUS_0xc11e,16511.455,1554.9545833333334,8,5,15,4,19,12,8.46,60,84.74,32.073067168344004,40.607569442788,179.9411910582402,224.94669783230518,2023-12-01,2025-10-06 10:50:45.508,21,8,0,0,0,1,0,1,0,0,1,0,1,0,0,0,1,0,0,0,0,0,0,0,0,1
CUS_0x1a59,69224.94,5481.745,4,4,2,4,15,4,4.21,0,317.74,27.378066044762587,227.98253335850188,271.2855386793547,318.90642796214337,2023-12-01,2025-10-06 10:50:45.508,26,0,1,0,1,1,0,0,0,0,1,0,1,0,0,0,0,0,1,0,0,0,0,0,1,0
CUS_0x3bf3,83576.26,6912.688333333333,3,129,8,2,8,4,4.97,0,1192.96,31.97747564635823,112.38708199237908,284.7530038666182,574.128747474336,2023-12-01,2025-10-06 10:50:45.508,23,3,0,0,0,0,1,1,0,0,0,0,1,0,0,1,0,0,0,0,0,0,0,1,0,0
CUS_0x5e3e,29020.27,2456.355833333333,2,4,7,1,0,7,8.29,30,536.36,24.603357053361076,12.127443298919683,174.39391584246053,349.1142241919532,2023-12-01,2025-10-06 10:50:45.508,32,0,0,0,0,0,0,0,1,0,0,0,1,0,0,0,0,0,1,0,0,0,1,0,0,0
CUS_0x8f20,60390.8,5136.566666666667,3,5,9,2,4,12,2.11,10,973.97,34.7255042170626,64.63369949838587,201.32700058372959,537.6959665845511,2023-12-01,2025-10-06 10:50:45.508,26,0,1,0,0,1,0,0,0,0,0,0,1,0,0,1,0,0,0,0,0,0,1,0,0,0
CUS_0xae42,29490.49,2245.540833333333,2,4,6,4,11,6,8.41,60,591.33,36.22790878700974,90.93073451306172,117.60441388527141,296.0189349350003,2023-12-01,2025-10-06 10:50:45.508,31,6,0,1,0,0,0,0,0,1,1,0,0,0,0,1,0,0,0,0,0,0,0,1,0,0
CUS_0x4d09,158757.88,13111.823333333336,3,5,4,4,12,0,14.23,70,1317.48,37.795371067563984,324.834515847796,524.4066609218875,731.9411565636501,2023-12-01,2025-10-06 10:50:45.508,22,9,1,1,0,0,0,0,0,0,0,0,1,0,0,1,0,0,0,0,0,0,0,0,1,0
CUS_0xac2d,19243.32,1448.61,6,7,7,0,8,11,12.6,80,1350.28,32.01690572510932,53.813877691983926,126.24700615492254,254.80011615309357,2023-12-01,2025-10-06 10:50:45.508,11,6,1,1,0,0,1,1,0,0,0,1,0,0,0,0,1,0,0,0,0,0,0,0,0,1
CUS_0xbeef,14531.07,1027.9225,4,5,9,4,26,10,9.77,40,268.56,27.42796319707417,34.462630753768394,85.0685838377142,273.26103540851744,2023-12-01,2025-10-06 10:50:45.508,18,7,0,1,0,1,1,0,1,0,0,0,1,0,0,0,0,0,1,0,0,0,1,0,0,0
CUS_0x7974,75257.64,6312.47,7,3,19,4,12,9,6.37,50,499.04,25.47590433906748,129.32810851299192,265.2921774773326,486.62671400967554,2023-12-01,2025-10-06 10:50:45.508,11,10,0,1,1,0,0,0,0,1,1,1,0,0,0,0,1,0,0,0,1,0,0,0,0,0
CUS_0x24f9,15828.15,1480.0125,8,5,18,5,6,13,18.23,80,1333.84,39.75794563440911,35.23571968511521,121.427119517513,271.3384107973718,2023-12-01,2025-10-06 10:50:45.508,18,8,0,0,0,0,1,0,0,1,1,1,0,0,0,0,1,0,0,0,0,0,0,1,0,0
CUS_0x5d6d,126514.72,10341.893333333332,8,7,5,3,16,18,10.64,20,470.42,27.04856407921041,312.0328531827235,416.26971069738096,595.8867694532289,2023-12-01,2025-10-06 10:50:45.508,29,8,0,1,1,0,0,0,1,0,0,0,1,0,0,0,1,0,0,0,0,0,1,0,0,0
CUS_0xbe89,110138.4,9419.2,4,3,11,3,16,13,1.03,50,586.89,36.81833998375895,178.18706342651367,615.5028819197876,428.23005465369886,2023-12-01,2025-10-06 10:50:45.508,21,6,1,0,0,0,0,0,1,0,0,0,1,0,0,0,1,0,0,0,0,0,0,1,0,0
CUS_0x456f,41694.36,3595.53,1,7,5,3,4,2,10.15,30,556.65,31.452789530163827,84.47066365406529,86.67790142844812,438.4044349174866,2023-12-01,2025-10-06 10:50:45.508,25,0,1,0,0,0,1,1,0,0,0,0,1,0,0,1,0,0,0,0,1,0,0,0,0,0
CUS_0x6a14,28603.64,2539.6366666666668,1,1,2,0,12,2,4.23,40,1428.43,32.85659783019819,0.0,129.42887441453465,414.53479225213204,2023-12-01,2025-10-06 10:50:45.508,31,10,0,0,0,0,0,0,0,0,0,0,1,0,0,1,0,0,0,0,0,0,1,0,0,0
CUS_0x1013,98620.98,7962.415000000001,3,3,6,3,12,9,1.33,30,1233.51,26.52486357896023,228.018083652734,332.3337079767732,485.8897083704929,2023-12-01,2025-10-06 10:50:45.508,17,10,0,0,0,1,0,1,0,0,1,0,1,0,0,1,0,0,0,0,1,0,0,0,0,0
CUS_0x6a61,72902.70000000001,6251.225000000001,5,6,4,4,7,19,9.65,20,1114.75,39.475358304932776,180.5608195167191,396.59460462417746,327.9670758591036,2023-12-01,2025-10-06 10:50:45.508,18,10,0,1,0,0,0,1,0,1,1,0,1,0,0,1,0,0,0,0,0,0,0,0,0,1
CUS_0x261d,8400.715,418.0595833333333,8,10,29,4,17,22,8.08,100,1414.23,26.71346983132717,19.658402710573405,10000.0,256.7880286232367,2023-12-01,2025-10-06 10:50:45.508,17,4,1,1,0,0,0,1,0,1,0,1,0,0,0,0,0,1,0,0,0,0,1,0,0,0
CUS_0x4df2,103755.87,8577.3225,8,4,12,7,21,1014,7.27,50,1013.57,30.954900187855877,406.07693644622606,79.48677959544592,516.0381101116246,2023-12-01,2025-10-06 10:50:45.508,9,3,1,1,1,1,1,0,0,1,0,1,0,0,0,0,1,0,0,0,1,0,0,0,0,0
CUS_0xac4a,25883.65,2324.9708333333333,4,6,6,0,16,11,12.329999999999998,110,47.03,40.83036426357287,82.1887874998951,110.88444208179129,299.4238537516469,2023-12-01,2025-10-06 10:50:45.508,11,8,0,0,1,1,0,1,0,0,1,0,0,0,0,0,0,0,1,1,0,0,0,0,0,0
CUS_0x1a4d,70646.64,6135.22,4,8,21,7,23,8,19.35,90,1639.04,35.03039674394304,660.8087435386635,76.2122611890292,435.7553746563508,2023-12-01,2025-10-06 10:50:45.508,16,5,1,0,1,0,1,0,1,0,1,1,0,0,0,0,0,0,1,0,1,0,0,0,0,0
CUS_0x467f,16813.54,1101.128333333333,8,10,33,8,23,20,5.19,170,3520.79,34.38690438701962,92.94111494302722,118.49120748958198,188.6805109007242,2023-12-01,2025-10-06 10:50:45.508,11,2,1,0,1,1,1,0,0,1,1,1,0,0,0,0,0,1,0,0,0,0,1,0,0,0
CUS_0x4cc2,7290.88,406.5733333333334,3,4,27,7,12,16,13.53,170,2580.29,25.63694979174471,41.703172239542354,30.956311698114423,257.99784939567655,2023-12-01,2025-10-06 10:50:45.508,15,4,0,1,0,1,1,0,1,0,1,1,0,0,0,0,1,0,0,0,0,0,1,0,0,0
CUS_0xe32,86902.59,7005.8825,5,4,12,4,18,9,7.85,40,746.14,30.26680461463684,170.6488171897304,505.3328876736903,314.60654513657926,2023-12-01,2025-10-06 10:50:45.508,8,3,0,0,0,0,0,1,1,1,0,1,0,0,0,0,1,0,0,0,0,0,1,0,0,0
CUS_0x40f,72588.99,6242.0825,7,4,19,2,22,8,11.87,60,1031.21,28.29143985334247,72.92831137276113,449.7351514228545,371.54478720438436,2023-12-01,2025-10-06 10:50:45.508,22,2,0,0,0,0,0,1,1,0,0,0,1,0,0,0,1,0,0,0,0,0,0,0,1,0
CUS_0x4bfb,59479.26,4833.605,7,5,13,6,18,12,12.95,80,2189.62,21.684281287857797,166.1197570270867,152.34170658342381,39.740138189847706,2023-12-01,2025-10-06 10:50:45.508,11,6,1,0,1,0,0,1,1,0,1,0,0,0,0,0,1,0,0,0,0,0,1,0,0,0
CUS_0x961d,87438.03,7354.5025,6,3,10,3,9,17,4.15,60,78.28,39.54061829696097,176.14265762318692,284.356353114089,554.9512392627241,2023-12-01,2025-10-06 10:50:45.508,18,3,1,1,1,0,0,0,0,0,0,0,0,0,0,0,1,0,0,0,0,0,0,1,0,0
CUS_0xad11,130174.44,10993.87,5,3,4,4,1,5,8.16,10,1418.16,30.635302280038232,251.38291368131928,194.09443894690102,893.9096473717799,2023-12-01,2025-10-06 10:50:45.508,19,3,0,0,1,1,0,1,0,0,0,0,1,0,0,1,0,0,0,0,0,1,0,0,0,0
CUS_0x6d35,70058.88,5381.720321277862,7,4,9,0,27,18,9.63,10,289.82,26.812857898731185,608.5196787221381,124.61980217341087,714.4041978265892,2023-12-01,2025-10-06 10:50:45.508,31,11,0,0,0,0,0,0,0,0,0,0,1,0,0,0,1,0,0,0,0,1,0,0,0,0
CUS_0x7c0d,97787.46,8438.954999999998,6,5,12,3,13,11,9.17,50,1122.78,27.880061760383363,143.5764601723223,138.9974180413035,801.3216217863741,2023-12-01,2025-10-06 10:50:45.508,23,7,0,1,0,0,1,0,0,0,1,0,1,0,0,0,1,0,0,0,0,1,0,0,0,0
CUS_0x8dbe,16112.185,1331.6820833333334,3,3,19,1,30,19,10.66,50,308.39,36.28533151792468,11.92898539108604,59.18973664234507,352.04948629990224,2023-12-01,2025-10-06 10:50:45.508,33,5,0,1,0,0,0,0,0,0,0,1,0,0,0,0,1,0,0,0,0,0,1,0,0,0
CUS_0x4892,116098.12,9402.843333333332,6,4,8,3,5,8,19.69,60,317.72,27.09478268130557,150.77397117513834,646.224726252954,413.28563590524095,2023-12-01,2025-10-06 10:50:45.508,8,10,0,0,1,1,0,0,0,1,0,1,0,0,0,0,1,0,0,0,0,0,0,0,1,0
CUS_0x54c6,67481.24,5446.4366666666665,8,3,19,1,16,18,12.64,40,176.06,29.956397336916694,32.12590013516503,195.418730178654,567.0990363528477,2023-12-01,2025-10-06 10:50:45.508,18,6,0,0,0,0,0,0,0,0,1,1,0,0,0,0,1,0,0,0,1,0,0,0,0,0
CUS_0x6e91,19852.64,1811.492411866665,5,4,18,2,30,11,18.92,80,1355.63,25.648538385890102,141.65910231089387,68.80563929557367,381.5681798602008,2023-12-01,2025-10-06 10:50:45.508,16,10,0,0,0,1,0,1,0,0,0,1,0,0,0,0,1,0,0,0,0,0,1,0,0,0
CUS_0x8766,25622.61,2251.2175,6,7,7,2,16,15,15.74,40,326.09,26.70091080024689,37.25286576941351,107.59404521776821,398.4137798949347,2023-12-01,2025-10-06 10:50:45.508,17,6,0,1,0,0,0,0,0,1,0,0,0,0,0,0,0,0,1,0,1,0,0,0,0,0
CUS_0x8cf9,10311.095,963.2579166666666,8,5,17,0,31,11,12.02,80,1024.56,29.672924246640186,0.0,129.0477897267551,257.2780019399116,2023-12-01,2025-10-06 10:50:45.508,21,8,0,0,0,0,0,0,0,0,0,1,0,0,0,0,1,0,0,0,0,0,1,0,0,0
CUS_0xb460,30063.42,2509.285,10,9,4544,4,53,12,16.65,110,2627.81,39.61974730080324,86.62870491967884,10000.0,356.0220513343191,2023-12-01,2025-10-06 10:50:45.508,14,9,0,0,0,1,1,1,0,0,0,1,0,0,0,0,1,0,0,0,1,0,0,0,0,0
CUS_0x21f9,61648.24,4845.3533333333335,10,8,15,8,40,19,28.28,130,4129.59,26.77281641113704,358.9967146153901,172.43974578203316,223.09887293591012,2023-12-01,2025-10-06 10:50:45.508,3,7,0,1,1,1,1,1,1,1,0,1,0,0,0,0,0,1,0,0,0,0,0,0,1,0
CUS_0x6109,19657.56,1349.13,4,3,15,2,26,13,8.74,50,1480.88,32.981981451554425,21.24011733002961,32.317533175495484,321.35534949447486,2023-12-01,2025-10-06 10:50:45.508,6,2,0,0,0,0,0,1,0,0,1,1,0,0,0,0,1,0,0,0,0,1,0,0,0,0
CUS_0x6cce,16038.69,1176.5575,8,7,16,7,24,12,13.5,90,1975.78,33.23005012545768,79.94205890844974,69.04141259942524,248.672278492125,2023-12-01,2025-10-06 10:50:45.508,16,9,1,0,1,0,0,1,0,1,1,1,0,0,0,0,1,0,0,0,0,0,0,1,0,0
CUS_0xb756,17625.61,1406.8008333333337,9,10,18,7,38,28,25.94,120,4491.22,33.096367459052765,87.8735287255042,77.1364503793182,245.6701042285109,2023-12-01,2025-10-06 10:50:45.508,3,6,1,0,0,1,1,0,1,1,1,1,0,0,0,0,0,1,0,0,0,0,0,0,1,0
CUS_0xa23e,71625.2,6031.766666666666,4,2,2,0,8,3,0.7400000000000002,40,461.75,38.11510211313571,0.0,348.38802665724967,534.7886400094169,2023-12-01,2025-10-06 10:50:45.508,21,2,0,0,0,0,0,0,0,0,0,0,1,0,0,1,0,0,0,0,0,0,0,1,0,0
CUS_0xb15e,123050.2,10178.183333333332,3,3,7,3,9,11,2.36,0,512.24,35.8302037249345,180.18916915522783,414.32454228127676,683.3046218968287,2023-12-01,2025-10-06 10:50:45.508,29,4,1,0,0,0,0,0,1,0,1,0,1,0,0,1,0,0,0,0,0,0,0,0,0,1
CUS_0x5572,10068.97,840.0808333333333,8,4,7,3,30,16,10.8,40,2192.93,26.89921837444941,23.22225147149348,38.517498642222655,312.2683332196172,2023-12-01,2025-10-06 10:50:45.508,15,1,0,0,1,0,0,0,0,1,1,1,0,0,0,0,1,0,0,0,0,0,1,0,0,0
CUS_0x6428,69942.5,6015.541666666668,3,5,20,1,25,8,0.62,10,10.29,29.03553886837764,53.82239520598721,294.69782349849964,523.0339479621798,2023-12-01,2025-10-06 10:50:45.508,17,8,1,0,0,0,0,0,0,0,0,1,0,0,0,0,0,0,1,0,0,0,0,0,1,0
CUS_0x7af8,33891.6,3122.3,8,10,24,6,38,18,28.46,120,3829.12,26.34141207452508,85.64964244438245,291.0974482632022,225.4829092924154,2023-12-01,2025-10-06 10:50:45.508,12,2,1,0,1,0,0,0,1,0,1,1,0,0,0,0,0,1,0,0,0,0,1,0,0,0
CUS_0xa08b,19206.92,1373.5766666666666,7,1223,19,5,40,19,3.08,110,3600.06,23.722106396654137,65.19760798764706,58.083765801119384,284.07629287790024,2023-12-01,2025-10-06 10:50:45.508,2,8,0,0,1,0,1,0,0,1,0,1,0,0,0,0,0,1,0,0,0,0,0,0,1,0
CUS_0xb024,14176.215,1016.35125,7,4,7,2,28,20,19.81,70,399.68,25.043826173667487,19.215651989726823,39.47784536253139,332.9416276477417,2023-12-01,2025-10-06 10:50:45.508,13,0,0,0,0,0,0,1,0,0,1,1,0,0,0,0,1,0,0,0,0,0,1,0,0,0
CUS_0x2314,17097.565,1461.7970833333331,3,4,10,5,27,9,7.86,60,948.08,26.81683553291324,49.27962630057444,10000.0,219.6202769426925,2023-12-01,2025-10-06 10:50:45.508,18,4,0,0,1,0,1,1,1,0,0,1,0,0,0,0,0,0,1,0,0,0,1,0,0,0
CUS_0x743f,28901.07,1887.7527028991635,4,2,3139,0,10,6,13.06,20,996.22,30.967043822692947,257.66979710083666,55.89879982711933,408.6434501728807,2023-12-01,2025-10-06 10:50:45.508,21,9,0,0,0,0,0,0,0,0,0,0,1,0,0,1,0,0,0,0,1,0,0,0,0,0
CUS_0x3b85,72790.92,6087.91,3,5,5,4,9,10,3.89,0,702.65,30.71859938335557,157.30415645303768,115.65300084370877,575.8338427032536,2023-12-01,2025-10-06 10:50:45.508,32,11,0,0,1,0,0,1,1,0,1,0,1,0,0,1,0,0,0,0,0,1,0,0,0,0
CUS_0x8804,14962.35,958.8625,7,9,33,8,26,20,9.97,120,1945.68,27.36900300293025,67.46163206909782,102.93856401581043,215.48605391509173,2023-12-01,2025-10-06 10:50:45.508,20,5,1,1,0,0,0,1,1,0,1,1,0,0,0,0,0,1,0,0,0,0,1,0,0,0
CUS_0x2a47,97694.32,8153.193333333334,5,5,10,4,26,9,1.4600000000000009,50,915.32,30.72479697932673,247.8332517930024,176.069154411052,631.416927129279,2023-12-01,2025-10-06 10:50:45.508,22,4,0,0,0,1,0,0,0,1,0,1,0,0,0,0,1,0,0,0,0,1,0,0,0,0
CUS_0x4eab,15682.145,1412.8454166666668,3,4,4,1,13,10,2.55,40,1249.34,29.01006377710585,8.485266863383051,39.553874148703606,353.24540065458,2023-12-01,2025-10-06 10:50:45.508,22,11,0,1,0,0,0,0,0,0,0,0,1,0,0,1,0,0,0,1,0,0,0,0,0,0
CUS_0x91fe,28230.08,2501.5066666666667,8,5,19,2,14,18,16.49,10,1437.62,29.33813943669661,36.864683417928745,176.68892581435833,316.5970574343796,2023-12-01,2025-10-06 10:50:45.508,33,4,1,0,0,1,0,0,0,0,0,0,0,0,0,0,0,0,1,0,0,0,0,1,0,0
CUS_0x71e2,28074.06,2139.505,1,6,1,1,8,6,4.98,0,577.79,40.045418633742585,15.500162919248377,44.804080478304996,393.6462566024466,2023-12-01,2025-10-06 10:50:45.508,31,9,0,0,0,0,0,0,0,0,1,0,1,0,0,1,0,0,0,0,0,1,0,0,0,0
CUS_0x9173,16923.73,1437.3108333333332,10,7,19,9,29,19,25.76,80,2882.5,30.3275877090648,93.94932531554689,152.50748848000498,187.27426953778144,2023-12-01,2025-10-06 10:50:45.508,3,8,1,1,0,1,1,0,0,1,1,1,0,0,0,0,0,1,0,0,0,0,1,0,0,0
CUS_0xa282,20357.69,1801.4741666666664,6,9,22,5,17,25,7.61,140,3718.95,37.54405860509751,57.7865053722414,70.3437102821937,302.0172010122316,2023-12-01,2025-10-06 10:50:45.508,11,2,1,0,0,1,0,0,1,1,1,1,0,0,0,0,0,1,0,0,1,0,0,0,0,0
CUS_0x1488,7468.77,681.3975,8,8,29,9,60,24,27.82,140,2550.65,24.97337624654977,44.48134887065773,76.66803680641287,236.99036432292942,2023-12-01,2025-10-06 10:50:45.508,13,8,1,1,1,0,1,1,1,1,1,0,0,0,0,0,0,0,1,0,0,0,1,0,0,0
CUS_0x9afb,40341.16,3529.763333333334,5,1436,15,7,20,14,15.34,12020,2385.46,34.24253623832022,164.44725929600915,76.45406860962208,372.0750054277022,2023-12-01,2025-10-06 10:50:45.508,18,6,1,0,1,1,0,0,1,0,1,1,0,0,0,0,1,0,0,1,0,0,0,0,0,0
CUS_0x187e,19653.61,1800.8008333333337,9,5,25,7,28,20,19.67,110,3838.0,33.18220990431151,63.36866264354919,22.594322254180497,334.1170984356037,2023-12-01,2025-10-06 10:50:45.508,13,11,0,1,1,1,0,0,1,1,0,1,0,0,0,0,0,1,0,0,0,1,0,0,0,0
CUS_0x3e32,87902.13,7471.177500000002,4,7,7,5,20,19,7.22,120,777.56,25.81441548106669,283.94626975394164,514.23562852586,228.93585172019863,2023-12-01,2025-10-06 10:50:45.508,8,8,0,0,1,0,1,0,1,1,1,1,0,0,0,0,0,0,1,0,0,0,0,1,0,0
CUS_0x9f25,28005.44,2582.7866666666664,1,3,1,1,8,3,3.25,30,527.79,37.39878641115025,21.980614452499843,10000.0,407.2521353588564,2023-12-01,2025-10-06 10:50:45.508,24,8,0,0,0,0,0,1,0,0,0,0,0,0,0,1,0,0,0,1,0,0,0,0,0,0
CUS_0x2f56,71766.06,5968.505,8,4,1091,4,5,11,0.0,40,940.66,34.377334042042826,198.30905387568544,201.36559636305043,447.1758497612642,2023-12-01,2025-10-06 10:50:45.508,22,6,0,1,1,1,0,0,0,0,0,0,0,0,0,0,1,0,0,0,1,0,0,0,0,0
CUS_0xedf,14542.1,1449.841666666667,6,3,33,6,21,13,5.2799999999999985,100,2034.21,38.84115373057544,43.98817152799421,153.48669885008334,205.01194805545936,2023-12-01,2025-10-06 10:50:45.508,17,6,1,0,0,1,1,1,0,1,0,1,0,0,0,0,0,0,1,0,0,0,1,0,0,0
CUS_0x17d3,32900.5,2625.708333333333,4,5,4,2,1,12,8.33,10,47.18,29.482942222497893,32.068617881349354,217.43235927710705,303.06985617487703,2023-12-01,2025-10-06 10:50:45.508,23,8,0,0,1,0,0,0,0,1,0,0,0,0,0,0,0,0,1,0,0,0,1,0,0,0
CUS_0x28ec,48121.32,4253.1100000000015,6,9,29,2,21,17,9.13,170,1896.8,35.6073551830636,58.0748298805708,63.30279796741978,553.9333721520095,2023-12-01,2025-10-06 10:50:45.508,7,3,1,0,0,0,0,0,0,0,1,1,0,0,0,0,0,0,1,0,0,0,0,0,0,1
CUS_0x368f,10302.89,1146.5741666666668,8,5,16,8,52,21,23.6,170,3072.93,40.895547439368414,65.55971085683724,48.05235461304102,291.04535119678843,2023-12-01,2025-10-06 10:50:45.508,11,11,0,1,0,1,1,1,0,0,0,1,0,0,0,0,0,1,0,0,0,0,0,0,0,1
CUS_0x1956,15666.495,1342.54125,4,7,8,7,28,8,12.45,40,284.89,33.58162706457497,75.5226388676993,68.08335315141368,260.64813298088706,2023-12-01,2025-10-06 10:50:45.508,18,2,1,1,0,1,0,0,1,0,0,1,0,0,0,0,1,0,0,0,0,0,0,0,1,0
CUS_0x1e3e,22918.52,1840.8766666666668,6,5,18,5,18,10,21.94,40,454.45,26.532276590521693,199.39360260023037,73.46666206936962,291.93311449848864,2023-12-01,2025-10-06 10:50:45.508,8,8,0,0,0,1,0,0,0,1,1,1,0,0,0,0,1,0,0,0,0,0,0,0,0,1
CUS_0x54b2,16106.15,1444.1791666666666,8,3,10,3,18,9,7.52,50,109.59,36.95677912009222,35.4909545861339,69.02434568542189,309.90261639511084,2023-12-01,2025-10-06 10:50:45.508,19,9,0,1,0,0,1,0,1,0,0,1,0,0,0,0,0,0,1,0,0,0,0,0,1,0
CUS_0x5761,29999.94,2767.995,10,9,15,5,42,21,3.67,130,2593.23,28.82367550440972,101.64748417267153,185.9308172176029,279.22119860972555,2023-12-01,2025-10-06 10:50:45.508,16,8,1,1,0,0,0,1,0,1,0,1,0,0,0,0,0,1,0,0,0,0,1,0,0,0
CUS_0x7c88,60035.34,5182.945,6,5,31,6,24,20,27.51,110,2985.89,25.83211898682975,150.79032426399306,151.1382190526803,486.36595668332666,2023-12-01,2025-10-06 10:50:45.508,4,11,0,1,0,0,0,0,1,1,1,1,0,0,0,0,0,1,0,0,0,0,0,0,1,0
CUS_0xadf5,29473.28,2163.1066666666666,3,3,10,6,7,6,12.93,110,1163.33,31.7251712956292,114.78519077233857,15.780707271600802,325.7447686227273,2023-12-01,2025-10-06 10:50:45.508,20,5,1,1,1,1,0,0,1,0,0,1,0,0,0,0,1,0,0,0,0,1,0,0,0,0
CUS_0x14d3,107572.72,9133.393333333332,4,4,15,2,17,3951,11.48,20,302.52,32.85526169333302,106.24725559655812,241.18124094226525,815.9108367945099,2023-12-01,2025-10-06 10:50:45.508,18,5,0,1,0,0,0,0,0,1,0,0,0,0,0,0,1,0,0,0,0,0,0,0,0,1
CUS_0x3b7e,15904.85,1085.4041666666667,3,5,1,4,4,2,6.34,20,1377.16,36.85027486661564,47.59790091961793,76.78067721498407,264.1618385320647,2023-12-01,2025-10-06 10:50:45.508,20,4,0,0,1,0,1,1,0,0,1,0,0,0,0,1,0,0,0,0,0,0,0,1,0,0
CUS_0xa301,65934.22,5454.518333333333,5,7,7,0,13,15,12.25,40,1123.0,35.934784091256105,0.0,113.63134130754958,691.8204920257837,2023-12-01,2025-10-06 10:50:45.508,21,10,0,0,0,0,0,0,0,0,0,1,0,0,0,0,1,0,0,0,0,0,0,0,0,1
CUS_0x1cfd,31994.01,2756.1675,3,7,8,2,6,21,15.8,80,1197.22,22.646575553773747,34.081517084281906,219.17252210779841,312.3627108079197,2023-12-01,2025-10-06 10:50:45.508,16,8,0,0,1,0,0,0,1,0,0,1,0,0,0,0,1,0,0,0,0,0,1,0,0,0
CUS_0x535d,20127.72,1689.3100000000004,7,8,23,6,52,22,24.32,80,2697.61,31.953221945782104,90.90941942848814,10000.0,230.35726563692418,2023-12-01,2025-10-06 10:50:45.508,5,11,0,0,1,0,0,0,1,1,1,1,0,0,0,0,0,1,0,0,0,0,1,0,0,0
CUS_0x7ab3,8317.345,678.1120833333333,3,5,9,2,19,20,19.59,100,457.13,31.80063081159002,11.468958466490204,76.19212478328693,270.1501250835562,2023-12-01,2025-10-06 10:50:45.508,19,4,0,0,1,1,0,0,0,0,0,1,0,0,0,0,1,0,0,0,0,0,1,0,0,0
CUS_0xb2d2,53979.12,4792.26,3,6,20,1,20,17,11.87,70,543.95,31.970194084125595,39.35303604581543,518.2219123321544,211.65105162203025,2023-12-01,2025-10-06 10:50:45.508,18,10,0,1,0,0,0,0,0,0,0,0,1,0,0,0,1,0,0,0,0,0,1,0,0,0
CUS_0xc70e,97583.43,7846.9525,7,7,9,1,21,16,1.92,20,1296.8,29.02739173828565,46.51178912986877,679.9583511475201,338.2251097226112,2023-12-01,2025-10-06 10:50:45.508,30,0,0,0,1,0,0,0,0,0,0,0,1,0,0,1,0,0,0,0,0,0,0,1,0,0
CUS_0x1fae,33405.74,2485.8116666666665,3,6,20,1,29,10,7.77,40,196.3,36.78287089876269,16.280688370435787,62.69923839696209,429.6012398992688,2023-12-01,2025-10-06 10:50:45.508,24,4,0,0,0,0,0,0,1,0,0,1,0,0,0,0,1,0,0,0,0,0,0,0,0,1
CUS_0x5344,22330.07,1755.8391666666666,1,6,12,1,7,3,11.93,40,470.36,24.084303993575656,11.709561627425709,164.3403600961513,269.5339949430897,2023-12-01,2025-10-06 10:50:45.508,19,9,0,0,0,0,0,0,0,0,1,0,1,0,0,1,0,0,0,0,0,0,0,0,1,0
CUS_0x62ec,20060.93,1806.7441666666664,7,6,14,5,21,15,12.21,90,1445.82,35.815707319312125,48.56473089386543,121.85977382642912,290.2499119463721,2023-12-01,2025-10-06 10:50:45.508,8,2,0,1,0,1,1,1,0,0,0,1,0,0,0,0,1,0,0,0,0,0,0,1,0,0
CUS_0x5d1c,92497.5,7899.125,3,3,3,0,2,2,0.52,0,406.94,34.78567360060687,0.0,141.1558645138069,888.7566354861931,2023-12-01,2025-10-06 10:50:45.508,29,8,0,0,0,0,0,0,0,0,0,0,1,0,0,1,0,0,0,0,0,1,0,0,0,0
CUS_0x868,19014.19,1405.5158333333331,3,8,32,5,21,12,0.0,130,2034.13,35.648737029167535,4760.0,145.4488044202501,209.6067468916708,2023-12-01,2025-10-06 10:50:45.508,17,4,0,0,0,0,0,1,1,0,1,1,0,0,0,0,1,0,0,0,0,0,1,0,0,0
CUS_0xbf1d,20434.15,1694.8458333333335,7,6,8,4,8,14,10.6,40,1393.23,31.56241432194116,61.44926175114957,108.35522846777106,289.68009311441267,2023-12-01,2025-10-06 10:50:45.508,17,8,1,0,0,0,0,1,1,0,0,0,0,0,0,0,0,0,1,0,0,0,1,0,0,0
CUS_0x1348,28825.73,2648.1441666666665,5,6,19,5,18,20,16.21,80,1310.98,34.851380394294736,76.40594993289007,43.10917221796175,395.2992945158149,2023-12-01,2025-10-06 10:50:45.508,14,2,0,1,0,0,0,1,1,1,0,1,0,0,0,0,1,0,0,0,1,0,0,0,0,0
CUS_0x3720,8770.03,868.8358333333334,8,10,24,6,21,10,9.83,110,2289.03,36.941509655606005,30.319984575652708,10000.0,277.1999268759438,2023-12-01,2025-10-06 10:50:45.508,15,9,0,1,0,1,0,1,0,1,1,1,0,0,0,0,0,0,1,0,0,0,0,1,0,0
CUS_0x311a,48698.78,3865.231666666666,8,3,11,4,22,20,10.06,80,850.37,37.66809782356957,143.35136595081698,97.2287132957557,395.943087420094,2023-12-01,2025-10-06 10:50:45.508,20,3,0,1,1,0,0,0,1,0,1,0,1,0,0,0,1,0,0,0,1,0,0,0,0,0
CUS_0x5ccb,21720.955,2039.0795833333327,0,4,10,2,9,9,2.71,10,992.78,30.318671158263093,32.31239992892931,98.63260984837851,332.9629485560256,2023-12-01,2025-10-06 10:50:45.508,18,11,0,0,1,0,0,1,0,0,0,0,1,0,0,0,0,0,1,1,0,0,0,0,0,0
CUS_0xa1bd,23437.79,1711.1491666666668,8,4,20,3,25,12,7.31,60,589.94,22.79775520094549,47.87333656244205,172.96937192254487,240.27220818167982,2023-12-01,2025-10-06 10:50:45.508,28,11,1,0,1,0,0,0,0,1,0,1,0,0,0,0,1,0,0,0,0,0,1,0,0,0
CUS_0xc181,25567.26,1970.605,3,7,15,3,28,8,9.5,60,1446.82,23.52374230304304,44.831552364117,145.38522026780322,276.84372736807984,2023-12-01,2025-10-06 10:50:45.508,21,10,0,0,0,1,0,0,0,1,1,1,0,0,0,0,1,0,0,0,0,0,0,0,1,0
CUS_0x3fce,32198.23,2862.185833333333,5,5,10,5,30,11,18.27,110,857.14,27.489451695159374,126.4786617973768,384.05979233791413,65.68012919804247,2023-12-01,2025-10-06 10:50:45.508,13,11,0,0,0,0,1,1,1,0,1,1,0,0,0,0,1,0,0,0,0,0,1,0,0,0
CUS_0x5131,127253.4,10686.45,1,5,7,1,2,0,11.4,70,1181.44,36.10297309120965,78.54689323006002,409.1716118824138,830.9264948875264,2023-12-01,2025-10-06 10:50:45.508,29,4,1,0,0,0,0,0,0,0,0,0,1,0,0,1,0,0,0,0,1,0,0,0,0,0
CUS_0x79c0,50690.91,3945.2425,8,7,24,8,48,18,9.93,110,2698.44,33.27103856222987,326.5958742271283,141.31183835343634,206.61653741943542,2023-12-01,2025-10-06 10:50:45.508,10,2,1,1,1,1,0,0,0,0,0,0,0,0,0,0,0,1,0,0,0,0,0,1,0,0
CUS_0x9192,61238.94,4935.216566171412,8,3,7,3,28,9,13.29,50,947.31,36.88100660289435,606.9522218167867,118.01608130204436,524.5846307097568,2023-12-01,2025-10-06 10:50:45.508,17,3,0,0,0,0,1,1,0,1,0,1,0,0,0,0,1,0,0,0,1,0,0,0,0,0
CUS_0xb648,24041.97,2276.4975000000004,6,7,17,1,19,18,13.03,50,655.52,36.12293472953949,18.43773654650209,158.94859490104358,340.26341855245437,2023-12-01,2025-10-06 10:50:45.508,26,9,0,0,1,0,0,0,0,0,0,1,0,0,0,0,1,0,0,0,0,0,1,0,0,0
CUS_0xc52c,30827.58,2426.264717820333,5,4,6,0,22,16,0.65,40,778.02,30.054993756931715,384.7002821796678,34.45501874625479,496.64148125374527,2023-12-01,2025-10-06 10:50:45.508,26,9,0,0,0,0,0,0,0,0,0,0,1,0,0,0,0,0,1,0,1,0,0,0,0,0
CUS_0x3948,80235.27,6684.2725,7,7,9,2,17,18,19.8,60,291.72,43.04394330593608,91.1765518458848,108.83750174776208,708.4131964063533,2023-12-01,2025-10-06 10:50:45.508,19,4,0,0,1,0,0,0,0,0,1,1,0,0,0,0,1,0,0,0,0,1,0,0,0,0
CUS_0x3e40,71267.18,6167.931666666666,7,5,17,4,15,11,19.14,90,158.2,23.18989151159185,204.6074915113908,10000.0,192.23092084729691,2023-12-01,2025-10-06 10:50:45.508,20,6,0,1,0,0,0,1,0,0,0,1,0,0,0,0,1,0,0,0,0,0,0,1,0,0
CUS_0x4aa6,13924.125,952.34375,489,3,10,0,25,14,7.55,40,1270.5,26.76513772988208,0.0,91.90408950610559,283.3302854938944,2023-12-01,2025-10-06 10:50:45.508,29,5,0,0,0,0,0,0,0,0,0,0,1,0,0,1,0,0,0,0,0,0,0,1,0,0
CUS_0x5a7b,61319.37,5065.9475,8,10,16,7,56,19,5.65,90,2329.84,29.21533852781228,243.64616979626905,95.15501818486044,417.79356201887055,2023-12-01,2025-10-06 10:50:45.508,6,6,0,1,1,1,1,0,0,0,1,1,0,0,0,0,0,0,1,0,1,0,0,0,0,0
CUS_0x99be,115247.16,9744.93,2,5,10,0,12,3,0.92,30,687.87,41.466920241023935,0.0,452.040223246595,782.452776753405,2023-12-01,2025-10-06 10:50:45.508,18,6,0,0,0,0,0,0,0,0,0,0,1,0,0,1,0,0,0,1,0,0,0,0,0,0
CUS_0x2f08,37577.82,2984.485,8,5,24,7,20,16,3.56,120,1518.65,32.26242949265564,198.0002782721347,181.39739860761097,179.05082312025436,2023-12-01,2025-10-06 10:50:45.508,6,10,0,1,0,0,1,1,1,1,1,1,0,0,0,0,0,1,0,1,0,0,0,0,0,0
CUS_0x7f3f,7842.3,528.525,10,10,21,8,37,15,23.06,90,3421.09,36.11239516112024,40.96970272311216,31.588924480965982,270.29387279592186,2023-12-01,2025-10-06 10:50:45.508,2,4,0,1,1,0,1,0,1,1,0,1,0,0,0,0,0,1,0,0,0,0,1,0,0,0
CUS_0x9815,32167.36,2700.613333333333,7,7,19,5,22,9,7.4,120,1916.98,30.573849810648703,89.33903455411772,10000.0,328.4268318230777,2023-12-01,2025-10-06 10:50:45.508,12,11,0,0,0,0,1,1,0,1,1,1,0,0,0,0,1,0,0,0,0,0,1,0,0,0
CUS_0x40f9,122364.84,10078.07,8,4,10,0,5,19,4.6,40,1063.73,38.26092472288215,0.0,10000.0,787.9504780568933,2023-12-01,2025-10-06 10:50:45.508,33,4,0,0,0,0,0,0,0,0,0,0,1,0,0,0,1,0,0,0,0,0,0,1,0,0
CUS_0x8dc4,53225.37,4526.4475,6,7,30,2,25,15,13.4,40,2090.45,24.273449969096767,81257.0,107.00607826268852,550.4729541493912,2023-12-01,2025-10-06 10:50:45.508,10,1,1,0,0,0,0,0,0,1,0,0,0,0,0,0,0,0,1,0,1,0,0,0,0,0
CUS_0x1916,38035.76,3052.646666666667,5,4,3,3,13,5,16.41,80,193.26,25.09958407132381,93.45511053628653,55.641679375915615,416.16787675446466,2023-12-01,2025-10-06 10:50:45.508,17,4,0,0,0,0,1,0,0,1,1,0,1,0,0,0,0,0,1,1,0,0,0,0,0,0
CUS_0x4036,8056.13,530.3441666666666,10,5,32,8,48,16,18.64,60,4230.04,40.517144779908,37.58269379011682,65.97219224053109,239.47953063601875,2023-12-01,2025-10-06 10:50:45.508,9,4,0,1,0,1,1,1,1,0,1,1,0,0,0,0,0,1,0,0,0,0,1,0,0,0
CUS_0x4b09,80657.84,6534.486666666668,7,7,13,3,25,17,15.33,100,1017.73,27.54412133341936,167.4967125952189,201.4157912575497,534.536162813898,2023-12-01,2025-10-06 10:50:45.508,21,5,1,0,1,1,0,0,0,0,0,1,0,0,0,0,1,0,0,0,0,0,1,0,0,0
CUS_0x3513,83037.36,6663.78,8,9,19,6,21,15,7.46,90,1446.74,29.87523891513596,61997.0,318.895807938985,364.2119520376638,2023-12-01,2025-10-06 10:50:45.508,9,3,1,1,0,0,1,0,1,0,1,1,0,0,0,0,1,0,0,0,0,0,0,1,0,0
CUS_0x2541,14411.34,938.945,10,9,29,9,50,22,19.77,70,4716.04,36.16611707413082,56.015185478157214,60.10897155513997,257.7703429667028,2023-12-01,2025-10-06 10:50:45.508,4,1,0,1,0,1,1,0,1,1,1,1,0,0,0,0,0,1,0,0,0,0,0,1,0,0
CUS_0x3abe,71689.68,5706.139999999999,7,8,16,6,38,15,9.71,90,1773.97,38.583375821530645,286.9285326101912,120.65521271574848,403.0302546740603,2023-12-01,2025-10-06 10:50:45.508,15,4,0,0,1,0,1,1,1,1,0,1,0,0,0,0,1,0,0,0,0,1,0,0,0,0
CUS_0x71ab,7226.435,662.2029166666667,8,5,20,3,13,14,8.72,90,1533.48,32.239470116745984,16.193506546212475,18.68704620389061,311.3397389165636,2023-12-01,2025-10-06 10:50:45.508,10,5,1,0,0,0,1,1,0,0,0,1,0,0,0,0,1,0,0,0,0,0,0,1,0,0
CUS_0x73a6,52979.4,4366.95,9,8,25,6,38,16,18.53,140,2861.75,23.52092469314825,252.90206563303715,228.2386221930933,235.5543121738696,2023-12-01,2025-10-06 10:50:45.508,8,8,1,0,1,1,0,1,0,0,1,0,0,0,0,0,0,1,0,0,0,0,0,1,0,0
CUS_0x9423,36573.8,2577.987997642031,9,9,31,8,58,20,24.37,90,4990.91,24.5665691432984,18197.0,193.55025911751426,205.71782648906571,2023-12-01,2025-10-06 10:50:45.508,13,8,1,1,1,0,0,1,1,1,0,1,0,0,0,0,0,1,0,0,0,0,1,0,0,0
CUS_0x1063,128698.76,10628.896666666666,7,5,10,4,8,14,10.67,120,583.11,28.440370434620167,251.6127820563614,136.3149548476463,914.9619297626593,2023-12-01,2025-10-06 10:50:45.508,16,11,1,0,0,1,0,0,0,1,1,1,0,0,0,0,0,0,1,0,0,1,0,0,0,0
CUS_0x7d66,39459.88,3530.3233333333333,4,2,1,2,1,0,11.28,60,1253.88,35.30642705464832,50.772298733921474,146.24797701216258,406.0120575872492,2023-12-01,2025-10-06 10:50:45.508,24,10,1,0,0,0,0,1,0,0,0,0,1,0,0,1,0,0,0,0,1,0,0,0,0,0
CUS_0x960f,14480.21,943.6841666666668,10,7,24,9,25,17,15.93,100,3873.09,25.289404099339453,54.587566811939446,71.95692419680299,257.82392565792424,2023-12-01,2025-10-06 10:50:45.508,8,2,0,1,1,1,1,0,0,1,1,1,0,0,0,0,0,0,1,0,0,0,1,0,0,0
CUS_0xa964,70686.44,5805.536666666668,0,1,4,4,13,10,6.07,20,1488.12,36.45396175373536,164.4569489963524,722.9648278234837,550.1952043289148,2023-12-01,2025-10-06 10:50:45.508,23,11,1,1,0,0,1,0,0,1,0,0,1,0,0,1,0,0,0,0,0,0,0,0,0,1
CUS_0x5f92,9238.24,881.8533333333335,6,7,25,7,32,25,3.7,110,3985.22,33.47823109303344,38.77068857728457,42.42885554234059,286.9857892137082,2023-12-01,2025-10-06 10:50:45.508,9,3,1,1,0,0,0,0,0,1,1,1,0,0,0,0,0,1,0,0,0,0,0,1,0,0
CUS_0xb160,35516.68,2729.723333333333,0,2,5201,4,14,6,6.65,30,981.33,36.57520121200972,95.85926637595648,97.46886709613115,349.6441998612456,2023-12-01,2025-10-06 10:50:45.508,16,8,0,1,0,0,0,0,0,1,0,0,1,0,0,1,0,0,0,0,0,0,0,0,1,0
CUS_0x1af1,98208.78,8313.064999999999,4,7,3,1,3,7,6.01,30,1364.78,33.76687862498153,66.95254182240309,141.8999437972461,862.4540143803508,2023-12-01,2025-10-06 10:50:45.508,25,8,0,0,0,1,0,0,0,0,0,0,1,0,0,0,0,0,1,0,0,1,0,0,0,0
CUS_0x4fb5,15371.47,909.425207533571,9,10,27,4,35,10,12.6,130,1582.34,38.207647880440064,120.74467700402042,95.82283043179072,281.91040666773034,2023-12-01,2025-10-06 10:50:45.508,6,0,1,0,1,0,0,1,1,0,0,1,0,0,0,0,1,0,0,0,0,0,1,0,0,0
CUS_0xa781,21677.905,1859.492083333333,1,4,11,1,10,1,4.71,50,585.36,40.11700202181696,11.503369000257134,79.18608012081181,355.2597592122644,2023-12-01,2025-10-06 10:50:45.508,33,4,0,0,0,0,0,0,0,1,0,0,1,0,0,1,0,0,0,1,0,0,0,0,0,0
CUS_0xb7d0,16449.27,1089.7725,903,6,20,2,22,15,19.86,40,1385.18,26.323164793107523,16.598134235774197,112.07859995966743,270.3005158045584,2023-12-01,2025-10-06 10:50:45.508,8,3,0,0,0,0,1,0,0,0,1,1,0,0,0,0,1,0,0,0,0,0,1,0,0,0
CUS_0xa350,33878.15,3031.179166666667,4,2,8,0,3,10,0.6399999999999997,20,1195.14,22.87516623317793,0.0,167.46701026908667,405.65090639757994,2023-12-01,2025-10-06 10:50:45.508,16,5,0,0,0,0,0,0,0,0,0,0,1,0,0,1,0,0,0,0,0,0,0,0,1,0
CUS_0x28de,156608.6,13319.716666666667,4,4,10,0,17,4,9.09,20,1161.51,39.947778226400814,0.0,816.2281111196007,795.7435555470662,2023-12-01,2025-10-06 10:50:45.508,18,5,0,0,0,0,0,0,0,0,0,0,1,0,0,1,0,0,0,0,0,0,0,1,0,0
CUS_0x4948,64036.88,5591.406666666668,8,4,15,4,31,15,14.7,90,1635.19,34.810104931502764,127.82606133041408,267.1653539717439,434.14925136450864,2023-12-01,2025-10-06 10:50:45.508,8,3,0,0,1,1,0,0,1,0,0,1,0,0,0,0,1,0,0,0,0,0,0,0,1,0
CUS_0x867d,144468.72,11788.06,3,3,7,3,1,12,3.01,70,539.74,42.107516173217824,241.39904841544708,338.36795292204897,849.0389986625038,2023-12-01,2025-10-06 10:50:45.508,21,5,0,0,1,1,0,0,0,0,1,0,1,0,0,0,0,0,1,0,1,0,0,0,0,0
CUS_0xbd23,53699.7,4382.974999999999,8,5,13,0,20,9,9.6,0,1422.8,36.524627792522416,0.0,420.69798651389885,297.5995134861012,2023-12-01,2025-10-06 10:50:45.508,27,2,0,0,0,0,0,0,0,0,0,0,1,0,0,0,1,0,0,0,0,0,0,1,0,0
CUS_0xe42,80541.51,6460.7925,4,1238,20,0,18,16,10.81,10,345.22,40.61147838497724,0.0,172.11876974121137,818.8312520798787,2023-12-01,2025-10-06 10:50:45.508,26,11,0,0,0,0,0,0,0,0,0,1,0,0,0,0,1,0,0,0,0,1,0,0,0,0
CUS_0x4af2,76208.52,6431.71,5,7,13,1,15,16,8.22,30,1068.66,29.27931702573097,35.835401657904804,479.24416201515714,418.0914363269381,2023-12-01,2025-10-06 10:50:45.508,22,8,0,0,1,0,0,0,0,0,0,1,0,0,0,0,1,0,0,0,0,0,1,0,0,0
CUS_0xab9c,132370.2,11263.85,3,4,4,3,3,6,6.34,70,1064.61,38.49200702890744,209.78949707106773,389.14067423985915,777.4548286890732,2023-12-01,2025-10-06 10:50:45.508,32,1,1,1,0,0,0,0,0,0,0,0,1,0,0,1,0,0,0,0,1,0,0,0,0,0
CUS_0xba5,34343.83,3144.9858333333336,3,5,16,0,16,19,13.37,10,319.99,37.68288629059814,0.0,62.7167109753964,511.781872357937,2023-12-01,2025-10-06 10:50:45.508,23,9,0,0,0,0,0,0,0,0,0,0,0,0,0,0,1,0,0,1,0,0,0,0,0,0
CUS_0xba6c,9967.82,684.6516666666666,6,9,18,6,37,25,8.66,60,1841.86,39.9607824622466,37.178867820661175,55.89639075139074,236.6095102201691,2023-12-01,2025-10-06 10:50:45.508,19,8,0,1,1,0,0,1,1,0,1,1,0,0,0,0,0,0,1,0,0,0,1,0,0,0
CUS_0xc48b,14539.01,1077.5841666666668,8,8,18,7,36,25,3.16,80,2685.69,36.64986060720482,49.320873451611824,114.86610038322391,233.5714428318309,2023-12-01,2025-10-06 10:50:45.508,12,6,1,0,1,0,1,0,1,1,0,1,0,0,0,0,0,1,0,0,0,0,1,0,0,0
CUS_0x2ad5,136726.68,11299.89,0,7,2299,2,11,12,0.3500000000000001,60,1299.02,33.00394295503196,174.29237495134126,397.90733741217554,807.7892876364833,2023-12-01,2025-10-06 10:50:45.508,29,0,0,0,0,0,1,0,0,0,1,0,0,0,0,1,0,0,0,0,1,0,0,0,0,0
CUS_0x47da,13190.345,1131.1954166666667,3,4,5,1,21,20,3.4000000000000004,20,578.6,23.48233390416208,9.896018015741973,59.84745853321921,323.3760651177055,2023-12-01,2025-10-06 10:50:45.508,28,11,0,0,0,0,0,0,0,0,1,0,0,0,0,0,1,0,0,0,0,0,0,1,0,0
CUS_0x5fc2,10285.71,1036.1425,8,7,6,1,18,8,7.49,30,1354.57,33.59040408992417,7.8970740737019645,50.004371960532104,335.71280396576594,2023-12-01,2025-10-06 10:50:45.508,29,3,0,0,0,0,0,1,0,0,0,1,0,0,0,0,1,0,0,0,0,0,1,0,0,0
CUS_0x8442,28199.86,2090.988333333333,3,3,3,4,2,9,3.07,40,500.84,27.35416197152452,85.02935949376669,237.31713023022735,176.7523436093393,2023-12-01,2025-10-06 10:50:45.508,16,11,0,1,1,0,0,0,0,1,1,0,1,0,0,1,0,0,0,0,0,0,0,0,0,1
CUS_0xb637,101896.71,8359.3925,3,5,9,2,6,17,19.49,40,1037.16,25.993203960142523,152.96585096628883,467.0828920055317,495.89050702817946,2023-12-01,2025-10-06 10:50:45.508,26,6,0,0,0,0,0,0,0,0,1,0,0,0,0,0,0,0,1,0,0,0,0,1,0,0
CUS_0x4475,7845.795,618.81625,10,5,27,6,40,19,9.43,120,2517.66,29.561603908129182,19.994491274498465,59.79820122168511,272.0889325038164,2023-12-01,2025-10-06 10:50:45.508,6,0,1,0,1,1,0,1,0,0,1,1,0,0,0,0,0,0,1,0,0,0,1,0,0,0
CUS_0x5cb8,15362.78,1441.2316666666668,9,6,26,6,57,20,17.12,70,3773.56,28.721140385231013,45.75494995324873,192.88737307930577,195.4808436341122,2023-12-01,2025-10-06 10:50:45.508,3,3,1,1,1,0,0,1,0,0,1,1,0,0,0,0,0,1,0,0,0,0,1,0,0,0
CUS_0x8138,33012.39,2793.0325,5,4,11,0,28,11,12.0,60,917.25,40.543900280686046,0.0,137.25315440830593,472.5142265710763,2023-12-01,2025-10-06 10:50:45.508,29,2,0,0,0,0,0,0,0,0,0,0,1,0,0,1,0,0,0,0,0,0,1,0,0,0
CUS_0xad4f,22620.79,1722.065833333333,6,2,9,0,27,15,5.31,20,642.46,34.02642747394993,0.0,205.21728040016708,256.98930293316624,2023-12-01,2025-10-06 10:50:45.508,29,10,0,0,0,0,0,0,0,0,0,0,1,0,0,0,0,0,1,0,0,0,1,0,0,0
CUS_0x2142,10186.26,985.855,4,3,8,3,7,10,10.16,50,587.16,25.33606404303563,18.78837738653499,83.29640356432921,286.5007190491358,2023-12-01,2025-10-06 10:50:45.508,31,9,1,0,0,0,0,0,1,1,0,0,0,0,0,1,0,0,0,0,0,0,0,0,0,1
CUS_0x27e2,8705.96,897.4966666666666,3,7,27,3,26,17,13.19,13290,2594.78,28.093686083368645,16.446953824287228,40.476487677100046,322.82622516527937,2023-12-01,2025-10-06 10:50:45.508,16,8,0,0,0,0,1,1,0,0,0,1,0,0,0,0,1,0,0,0,0,0,1,0,0,0
CUS_0x6993,34146.86,2986.5716666666667,4,7,1,2,13,10,2.07,60,163.0,37.47041576299036,56.334345300507024,207.17151367717534,305.1513076889844,2023-12-01,2025-10-06 10:50:45.508,29,2,0,0,1,0,0,0,0,0,0,0,1,0,0,1,0,0,0,0,0,0,0,0,1,0
CUS_0x732d,78059.36,6277.946666666668,6,5,19,1,26,10,11.41,90,1220.42,31.68267425183673,55.76222911225429,142.96132613229594,641.4450215225054,2023-12-01,2025-10-06 10:50:45.508,16,2,0,0,0,0,0,1,0,0,0,1,0,0,0,0,1,0,0,1,0,0,0,0,0,0
CUS_0x8391,13300.535,1183.3779166666666,4,3,14,3,13,10,10.5,10,367.87,35.57314629669645,18.413069230897783,76.85335808620928,303.07136434955964,2023-12-01,2025-10-06 10:50:45.508,26,4,1,0,0,1,0,1,0,0,0,1,0,0,0,0,1,0,0,0,0,0,0,1,0,0
CUS_0x7a22,102885.32,8643.776666666667,3,5,16,1,14,14,10.31,40,605.34,31.418099791745163,74.1586635323227,79.74686437036993,950.472138763974,2023-12-01,2025-10-06 10:50:45.508,29,5,0,0,0,1,0,0,0,0,0,1,0,0,0,0,1,0,0,0,0,1,0,0,0,0
CUS_0xb6eb,15021.48,1344.79,6,5,15,4,54,9,9.75,100,1277.01,32.32320126066206,38.17807912558671,96.64952757414824,289.65139330026506,2023-12-01,2025-10-06 10:50:45.508,16,0,0,0,1,1,0,0,0,1,0,0,0,0,0,0,0,0,1,0,0,0,1,0,0,0
CUS_0x6acc,28975.42,2391.6183333333333,4,5,13,1,13,11,2.86,20,675.8,36.03605536137778,19.300591248261625,109.25753054916255,400.6037115359092,2023-12-01,2025-10-06 10:50:45.508,23,8,0,0,0,0,0,0,0,0,1,0,1,0,0,0,1,0,0,0,0,0,1,0,0,0
CUS_0x7dab,20456.57,1770.7141666666666,10,10,29,5,46,20,22.91,110,4440.42,27.702174129083467,56.517769935462816,79.178981453565,331.3746652776388,2023-12-01,2025-10-06 10:50:45.508,1,4,1,0,0,0,0,1,1,1,1,1,0,0,0,0,0,1,0,0,0,0,1,0,0,0
CUS_0x8b11,12837.245,837.7704166666667,8,4,504,3,15,9,4.34,0,1222.28,34.62405059813947,21.2433254769634,42.32666539777941,300.20705079192385,2023-12-01,2025-10-06 10:50:45.508,28,6,0,0,0,1,0,0,0,1,0,0,1,0,0,0,0,0,1,0,0,0,0,1,0,0
CUS_0x41f4,19129.65,1528.1375,7,6,31,7,51,17,21.36,70,3237.75,31.71808401733717,60.1533366599019,175.55821556717083,248.53078029287116,2023-12-01,2025-10-06 10:50:45.508,8,11,0,1,1,1,1,0,0,0,1,0,0,0,0,0,0,1,0,1,0,0,0,0,0,0
CUS_0x4dc5,18292.21,1477.3508333333332,8,7,25,7,52,19,17.73,80,3489.9,25.63991004562048,103.58768147436204,10000.0,268.2771180438908,2023-12-01,2025-10-06 10:50:45.508,6,10,0,0,1,1,0,1,1,0,1,0,0,0,0,0,0,1,0,0,0,0,1,0,0,0
CUS_0x9761,32012.65,2562.319063198005,4,5,9,3,1,7,5.84,80,7.44,30.77654291302293,223.9660292922028,123.89432500126514,373.713499175194,2023-12-01,2025-10-06 10:50:45.508,20,11,1,0,0,1,0,0,0,0,0,0,1,0,0,1,0,0,0,0,0,0,1,0,0,0
CUS_0x3404,17738.305,1419.1920833333334,7,4,13,1,23,12,11.9,110,661.03,38.937262594495145,11.73773832906844,100.98176360371157,309.19970640055334,2023-12-01,2025-10-06 10:50:45.508,21,11,0,0,0,0,1,0,0,0,0,1,0,0,0,0,1,0,0,0,0,0,0,1,0,0
CUS_0x65ca,116396.67,9501.7225,0,4,7,3,4,5,0.6500000000000004,10,980.13,30.61053232931281,229.4914065435736,187.1643735321679,773.5164699242587,2023-12-01,2025-10-06 10:50:45.508,18,6,0,1,1,1,0,0,0,0,0,0,1,0,0,1,0,0,0,0,0,1,0,0,0,0
CUS_0x7efc,60218.28,5293.19,7,6,32,7,33,23,28.2,90,4982.57,26.54265899767964,230.62660470979543,73.94423745841138,474.7481578317932,2023-12-01,2025-10-06 10:50:45.508,1,6,1,0,1,0,1,0,1,0,1,0,0,0,0,0,0,1,0,0,1,0,0,0,0,0
CUS_0x6f9,15201.0,976.75,10,5,16,6,26,15,19.25,120,1879.27,35.098258329230646,47.55214792965366,51.738329086483795,288.3845229838625,2023-12-01,2025-10-06 10:50:45.508,16,0,0,1,1,1,1,1,0,0,0,1,0,0,0,0,1,0,0,0,0,0,1,0,0,0
CUS_0xa9a2,18735.98,1776.331666666667,6,9,20,3,27,23,9.54,90,1505.0,27.500962921435978,37.32814249478467,84.7341128556684,335.5709113162136,2023-12-01,2025-10-06 10:50:45.508,10,0,0,1,0,0,0,0,1,0,1,1,0,0,0,0,0,0,1,0,0,0,0,1,0,0
CUS_0xb7c4,39700.24,3080.353333333333,10,5,24,5,61,19,9.98,70,2558.7,25.81249487014307,136.57636110983276,49.96735887585248,361.49161334764807,2023-12-01,2025-10-06 10:50:45.508,12,5,1,0,1,1,0,1,0,0,0,1,0,0,0,0,0,1,0,0,0,1,0,0,0,0
CUS_0x2da4,66674.38,5356.198333333334,1320,3,17,2,22,10,13.02,20,577.97,36.58147406453613,102.31355026510492,10000.0,464.6849893636184,2023-12-01,2025-10-06 10:50:45.508,19,10,0,0,1,0,0,0,1,0,0,0,1,0,0,0,0,0,1,1,0,0,0,0,0,0
CUS_0x5a58,42400.7,3627.3916666666655,4,5,5,2,24,1,6.54,70,699.11,33.401325654687014,45.77561818988868,347.4031656528469,249.5603828239311,2023-12-01,2025-10-06 10:50:45.508,27,2,1,0,0,0,1,0,0,0,0,0,1,0,0,1,0,0,0,0,0,0,0,1,0,0
CUS_0x618b,17759.1,1533.925,6,8,19,5,26,20,5.2,100,3598.39,28.18214114257893,64.55062048800421,123.08003660070645,245.76184291128934,2023-12-01,2025-10-06 10:50:45.508,5,4,0,1,0,1,0,1,1,0,0,1,0,0,0,0,0,1,0,0,0,0,0,1,0,0
CUS_0x6213,7343.865,692.98875,3,5,11,3,20,10,11.66,70,116.26,23.85313989361316,10.433871985960543,26.11571729602941,322.74928571801,2023-12-01,2025-10-06 10:50:45.508,19,5,0,1,1,1,0,0,0,0,0,1,0,0,0,0,1,0,0,0,0,0,1,0,0,0
CUS_0x92df,20168.99,1682.08369645572,5,7,19,7,17,10,9.41,90,2043.24,32.08397542411924,172.9610453898591,152.95714532294744,241.92219616480685,2023-12-01,2025-10-06 10:50:45.508,16,5,1,0,1,1,0,1,0,1,1,1,0,0,0,0,1,0,0,0,0,0,1,0,0,0
CUS_0xb89,16956.9,1480.075,9,10,23,7,20,21,12.87,110,4144.18,40.43008176744454,57.55008939460578,191.9185223160712,188.53888828932307,2023-12-01,2025-10-06 10:50:45.508,14,3,0,1,1,1,0,0,0,1,0,1,0,0,0,0,0,0,1,0,0,0,1,0,0,0
CUS_0xc331,16372.05,1284.3375,10,7,22,5,50,17,28.5,100,3714.43,24.78664325325772,65.64577381477717,132.24231618166442,210.5456600035584,2023-12-01,2025-10-06 10:50:45.508,7,4,1,0,0,0,1,1,0,1,0,1,0,0,0,0,0,1,0,0,0,0,0,1,0,0
CUS_0x9adc,56404.84,4134.714744824032,7,9,27,5,26,19,17.89,120,2849.38,39.71950495844971,656.4909454835123,373.9241035238592,416.4084807031508,2023-12-01,2025-10-06 10:50:45.508,5,11,1,0,1,0,1,0,1,0,0,1,0,0,0,0,0,1,0,0,0,0,0,0,1,0
CUS_0x8c47,128283.84,10873.32,1,7,8,4,23,4,1.9800000000000004,30,1245.58,43.3288546826324,225.92039102351015,345.60595978918525,795.8056491873047,2023-12-01,2025-10-06 10:50:45.508,19,3,0,0,0,0,0,1,1,1,1,0,1,0,0,1,0,0,0,0,0,0,0,0,0,1
CUS_0xba96,20378.795,1428.2329166666666,3,5,2,4,2,3,0.85,30,1438.9,30.840662892365287,50.095855483310935,18.068146739019912,324.6592894443358,2023-12-01,2025-10-06 10:50:45.508,16,2,0,0,1,0,1,0,0,1,1,0,1,0,0,1,0,0,0,0,1,0,0,0,0,0
CUS_0xc680,17046.75,1544.5625,7,5,25,5,44,25,27.59,70,3487.3,30.474318166408843,51.68830485586179,86.51491826990204,296.2530268742362,2023-12-01,2025-10-06 10:50:45.508,2,8,1,1,1,1,0,0,0,0,0,1,0,0,0,0,0,1,0,0,0,0,0,1,0,0
CUS_0x6735,50473.8,4144.15,3,7,32,6,11,13,12.7,150,1316.91,30.26686383923673,199.60572150140217,68.58930891090577,386.21996958769205,2023-12-01,2025-10-06 10:50:45.508,19,5,1,1,1,0,0,1,0,0,1,1,0,0,0,0,1,0,0,0,0,1,0,0,0,0
CUS_0x8fa9,28381.96,2236.163333333333,7,825,25,7,29,12,14.17,70,2093.68,39.05989509162791,141.8330960316608,151.28003033921397,190.50320696245862,2023-12-01,2025-10-06 10:50:45.508,17,5,1,1,0,0,1,1,1,0,0,0,0,0,0,0,1,0,0,1,0,0,0,0,0,0
CUS_0x9a6b,15954.72,1395.56,8,6,33,6,49,8,0.0,130,2159.22,30.04996594810558,45.36846285697909,66.80938404069771,297.3781531023232,2023-12-01,2025-10-06 10:50:45.508,12,6,0,1,0,1,0,1,1,1,0,1,0,0,0,0,1,0,0,0,0,0,0,0,1,0
CUS_0x2c34,86492.88,7075.740000000002,7,5,17,3,8,15,5.16,10,269.63,40.06565907369914,172.3465509189401,224.83352657972827,560.3939225013318,2023-12-01,2025-10-06 10:50:45.508,30,8,1,0,1,0,0,0,0,0,1,0,1,0,0,0,1,0,0,0,1,0,0,0,0,0
CUS_0x5b57,81166.86,6735.905,194,4,7,2,15,14,7.5,100,1353.18,34.5180729974805,135.10448360249265,127.01807552094836,651.4679408765588,2023-12-01,2025-10-06 10:50:45.508,12,0,1,0,0,0,0,0,0,1,0,0,0,0,0,0,0,0,1,0,0,1,0,0,0,0
CUS_0x8822,26697.27,2278.7725,4,7,10,4,16,19,13.85,90,942.4,26.69601962010788,72.56008124516515,158.5964249345084,266.72074382032645,2023-12-01,2025-10-06 10:50:45.508,28,10,0,0,1,1,0,1,0,0,0,1,0,0,0,0,1,0,0,0,0,0,0,0,1,0
CUS_0x3ae1,64270.12,5500.843333333332,6,6,18,2,50,18,4.11,100,1326.4,27.90701764160623,69.24668400263387,317.1104378080364,453.7272115226632,2023-12-01,2025-10-06 10:50:45.508,9,6,0,0,1,0,0,1,0,0,0,1,0,0,0,0,0,1,0,0,0,0,1,0,0,0
CUS_0x632,56414.52,4494.21,6,6,34,6,65,19,19.74,110,2476.44,25.497454034642654,183.04531284376012,128.69163365441608,417.6840535018237,2023-12-01,2025-10-06 10:50:45.508,10,11,0,0,1,1,1,1,0,0,0,1,0,0,0,0,0,0,1,0,0,0,0,1,0,0
CUS_0x7fa8,42109.41,3299.1175,7,5,34,7,31,22,4.26,110,2730.76,34.05918789821749,128.212261778309,71.23504913865327,370.46443908303775,2023-12-01,2025-10-06 10:50:45.508,3,9,1,0,0,1,1,1,0,0,1,1,0,0,0,0,0,1,0,0,0,1,0,0,0,0
CUS_0x83c3,109061.96,9156.496666666668,8,4,13,4,19,10,18.09,90,990.07,27.8325444224202,273.45338885156565,117.5718351240963,764.6244426910049,2023-12-01,2025-10-06 10:50:45.508,16,3,1,0,1,0,1,0,0,1,0,1,0,0,0,0,1,0,0,0,0,1,0,0,0,0
CUS_0x89cb,15952.79,1255.3991666666668,5,1,3,3,13,9,3.41,60,645.4,24.901676788518728,25.38448489883104,23.12269253971797,337.03273922811763,2023-12-01,2025-10-06 10:50:45.508,16,0,1,0,0,0,0,0,0,1,1,0,1,0,0,1,0,0,0,1,0,0,0,0,0,0
CUS_0x8e71,51660.42,4311.035,6,6,10,4,7,17,13.45,80,358.9,38.26793053899787,94.53644988367522,56.21051198523582,530.3565381310889,2023-12-01,2025-10-06 10:50:45.508,23,2,1,1,0,0,1,1,0,0,0,1,0,0,0,0,1,0,0,0,1,0,0,0,0,0
CUS_0xb83d,26690.13,2326.1775,6,7,2993,7,6,15,10.91,60,661.26,30.78779817909073,150.2627869589389,123.90948356765202,218.44547947340908,2023-12-01,2025-10-06 10:50:45.508,13,4,1,1,1,1,0,1,0,0,1,1,0,0,0,0,0,0,1,1,0,0,0,0,0,0
CUS_0x4ce7,36585.12,2765.7741561130683,6,10,28,8,52,23,4.59,140,1471.01,29.07215289575939,378.1260955095945,191.26321562644713,166.2725327508906,2023-12-01,2025-10-06 10:50:45.508,13,11,1,0,0,1,0,1,1,1,1,1,0,0,0,0,0,1,0,1,0,0,0,0,0,0
CUS_0x5f86,17234.695,1347.2245833333334,7,3,7,3,16,10,11.63,20,901.12,30.989706666195094,33.49155037165229,89.05513566153826,282.1757723001428,2023-12-01,2025-10-06 10:50:45.508,28,8,0,0,1,0,0,0,1,0,1,1,0,0,0,0,1,0,0,0,0,0,0,0,1,0
CUS_0x66f5,17414.3,1285.1916666666666,3,7,34,1257,26,11,15.92,90,2500.7,40.801712884213664,61.169588703985184,34.90477785260829,292.44480011007323,2023-12-01,2025-10-06 10:50:45.508,15,4,1,1,0,1,0,0,0,0,1,1,0,0,0,0,1,0,0,1,0,0,0,0,0,0
CUS_0x390d,10366.83,568.9025,8,3,6,4,24,14,7.92,50,0.95,21.94129847464533,24.41334705494797,41.756845095133926,280.72005784991813,2023-12-01,2025-10-06 10:50:45.508,20,8,0,0,0,0,1,0,1,0,1,1,0,0,0,0,1,0,0,0,0,0,0,0,0,1
CUS_0x3a94,22320.13,2151.0108333333333,5,6,18,2,24,11,18.5,70,1426.31,37.36823812480158,30.85524782324645,236.95284370899518,237.29299180109177,2023-12-01,2025-10-06 10:50:45.508,20,0,0,0,1,0,1,0,0,0,0,1,0,0,0,0,1,0,0,0,0,0,1,0,0,0
CUS_0x7312,32989.45,2637.120833333333,5,3,2,4,7,3,1.47,0,40.48,36.61645609441518,80.95539403030394,309.96606045958606,162.79062884344333,2023-12-01,2025-10-06 10:50:45.508,16,6,1,0,0,0,0,0,0,1,1,0,1,0,0,1,0,0,0,0,0,0,1,0,0,0
CUS_0x89a6,35284.57,2873.380833333333,3,4,9,0,14,1,3.92,40,1109.18,28.729755121558533,38.381739416563285,187.1907316414081,341.76561227536195,2023-12-01,2025-10-06 10:50:45.508,31,11,0,0,0,1,0,0,0,0,1,0,1,0,0,1,0,0,0,0,0,0,0,1,0,0
CUS_0x1ed3,45947.10000000001,3843.925000000001,9,9,31,7,29,20,23.49,90,3813.3,32.22142899976758,165.6522317183741,94.54526772878084,364.19500055284516,2023-12-01,2025-10-06 10:50:45.508,7,8,1,1,1,0,1,0,1,1,0,1,0,0,0,0,0,1,0,0,0,1,0,0,0,0
CUS_0x2878,26838.73,2020.5608333333328,8,5,15,2,30,20,13.95,60,646.98,32.77145975900507,29.13133496222223,77.51209712281717,345.41265124829397,2023-12-01,2025-10-06 10:50:45.508,9,9,0,0,0,0,0,1,0,1,0,1,0,0,0,0,1,0,0,0,1,0,0,0,0,0
CUS_0xa4f2,33531.29,2994.274166666666,2,5,5,2,3,5,5.94,10,1033.9,38.585453619145866,35.087631844469854,144.28867868022311,390.0511061419737,2023-12-01,2025-10-06 10:50:45.508,31,0,0,0,1,0,0,1,0,0,0,0,1,0,0,1,0,0,0,0,0,0,0,0,1,0
CUS_0xad97,44835.39,3538.2825,3,4,4,4,30,12,7.53,90,953.75,36.64618577620292,96.92470263133217,116.70894338190294,390.1946039867649,2023-12-01,2025-10-06 10:50:45.508,15,10,0,0,0,0,1,1,1,0,1,0,1,0,0,1,0,0,0,0,1,0,0,0,0,0
CUS_0xb607,16758.14,1545.9894225556588,8,6,24,5,32,12,9.15,100,2392.91,35.7798269322188,112.3072612243786,180.75432825049305,225.81182130280246,2023-12-01,2025-10-06 10:50:45.508,7,0,0,1,0,0,0,1,0,1,1,1,0,0,0,0,1,0,0,0,0,0,1,0,0,0
CUS_0xde7,19553.805,1465.48375,4,1,9,3,10,2,10.44,0,141.94,36.457791345329206,41.363183407681305,149.39613874667137,235.78905284564732,2023-12-01,2025-10-06 10:50:45.508,29,5,0,0,0,1,1,0,0,1,0,0,0,0,0,1,0,0,0,0,0,0,0,1,0,0
CUS_0xa2ac,69240.72,5670.06,7,9,24,9,19,23,9.86,130,3562.24,32.84579080315686,416.4494180001533,359.0819941576061,81.47458784224068,2023-12-01,2025-10-06 10:50:45.508,2,5,1,0,1,0,1,0,1,1,0,1,0,0,0,0,0,1,0,0,0,0,1,0,0,0
CUS_0x2c55,13646.215,1160.1845833333334,8,4,20,3,30,18,19.4,100,930.84,39.97484259533153,31.800200317324386,102.27867274988,317.7339481217955,2023-12-01,2025-10-06 10:50:45.508,17,0,0,1,1,0,0,0,0,1,0,1,0,0,0,0,1,0,0,0,0,0,0,0,1,0
CUS_0x2ef8,17682.71,1599.559166666667,6,4,14,2,28,13,9.66,40,1494.0,24.1709039093302,23.59861559653914,201.87607850747003,224.4812225626576,2023-12-01,2025-10-06 10:50:45.508,11,2,0,0,0,0,0,0,1,0,0,1,0,0,0,0,1,0,0,0,0,0,1,0,0,0
CUS_0xb68e,20091.86,1817.321666666667,7,7,30,5,44,25,8.85,140,2509.78,23.34023658190849,72.79866029832526,236.7722587934233,162.1612475749181,2023-12-01,2025-10-06 10:50:45.508,9,2,1,0,1,0,0,0,1,1,0,1,0,0,0,0,0,1,0,0,0,0,1,0,0,0
CUS_0x104a,14981.39,1461.4491666666663,2,7,5,4,5,6,0.63,40,1122.46,39.64164181721113,38.11596751942855,164.88918149049954,233.13976765673854,2023-12-01,2025-10-06 10:50:45.508,32,3,1,1,0,0,1,0,0,1,0,0,1,0,0,1,0,0,0,0,0,0,1,0,0,0
CUS_0x698b,144624.92,11986.076666666668,0,2,9,0,6,1,11.77,40,969.94,32.23554061446308,0.0,812.6955639195312,665.9121027471355,2023-12-01,2025-10-06 10:50:45.508,29,6,0,0,0,0,0,0,0,0,0,0,1,0,0,1,0,0,0,0,0,0,0,1,0,0
CUS_0xa465,34433.04,2836.42,7,3,7,0,22,16,15.93,10,1408.75,23.493108030931424,0.0,121.58321897948652,422.05878102051355,2023-12-01,2025-10-06 10:50:45.508,32,4,0,0,0,0,0,0,0,0,0,0,0,0,0,0,1,0,0,1,0,0,0,0,0,0
CUS_0xc9f,21382.81,1684.9008333333334,7,5,14,2,17,11,18.18,80,1059.86,33.04525145291014,30.71014170903772,100.70114812495312,327.0787934993425,2023-12-01,2025-10-06 10:50:45.508,7,5,0,1,0,0,0,0,0,0,1,1,0,0,0,0,1,0,0,0,0,0,1,0,0,0
CUS_0x3870,32720.38,2977.6983333333333,10,9,24,4,37,19,6.77,60,2276.35,40.839516963468256,75.89867167271956,170.0860147147643,311.78514694584936,2023-12-01,2025-10-06 10:50:45.508,7,0,0,0,1,1,0,1,0,1,0,0,0,0,0,0,0,0,1,1,0,0,0,0,0,0
CUS_0x7a14,17896.2,1597.35,4,5,16,1,11,15,8.74,20,1263.91,37.57037653781315,10.578359076265064,123.94446096884904,295.21217995488587,2023-12-01,2025-10-06 10:50:45.508,18,11,1,0,0,0,0,0,0,0,0,1,0,0,0,0,1,0,0,0,0,0,0,0,1,0
CUS_0x9bbd,107761.29,9047.1075,4,5,9,0,6,16,13.56,30,34.09,39.28781401891458,0.0,429.1935625749167,735.5171874250833,2023-12-01,2025-10-06 10:50:45.508,17,8,0,0,0,0,0,0,0,0,0,1,0,0,0,0,0,0,1,1,0,0,0,0,0,0
CUS_0x2f02,37813.29,2951.1075,1,5,4,0,3,5,1.24,10,84.62,30.894403971917924,0.0,116.14359553839722,428.9671544616028,2023-12-01,2025-10-06 10:50:45.508,17,10,0,0,0,0,0,0,0,0,0,0,1,0,0,1,0,0,0,0,1,0,0,0,0,0
CUS_0x9de2,31923.73,2506.310833333333,7,6,15,0,11,10,10.37,10,57.46,27.467314505817374,0.0,222.78733905534,297.8437442779934,2023-12-01,2025-10-06 10:50:45.508,29,6,0,0,0,0,0,0,0,0,0,1,0,0,0,0,1,0,0,0,0,0,0,0,1,0
CUS_0xa648,18063.71,1404.309166666667,4,3,15,5,15,21,9.89,90,1184.37,31.811085915959914,43.34317731251375,62.43095483071161,324.65678452344133,2023-12-01,2025-10-06 10:50:45.508,18,2,1,0,1,0,0,0,1,1,0,1,0,0,0,0,1,0,0,0,0,0,1,0,0,0
CUS_0xbc06,9446.245,995.1870833333336,6,7,9,7,23,15,9.07,80,1689.51,36.44839405708184,38.22067168137588,39.68429156526153,301.61374508669587,2023-12-01,2025-10-06 10:50:45.508,19,6,1,1,0,0,0,1,1,1,0,0,0,0,0,0,1,0,0,0,0,0,0,1,0,0
CUS_0x12f2,59237.96,4693.496666666667,10,7,18,8,19,22,2.3,150,1593.75,30.69496747740871,319.1632016801445,64.98296235184802,325.20350263467424,2023-12-01,2025-10-06 10:50:45.508,13,3,1,1,0,0,1,0,0,1,0,1,0,0,0,0,0,1,0,0,0,1,0,0,0,0
CUS_0x9e26,9173.61,986.4675,8,6,22,7,24,10,19.11,70,1588.54,33.653363588380365,47.16196424155858,65.41806484679103,256.0667209116504,2023-12-01,2025-10-06 10:50:45.508,5,11,0,0,0,1,1,1,1,1,1,0,0,0,0,0,1,0,0,0,0,0,0,0,1,0
CUS_0x59dd,19370.48,1828.206666666667,6,3,10,3,10,16,3.58,60,482.47,35.172499432737695,40.238898949132846,70.10832376320494,322.4734439543289,2023-12-01,2025-10-06 10:50:45.508,21,8,1,1,0,0,0,0,0,1,0,0,1,0,0,0,1,0,0,0,1,0,0,0,0,0
CUS_0xc3cc,16997.715,1201.47625,2,2,7,2,4,12,0.73,10,1204.59,33.71031213629935,26.564625445445124,129.77804817987544,253.80495137467946,2023-12-01,2025-10-06 10:50:45.508,22,3,0,0,0,1,1,0,0,0,0,0,1,0,0,1,0,0,0,0,0,0,1,0,0,0
CUS_0x6d1a,76041.16,6078.763333333332,6,6,15,3,7,9,15.46,110,2473.58,40.22838157819601,184.7226305626372,288.15821170278963,404.99549106790664,2023-12-01,2025-10-06 10:50:45.508,19,3,1,0,0,0,0,1,0,1,0,1,0,0,0,0,1,0,0,0,0,0,0,0,1,0
CUS_0x8c7b,55197.81,4708.8175,6,4,23,2,20,20,14.17,70,1931.66,29.56464700966761,78.74861888701788,445.9803539655858,236.1527771473964,2023-12-01,2025-10-06 10:50:45.508,8,0,0,0,1,0,1,0,0,0,0,1,0,0,0,0,1,0,0,0,0,0,1,0,0,0
CUS_0xa03a,19204.93,1391.2978362057086,6,3,6,4,21,9,8.82,70,193.68,30.385250479341646,175.793255267162,74.05537536503203,315.8054498287644,2023-12-01,2025-10-06 10:50:45.508,21,10,1,0,0,0,0,1,1,0,0,0,1,0,0,0,1,0,0,0,0,0,1,0,0,0
CUS_0x84a8,87745.92,7166.16,0,1,2,0,0,1,11.08,10,207.0,38.620962276748905,0.0,469.68988043220963,506.92611956779035,2023-12-01,2025-10-06 10:50:45.508,20,11,0,0,0,0,0,0,0,0,0,0,1,0,0,1,0,0,0,1,0,0,0,0,0,0
CUS_0x65fc,133180.71,11114.3925,1,6,4,0,13,10,4.2,10,676.45,34.50479838728582,0.0,352.51090160272065,1018.9283483972797,2023-12-01,2025-10-06 10:50:45.508,32,3,0,0,0,0,0,0,0,0,0,0,1,0,0,0,0,0,1,1,0,0,0,0,0,0
CUS_0x8d7b,33990.85,2569.570833333333,5,1092,2,0,15,12,7.59,0,1439.4,39.673306280297226,0.0,10000.0,301.0064079733688,2023-12-01,2025-10-06 10:50:45.508,30,10,0,0,0,0,0,0,0,0,0,0,0,0,0,1,0,0,0,0,0,0,1,0,0,0
CUS_0x13db,34601.35,3141.445833333333,5,3,14,2,8,11,15.15,50,68.23,35.40527751200593,30.198049695685768,130.7763019887365,448.3042962124152,2023-12-01,2025-10-06 10:50:45.508,10,0,0,0,0,0,0,0,1,0,1,1,0,0,0,0,1,0,0,0,0,1,0,0,0,0
CUS_0x25c0,13737.65,1238.8041666666666,3,3,1615,0,20,15,3.5500000000000007,80,295.98,30.87732583202612,0.0,159.42015743672448,254.46025922994218,2023-12-01,2025-10-06 10:50:45.508,18,10,0,0,0,0,0,0,0,0,0,1,0,0,0,0,0,0,1,0,0,0,1,0,0,0
CUS_0x25fd,80362.35,6908.8625,5,5,16,4,22,11,1.16,60,60.04,40.46171193144615,166.41178185037813,273.0731424126497,501.4013257369722,2023-12-01,2025-10-06 10:50:45.508,28,8,1,0,1,0,0,1,0,1,0,1,0,0,0,0,1,0,0,0,1,0,0,0,0,0
CUS_0x3ee,16756.18,1331.3483333333334,9,6,22,2,48,12,10.66,80,1941.73,25.812502017879236,32972.0,66.71824831147686,328.97449591530835,2023-12-01,2025-10-06 10:50:45.508,15,9,0,0,1,0,0,0,0,1,0,1,0,0,0,0,1,0,0,0,0,0,1,0,0,0
CUS_0x5aa1,19721.21,1633.434166666667,6,8,21,9,33,23,6.56,110,3200.09,23.273446529045444,110.2500509296062,32.32646898755281,260.7668967495077,2023-12-01,2025-10-06 10:50:45.508,8,8,1,0,1,0,1,1,1,1,0,1,0,0,0,0,0,0,1,0,0,1,0,0,0,0
CUS_0x8440,22978.67,1954.8891666666664,3,7,9,0,24,17,11.87,20,904.76,36.9108574204499,0.0,61.74235630540834,383.74656036125833,2023-12-01,2025-10-06 10:50:45.508,21,8,0,0,0,0,0,0,0,0,0,0,1,0,0,0,1,0,0,0,1,0,0,0,0,0
CUS_0xa585,88668.81,7565.0675,5,4,2,1159,9,5,5.18,0,809.08,37.00637735500288,220.3688778240921,10000.0,579.2634192955588,2023-12-01,2025-10-06 10:50:45.508,17,10,1,0,0,0,0,0,1,0,0,0,1,0,0,1,0,0,0,0,0,0,0,0,0,1
CUS_0xc166,107836.32,9251.36,3,6,16,3,19,17,2.29,20,1045.39,28.11284022917588,231.24406902583647,230.8861171127007,723.0058138614627,2023-12-01,2025-10-06 10:50:45.508,20,2,1,0,0,1,0,0,0,1,0,0,1,0,0,0,1,0,0,1,0,0,0,0,0,0
CUS_0x2659,62200.6,5104.383333333333,10,6,34,2,50,24,1.54,70,1309.87,39.20295327571056,52.61422135262107,128.44835362451158,569.3757583562007,2023-12-01,2025-10-06 10:50:45.508,16,2,0,0,0,0,0,1,0,0,1,1,0,0,0,0,0,1,0,0,0,1,0,0,0,0
CUS_0x6590,33002.23,2485.185833333333,5,2,1,2,5,2,10.71,70,1369.63,34.05657646208429,42.19644172792261,52.6773330341421,393.64480857126864,2023-12-01,2025-10-06 10:50:45.508,15,9,0,0,1,0,1,0,0,0,0,0,1,0,0,0,0,0,1,0,0,1,0,0,0,0
CUS_0x7081,58290.64,4602.553333333333,7,9,19,8,35,23,24.39,120,2818.43,27.19270752038309,304.74457543804607,363.55351883391535,81.95723906137198,2023-12-01,2025-10-06 10:50:45.508,11,5,1,0,0,1,1,0,1,1,1,1,0,0,0,0,0,1,0,0,0,0,1,0,0,0
CUS_0x744f,9527.09,604.9241666666667,8,8,32,8,43,19,29.09,100,4208.66,38.451789006943,61.72952603793203,10000.0,231.9679327653301,2023-12-01,2025-10-06 10:50:45.508,14,6,1,0,1,0,1,0,0,1,1,1,0,0,0,0,0,1,0,0,0,0,1,0,0,0
CUS_0x881c,16803.61,1381.3008333333337,8,5,25,3,28,17,18.93,70,1664.82,37.07504447983272,22.365778122223645,76.37251200016085,329.39179321094883,2023-12-01,2025-10-06 10:50:45.508,16,2,0,0,0,1,0,1,0,0,0,1,0,0,0,0,1,0,0,0,0,0,1,0,0,0
CUS_0x10fd,39576.59,3199.049166666666,0,7,2,4,14,4,4.62,30,226.37,29.326166044456954,124.31083909356008,104.7631642205206,340.83091335258587,2023-12-01,2025-10-06 10:50:45.508,19,11,1,0,0,1,0,0,1,0,0,0,1,0,0,0,0,0,1,0,1,0,0,0,0,0
CUS_0x7f6c,63928.95,5062.4125,6,6,8,4,7,3155,7.46,100,1290.64,24.49213611998385,184.02736796938729,90.68264485867044,471.5312371719424,2023-12-01,2025-10-06 10:50:45.508,19,4,0,0,0,1,0,0,0,0,1,1,0,0,0,0,0,0,1,0,0,1,0,0,0,0
CUS_0x1b29,92362.68,7437.89,3,4,8,4,5,9,18.26,80,747.28,24.053983173105483,155.3304165032719,581.4912259792287,276.9673575174993,2023-12-01,2025-10-06 10:50:45.508,14,8,0,1,1,0,1,0,0,0,0,1,0,0,0,0,0,0,1,0,0,0,0,0,1,0
CUS_0x1ffb,15908.46,1426.705,9,9,24,8,25,15,1.74,100,3099.7,37.50142941526874,87.78786261669974,137.87441904001935,197.0082183432809,2023-12-01,2025-10-06 10:50:45.508,1,3,1,0,1,1,0,0,1,1,0,1,0,0,0,0,0,0,1,0,0,0,0,1,0,0
CUS_0x2a5c,160838.32,13290.193333333336,5,4,12,1,8,6,8.37,70,156.76,35.859823965369976,98.0216448771381,1523.2909812567484,1373.1112412579046,2023-12-01,2025-10-06 10:50:45.508,30,10,0,0,0,0,0,0,0,0,1,0,1,0,0,1,0,0,0,0,0,0,1,0,0,0
CUS_0x2e7f,123242.36,10514.196666666669,5,3,9,2,21,18,11.73,60,37.69,28.016731888791128,180.10079118369708,240.8140683008406,870.5048071821291,2023-12-01,2025-10-06 10:50:45.508,24,8,0,0,0,0,1,1,0,0,0,1,0,0,0,0,1,0,0,0,0,1,0,0,0,0
CUS_0x4e94,38533.76,3412.146666666667,4,3,1,0,17,9,0.81,80,431.41,23.396412735670552,0.0,86.35000018315748,494.8646664835092,2023-12-01,2025-10-06 10:50:45.508,30,6,0,0,0,0,0,0,0,0,0,0,1,0,0,1,0,0,0,0,0,1,0,0,0,0
CUS_0x6aca,35613.25,3016.770833333333,8,5,11,1,19,10,7.35,30,1076.77,28.028586793962933,22.056452543513554,339.5648714248132,230.05575936500665,2023-12-01,2025-10-06 10:50:45.508,28,9,0,0,0,1,0,0,0,0,0,0,1,0,0,0,1,0,0,0,0,0,1,0,0,0
CUS_0x9dc1,19621.94,1851.1616666666664,7,10,30,6,62,25,2.39,110,1641.88,27.948663642142247,51.76349116874671,54.32391207743196,359.02876342048796,2023-12-01,2025-10-06 10:50:45.508,19,2,1,0,0,1,0,1,0,0,0,1,0,0,0,0,0,1,0,0,0,0,0,1,0,0
CUS_0x60b6,113368.23,9265.3525,2,1,9,0,2,11,6.51,10,488.13,39.27346921319692,0.0,221.88972970161808,944.6455202983819,2023-12-01,2025-10-06 10:50:45.508,28,2,0,0,0,0,0,0,0,0,0,0,0,0,0,0,0,0,1,0,0,1,0,0,0,0
CUS_0x26c6,30404.4,2804.7000000000007,7,8,16,6,25,21,8.69,100,1672.39,25.884589268434866,113.03285286400872,183.473535779676,273.9636113563153,2023-12-01,2025-10-06 10:50:45.508,9,11,0,0,0,1,1,1,1,0,0,1,0,0,0,0,0,1,0,0,0,0,0,0,0,1
CUS_0x3ec1,70154.85,5081.452603901304,330,5,18,2,26,5,19.23,0,487.42,29.78165090343275,707.6731660381215,383.40317684690285,383.3323032136726,2023-12-01,2025-10-06 10:50:45.508,21,3,0,1,0,1,0,0,0,0,0,1,0,0,0,0,0,0,1,0,0,0,1,0,0,0
CUS_0xa05d,177546.36,14813.53,5,1,5,0,8,6,7.3,10,715.97,31.8276347351098,3776.0,308.785477292382,1422.567522707618,2023-12-01,2025-10-06 10:50:45.508,30,5,0,0,0,0,0,0,0,0,0,0,0,0,0,1,0,0,0,0,1,0,0,0,0,0
CUS_0x5840,173968.96,14566.413333333332,4,7,1,1,6,2,4.54,50,1486.89,35.09457751508175,72.75291631765869,488.54741840902875,1145.3409986066458,2023-12-01,2025-10-06 10:50:45.508,30,8,0,0,0,0,0,0,1,0,0,0,1,0,0,1,0,0,0,0,1,0,0,0,0,0
CUS_0x965e,17116.05,1386.3375,1,5,11,3,2,5,6.18,30,947.7,37.62886007328653,22.96869165923225,66.65111703759264,339.0139413031751,2023-12-01,2025-10-06 10:50:45.508,25,3,0,1,0,1,0,0,0,1,0,0,1,0,0,1,0,0,0,0,0,0,1,0,0,0
CUS_0x99dc,73044.56,6149.046666666666,7,9,30,5,26,22,6.11,100,2818.83,37.80716960892525,72315.0,259.63466872290167,363.5802373365911,2023-12-01,2025-10-06 10:50:45.508,6,5,0,1,1,1,0,0,0,1,0,1,0,0,0,0,0,1,0,0,0,0,1,0,0,0
CUS_0x6068,27577.45,2222.120833333333,7,4,12,3,6,12,11.28,70,1465.9,28.52415875277089,40.68645861279676,70.80504792862568,380.72057679191084,2023-12-01,2025-10-06 10:50:45.508,19,5,1,1,0,0,1,0,0,0,0,0,1,0,0,0,1,0,0,0,0,0,0,0,1,0
CUS_0x80fd,41509.62,3282.3683198851463,7,8,23,6,33,4281,13.98,100,2435.57,28.22051575249835,286.83232795375613,214.0042790131179,251.24357314797996,2023-12-01,2025-10-06 10:50:45.508,16,8,0,0,0,1,1,1,0,1,1,1,0,0,0,0,1,0,0,0,0,0,0,1,0,0
CUS_0x3baf,115086.6,9779.55,4,7,14,4,15,16,18.2,40,1122.32,37.33209379305814,377.8963392954612,390.04230051899214,460.0163601855468,2023-12-01,2025-10-06 10:50:45.508,20,4,0,1,1,0,1,0,0,0,0,1,0,0,0,0,1,0,0,0,1,0,0,0,0,0
CUS_0x54a7,84446.2,7061.1833333333325,6,3,7,0,35,15,17.96,130,28.15,41.122084267368656,423.5393015768464,252.69246913682343,279.88656261966355,2023-12-01,2025-10-06 10:50:45.508,19,6,0,0,1,1,0,1,0,1,1,1,0,0,0,0,1,0,0,0,1,0,0,0,0,0
CUS_0x5a0c,82892.52,6786.71,9,7,32,4,34,11,7.31,70,1250.71,31.636798861912222,223.46937855117787,10000.0,592.6709207246939,2023-12-01,2025-10-06 10:50:45.508,19,6,0,0,0,1,0,0,0,1,0,1,0,0,0,0,1,0,0,0,1,0,0,0,0,0
CUS_0x96b5,73937.4,6415.45,5,7,8,1,28,15,4.3100000000000005,50,405.73,31.759683041970067,44.47976534781644,197.1319473383005,679.9332873138833,2023-12-01,2025-10-06 10:50:45.508,32,3,1,0,0,0,0,0,0,0,0,1,0,0,0,0,1,0,0,0,0,0,0,0,0,1
CUS_0x769d,42366.0,3340.5,9,10,27,8,23,19,2.75,1850,1603.52,25.002672543176164,254.17841818343783,58.945856921644975,280.92572489491715,2023-12-01,2025-10-06 10:50:45.508,16,3,0,0,1,1,1,1,0,1,1,1,0,0,0,0,0,1,0,1,0,0,0,0,0,0
CUS_0x1971,34798.82,3019.901666666666,7,10,20,0,40,17,19.74,160,2801.86,37.82009896280709,257.24583197717067,123.11731394200513,171.6270207474909,2023-12-01,2025-10-06 10:50:45.508,12,4,1,0,1,1,1,0,1,0,1,1,0,0,0,0,0,1,0,0,1,0,0,0,0,0
CUS_0x2ce9,22723.19,1679.5991666666666,5,7,6,4,25,13,9.47,60,379.73,31.535574560516054,51.947013705002696,69.91950987258971,296.09339308907425,2023-12-01,2025-10-06 10:50:45.508,25,0,0,0,1,0,1,0,0,1,0,0,1,0,0,0,0,0,1,0,1,0,0,0,0,0
CUS_0x839b,73119.46,5572.248968971794,4,3,5,4,5,3,1.1,0,1194.38,37.087897235452274,848.6793880967379,559.1871897568869,573.0619258823549,2023-12-01,2025-10-06 10:50:45.508,26,0,1,0,0,1,1,0,1,0,0,0,1,0,0,1,0,0,0,0,0,0,0,0,0,1
CUS_0xd61,82941.6,6625.8,6,6,20,7,56,25,7.96,100,2598.17,26.29731063469404,347.22822340064084,266.97801319398513,298.373763405374,2023-12-01,2025-10-06 10:50:45.508,10,11,0,1,0,1,0,0,0,1,1,1,0,0,0,0,0,1,0,0,1,0,0,0,0,0
CUS_0x21ce,34593.98,3060.831666666667,4,4,12,2,23,12,10.47,40,1453.07,28.72088798566452,43.33549072815099,94.62118373995511,438.12649219856064,2023-12-01,2025-10-06 10:50:45.508,30,2,1,0,0,0,0,0,0,0,0,0,1,0,0,0,1,0,0,0,0,0,0,0,1,0
CUS_0x3d82,21642.845,1712.570416666667,4,4,8,3,4,5,11.62,30,1145.77,37.13383321400162,39.0152550937121,50.099075301278276,342.1427112716763,2023-12-01,2025-10-06 10:50:45.508,18,3,0,0,0,0,0,0,1,0,1,0,1,0,0,1,0,0,0,1,0,0,0,0,0,0
CUS_0x1139,94991.82,8144.985,7,6,13,0,18,16,24.45,60,1320.61,39.28777692805084,0.0,105.98185997612778,948.5166400238722,2023-12-01,2025-10-06 10:50:45.508,26,5,0,0,0,0,0,0,0,0,0,1,0,0,0,0,0,0,1,0,0,1,0,0,0,0
CUS_0x2c2d,101173.8,8142.15,4,3,13,2,5,8,8.09,40,85.31,42.60181793601743,142.7062526877489,155.86405527634375,775.6446920359075,2023-12-01,2025-10-06 10:50:45.508,20,6,0,0,1,0,0,0,0,0,1,0,1,0,0,0,1,0,0,1,0,0,0,0,0,0
CUS_0x43d1,32749.15,2601.0958333333333,0,2,3,4,0,7,2.46,30,98.55,29.11093956076811,105.36201902022256,251.91732759509915,192.83023671801158,2023-12-01,2025-10-06 10:50:45.508,22,11,1,0,0,0,0,1,0,0,0,0,0,0,0,1,0,0,0,0,0,0,1,0,0,0
CUS_0x2526,15286.16,1383.8466666666666,6,9,20,7,37,17,25.58,100,2625.65,28.68739810152457,19829.0,74.939671391938,278.50991715819595,2023-12-01,2025-10-06 10:50:45.508,7,10,0,0,0,1,0,0,1,1,1,1,0,0,0,0,0,1,0,0,0,0,1,0,0,0
CUS_0x3c72,111642.18,9316.515,5,5,6,2,4,10,2.29,50,1236.68,39.97627896645511,93.6486517685578,228.4190315993493,849.5838166320929,2023-12-01,2025-10-06 10:50:45.508,16,0,0,1,0,0,0,0,0,1,0,0,1,0,0,1,0,0,0,0,0,1,0,0,0,0
CUS_0x42fb,9589.545,697.12875,8,7,33,6,21,18,13.71,19030,1907.73,34.436803925105515,25.248248041311264,39.641035950559505,264.8235910081292,2023-12-01,2025-10-06 10:50:45.508,5,11,0,0,1,1,0,0,1,1,0,1,0,0,0,0,1,0,0,0,0,0,0,0,0,1
CUS_0x91dd,79062.44,6854.536666666668,8,6,5,4,8,21,15.63,40,426.07,33.70666286490847,182.58954992370144,582.9087698050689,199.9553469378963,2023-12-01,2025-10-06 10:50:45.508,9,3,0,1,1,0,1,1,0,0,0,1,0,0,0,0,1,0,0,0,0,0,0,1,0,0
CUS_0x2390,7314.55,794.5458333333332,10,6,31,4,61,24,0.0,60,2096.83,27.201648129147124,18.36394527272189,69.05087669535988,262.0397613652516,2023-12-01,2025-10-06 10:50:45.508,19,8,1,0,0,0,0,1,0,0,1,1,0,0,0,0,0,1,0,0,0,0,0,0,1,0
CUS_0x5bff,119113.71,9694.1425,4,7,4,2,8,3,5.85,0,645.24,28.072781369483547,139.79919680961186,383.5088447697585,696.1062084206296,2023-12-01,2025-10-06 10:50:45.508,25,10,0,1,0,1,0,0,0,0,0,0,1,0,0,1,0,0,0,0,1,0,0,0,0,0
CUS_0x1439,102383.19,8539.9325,6,5,17,4,29,16,9.49,100,1407.61,27.138763516954217,180.09918457166768,10000.0,826.1879345743909,2023-12-01,2025-10-06 10:50:45.508,24,8,1,0,0,1,0,0,0,1,1,1,0,0,0,0,0,0,1,0,0,1,0,0,0,0
CUS_0x5495,73339.92,5916.66,4,4,17,3,33,12,4.22,30,1444.26,35.58678249717587,152.58628136167118,339.96682849855245,359.11289013977637,2023-12-01,2025-10-06 10:50:45.508,20,10,0,1,1,0,0,0,0,0,1,0,1,0,0,0,1,0,0,1,0,0,0,0,0,0
CUS_0x78e8,80485.76,6463.1466666666665,0,7,8,0,5,6,4.13,30,1301.95,33.32343853704951,0.0,191.442860747602,704.8718059190646,2023-12-01,2025-10-06 10:50:45.508,23,10,0,0,0,0,0,0,0,0,0,0,1,0,0,1,0,0,0,0,1,0,0,0,0,0
CUS_0x2cab,58651.88,4621.656666666667,9,8,26,2,53,23,7.19,110,1760.86,26.48398633371127,79.9135836540107,10000.0,407.8924135133242,2023-12-01,2025-10-06 10:50:45.508,6,11,0,1,0,0,0,0,0,1,0,1,0,0,0,0,0,0,1,0,0,0,0,1,0,0
CUS_0x692a,20940.64,1874.053333333333,7,6,19,6,39,450,26.18,90,2668.54,25.264583578345448,96.08792668130693,79.22077917073048,302.096627481296,2023-12-01,2025-10-06 10:50:45.508,14,0,0,1,1,1,1,0,1,0,0,1,0,0,0,0,0,1,0,0,0,0,1,0,0,0
CUS_0x66a1,18625.74,1601.1450000000002,9,7,15,8,38,22,6.59,110,3858.98,33.29812868693664,93.08625730989256,90.05671076263637,236.97153192747103,2023-12-01,2025-10-06 10:50:45.508,14,3,0,0,0,1,0,0,1,1,1,1,0,0,0,0,0,1,0,1,0,0,0,0,0,0
CUS_0x8d12,19269.565,1343.7970833333334,4,6,9,4,15,8,6.67,20470,578.31,38.56363104502919,40.14952903214071,79.92585531098969,274.30432399020293,2023-12-01,2025-10-06 10:50:45.508,28,3,0,1,0,0,0,0,0,1,0,0,1,0,0,0,0,0,1,1,0,0,0,0,0,0
CUS_0x710a,76855.56,6700.63,10,8,29,8,22,3632,0.0,110,2650.7,24.89618429059245,475.32678004136034,140.61427746613217,304.1219424925076,2023-12-01,2025-10-06 10:50:45.508,13,6,1,1,1,0,1,1,0,0,0,1,0,0,0,0,0,1,0,0,1,0,0,0,0,0
CUS_0x827f,32971.85,2729.352816706089,3,6,9,2,6,16,6.55,40,1307.01,35.35739293997192,329.83687958362617,212.32647578581935,331.3034112577992,2023-12-01,2025-10-06 10:50:45.508,22,8,0,0,1,0,1,0,0,0,0,0,0,0,0,0,1,0,0,0,0,0,1,0,0,0
CUS_0x8d91,126004.2,10357.35,5,3,19,4,24,12,7.72,10,932.17,31.631421465733183,355.6436206489915,112.09971467890743,817.9916646721013,2023-12-01,2025-10-06 10:50:45.508,26,3,0,1,0,0,0,0,0,1,0,1,0,0,0,0,1,0,0,0,1,0,0,0,0,0
CUS_0x46d5,14560.52,1290.3766666666668,6,8,30,9,22,23,16.99,70,3831.31,32.45872807681948,67.73227591896628,20.893755947406767,280.4116348002936,2023-12-01,2025-10-06 10:50:45.508,8,9,0,1,1,0,1,0,1,0,1,1,0,0,0,0,0,1,0,0,0,0,0,0,0,1
CUS_0x2ddd,38443.42,2918.6183333333333,9,8,27,3,42,13,0.0,150,1703.99,25.920801907135285,64.49968213475104,90.53928653111696,416.82286466746535,2023-12-01,2025-10-06 10:50:45.508,5,9,1,0,0,0,1,0,0,1,0,1,0,0,0,0,1,0,0,0,0,0,0,1,0,0
CUS_0x1441,78604.47,6540.3725,6,5,4,1,18,12,1.45,10,1078.64,29.574629286382105,63.5822673268125,356.090619461575,514.3643632116126,2023-12-01,2025-10-06 10:50:45.508,27,10,0,0,0,0,0,0,0,1,0,0,0,0,0,1,0,0,0,0,0,0,0,1,0,0
CUS_0x6c91,67518.81,5365.5675,8,5,8,1,9,17,8.88,50,264.7,28.53492448809344,28.65858050695104,601.0948487138978,196.8033207791514,2023-12-01,2025-10-06 10:50:45.508,22,10,0,0,0,1,0,0,0,0,0,0,1,0,0,0,1,0,0,0,0,0,1,0,0,0
CUS_0xa040,130353.38999999998,10949.7825,5,6,10,1,2,2,10.39,60,804.31,25.106384209964894,104.74620197665531,975.1826629998474,285.0493850234972,2023-12-01,2025-10-06 10:50:45.508,24,10,0,0,0,1,0,0,0,0,0,0,1,0,0,1,0,0,0,0,0,0,0,0,1,0
CUS_0x43a3,121453.36,10084.113333333333,1,6,11,2,9,4,5.56,30,338.28,38.35675689881904,142.6044433611753,111.33837629311273,994.4685136790453,2023-12-01,2025-10-06 10:50:45.508,22,10,0,0,0,0,1,0,0,1,0,0,1,0,0,1,0,0,0,0,0,1,0,0,0,0
CUS_0x5a95,34188.81,2719.0675,0,4,5,1,13,0,10.22,10,1076.67,39.79426621834176,25.17859847630681,103.24943209912621,433.47871942456703,2023-12-01,2025-10-06 10:50:45.508,23,10,0,0,0,0,0,0,1,0,0,0,1,0,0,1,0,0,0,0,0,0,1,0,0,0
CUS_0x5a03,60014.88,4783.292534544106,5,9,26,2,26,15,19.57,90,2620.62,29.050977654292108,288.1904128134082,440.7012682503025,253.77978439218282,2023-12-01,2025-10-06 10:50:45.508,10,4,0,1,1,0,0,0,0,0,0,1,0,0,0,0,0,0,1,0,0,0,0,1,0,0
CUS_0x257e,29074.2,2595.85,8,563,5,4,18,17,18.45,30,867.27,24.573223168498195,52.50795033281486,217.95913606102147,259.11791360616365,2023-12-01,2025-10-06 10:50:45.508,30,10,0,1,0,0,0,1,1,0,0,1,0,0,0,0,1,0,0,0,0,0,0,0,1,0
CUS_0x5bf8,66882.74,5656.561666666667,4,3,3,3,10,5,5.69,70,1472.91,32.466579435948745,108.4322620475159,520.1592975971581,217.06460702199277,2023-12-01,2025-10-06 10:50:45.508,17,10,0,0,0,1,0,0,0,1,0,0,1,0,0,1,0,0,0,0,0,0,0,1,0,0
CUS_0x758f,64355.72,5471.9766666666665,5,5,15,2,5,15,12.72,60,1979.39,34.826999497221735,82.55655086923909,511.99588212484434,242.6452336725832,2023-12-01,2025-10-06 10:50:45.508,15,5,0,0,0,0,0,0,1,0,1,1,0,0,0,0,1,0,0,0,0,0,1,0,0,0
CUS_0x7b38,101696.19,8432.6825,5,7,10,0,30,18,7.53,10,545.89,29.75716329902729,6626.0,206.66782069903599,764.6239173352252,2023-12-01,2025-10-06 10:50:45.508,27,2,0,0,0,0,1,1,0,0,0,0,0,0,0,0,1,0,0,0,0,1,0,0,0,0
CUS_0x8927,29758.46,2687.8716666666664,5,6,8,3,28,17,10.79,40,817.45,40.74742069460885,71.50603017195898,96.16857227085787,351.1125642238498,2023-12-01,2025-10-06 10:50:45.508,27,3,0,0,0,0,0,1,1,1,0,0,1,0,0,0,1,0,0,0,1,0,0,0,0,0
CUS_0x7906,32584.15,2863.3458333333333,5,3,3,2,2,5,8.23,10,355.11,26.01682097613596,42.41284562303826,72.02931683347705,431.8924208768181,2023-12-01,2025-10-06 10:50:45.508,18,6,0,1,0,0,0,0,1,0,0,0,1,0,0,1,0,0,0,1,0,0,0,0,0,0
CUS_0x89e,36698.53,3028.210833333333,5,1055,8,0,5,6,10.45,20,1121.74,35.48163678704254,0.0,297.11480922399517,295.7062741093381,2023-12-01,2025-10-06 10:50:45.508,21,6,0,0,0,0,0,0,0,0,0,0,1,0,0,1,0,0,0,0,0,0,1,0,0,0
CUS_0x5e06,19810.745,1506.8954166666665,1,4,11,3,1,11,2.47,40,227.12,39.06084799026906,40.60045754449212,37.976042780246296,312.11304134192824,2023-12-01,2025-10-06 10:50:45.508,22,3,0,1,0,1,0,0,0,1,0,0,1,0,0,0,0,0,1,0,0,1,0,0,0,0
CUS_0x86d9,20868.005,1574.000416666667,2,5,826,3,3,7,6.13,20,905.47,24.256348816751853,48.64700916491282,10000.0,329.6348293547868,2023-12-01,2025-10-06 10:50:45.508,24,1,0,1,1,0,0,0,0,0,0,0,0,0,0,1,0,0,0,0,0,0,1,0,0,0
CUS_0x26a5,62862.69,5155.5575,5,5,13,4,22,8,7.45,110,676.09,22.8068990877058,116.31282643774723,474.96320738426346,194.2797161779893,2023-12-01,2025-10-06 10:50:45.508,19,10,0,0,1,1,0,0,0,1,0,1,0,0,0,0,0,0,1,0,0,0,0,0,1,0
CUS_0x3f35,26683.75,2224.645833333333,7,5,16,1,28,10,10.85,40,1186.43,27.437906224834013,21.99380359276228,102.37844025927281,388.09233948129827,2023-12-01,2025-10-06 10:50:45.508,26,6,0,0,0,0,0,0,0,1,0,0,1,0,0,0,1,0,0,0,0,0,1,0,0,0
CUS_0x584a,39487.82,3333.651666666666,7,4,20,1,15,14,2.48,0,347.3,29.5884561559197,25.66413570401525,51.20459167542764,506.49643928722384,2023-12-01,2025-10-06 10:50:45.508,29,3,0,0,0,0,0,0,0,1,0,1,0,0,0,0,0,0,1,0,1,0,0,0,0,0
CUS_0xa46f,14335.46,1087.621666666667,4,3,8,1,13,15,8.6,80,726.59,38.98985463873192,9.987632453254072,16.62051346788562,322.1540207455269,2023-12-01,2025-10-06 10:50:45.508,23,3,1,0,0,0,0,0,0,0,0,1,0,0,0,0,1,0,0,0,0,1,0,0,0,0
CUS_0x4206,17188.14,1178.345,6,9,16,6,56,20,9.2,70,1751.34,37.17975017281173,63.5112656771433,91.28316673286643,253.04006758999023,2023-12-01,2025-10-06 10:50:45.508,7,9,0,1,1,0,1,1,1,0,0,1,0,0,0,0,0,1,0,0,0,0,1,0,0,0
CUS_0x49a9,31155.48,2527.29,7,1163,21,5,22,17,12.48,100,2598.3,34.05252901472856,76.9186115426252,236.3358971115956,229.47449134577926,2023-12-01,2025-10-06 10:50:45.508,19,11,1,1,0,0,0,1,1,0,1,1,0,0,0,0,1,0,0,0,0,0,1,0,0,0
CUS_0x55f,18124.54,1588.378333333333,7,8,32,9,37,17,21.71,100,2854.37,28.09075396831721,119.34373149882369,111.44309050489255,208.05101132961707,2023-12-01,2025-10-06 10:50:45.508,9,8,1,1,0,1,0,1,0,0,1,1,0,0,0,0,0,1,0,0,0,0,0,1,0,0
CUS_0xada3,28059.97,2312.330833333333,3,7,6,1,11,9,15.37,20,80.83,34.46274919679161,21.49196549599352,25.209213945239554,424.5319038921003,2023-12-01,2025-10-06 10:50:45.508,29,9,0,0,0,0,0,0,0,1,0,0,0,0,0,1,0,0,0,0,0,1,0,0,0,0
CUS_0x2b5d,19856.16,1537.68,8,4,32,5,24,663,10.81,70,2090.46,34.923312676297456,46.9316188847674,28.6709422365618,318.1654388786708,2023-12-01,2025-10-06 10:50:45.508,11,9,1,1,1,0,0,0,0,1,1,1,0,0,0,0,1,0,0,0,0,1,0,0,0,0
CUS_0xb1e7,31763.36,2867.9466666666667,7,7,25,6,21,16,11.07,90,1270.07,31.242383577697268,122.71707172289784,336.7740196846663,117.30357525910252,2023-12-01,2025-10-06 10:50:45.508,12,6,1,0,1,1,0,0,1,0,0,1,0,0,0,0,1,0,0,0,0,0,1,0,0,0
CUS_0x3763,32871.96,2621.33,5,6,14,2,20,10,9.59,0,748.45,26.515010320297105,31.649964934024077,181.2022704783471,329.2807645876288,2023-12-01,2025-10-06 10:50:45.508,20,0,0,1,0,1,0,0,0,0,0,0,1,0,0,0,1,0,0,0,0,0,0,1,0,0
CUS_0x81d,43452.15,3864.0125,3,6,7,5,30,9,10.4,110,859.42,28.63181641196341,155.26013657218263,247.29390866924697,253.84720475857037,2023-12-01,2025-10-06 10:50:45.508,10,3,0,0,1,0,1,1,0,1,0,1,0,0,0,0,1,0,0,0,0,0,0,0,1,0
CUS_0x89bd,14841.17,989.7641666666666,7,6,33,2,60,12,10.2,130,1371.17,34.137002737153985,23.322351612097176,53.33727097088004,282.31679408368944,2023-12-01,2025-10-06 10:50:45.508,14,3,0,0,0,0,0,0,0,1,1,1,0,0,0,0,1,0,0,0,0,0,0,0,0,1
CUS_0x8d9a,23489.78,2221.4816666666666,7,5,12,4,16,13,6.54,0,530.44,37.77373981209862,49.04865314045521,134.61788001924108,328.48163350697035,2023-12-01,2025-10-06 10:50:45.508,25,4,1,0,1,1,0,0,1,0,0,0,0,0,0,0,1,0,0,0,0,0,1,0,0,0
CUS_0x1250,72503.56,5974.963333333332,6,8,31,9,60,18,22.41,150,4205.6,35.85849513022017,362.8461014587367,107.3564851084409,377.2937467661558,2023-12-01,2025-10-06 10:50:45.508,13,8,1,1,1,1,1,1,0,0,0,1,0,0,0,0,0,1,0,0,1,0,0,0,0,0
CUS_0x812c,65644.4,5275.366666666666,10,9,32,6,31,18,25.61,100,3057.46,34.71516363024995,279.68481669606626,96.24463352535463,391.60721644524574,2023-12-01,2025-10-06 10:50:45.508,9,4,1,1,1,0,0,0,0,1,1,1,0,0,0,0,0,0,1,0,0,1,0,0,0,0
CUS_0xa2b,89256.75,7379.0625,8,5,15,0,13,9,1.92,10,49.03,29.714068843831782,0.0,259.6624433769032,758.2438066230968,2023-12-01,2025-10-06 10:50:45.508,21,4,0,0,0,0,0,0,0,0,0,1,0,0,0,0,1,0,0,0,0,0,0,1,0,0
CUS_0x1915,36080.59,2858.715833333333,5,3,20,4,5,18,8.95,40,1445.97,30.712015612288173,103.040109298772,116.48385788349181,326.3476161510696,2023-12-01,2025-10-06 10:50:45.508,21,2,0,1,1,1,0,0,0,0,1,1,0,0,0,0,1,0,0,1,0,0,0,0,0,0
CUS_0x1e87,167489.4,14025.45,1,1,11,2,10,11,8.51,50,1328.9,36.78258608155857,196.0304652758236,275.9224278267857,1170.5921068973907,2023-12-01,2025-10-06 10:50:45.508,26,11,0,0,0,0,1,0,0,1,0,0,1,0,0,1,0,0,0,0,0,1,0,0,0,0
CUS_0x8ee3,42888.45,3654.0375,5,2,12,1,13,3,8.44,90,131.52,28.95227788839602,26.725996582828643,41.9725059194535,536.7052474977179,2023-12-01,2025-10-06 10:50:45.508,33,6,1,0,0,0,0,0,0,0,0,0,1,0,0,1,0,0,0,0,0,1,0,0,0,0
CUS_0xa080,18802.31,1292.8591666666666,7,8,18,8,37,21,19.7,110,4416.32,29.430039529955007,66.31256648622086,53.06428489274503,299.9090652877008,2023-12-01,2025-10-06 10:50:45.508,5,11,1,0,1,1,0,0,1,0,1,1,0,0,0,0,0,1,0,0,0,0,1,0,0,0
CUS_0xa1b,33991.62,2973.635,3,6,6,4,2,3,9.48,0,1326.98,26.670914641717747,57.74861486719912,394.1617273814859,135.45315775131502,2023-12-01,2025-10-06 10:50:45.508,27,8,0,1,0,0,0,0,1,0,1,0,1,0,0,1,0,0,0,0,0,0,1,0,0,0
CUS_0x3f85,90875.56,7538.963333333332,5,3,15,1,29,19,7.83,80,1009.2,22.75507348475392,53.38830576064987,1000.9308049716684,850.2887036398596,2023-12-01,2025-10-06 10:50:45.508,18,3,0,1,0,0,0,0,0,0,0,0,1,0,0,0,0,0,1,0,0,0,1,0,0,0
CUS_0x7d6e,15508.43,1400.3691666666666,4,4,16,4,21,19,3.07,10,1370.52,33.108927195114354,43.057894570992346,41.38455786059543,335.5944642350789,2023-12-01,2025-10-06 10:50:45.508,30,8,0,0,0,0,1,1,1,0,0,1,0,0,0,0,1,0,0,0,0,0,0,1,0,0
CUS_0x5df,130079.79,11091.9825,3,4,8,0,4,3,9.05,30,230.44,35.290369488781096,56641.0,265.75890311775794,1083.4393468822425,2023-12-01,2025-10-06 10:50:45.508,22,9,0,0,0,0,0,0,0,0,0,0,0,0,0,1,0,0,0,0,0,1,0,0,0,0
CUS_0xa0d,19205.485,1828.4570833333328,5,5,1,4,1,10,4.01,30,372.06,31.749963883114308,39.41708646373287,75.17589053951066,348.2527313300898,2023-12-01,2025-10-06 10:50:45.508,20,3,0,0,0,0,0,1,0,1,0,0,1,0,0,1,0,0,0,0,0,0,0,0,0,1
CUS_0x43d0,81506.32,7012.193333333334,7,4,7,2,9,19,11.02,50,933.67,29.668025316178127,92.50624970242798,199.6122330446363,689.1008505862692,2023-12-01,2025-10-06 10:50:45.508,9,11,1,0,0,0,1,0,0,0,0,1,0,0,0,0,1,0,0,0,0,0,0,1,0,0
CUS_0x9165,138873.28,11375.773333333333,2,3,3,2,6,1,3.0,30,719.3,39.538769937541424,149.68440767735612,618.4183759177221,629.4745497382552,2023-12-01,2025-10-06 10:50:45.508,28,3,1,1,0,0,0,0,0,0,0,0,1,0,0,0,0,0,1,1,0,0,0,0,0,0
CUS_0x5135,31199.43,2800.9525,3,5,8,4,11,10,2.93,50,1399.03,32.45991546491651,55.57160667369293,137.3383494907245,347.18529383558257,2023-12-01,2025-10-06 10:50:45.508,27,5,0,0,1,1,0,0,1,0,0,0,1,0,0,0,0,0,1,1,0,0,0,0,0,0
CUS_0xa36e,36377.09,3146.424166666666,1,5,3,4,11,1,9.42,30,822.54,33.41086199437621,117.27948408848464,10000.0,279.0054991411612,2023-12-01,2025-10-06 10:50:45.508,16,2,0,1,0,0,0,0,1,1,1,0,1,0,0,1,0,0,0,0,0,0,0,0,0,1
CUS_0x2378,29485.44,2644.12,6,7,2,0,8,11,2.54,40,679.47,24.02430778905008,0.0,89.40926905867515,455.00273094132484,2023-12-01,2025-10-06 10:50:45.508,18,11,0,0,0,0,0,0,0,0,0,0,0,0,0,1,0,0,0,0,0,0,0,1,0,0
CUS_0x4e8c,13754.5,1261.2083333333333,4,3,5,6,2,10,16.85,80,39.59,35.65706019404992,61.012321786450606,89.19624925167898,265.91226229520373,2023-12-01,2025-10-06 10:50:45.508,7,2,1,0,0,1,1,1,1,0,0,1,0,0,0,0,0,0,1,0,0,0,1,0,0,0
CUS_0x1dda,20060.23,1873.6858333333328,6,5,34,9,15,22,20.32,160,2844.99,25.044063517322112,148.52392678361446,169.1080831562507,149.73657339346818,2023-12-01,2025-10-06 10:50:45.508,5,0,0,1,1,1,1,0,1,1,0,1,0,0,0,0,0,1,0,0,0,0,0,1,0,0
CUS_0x2dc9,12505.6,1069.1779711132913,8,3,19,0,24,13,8.81,30,304.77,36.29508943711722,153.95536222004228,89.21205000836464,323.1012833249687,2023-12-01,2025-10-06 10:50:45.508,21,4,0,0,0,0,0,0,0,0,0,0,1,0,0,0,1,0,0,0,0,0,1,0,0,0
CUS_0x45cb,58170.76,4861.5633333333335,8,5,34,6,38,17,11.86,130,2475.74,37.41620308316551,168.18498800206677,246.9911337250771,330.98021160618947,2023-12-01,2025-10-06 10:50:45.508,15,3,0,0,1,0,1,1,0,0,0,1,0,0,0,0,0,1,0,1,0,0,0,0,0,0
CUS_0xacec,73436.06999999999,6191.6725,8,5,12,1,25,6,9.51,20,45.5,36.20190354560558,45.197591079344186,243.30888925025272,580.6607696704029,2023-12-01,2025-10-06 10:50:45.508,24,6,0,0,0,0,0,0,0,1,0,1,0,0,0,0,1,0,0,0,1,0,0,0,0,0
CUS_0x10d7,15968.14,1380.678333333333,7,7,21,9,37,21,17.26,140,4912.8,39.89441606895375,77.99711821646055,128.5986713486603,211.47204376821247,2023-12-01,2025-10-06 10:50:45.508,12,4,1,1,1,1,0,1,0,0,0,1,0,0,0,0,0,1,0,0,0,0,0,1,0,0
CUS_0x320f,132324.18,11027.015,5,5,981,4,9,11,11.79,80,1487.26,28.39603631817165,378.7296616676232,562.6452234031178,431.3266149292589,2023-12-01,2025-10-06 10:50:45.508,19,5,1,0,1,0,0,0,1,0,0,0,1,0,0,1,0,0,0,0,0,0,0,0,1,0
CUS_0x3dc3,45144.8,3980.066666666667,4,3,13,1,20,19,6.06,60,1112.58,30.117565955984524,36.15142324086803,399.97106491785,251.88417850794852,2023-12-01,2025-10-06 10:50:45.508,22,6,0,0,0,1,0,0,0,0,0,0,1,0,0,0,1,0,0,0,0,0,1,0,0,0
CUS_0x2d27,42277.83,3724.1525,8,4,14,2,8,4216,12.59,80,1469.21,26.40497545852177,59.41160420933448,82.48482514874415,470.51882064192137,2023-12-01,2025-10-06 10:50:45.508,20,6,0,0,0,0,0,0,0,0,1,1,0,0,0,0,1,0,0,0,0,1,0,0,0,0
CUS_0x786d,132284.66999999998,10726.722499999998,4,3,3,2,6,10,7.37,70,1409.97,29.60511516838024,173.67334230740417,1033.2273711356863,155.77153655690927,2023-12-01,2025-10-06 10:50:45.508,25,3,0,0,0,1,0,0,0,0,0,0,1,0,0,0,0,0,1,0,0,0,1,0,0,0
CUS_0xa66c,74349.18,6133.764999999999,0,3,2,2,14,0,4.64,50,929.91,26.655589756179214,12736.0,375.1684846032906,441.7909192942993,2023-12-01,2025-10-06 10:50:45.508,28,10,0,0,0,0,0,0,1,0,1,0,1,0,0,0,0,0,1,0,0,0,0,0,1,0
CUS_0xae4f,7369.03,421.08583333333326,8,5,24,2,40,16,2.72,100,1643.49,39.9795166596214,10.732411223844258,16.20933242104891,305.1668396884402,2023-12-01,2025-10-06 10:50:45.508,17,9,0,0,0,1,0,0,0,1,0,1,0,0,0,0,0,1,0,0,0,0,1,0,0,0
CUS_0xb658,44083.28,3703.606666666666,1,4,9,0,4,4,3.45,10,616.74,30.281414562006645,76.00983288048769,65.80938450435747,478.5414492818216,2023-12-01,2025-10-06 10:50:45.508,21,0,1,0,1,0,0,0,0,1,0,0,1,0,0,1,0,0,0,0,1,0,0,0,0,0
CUS_0xb98d,24308.05,1762.6708333333331,7,6,11,2,24,7,16.490000000000002,110,174.32,35.112463780129204,21.12401651320115,158.23530031930682,266.9077665008253,2023-12-01,2025-10-06 10:50:45.508,13,9,0,0,0,0,0,0,1,0,0,1,0,0,0,0,1,0,0,0,0,0,0,0,1,0
CUS_0x1de5,64122.84,5053.57,7,6,29,4,25,23,11.48,120,1323.21,38.37767641101101,147.0690962890094,354.23717743827643,274.05072627271414,2023-12-01,2025-10-06 10:50:45.508,9,6,1,0,1,0,0,0,1,0,1,1,0,0,0,0,0,1,0,0,0,0,0,0,1,0
CUS_0x67a4,20825.75,1770.479166666667,6,5,33,0,21,14,8.3,120,2116.54,30.12425027132517,46.64495920090732,115.16353954274028,305.2394179230191,2023-12-01,2025-10-06 10:50:45.508,16,2,0,0,0,1,0,1,0,0,1,1,0,0,0,0,1,0,0,0,0,0,1,0,0,0
CUS_0x6894,14388.68,1015.0566666666666,6,8,25,0,19,24,15.78,170,3852.21,26.29461171599872,87.02200428157549,24.723149864726548,229.7605125203646,2023-12-01,2025-10-06 10:50:45.508,1,4,1,1,1,0,1,0,1,1,0,1,0,0,0,0,0,1,0,0,0,1,0,0,0,0
CUS_0x3ff9,17055.61,1650.3008333333337,7,3,20,2,23,19,11.44,80,1079.76,35.53344132672736,28.40229704201295,222.0196477116066,204.60813857971382,2023-12-01,2025-10-06 10:50:45.508,19,5,1,0,0,0,0,0,0,1,0,1,0,0,0,0,1,0,0,0,0,0,1,0,0,0
CUS_0x44cb,53543.38,4622.948333333333,5,7,15,4,24,5,6.18,30,112.36,31.50324860144508,127.79070025910563,412.0019120696802,202.50222100454758,2023-12-01,2025-10-06 10:50:45.508,19,0,1,0,0,0,0,1,1,1,0,0,1,0,0,0,1,0,0,0,0,0,0,0,0,1
CUS_0x5f2f,18083.015,1780.9179166666663,0,5,6,1,7,7,4.78,30,796.31,28.326269602374765,8.350875465140536,124.4375545328503,375.8806823090738,2023-12-01,2025-10-06 10:50:45.508,28,0,1,0,0,0,0,0,0,0,0,0,1,0,0,1,0,0,0,0,0,0,0,0,0,1
CUS_0x8304,29216.96,2411.7466666666664,8,9,22,7,56,19,23.37,170,4010.91,29.902112975217022,92.14302802812573,160.00408332593852,249.02755531260243,2023-12-01,2025-10-06 10:50:45.508,7,4,1,1,0,1,0,1,1,0,1,1,0,0,0,0,0,1,0,1,0,0,0,0,0,0
CUS_0x909d,17686.19,1424.8491666666666,9,9,19,6,36,18,15.04,90,2994.45,29.395667642789387,59.38569732527807,71.69506608597979,301.4041532554088,2023-12-01,2025-10-06 10:50:45.508,9,10,0,0,1,0,1,1,1,0,1,1,0,0,0,0,0,1,0,0,0,0,1,0,0,0
CUS_0x65f6,61476.93000000001,4940.0775,6,6,22,5,35,24,7.82,140,3322.38,36.4883903930765,212.55668803419655,235.92116084900726,305.5299011167961,2023-12-01,2025-10-06 10:50:45.508,8,6,1,1,1,0,1,0,0,0,0,1,0,0,0,0,0,1,0,1,0,0,0,0,0,0
CUS_0xaa80,55242.99000000001,4660.5825,9,9,21,9,23,23,26.39,70,4173.89,33.766282576048184,366.0378580600001,146.42276864352962,203.5976232964703,2023-12-01,2025-10-06 10:50:45.508,2,11,1,1,1,0,1,1,0,1,0,1,0,0,0,0,0,1,0,0,1,0,0,0,0,0
