Customer_ID,Annual_Income,Monthly_Inhand_Salary,Num_Bank_Accounts,Num_Credit_Card,Interest_Rate,Num_of_Loan,Delay_from_due_date,Num_of_Delayed_Payment,Changed_Credit_Limit,Num_Credit_Inquiries,Outstanding_Debt,Credit_Utilization_Ratio,Total_EMI_per_month,Amount_invested_monthly,Monthly_Balance,snapshot_date,_ingested_at_utc,credit_history_age_year,credit_history_age_month,mortgage_loan,auto_loan,credit_builder_loan,personal_loan,not_specified,student_loan,home_equity_loan,payday_loan,debt_consolidation_loan,ohe__payment_of_min_amount__yes,ohe__payment_of_min_amount__no,ohe__payment_of_min_amount__nm,ohe__payment_of_min_amount__unknown,ohe__credit_mix__good,ohe__credit_mix__standard,ohe__credit_mix__bad,ohe__credit_mix__unknown,ohe__payment_behaviour__high_spent_small_value_payments,ohe__payment_behaviour__high_spent_medium_value_payments,ohe__payment_behaviour__high_spent_large_value_payments,ohe__payment_behaviour__low_spent_small_value_payments,ohe__payment_behaviour__low_spent_medium_value_payments,ohe__payment_behaviour__low_spent_large_value_payments,ohe__payment_behaviour__unknown
CUS_0x5c94,20734.16,1984.8466666666664,7,5,19,1,25,13,10.51,50,1344.19,39.92338454511428,12.653109467827043,104.88424454964563,360.94731264919403,2023-10-01,2025-10-06 10:50:25.824,23,6,0,0,0,1,0,0,0,0,0,1,0,0,0,0,1,0,0,0,0,0,0,1,0,0
CUS_0x1100,43062.54,3607.545,6,10,23,2,55,20,19.05,130,2169.75,30.04262296575237,47.499818741612366,71.94658528758634,491.30809597080133,2023-10-01,2025-10-06 10:50:25.824,15,3,1,0,0,0,0,1,0,0,0,1,0,0,0,0,1,0,0,0,1,0,0,0,0,0
CUS_0x272c,12585.205,919.7670833333334,8,6,18,3,21,18,12.33,130,1259.3,35.11590601526444,24.40861896692875,53.87624398270618,309.33022609591205,2023-10-01,2025-10-06 10:50:25.824,14,3,0,0,0,1,0,0,0,1,1,1,0,0,0,0,1,0,0,0,0,0,0,1,0,0
CUS_0x53f9,38149.09,3121.090833333333,1,3,8,3,12,7,6.72,23280,821.91,27.39450445612257,90.32160297711032,300.89862212061223,210.8888582356108,2023-10-01,2025-10-06 10:50:25.824,19,11,0,0,0,0,0,0,1,1,1,0,1,0,0,0,0,0,1,0,0,0,1,0,0,0
CUS_0x749e,76230.76,6001.309343328458,6,10,31,3,35,16,18.93,140,1961.73,28.36663994299079,327.91524655418704,53.257460600571406,633.0376161834503,2023-10-01,2025-10-06 10:50:25.824,20,6,0,0,0,0,1,0,1,0,1,1,0,0,0,0,0,0,1,0,0,1,0,0,0,0
CUS_0x8b91,16481.715,1537.47625,7,3,15,6,13,8,16.59,80,145.32,33.80127666058158,66.6812219426157,79.50862566484736,277.5577773925369,2023-10-01,2025-10-06 10:50:25.824,9,11,0,1,0,0,1,1,0,1,0,1,0,0,0,0,1,0,0,0,0,0,0,0,1,0
CUS_0x7703,17129.91,1335.4925,5,1,5,3,11,7,9.36,60,1307.4,32.24769998853001,30.152860780254144,64.31665525386582,329.07973396588005,2023-10-01,2025-10-06 10:50:25.824,26,10,0,1,0,0,0,0,0,1,0,0,1,0,0,1,0,0,0,0,0,0,1,0,0,0
CUS_0xa335,66105.4,5653.783333333333,6,8,31,5,26,22,5.52,120,1549.56,24.714191993868127,214.07212305606225,274.572674146153,474.07649728114126,2023-10-01,2025-10-06 10:50:25.824,11,9,1,1,0,0,1,1,0,1,0,1,0,0,0,0,0,1,0,0,0,1,0,0,0,0
CUS_0x16a5,10027.07,896.5891666666665,8,5,9,3,9,17,1.77,50,168.72,23.312242334320512,73384.0,32.743223333030315,323.5543351811241,2023-10-01,2025-10-06 10:50:25.824,21,2,1,1,0,0,0,0,1,0,0,0,1,0,0,0,1,0,0,0,0,0,0,1,0,0
CUS_0x5357,13961.155,1322.4295833333333,6,3,20,4,15,17,3.73,0,1406.02,23.458458077626943,40.17141518726413,159.470230945294,222.60131220077525,2023-10-01,2025-10-06 10:50:25.824,28,2,1,0,0,0,0,1,0,0,1,0,0,0,0,0,1,0,0,0,0,0,1,0,0,0
CUS_0x5e3b,60263.43000000001,5242.9525,1662,5,20,5,42,25,17.71,140,1400.16,25.69386881069035,178.7366155336915,127.9212185929034,457.63741587340513,2023-10-01,2025-10-06 10:50:25.824,10,4,1,0,0,0,0,1,0,1,0,1,0,0,0,0,0,0,1,0,0,1,0,0,0,0
CUS_0x65c5,160057.96,13417.163333333332,4,4,1,1,4,1154,1.78,70,322.27,33.88289478676084,80.66890710005656,292.2079410557796,1208.8394851774976,2023-10-01,2025-10-06 10:50:25.824,26,6,0,0,0,0,1,0,0,0,0,0,1,0,0,1,0,0,0,0,0,1,0,0,0,0
CUS_0xb7bb,118717.64,9885.136666666667,3,5,10,2,30,17,8.219999999999999,120,718.0,39.149476691485305,141.09080021656413,720.2494061934437,397.17346025665876,2023-10-01,2025-10-06 10:50:25.824,26,5,1,0,0,0,0,0,0,0,1,1,0,0,0,0,1,0,0,0,0,0,0,0,1,0
CUS_0x1f24,8938.07,678.8391666666666,6,9,34,7,59,25,27.81,130,4343.23,34.286043676796204,33.67769685087954,59.84075372890538,264.36546608688167,2023-10-01,2025-10-06 10:50:25.824,2,10,1,1,1,1,1,1,0,0,1,1,0,0,0,0,0,1,0,0,0,0,1,0,0,0
CUS_0x5793,20513.23,1508.4358333333332,6,9,22,2,43,17,17.5,60,1653.86,39.778352449964686,32.57754580216752,75.42823669073692,332.8378008404289,2023-10-01,2025-10-06 10:50:25.824,15,5,0,0,1,0,0,1,0,0,0,0,0,0,0,0,1,0,0,0,0,0,1,0,0,0
CUS_0xb76f,39513.84,2993.82,4,2,11,3,9,8,9.63,20,1029.0,29.292544792126463,89.80089295649952,277.1373752508975,410.4349029379792,2023-10-01,2025-10-06 10:50:25.824,28,10,0,0,0,1,1,0,0,0,1,0,0,0,0,1,0,0,0,1,0,0,0,0,0,0
CUS_0x3d60,40289.79,3073.4825,5,6,10,2,10,8,0.89,30,1073.74,36.46549173217888,38.97639028622972,10000.0,374.9843353161296,2023-10-01,2025-10-06 10:50:25.824,16,5,1,0,0,0,0,0,1,0,0,0,1,0,0,1,0,0,0,1,0,0,0,0,0,0
CUS_0xb443,147819.96,12452.33,3,5,15,2,13,15,9.68,40,1205.02,27.19304183550715,224.6314160376116,1266.8778960250274,33.72368793736098,2023-10-01,2025-10-06 10:50:25.824,27,5,0,0,0,0,0,0,0,1,1,0,1,0,0,0,1,0,0,0,0,0,0,1,0,0
CUS_0x305e,34849.62,3202.135,3,5,2,2,10,4,10.76,80,1181.0,25.9739488353567,53.7435865621091,59.64475164445474,446.8251617934362,2023-10-01,2025-10-06 10:50:25.824,28,2,1,0,1,0,0,0,0,0,0,0,1,0,0,1,0,0,0,0,0,1,0,0,0,0
CUS_0x76a9,61350.48,4998.54,6,9,28,7,27,19,17.48,140,3965.41,33.985102830701855,322.52933326731085,283.07019786376867,164.25446886892047,2023-10-01,2025-10-06 10:50:25.824,6,8,0,1,1,1,0,1,0,0,0,1,0,0,0,0,0,1,0,0,0,0,0,0,1,0
CUS_0xbb0b,44985.72,3791.81,6,4,15,4,23,18,13.76,90,378.94,34.56485473327657,118.16421344881972,218.51899159895328,302.49779495222697,2023-10-01,2025-10-06 10:50:25.824,16,11,0,0,1,1,0,1,0,0,0,1,0,0,0,0,1,0,0,0,0,0,0,0,0,1
CUS_0xbc51,32881.92,2733.16,4,7,10,2,11,1,4.6,0,479.81,28.371832142965427,33.24319985606321,10000.0,394.41517027683767,2023-10-01,2025-10-06 10:50:25.824,19,2,1,0,0,1,0,0,0,0,0,0,1,0,0,1,0,0,0,0,0,0,1,0,0,0
CUS_0xbd8c,27987.5,2421.2916666666665,8,4,3433,2,24,19,10.98,40,1142.21,24.67232230036881,39.600997749244605,270.82285985216447,221.7053090652576,2023-10-01,2025-10-06 10:50:25.824,20,3,0,0,0,0,0,0,1,0,1,0,1,0,0,0,0,0,1,0,0,0,1,0,0,0
CUS_0x49d5,51162.84,4249.57,7,10,34,5,51,19,18.23,90,1921.03,37.27045132186118,178.78342354875468,169.01743483952782,337.1561416117175,2023-10-01,2025-10-06 10:50:25.824,10,8,1,0,1,0,0,0,1,1,1,1,0,0,0,0,0,1,0,1,0,0,0,0,0,0
CUS_0xb9e5,8681.77,647.4808333333334,6,9,23,7,47,21,19.6,170,2216.25,36.73937584172032,28.44218887394765,57.741131628175275,258.56476283121043,2023-10-01,2025-10-06 10:50:25.824,14,11,0,1,0,1,1,1,0,0,1,1,0,0,0,0,0,1,0,0,0,0,0,1,0,0
CUS_0x2594,156687.16,13095.263333333334,2,3,7,1,0,5,0.4800000000000004,70,500.94,43.89152940844862,80.57653205798911,607.5645606287875,911.3852406465567,2023-10-01,2025-10-06 10:50:25.824,33,0,0,0,0,0,0,0,0,1,0,0,1,0,0,0,0,0,1,0,0,0,1,0,0,0
CUS_0x147c,39357.45,3125.7875,3,4,6,3,10,4,8.16,20,1170.76,35.48153731510921,85.72237198656481,83.45784436430965,413.39853364912557,2023-10-01,2025-10-06 10:50:25.824,25,4,0,0,0,0,0,0,1,1,0,0,1,0,0,0,0,0,1,0,0,0,0,0,1,0
CUS_0xb55e,38138.12,3409.1766666666667,3,5,14,2,28,9,1.66,90,2064.86,28.07348046336447,57.04167959835522,196.398728235472,347.4772588328396,2023-10-01,2025-10-06 10:50:25.824,11,8,0,0,0,1,0,0,0,1,0,1,0,0,0,0,1,0,0,1,0,0,0,0,0,0
CUS_0x8da5,105345.4,8505.783333333333,7,3,8,4,12,13,5.5299999999999985,120,294.33,32.18219698189855,344.4968778664032,557.3279617570856,208.75349370984455,2023-10-01,2025-10-06 10:50:25.824,9,3,0,1,0,0,0,0,1,0,1,1,0,0,0,0,0,0,1,1,0,0,0,0,0,0
CUS_0x9027,23952.07,1863.0058333333327,6,4,316,0,12,13,9.5,30,1045.08,31.70541657226939,0.0,80.4179844375321,365.88259889580127,2023-10-01,2025-10-06 10:50:25.824,23,9,0,0,0,0,0,0,0,0,0,1,0,0,0,0,1,0,0,1,0,0,0,0,0,0
CUS_0x96a6,90371.01,7611.9175,3,4,3,4,2,5,7.26,80,967.84,39.01790625191194,254.7579658510017,74.79389833565641,671.6398858133417,2023-10-01,2025-10-06 10:50:25.824,25,5,0,0,1,0,1,1,0,0,0,0,1,0,0,0,0,0,1,0,0,1,0,0,0,0
CUS_0xa4f9,119443.29,10071.6075,1,6,1,3,13,11,0.9,30,418.28,23.502358215891284,183.7905972805586,698.8940259431689,394.4761267762725,2023-10-01,2025-10-06 10:50:25.824,28,11,1,0,0,1,0,0,0,0,1,0,1,0,0,1,0,0,0,0,0,0,0,0,1,0
CUS_0xa9d1,20455.05,1959.5875,7,8,29,9,26,17,1.14,130,1416.41,24.556755365270163,92.9172564180523,130.32075880957822,262.72073477236944,2023-10-01,2025-10-06 10:50:25.824,8,4,1,0,1,1,1,1,0,0,1,1,0,0,0,0,0,1,0,0,0,0,0,0,0,1
CUS_0x4672,27947.05,2331.920833333333,8,6,9,7,16,16,8.84,70,172.39,40.70016711549581,148.7990660045954,134.4992539979985,229.89376333073943,2023-10-01,2025-10-06 10:50:25.824,14,6,1,1,0,1,1,0,1,1,1,1,0,0,0,0,1,0,0,0,0,0,0,1,0,0
CUS_0x8293,89254.77,7227.8975,8,5,18,1,30,11,3.45,70,997.64,29.06404197016687,63.25482345697645,459.6111675320985,489.92375901092515,2023-10-01,2025-10-06 10:50:25.824,25,9,0,1,0,0,0,0,0,0,0,0,1,0,0,0,1,0,0,0,0,0,1,0,0,0
CUS_0x94c5,19419.65,1485.3041666666668,8,6,25,5,37,23,20.22,140,4525.71,29.24382161733326,78.88884969804327,181.88077691905,177.76079004957342,2023-10-01,2025-10-06 10:50:25.824,8,11,0,1,1,1,0,0,0,1,0,1,0,0,0,0,0,1,0,0,0,0,1,0,0,0
CUS_0xc71f,1.9768015E7,5359.8116666666665,4,8,7,1,29,14,17.67,90,1167.37,38.91759598502268,50.17057736977844,108.05833737708949,627.7522519197987,2023-10-01,2025-10-06 10:50:25.824,6,8,0,0,0,1,0,0,0,0,0,1,0,0,0,0,0,0,1,0,1,0,0,0,0,0
CUS_0x3aab,7755.295,590.2745833333332,6,5,24,4,57,11,16.35,150,2165.25,27.43377656938748,21.778277536180298,37.269589903075726,289.9795908940773,2023-10-01,2025-10-06 10:50:25.824,6,5,0,0,1,1,0,1,0,0,0,1,0,0,0,0,1,0,0,0,0,0,1,0,0,0
CUS_0x65d0,27354.48,2526.54,6,6,12,0,10,16,2.48,20,80.73,28.382997943958173,0.0,63.996017558488845,458.65798244151114,2023-10-01,2025-10-06 10:50:25.824,25,2,0,0,0,0,0,0,0,0,0,0,1,0,0,0,1,0,0,0,0,0,0,0,1,0
CUS_0xa447,14471.61,1021.9675,8,6,25,7,35,27,28.64,70,3332.8,33.422279854406185,54.02876927015557,19.75403792760596,268.41394280223847,2023-10-01,2025-10-06 10:50:25.824,9,11,0,1,1,0,1,1,1,1,0,1,0,0,0,0,0,1,0,0,0,1,0,0,0,0
CUS_0x18af,56604.96,4515.08,6,8,19,9,20,19,6.09,110,4870.27,34.17053613265749,374.1427095468441,147.7006897543536,209.6646006988024,2023-10-01,2025-10-06 10:50:25.824,2,11,1,1,1,0,1,1,0,1,0,1,0,0,0,0,0,1,0,0,0,0,0,1,0,0
CUS_0x3752,98874.63,8196.5525,6,5,12,4,25,16,10.08,60,750.39,21.654766125856973,325.2833888273365,969.578931275735,597.4776535790533,2023-10-01,2025-10-06 10:50:25.824,31,4,1,0,0,0,0,0,0,1,1,0,1,0,0,1,0,0,0,0,0,0,1,0,0,0
CUS_0x471c,17805.15,1711.7625,7,7,23,6,29,19,19.59,80,2279.36,39.81748163258533,81.85038190646816,10000.0,309.9422517474543,2023-10-01,2025-10-06 10:50:25.824,9,10,0,0,1,1,0,0,1,0,1,1,0,0,0,0,1,0,0,0,0,0,0,0,0,1
CUS_0x924e,134270.12,11318.176666666664,8,7,11,3,13,19,18.68,80,503.23,36.70355493228797,282.5548889373636,766.4729653146675,342.78981241463555,2023-10-01,2025-10-06 10:50:25.824,13,2,0,0,1,0,0,1,0,0,1,1,0,0,0,0,1,0,0,1,0,0,0,0,0,0
CUS_0x16d3,34204.91,3056.409166666667,4,5,10,3,22,0,0.0,40,1319.24,28.15034609786644,73.3462592041708,115.02941747170291,367.2652399907929,2023-10-01,2025-10-06 10:50:25.824,32,9,0,0,1,0,0,1,1,0,0,0,1,0,0,1,0,0,0,0,1,0,0,0,0,0
CUS_0x5665,14906.67,1117.6279751292866,6,6,10,2,14,20,0.0,30,100.3,40.08089781166965,104.1770466032536,93.36503902994906,285.0746892375108,2023-10-01,2025-10-06 10:50:25.824,30,3,0,0,0,1,0,0,1,0,0,1,0,0,0,0,1,0,0,0,0,0,0,1,0,0
CUS_0x9167,177150.4,14710.533333333333,2,6,6,4,2,11,1.47,40,429.86,39.22051716782752,472.2784577044415,156.39280072825275,1082.382074900639,2023-10-01,2025-10-06 10:50:25.824,21,8,1,1,1,0,0,0,1,0,0,0,1,0,0,1,0,0,0,0,0,1,0,0,0,0
CUS_0x2bba,74502.36,6000.53,7,6,11,3,24,14,8.45,60,1437.07,33.493594655474574,169.65761988810038,104.67059851709621,565.7247815948034,2023-10-01,2025-10-06 10:50:25.824,10,7,0,0,1,0,0,0,0,1,0,0,0,0,0,0,1,0,0,0,0,1,0,0,0,0
CUS_0x2bd2,38155.64,2933.6366666666668,3,4,5,1,8,1,1.63,60,129.15,34.49996714491634,23.21341947815388,270.7787321584488,289.371515030064,2023-10-01,2025-10-06 10:50:25.824,33,8,0,0,0,0,0,0,1,0,0,0,1,0,0,1,0,0,0,0,0,0,1,0,0,0
CUS_0x30bd,20199.46,1520.2883333333332,3,3,6,4,8,5,8.56,20,1357.95,35.67993107440776,60.042791744786,15.956344788543687,315.07706913141976,2023-10-01,2025-10-06 10:50:25.824,19,11,0,0,1,1,0,0,0,1,1,0,1,0,0,1,0,0,0,1,0,0,0,0,0,0
CUS_0x8144,28061.52,2128.46,5,1,5,4,3,10,9.31,50,1020.77,33.59332612748557,49.43233976959333,46.33679682246111,261.4168309059194,2023-10-01,2025-10-06 10:50:25.824,20,10,1,0,1,1,0,0,0,0,0,0,1,0,0,1,0,0,0,0,0,0,1,0,0,0
CUS_0x97da,17399.84,1448.986666666667,7,10,27,6,24,12,18.03,140,1983.2,23.661044792598105,44.38389340282836,94.3210588585668,286.19371440527146,2023-10-01,2025-10-06 10:50:25.824,15,10,1,1,1,1,0,1,0,0,0,1,0,0,0,0,1,0,0,0,0,0,0,1,0,0
CUS_0xa82c,25838.55,2163.2125,4,3,15,1,26,15,11.73,20,6.41,25.355289752247057,21.34436196082464,240.39195721167405,244.5849308275013,2023-10-01,2025-10-06 10:50:25.824,24,9,0,0,1,0,0,0,0,0,0,1,0,0,0,0,1,0,0,0,0,0,1,0,0,0
CUS_0xb725,28206.96,2294.58,7,7,25,7,51,18,8.74,150,1784.66,35.28170894891395,135.13379919070908,20.81628730781348,313.50791350147745,2023-10-01,2025-10-06 10:50:25.824,14,6,0,0,1,1,0,1,1,1,1,1,0,0,0,0,0,1,0,0,0,0,0,0,0,1
CUS_0x4159,16540.38,1577.365,10,5,28,7,59,21,6.2799999999999985,90,2377.8,27.331218979332743,94.4635889060092,10000.0,181.4358854902106,2023-10-01,2025-10-06 10:50:25.824,10,10,1,1,1,0,1,1,1,0,1,0,0,0,0,0,0,1,0,0,0,0,1,0,0,0
CUS_0xa2ca,37475.07,3073.9225,3,4,7,0,14,9,9.77,70,437.45,26.064210484891014,0.0,115.12639885079595,462.2658511492041,2023-10-01,2025-10-06 10:50:25.824,24,2,0,0,0,0,0,0,0,0,0,0,1,0,0,0,0,0,1,0,0,0,0,0,1,0
CUS_0x2a6b,44308.67,3519.3891666666664,5,3,9,0,12,9,4.3,90,1394.14,27.26515676987985,0.0,122.39157509805504,527.5524404676976,2023-10-01,2025-10-06 10:50:25.824,19,9,0,0,0,0,0,0,0,0,0,0,1,0,0,1,0,0,0,0,0,0,0,0,1,0
CUS_0x4f05,33390.92,3068.5766666666664,7,10,19,9,53,17,23.73,110,3513.91,29.87745720783012,178.0920558899703,121.50474788840314,257.2608628882932,2023-10-01,2025-10-06 10:50:25.824,13,9,0,1,1,0,1,1,1,1,0,1,0,0,0,0,0,0,1,0,1,0,0,0,0,0
CUS_0x82db,37062.36,3211.53,8,8,31,6,27,11,11.1,100,2277.28,39.844508145911,165.78610526995482,157.38949180335808,257.9774029266871,2023-10-01,2025-10-06 10:50:25.824,7,0,0,1,0,0,0,1,0,1,0,1,0,0,0,0,1,0,0,1,0,0,0,0,0,0
CUS_0x1912,157577.0,12912.416666666664,5,1,6,1,8,5,10.46,40,527.54,37.04668561800332,73.21934851413806,324.9462319383943,1133.0760862141344,2023-10-01,2025-10-06 10:50:25.824,24,2,0,0,0,0,1,0,0,0,0,0,1,0,0,1,0,0,0,0,0,1,0,0,0,0
CUS_0x1d9e,75994.22,6301.8516666666665,1,4,7,1,11,5,5.92,30,111.75,26.021522902177967,51.7028250812161,140.12295502007223,678.3593865653783,2023-10-01,2025-10-06 10:50:25.824,27,9,0,0,0,0,0,1,0,0,0,0,1,0,0,1,0,0,0,0,0,1,0,0,0,0
CUS_0x442f,16702.25,1640.854166666667,10,8,23,5,60,18,1.61,90,4536.64,24.678650341771483,57.47093311136731,89.11271567836748,277.50176787693186,2023-10-01,2025-10-06 10:50:25.824,7,4,1,1,1,0,0,0,0,0,0,1,0,0,0,0,0,1,0,1,0,0,0,0,0,0
CUS_0x4c2c,23883.28,1936.25528730618,5,5,9,4,6,14,10.84,80,1227.75,27.481871267222385,230.602873832926,91.97208254399584,328.27042298356486,2023-10-01,2025-10-06 10:50:25.824,8,9,0,0,1,1,0,0,0,0,1,1,0,0,0,0,1,0,0,0,0,0,1,0,0,0
CUS_0x95eb,9852.775,1102.0645833333333,7,8,25,9,24,19,5.59,70,4887.73,39.664150362172045,61.10009748451788,53.22502123196454,271.9162132298054,2023-10-01,2025-10-06 10:50:25.824,11,11,1,1,0,0,1,1,0,1,0,1,0,0,0,0,0,1,0,1,0,0,0,0,0,0
CUS_0xa6db,14618.9,1214.2416666666666,8,4,20,6,17,15,9.23,100,408.9,26.194722191962253,11674.0,41.58897562805836,326.23304499422613,2023-10-01,2025-10-06 10:50:25.824,18,5,1,1,1,1,0,0,1,0,1,1,0,0,0,0,1,0,0,0,0,0,1,0,0,0
CUS_0x10ff,16341.075,1292.75625,4,4,6,2,8,20,0.0,40,684.05,39.405195444591534,16.960460461757126,151.95412763565508,250.36103690258773,2023-10-01,2025-10-06 10:50:25.824,17,1,0,1,0,0,0,1,0,0,0,0,1,0,0,0,1,0,0,0,0,0,1,0,0,0
CUS_0x7324,24326.28,2137.19,4,249,7,2,13,8,4.46,40,88.72,37.982587649270094,29.014519426747885,64.02988576793896,370.6745948053131,2023-10-01,2025-10-06 10:50:25.824,18,0,0,0,0,0,1,0,1,0,0,0,1,0,0,1,0,0,0,0,1,0,0,0,0,0
CUS_0x9448,79090.74,6676.895,2,3,12,3,5,7,5.66,30,753.0,28.39865215682945,155.44186752304034,10000.0,664.999847703543,2023-10-01,2025-10-06 10:50:25.824,27,0,1,0,1,1,0,0,0,0,0,0,0,0,0,1,0,0,0,0,0,1,0,0,0,0
CUS_0x4cce,31237.94,2431.868652458642,5,5,2,3,12,9,7.02,640,1179.2,36.757099267414056,191.5280294174029,188.4680404413417,297.61311101594674,2023-10-01,2025-10-06 10:50:25.824,26,9,1,0,1,0,0,0,0,1,0,0,1,0,0,1,0,0,0,0,0,0,1,0,0,0
CUS_0xb832,14125.67,1173.1391666666666,10,10,22,8,62,24,2.5,70,2426.75,31.320161360149505,48.7180385608001,139.7729449836112,218.82293312225536,2023-10-01,2025-10-06 10:50:25.824,18,5,0,1,1,0,1,0,1,1,0,1,0,0,0,0,0,1,0,0,0,0,1,0,0,0
CUS_0x1c7d,19704.16,1740.013333333333,9,9,33,5,33,24,19.55,110,4866.57,33.534535462749766,73.40603533463528,19.41423877890102,331.18105921979696,2023-10-01,2025-10-06 10:50:25.824,5,10,1,0,0,1,0,1,1,0,0,1,0,0,0,0,0,1,0,0,1,0,0,0,0,0
CUS_0x3ce7,7269.655,494.80458333333326,6,9,21,9,20,15,21.72,80,4399.03,36.34360916030214,33.849090392399376,18.97688981295885,286.6544781279751,2023-10-01,2025-10-06 10:50:25.824,1,5,1,0,1,0,1,0,1,1,0,1,0,0,0,0,0,1,0,0,0,0,1,0,0,0
CUS_0xb2a1,14006.745,1017.22875,6,4,7,7,12,11,17.060000000000002,40,1347.31,35.90813281979206,64.2366789766586,97.26744239592968,230.21875362741173,2023-10-01,2025-10-06 10:50:25.824,17,10,1,0,1,0,1,0,1,0,0,1,0,0,0,0,1,0,0,0,0,0,1,0,0,0
CUS_0xfdd,32128.24,2693.353333333333,6,4,4892,7,19,20,10.61,80,465.04,35.75913886979385,103.45621325048674,56.64851660021863,359.230603482628,2023-10-01,2025-10-06 10:50:25.824,7,8,1,0,0,1,0,0,1,1,1,1,0,0,0,0,1,0,0,0,1,0,0,0,0,0
CUS_0x5cbb,106882.84,8882.903333333334,6,6,18,0,19,19,10.88,40,332.47,32.74785402222337,0.0,64.51111299376386,1063.7792203395695,2023-10-01,2025-10-06 10:50:25.824,26,5,0,0,0,0,0,0,0,0,0,1,0,0,0,0,0,0,1,0,0,1,0,0,0,0
CUS_0x9076,110692.47,9428.3725,4,6,18,6,7,7,12.33,60,1134.69,35.92417604571009,402.4758281913585,810.6335221269683,557.0818257986648,2023-10-01,2025-10-06 10:50:25.824,9,4,1,1,0,1,0,0,1,0,1,1,0,0,0,0,0,0,1,0,0,0,0,0,1,0
CUS_0x99c6,43978.14,3663.845,6,7,9,2,24,16,7.07,10,1102.66,34.21169867738098,68.78510048383598,93.16367099772886,474.4357285184352,2023-10-01,2025-10-06 10:50:25.824,17,9,0,1,1,0,0,0,0,0,0,1,0,0,0,0,1,0,0,0,0,0,0,0,1,0
CUS_0xb736,25609.04,2233.0866666666666,6,7,6,4,4,16,19.55,20,1121.06,31.17662154944716,74.36016970618577,63.5377806188294,345.41071634165155,2023-10-01,2025-10-06 10:50:25.824,18,8,0,1,0,1,0,0,0,1,1,1,0,0,0,0,1,0,0,1,0,0,0,0,0,0
CUS_0x420f,116569.62,9991.135,4,4,7,3,9,14,11.5,80,757.7,44.68387595266777,149.5974624044698,123.11350161486251,976.4025359806676,2023-10-01,2025-10-06 10:50:25.824,19,9,1,0,1,1,0,0,0,0,0,0,1,0,0,1,0,0,0,0,1,0,0,0,0,0
CUS_0x3d6e,52591.26,4359.605,6,10,31,6,16,20,17.61,90,3905.41,31.19961120229269,212.32081378391533,130.43893777855817,343.2007484375265,2023-10-01,2025-10-06 10:50:25.824,12,5,0,1,0,0,0,1,1,0,1,1,0,0,0,0,0,0,1,0,1,0,0,0,0,0
CUS_0x4e95,127928.68,10479.723333333332,2,6,12,4,26,8,8.0,30,1361.41,26.87619034441202,240.77193266375016,1341.1491996529526,553.3903260225126,2023-10-01,2025-10-06 10:50:25.824,16,10,1,1,0,0,1,0,0,0,0,0,0,0,0,1,0,0,0,0,0,0,1,0,0,0
CUS_0x5148,41498.3,3265.191666666667,3,4,19,7,29,10,10.2,50,2275.26,39.614160070142496,187.51864230341465,140.86327700479816,258.1372473584539,2023-10-01,2025-10-06 10:50:25.824,14,0,0,0,1,1,1,1,0,1,0,1,0,0,0,0,1,0,0,0,0,0,0,0,0,1
CUS_0x5c1f,58885.7,4656.141666666666,1,6,2,3,5,11,0.9,0,415.3,30.611401291909026,105.75507950790954,47.9402156542841,551.918871504473,2023-10-01,2025-10-06 10:50:25.824,24,3,0,0,0,0,0,1,1,0,1,0,1,0,0,1,0,0,0,0,0,1,0,0,0,0
CUS_0x75e8,28058.38,2601.1983333333333,3,1,12,2,5,5,10.49,20,240.25,25.77978149041382,23.54287935472205,125.16257208711546,401.41438189149596,2023-10-01,2025-10-06 10:50:25.824,23,6,1,0,0,0,1,0,0,0,0,0,0,0,0,0,0,0,1,0,0,0,0,0,0,1
CUS_0xb021,64674.2,5675.516666666666,9,7,17,6,58,23,1.71,120,2374.96,26.14761345322205,197.226882969714,346.89117170445365,293.43361199249904,2023-10-01,2025-10-06 10:50:25.824,11,6,1,0,1,1,0,0,0,1,1,1,0,0,0,0,0,1,0,0,0,0,0,0,1,0
CUS_0xb772,41296.81,3680.400833333333,3,6,11,1,24,1,6.94,10,761.2,36.59194413310693,33.74732674602196,10000.0,521.7607811630987,2023-10-01,2025-10-06 10:50:25.824,19,11,0,0,0,0,0,1,0,0,0,0,1,0,0,1,0,0,0,0,0,1,0,0,0,0
CUS_0x2734,14135.23,1415.9358333333332,9,5,21,7,39,25,29.49,70,4671.72,29.502280093717182,68.24048935713228,61.6233719451873,281.72972203101375,2023-10-01,2025-10-06 10:50:25.824,7,11,1,1,1,1,1,1,1,0,0,1,0,0,0,0,0,1,0,0,0,0,0,0,1,0
CUS_0x9486,15659.78,1132.9816666666668,9,9,21,8,44,19,3.9,110,2302.28,26.40343525162976,66.23584190703737,85.80506135261678,251.25726340701252,2023-10-01,2025-10-06 10:50:25.824,14,3,1,1,1,1,0,0,0,0,1,1,0,0,0,0,0,1,0,0,0,0,1,0,0,0
CUS_0x9d73,17738.32,1715.1933333333334,10,5,24,4,44,24,6.63,90,2496.93,23.701323338981613,48.054054075381295,68.54915342079977,314.91612583715226,2023-10-01,2025-10-06 10:50:25.824,14,1,0,0,1,0,0,0,1,0,1,1,0,0,0,0,0,0,1,1,0,0,0,0,0,0
CUS_0xb1da,110721.66,9259.805,3,7,15,4,14,13,3.15,60,281.42,28.620300272761828,209.24544851015503,131.5562784570291,835.178773032816,2023-10-01,2025-10-06 10:50:25.824,26,6,0,1,1,0,1,0,0,0,0,0,1,0,0,0,0,0,1,0,1,0,0,0,0,0
CUS_0x7ace,124847.49,10225.9575,4,5,1,0,12,10,11.09,20,75.19,32.72412102002039,0.0,554.837738947509,737.758011052491,2023-10-01,2025-10-06 10:50:25.824,19,11,0,0,0,0,0,0,0,0,0,0,1,0,0,1,0,0,0,0,0,0,0,0,1,0
CUS_0x449,46744.62,4111.385,7,9,27,2,18,7,14.45,90,2009.75,39.894032212986325,77.75856143005646,52.794000431310614,530.5859381386329,2023-10-01,2025-10-06 10:50:25.824,19,11,0,0,1,0,1,0,0,0,0,1,0,0,0,0,1,0,0,0,1,0,0,0,0,0
CUS_0x6a29,67551.56999999999,5887.2975,5,3,20,4,22,17,9.61,80,268.08,29.85910506785484,143.4185523682911,127.24242006953352,578.0687775621752,2023-10-01,2025-10-06 10:50:25.824,25,8,0,0,0,0,0,1,1,0,1,1,0,0,0,0,1,0,0,0,0,0,0,0,0,1
CUS_0xa940,10316.45,811.7041666666668,7,5,12,3,6,11,1.63,60,183.94,30.12709357001329,17.471160525556005,65.07187682153632,288.62737931957435,2023-10-01,2025-10-06 10:50:25.824,25,4,0,1,0,1,0,0,0,1,0,0,1,0,0,0,0,0,1,0,0,0,0,0,0,1
CUS_0x3533,50155.74000000001,4312.645,4,7,18,6,20,13,17.14,90,2358.09,26.74229148456785,187.5774228417488,62.149199253828144,431.53787790442317,2023-10-01,2025-10-06 10:50:25.824,13,9,1,0,1,1,1,1,1,0,0,1,0,0,0,0,1,0,0,0,1,0,0,0,0,0
CUS_0x734a,36349.28,2885.106666666666,6,8,26,4,21,20,17.25,120,2195.84,39.09992959263312,72.66080282903627,234.3922888058482,261.4575750317822,2023-10-01,2025-10-06 10:50:25.824,10,8,0,1,1,0,1,0,0,0,0,1,0,0,0,0,0,1,0,0,0,0,0,1,0,0
CUS_0x8bda,35217.02,2882.751666666666,3,7,13,4,13,10,11.58,40,1290.83,25.49302162867129,94.18574692070344,104.47325996949205,339.6161597764712,2023-10-01,2025-10-06 10:50:25.824,19,10,1,0,0,0,1,0,1,0,1,1,0,0,0,0,1,0,0,0,1,0,0,0,0,0
CUS_0x34b1,60185.82,4762.485,7,968,14,6,8,10,14.35,60,1089.0,26.180700069388763,208.5933439960316,278.8178180436247,278.8373379603437,2023-10-01,2025-10-06 10:50:25.824,7,5,1,0,0,1,1,0,0,1,1,0,0,0,0,0,1,0,0,0,0,0,1,0,0,0
CUS_0x2391,76154.56,6272.739428904632,7,8,26,6,44,23,5.03,90,2144.36,36.052719611525866,481.5973228370983,145.20324513821348,416.99466978672126,2023-10-01,2025-10-06 10:50:25.824,14,0,0,0,0,1,0,0,1,1,1,1,0,0,0,0,0,1,0,0,0,1,0,0,0,0
CUS_0x2a03,145934.16,12446.18,0,5,3,1,20,3,9.42,30,1334.34,25.46101313379152,113.51602958470164,1388.9504028103104,32.15156760498826,2023-10-01,2025-10-06 10:50:25.824,17,4,0,0,0,1,0,0,0,0,0,0,1,0,0,0,0,0,1,0,0,0,1,0,0,0
CUS_0x1d1f,16774.54,1654.878333333333,8,3,16,3,6,10,17.38,100,156.87,30.81882211281991,22.19408862662877,23.944267801889023,369.3494769048156,2023-10-01,2025-10-06 10:50:25.824,17,2,1,0,0,1,0,0,0,1,0,1,0,0,0,0,1,0,0,0,1,0,0,0,0,0
CUS_0xc30b,96562.8,7671.250733745549,1,1,7,4,14,12,1.16,90,12.41,30.59799251787529,561.245879412068,626.8382420156872,133.75514482669462,2023-10-01,2025-10-06 10:50:25.824,24,9,0,0,0,1,1,0,0,1,0,0,1,0,0,1,0,0,0,0,0,0,0,0,0,1
CUS_0x8c7c,19997.78,1409.4816666666666,5,5,20,2,28,13,4.87,20,427.06,27.156426083006448,18.983796882362064,19.257164572659143,340.83487831760505,2023-10-01,2025-10-06 10:50:25.824,25,9,0,0,0,0,1,0,0,0,1,1,0,0,0,0,1,0,0,0,0,0,1,0,0,0
CUS_0x8f19,69981.32,5971.776666666668,6,10,27,6,51,15,29.04,130,2927.56,24.35279512632536,256.2366714771382,459.9986146505633,160.94238053896532,2023-10-01,2025-10-06 10:50:25.824,6,2,0,1,1,0,1,0,1,0,0,1,0,0,0,0,0,0,1,0,0,0,0,1,0,0
CUS_0x6819,71936.88,5906.740000000002,5,6,12,7,9,13,13.04,80,2644.2,38.37802711688932,387.77050268254976,346.99648113651114,125.9070161809392,2023-10-01,2025-10-06 10:50:25.824,12,0,1,0,1,1,1,0,1,0,1,1,0,0,0,0,1,0,0,0,0,0,0,0,1,0
CUS_0x60c0,19741.36,1543.1133333333337,4,5,15,6,13,8,11.46,100,1250.19,33.74370450160685,87.43157793942932,133.14421442734334,203.73554096656068,2023-10-01,2025-10-06 10:50:25.824,11,6,0,1,0,1,0,1,0,0,1,1,0,0,0,0,1,0,0,0,0,0,0,0,1,0
CUS_0x9860,39135.0,3036.25,6,10,20,6,20,24,3.34,140,1265.94,26.94365227841876,145.54198093372003,311.1449465971315,313.49784353990526,2023-10-01,2025-10-06 10:50:25.824,7,9,0,1,0,0,1,1,0,1,0,1,0,0,0,0,0,1,0,0,1,0,0,0,0,0
CUS_0x9eec,126849.18,10511.765,2,3,3,0,11,6,3.04,80,518.4,39.41227284910044,0.0,183.1799496987317,1107.9965503012684,2023-10-01,2025-10-06 10:50:25.824,28,10,0,0,0,0,0,0,0,0,0,0,1,0,0,1,0,0,0,0,0,1,0,0,0,0
CUS_0x33ea,9566.58,856.215,5,7,14,5,11,14,12.47,110,1233.05,30.114852761599693,39.51316414666177,62.82927684937539,253.27905900396286,2023-10-01,2025-10-06 10:50:25.824,15,5,1,1,0,0,0,0,1,1,0,0,0,0,0,0,1,0,0,0,0,0,0,0,1,0
CUS_0x52cb,93189.93,8037.8275,2,2,3,3,7,14,10.65,30,114.44,33.707570104904555,144.67094715527253,128.98526204180268,770.1265408029248,2023-10-01,2025-10-06 10:50:25.824,32,9,1,0,0,1,1,0,0,0,0,0,1,0,0,1,0,0,0,0,0,1,0,0,0,0
CUS_0xac54,35149.91,2703.159166666667,4,6,15,0,15,9,8.0,10,476.09,38.82680537110996,0.0,97.39083287916188,462.92508378750483,2023-10-01,2025-10-06 10:50:25.824,22,0,0,0,0,0,0,0,0,0,0,1,0,0,0,0,1,0,0,0,0,0,1,0,0,0
CUS_0xb122,106949.49,8988.4575,3,5,1,0,22,9,10.04,0,869.45,26.64826067027976,0.0,221.85739237120828,916.9883576287918,2023-10-01,2025-10-06 10:50:25.824,16,9,0,0,0,0,0,0,0,0,0,0,1,0,0,1,0,0,0,0,0,1,0,0,0,0
CUS_0x23b5,9491.02,865.9183333333334,9,9,24,6,32,24,7.91,70,4836.24,32.15231028405832,26.27051721841384,52.9907440115636,297.33057210335585,2023-10-01,2025-10-06 10:50:25.824,3,10,0,0,1,0,0,0,0,1,1,1,0,0,0,0,0,1,0,0,0,0,1,0,0,0
CUS_0x24d4,41797.94,3618.161666666667,1,191,3,3,4,2,5.36,90,1253.67,25.49100896309556,73.43045136259559,217.66158882825283,360.7241264758184,2023-10-01,2025-10-06 10:50:25.824,30,9,0,0,0,0,1,0,0,1,0,0,1,0,0,1,0,0,0,0,0,0,1,0,0,0
CUS_0x469a,11978.875,825.2395833333335,4,6,11,4,15,13,3.3,30,411.37,34.837788336282195,38.34096157060867,49.12553536484773,265.05746139787686,2023-10-01,2025-10-06 10:50:25.824,25,3,0,0,1,0,0,0,1,0,0,0,1,0,0,0,1,0,0,0,0,0,0,0,1,0
CUS_0x6c88,103495.68,8611.64,7,6,8,7,15,7,19.79,50,482.64,24.00911561396588,427.14418285899177,650.9949285297317,63.024888611276424,2023-10-01,2025-10-06 10:50:25.824,7,6,1,1,0,0,1,1,0,0,0,1,0,0,0,0,1,0,0,0,0,0,0,1,0,0
CUS_0x7efe,126382.92,10386.91,5,3,9,3,23,8,4.53,0,753.87,30.18889949152318,248.8965580630314,520.6864821986377,549.107959738331,2023-10-01,2025-10-06 10:50:25.824,22,8,0,1,0,0,0,1,0,1,0,0,1,0,0,1,0,0,0,0,0,0,0,1,0,0
CUS_0x9412,48428.10000000001,4242.675000000001,6,5,34,9,38,22,5.89,90,4152.95,27.697816699927483,192.0799905277088,277.8495443256117,234.3379651466796,2023-10-01,2025-10-06 10:50:25.824,5,9,0,1,1,0,1,1,1,0,0,1,0,0,0,0,0,1,0,0,0,0,0,1,0,0
CUS_0xba01,17844.81,1309.0675,6,5,23,6,20,17,27.47,110,3962.26,32.244230889519216,54.95751568179575,85.65034784211464,250.29888647608962,2023-10-01,2025-10-06 10:50:25.824,3,0,0,0,1,0,1,0,1,0,1,1,0,0,0,0,0,0,1,1,0,0,0,0,0,0
CUS_0xc47c,33652.17,2602.3475,2,5,8,1,13,10,4.07,10,306.53,36.829352149583286,18.995376822357155,222.04032794541772,309.1990452322251,2023-10-01,2025-10-06 10:50:25.824,16,3,0,0,0,0,0,0,0,0,1,0,1,0,0,1,0,0,0,0,0,0,1,0,0,0
CUS_0xc54a,10340.695,694.7245833333333,3,4,8,7,11,16,17.78,40,812.34,33.78735106760924,57.402517096507,28.234636865788364,243.835304371038,2023-10-01,2025-10-06 10:50:25.824,14,5,1,1,1,0,0,0,0,1,1,0,0,0,0,0,0,0,1,1,0,0,0,0,0,0
CUS_0x19d4,22751.59,1759.9658333333334,7,5,12,4,13,14,6.75,30,1429.63,26.18023249267971,38.35028233020224,89.80981176684256,327.8364892362885,2023-10-01,2025-10-06 10:50:25.824,20,10,0,0,1,1,0,0,1,0,0,0,1,0,0,0,0,0,1,0,0,0,0,1,0,0
CUS_0x5be9,125788.8,10621.4,5,1,4,1,12,11,7.63,40,1454.08,34.174221734998184,64.0646711545989,429.3062621776909,818.7690666677103,2023-10-01,2025-10-06 10:50:25.824,25,6,1,0,0,0,0,0,0,0,0,0,1,0,0,0,0,0,1,0,1,0,0,0,0,0
CUS_0x6c83,31938.39,2140.545816356962,4,7,19,2,14,8,4.73,20,1351.51,28.828691099949054,389.35988045579046,100.0655149187826,365.2145382684648,2023-10-01,2025-10-06 10:50:25.824,26,1,0,1,0,0,0,0,0,0,0,0,1,0,0,0,1,0,0,1,0,0,0,0,0,0
CUS_0x5e70,95849.16,7822.43,4,3,11,0,8,18,4.74,30,596.66,30.323216563972693,0.0,69.89215287304584,952.3508471269542,2023-10-01,2025-10-06 10:50:25.824,18,5,0,0,0,0,0,0,0,0,0,0,1,0,0,0,1,0,0,0,0,1,0,0,0,0
CUS_0x8fd9,7531.855,573.6545833333333,6,5,18,9,34,23,24.1,60,4575.47,31.516569560405337,55.03451567780117,11.122677603888006,241.20826505164416,2023-10-01,2025-10-06 10:50:25.824,2,11,1,0,0,1,1,1,1,0,1,1,0,0,0,0,0,1,0,0,1,0,0,0,0,0
CUS_0x32c7,18873.52,1625.793333333333,8,5,16,2,30,26,4.01,60,2662.69,39.28255777497755,23.83856034773879,66.49170485466266,362.24906813093185,2023-10-01,2025-10-06 10:50:25.824,6,4,1,0,0,0,0,0,0,1,0,1,0,0,0,0,0,1,0,0,0,0,1,0,0,0
CUS_0x3b5d,30743.6,2557.9666666666667,5,4,5,1,23,16,14.76,50,401.53,26.222281223959524,20.42494218219954,53.68821759914816,421.683506885319,2023-10-01,2025-10-06 10:50:25.824,7,10,0,0,0,0,0,0,0,0,1,1,0,0,0,0,1,0,0,0,0,1,0,0,0,0
CUS_0x3cfa,31751.83,2574.9858333333336,5,4,18,3,24,12,18.76,80,110.73,26.1082048635348,58.00693710610064,56.892142900284774,402.599503326948,2023-10-01,2025-10-06 10:50:25.824,24,3,0,0,1,0,0,1,0,1,0,1,0,0,0,0,0,0,1,1,0,0,0,0,0,0
CUS_0xc18e,172205.96,14293.496666666664,2,2,7,2,15,4,6.62,40,1224.88,37.7595787524215,175.60376379816884,386.61798655607276,1117.1279163124254,2023-10-01,2025-10-06 10:50:25.824,25,6,0,0,0,1,0,0,1,0,0,0,0,0,0,1,0,0,0,0,1,0,0,0,0,0
CUS_0x5fd3,15266.8,1000.2333333333332,5,6,17,7,29,19,14.24,90,877.84,37.26370453415917,79.94678081848903,65.62236179771354,244.4541907171308,2023-10-01,2025-10-06 10:50:25.824,16,8,1,1,0,1,0,1,1,1,0,0,0,0,0,0,1,0,0,0,0,0,1,0,0,0
CUS_0x5d46,36898.49,2827.874166666666,6,3,20,4,30,11,11.27,60,328.45,25.45421123440464,109.91014423374708,10000.0,186.35334929259704,2023-10-01,2025-10-06 10:50:25.824,31,11,0,1,1,0,1,1,0,0,0,0,1,0,0,0,1,0,0,0,0,0,1,0,0,0
CUS_0x74d5,20821.8,2010.15,5,6,9,2,30,9,2.2300000000000004,19920,1485.97,37.17426254734451,21.189696963670038,84.63849540002664,247.8316095752052,2023-10-01,2025-10-06 10:50:25.824,27,4,0,0,1,0,0,0,0,1,0,0,1,0,0,1,0,0,0,0,0,0,1,0,0,0
CUS_0xb079,78570.64,6425.553333333332,6,7,22,9,53,18,17.65,130,2627.87,37.59265634525662,449.88873066708135,102.4768290520948,340.18977361415716,2023-10-01,2025-10-06 10:50:25.824,1,11,0,0,0,1,1,1,1,0,1,0,0,0,0,0,0,1,0,0,1,0,0,0,0,0
CUS_0x5709,68140.20000000001,5891.350000000001,3,5,14,0,21,17,6.3,50,204.73,38.9706317158752,0.0,311.10437845030253,538.0306215496977,2023-10-01,2025-10-06 10:50:25.824,28,6,0,0,0,0,0,0,0,0,0,0,1,0,0,0,1,0,0,1,0,0,0,0,0,0
CUS_0x2d88,97420.86,7838.405,6,7,20,4,22,15,1.08,60,619.58,24.19217827876448,179.02114630812974,381.6875127611006,493.13184093076967,2023-10-01,2025-10-06 10:50:25.824,28,8,0,0,1,1,0,1,0,0,0,0,1,0,0,0,1,0,0,0,0,0,0,0,1,0
CUS_0x840a,21302.97,1799.2475000000004,8,3,15,0,19,18,12.52,40,481.28,30.33448360286654,48.939246188939286,97.96171741849363,293.02378639256716,2023-10-01,2025-10-06 10:50:25.824,32,10,0,0,0,0,0,1,0,1,1,0,0,0,0,0,0,0,1,1,0,0,0,0,0,0
CUS_0xa106,30470.59,2518.215833333333,3,5,12,0,5,5,11.82,30,554.31,33.76281696101483,82.25597157030113,123.99173317143342,325.5738785915988,2023-10-01,2025-10-06 10:50:25.824,25,11,0,1,0,0,0,0,0,1,1,0,1,0,0,1,0,0,0,0,0,0,0,1,0,0
CUS_0xc36d,119433.42,10099.785,0,3,2,3,15,12,7.22,40,945.3,24.4932616366254,256.3437451301502,934.2922330109106,99.34252185893922,2023-10-01,2025-10-06 10:50:25.824,26,5,1,0,0,1,0,0,0,0,1,0,1,0,0,0,0,0,1,0,0,0,0,1,0,0
CUS_0x9ae8,86058.54,7140.544999999999,1,5,9,1,15,1,7.77,20,28.15,35.922448912120146,60.0754093844799,85.96596978299569,808.0131208325245,2023-10-01,2025-10-06 10:50:25.824,17,3,0,0,0,0,0,1,0,0,0,0,0,0,0,1,0,0,0,0,0,1,0,0,0,0
CUS_0x12e7,46874.85000000001,4082.237500000001,9,5,15,0,50,21,8.0,90,1913.66,34.61525702569519,70.54051853521419,146.9862280573053,460.6970034074806,2023-10-01,2025-10-06 10:50:25.824,17,10,0,0,0,1,0,0,0,1,0,1,0,0,0,0,0,1,0,0,0,0,0,0,1,0
CUS_0x6d17,35942.96,3081.2466666666664,4,3,20,4,3,15,2.92,40,707.38,37.10477786684145,116.01955324194746,93.02829772858776,369.07681569613146,2023-10-01,2025-10-06 10:50:25.824,26,10,1,1,0,0,1,0,0,1,0,0,1,0,0,0,1,0,0,0,0,0,0,0,1,0
CUS_0xb333,61699.1,5010.591666666666,4,4,12,0,11,4,8.51,50,1320.78,35.96724107710139,0.0,46.70620938847339,694.3529572781932,2023-10-01,2025-10-06 10:50:25.824,29,4,0,0,0,0,0,0,0,0,0,0,1,0,0,1,0,0,0,0,0,1,0,0,0,0
CUS_0xbec2,9133.965,494.1637500000001,6,10,21,6,12,9,8.13,90,2552.06,36.256984406694095,41.7397629034578,16.807230412619404,260.8693816839228,2023-10-01,2025-10-06 10:50:25.824,12,9,1,0,0,1,1,0,1,1,0,1,0,0,0,0,1,0,0,0,0,0,0,0,1,0
CUS_0x3c0b,18331.415,1722.6179166666668,2,615,3,3,11,10,2.84,10,1012.22,35.715546029816906,37.525290994894746,230.1543311405976,194.58216953117432,2023-10-01,2025-10-06 10:50:25.824,29,5,0,0,1,0,0,1,0,0,0,0,1,0,0,0,0,0,1,0,0,0,1,0,0,0
CUS_0x6c27,56797.38,4784.115,6,4,18,5,12,14,10.72,120,2279.72,35.356514124338496,141.72183538819058,171.52193913274078,455.1677254790686,2023-10-01,2025-10-06 10:50:25.824,16,6,1,0,0,1,1,1,0,0,0,0,0,0,0,0,0,0,1,0,0,0,1,0,0,0
CUS_0x963e,112302.04,9220.503333333332,4,6,6,3,12,12,0.0,60,734.94,37.08077898129703,269.76107296541,226.3109616076485,665.9782987602747,2023-10-01,2025-10-06 10:50:25.824,30,6,0,1,0,0,0,1,0,0,0,0,1,0,0,1,0,0,0,0,0,1,0,0,0,0
CUS_0xb037,12287.43,1119.9525,4,3,19,2,8,13,12.21,70,1271.65,34.47906574780505,14.308027962112543,98.98821738103838,288.69900465684907,2023-10-01,2025-10-06 10:50:25.824,6,6,0,0,0,0,0,1,1,0,0,0,0,0,0,0,1,0,0,0,0,0,1,0,0,0
CUS_0xb6e6,108680.19,9282.6825,8,7,5,1,13,10,12.26,50,1439.29,32.158014770792704,60.640898008109744,260.60397119695784,857.0233807949326,2023-10-01,2025-10-06 10:50:25.824,17,5,1,0,0,0,0,0,0,0,0,1,0,0,0,0,0,0,1,0,1,0,0,0,0,0
CUS_0xb867,86408.13,7257.677500000002,0,6,6,0,12,3,2.38,40,646.89,41.11440353174304,0.0,176.50934323516938,789.2584067648307,2023-10-01,2025-10-06 10:50:25.824,24,7,0,0,0,0,0,0,0,0,0,0,1,0,0,1,0,0,0,0,0,1,0,0,0,0
CUS_0x2d62,10024.25,812.6367936563278,9,5,22,8,43,2323,19.82,140,3038.04,26.575871616057164,108.54608285536531,93.22417228747163,220.88253453416849,2023-10-01,2025-10-06 10:50:25.824,8,2,1,0,1,1,1,0,0,1,0,0,0,0,0,0,0,1,0,0,0,0,1,0,0,0
CUS_0x3aaa,51580.68000000001,4139.39,5,6,10,6,26,10,19.9,40,1475.3,22.36001391162757,219.3084503844329,173.23545490285557,271.3950947127116,2023-10-01,2025-10-06 10:50:25.824,20,0,1,0,0,1,1,1,1,0,0,1,0,0,0,0,1,0,0,0,1,0,0,0,0,0
CUS_0x7641,47504.49,3760.7075,8,7,28,6,47,15,22.55,80,2515.23,37.83103044601168,146.04816029066598,105.1312854973486,374.89130421198547,2023-10-01,2025-10-06 10:50:25.824,11,9,1,1,0,0,1,0,0,0,1,1,0,0,0,0,0,0,1,0,1,0,0,0,0,0
CUS_0xedb,46469.28,4038.44,9,5,24,2,34,9,14.07,120,2660.96,28.766006284440607,59.311123581017526,265.31387063853094,307.38688026784666,2023-10-01,2025-10-06 10:50:25.824,8,6,0,1,0,1,0,0,0,0,0,1,0,0,0,0,1,0,0,0,0,0,1,0,0,0
CUS_0x628,17889.405,1244.7837499999996,1,728,4,4,3,5,0.93,70,1035.28,27.659719343386406,57.33850242334994,65.05232252789267,292.08755004875735,2023-10-01,2025-10-06 10:50:25.824,27,11,0,1,1,0,0,0,1,0,0,0,0,0,0,0,0,0,1,0,0,0,1,0,0,0
CUS_0x7feb,70543.77,5986.6475,713,5,16,4,16,15,18.68,70,1395.86,32.498501961396656,218.011095886998,105.0056619089192,515.6479922040828,2023-10-01,2025-10-06 10:50:25.824,24,4,1,0,0,0,1,0,1,0,0,1,0,0,0,0,1,0,0,0,0,0,0,0,0,1
CUS_0xa4b6,1.3090136E7,3866.785,9,8,30,3,21,18,2.61,120,1868.46,31.732072199468234,113.64995046219836,104.76651488033102,448.2620346574706,2023-10-01,2025-10-06 10:50:25.824,10,2,1,1,0,0,0,0,0,1,0,1,0,0,0,0,0,1,0,0,0,0,0,1,0,0
CUS_0xc096,136399.96,11510.663333333332,6,54,19,1,20,12,12.31,25440,347.51,39.23231867330558,61.00673398374165,1212.4129201690464,167.6466791805451,2023-10-01,2025-10-06 10:50:25.824,7,6,0,0,0,1,0,0,0,0,0,1,0,0,0,0,1,0,0,0,0,0,0,0,0,1
CUS_0x5b70,83378.2,5677.794920618638,4,5,642,0,25,8,2.86,10,401.7,29.96399943288473,978.3884127146954,91.18543434523956,814.4328989880937,2023-10-01,2025-10-06 10:50:25.824,26,5,0,0,0,0,0,0,0,0,0,0,1,0,0,0,1,0,0,0,0,1,0,0,0,0
CUS_0x754d,19891.58,1387.2866420545497,4,300,7,4,15,12,3.12,20,320.29,39.08607854624985,187.26952950125855,117.16380168076832,265.47486009675686,2023-10-01,2025-10-06 10:50:25.824,29,0,1,0,1,0,0,0,1,0,0,0,1,0,0,1,0,0,0,0,0,0,1,0,0,0
CUS_0x8132,75455.34,6116.945,3,6,11,1,24,13,9.77,80,68.09,28.350773499864825,60.42174273137702,277.5692087071276,533.7035485614954,2023-10-01,2025-10-06 10:50:25.824,7,9,0,0,0,0,1,0,0,0,0,1,0,0,0,0,0,0,1,1,0,0,0,0,0,0
CUS_0x5625,125155.2,10231.6,1,4,9,3,21,7,10.7,20,50.83,30.56243184160686,169.62722750981052,134.95984164023022,958.5729308499592,2023-10-01,2025-10-06 10:50:25.824,26,6,1,1,0,0,0,1,0,0,0,0,1,0,0,1,0,0,0,0,0,1,0,0,0,0
CUS_0x8974,134150.0,10886.166666666666,4,3,10,2,13,1,1.51,50,1295.2,31.66734349172133,201.7341927507147,287.4382703275609,859.4442035883909,2023-10-01,2025-10-06 10:50:25.824,16,3,0,0,0,0,1,0,0,1,0,0,1,0,0,1,0,0,0,1,0,0,0,0,0,0
CUS_0x2958,130045.95,11053.1625,5,1,3,3,3,2508,9.99,40,689.42,23.818624668279675,237.022079809697,1311.486186238766,700.1811164518425,2023-10-01,2025-10-06 10:50:25.824,20,0,0,0,0,1,0,1,0,1,0,0,1,0,0,0,0,0,1,0,0,0,1,0,0,0
CUS_0x7d57,122434.23,10004.8525,3,2,5,3,14,2,7.33,30,321.9,28.309992941602037,297.04924410317983,120.87649012068458,822.5595157761358,2023-10-01,2025-10-06 10:50:25.824,16,5,0,0,1,0,0,0,1,1,0,0,1,0,0,1,0,0,0,0,0,1,0,0,0,0
CUS_0xb4ca,34319.66,2876.971666666667,10,8,22,7,31,20,21.47,100,4300.4,32.9544087081487,188.4758041929012,108.56803989157345,250.6533225821921,2023-10-01,2025-10-06 10:50:25.824,2,5,1,1,0,1,0,1,0,1,1,1,0,0,0,0,0,1,0,1,0,0,0,0,0,0
CUS_0xac3b,35249.28,2667.44,0,4,2,4,4,7,1.55,20,1033.32,32.073001335661566,114.31314614871864,107.32509811509784,295.10575573618354,2023-10-01,2025-10-06 10:50:25.824,27,5,0,1,0,1,0,0,0,0,1,0,0,0,0,0,0,0,1,0,1,0,0,0,0,0
CUS_0x4057,39242.1,3229.175,4,2,4,0,9,4,1.0099999999999998,30,772.08,35.462364526381954,0.0,275.55031983357424,337.36718016642584,2023-10-01,2025-10-06 10:50:25.824,22,9,0,0,0,0,0,0,0,0,0,0,1,0,0,1,0,0,0,0,0,0,1,0,0,0
CUS_0x5a1b,14709.295,969.7745833333332,1,6,11,2,11,2,18.29,70,557.78,30.34962992436284,23875.0,118.04291206638949,251.3348716541832,2023-10-01,2025-10-06 10:50:25.824,20,5,0,0,0,0,0,1,1,0,0,0,1,0,0,1,0,0,0,0,0,0,1,0,0,0
CUS_0x2595,14688.4,1056.0333333333333,7,6,8,3,27,15,14.68,50,936.02,23.634675185151835,24.35419766532491,49.287452642212436,291.961683025796,2023-10-01,2025-10-06 10:50:25.824,11,6,0,0,0,0,0,1,0,0,1,1,0,0,0,0,1,0,0,1,0,0,0,0,0,0
CUS_0x4abd,94465.32,8043.1100000000015,3,7,7,0,20,14,6.57,30,566.77,25.528064338863985,181.03409878469108,630.2326797079103,273.0442215073989,2023-10-01,2025-10-06 10:50:25.824,30,9,1,0,0,1,0,0,0,1,1,0,1,0,0,0,1,0,0,0,0,0,0,0,0,1
CUS_0x4c2,17569.69,1440.1408333333331,6,7,5,4,23,9,11.56,100,1135.31,33.9593929032513,47.5990990637336,23.50837797281965,312.90660629678007,2023-10-01,2025-10-06 10:50:25.824,18,4,0,0,0,0,1,1,1,0,0,1,0,0,0,0,0,0,1,0,0,1,0,0,0,0
CUS_0x5915,9313.8,1019.15,10,1349,24,9,18,24,1.86,90,2879.88,30.709136438369217,36.47355094540298,41.522397704329705,293.9190513502673,2023-10-01,2025-10-06 10:50:25.824,12,3,0,0,1,1,1,1,1,1,0,1,0,0,0,0,0,1,0,0,0,0,0,0,1,0
CUS_0x69f0,86638.52,7333.876666666668,1,4,4,4,8,11,5.37,10,1007.84,33.46368606308231,241.81344828971655,65.20746107737013,666.3667572995802,2023-10-01,2025-10-06 10:50:25.824,27,8,0,1,0,1,0,1,0,0,1,0,0,0,0,0,0,0,1,0,0,1,0,0,0,0
CUS_0x6f40,82995.82,7092.318333333334,2,2,10,2,4,10,2.05,6150,1424.11,34.77061847789192,87.41803795286434,254.4427154256691,617.3710799547998,2023-10-01,2025-10-06 10:50:25.824,27,10,1,0,0,0,0,0,1,0,0,0,1,0,0,1,0,0,0,0,0,0,0,0,0,1
CUS_0xafce,40063.22,3305.601666666667,2,5,11,3,15,10,11.37,20,883.31,33.54905055967273,90.56267750769037,105.77079622536729,384.22669293360906,2023-10-01,2025-10-06 10:50:25.824,28,3,0,0,0,1,0,1,0,1,0,0,1,0,0,0,0,0,1,0,0,0,0,0,0,1
CUS_0x7e3e,80932.92,6759.41,9,7,22,4,62,25,7.22,60,2696.09,30.190940143063397,192.81087769599893,91.69376617336235,631.4363561306387,2023-10-01,2025-10-06 10:50:25.824,16,4,0,0,1,0,1,0,0,1,0,1,0,0,0,0,0,0,1,0,0,1,0,0,0,0
CUS_0xd46,34693.86,2718.155,1,5,3,1,8,4,10.99,70,1400.6,32.826322879575514,16.78352527508867,344.0603635964565,200.9716111284548,2023-10-01,2025-10-06 10:50:25.824,28,2,0,0,1,0,0,0,0,0,0,0,1,0,0,1,0,0,0,0,0,0,1,0,0,0
CUS_0x6e47,17727.93,1349.3275,6,5,15,4,4,18,14.8,80,1017.2,32.234093583873445,37.831855121142205,43.17958644085482,333.921308438003,2023-10-01,2025-10-06 10:50:25.824,26,3,1,0,1,0,0,1,0,1,0,1,0,0,0,0,1,0,0,0,0,0,0,1,0,0
CUS_0xa7d0,70913.4,6126.45,8,4,12,3,15,12,3.24,20,908.97,33.248781317118905,60212.0,80.5843005476798,617.5165602027953,2023-10-01,2025-10-06 10:50:25.824,22,8,1,1,0,0,0,0,1,0,0,0,1,0,0,1,0,0,0,0,0,1,0,0,0,0
CUS_0xba63,22318.49,2130.8741666666665,5,2,7,3,8,0,4.86,0,947.41,37.990307638870746,39.91728359236453,282.9161911829662,180.25394189133598,2023-10-01,2025-10-06 10:50:25.824,18,10,0,0,0,0,0,0,0,1,1,0,1,0,0,1,0,0,0,0,0,0,1,0,0,0
CUS_0xae93,19357.89,1364.1575,8,10,15,6,40,23,21.46,90,4064.81,35.59027974678882,90.72351539307294,89.51013778960619,246.18209681732085,2023-10-01,2025-10-06 10:50:25.824,11,2,1,0,1,1,1,1,0,1,0,1,0,0,0,0,0,1,0,0,0,0,1,0,0,0
CUS_0x288d,30748.93,2572.410833333333,1,6,12,2,10,3,4.21,90,860.97,32.189417772805704,43.72777398675976,269.9842239201228,233.52908542645082,2023-10-01,2025-10-06 10:50:25.824,19,6,0,0,0,0,0,0,1,1,0,0,1,0,0,0,0,0,1,0,0,0,1,0,0,0
CUS_0x39d3,9387.13,866.2608333333333,7,7,13,6,23,8,12.12,60,1604.6,22.366938649722236,41.932233965046784,41.71546340980903,282.97838595847753,2023-10-01,2025-10-06 10:50:25.824,12,8,1,1,0,1,1,0,0,1,0,1,0,0,0,0,1,0,0,0,0,0,0,1,0,0
CUS_0x446a,119902.4,10202.866666666669,5,4,11,1,4,7,0.82,0,1037.85,37.026655160957546,93.3367829127304,732.7969265771387,464.1529571767977,2023-10-01,2025-10-06 10:50:25.824,31,2,0,0,0,0,0,0,0,1,0,0,1,0,0,1,0,0,0,0,0,0,0,0,1,0
CUS_0x48e4,28497.43,2086.785833333333,0,6,1,3,12,4,8.51,0,1261.74,39.81362495226409,46.09619340261104,70.15559025528957,342.4267996754327,2023-10-01,2025-10-06 10:50:25.824,32,10,0,0,0,1,0,0,0,1,0,0,1,0,0,1,0,0,0,0,1,0,0,0,0,0
CUS_0x6e23,66560.22,5369.685,5,7,20,2,28,16,8.93,0,837.34,28.97550434649888,80.29199979452855,54.47751516055276,642.1989850449188,2023-10-01,2025-10-06 10:50:25.824,30,11,0,0,0,0,0,1,0,1,0,1,0,0,0,0,0,0,1,0,0,1,0,0,0,0
CUS_0xb863,23256.59,1892.049166666667,6,7,7,4,13,22,3.41,40,1216.75,33.76269353609585,56.058767523323525,126.88412501499157,296.26202412835164,2023-10-01,2025-10-06 10:50:25.824,16,8,0,1,1,0,0,1,0,1,0,1,0,0,0,0,0,0,1,0,0,0,0,0,0,1
CUS_0x44e9,19656.96,1339.08,8,6,32,9,62,19,7.88,130,2525.19,26.69562440002257,108.02902901921296,31.91223027964569,253.96674070114133,2023-10-01,2025-10-06 10:50:25.824,3,8,1,0,1,1,0,1,1,1,0,1,0,0,0,0,0,1,0,1,0,0,0,0,0,0
CUS_0x696c,11032.075,790.3395833333334,8,3,13,2,5,11,8.86,70,1043.81,39.84294713305781,9.308119528078633,91.35887275998388,268.36696604527083,2023-10-01,2025-10-06 10:50:25.824,25,3,1,0,0,0,0,0,0,1,0,1,0,0,0,0,1,0,0,0,0,0,1,0,0,0
CUS_0x3934,14787.01,1524.250833333333,7,7,33,5,40,16,28.77,110,2975.16,23.23758702531176,48.33910161048432,96.20988192303656,287.87609979981244,2023-10-01,2025-10-06 10:50:25.824,5,6,0,0,1,1,0,1,0,1,1,1,0,0,0,0,0,1,0,0,0,0,0,1,0,0
CUS_0x5454,60788.82,4851.735,8,7,14,0,29,10,0.96,60,1463.41,35.931005026218095,0.0,184.297059196393,590.8764408036069,2023-10-01,2025-10-06 10:50:25.824,17,3,0,0,0,0,0,0,0,0,0,0,1,0,0,0,1,0,0,0,0,0,1,0,0,0
CUS_0x8bd3,14982.1,1407.5083333333334,7,10,19,6,51,22,7.23,170,4224.63,35.33483254865095,68.48816373835726,91.90222069168837,260.3604489032877,2023-10-01,2025-10-06 10:50:25.824,10,5,1,0,0,0,0,1,1,1,1,1,0,0,0,0,0,1,0,0,0,0,0,1,0,0
CUS_0x95e7,7080.7,358.0583333333333,9,9,20,8,25,22,24.58,90,3011.81,30.36353300364932,35.015311132050165,34.63343715543564,246.15708504584754,2023-10-01,2025-10-06 10:50:25.824,5,8,1,0,0,1,1,1,0,1,1,0,0,0,0,0,0,1,0,0,0,0,0,1,0,0
CUS_0xc4e7,53860.98,4260.415,4,7,15,0,17,8,10.82,60,1356.1,39.82130883474662,20083.0,326.66829917969295,389.37320082030715,2023-10-01,2025-10-06 10:50:25.824,16,2,0,0,0,0,0,0,0,0,0,1,0,0,0,0,1,0,0,0,0,0,1,0,0,0
CUS_0x215f,29764.37,2500.3641666666667,7,7,12,2,13,1820,11.35,0,1154.86,31.886596318900448,33.1469955912622,247.89758259895402,258.99183847645054,2023-10-01,2025-10-06 10:50:25.824,28,5,1,0,0,0,0,0,0,1,0,1,0,0,0,0,1,0,0,0,0,0,1,0,0,0
CUS_0x2b61,33606.82,3025.568333333333,7,5,19,0,27,9,4.36,20,1295.38,35.511705318596675,0.0,70.81388506123595,471.7429482720974,2023-10-01,2025-10-06 10:50:25.824,24,5,0,0,0,0,0,0,0,0,0,1,0,0,0,0,1,0,0,0,0,0,0,0,0,1
CUS_0x67ec,77245.47,6671.1225,2,5,18,3,30,18,13.53,90,1251.67,28.769761780186705,119.4671640720801,89.48576255083401,698.159323377086,2023-10-01,2025-10-06 10:50:25.824,23,9,0,1,1,0,1,0,0,0,0,1,0,0,0,0,1,0,0,0,0,1,0,0,0,0
CUS_0x6d1e,16144.57,1280.3808333333334,6,6,27,5,32,21,8.65,120,1496.51,23.79154104539617,34.30780765270937,61.73762240618277,311.9926532744412,2023-10-01,2025-10-06 10:50:25.824,18,3,0,0,0,1,0,1,0,1,0,1,0,0,0,0,0,1,0,0,0,0,0,1,0,0
CUS_0x2faa,46092.75,3683.0625,9,6,24,6,46,19,22.19,130,4567.18,31.59987856067572,144.51762508594848,271.68413355052695,232.10449136352463,2023-10-01,2025-10-06 10:50:25.824,6,11,1,0,1,0,1,0,0,0,1,1,0,0,0,0,0,1,0,0,0,0,0,1,0,0
CUS_0xb16c,38261.7,3088.475,6,4,12,4,28,14,4.59,0,1194.12,34.699552161213695,84.70736007338705,145.27229079541294,338.86784913120005,2023-10-01,2025-10-06 10:50:25.824,26,4,0,1,1,0,1,0,0,0,1,0,1,0,0,0,1,0,0,1,0,0,0,0,0,0
CUS_0xa8c,29212.86,2494.405,5,4,7,1,8,8,11.16,40,37.16,26.00684531236124,19.328971997239503,249.90350887982345,270.20801912293706,2023-10-01,2025-10-06 10:50:25.824,19,6,0,0,1,0,0,0,0,0,0,0,1,0,0,1,0,0,0,0,0,0,1,0,0,0
CUS_0x1498,53869.44,4359.12,9,9,24,9,20,18,24.05,120,4404.08,26.43925976935648,253.212563285168,10000.0,292.0164258572154,2023-10-01,2025-10-06 10:50:25.824,9,10,1,0,0,1,0,1,1,0,1,1,0,0,0,0,0,1,0,0,1,0,0,0,0,0
CUS_0xdc8,28169.69,2171.4741666666664,7,3,15,0,14,15,10.95,80,330.54,28.69279131024068,0.0,55.70537938599856,401.4420372806681,2023-10-01,2025-10-06 10:50:25.824,29,4,0,0,0,0,0,0,0,0,0,0,1,0,0,0,1,0,0,0,0,1,0,0,0,0
CUS_0x2d03,15516.87,1396.0725,5,3,10,0,11,8,1.57,10,43.6,31.461706229904884,0.0,52.44700877830647,367.1602412216935,2023-10-01,2025-10-06 10:50:25.824,18,4,0,0,0,0,0,0,0,0,0,0,1,0,0,1,0,0,0,0,0,0,0,1,0,0
CUS_0xa630,12498.945,1173.57875,5,3,18,4,20,12,5.1,0,695.46,28.84934207712236,30.871491112229577,70.64593342892253,275.8404504588479,2023-10-01,2025-10-06 10:50:25.824,31,3,1,1,1,0,0,0,0,0,0,0,1,0,0,0,1,0,0,1,0,0,0,0,0,0
CUS_0x20e4,34500.97,3046.080833333333,5,1,3,4,3,11,4.4,30,1334.54,32.7405610385422,71.80862965018741,113.57795145618219,369.2215022269637,2023-10-01,2025-10-06 10:50:25.824,20,9,1,0,1,0,0,0,0,1,1,0,1,0,0,1,0,0,0,0,1,0,0,0,0,0
CUS_0x8033,13461.25,1276.7708333333333,7,3,11,3,22,18,6.16,30,1361.06,39.984461334777656,20.462421313453795,110.32972066670999,286.88494135316955,2023-10-01,2025-10-06 10:50:25.824,19,6,0,0,0,0,0,1,1,0,0,0,1,0,0,0,1,0,0,0,0,0,0,0,0,1
CUS_0x9c09,19296.415,1845.034583333333,1,5,12,3,2,11,1.11,30,1278.11,34.017439437763336,47.5248023558129,130.06897482090815,276.9096811566123,2023-10-01,2025-10-06 10:50:25.824,30,6,1,0,0,0,0,0,0,1,0,0,1,0,0,0,0,0,1,0,0,0,0,0,1,0
CUS_0x2858,123936.16,10558.013333333334,4,3,18,0,13,15,8.46,30,738.13,39.53823407884261,0.0,1060.434003610256,275.36732972307755,2023-10-01,2025-10-06 10:50:25.824,30,0,0,0,0,0,0,0,0,0,0,0,0,0,0,0,1,0,0,0,0,0,0,0,0,1
CUS_0x2b2a,59226.15,4780.5125,7,4,7,3,18,13,8.7,30,710.49,37.14052434785263,94.8841567962378,93.28219388911141,529.8848993146506,2023-10-01,2025-10-06 10:50:25.824,25,9,0,1,0,0,1,1,0,0,0,0,1,0,0,1,0,0,0,0,0,1,0,0,0,0
CUS_0x56ad,61352.64,5014.72,3,210,19,5,30,7,19.32,70,497.13,30.593827210779214,225.79745371982227,372.61355236036786,183.06099391980985,2023-10-01,2025-10-06 10:50:25.824,17,3,1,1,1,1,0,0,0,0,0,1,0,0,0,0,1,0,0,0,0,0,0,1,0,0
CUS_0x4398,14264.46,1091.705,7,7,14,6,30,15,14.54,70,659.07,25.439548091255254,60.27612820585646,10000.0,265.0144979633592,2023-10-01,2025-10-06 10:50:25.824,16,0,0,1,1,1,0,0,1,0,1,1,0,0,0,0,1,0,0,0,1,0,0,0,0,0
CUS_0xa95d,38690.04,3074.17,5,3,16,2,11,14,12.39,70,590.94,33.032405901237695,40.095337319239846,204.46265887064683,322.8590038101134,2023-10-01,2025-10-06 10:50:25.824,31,0,0,1,0,0,0,1,0,0,0,1,0,0,0,0,1,0,0,1,0,0,0,0,0,0
CUS_0xb61d,34962.32,2781.526666666666,3,639,9,3,13,7,1.49,10,1470.65,26.43086648281189,74.32387166694687,213.33830740589696,280.4904875938228,2023-10-01,2025-10-06 10:50:25.824,17,3,1,0,1,0,0,1,0,0,0,0,1,0,0,1,0,0,0,0,0,0,1,0,0,0
CUS_0x138e,85918.76,7210.896666666666,3,4,2,4,19,13,3.46,20,351.62,25.234645570850518,276.1133391293834,47.314427205140525,637.6619003321427,2023-10-01,2025-10-06 10:50:25.824,26,0,0,0,1,1,0,0,1,0,0,0,1,0,0,1,0,0,0,0,0,1,0,0,0,0
CUS_0x4eb6,134563.36,11153.613333333333,6,7,10,4,31,18,15.62,70,402.25,29.661059228569805,356.3315407915717,397.1549977697903,631.8747947719713,2023-10-01,2025-10-06 10:50:25.824,17,9,1,0,1,0,0,1,0,0,1,1,0,0,0,0,0,0,1,0,0,0,0,0,1,0
CUS_0x2a15,86771.08,7174.923333333332,8,3,18,5,29,19,19.24,80,85.79,35.01782870448998,218.81931419303203,281.90493406386,506.76808507644137,2023-10-01,2025-10-06 10:50:25.824,13,6,1,1,1,1,0,1,0,0,0,1,0,0,0,0,1,0,0,0,0,0,1,0,0,0
CUS_0xbf19,10352.745,861.7287500000001,3,5,6,7,27,17,15.99,80,343.41,24.34312354821525,36.62937697922437,113.91365677704135,225.62984124373432,2023-10-01,2025-10-06 10:50:25.824,5,8,1,0,0,1,0,1,0,0,1,1,0,0,0,0,0,0,1,0,0,0,1,0,0,0
CUS_0x4e3c,97961.96,8205.496666666666,4,6,6,0,7,10,6.46,30,750.95,40.300154867021824,0.0,104.65426299556765,955.8954036710992,2023-10-01,2025-10-06 10:50:25.824,28,9,0,0,0,0,0,0,0,0,0,0,1,0,0,0,0,0,1,0,0,1,0,0,0,0
CUS_0x9074,17685.73,1552.8108333333332,2,1,5,4,2,12,2.53,30,838.13,36.61736958389274,38.53351101415253,190.142549442424,216.60502287675686,2023-10-01,2025-10-06 10:50:25.824,17,2,1,1,0,0,0,1,0,1,0,0,1,0,0,1,0,0,0,0,0,0,1,0,0,0
CUS_0x1ffc,33089.51,3019.459166666667,4,3,10,1,19,10,9.32,40,557.02,28.03164818733003,15.654128837035088,43.78067083933071,492.5111169903009,2023-10-01,2025-10-06 10:50:25.824,27,9,0,0,0,0,1,0,0,0,0,1,0,0,0,0,1,0,0,0,1,0,0,0,0,0
CUS_0x4004,58317.0,4664.75,8,5,9,6,22,20,16.58,100,98.97,36.76366452604633,149.89719942100822,59.955987495996,506.62181308299586,2023-10-01,2025-10-06 10:50:25.824,13,8,1,0,0,1,0,0,1,0,0,1,0,0,0,0,1,0,0,0,1,0,0,0,0,0
CUS_0x513a,137048.56,11539.713333333331,3,3,19,4,30,9,8.54,40,439.34,40.24266450594615,300.95171635059467,474.771195723857,658.2484212588816,2023-10-01,2025-10-06 10:50:25.824,26,0,0,0,1,0,0,1,0,1,0,0,0,0,0,0,1,0,0,0,0,0,0,0,0,1
CUS_0x9ba5,88165.12,7547.093333333332,5,4,3,2,15,6,4.48,10,67.9,28.457176102023865,85.91595826365645,88.76930183516552,820.0240732345114,2023-10-01,2025-10-06 10:50:25.824,21,0,0,1,0,0,0,0,0,1,0,0,1,0,0,1,0,0,0,0,0,1,0,0,0,0
CUS_0x7ba0,39284.17,3072.6808333333333,4,1,3,0,18,2,10.29,40,1274.85,25.89106141695912,21.46038346571472,392.237944485725,183.56975538189369,2023-10-01,2025-10-06 10:50:25.824,16,0,0,0,0,0,1,0,0,0,0,0,1,0,0,1,0,0,0,0,0,0,1,0,0,0
CUS_0x1abb,70217.08,5874.423333333332,9,7,28,5,40,15,20.82,110,3100.0,27.245237386267394,168.95555188558828,138.93205472165036,529.5547267260946,2023-10-01,2025-10-06 10:50:25.824,9,10,1,1,1,0,1,0,0,0,1,1,0,0,0,0,0,1,0,0,1,0,0,0,0,0
CUS_0x944e,11834.645,688.2204166666667,5,7,10,2,27,13,15.62,100,1095.9,37.72863755464465,11.089574893795469,10000.0,299.233745111019,2023-10-01,2025-10-06 10:50:25.824,13,10,0,0,1,0,0,0,0,1,0,1,0,0,0,0,1,0,0,0,0,0,0,1,0,0
CUS_0xb014,83062.28,7162.856666666668,7,9,33,5,19,17,6.52,120,2173.72,36.39141326407277,176.31914130318046,150.5834497796626,649.3830755838236,2023-10-01,2025-10-06 10:50:25.824,17,4,0,0,1,0,1,1,1,0,0,1,0,0,0,0,0,1,0,1,0,0,0,0,0,0
CUS_0x275e,105860.04,8996.67,5,5,13,2,9,13,11.09,90,224.7,37.0510247118628,103.05856684084388,776.0683323402948,310.5401008188612,2023-10-01,2025-10-06 10:50:25.824,17,6,0,0,0,0,0,1,0,1,0,1,0,0,0,0,0,0,1,0,0,0,1,0,0,0
CUS_0x2f31,31460.89,2480.7408333333333,3,4,2,1,7,4,8.43,30,661.01,36.77235630293899,23.86391354085298,36.56771988040103,437.6424499120793,2023-10-01,2025-10-06 10:50:25.824,28,2,0,0,0,0,0,1,0,0,0,0,1,0,0,1,0,0,0,0,1,0,0,0,0,0
CUS_0xb450,580744.0,2911.4208333333336,1,2,9,365,13,8,11.34,40,1365.41,26.64145250230357,15.805626531230915,46.42576437523685,478.91069242686564,2023-10-01,2025-10-06 10:50:25.824,25,5,0,0,0,1,0,0,0,0,0,0,1,0,0,1,0,0,0,0,1,0,0,0,0,0
CUS_0x3d37,17096.48,1467.706666666667,3,4,5,0,15,10,0.97,70,728.06,29.83745355718275,0.0,32.70956262839483,374.0611040382719,2023-10-01,2025-10-06 10:50:25.824,21,9,0,0,0,0,0,0,0,0,0,0,1,0,0,1,0,0,0,1,0,0,0,0,0,0
CUS_0x4fc1,133424.52,10127.5481433759,4,5,8,0,7,2,17.380000000000006,20,523.83,40.78923061051202,915.1618566241,164.49721391862246,1179.7737860813775,2023-10-01,2025-10-06 10:50:25.824,31,1,0,0,0,0,0,0,0,0,0,0,1,0,0,1,0,0,0,0,0,1,0,0,0,0
CUS_0x744c,39912.02,3440.001666666666,6,7,11,0,18,12,4.8599999999999985,30,780.21,26.510867190424584,0.0,65.27849881740919,528.7216678492575,2023-10-01,2025-10-06 10:50:25.824,30,6,0,0,0,0,0,0,0,0,0,0,1,0,0,0,1,0,0,0,1,0,0,0,0,0
CUS_0xc653,21380.065,2005.672083333333,2,2,5,3,0,1,1.79,20,764.08,31.02205014053241,30.57084864529907,74.13857405104991,375.8577856369843,2023-10-01,2025-10-06 10:50:25.824,24,3,1,0,0,0,1,0,0,0,1,0,1,0,0,0,0,0,1,0,0,0,0,1,0,0
CUS_0x66fc,143829.16,12087.763333333334,7,7,18,4,12,11,11.98,100,106.92,38.94400026229116,372.7950058240231,585.1756315019259,520.8056960073845,2023-10-01,2025-10-06 10:50:25.824,20,5,0,0,0,0,1,1,0,0,1,0,0,0,0,0,1,0,0,0,0,0,0,0,1,0
CUS_0x8752,12050.595,1159.21625,6,4,20,1,16,13,2.59,50,144.29,28.870248714367516,7.167790767928642,25.59884678092664,333.15498745114473,2023-10-01,2025-10-06 10:50:25.824,29,10,0,0,0,0,1,0,0,0,0,0,1,0,0,0,1,0,0,0,1,0,0,0,0,0
CUS_0x9828,17535.65,1490.3041666666668,8,7,29,6,18,18,19.11,100,1485.54,38.00063661153502,81.70490745142334,90.39512447623508,236.9303847390083,2023-10-01,2025-10-06 10:50:25.824,20,8,0,1,1,0,0,0,1,1,1,1,0,0,0,0,1,0,0,1,0,0,0,0,0,0
CUS_0x6a5f,44464.37,3133.7959258580845,0,5,11,0,26,9,12.31,50,713.44,23.697299107023237,344.56824080858223,78.38421529169871,519.452201374968,2023-10-01,2025-10-06 10:50:25.824,22,2,0,0,0,0,0,0,0,0,0,0,1,0,0,1,0,0,0,0,1,0,0,0,0,0
CUS_0x6f8b,15629.225,1225.4354166666667,5,7,15,3,10,16,15.21,60,40.87,26.524560239485226,22.65433647760092,40.235309804088594,309.6538953849772,2023-10-01,2025-10-06 10:50:25.824,24,11,0,1,1,0,0,0,1,0,0,1,0,0,0,0,0,0,1,0,1,0,0,0,0,0
CUS_0x995b,85515.94,7246.328333333334,5,3,11,3,13,2,11.5,10,163.56,36.82367285689885,156.0468672498946,210.62499807081383,617.960968012625,2023-10-01,2025-10-06 10:50:25.824,24,4,0,0,0,0,1,0,0,1,0,0,1,0,0,1,0,0,0,1,0,0,0,0,0,0
CUS_0xb7a5,35417.25,3013.4375,3,5,7,0,12,14,13.96,50,701.43,27.44801998750765,0.0,106.57092815224823,444.7728218477517,2023-10-01,2025-10-06 10:50:25.824,18,8,0,0,0,0,0,0,0,0,0,1,0,0,0,0,1,0,0,0,1,0,0,0,0,0
CUS_0x340b,64790.24,5235.1866666666665,9,9,21,7,36,22,7.26,100,1654.05,36.4270576819161,322.9971758647293,177.22312766648437,273.2983631354531,2023-10-01,2025-10-06 10:50:25.824,7,9,0,0,1,0,1,1,1,0,0,1,0,0,0,0,0,1,0,0,1,0,0,0,0,0
CUS_0x3ec6,15838.8,1415.9,10,8,23,0,62,19,18.3,60,2289.44,26.53637534276262,57478.0,34.18692443049639,298.23285829427164,2023-10-01,2025-10-06 10:50:25.824,9,8,0,1,0,1,0,0,0,1,1,1,0,0,0,0,0,1,0,0,0,1,0,0,0,0
CUS_0x82fd,51333.99000000001,3762.495239877223,8,7,20,5,51,23,0.59,20810,2457.23,34.542766748450674,383.1748899516727,109.77035856676814,374.5752616043368,2023-10-01,2025-10-06 10:50:25.824,18,4,0,0,1,1,0,0,1,1,0,1,0,0,0,0,0,1,0,0,1,0,0,0,0,0
CUS_0x9a51,32910.92,2895.5766666666664,1,4,1,1,9,7,4.55,60,1028.67,30.31592846723488,25.590899970790066,390.2664739837063,163.70029271217027,2023-10-01,2025-10-06 10:50:25.824,25,3,0,0,1,0,0,0,0,0,0,0,0,0,0,1,0,0,0,0,0,0,1,0,0,0
CUS_0x1aaf,42474.48,3101.080413995829,8,5,29,2,19,19,10.66,70,2637.96,25.338661311513743,499.92924442554977,43.398544156566636,507.785797422054,2023-10-01,2025-10-06 10:50:25.824,12,9,0,0,0,0,1,0,0,0,0,0,0,0,0,0,1,0,0,0,0,1,0,0,0,0
CUS_0x2a66,31276.27,2540.355833333333,6,3,14,1,6,5,7.68,30,1275.06,24.32349205090412,16.327466291720913,95.89324644440259,401.8148705972098,2023-10-01,2025-10-06 10:50:25.824,24,4,0,0,1,0,0,0,0,0,0,0,0,0,0,0,1,0,0,1,0,0,0,0,0,0
CUS_0x5055,15767.215,1408.9345833333334,5,3,20,0,10,19,7.28,50,1012.39,33.62406335178406,0.0,119.27102008972805,311.6224382436053,2023-10-01,2025-10-06 10:50:25.824,26,3,0,0,0,0,0,0,0,0,0,1,0,0,0,0,1,0,0,0,0,0,1,0,0,0
CUS_0x596a,139118.04,11457.17,3,4,12,3,19,12,6.11,10,419.4,41.072444940081134,244.98672634881183,364.7519221246585,805.9783515265297,2023-10-01,2025-10-06 10:50:25.824,32,6,0,1,0,1,0,0,0,0,0,0,1,0,0,0,0,0,1,0,0,0,0,0,1,0
CUS_0xbbf6,65455.16,5194.596666666667,9,8,32,2,20,21,4.44,110,1660.53,32.67590695580758,84.53938412883294,211.6123487046101,497.3896385514074,2023-10-01,2025-10-06 10:50:25.824,7,8,0,0,0,1,0,1,0,0,0,0,0,0,0,0,0,1,0,1,0,0,0,0,0,0
CUS_0x1e0f,20660.16,1995.68,1,1,5424,2,1,9,6.59,40,542.16,36.80539886100951,33.878701096384674,224.7290764846028,230.96022241901244,2023-10-01,2025-10-06 10:50:25.824,18,7,1,0,1,0,0,0,0,0,0,0,1,0,0,0,0,0,1,0,0,0,1,0,0,0
CUS_0x4ff8,15745.02,1048.085,5,6,17,0,21,10,19.33,80,828.56,36.82650540241007,34.166485216144515,28.108318784811114,312.53369599904437,2023-10-01,2025-10-06 10:50:25.824,19,4,0,1,1,0,1,0,0,0,0,1,0,0,0,0,0,0,1,0,0,0,0,0,1,0
CUS_0x6612,30924.04,2647.0033333333336,4,1,12,2,4,8,6.2,30,1.3,23.5350195930409,38.0014886891385,215.4231086980378,281.27573594615706,2023-10-01,2025-10-06 10:50:25.824,28,8,1,0,0,0,0,0,0,1,0,0,1,0,0,1,0,0,0,0,0,0,0,0,1,0
CUS_0xe7e,7377.215,424.76791666666674,8,10,18,7,48,22,3.86,120,1418.65,38.94342847643874,26.565355105035053,20.10318273884689,275.8082538227848,2023-10-01,2025-10-06 10:50:25.824,6,5,1,1,0,1,0,1,0,0,1,1,0,0,0,0,0,1,0,0,0,0,0,1,0,0
CUS_0x9038,33132.94,2478.078333333333,6,6,8,3,23,10,0.61,20,795.69,24.02483088702669,81.78093560227401,102.54957619536509,313.4773215356942,2023-10-01,2025-10-06 10:50:25.824,21,4,1,0,1,0,0,0,0,0,0,0,1,0,0,0,1,0,0,0,1,0,0,0,0,0
CUS_0x9aef,67361.38,5497.448333333334,2,4,1,0,5,4,11.47,60,1013.66,25.92738544323701,0.0,289.60302719079243,601.0444132348847,2023-10-01,2025-10-06 10:50:25.824,17,3,0,0,0,0,0,0,0,0,0,0,1,0,0,1,0,0,0,0,0,0,0,0,1,0
CUS_0x1134,15279.545,1517.7916271206154,0,5,8,3,1,4,6.99,70,168.35,27.60211956243887,76.53930322159488,17.680099486789082,349.81392850433366,2023-10-01,2025-10-06 10:50:25.824,30,10,1,0,1,0,0,0,0,0,1,0,1,0,0,1,0,0,0,0,0,0,0,0,0,1
CUS_0x253c,49128.9,4231.074999999999,8,3,29,6,11,12,18.880000000000006,70,2574.1,37.83616702862741,169.5292210820439,98.50778274220104,405.07049617575484,2023-10-01,2025-10-06 10:50:25.824,14,5,0,1,0,1,1,0,1,1,0,1,0,0,0,0,1,0,0,0,1,0,0,0,0,0
CUS_0x80d7,19453.05,1917.0875,3,6,10,6,23,18,19.86,110,731.24,29.798723350481072,77.11008866084916,42.79711534332521,321.8015459958257,2023-10-01,2025-10-06 10:50:25.824,17,3,0,1,1,0,0,1,1,1,1,1,0,0,0,0,1,0,0,0,0,0,0,0,0,1
CUS_0x33bc,17468.19,1453.6825,10,6,25,3,53,12,8.2,100,1495.9,33.2155693144023,23.267794352186765,60.9599321340101,344.117812735984,2023-10-01,2025-10-06 10:50:25.824,11,6,1,0,0,0,0,0,1,0,0,0,0,0,0,0,1,0,0,0,1,0,0,0,0,0
CUS_0x975d,143883.28,12131.273333333333,4,3,4,4,27,8,3.56,40,354.41,24.63251402265729,398.4961966861016,615.5375506226309,459.0935860246009,2023-10-01,2025-10-06 10:50:25.824,24,8,0,1,1,0,0,0,0,0,1,0,1,0,0,1,0,0,0,1,0,0,0,0,0,0
CUS_0xbf4c,14649.275,1118.7729166666666,3,5,9,0,3,0,5.65,20,554.58,29.37642942498836,0.0,92.31485183731445,309.5624398293523,2023-10-01,2025-10-06 10:50:25.824,23,0,0,0,0,0,0,0,0,0,0,0,1,0,0,1,0,0,0,0,0,0,1,0,0,0
CUS_0x193e,107864.34,8852.695,4,5,20,7,9,9,18.32,90,24.17,33.052385853924825,380.02995221925727,165.94071286188142,589.2988349188612,2023-10-01,2025-10-06 10:50:25.824,6,10,1,1,0,1,1,0,0,1,0,1,0,0,0,0,0,0,1,0,1,0,0,0,0,0
CUS_0x5815,1.2550732E7,4690.305,7,8,33,2,57,18,15.73,60,2272.16,36.60094212625706,67.33439819755715,608.8399413927079,82.85616040973484,2023-10-01,2025-10-06 10:50:25.824,12,3,0,0,1,1,0,0,0,0,0,1,0,0,0,0,0,1,0,0,0,0,1,0,0,0
CUS_0x96da,15891.115,1145.5939672241718,0,4,5,3,9,9,10.6,40,494.48,27.051555976439985,82.47324662891205,39.0712531141477,324.247074699435,2023-10-01,2025-10-06 10:50:25.824,24,5,1,0,0,1,0,1,0,0,0,0,1,0,0,1,0,0,0,0,0,0,0,0,1,0
CUS_0x681c,19801.99,1625.1658333333337,3,3,17,4,19,15,10.84,110,2010.01,28.09687326834516,52.36934009286219,146.1889852725067,253.95825796796453,2023-10-01,2025-10-06 10:50:25.824,20,4,1,1,0,0,1,0,0,0,0,0,0,0,0,0,1,0,0,0,0,0,1,0,0,0
CUS_0x6d04,20734.2,1970.85,5,662,2,3,7,1,5.23,30,139.77,25.87373977056691,32.92147167535068,83.65795567345715,330.50557265119215,2023-10-01,2025-10-06 10:50:25.824,26,11,1,1,0,0,0,0,0,0,0,0,1,0,0,1,0,0,0,0,1,0,0,0,0,0
CUS_0x6749,77418.52,6450.543333333334,7,9,20,7,38,23,20.05,90,3962.08,23.412148890983463,339.0310322831334,180.42204314859828,405.6012579016018,2023-10-01,2025-10-06 10:50:25.824,11,11,0,1,1,1,0,1,0,0,0,1,0,0,0,0,0,1,0,0,0,0,0,0,0,1
CUS_0x5d42,71212.16,5749.346666666667,7,6,30,8,50,22,18.78,130,3744.63,24.79361740047661,30662.0,454.36034596911946,15.475885299298227,2023-10-01,2025-10-06 10:50:25.824,9,0,1,0,1,1,1,1,0,1,1,1,0,0,0,0,0,1,0,0,0,0,1,0,0,0
CUS_0x85e7,102207.42,8534.285,2,3,7,0,6,6,11.07,20,911.23,41.25741653751504,0.0,148.76870612358226,954.6597938764177,2023-10-01,2025-10-06 10:50:25.824,23,11,0,0,0,0,0,0,0,0,0,0,1,0,0,0,0,0,1,0,1,0,0,0,0,0
CUS_0xb47f,30773.87,2297.979397616268,4,4,19,2,32,16,14.84,50,1449.51,34.19912503867911,324.42074275634,54.147464387295216,416.2904785734306,2023-10-01,2025-10-06 10:50:25.824,16,0,0,1,0,0,0,0,0,0,1,0,0,0,0,0,1,0,0,0,0,1,0,0,0,0
CUS_0x803c,24883.01,1828.5841666666663,4,71,7,3,17,20,10.87,30,646.05,29.5432278408398,37.38055366957315,19.647101184436274,375.83076181265716,2023-10-01,2025-10-06 10:50:25.824,15,10,1,0,0,0,0,1,0,0,0,0,0,0,0,0,1,0,0,0,1,0,0,0,0,0
CUS_0xb131,17708.33,1692.694166666667,8,9,23,7,26,21,7.81,110,2250.37,35.597398596920925,64.02306031536233,44.60782406802369,310.63853228328065,2023-10-01,2025-10-06 10:50:25.824,14,8,0,1,0,1,0,0,1,1,1,1,0,0,0,0,0,1,0,0,1,0,0,0,0,0
CUS_0xaad9,8555.32,657.7759516589417,9,9,24,4,61,17,10.93,70,2457.42,31.41796911286015,70.13822556174492,58.44935727898781,276.8741321669922,2023-10-01,2025-10-06 10:50:25.824,11,9,0,1,0,0,0,0,0,1,0,1,0,0,0,0,1,0,0,0,0,0,1,0,0,0
CUS_0xc6cc,16599.58,1424.2983333333334,7,10,16,3,41,8,13.43,110,2514.88,27.557831175351573,39.20785509713339,70.73101763995645,312.4909605962435,2023-10-01,2025-10-06 10:50:25.824,18,4,0,0,0,0,1,0,0,1,1,1,0,0,0,0,1,0,0,0,0,0,0,1,0,0
CUS_0x1f66,67730.0,5697.166666666668,4,5,8,0,10,3,1.63,30,626.34,32.90680700156782,0.0,198.98795911119822,620.7287075554684,2023-10-01,2025-10-06 10:50:25.824,27,11,0,0,0,0,0,0,0,0,0,0,0,0,0,1,0,0,0,0,1,0,0,0,0,0
CUS_0xb5af,76769.58,6203.465,3,5,7,3,19,8,11.49,70,19.43,29.592634841268374,190.5538524602979,248.28976583944456,451.5028817002577,2023-10-01,2025-10-06 10:50:25.824,22,9,0,1,0,0,1,0,0,0,0,0,1,0,0,1,0,0,0,0,0,0,0,0,1,0
CUS_0x30b9,14696.765,1273.7304166666663,4,4,6,3,2,7,3.96,30,531.86,33.42524425293334,21.488801713545666,33.92390486128173,351.9603350918393,2023-10-01,2025-10-06 10:50:25.824,20,0,0,1,0,0,0,1,0,0,1,0,1,0,0,1,0,0,0,0,0,0,0,1,0,0
CUS_0x70e8,87070.0,7295.833333333332,8,7,10,0,15,12,12.69,40,381.06,41.028205648636025,0.0,484.4706788137123,535.1126545196212,2023-10-01,2025-10-06 10:50:25.824,25,6,0,0,0,0,0,0,0,0,0,0,0,0,0,0,1,0,0,0,0,0,1,0,0,0
CUS_0x8f86,10613.34,1066.4450000000004,8,6,7,1,10,7,0.0,0,1191.71,23.288640800035672,6.4878675261176335,135.54278181580767,254.61385065807468,2023-10-01,2025-10-06 10:50:25.824,27,6,0,0,0,0,1,0,0,0,0,0,1,0,0,0,0,0,1,0,0,0,1,0,0,0
CUS_0xc56c,59703.03,5080.2525,6,6,13,7,20,20,18.05,50,1795.28,37.08686096263203,295.16766006663084,341.8760363626127,150.98155357075638,2023-10-01,2025-10-06 10:50:25.824,12,11,1,1,0,0,1,1,1,0,0,1,0,0,0,0,1,0,0,0,0,0,0,1,0,0
CUS_0x321c,77165.86,6595.488333333334,0,4,12,1,2,8,4.23,30,952.3,27.798608076707357,47.81008995491285,101.02699335173,750.7117500266905,2023-10-01,2025-10-06 10:50:25.824,28,4,0,1,0,0,0,0,0,0,0,0,1,0,0,0,0,0,1,0,0,1,0,0,0,0
CUS_0x4f00,82616.56,7053.713333333332,6,7,5,4,26,16,4.39,10,1204.38,39.96973954348947,146.59056325938127,268.7326914481621,560.04807862579,2023-10-01,2025-10-06 10:50:25.824,26,11,0,0,1,1,0,0,0,0,1,0,1,0,0,0,1,0,0,0,0,0,0,0,1,0
CUS_0x71bf,8169.385,887.7820833333334,8,5,17,5,56,18,6.11,90,1360.45,39.34146834305803,20.364334404006748,40.633486627606935,287.7803873017197,2023-10-01,2025-10-06 10:50:25.824,7,2,1,0,1,0,0,0,0,1,0,1,0,0,0,0,0,0,1,1,0,0,0,0,0,0
CUS_0xa6f6,35292.24,2715.02,3,3,8,2,18,8,7.35,20,996.99,23.643121223623943,51.65026794977413,120.61821051810531,359.23352153212056,2023-10-01,2025-10-06 10:50:25.824,22,5,0,0,1,0,1,0,0,0,0,0,1,0,0,0,0,0,1,1,0,0,0,0,0,0
CUS_0xa8ed,74866.6,5964.883333333334,5,4,32,5,21,13,10.3,100,1798.0,32.096187866887576,277.45804355221475,367.08077512816567,221.94951465295296,2023-10-01,2025-10-06 10:50:25.824,8,2,0,1,1,0,0,0,1,1,0,1,0,0,0,0,0,0,1,0,0,0,0,0,1,0
CUS_0x742c,19562.27,1877.1891666666668,8,6,20,5,21,12,8.3,90,1517.03,35.61747188966538,69.70056199812504,138.78485204343107,190.50867277891427,2023-10-01,2025-10-06 10:50:25.824,20,0,1,0,1,1,0,0,1,1,0,1,0,0,0,0,1,0,0,0,0,0,1,0,0,0
CUS_0x112f,75506.42,6050.201666666668,1,4,5,1,1,2,3.44,70,1069.19,39.848918502421775,60.903643233171024,278.2980758592782,555.8184475742175,2023-10-01,2025-10-06 10:50:25.824,23,8,0,1,0,0,0,0,0,0,0,0,1,0,0,1,0,0,0,0,0,0,1,0,0,0
CUS_0x416a,14330.89,950.2408333333332,670,7,25,6,47,20,5.34,110,3127.61,33.73842055141496,51.66121905552336,78.12372277306996,245.23914150474,2023-10-01,2025-10-06 10:50:25.824,1,5,1,1,0,0,1,1,0,0,0,1,0,0,0,0,0,0,1,0,0,0,0,1,0,0
CUS_0xc203,14143.68,925.64,7,10,26,0,38,15,29.31,2520,3729.82,31.713614646125286,99.62050644230416,55.015117698590004,227.92837585910587,2023-10-01,2025-10-06 10:50:25.824,3,6,0,1,1,0,0,1,1,1,1,1,0,0,0,0,0,1,0,0,0,0,1,0,0,0
CUS_0x1773,17663.535,1767.96125,0,3,3,1,6,9,4.39,10,1327.57,32.73516486758544,10.62922999532211,70.52374394209356,365.64315106258437,2023-10-01,2025-10-06 10:50:25.824,18,5,0,1,0,0,0,0,0,0,0,0,1,0,0,1,0,0,0,0,0,0,0,0,1,0
CUS_0x2924,48151.86,4098.655000000002,4,5,20,4,21,9,14.94,80,2083.32,28.67872731316125,80.82314160569385,40.47188977136377,528.5704686229424,2023-10-01,2025-10-06 10:50:25.824,17,9,0,1,1,0,0,0,0,1,1,1,0,0,0,0,0,0,1,0,0,1,0,0,0,0
CUS_0xc341,43581.13,3566.7608333333333,4,3,9,3,18,3,8.56,20,900.83,38.49909639867008,103.03307766103524,136.72036070878445,376.92264496351373,2023-10-01,2025-10-06 10:50:25.824,23,6,0,1,0,0,0,1,0,0,0,0,1,0,0,1,0,0,0,1,0,0,0,0,0,0
CUS_0x289d,15913.015,1549.084583333333,6,7,17,0,21,17,16.14,10,1347.17,33.73401011366855,0.0,133.29712293383926,291.61133539949407,2023-10-01,2025-10-06 10:50:25.824,29,11,0,0,0,0,0,0,0,0,0,1,0,0,0,0,1,0,0,0,0,0,0,0,1,0
CUS_0x940d,25415.42,2339.9516666666664,7,6,11,1,18,14,8.45,50,1272.08,29.81174854770197,12.232103167641355,32.587349341246494,439.17571415777877,2023-10-01,2025-10-06 10:50:25.824,20,9,0,1,0,0,0,0,0,0,0,0,1,0,0,0,1,0,0,0,1,0,0,0,0,0
CUS_0xb5bd,17273.83,1281.4858333333334,9,7,31,5,17,20,10.57,110,2195.01,25.00890874562349,47.9020886887389,44.08812304401539,316.158371600579,2023-10-01,2025-10-06 10:50:25.824,14,8,1,0,0,1,0,0,0,1,0,1,0,0,0,0,0,1,0,0,0,0,0,1,0,0
CUS_0xbc5e,95011.64,7936.636666666666,3,6,11,4,29,14,11.02,60,1166.08,41.14964765412277,291.80795673529343,113.38570496269536,628.4700049686779,2023-10-01,2025-10-06 10:50:25.824,21,5,0,1,1,1,0,0,1,0,0,1,0,0,0,0,1,0,0,0,0,1,0,0,0,0
CUS_0xb8c2,14185.66,1216.138333333333,1,7,2,4,10,10,10.56,10,225.57,22.374298760634247,42.529921731791134,44.083505767375705,285.0004058341665,2023-10-01,2025-10-06 10:50:25.824,30,5,1,1,1,0,0,0,0,0,0,0,1,0,0,1,0,0,0,0,1,0,0,0,0,0
CUS_0xbbdd,40146.78,3194.565,6,6,15,5,20,24,16.72,120,3539.88,31.56429930242558,160.78815052072378,21.773186716719845,376.8951627625564,2023-10-01,2025-10-06 10:50:25.824,7,4,1,0,0,0,0,1,1,0,0,1,0,0,0,0,0,1,0,0,0,1,0,0,0,0
CUS_0x4db5,46417.56,3606.13,6,7,29,5,66,17,17.65,130,4419.23,35.03873045353969,150.6176886772737,169.4173989527107,330.57791237001567,2023-10-01,2025-10-06 10:50:25.824,13,6,1,1,0,0,0,0,0,0,1,1,0,0,0,0,0,1,0,0,0,0,1,0,0,0
CUS_0x5ee7,92127.24,7849.27,5,7,6,3,32,20,4.75,20,487.54,34.563175626229395,175.91594426086888,52.51875773118915,796.4922980079422,2023-10-01,2025-10-06 10:50:25.824,21,3,0,0,1,0,1,0,0,0,0,0,1,0,0,1,0,0,0,0,0,1,0,0,0,0
CUS_0x7dd,27589.12,2343.093333333333,4,5,15,1,20,20,6.8900000000000015,30,99.33,30.08053558300385,22.087933891272627,164.4043994166841,317.8170000253766,2023-10-01,2025-10-06 10:50:25.824,19,6,0,0,0,0,0,0,0,0,1,0,1,0,0,0,1,0,0,0,0,0,0,0,1,0
CUS_0x8d84,8879.57,557.9641666666666,9,10,24,7,15,23,4.41,150,2424.49,34.91801066667181,27.98083520060329,42.683042202248814,275.1325392638146,2023-10-01,2025-10-06 10:50:25.824,6,8,0,0,0,0,1,1,0,1,1,1,0,0,0,0,0,0,1,0,0,0,1,0,0,0
CUS_0x98e7,42989.27,3730.439166666666,2,458,4,4,26,10,4.73,40,1353.64,29.56662010278369,73.55924628931483,283.98963721872036,295.49503315863143,2023-10-01,2025-10-06 10:50:25.824,22,5,0,0,0,0,0,0,0,1,1,0,0,0,0,1,0,0,0,0,0,0,0,1,0,0
CUS_0xabb5,85163.31,6902.9425,5,3,6,4,7,18,4.77,70,64.87,30.833995741671032,271.92456435627827,243.83248227201287,424.5372033717089,2023-10-01,2025-10-06 10:50:25.824,21,6,0,1,0,0,0,1,0,1,1,0,1,0,0,0,1,0,0,0,0,0,0,0,0,1
CUS_0xb4b4,32629.08,2672.09,7,5,30,7,49,23,9.27,90,2012.34,34.99605687542152,147.6795542225183,232.5140391793992,316.0323061032772,2023-10-01,2025-10-06 10:50:25.824,8,5,1,0,0,1,0,0,1,1,1,1,0,0,0,0,0,1,0,0,0,0,0,0,1,0
CUS_0xc28c,19899.64,1759.303333333333,5,3,6,2,4,11,4.85,40,714.58,22.73033747032125,17.125811984344413,28.7117785877892,380.0927427611997,2023-10-01,2025-10-06 10:50:25.824,27,11,0,1,0,0,0,1,0,0,0,0,1,0,0,1,0,0,0,0,1,0,0,0,0,0
CUS_0x4ef1,113666.08,9637.173333333334,8,7,8,4,16,18,18.45,13460,883.26,34.231423397841894,353.5609363816932,159.44052437194765,690.7158725796927,2023-10-01,2025-10-06 10:50:25.824,20,3,1,1,1,1,0,0,0,0,0,1,0,0,0,0,1,0,0,0,0,1,0,0,0,0
CUS_0x87db,16279.715,1647.642916666667,4,126,2,2,15,1,9.34,80,501.96,25.567857984669335,26.7909872769233,200.83045363610725,227.14285075363614,2023-10-01,2025-10-06 10:50:25.824,27,9,0,0,0,0,1,1,0,0,0,0,1,0,0,1,0,0,0,0,0,0,1,0,0,0
CUS_0x109b,31641.93,2610.8275,4,6,7,3,25,12,3.3699999999999988,10,583.6,40.34938872423535,60.33629926519114,84.09047925785762,344.6589324314184,2023-10-01,2025-10-06 10:50:25.824,20,5,0,0,0,1,0,1,0,0,0,0,1,0,0,0,1,0,0,0,0,0,1,0,0,0
CUS_0x26a1,36533.3,3307.441666666667,4,5,18,1,6,15,17.14,120,499.85,32.897936625184286,22.015359995412744,236.69844425255212,362.0303624187019,2023-10-01,2025-10-06 10:50:25.824,19,6,0,0,0,0,0,1,0,0,0,1,0,0,0,0,0,0,1,0,0,0,1,0,0,0
CUS_0x38a0,18260.43,1413.7025,3,6,15,7,23,16,11.21,50,1709.16,23.58700645898974,80.29310419626087,63.63974459106576,267.4374012126734,2023-10-01,2025-10-06 10:50:25.824,18,2,1,0,1,0,1,1,0,1,1,1,0,0,0,0,1,0,0,0,0,0,0,0,1,0
CUS_0xaf81,57180.88,4584.073333333333,3,4,9,0,7,11,3.89,20,1126.79,34.862553048141486,0.0,385.2952135132367,353.1121198200966,2023-10-01,2025-10-06 10:50:25.824,19,11,0,0,0,0,0,0,0,0,0,0,1,0,0,1,0,0,0,0,0,0,0,1,0,0
CUS_0xb13e,87477.45000000001,7427.787500000001,3,5,7,0,3,8,2.17,80,18.31,31.628619438027357,0.0,61.13781356518215,921.640936434818,2023-10-01,2025-10-06 10:50:25.824,16,11,0,0,0,0,0,0,0,0,0,0,1,0,0,1,0,0,0,0,0,1,0,0,0,0
CUS_0x1168,76440.52,6647.043333333334,0,4,9,2,7,2,10.85,40,998.47,36.402362376494544,96.74970978904616,547.8585912822699,300.0960322620174,2023-10-01,2025-10-06 10:50:25.824,20,9,1,0,0,0,0,1,0,0,0,0,1,0,0,1,0,0,0,0,0,0,0,1,0,0
CUS_0x6032,9307.915,581.6595833333333,7,10,18,6,15,24,14.0,170,2830.92,29.53118504774641,35.271669839395535,48.125628483354205,264.76866001058363,2023-10-01,2025-10-06 10:50:25.824,14,6,1,1,1,1,1,0,1,0,0,1,0,0,0,0,0,1,0,0,0,0,1,0,0,0
CUS_0x5369,25899.18,2100.265,8,4,9,3,12,9,9.05,60,69.74,33.592466715603464,64.20245914850632,33.09593375558322,344.92261731481375,2023-10-01,2025-10-06 10:50:25.824,33,4,1,0,0,1,0,0,1,0,0,1,0,0,0,0,1,0,0,0,0,0,0,0,1,0
CUS_0x80d8,111845.6,9174.466666666667,3,4,11,1,23,19,0.0,20,302.94,36.6294624742755,65.71200784782883,10000.0,230.2345056525063,2023-10-01,2025-10-06 10:50:25.824,23,10,0,1,0,0,0,0,0,0,0,0,0,0,0,0,1,0,0,0,0,0,0,1,0,0
CUS_0x6197,18610.89,1674.9075,6,8,22,5,57,15,8.52,80,1931.12,36.25690693616459,59.12080580059418,123.70337764821058,294.2616340853217,2023-10-01,2025-10-06 10:50:25.824,8,4,0,1,1,0,0,1,0,1,0,1,0,0,0,0,0,1,0,0,0,0,0,1,0,0
CUS_0xc506,10499.56,995.9633333333333,8,3,11,7,24,8,7.86,50,2469.98,32.94947595646539,40.53744008958719,47.62610949206568,301.43278375168046,2023-10-01,2025-10-06 10:50:25.824,17,8,1,1,0,1,0,1,1,0,1,1,0,0,0,0,0,0,1,0,0,0,1,0,0,0
CUS_0x1b00,59939.52,4721.96,3,5,16,0,7,21,12.23,40,1338.53,30.61324929984964,0.0,77.72968898951035,644.4663110104897,2023-10-01,2025-10-06 10:50:25.824,31,10,0,0,0,0,0,0,0,0,0,1,0,0,0,0,1,0,0,0,1,0,0,0,0,0
CUS_0xa0a6,32495.66,2594.971666666667,3,7,18,1,10,18,10.39,10,1099.57,34.700995588186714,23.96570416283441,223.9646563371294,254.7646971560204,2023-10-01,2025-10-06 10:50:25.824,17,9,0,0,0,0,1,0,0,0,0,1,0,0,0,0,0,0,1,0,0,0,0,1,0,0
CUS_0xb22,19703.09,1563.924166666667,9,9,22,7,32,15,21.51,110,2677.04,23.68199992093271,89.23930823277355,103.10112487120813,224.05198356268502,2023-10-01,2025-10-06 10:50:25.824,5,11,1,0,0,1,1,0,0,1,1,1,0,0,0,0,0,1,0,1,0,0,0,0,0,0
CUS_0xc6c3,43729.32,3394.11,1048,5,32,9,47,17,1.8600000000000003,90,1655.37,27.51353169882067,233.685731830258,47.980585468147524,307.7446827015945,2023-10-01,2025-10-06 10:50:25.824,5,9,1,0,1,1,0,0,1,1,0,0,0,0,0,0,0,0,1,0,1,0,0,0,0,0
CUS_0x14f5,36348.06,3265.005,6,5,32,9,50,22,5.07,90,4974.81,33.61150652706444,149.399918197992,305.48160419168886,151.61897761031906,2023-10-01,2025-10-06 10:50:25.824,3,11,0,1,1,0,1,1,0,1,1,1,0,0,0,0,0,1,0,0,0,0,0,1,0,0
CUS_0x2671,90794.28,7737.19,5,4,5,3,23,17,10.34,90,622.21,28.28602007952294,166.9189820470942,53.61777036374675,793.1822475891589,2023-10-01,2025-10-06 10:50:25.824,17,11,1,0,0,0,1,1,0,0,0,1,0,0,0,0,0,0,1,0,0,1,0,0,0,0
CUS_0x4ee4,36210.3,3029.525,9,8,30,4,53,18,4.18,80,1744.57,28.85086465112238,106.03947722125092,255.24425774170203,221.66876503704708,2023-10-01,2025-10-06 10:50:25.824,19,4,1,1,1,0,0,0,0,0,0,1,0,0,0,0,0,0,1,0,0,0,0,1,0,0
CUS_0x77ec,8761.63,660.1358333333333,10,7,26,3,58,14,18.58,110,1968.72,30.77770864107788,12.858403768196087,83.5147111900592,276.9460168000896,2023-10-01,2025-10-06 10:50:25.824,10,7,1,0,0,1,0,0,0,0,1,1,0,0,0,0,1,0,0,0,0,0,0,1,0,0
CUS_0x2b39,45764.14,3975.678333333333,6,5,11,2,6,14,9.31,30,146.1,23.635534878322066,62.19456893612372,519.1207684502987,106.25249594691091,2023-10-01,2025-10-06 10:50:25.824,31,4,0,0,1,0,0,0,0,0,1,0,1,0,0,0,0,0,1,0,0,0,1,0,0,0
CUS_0x5db7,122730.72,10000.56,8,5,17,4,34,14,18.08,120,1040.93,41.68686152287192,290.6522614953672,79.18493837748059,870.2188001271522,2023-10-01,2025-10-06 10:50:25.824,17,4,1,0,0,0,0,1,1,1,0,1,0,0,0,0,1,0,0,0,0,1,0,0,0,0
CUS_0x5f9,7427.29,694.9408333333333,9,10,29,7,43,17,20.06,170,3750.27,27.27106187085586,28.63835184314001,93.89643781125473,236.9592936789386,2023-10-01,2025-10-06 10:50:25.824,8,8,1,1,0,1,0,0,1,1,1,1,0,0,0,0,0,1,0,0,0,0,1,0,0,0
CUS_0x1b99,18264.11,1621.009166666667,5,5,15,7,23,18,16.98,90,2622.13,38.13131351887966,90.81220497986294,61.568439294185325,279.7202723926184,2023-10-01,2025-10-06 10:50:25.824,12,10,0,1,1,0,1,0,1,1,0,1,0,0,0,0,1,0,0,0,0,0,0,0,1,0
CUS_0x71ba,20204.27,1847.6891666666668,4,5,19,0,18,9,16.5,90,335.04,37.68542985321676,27.578671602168946,139.61873270934836,307.57151235514937,2023-10-01,2025-10-06 10:50:25.824,20,2,0,0,0,1,0,0,0,0,1,1,0,0,0,0,1,0,0,0,0,0,1,0,0,0
CUS_0x7fc7,64193.97,5530.4975,6,7,1,1,28,9,4.61,60,28.52,36.59572729121605,44.99029378942189,127.73370097188044,630.3257552386978,2023-10-01,2025-10-06 10:50:25.824,24,0,0,0,1,0,0,0,0,0,0,0,1,0,0,1,0,0,0,0,1,0,0,0,0,0
CUS_0x562b,32073.31,2533.7758333333336,5,5,9,2,20,8,14.12,20,1194.93,30.00334263119752,34.395028901934225,141.60732058649438,357.3752338449048,2023-10-01,2025-10-06 10:50:25.824,22,11,0,0,0,0,0,0,0,1,0,1,0,0,0,0,0,0,1,0,0,0,0,1,0,0
CUS_0x1026,170614.28,14463.856666666668,2,6,9,2,0,5,0.73,30,849.69,31.75752065713533,208.90747938201577,184.27787149576235,1303.2003157888887,2023-10-01,2025-10-06 10:50:25.824,20,8,0,1,0,0,0,0,0,1,0,0,1,0,0,1,0,0,0,0,1,0,0,0,0,0
CUS_0x435d,35342.98,2919.248333333333,5,5,3,4,10,7,4.84,20,994.4,31.07762404359153,113.71310014586248,50.307420954031436,318.9072367792235,2023-10-01,2025-10-06 10:50:25.824,23,11,1,0,0,0,1,1,0,1,0,0,1,0,0,1,0,0,0,0,1,0,0,0,0,0
CUS_0x8793,42062.81,3372.234166666666,1,5,5,3,8,7,10.88,60,93.73,37.01798247857072,78.47564896477377,100.76361446556288,407.9841532363301,2023-10-01,2025-10-06 10:50:25.824,18,4,1,0,0,0,0,0,1,0,1,0,1,0,0,1,0,0,0,0,1,0,0,0,0,0
CUS_0xb79c,72000.7,5769.604241968885,6,7,19,4,19,12,5.18,60,68.41,35.8644605820395,325.0344855548662,111.26701564158607,559.4584235013307,2023-10-01,2025-10-06 10:50:25.824,25,4,0,0,1,0,1,1,1,0,0,0,1,0,0,0,1,0,0,0,0,0,0,0,0,1
CUS_0x55f6,31748.67,2388.7225,5,4,12,1,11,0,7.57,40,180.68,31.85154033645865,8874.0,20.04604390363263,444.49450172344973,2023-10-01,2025-10-06 10:50:25.824,21,5,0,0,1,0,0,0,0,0,0,0,1,0,0,1,0,0,0,0,0,1,0,0,0,0
CUS_0xa814,143961.64,12106.803333333335,4,5,16,2,6,10,2.95,60,202.76,31.67739810155589,215.3274883500914,656.6461838407455,618.7066611424966,2023-10-01,2025-10-06 10:50:25.824,22,4,0,0,1,0,0,0,1,0,0,1,0,0,0,0,1,0,0,0,0,0,0,1,0,0
CUS_0x3a15,141262.48,10439.492477772654,3,6,5,2,0,2,1.02,20,823.57,34.74797759530613,1614.8559675623724,163.37153782431682,1049.5406835073252,2023-10-01,2025-10-06 10:50:25.824,29,0,0,1,0,0,0,1,0,0,0,0,1,0,0,1,0,0,0,0,1,0,0,0,0,0
CUS_0x4523,16322.12,1564.176666666667,9,5,17,7,55,21,4.4,100,3531.62,39.787495800762265,74.45421477065244,44.847478702300656,317.1159731937136,2023-10-01,2025-10-06 10:50:25.824,4,3,1,1,1,1,1,0,0,0,0,1,0,0,0,0,0,0,1,0,0,0,0,0,0,1
CUS_0x2ca8,126026.19,10704.1825,0,7,2,0,13,3,8.61,40,1475.49,40.68960532180367,250.11697198638583,85.42924812484486,974.8720298887697,2023-10-01,2025-10-06 10:50:25.824,29,11,0,0,1,1,0,1,0,0,0,0,1,0,0,1,0,0,0,0,0,1,0,0,0,0
CUS_0xb932,19949.34,1378.445,8,7,20,6,53,23,17.83,100,3321.79,30.032628775125275,63.14272761331768,91.71153023141302,242.99024215526933,2023-10-01,2025-10-06 10:50:25.824,5,5,1,0,1,0,0,0,1,0,1,1,0,0,0,0,0,1,0,1,0,0,0,0,0,0
CUS_0x9bc1,20574.47,1740.539166666667,6,1189,14,4,6,10,13.74,110,749.95,28.62902965219592,49.348666321498655,119.2737917167095,322.7377425973424,2023-10-01,2025-10-06 10:50:25.824,11,6,0,0,1,1,0,0,1,0,0,1,0,0,0,0,1,0,0,0,0,1,0,0,0,0
CUS_0x1b6d,16753.63,1564.1358333333335,6,9,23,9,37,25,2.86,70,3536.44,31.83451493629016,85.55890321516442,62.761925858355895,298.0927542598131,2023-10-01,2025-10-06 10:50:25.824,12,11,0,1,1,0,1,1,0,0,1,1,0,0,0,0,0,0,1,0,0,0,1,0,0,0
CUS_0x5474,57260.5,4625.708333333333,1,6,11,1,4,3,6.95,40,923.05,39.56371937195267,35.28927824704822,74.25086866966807,593.0306864166171,2023-10-01,2025-10-06 10:50:25.824,16,3,0,0,0,0,0,0,1,0,0,0,1,0,0,0,0,0,1,0,0,1,0,0,0,0
CUS_0x188f,14311.415,1472.6179166666668,2,7,9,0,1,8,9.31,70,541.18,32.38957791649613,0.0,76.07201180359164,361.1897798630751,2023-10-01,2025-10-06 10:50:25.824,25,11,0,0,0,0,0,0,0,0,0,0,1,0,0,0,0,0,1,0,0,0,1,0,0,0
CUS_0x485f,69051.14,5503.261666666666,4,7,9,2,12,8,13.2,80,1396.03,25.413530413483,107.16749174363324,335.3398710931957,367.81880382983763,2023-10-01,2025-10-06 10:50:25.824,16,2,1,0,0,0,0,0,1,0,0,1,0,0,0,0,1,0,0,1,0,0,0,0,0,0
CUS_0x97a,44913.34,3480.778333333333,2,1,5,0,13,5,0.57,40,552.97,27.971519435391134,0.0,80.55473260391439,517.5231007294191,2023-10-01,2025-10-06 10:50:25.824,31,10,0,0,0,0,0,0,0,0,0,0,1,0,0,1,0,0,0,0,1,0,0,0,0,0
CUS_0xb882,55835.7,4617.975,9,5,24,8,21,18,27.19,130,2802.64,40.035207300061714,74787.0,53.45296216261006,389.0910165907246,2023-10-01,2025-10-06 10:50:25.824,8,8,1,1,0,1,1,1,0,1,0,1,0,0,0,0,0,1,0,0,0,0,0,0,0,1
CUS_0xdc2,36964.08,3032.067813045661,7,7,28,7,26,22,23.07,60,4968.99,37.88350454419424,448.0100728581665,186.5565992904123,225.93951480576027,2023-10-01,2025-10-06 10:50:25.824,13,5,1,1,1,0,0,1,0,1,0,1,0,0,0,0,0,1,0,1,0,0,0,0,0,0
CUS_0x22e3,41516.64,3368.72,8,8,17,5,54,17,10.35,110,1597.61,33.179629011956614,142.31648322358274,182.05341722742344,292.5020995489938,2023-10-01,2025-10-06 10:50:25.824,20,5,0,1,0,1,1,0,1,1,0,1,0,0,0,0,0,1,0,0,0,0,0,1,0,0
CUS_0x797d,94052.22,7704.685,4,4,13,1,25,16,16.41,80,76.99,33.34224195438013,39.57533226280032,295.6557578365888,695.2374099006108,2023-10-01,2025-10-06 10:50:25.824,21,6,0,0,0,0,0,0,0,1,0,1,0,0,0,0,1,0,0,1,0,0,0,0,0,0
CUS_0xa2f5,52243.64,4421.636666666666,8,6,11,1,15,9,13.61,80,1336.5,41.22081383402269,33.631453055367864,75.77868079536508,582.7535328159338,2023-10-01,2025-10-06 10:50:25.824,22,2,0,1,0,0,0,0,0,0,0,1,0,0,0,0,0,0,1,0,1,0,0,0,0,0
CUS_0xb3b,38714.36,3222.1966666666667,6,8,25,6,22,15,6.58,80,3370.74,27.78692653759968,105.58040997001363,140.0504989215357,336.5887577751173,2023-10-01,2025-10-06 10:50:25.824,6,4,0,0,1,0,0,1,0,1,1,0,0,0,0,0,0,1,0,1,0,0,0,0,0,0
CUS_0x27d5,34872.34,2751.028333333333,5,4,6,2,25,15,4.7,30,1375.96,26.651412434715013,32.56399819657301,354.9705041177823,177.56833101897809,2023-10-01,2025-10-06 10:50:25.824,30,10,0,0,0,0,0,1,0,1,0,0,1,0,0,0,0,0,1,0,0,0,1,0,0,0
CUS_0x9970,70939.34,5731.611666666668,5,6,14,3,25,14,8.39,80,261.42,31.7318839573458,165.11230176229185,177.1521806990259,490.89668420534883,2023-10-01,2025-10-06 10:50:25.824,18,5,0,1,0,0,0,0,1,1,0,1,0,0,0,0,0,0,1,0,0,0,0,0,0,1
CUS_0x1baf,111896.16,9571.68,8,7,17,0,26,13,9.79,100,978.3,36.87234981154173,0.0,453.0444747164164,784.1235252835837,2023-10-01,2025-10-06 10:50:25.824,18,8,0,0,0,0,0,0,0,0,0,1,0,0,0,0,0,0,1,0,0,0,0,1,0,0
CUS_0x40fe,55229.64,4833.47,5,4,5,4,25,13,7.42,18260,590.3,31.26294557775214,124.49582672277086,181.76353309495627,535.0773492592884,2023-10-01,2025-10-06 10:50:25.824,29,8,0,1,0,0,1,0,0,0,1,0,1,0,0,0,1,0,0,0,0,1,0,0,0,0
CUS_0x6b0b,20958.75,1470.5625,9,9,21,8,67,25,1.67,110,1310.95,34.07090969079896,130.52873704764392,119.57281268550987,215.05433825508467,2023-10-01,2025-10-06 10:50:25.824,18,8,1,0,0,1,0,1,1,0,0,1,0,0,0,0,0,0,1,0,0,0,0,0,1,0
CUS_0x6d22,87481.62,7022.134999999998,0,4,3,1,15,5,1.45,60,214.43,35.034296284158536,55.65336930240755,496.788280013712,439.77185068388036,2023-10-01,2025-10-06 10:50:25.824,24,0,0,0,1,0,0,0,0,0,0,0,1,0,0,1,0,0,0,0,0,0,1,0,0,0
CUS_0x26e0,14528.81,1106.7341666666666,6,4,20,2,3,16,10.84,120,67.59,24.59710850671503,15.895561487944226,64.65408400508481,290.12377117363764,2023-10-01,2025-10-06 10:50:25.824,9,4,1,0,0,0,0,1,0,0,0,1,0,0,0,0,1,0,0,1,0,0,0,0,0,0
CUS_0x4717,11550.325,947.5270833333334,5,148,15,2,22,19,1.46,20,689.44,33.08064366520859,10.2908852773625,26.25871772680275,308.2031053291681,2023-10-01,2025-10-06 10:50:25.824,17,11,0,1,1,0,0,0,0,0,0,0,1,0,0,0,1,0,0,0,1,0,0,0,0,0
CUS_0x64f0,39977.21,3583.4341666666664,4,7,11,0,13,10,9.62,40,832.09,35.328081143939926,0.0,90.5490709248768,537.7943457417898,2023-10-01,2025-10-06 10:50:25.824,30,8,0,0,0,0,0,0,0,0,0,0,1,0,0,1,0,0,0,0,0,0,0,0,0,1
CUS_0x8533,40287.78,3280.315,4,3,11,2,5,5,1.95,0,1298.6,35.34585307043754,39.38754026849119,28.596289458162182,500.0476702733467,2023-10-01,2025-10-06 10:50:25.824,30,5,1,0,0,0,0,0,0,0,1,0,1,0,0,0,0,0,1,0,0,1,0,0,0,0
CUS_0x8718,34631.43,2845.9525,8,7,15,5,17,14,6.16,40,568.94,33.065942325331626,139.89732386973935,46.141598555434754,348.5563275748259,2023-10-01,2025-10-06 10:50:25.824,13,3,1,1,0,0,0,1,0,0,0,1,0,0,0,0,1,0,0,0,1,0,0,0,0,0
CUS_0x93e,20799.59,1435.299166666667,2,5,3816,0,0,3243,5.16,20,33.25,38.27692414561894,0.0,53.99413093630415,339.53578573036253,2023-10-01,2025-10-06 10:50:25.824,20,9,0,0,0,0,0,0,0,0,0,0,1,0,0,0,0,0,1,0,1,0,0,0,0,0
CUS_0xb88a,84355.98,7304.665,4,4,9,1,3,3,2.07,80,641.33,27.26486868391857,46.3502690512575,101.70362291678153,822.4126080319611,2023-10-01,2025-10-06 10:50:25.824,19,4,0,0,0,0,0,1,0,0,0,0,1,0,0,1,0,0,0,0,0,1,0,0,0,0
CUS_0xc51c,62475.66,5214.305,6,8,30,2,29,21,3.12,70,2496.64,32.03059725133628,68.05002536725752,703.3581694949066,40.02230513783593,2023-10-01,2025-10-06 10:50:25.824,18,8,0,0,0,0,1,0,1,0,0,0,0,0,0,0,0,1,0,0,0,0,1,0,0,0
CUS_0x7ea4,60422.06,4863.171666666666,6,7,11,2,20,10,16.44,20,194.58,30.59397689607387,79.00806766935888,65.92973783286736,591.3793611644404,2023-10-01,2025-10-06 10:50:25.824,30,2,0,0,0,1,0,0,0,1,0,0,0,0,0,0,1,0,0,0,1,0,0,0,0,0
CUS_0x8081,50253.0,4356.75,3,4,18,1,15,19,12.84,0,1017.21,36.38244118258441,27.965428337531232,507.1587552006089,190.55081646185988,2023-10-01,2025-10-06 10:50:25.824,18,1,1,0,0,0,0,0,0,0,0,1,0,0,0,0,1,0,0,0,0,0,1,0,0,0
CUS_0x880b,7830.03,775.5024999999998,8,7,30,5,44,22,0.92,100,1255.57,33.39744669156045,31.59359990927999,0.0,287.5668452610147,2023-10-01,2025-10-06 10:50:25.824,5,11,1,1,1,0,0,0,1,1,0,1,0,0,0,0,0,1,0,0,1,0,0,0,0,0
CUS_0x1c1c,107626.59,9095.8825,3,5,11,3,28,14,11.1,80,914.63,28.90267359351688,163.80279430012405,10000.0,791.6333165379428,2023-10-01,2025-10-06 10:50:25.824,18,11,0,0,1,1,0,0,0,0,0,1,0,0,0,0,1,0,0,0,0,1,0,0,0,0
CUS_0x7ea2,19956.75,1587.0625,6,5,1,2,16,15,6.36,60,1271.85,33.25526569255319,28.520109545538048,118.88356384281786,301.30257661164416,2023-10-01,2025-10-06 10:50:25.824,23,9,0,0,0,1,0,0,1,0,0,0,1,0,0,0,0,0,1,0,0,0,1,0,0,0
CUS_0x5597,17950.55,1646.8791666666666,7,3,10,31,18,15,3.23,30,453.73,38.43500755721463,27.41569306677552,46.74353013905029,273.3540218938533,2023-10-01,2025-10-06 10:50:25.824,16,4,0,0,0,0,1,1,0,0,1,0,1,0,0,0,1,0,0,0,0,0,1,0,0,0
CUS_0xa6d5,20762.97,1651.2475000000004,8,10,23,5,55,14,9.9,100,1671.15,29.51336041888284,75.4912701155931,59.700176714829766,289.9333031695772,2023-10-01,2025-10-06 10:50:25.824,16,10,1,1,1,0,0,1,0,0,1,1,0,0,0,0,0,1,0,1,0,0,0,0,0,0
CUS_0x24b9,49228.35000000001,4210.3625,9,7,15,7,60,22,9.72,120,2639.26,27.86115733389407,199.4342647056631,173.82552241323037,307.77646288110657,2023-10-01,2025-10-06 10:50:25.824,14,3,0,0,1,1,1,0,1,0,1,1,0,0,0,0,0,1,0,0,0,0,0,0,0,1
CUS_0x6142,12062.27,1195.1891666666666,4,3,13,3,14,16,9.79,100,1334.81,35.710118245286004,21.40873561248021,10000.0,288.6842097886295,2023-10-01,2025-10-06 10:50:25.824,19,9,0,0,1,0,0,1,0,1,0,1,0,0,0,0,1,0,0,0,0,0,1,0,0,0
CUS_0x710e,41678.65,3672.220833333333,2,5,7,4,10,5,5.31,30,1209.49,24.36083837467329,76.0582711669853,48.556157019446886,492.60765514690115,2023-10-01,2025-10-06 10:50:25.824,21,3,0,1,1,0,0,0,0,1,1,0,1,0,0,0,0,0,1,0,1,0,0,0,0,0
CUS_0x7d0b,19981.6,1459.1333333333332,10,8,20,7,54,21,23.58,120,4834.59,30.813295101757607,78.41827155188288,171.6398273191018,185.85523446234862,2023-10-01,2025-10-06 10:50:25.824,10,9,0,0,1,0,0,1,1,0,0,1,0,0,0,0,0,1,0,0,0,0,1,0,0,0
CUS_0x9352,60865.05,5221.0875,5,7,3,3,21,8,3.23,0,1188.49,33.80584532753391,140.20993380921036,85.36652880714476,546.5322873836449,2023-10-01,2025-10-06 10:50:25.824,25,2,1,0,0,0,1,1,0,0,0,0,1,0,0,0,1,0,0,0,1,0,0,0,0,0
CUS_0x4ab2,127883.4,10874.95,6,7,13,4,32,11,14.55,40,820.08,35.843562490517726,227.6577004901844,10000.0,349.18104600173484,2023-10-01,2025-10-06 10:50:25.824,31,10,1,0,1,0,1,0,0,0,0,1,0,0,0,0,0,0,1,0,0,0,1,0,0,0
CUS_0x68ad,68056.56,5540.38,10,8,23,6,57,12,12.64,90,1681.16,40.20288854295232,324.34475246407294,79.49976445698114,400.19348307894586,2023-10-01,2025-10-06 10:50:25.824,9,9,0,0,0,1,0,1,1,0,0,1,0,0,0,0,1,0,0,0,1,0,0,0,0,0
CUS_0x85e9,20929.295,1704.1079166666666,5,3,9,3,12,5,1.99,90,858.09,29.559578942541886,40.39817496072083,66.71879470598765,343.2938219999582,2023-10-01,2025-10-06 10:50:25.824,22,0,0,0,0,0,0,1,0,1,1,0,1,0,0,0,0,0,1,0,0,0,0,1,0,0
CUS_0x312b,73995.12,6043.259999999998,4,4,15,4,30,15,18.9,120,1933.79,38.33086970656287,190.90715132721945,256.7422544439465,608.2547790857724,2023-10-01,2025-10-06 10:50:25.824,12,3,0,0,0,1,1,0,0,0,0,0,0,0,0,0,0,0,1,0,0,1,0,0,0,0
CUS_0x3208,165333.72,13867.81,1,3,8,2,13,1,10.46,30,868.51,24.50094033752469,189.4662098874316,1328.6737703645226,148.64101974804566,2023-10-01,2025-10-06 10:50:25.824,24,7,1,0,0,0,0,0,0,0,0,0,1,0,0,0,0,0,1,0,0,0,0,1,0,0
CUS_0x51bf,88716.28,7476.023333333333,5,1308,6,2,7,17,18.75,30,58.82,24.98101902901679,144.16986810967597,406.97722095502985,476.4552442686277,2023-10-01,2025-10-06 10:50:25.824,20,10,0,0,0,1,0,0,0,1,0,1,0,0,0,0,1,0,0,0,0,0,0,1,0,0
CUS_0x8a2b,28163.57,2466.964166666666,6,6,16,6,14,9,14.96,80,58.26,36.58949696082635,73.02032171401123,149.74448501556245,293.93160993709296,2023-10-01,2025-10-06 10:50:25.824,18,2,0,0,1,1,1,0,0,0,1,1,0,0,0,0,1,0,0,0,0,0,0,0,1,0
CUS_0x5395,21426.13,1562.5108333333335,5,3,13,4,6,9,6.71,30,1231.39,28.6513632661342,54.22919305559925,16.665519838153163,325.35637043958087,2023-10-01,2025-10-06 10:50:25.824,27,11,1,0,0,0,1,1,0,0,0,0,1,0,0,0,1,0,0,0,0,1,0,0,0,0
CUS_0x5ba1,45472.95,3676.4125,9,6,18,5,50,14,8.69,90,1814.78,29.55714767350057,119.62574760483017,200.6691118202507,307.3463905749192,2023-10-01,2025-10-06 10:50:25.824,16,10,0,1,0,1,0,0,0,1,1,0,0,0,0,0,0,1,0,0,0,0,0,0,0,1
CUS_0x9df0,36115.92,2716.66,0,7,9,3,11,3,4.02,30,886.95,36.15913499892901,78.05225497436741,176.341769337386,277.2719756882466,2023-10-01,2025-10-06 10:50:25.824,23,4,0,0,0,1,1,1,0,0,0,0,1,0,0,1,0,0,0,1,0,0,0,0,0,0
CUS_0x8bd2,16540.95,1106.4125,8,4,9,4,8,14,4.3,40,794.61,30.19553596176895,53.659095691108405,111.0288822568831,225.9532720520085,2023-10-01,2025-10-06 10:50:25.824,26,2,0,1,0,1,1,0,1,0,0,0,1,0,0,0,0,0,1,0,0,0,0,1,0,0
CUS_0x97e1,8113.06,732.0883333333335,9,5,34,7,56,16,20.65,90,3320.52,22.95174800972401,56627.0,32.01323394818785,291.138605633386,2023-10-01,2025-10-06 10:50:25.824,7,8,0,0,1,1,1,0,1,0,1,1,0,0,0,0,0,1,0,0,0,0,1,0,0,0
CUS_0x7699,157299.48,13009.29,3,6,8,0,11,3,1.01,20,651.07,46.10143311521218,0.0,409.06315972989023,1141.86584027011,2023-10-01,2025-10-06 10:50:25.824,33,4,0,0,0,0,0,0,0,0,0,0,1,0,0,1,0,0,0,0,1,0,0,0,0,0
CUS_0xc1f,9000.425,703.0354166666666,7,4,31,3,22,8,18.78,70,1662.33,37.37773074026896,11.682177942236992,55.99459155800066,292.62677216642896,2023-10-01,2025-10-06 10:50:25.824,14,11,0,1,0,1,0,0,0,0,1,1,0,0,0,0,1,0,0,0,0,0,1,0,0,0
CUS_0x4b6b,66484.36,5595.363333333334,3,3,26,3,23,18,18.77,80,1688.0,27.754874334648992,86.77099226007715,323.0616980164488,419.7036430568074,2023-10-01,2025-10-06 10:50:25.824,9,8,1,0,0,0,0,0,0,1,0,1,0,0,0,0,1,0,0,0,0,0,0,0,1,0
CUS_0x5ab7,39024.34,3166.028333333333,4,5,33,2,5,20,9.22,120,2201.24,40.13874775780778,58.201104111484185,176.20399031390133,362.19773890794784,2023-10-01,2025-10-06 10:50:25.824,13,4,1,1,0,0,0,0,0,0,0,1,0,0,0,0,1,0,0,0,0,0,0,1,0,0
CUS_0x23a8,47523.0,4123.25,6,9,4254,7,22,14,7.64,80,2101.96,27.612834847042645,273.34190506055097,517.7383937154193,315.51721837685,2023-10-01,2025-10-06 10:50:25.824,8,0,0,0,1,0,1,0,0,1,1,1,0,0,0,0,1,0,0,0,0,0,1,0,0,0
CUS_0x7df6,14085.15,1330.7625,3,3,8,3,18,14,12.66,40,298.5,38.09065919499152,31.309070926105218,64.64795896966889,307.1192201042258,2023-10-01,2025-10-06 10:50:25.824,16,8,0,0,1,0,0,0,1,0,0,0,1,0,0,0,1,0,0,0,0,0,0,0,1,0
CUS_0xfea,44264.41,3755.700833333334,3,3,6,2,11,2,9.66,30,1312.23,33.348733943023895,40.48242381502263,479.68297258843234,145.4046869298785,2023-10-01,2025-10-06 10:50:25.824,18,8,0,0,0,0,0,1,0,0,0,0,1,0,0,1,0,0,0,0,0,0,1,0,0,0
CUS_0x29e0,62237.13,5350.4275,4,4,5,5,15,20,11.76,70,2547.59,27.28996212476963,208.92932969105067,185.47797328433515,430.63544702461417,2023-10-01,2025-10-06 10:50:25.824,6,1,0,0,0,1,1,1,0,1,1,1,0,0,0,0,1,0,0,0,0,0,1,0,0,0
CUS_0x45ea,22269.09,1931.7575,7,6,5,0,25,20,19.61,40,529.22,36.455572557330406,0.0,174.07883096646344,289.0969190335365,2023-10-01,2025-10-06 10:50:25.824,19,5,0,0,0,0,0,0,0,0,0,1,0,0,0,0,1,0,0,0,0,0,0,0,1,0
CUS_0x664c,72125.2,6094.4333333333325,3,5,12,2,7,16,13.52,60,95.23,36.7459629778274,84.48929614020291,75.72497419151007,699.2290630016205,2023-10-01,2025-10-06 10:50:25.824,20,2,0,0,0,0,0,0,1,0,1,1,0,0,0,0,1,0,0,0,1,0,0,0,0,0
CUS_0xa18f,7517.97,447.49750000000006,6,9,31,6,7,16,11.31,130,1504.72,27.173039780831765,36.79550801860589,26.455452931669807,251.4987890497243,2023-10-01,2025-10-06 10:50:25.824,18,3,1,1,1,1,0,0,0,0,1,1,0,0,0,0,1,0,0,0,0,0,0,0,1,0
CUS_0xab9e,50513.12,4239.426666666667,7,6,10,2,25,10,4.55,40,456.26,28.14943799275772,72.74505701930059,374.8265357137044,256.37107393366176,2023-10-01,2025-10-06 10:50:25.824,32,9,0,0,0,0,0,0,0,1,1,0,1,0,0,1,0,0,0,0,0,0,0,1,0,0
CUS_0xaf1b,16708.07,1359.3391666666666,6,9,22,8,55,18,8.47,120,2674.89,27.86473677110399,76.27367260693785,127.47021507550144,212.19002898422738,2023-10-01,2025-10-06 10:50:25.824,15,0,0,0,0,1,1,1,1,0,0,1,0,0,0,0,0,1,0,0,0,0,0,1,0,0
CUS_0xb2bf,15649.3,1469.1083333333331,5,7,15,2,14,17,23.32,40,1960.58,34.940455747078595,14.561462099258316,65.32820803076005,357.021163203315,2023-10-01,2025-10-06 10:50:25.824,18,6,1,0,0,0,0,1,0,0,0,0,0,0,0,0,0,0,1,0,0,0,0,0,0,1
CUS_0x1979,87843.69,7280.3075,1,4,2,3,11,3,0.64,30,1009.12,26.03241770189046,66581.0,455.70790077580904,408.62969460595383,2023-10-01,2025-10-06 10:50:25.824,15,11,1,0,0,1,0,0,0,1,0,0,1,0,0,1,0,0,0,0,0,0,1,0,0,0
CUS_0x1be0,37443.13,3091.2608333333333,2,4,7,0,18,1,7.33,20,843.53,25.065100994693907,0.0,383.263700975454,215.86238235787928,2023-10-01,2025-10-06 10:50:25.824,25,9,0,0,0,0,0,0,0,0,0,0,0,0,0,0,0,0,1,0,0,0,1,0,0,0
CUS_0xa6f9,46722.72,3781.56,9,9,18,9,22,22,2.13,160,4764.13,37.0531766622761,284.6597508112763,328.3376304601956,45.1586187285281,2023-10-01,2025-10-06 10:50:25.824,8,11,0,1,1,0,1,1,0,1,0,1,0,0,0,0,0,1,0,0,0,0,0,1,0,0
CUS_0xb091,39327.92,3233.3266666666664,1,6,11,1,16,3,1.51,60,127.29,38.632060264121286,19.80976190893261,89.93498679881617,483.58791795891784,2023-10-01,2025-10-06 10:50:25.824,31,5,0,0,0,0,1,0,0,0,0,0,1,0,0,0,0,0,1,0,0,0,0,0,1,0
CUS_0x2de1,44120.8,3468.7333333333336,2,3,12,3,5,0,0.46,20,15.47,38.937293863953656,87.40729091194369,81.25544877967026,438.2105936417194,2023-10-01,2025-10-06 10:50:25.824,27,11,0,0,0,1,0,1,0,1,0,0,1,0,0,1,0,0,0,0,0,0,0,0,0,1
CUS_0x3108,98983.17,8178.323856266968,4,4,5,3,9,19,18.95,70,296.58,33.50681970713425,481.24257863649706,235.4594008060157,681.4314142905181,2023-10-01,2025-10-06 10:50:25.824,23,10,0,1,0,0,0,1,0,0,0,1,0,0,0,0,1,0,0,0,1,0,0,0,0,0
CUS_0x78cd,15476.64,1174.72,0,4,1,3,14,10,11.57,10,1285.01,34.593548076104376,35.68135813307475,153.20984492251978,218.58079694440548,2023-10-01,2025-10-06 10:50:25.824,24,0,1,0,0,0,0,0,0,0,1,0,1,0,0,1,0,0,0,0,0,0,1,0,0,0
CUS_0xa439,109607.43,9308.9525,7,180,18,4,23,14,14.76,90,852.74,31.551569956964546,230.1992432518581,649.185792046412,341.51021470173,2023-10-01,2025-10-06 10:50:25.824,22,5,0,1,0,0,1,0,1,0,0,1,0,0,0,0,1,0,0,0,0,0,1,0,0,0
CUS_0x3a9d,88726.46,7104.871666666668,2,3,7,0,5,4,8.92,40,477.58,38.05516456866812,161.22424910969863,172.10845694280343,627.1544606141647,2023-10-01,2025-10-06 10:50:25.824,31,9,1,0,0,1,0,0,1,0,0,0,1,0,0,0,0,0,1,0,1,0,0,0,0,0
CUS_0x6d94,9844.975,824.4145833333333,649,7,19,0,7,14,9.75,10,638.57,27.744668109718624,0.0,38.248848694567776,334.19260963876565,2023-10-01,2025-10-06 10:50:25.824,32,5,0,0,0,0,0,0,0,0,0,0,1,0,0,0,1,0,0,0,0,0,1,0,0,0
CUS_0x878c,70847.52,5637.96,8,9,20,7,43,23,0.0,120,4143.68,40.23071282260892,227.18876652217375,90.34617310891709,496.2610603689092,2023-10-01,2025-10-06 10:50:25.824,1,3,0,1,1,0,1,1,0,1,0,1,0,0,0,0,0,1,0,0,1,0,0,0,0,0
CUS_0x9151,130682.94,10605.245,2,5,1,4,17,8,6.1,60,752.98,35.58669211119947,23857.0,155.25998790461102,881.8830674240997,2023-10-01,2025-10-06 10:50:25.824,29,3,1,0,0,0,0,0,0,1,1,0,1,0,0,1,0,0,0,0,0,1,0,0,0,0
CUS_0x9e95,15724.04,1094.3366666666668,10,5,19,0,18,20,6.6,120,3431.0,23.86247827677033,84.28014672882007,72.34075312720128,212.8127668106453,2023-10-01,2025-10-06 10:50:25.824,14,3,0,1,1,0,1,1,0,1,1,1,0,0,0,0,0,1,0,1,0,0,0,0,0,0
CUS_0xaadf,111117.6,9378.8,7,6,7,0,29,17,1.07,30,1440.03,41.78880857734549,0.0,802.5135471096863,844.5125570395563,2023-10-01,2025-10-06 10:50:25.824,23,5,0,0,0,0,0,0,0,0,0,0,1,0,0,0,1,0,0,0,1,0,0,0,0,0
CUS_0x84af,159319.92,13040.660000000002,5,7,1,1,2,3,1.14,30,104.45,39.94007144723128,115.30800293921143,181.02815601928802,1247.7298410415005,2023-10-01,2025-10-06 10:50:25.824,17,4,0,0,0,0,1,0,0,0,0,0,1,0,0,1,0,0,0,0,0,1,0,0,0,0
CUS_0x8e1a,114389.24,9637.436666666666,4,3,19,0,12,9,0.06000000000000005,10,8.11,36.4586906553,0.0,697.9066394282627,545.8370272384042,2023-10-01,2025-10-06 10:50:25.824,27,5,0,0,0,0,0,0,0,0,0,0,1,0,0,0,1,0,0,0,0,0,0,1,0,0
CUS_0x5857,114201.56,9368.796666666669,3,7,12,1,2,6,4.26,10,1490.4,39.36555924124897,90.3710612758892,73.95586795747805,1012.5527374332995,2023-10-01,2025-10-06 10:50:25.824,27,9,1,0,0,0,0,0,0,0,0,0,1,0,0,1,0,0,0,0,0,1,0,0,0,0
CUS_0xb03b,18869.78,1770.4816666666666,9,5,32,6,38,21,6.27,110,1935.65,34.096026210937765,56.841029355623576,56.16880457663123,324.0383327344118,2023-10-01,2025-10-06 10:50:25.824,9,8,1,0,0,0,0,1,1,0,1,1,0,0,0,0,0,1,0,1,0,0,0,0,0,0
CUS_0xc4b6,119491.24,9782.603333333334,1,5,10,2,16,1,10.34,30,735.75,41.22553384323,118.06078451803442,337.5098549147784,772.6896939005208,2023-10-01,2025-10-06 10:50:25.824,17,6,1,0,0,0,0,0,0,1,0,0,1,0,0,1,0,0,0,0,1,0,0,0,0,0
CUS_0x41ae,11526.465,704.53875,5,7,9,4,9,14,4.64,70,146.9,23.622995990695983,32.14924926400015,24.11933139349829,250.5720337250483,2023-10-01,2025-10-06 10:50:25.824,30,8,1,0,0,1,1,0,0,0,0,0,1,0,0,1,0,0,0,0,0,0,0,0,1,0
CUS_0x748e,10120.28,645.3566666666667,6,5,33,5,20,20,9.97,120,1616.5,34.6434828427304,21.903855500746342,19.187255730024848,283.4445554358955,2023-10-01,2025-10-06 10:50:25.824,16,6,0,1,1,0,0,0,1,1,1,1,0,0,0,0,0,1,0,1,0,0,0,0,0,0
CUS_0xb986,39887.22,3224.935,9,9,16,0,57,22,17.25,140,3119.6,34.97086572389593,133.47084524343262,145.9405485815745,303.082106174993,2023-10-01,2025-10-06 10:50:25.824,13,0,1,1,0,0,1,1,1,0,0,0,0,0,0,0,0,1,0,1,0,0,0,0,0,0
CUS_0x4acc,35195.97,2937.9975,5,3,4,4,2,7,1.66,40,843.36,29.560413058861776,93.19969210903189,59.151516013945134,391.448541877023,2023-10-01,2025-10-06 10:50:25.824,28,9,1,1,0,0,1,0,1,0,0,0,0,0,0,1,0,0,0,0,1,0,0,0,0,0
CUS_0x511d,71112.84,5885.07,6,4,11,1,23,7,11.07,70,432.53,31.286565469181827,53.42699481103315,228.9643099060923,596.1156952828744,2023-10-01,2025-10-06 10:50:25.824,20,0,0,0,1,0,0,0,0,0,0,0,1,0,0,0,1,0,0,0,0,0,1,0,0,0
CUS_0x7a8d,130232.25,10750.6875,5,3,7,1,6,6,4.05,30,1077.66,37.15936344640097,60.0397273187294,161.31074415165443,1103.7182785296163,2023-10-01,2025-10-06 10:50:25.824,19,4,0,0,1,0,0,0,0,0,0,0,1,0,0,1,0,0,0,0,1,0,0,0,0,0
CUS_0x7e10,15509.88,1157.49,9,6,23,6,54,20,18.16,100,2664.21,36.49737945125916,74.0411329309988,137.1587041790431,194.54916288995807,2023-10-01,2025-10-06 10:50:25.824,10,9,1,0,1,0,0,1,0,1,0,1,0,0,0,0,1,0,0,0,0,0,1,0,0,0
CUS_0xb20f,133628.52,11298.71,3,1224,3,0,11,12,3.88,70,135.75,39.15136120537506,0.0,250.72205856358426,1129.1489414364155,2023-10-01,2025-10-06 10:50:25.824,18,10,0,0,0,0,0,0,0,0,0,0,1,0,0,1,0,0,0,0,1,0,0,0,0,0
CUS_0x1748,179987.28,14816.94,5,5,8,4,14,8,3.46,10,741.28,43.9624320861794,417.8439911050921,135.95535207562259,1167.8946568192855,2023-10-01,2025-10-06 10:50:25.824,21,2,1,1,1,1,0,0,0,0,0,0,1,0,0,1,0,0,0,0,0,1,0,0,0,0
CUS_0x4d2,97688.4,7872.7,6,7,13,2,11,20,1.63,10,1299.16,24.12320590382109,122.72890352728288,547.8388393980243,376.70225707469285,2023-10-01,2025-10-06 10:50:25.824,27,4,0,0,0,1,1,0,0,0,0,0,1,0,0,0,1,0,0,1,0,0,0,0,0,0
CUS_0x5f64,31323.88,2438.3233333333333,10,5,16,7,54,19,1.69,140,1620.94,33.94737718769799,135.03588807827288,45.31951212516692,303.47693312989355,2023-10-01,2025-10-06 10:50:25.824,13,2,0,1,1,1,1,0,0,0,1,1,0,0,0,0,0,1,0,0,0,1,0,0,0,0
CUS_0x9095,16953.985,1684.8320833333337,4,5,4,2,1,4,10.64,50,554.48,24.75698985289916,18.286009186522893,24.234123279553298,375.96307586725715,2023-10-01,2025-10-06 10:50:25.824,27,11,0,1,0,1,0,0,0,0,0,0,1,0,0,1,0,0,0,0,1,0,0,0,0,0
CUS_0xafc3,14901.88,1362.8233333333333,7,7,13,1,13,17,10.38,30,932.33,38.73478074111862,7.293280162361606,60.49436476157872,358.494688409393,2023-10-01,2025-10-06 10:50:25.824,19,9,0,0,0,1,0,0,0,0,0,0,1,0,0,0,1,0,0,0,0,0,1,0,0,0
CUS_0x191f,14957.52,1387.46,1275,6,12,1,23,9,4.64,40,1015.61,25.30476759462252,8.39085635551636,54.59381576424482,345.7613278802388,2023-10-01,2025-10-06 10:50:25.824,30,2,0,0,0,0,0,1,0,0,0,0,1,0,0,0,1,0,0,0,0,0,0,0,1,0
CUS_0xb8e9,37443.81,2990.3175,5,2,2,0,12,5,4.19,10,1110.5,39.71654648520153,82.76438274401436,102.01685155701546,364.25051569897016,2023-10-01,2025-10-06 10:50:25.824,22,9,1,0,1,0,0,1,0,0,0,0,1,0,0,1,0,0,0,0,1,0,0,0,0,0
CUS_0xb004,10563.445,751.2870833333333,7,5,12,1,17,17,4.2,18040,984.62,35.239306956024826,5.968634608828611,61.3468827717302,297.8131909527745,2023-10-01,2025-10-06 10:50:25.824,17,3,0,0,0,0,0,0,0,0,1,0,1,0,0,0,1,0,0,0,0,0,1,0,0,0
CUS_0xb013,32667.1,2593.258333333333,6,8,32,7,45,13,0.0,70,3908.8,38.85085842295855,117.5504507407801,101.18666792631542,330.5887146662378,2023-10-01,2025-10-06 10:50:25.824,1,6,0,1,0,1,1,1,0,1,1,1,0,0,0,0,0,1,0,0,0,0,1,0,0,0
CUS_0x30b7,9491.025,768.9187499999998,10,7,15,6,48,16,17.46,90,3377.48,35.15253792908492,28.879830890308863,84.00237425884639,254.00966985084477,2023-10-01,2025-10-06 10:50:25.824,6,8,1,0,0,0,0,1,1,1,0,1,0,0,0,0,0,1,0,0,0,0,1,0,0,0
CUS_0x337b,47506.8,4053.9,7,7,28,6,28,19,0.0,90,1902.31,36.65239235377536,132.9955384824588,136.05779196977446,386.3366695477668,2023-10-01,2025-10-06 10:50:25.824,10,5,0,1,0,0,0,1,1,1,1,1,0,0,0,0,0,1,0,0,1,0,0,0,0,0
CUS_0xa226,20700.455,1870.037916666667,3,4,5,3,7,0,0.0,50,1199.47,22.45252704102672,38.72608300260938,70.40208761714355,347.8756210469138,2023-10-01,2025-10-06 10:50:25.824,18,9,0,0,0,0,0,1,1,0,0,0,0,0,0,1,0,0,0,0,0,0,0,0,1,0
CUS_0x216a,45472.2,3693.35,6,10,23,4,46,16,4.44,110,1322.15,32.28962169513329,111.74634659322322,223.87162854714612,313.7170248596307,2023-10-01,2025-10-06 10:50:25.824,10,3,1,0,0,1,1,1,0,0,0,1,0,0,0,0,0,0,1,0,0,0,0,1,0,0
CUS_0x40dd,42236.79,3475.7325,10,5,24,7,21,24,4.72,70,2050.02,27.926685425627515,211.6264561333649,71.70244611791381,337.1350099531659,2023-10-01,2025-10-06 10:50:25.824,8,9,0,0,1,1,1,0,1,1,1,1,0,0,0,0,0,1,0,0,1,0,0,0,0,0
CUS_0xc600,16192.1,1284.3416666666667,9,9,30,9,55,18,5.63,120,1860.55,23.332547471043743,64.65800880906474,49.316722800161365,304.45943505744066,2023-10-01,2025-10-06 10:50:25.824,8,3,1,1,0,1,1,0,0,1,0,1,0,0,0,0,0,1,0,0,0,0,1,0,0,0
CUS_0x3d7b,42756.72,3653.06,4,3,2,3,9,1,7.67,60,884.86,33.75606092943535,72.87631763689136,251.4990215417705,330.9306608213382,2023-10-01,2025-10-06 10:50:25.824,25,10,0,0,0,0,1,0,1,0,1,0,1,0,0,1,0,0,0,0,0,0,1,0,0,0
CUS_0x663,22953.95,2180.8291666666664,7,6,13,1,18,11,1.69,50,176.51,38.8314233874429,12.162637525836177,140.7855326404543,345.13474650037614,2023-10-01,2025-10-06 10:50:25.824,24,2,0,1,0,0,0,0,0,0,0,0,1,0,0,0,1,0,0,0,0,0,0,1,0,0
CUS_0x9348,33189.02,2951.751666666666,7,3,19,3,20,10,4.08,70,209.88,31.515644008820715,63.71641944808476,178.23734134163132,367.62060369896386,2023-10-01,2025-10-06 10:50:25.824,23,5,1,0,0,1,0,0,0,1,0,0,0,0,0,0,1,0,0,0,0,0,0,0,0,1
CUS_0x317a,67049.66,5777.471666666667,224,6,11,4,28,12,17.27,130,1247.9,26.413248307443503,139.38857769250166,170.0881896872879,538.2703992868773,2023-10-01,2025-10-06 10:50:25.824,9,2,0,1,1,0,0,0,1,1,0,1,0,0,0,0,1,0,0,0,0,0,0,0,0,1
CUS_0x6399,77603.48,6214.956666666666,10,6,26,7,48,14,21.26,130,3016.53,32.04899220161404,317.85283940875263,53.137362085604074,490.5054651723099,2023-10-01,2025-10-06 10:50:25.824,7,2,0,1,0,1,1,0,1,0,1,1,0,0,0,0,0,0,1,0,0,1,0,0,0,0
CUS_0x1e06,29605.9,2579.1583333333333,8,6,16,3,21,8,0.0,80,786.55,34.808148050292786,53.92845731545354,198.15060882627452,295.8367671916053,2023-10-01,2025-10-06 10:50:25.824,31,2,0,0,0,0,0,0,1,1,0,1,0,0,0,0,1,0,0,0,0,0,1,0,0,0
CUS_0x456d,36368.55,2782.7125,6,5,15,4,10,9,5.9,30,950.56,29.407020068683074,95.43359013792504,327.48674255127287,145.3509173108021,2023-10-01,2025-10-06 10:50:25.824,22,9,0,0,1,0,0,1,0,1,0,0,1,0,0,0,1,0,0,0,0,0,0,0,0,1
CUS_0x7084,30619.71,1965.121357137292,5,3,18,0,34,16,10.06,110,701.44,26.194213809937697,298.52114286270813,84.69864487818658,391.66560512181337,2023-10-01,2025-10-06 10:50:25.824,24,10,0,0,0,0,0,0,0,0,0,1,0,0,0,0,1,0,0,0,1,0,0,0,0,0
CUS_0x4e5c,104273.04,8980.42,1,7,6,2,2,1,3.74,40,658.75,35.77519924682001,100.62891625163314,131.2816427524016,906.1314409959652,2023-10-01,2025-10-06 10:50:25.824,22,10,0,1,0,0,0,1,0,0,0,0,0,0,0,1,0,0,0,0,0,1,0,0,0,0
CUS_0x6578,48776.85000000001,4077.737500000001,10,5,30,4,61,25,0.56,130,2574.82,39.13433828085402,135.32976900507563,541.0061353516029,21.437845643321566,2023-10-01,2025-10-06 10:50:25.824,7,0,1,1,0,1,1,0,0,0,0,1,0,0,0,0,0,1,0,0,0,0,1,0,0,0
CUS_0x68d9,68561.31,5594.4425,6,5,12,2,30,15,8.72,80,93.67,39.17958967244585,58.021273670209816,144.22525633187308,607.197719997917,2023-10-01,2025-10-06 10:50:25.824,30,6,1,0,1,0,0,0,0,0,0,1,0,0,0,0,1,0,0,0,0,0,0,0,0,1
CUS_0x22b3,66174.84,5263.57,8,7,18,4,19,10,11.23,40,951.18,39.60295461407316,150.9081877807035,112.62330686725063,512.8255053520459,2023-10-01,2025-10-06 10:50:25.824,21,0,0,1,0,1,1,1,0,0,0,0,1,0,0,0,1,0,0,0,0,0,0,0,0,1
CUS_0x24df,101275.8,8537.65,4,7,6,0,23,8,16.71,100,616.95,24.45664718329556,0.0,779.396125612653,344.36887438734703,2023-10-01,2025-10-06 10:50:25.824,32,8,0,0,0,0,0,0,0,0,0,1,0,0,0,0,1,0,0,0,0,0,0,0,1,0
CUS_0x4dbd,25138.62,1908.885,8,4,8,3,23,9,6.05,50,329.82,30.35489205412745,39.758206107245606,180.26198144326858,309.9420738004092,2023-10-01,2025-10-06 10:50:25.824,27,8,0,0,0,1,1,0,0,0,1,0,1,0,0,0,0,0,1,0,0,0,1,0,0,0
CUS_0x58f,55324.29,4334.3575,9,637,28,8,64,21,32.18,70,4270.21,33.66734911560125,245.09589182556527,356.56139836235985,121.77845981207493,2023-10-01,2025-10-06 10:50:25.824,8,2,0,1,0,1,0,0,1,0,1,0,0,0,0,0,0,0,1,0,0,0,1,0,0,0
CUS_0x958e,89269.79999999997,7494.149999999999,5,4,12,3,28,12,10.35,20,444.69,33.291837600140056,209.7322460408085,367.1460297159349,432.53672424325663,2023-10-01,2025-10-06 10:50:25.824,19,0,1,0,0,0,0,1,0,1,0,1,0,0,0,0,1,0,0,1,0,0,0,0,0,0
CUS_0x89b9,37085.98,3220.498333333333,7,5,9,6,9,16,17.97,60,1224.04,34.73750546276734,109.80174967842908,131.07229830514848,371.17578534975576,2023-10-01,2025-10-06 10:50:25.824,8,5,0,1,0,0,1,0,1,1,0,1,0,0,0,0,1,0,0,0,0,0,1,0,0,0
CUS_0x9754,129204.92,10508.076666666666,5,6,12,4,8,19,1.54,30,1075.37,24.89440216557849,59083.0,880.1540008194116,173.04278067359462,2023-10-01,2025-10-06 10:50:25.824,24,6,0,1,1,1,0,0,0,1,0,1,0,0,0,0,1,0,0,0,0,0,0,1,0,0
CUS_0xab3a,86304.38,6471.440651520517,5,2,12,1,3,10,2.67,10,6.41,32.902193540042965,748.2370373309957,441.8420079772415,461.315136504579,2023-10-01,2025-10-06 10:50:25.824,32,10,0,0,0,0,0,0,0,0,1,0,1,0,0,1,0,0,0,1,0,0,0,0,0,0
CUS_0xbc4c,15503.65,1581.970833333333,3,5,12,0,6,12,9.43,0,466.65,38.68162782468861,11360.0,19.276732167238286,388.92035116609514,2023-10-01,2025-10-06 10:50:25.824,19,9,0,0,0,0,0,0,0,0,0,1,0,0,0,0,1,0,0,0,1,0,0,0,0,0
CUS_0xbf5c,39656.72,3369.726666666667,7,9,28,7,41,22,26.05,60,3535.37,37.18999945970754,125.84766885277742,121.03433620242134,360.09066161146797,2023-10-01,2025-10-06 10:50:25.824,13,10,1,0,1,0,1,1,0,1,1,1,0,0,0,0,0,0,1,0,0,0,0,0,1,0
CUS_0x472e,81969.24,6707.77,210,8,15,4,41,23,10.56,23480,2015.16,32.493228070151034,188.5425068150913,852.0139530519782,412.10548374384814,2023-10-01,2025-10-06 10:50:25.824,20,6,0,0,1,0,0,0,1,0,1,1,0,0,0,0,0,0,1,0,0,0,1,0,0,0
CUS_0x6e2b,10302.59,888.5491666666667,9,6,34,9,53,24,26.62,150,2845.28,33.18778724890193,47.10193922358414,45.48027070524971,266.27270673783283,2023-10-01,2025-10-06 10:50:25.824,10,0,0,1,1,0,1,1,1,1,0,1,0,0,0,0,0,1,0,0,0,0,0,0,1,0
CUS_0xa19,14773.38,1313.115,8,9,18,0,29,19,4.34,100,2768.74,23.85925798367757,43.30058248120604,10000.0,265.2189964291556,2023-10-01,2025-10-06 10:50:25.824,4,9,1,1,0,1,0,1,0,0,1,1,0,0,0,0,0,1,0,0,0,0,0,0,1,0
CUS_0x5180,45245.52,3533.4600000000005,5,3,16,3,26,16,14.02,110,2057.39,28.413458421076463,86.08896254720142,81.8709680959853,425.38606935681327,2023-10-01,2025-10-06 10:50:25.824,6,9,0,0,0,1,0,0,0,1,0,1,0,0,0,0,1,0,0,0,0,1,0,0,0,0
CUS_0x71b8,72301.62,6100.134999999998,4,3,18,3,13,19,15.87,20,819.37,27.35132042821791,98.9802891989182,248.54490466459546,512.4883061364862,2023-10-01,2025-10-06 10:50:25.824,27,10,0,1,0,0,0,1,0,0,0,1,0,0,0,0,1,0,0,0,1,0,0,0,0,0
CUS_0x55e0,16100.17,1184.680833333333,9,5,20,7,50,16,18.09,100,2375.63,24.68178039545549,85.48267557598885,123.61843272642952,199.36697503091494,2023-10-01,2025-10-06 10:50:25.824,7,0,1,1,0,0,0,0,1,1,0,0,0,0,0,0,1,0,0,0,0,0,1,0,0,0
CUS_0x932,75306.68,6327.556666666666,2,4,6,3,3,2,1.43,20,103.22,26.71500474543646,158.607402385934,720.8823905230204,43.26587375771231,2023-10-01,2025-10-06 10:50:25.824,31,5,0,0,0,0,0,0,0,0,1,0,1,0,0,1,0,0,0,0,0,0,1,0,0,0
CUS_0x9b9e,30174.03,2409.2968724455686,3,2,10,2,1,14,11.13,60,57.51,33.951764900340144,282.27284783006627,102.26756934121799,397.11546038314725,2023-10-01,2025-10-06 10:50:25.824,29,11,0,0,1,0,0,1,0,0,0,0,1,0,0,0,0,0,1,1,0,0,0,0,0,0
CUS_0xc636,33199.13,2703.5941666666668,1,4,3,2,14,10,4.88,0,1255.12,31.17802378651911,35.39775361433377,67.99751706933098,406.9641459830018,2023-10-01,2025-10-06 10:50:25.824,22,4,0,0,0,1,0,1,0,0,0,0,1,0,0,1,0,0,0,0,0,1,0,0,0,0
CUS_0x2f77,107199.66,8795.305,8,3,17,3,5,15,18.03,80,1200.93,35.409526798600915,252.3002450682584,211.47807413065811,675.7521808010836,2023-10-01,2025-10-06 10:50:25.824,15,9,0,0,0,0,0,0,1,0,1,1,0,0,0,0,1,0,0,1,0,0,0,0,0,0
CUS_0x97d1,37885.46,3047.1216666666664,4,7,22,6,30,8,9.61,110,2618.46,24.412645999819983,122.5557919062829,251.45489931313702,220.70147544724674,2023-10-01,2025-10-06 10:50:25.824,14,9,0,1,1,0,0,1,0,0,1,0,0,0,0,0,1,0,0,0,0,0,1,0,0,0
CUS_0xb339,10363.95,786.6625,10,8,25,2,49,15,12.24,120,2220.97,33.881668958264896,11.451281670970676,105.91874312737228,251.2962252016571,2023-10-01,2025-10-06 10:50:25.824,10,2,1,0,0,0,0,1,0,0,0,1,0,0,0,0,1,0,0,0,0,0,0,0,0,1
CUS_0xb59a,36309.76,3097.813333333333,7,8,16,8,59,18,8.74,100,1904.87,29.18413439355337,14037.0,43.35439572034398,358.7668874631346,2023-10-01,2025-10-06 10:50:25.824,13,8,0,1,1,1,1,0,1,0,1,1,0,0,0,0,0,0,1,0,1,0,0,0,0,0
