Customer_ID,Annual_Income,Monthly_Inhand_Salary,Num_Bank_Accounts,Num_Credit_Card,Interest_Rate,Num_of_Loan,Delay_from_due_date,Num_of_Delayed_Payment,Changed_Credit_Limit,Num_Credit_Inquiries,Outstanding_Debt,Credit_Utilization_Ratio,Total_EMI_per_month,Amount_invested_monthly,Monthly_Balance,snapshot_date,_ingested_at_utc,credit_history_age_year,credit_history_age_month,mortgage_loan,auto_loan,credit_builder_loan,personal_loan,not_specified,student_loan,home_equity_loan,payday_loan,debt_consolidation_loan,ohe__payment_of_min_amount__yes,ohe__payment_of_min_amount__no,ohe__payment_of_min_amount__nm,ohe__payment_of_min_amount__unknown,ohe__credit_mix__good,ohe__credit_mix__standard,ohe__credit_mix__bad,ohe__credit_mix__unknown,ohe__payment_behaviour__high_spent_small_value_payments,ohe__payment_behaviour__high_spent_medium_value_payments,ohe__payment_behaviour__high_spent_large_value_payments,ohe__payment_behaviour__low_spent_small_value_payments,ohe__payment_behaviour__low_spent_medium_value_payments,ohe__payment_behaviour__low_spent_large_value_payments,ohe__payment_behaviour__unknown
CUS_0x4156,101996.79,8498.7325,5,6,6,4,8,10,6.94,20,1260.27,34.22827688592352,211.0479856160761,201.1398900323088,677.6853743516151,2024-10-01,2025-10-06 10:52:35.116,25,0,0,0,0,0,0,1,0,1,1,0,1,0,0,0,0,0,1,0,0,0,0,0,0,1
CUS_0x62d,7388.705,441.72541666666666,3,6,30,7,19,19,10.32,110,1911.25,21.743905811912704,35.272634262120974,17.59939309815983,257.0521126784825,2024-10-01,2025-10-06 10:52:35.116,6,8,0,1,1,0,1,1,1,0,1,1,0,0,0,0,1,0,0,0,0,0,0,0,1,0
CUS_0xa677,40656.6,3133.668701538369,0,6,7,1,17,9,1.21,70,681.37,36.82536154046111,62549.0,22.71369237244041,531.3383765012001,2024-10-01,2025-10-06 10:52:35.116,18,2,0,0,0,0,0,1,0,0,0,0,1,0,0,1,0,0,0,0,0,1,0,0,0,0
CUS_0x4c33,74829.56,6521.796666666666,7,9,25,6,49,22,2.46,140,2269.63,38.315817398465946,313.20464688853724,119.9801252371348,458.99489454099466,2024-10-01,2025-10-06 10:52:35.116,17,3,1,0,0,0,1,0,1,0,1,1,0,0,0,0,0,1,0,0,0,0,0,0,0,1
CUS_0x38b6,39447.48,3393.2900000000004,5,7,31,0,25,15,9.41,80,1924.32,25.90649549454686,194.42223742652493,121.2531463085886,273.6536162648865,2024-10-01,2025-10-06 10:52:35.116,14,11,0,1,1,1,1,0,1,0,0,1,0,0,0,0,1,0,0,0,1,0,0,0,0,0
CUS_0x5c7d,7467.86,661.3216666666666,9,10,20,2,35,10,10.84,150,1379.19,24.17507310302073,12.3539576571651,87.64699197158093,256.13121703792063,2024-10-01,2025-10-06 10:52:35.116,14,8,0,0,0,0,0,0,0,1,0,1,0,0,0,0,0,0,1,0,0,0,1,0,0,0
CUS_0xbc67,125141.22,10181.435,5,3,4,4,10,1,5.95,60,377.84,40.56693081544365,281.8616825859369,10000.0,349.4614975649118,2024-10-01,2025-10-06 10:52:35.116,29,4,0,0,1,0,1,0,0,0,1,0,1,0,0,1,0,0,0,0,0,0,0,1,0,0
CUS_0x95d,8815.64,973.6366666666668,10,8,16,6,10,18,24.57,60,3867.93,24.72623523564664,41.10639652817852,26.4890567469048,309.76821339158334,2024-10-01,2025-10-06 10:52:35.116,2,4,0,0,1,1,1,0,0,0,1,1,0,0,0,0,0,1,0,0,0,0,0,1,0,0
CUS_0x176b,44640.32,3792.026666666666,3,6,1,4,4,10,10.19,50,700.43,37.014838488051296,123.47626438268856,422.18202549640716,123.54437678757091,2024-10-01,2025-10-06 10:52:35.116,19,4,0,0,0,1,1,0,0,0,0,0,1,0,0,1,0,0,0,0,0,0,1,0,0,0
CUS_0x3f16,28942.3,2216.858333333333,8,3,13,2,12,17,5.08,30,690.71,27.66626909666259,41.83777444592569,75.44461803058293,354.4034408568247,2024-10-01,2025-10-06 10:52:35.116,31,8,1,0,0,0,0,1,0,0,0,1,0,0,0,0,1,0,0,0,1,0,0,0,0,0
CUS_0x6423,68309.04,5422.231059336125,10,7,18,5,48,22,17.11,140,4249.96,36.31666214086557,782.0998390094411,10000.0,334.98810019014235,2024-10-01,2025-10-06 10:52:35.116,12,2,1,1,0,0,1,0,1,1,0,1,0,0,0,0,0,1,0,0,1,0,0,0,0,0
CUS_0x9bf5,97003.11,8101.5925,8,7,5,4,28,2503,8.11,60,802.47,25.6621551343968,164.35585119648348,546.1114741250092,369.6919246785074,2024-10-01,2025-10-06 10:52:35.116,18,8,1,0,0,0,1,0,0,1,0,1,0,0,0,0,1,0,0,0,0,0,0,0,1,0
CUS_0x63af,3234780.0,7321.9325,8,3,9,1,13,13,19.7,70,447.18,30.046537813748177,40.10478563991012,202.73471959299027,749.3537447670998,2024-10-01,2025-10-06 10:52:35.116,25,6,0,0,0,0,0,0,1,0,0,1,0,0,0,0,1,0,0,1,0,0,0,0,0,0
CUS_0x74f9,68988.68,5942.056666666666,5,4,7,2,14,4,7.15,60,1106.06,26.59085441093557,101.35813094961492,109.52637351288458,623.3211622041673,2024-10-01,2025-10-06 10:52:35.116,32,4,0,0,0,0,1,0,0,0,1,0,1,0,0,1,0,0,0,0,0,1,0,0,0,0
CUS_0x17ff,17574.745,1344.5620833333332,4,3,7,3,19,9,16.26,70,766.72,37.63876297140307,27.02517949812522,52.032435991118604,325.39859284408953,2024-10-01,2025-10-06 10:52:35.116,24,2,0,0,1,0,0,0,1,0,0,1,0,0,0,0,1,0,0,0,0,0,0,0,1,0
CUS_0x1278,12416.06,1171.6716666666666,7,5,20,0,20,15,7.1,70,899.73,36.5150797796143,0.0,10000.0,340.31285383902195,2024-10-01,2025-10-06 10:52:35.116,8,2,0,0,0,0,0,0,0,0,0,1,0,0,0,0,1,0,0,0,0,0,0,0,1,0
CUS_0x9bd6,19531.18,1679.5983333333334,7,10,25,5,29,13,20.74,60,3047.42,34.22326081589221,68.0903573107929,184.8304807429156,205.03899527962486,2024-10-01,2025-10-06 10:52:35.116,1,4,1,1,1,0,1,0,0,0,0,1,0,0,0,0,0,1,0,0,0,0,1,0,0,0
CUS_0x4628,155955.8,12806.316666666666,5,3,2,2,2,5,9.32,30,233.93,35.39246990959171,130.7253093174342,634.9840865019539,794.9222708472785,2024-10-01,2025-10-06 10:52:35.116,24,2,0,0,0,1,0,1,0,0,0,0,1,0,0,0,0,0,1,0,0,0,0,1,0,0
CUS_0x56ce,110711.22,9397.935,4,5,11,0,12,2,11.09,40,251.06,40.99077501563984,0.0,61.173739145042966,1118.619760854957,2024-10-01,2025-10-06 10:52:35.116,17,2,0,0,0,0,0,0,0,0,0,0,1,0,0,1,0,0,0,0,0,1,0,0,0,0
CUS_0x5b80,7512.225,513.0187500000002,7,7,14,5,6,17,11.87,90,540.07,23.82272533190817,20.686107686895213,27.98080462652288,292.6349626865819,2024-10-01,2025-10-06 10:52:35.116,8,8,0,0,0,1,1,1,0,1,0,1,0,0,0,0,0,0,1,0,0,0,1,0,0,0
CUS_0x6c6d,73028.88,5955.740000000002,7,6,34,8,51,16,22.75,90,3641.51,23.15169818675508,425.546778387068,113.74265291696335,288.8459947485071,2024-10-01,2025-10-06 10:52:35.116,14,5,1,1,0,1,1,1,1,0,1,0,0,0,0,0,0,1,0,0,1,0,0,0,0,0
CUS_0x7b0,57626.34,4906.733879333267,3,5,4,3,5,2,9.93,20,85.85,35.733743013517795,259.8403815171133,10000.0,417.28312740541963,2024-10-01,2025-10-06 10:52:35.116,23,6,0,1,0,0,1,0,0,1,0,0,1,0,0,1,0,0,0,1,0,0,0,0,0,0
CUS_0x8b2d,73928.78,6224.731666666668,8,7,11,3,3,16,13.54,80,1457.45,27.45918525650925,150.55981968728418,237.85173483806926,484.06161214131316,2024-10-01,2025-10-06 10:52:35.116,19,8,0,1,0,1,1,0,0,0,0,1,0,0,0,0,1,0,0,0,1,0,0,0,0,0
CUS_0xb0b7,20059.775,1646.6479166666668,3,7,5,4,14,10,10.01,20,841.07,38.55247369193117,46.33143453468136,117.80977944703363,270.5235776849517,2024-10-01,2025-10-06 10:52:35.116,31,4,1,1,0,1,0,0,1,0,0,0,1,0,0,1,0,0,0,0,0,0,0,0,0,1
CUS_0x454c,91870.71,7946.892499999999,2,4,5,2,12,0,17.71,60,90.19,40.06748295319926,105.73724139394965,489.2521965163602,583.3704820240125,2024-10-01,2025-10-06 10:52:35.116,32,5,0,0,0,1,0,1,0,0,0,0,1,0,0,0,0,0,1,1,0,0,0,0,0,0
CUS_0x5993,30352.11,2317.3425,0,4,7,1,8,4,7.1099999999999985,0,644.57,32.93739945958029,16.483566223216688,89.62296249058659,375.62772128619685,2024-10-01,2025-10-06 10:52:35.116,24,0,0,0,0,0,0,1,0,0,0,0,1,0,0,1,0,0,0,0,1,0,0,0,0,0
CUS_0x625d,9654.91,1053.575833333333,6,3,15,2,28,12,6.23,110,968.34,36.61302623653621,11.63328283789586,10000.0,311.70916347799437,2024-10-01,2025-10-06 10:52:35.116,19,9,1,0,0,0,1,0,0,0,0,0,0,0,0,0,1,0,0,0,0,0,0,0,1,0
CUS_0x7180,8373.24,429.77,6,8,27,6,35,15,17.19,100,3625.47,35.95799576628521,29.54021748132355,39.56146721800365,243.8753153006728,2024-10-01,2025-10-06 10:52:35.116,1,11,1,0,0,1,0,1,0,1,1,0,0,0,0,0,0,1,0,0,0,0,0,0,1,0
CUS_0x99ae,19489.28,1388.1066666666666,6,6,20,9,41,18,23.6,150,3651.35,22.9575786599788,138.38837244343932,127.23876013031595,163.18353409291137,2024-10-01,2025-10-06 10:52:35.116,13,0,1,1,1,0,0,0,0,1,1,1,0,0,0,0,0,0,1,0,0,0,0,0,0,1
CUS_0x4e52,82583.61,6785.9675,6,4,10,3,10,16,18.51,50,1072.11,33.18244577715033,172.81377081437097,10000.0,379.665020282049,2024-10-01,2025-10-06 10:52:35.116,25,10,0,0,0,1,0,0,1,0,0,1,0,0,0,0,1,0,0,0,0,0,0,0,1,0
CUS_0x691f,16791.76,1648.313333333333,8,10,33,3,49,13,16.13,90,2463.9,28.17361470376682,31.81138910241956,34.18208887760898,358.2173980709079,2024-10-01,2025-10-06 10:52:35.116,16,8,0,0,0,1,0,1,0,0,0,1,0,0,0,0,1,0,0,0,0,1,0,0,0,0
CUS_0x9e28,34204.8,2725.4,10,5,17,6,31,19,15.52,140,3285.72,32.82152237939089,106.99731417311476,50.40527363344265,375.1374121934425,2024-10-01,2025-10-06 10:52:35.116,1,10,0,1,0,1,0,0,0,1,1,1,0,0,0,0,0,1,0,1,0,0,0,0,0,0
CUS_0xa862,136900.4,11257.366666666669,6,4,10,3,25,19,11.49,0,1327.34,28.94986712907627,178.198182890675,402.4065207201389,815.1319630558528,2024-10-01,2025-10-06 10:52:35.116,30,10,0,0,0,0,0,1,1,1,0,0,1,0,0,1,0,0,0,0,0,0,0,0,1,0
CUS_0xaf78,17414.72,1381.226666666667,7,6,15,6,10,9,12.74,110,1899.54,34.80404340802019,65.37437804712722,165.20837802738848,197.539910592151,2024-10-01,2025-10-06 10:52:35.116,17,8,1,0,1,0,0,0,1,1,0,1,0,0,0,0,1,0,0,0,0,0,1,0,0,0
CUS_0xd07,30608.63,2650.7191666666668,3,6,9,1,10,14,17.04,90,729.74,36.87501919425093,12.919119877903222,64.18987957619292,427.96291721257063,2024-10-01,2025-10-06 10:52:35.116,24,8,1,0,0,0,0,0,0,0,0,1,0,0,0,0,1,0,0,0,0,0,0,0,0,1
CUS_0x45e2,59683.1,5198.591666666666,4,3,5,2,23,22,1.04,30,121.26,39.08908273223653,93.66487501525413,202.91374826061332,483.28054339079915,2024-10-01,2025-10-06 10:52:35.116,26,11,0,1,0,0,0,1,0,0,0,0,1,0,0,0,1,0,0,1,0,0,0,0,0,0
CUS_0x4f32,32469.29,2738.7741666666666,1102,4,9,0,13,2,1.39,60,129.41,38.84082251736911,0.0,49.94337520352821,473.9340414631383,2024-10-01,2025-10-06 10:52:35.116,18,11,0,0,0,0,0,0,0,0,0,0,0,0,0,1,0,0,0,0,1,0,0,0,0,0
CUS_0x669f,15551.68,1542.9733333333334,7,9,32,7,59,13,1.99,150,1660.2,26.445059291248956,86.80393980481142,32.57780357877966,274.91558994974224,2024-10-01,2025-10-06 10:52:35.116,13,9,1,0,0,1,1,0,1,0,1,0,0,0,0,0,0,1,0,0,0,1,0,0,0,0
CUS_0x8697,17916.46,1127.0756092286017,9,9,18,7,61,19,17.21,120,4751.52,35.98056148227971,144.8857496622413,10000.0,207.77267280333348,2024-10-01,2025-10-06 10:52:35.116,11,3,1,0,1,1,0,1,0,1,1,1,0,0,0,0,0,1,0,0,0,0,1,0,0,0
CUS_0x6a6f,18754.65,1588.8875,4,7,12,4,0,11,2.68,50,863.48,30.140927998974806,49.39074925040392,129.7064318169421,259.79156893265395,2024-10-01,2025-10-06 10:52:35.116,22,6,0,1,0,1,1,0,0,0,0,0,1,0,0,1,0,0,0,0,0,0,0,1,0,0
CUS_0x3a96,53579.04,4355.92,9,10,17,6,58,17,20.14,80,4103.78,35.78156892421596,149.6791914718775,116.33966187824416,419.57314664987837,2024-10-01,2025-10-06 10:52:35.116,1,3,1,1,1,0,1,0,0,1,0,1,0,0,0,0,0,1,0,0,1,0,0,0,0,0
CUS_0xb515,14233.31,1044.1091666666666,7,6,20,9,49,18,8.22,60,3711.72,37.58367802471678,77.31063980582034,78.06147134490149,229.03880551594486,2024-10-01,2025-10-06 10:52:35.116,11,4,1,0,0,1,0,1,0,1,1,1,0,0,0,0,0,1,0,0,0,0,0,1,0,0
CUS_0x1f42,18146.26,1442.188333333333,7,7,23,5,30,16,15.25,140,1708.57,24.84074848228204,66.15803759994232,139.44509075562507,218.61570497776592,2024-10-01,2025-10-06 10:52:35.116,18,9,1,0,0,1,0,0,0,1,0,1,0,0,0,0,1,0,0,0,0,0,0,1,0,0
CUS_0x959b,67106.79000000001,5858.232500000001,5,5,6,3,6,19,7.22,40,836.88,42.18586277833413,89.77285447857122,61.45768290195597,674.5927126194729,2024-10-01,2025-10-06 10:52:35.116,18,7,0,0,1,1,1,0,0,0,0,1,0,0,0,0,0,0,1,0,0,1,0,0,0,0
CUS_0x232d,73031.58,5912.965,7,4,6,2,10,15,0.0,20,997.98,40.87394361038665,63.30446282230596,84.37969498206475,693.6123421956295,2024-10-01,2025-10-06 10:52:35.116,22,3,0,0,1,0,0,0,0,0,1,0,1,0,0,0,0,0,1,0,1,0,0,0,0,0
CUS_0x1efa,18598.17,1575.8475,8,7,16,2,16,15,12.21,80,667.98,29.04753521677275,18.896396334305955,45.908162709639434,354.8958292015651,2024-10-01,2025-10-06 10:52:35.116,20,5,0,1,0,0,0,1,0,0,0,1,0,0,0,0,0,0,1,0,0,0,1,0,0,0
CUS_0x9836,26013.73,1904.8108333333328,7,6,5,3,19,19,1.58,10,515.55,25.00915975233498,59.21204297331721,72.16562598768525,309.10341437233086,2024-10-01,2025-10-06 10:52:35.116,21,0,0,0,1,0,0,0,1,0,1,1,0,0,0,0,1,0,0,0,1,0,0,0,0,0
CUS_0xbb04,171547.24,14241.603333333333,2,3,7,4,11,2,3.16,40,1042.68,21.35905054354837,533.8391838116999,10000.0,778.6192799988784,2024-10-01,2025-10-06 10:52:35.116,25,8,0,1,1,0,0,1,0,0,0,0,1,0,0,1,0,0,0,0,0,0,1,0,0,0
CUS_0x1820,39123.42,3020.285,6,5,15,3,5,18,7.47,50,139.77,27.09686219539844,64.49842308960841,145.12143852663803,382.40863838375367,2024-10-01,2025-10-06 10:52:35.116,15,11,0,0,0,0,1,1,1,0,0,1,0,0,0,0,1,0,0,0,0,0,1,0,0,0
CUS_0x8b85,56615.1,4908.925,5,6,5789,1,3,11,0.77,50,1170.66,37.19361764290768,45.61889462713708,135.91701225153864,569.3565931213242,2024-10-01,2025-10-06 10:52:35.116,20,2,0,0,0,0,1,0,0,0,0,0,1,0,0,1,0,0,0,1,0,0,0,0,0,0
CUS_0x3ca6,38107.36,2955.613333333333,8,7,12,3,30,16,1.96,20,1472.7,24.914368731648835,73.57946751809602,255.24154422758056,236.74032158765675,2024-10-01,2025-10-06 10:52:35.116,22,10,0,1,1,0,0,0,0,0,0,0,1,0,0,0,1,0,0,0,0,0,0,0,1,0
CUS_0x9c0,37993.12,3210.0933333333337,1,6,1,4,11,3,5.57,20,537.81,31.81139534643701,110.33114546576871,21.064377830019158,429.6138100375455,2024-10-01,2025-10-06 10:52:35.116,28,11,1,0,0,1,1,1,0,0,0,0,1,0,0,0,0,0,1,0,0,0,0,0,0,1
CUS_0x6cc4,52830.0,4506.5,6,5,30,0,37,19,4.99,100,1606.49,40.6364177250464,369.4844281171925,187.44834060575025,173.71723127705738,2024-10-01,2025-10-06 10:52:35.116,14,9,1,1,1,1,1,1,1,0,0,1,0,0,0,0,0,1,0,0,0,0,0,1,0,0
CUS_0x3f8b,19249.61,1377.134166666667,8,5,20,4,9,23,6.699999999999998,120,2600.77,33.0561960164869,45.64719161424325,50.36036549335534,321.70585955906813,2024-10-01,2025-10-06 10:52:35.116,7,1,1,1,1,0,0,0,1,0,0,1,0,0,0,0,1,0,0,0,0,0,0,1,0,0
CUS_0x5b77,81431.96,6790.996666666668,4,7,5,2,23,19,16.16,70,2352.06,38.92519023231641,104.24903894709792,244.5154965581803,600.3351311613885,2024-10-01,2025-10-06 10:52:35.116,9,6,0,1,1,0,0,0,0,0,0,1,0,0,0,0,1,0,0,0,0,0,0,0,1,0
CUS_0x6f71,65076.0,5160.0,3,5,4,4,9,12,0.0,40,451.78,33.70537752356509,216.28942161757055,10000.0,408.6566784459858,2024-10-01,2025-10-06 10:52:35.116,22,10,0,0,1,0,0,0,0,1,1,0,0,0,0,1,0,0,0,0,0,0,0,1,0,0
CUS_0x788b,146880.84,11704.129773371687,1,6,2,1,25,7,9.04,10,387.53,46.92057453971526,765.9721579054692,130.92718270339398,1248.2478860194506,2024-10-01,2025-10-06 10:52:35.116,24,5,0,1,0,0,0,0,0,0,0,0,1,0,0,1,0,0,0,0,0,1,0,0,0,0
CUS_0xa756,66193.98,5463.165,7,7,11,0,12,19,10.41,50,1166.37,28.376812367463074,0.0,198.40659147008014,597.9099085299199,2024-10-01,2025-10-06 10:52:35.116,20,11,0,0,0,0,0,0,0,0,0,1,0,0,0,0,1,0,0,0,1,0,0,0,0,0
CUS_0xc064,14036.915,1420.7429166666668,0,6,3,0,6,5,8.66,20,678.58,38.05690076982743,0.0,49.634988647528345,382.43930301913844,2024-10-01,2025-10-06 10:52:35.116,16,8,0,0,0,0,0,0,0,0,0,0,1,0,0,0,0,0,1,0,0,0,0,0,0,1
CUS_0x307b,19934.08,1361.1733333333334,7,5,14,2,31,22,1.71,70,311.45,34.62713912178913,24.658223431644696,152.69460434468294,248.7645055570057,2024-10-01,2025-10-06 10:52:35.116,17,10,0,1,0,0,0,0,0,1,0,0,0,0,0,0,1,0,0,0,0,0,0,0,0,1
CUS_0x7be,20282.38,1688.1983333333335,3,7,4,1,8,15,3.95,20,1229.84,32.18004566594818,10.179393748709169,10000.0,387.3767178193945,2024-10-01,2025-10-06 10:52:35.116,24,8,0,0,0,0,1,0,0,0,0,0,1,0,0,1,0,0,0,0,0,1,0,0,0,0
CUS_0x7dec,72245.76,5549.52994623735,9,10,19,5,54,27,1.79,90,4329.12,37.419417446344106,857.3577218887327,217.70501057558516,361.23532129833166,2024-10-01,2025-10-06 10:52:35.116,2,9,1,0,0,0,1,0,1,1,0,1,0,0,0,0,0,1,0,0,1,0,0,0,0,0
CUS_0x1fec,26440.13,2173.3441666666668,5,6,12,4,28,16,6.79,50,68.29,29.847603941845552,61.18174858077448,133.2479074492035,282.9047606366888,2024-10-01,2025-10-06 10:52:35.116,24,6,1,0,1,0,0,0,0,0,1,0,0,0,0,1,0,0,0,1,0,0,0,0,0,0
CUS_0x2d8c,9464.405,875.7004166666667,8,9,19,9,56,16,27.98,100,3814.48,33.171556265934555,64.82523997580627,45.365390226340644,257.37941146451976,2024-10-01,2025-10-06 10:52:35.116,12,4,1,1,0,0,1,0,1,1,1,1,0,0,0,0,0,1,0,0,0,0,0,1,0,0
CUS_0x6e8b,121197.9,10285.825,2,5,11,4,1,12,2.3,60,203.65,39.35366492560021,370.6193016329824,212.7384385763096,685.2247597907083,2024-10-01,2025-10-06 10:52:35.116,21,2,1,0,1,0,1,1,0,0,0,0,1,0,0,1,0,0,0,0,0,1,0,0,0,0
CUS_0xb0c9,80364.48,6578.04,7,10,15,2,18,10,6.3100000000000005,100,1862.22,37.432088312566506,72.59131204373854,163.35206123205938,671.8606267242022,2024-10-01,2025-10-06 10:52:35.116,6,5,1,0,0,0,0,0,1,0,0,1,0,0,0,0,0,0,1,0,1,0,0,0,0,0
CUS_0xbb4a,126780.48,10443.04,7,4,19,0,8,14,7.22,30,421.38,38.28333333122975,0.0,138.30135993718127,1146.0026400628185,2024-10-01,2025-10-06 10:52:35.116,26,3,0,0,0,0,0,0,0,0,0,1,0,0,0,0,1,0,0,0,0,1,0,0,0,0
CUS_0xc566,127118.72,10850.226666666667,5,4,7,4,27,13,10.27,30,853.09,29.13859290132299,247.21061910740084,390.86195853678026,696.9500890224857,2024-10-01,2025-10-06 10:52:35.116,22,11,1,0,1,0,0,1,0,0,1,0,0,0,0,0,0,0,1,0,1,0,0,0,0,0
CUS_0x3c23,14705.9,1479.4916666666666,7,5,19,6,6,17,17.91,40,1190.8,24.62717323128289,57.89304715609222,113.64921568767235,266.4069038229021,2024-10-01,2025-10-06 10:52:35.116,15,11,1,1,1,0,0,1,1,0,1,1,0,0,0,0,1,0,0,0,0,0,1,0,0,0
CUS_0x41b8,8597.69,695.4741666666667,7,6,32,7,48,22,10.59,90,1695.63,26.862637170835985,45.963818800825,60.81793297201481,242.76566489382682,2024-10-01,2025-10-06 10:52:35.116,7,3,1,0,1,0,0,1,1,1,1,1,0,0,0,0,0,1,0,0,0,0,0,1,0,0
CUS_0x76ed,133455.93,11060.3275,0,3,5,3,1,6,1.47,30,822.33,35.730052307160655,284.95658308093084,10000.0,854.7965491463098,2024-10-01,2025-10-06 10:52:35.116,22,5,0,1,0,0,1,0,0,1,0,0,1,0,0,1,0,0,0,0,0,1,0,0,0,0
CUS_0xb32e,121179.4,10202.283333333333,1647,2,8,3,19,12,7.35,60,1399.72,40.06703456297385,162.97154533118163,384.46698266163264,752.7898053405191,2024-10-01,2025-10-06 10:52:35.116,31,11,1,0,0,1,0,0,0,0,1,0,1,0,0,0,0,0,1,0,0,0,0,1,0,0
CUS_0x73d5,66022.26,5382.855,1,4,12,3,3,8,10.47,70,984.03,32.725326074505496,94.49613780258164,309.02404764516024,414.76531455225813,2024-10-01,2025-10-06 10:52:35.116,25,7,1,0,0,0,0,0,0,1,0,0,1,0,0,1,0,0,0,0,0,0,0,1,0,0
CUS_0x4067,17101.62,1350.135,6,9,17,4,41,8,14.34,120,1742.35,31.306875846031428,33.12879517578772,94.1675281251819,297.7171766990304,2024-10-01,2025-10-06 10:52:35.116,12,3,0,0,0,1,0,1,1,0,1,1,0,0,0,0,1,0,0,0,0,0,0,0,0,1
CUS_0x7423,42274.96,3284.913333333333,3,7,1,0,12,8,11.79,20,703.05,38.681580746201945,0.0,226.9443034952692,381.5470298380642,2024-10-01,2025-10-06 10:52:35.116,31,5,0,0,0,0,0,0,0,0,0,0,1,0,0,1,0,0,0,0,0,0,0,1,0,0
CUS_0x4a93,16645.16,1458.2399992630533,8,5,9,799,23,20,5.83,60,896.57,40.76865091344053,134.0588597825484,177.89812733216567,263.4093469555657,2024-10-01,2025-10-06 10:52:35.116,27,4,0,0,1,0,0,0,0,0,0,1,0,0,0,0,1,0,0,0,0,0,1,0,0,0
CUS_0x87a3,40214.54,3470.211666666666,3,5,21,3,26,18,11.99,140,1997.76,40.21733091915802,71.41267637595884,80.38779170754802,435.2206985831598,2024-10-01,2025-10-06 10:52:35.116,12,10,0,0,1,0,1,0,0,0,1,1,0,0,0,0,1,0,0,0,0,1,0,0,0,0
CUS_0x972a,87605.68,7299.473333333332,5,7,19,3,29,16,3.65,60,512.74,40.37466587987946,112.14880092302204,131.18726639955605,746.6112660107553,2024-10-01,2025-10-06 10:52:35.116,30,0,0,0,1,1,0,0,0,0,0,1,0,0,0,0,1,0,0,1,0,0,0,0,0,0
CUS_0xac23,78417.44,6472.286396373682,8,10,21,5,22,14,19.35,120,1656.54,31.46232851198763,514.4630553235647,91.29018667025898,622.0256949658285,2024-10-01,2025-10-06 10:52:35.116,17,4,1,0,1,1,1,0,0,0,0,1,0,0,0,0,1,0,0,0,1,0,0,0,0,0
CUS_0x2543,22438.27,1856.855833333333,7,7,9,4,16,16,11.24,30,167.57,29.52679627395073,58.436307958080775,191.2555412391793,225.99373413607327,2024-10-01,2025-10-06 10:52:35.116,29,4,1,1,0,0,0,1,0,0,1,0,0,0,0,0,1,0,0,0,0,0,1,0,0,0
CUS_0x424c,92599.26,7942.605,0,3,3,0,0,10,5.61,10,454.4,39.614094841990976,0.0,458.94806336946647,605.3124366305335,2024-10-01,2025-10-06 10:52:35.116,28,10,0,0,0,0,0,0,0,0,0,0,0,0,0,1,0,0,0,0,0,0,0,0,1,0
CUS_0x43e7,34963.82,3195.651666666666,6,5,10,4,25,15,9.56,30,879.49,21.79611192234469,108.79608291381334,386.9405900939323,113.82849365892092,2024-10-01,2025-10-06 10:52:35.116,23,5,0,0,0,1,1,0,0,0,1,1,0,0,0,0,1,0,0,0,0,0,1,0,0,0
CUS_0xba8a,99902.37,8249.1975,3,6,1,2,5,5,10.0,30,446.72,36.85368595320436,97.3661220378027,145.95580410083764,821.5978238613595,2024-10-01,2025-10-06 10:52:35.116,16,1,0,0,1,0,0,1,0,0,0,0,1,0,0,1,0,0,0,0,0,1,0,0,0,0
CUS_0x2947,37071.2,3006.2666666666664,1,6,6,4,14,8,11.56,30,869.99,30.49430852608319,74.69027138495908,53.602383645038,432.33401163666963,2024-10-01,2025-10-06 10:52:35.116,18,11,0,0,0,1,0,0,1,1,1,0,1,0,0,1,0,0,0,1,0,0,0,0,0,0
CUS_0x8d6b,104118.69,8853.5575,5,7,5,3,22,15,8.65,90,555.27,39.44680167832376,163.64459709895598,224.92031969657089,736.7908332044733,2024-10-01,2025-10-06 10:52:35.116,21,11,1,0,0,1,0,0,0,0,1,1,0,0,0,0,0,0,1,0,0,1,0,0,0,0
CUS_0x458d,34315.71,3018.6425,4,4,19,2,17,13,13.36,40,24.75,38.864630183203296,37.61166736128091,58.402879327078935,445.84970331164016,2024-10-01,2025-10-06 10:52:35.116,16,2,0,0,0,0,0,0,1,0,1,1,0,0,0,0,1,0,0,0,0,1,0,0,0,0
CUS_0x4ff7,16873.05,1459.0875,6,8,21,7,37,23,0.6699999999999999,110,3600.43,26.981763919880787,94.877309150395,124.79382280463741,240.37819985822782,2024-10-01,2025-10-06 10:52:35.116,6,9,1,0,0,1,0,0,1,1,1,1,0,0,0,0,0,1,0,0,0,0,1,0,0,0
CUS_0x3f74,48610.06,4238.838333333333,5,4,10,3,15,20,14.27,60,1175.65,26.037155785154557,74.05979385768698,212.4564573242553,397.3675821513908,2024-10-01,2025-10-06 10:52:35.116,11,11,0,0,0,1,0,0,1,1,0,1,0,0,0,0,1,0,0,1,0,0,0,0,0,0
CUS_0x540e,58224.1,4676.008333333333,2,2,11,2,7,5,6.21,30,728.5,38.26132248617396,52.943493214668216,10000.0,403.1605260789285,2024-10-01,2025-10-06 10:52:35.116,23,6,0,0,0,0,0,0,1,1,0,0,1,0,0,1,0,0,0,0,0,0,0,0,1,0
CUS_0x104f,11336.835,992.73625,4,6,14,6,30,19,16.44,70,177.98,37.71745659884346,35.56273086250209,133.79735014337106,219.91354399412685,2024-10-01,2025-10-06 10:52:35.116,14,10,0,1,0,1,0,1,0,1,0,0,0,0,0,0,0,0,1,0,0,0,1,0,0,0
CUS_0x1612,143823.12,11901.26,7,4,10,4,14,11,14.6,70,1436.53,39.492493982032464,373.9701559664475,743.3793492041854,352.7764948293672,2024-10-01,2025-10-06 10:52:35.116,31,10,0,1,0,0,0,0,1,1,0,0,0,0,0,0,1,0,0,0,0,0,0,1,0,0
CUS_0x711b,136179.04,11324.253333333336,7,6,16,1,23,19,4.28,80,556.85,40.85451999607565,69.41153844916818,354.0667465238733,958.947048360292,2024-10-01,2025-10-06 10:52:35.116,26,6,0,0,0,0,0,0,0,0,1,0,1,0,0,0,1,0,0,0,0,0,0,0,0,1
CUS_0xb5c3,16285.675,1300.1395833333331,4,3,6,5,26,14,18.67,70,295.08,23.70667950707544,48.84413208671676,102.91004792828659,258.25977831832995,2024-10-01,2025-10-06 10:52:35.116,17,5,0,1,0,1,0,1,0,1,1,1,0,0,0,0,0,0,1,0,0,0,0,1,0,0
CUS_0x735c,20474.27,1797.1891666666668,6,5,16,3,30,12,3.01,60,1123.23,27.85710703334409,37.00176231785736,50.39751758855383,352.3196367602556,2024-10-01,2025-10-06 10:52:35.116,17,10,1,0,1,0,0,0,0,1,0,0,1,0,0,0,1,0,0,1,0,0,0,0,0,0
CUS_0x3710,28012.42,2564.3683333333333,5,7,14,3,24,15,3.93,80,1346.44,26.49925040343235,68.83965450515457,86.58170669889105,371.0154721292878,2024-10-01,2025-10-06 10:52:35.116,24,8,0,0,0,0,1,0,0,1,0,1,0,0,0,0,1,0,0,0,0,0,0,0,1,0
CUS_0x6228,68451.12,5578.259999999998,8,4,8,7,10,12,8.75,60,1215.29,39.85148801484926,361.3247739476069,344.86630782897504,111.63491822341804,2024-10-01,2025-10-06 10:52:35.116,12,0,1,0,0,0,1,0,1,0,1,0,0,0,0,0,1,0,0,1,0,0,0,0,0,0
CUS_0x95d4,52205.88,4348.49,1616,6,5,0,29,12,0.0,40,203.33,37.68351020732253,40.58526111378557,416.15196019587717,268.1117786903372,2024-10-01,2025-10-06 10:52:35.116,28,8,0,0,0,1,0,0,0,0,0,1,0,0,0,0,1,0,0,0,0,0,1,0,0,0
CUS_0x2887,70137.0,5830.75,5,6,17,1,15,5,9.43,70,1416.96,34.71535322550087,45.59523790786416,362.708913867922,444.7708482242138,2024-10-01,2025-10-06 10:52:35.116,26,9,0,0,0,1,0,0,0,0,0,1,0,0,0,0,0,0,1,0,0,0,0,0,1,0
CUS_0xa00a,176295.0,14960.25,5,2,9,2,10,10,1.32,10,44.91,33.25142407276111,158.37373265256596,10000.0,1376.3266925517762,2024-10-01,2025-10-06 10:52:35.116,18,3,0,1,0,0,0,0,1,0,0,0,1,0,0,1,0,0,0,0,0,0,0,0,0,1
CUS_0x50fe,20597.09,1848.424166666667,5,5,18,4,4,15,10.84,70,571.1,31.120066461566523,18423.0,20.579193601251518,372.4157568842812,2024-10-01,2025-10-06 10:52:35.116,15,11,1,0,0,0,0,0,1,1,0,1,0,0,0,0,1,0,0,0,1,0,0,0,0,0
CUS_0x9c7f,59501.97,4736.728430181067,1436,7,32,7,43,20,12.64,90,1279.86,33.48908055082319,606.9464246602677,80.05029938308073,391.72209577558516,2024-10-01,2025-10-06 10:52:35.116,11,6,1,0,1,0,1,1,1,1,0,1,0,0,0,0,1,0,0,0,1,0,0,0,0,0
CUS_0x16f5,119396.91,9949.7425,1,5,7,3,14,2,7.51,10,484.52,40.431025741348094,214.0383410927216,153.80948682505718,867.1264220822212,2024-10-01,2025-10-06 10:52:35.116,29,11,0,1,0,0,0,0,1,1,0,0,1,0,0,0,0,0,1,0,0,1,0,0,0,0
CUS_0x2b4c,37570.83,3081.9025,3,3,4344,0,12,9,2.17,40,1194.37,30.10262485165873,0.0,193.16078399906883,375.02946600093117,2024-10-01,2025-10-06 10:52:35.116,28,5,0,0,0,0,0,0,0,0,0,0,1,0,0,1,0,0,0,1,0,0,0,0,0,0
CUS_0x7d0a,27217.23,2057.1025,3,5,11,7,7,15,10.78,110,901.34,36.6524745694809,145.7568677467819,50.62706786527919,249.3263143879389,2024-10-01,2025-10-06 10:52:35.116,13,2,0,1,1,0,0,1,1,0,1,1,0,0,0,0,1,0,0,0,0,1,0,0,0,0
CUS_0x155b,18309.54,1301.795,3,5,22,2,8,12,18.15,7110,1909.03,24.358217687869665,21.25323932241961,112.08152756436516,276.8447331132153,2024-10-01,2025-10-06 10:52:35.116,20,3,1,0,0,0,0,0,0,0,1,0,0,0,0,0,1,0,0,0,0,0,0,1,0,0
CUS_0x4d12,129762.48,10974.54,0,2,5,0,8,5,11.97,0,1073.62,33.4838422217071,0.0,547.8420520249629,829.6119479750371,2024-10-01,2025-10-06 10:52:35.116,33,1,0,0,0,0,0,0,0,0,0,0,1,0,0,1,0,0,0,0,0,0,0,1,0,0
CUS_0x885,44942.23,3926.185833333333,1,4,7,1,14,15,2.97,40,1058.03,25.92495515862133,26.77840890436768,129.61187959612394,516.2282948328418,2024-10-01,2025-10-06 10:52:35.116,28,10,0,0,0,1,0,0,0,0,0,0,1,0,0,1,0,0,0,0,0,0,0,0,0,1
CUS_0x488b,39560.62,3247.7183333333337,6,10,29,7,22,20,11.66,90,1513.0,29.540484182626468,189.0428085190761,119.10221996373487,266.6268048505225,2024-10-01,2025-10-06 10:52:35.116,20,0,1,1,1,0,0,0,1,0,0,1,0,0,0,0,1,0,0,0,1,0,0,0,0,0
CUS_0x3e47,62901.08,5025.756666666667,4,6,10,3,8,16,18.58,60,228.25,27.40360948091441,81.6412702885858,104.5068894435583,556.4275069345226,2024-10-01,2025-10-06 10:52:35.116,12,3,1,0,0,0,0,0,1,0,1,1,0,0,0,0,1,0,0,0,0,1,0,0,0,0
CUS_0x7749,28485.76,2230.813333333333,6,7,15,6,28,18,10.96,60,4770.24,24.51585750419805,128.89579910766787,149.17888361162173,205.0066506140437,2024-10-01,2025-10-06 10:52:35.116,14,2,1,0,1,0,1,1,1,1,0,1,0,0,0,0,0,1,0,1,0,0,0,0,0,0
CUS_0x2fca,126769.86000000002,10265.155,5,4,6,1,12,5,6.63,10,393.52,33.66156313225653,79.73353789280046,113.34891332298822,1073.4330487842117,2024-10-01,2025-10-06 10:52:35.116,24,5,0,0,1,0,0,0,0,0,0,0,1,0,0,1,0,0,0,0,0,1,0,0,0,0
CUS_0x5b60,45902.25,3974.1875,9,8,24,7,62,19,17.56,90,3321.44,40.277218238734456,164.76838758338198,163.6142455101419,319.0361169064762,2024-10-01,2025-10-06 10:52:35.116,11,3,0,0,1,1,0,1,1,0,1,1,0,0,0,0,0,1,0,0,1,0,0,0,0,0
CUS_0xb5fd,45051.24,3874.27,6,6,6,3,22,16,10.3,110,1014.25,25.24828962135301,73.94070822230266,151.39285123589582,422.0934405418016,2024-10-01,2025-10-06 10:52:35.116,32,2,0,0,0,0,1,1,0,1,0,1,0,0,0,0,1,0,0,1,0,0,0,0,0,0
CUS_0xc723,33386.25,2851.1875,7,5,11,3,26,10,9.97,60,1343.67,40.06811198894221,77.54612496646651,116.9318156570065,340.64080937652705,2024-10-01,2025-10-06 10:52:35.116,14,4,1,0,0,0,0,0,1,0,0,1,0,0,0,0,1,0,0,0,1,0,0,0,0,0
CUS_0x1151,17692.27,1335.3558333333333,6,5,29,6,35,25,28.12,90,3762.64,24.55496970878073,78.44723488236784,167.4413850143566,177.6469634366089,2024-10-01,2025-10-06 10:52:35.116,11,5,0,1,0,1,0,0,1,1,0,1,0,0,0,0,0,1,0,0,0,0,1,0,0,0
CUS_0x1038,129473.16,10959.43,3,4,10,3,28,13,8.61,100,568.21,34.089318015879286,255.32790499097848,1088.2714495635144,32.34364544550715,2024-10-01,2025-10-06 10:52:35.116,20,0,0,0,0,0,0,0,1,1,0,1,0,0,0,0,1,0,0,0,0,0,0,1,0,0
CUS_0x7df9,65630.66,5341.221666666667,4,3,7,3,6,8,4.84,40,1450.15,29.63681509965852,84.12598079011308,45.569176313425466,644.4270095631283,2024-10-01,2025-10-06 10:52:35.116,33,5,0,1,0,0,0,0,0,1,0,1,0,0,0,0,0,0,1,0,0,1,0,0,0,0
CUS_0x1436,167545.24,13785.103333333333,5,4,2,3,14,9,4.77,0,503.23,26.4100669867299,234.9597698827314,826.3808527932746,607.1697106573276,2024-10-01,2025-10-06 10:52:35.116,16,3,0,0,0,1,1,1,0,0,0,0,1,0,0,1,0,0,0,0,0,0,1,0,0,0
CUS_0x17b5,110468.49,8934.7075,0,7,7,1,7,5,7.23,20,1195.71,24.56468212652083,52.45822348897336,879.695383398152,241.3171431128748,2024-10-01,2025-10-06 10:52:35.116,32,0,0,1,0,0,0,0,0,0,0,0,1,0,0,1,0,0,0,0,0,0,0,1,0,0
CUS_0x5ede,11610.355,790.5295833333333,7,1441,16,2,24,17,19.27,70,196.64,38.616794763845775,18.76794286026938,45.14002207171023,305.14499340135376,2024-10-01,2025-10-06 10:52:35.116,21,10,0,1,1,0,0,0,0,0,0,1,0,0,0,0,0,0,1,0,0,0,1,0,0,0
CUS_0x6081,156470.0,12849.166666666664,1,3,8,3,5,8,2.58,30,1382.45,31.87759962975037,261.8310155128568,10000.0,577.6858459523294,2024-10-01,2025-10-06 10:52:35.116,33,3,1,1,0,0,0,0,1,0,0,0,1,0,0,0,0,0,1,0,0,0,0,0,1,0
CUS_0x883b,19092.585,1300.04875,0,65,12,1,14,0,11.11,60,136.25,22.91545610829633,9.390404494385884,21.236050875667466,339.3784196299466,2024-10-01,2025-10-06 10:52:35.116,17,2,0,0,0,0,0,0,1,0,0,0,1,0,0,1,0,0,0,0,0,1,0,0,0,0
CUS_0x9199,60787.32,4850.61,6,6,28,0,59,21,24.93,130,4851.34,35.16656530005152,279.4056538871738,454.74855489415063,30.906791218675608,2024-10-01,2025-10-06 10:52:35.116,1,10,0,1,0,1,0,0,1,1,1,0,0,0,0,0,0,1,0,0,0,0,0,1,0,0
CUS_0x13fa,32394.38,2631.5316666666668,8,10,25,0,28,16,8.41,130,1941.54,23.903920356480054,143.03419884888842,10000.0,65.36739433700674,2024-10-01,2025-10-06 10:52:35.116,19,2,0,0,1,1,0,1,1,1,1,1,0,0,0,0,0,1,0,0,0,0,1,0,0,0
CUS_0x330c,61277.55,4876.4625,5,6,14,2,8,15,15.54,90,1380.47,29.19859506246657,88.56625811708618,195.6119614900188,483.4680303928951,2024-10-01,2025-10-06 10:52:35.116,8,3,0,0,1,0,0,1,0,0,0,1,0,0,0,0,1,0,0,0,0,0,0,1,0,0
CUS_0x554,72196.8,6021.4000000000015,7,5,18,6,12,7,11.83,90,797.53,30.63151534548784,189.3677918655651,210.3392392540448,452.43296888039015,2024-10-01,2025-10-06 10:52:35.116,16,9,1,1,0,1,1,0,1,0,1,1,0,0,0,0,1,0,0,0,1,0,0,0,0,0
CUS_0x6818,34341.62,3150.8016666666667,6,6,2,3,18,19,11.4,60,557.48,38.74256093457184,57.17550716634941,88.57684480310816,419.3278146972091,2024-10-01,2025-10-06 10:52:35.116,30,3,0,0,1,0,0,1,0,0,0,0,1,0,0,0,1,0,0,0,1,0,0,0,0,0
CUS_0x93cd,99600.92,6884.799215430674,6,3,9,1,28,8,10.29,30,490.95,34.16655113918527,1194.7844367520515,10000.0,510.2200725510415,2024-10-01,2025-10-06 10:52:35.116,27,4,0,0,0,0,0,1,0,0,0,0,1,0,0,0,0,0,1,0,0,0,0,0,1,0
CUS_0x4caa,53611.71,4733.6425,6,5,8,3,1,15,20.82,80,1458.84,31.659692258185487,87.35712883849558,75.11073091158946,550.8963902499148,2024-10-01,2025-10-06 10:52:35.116,7,9,1,0,1,0,0,1,0,0,0,1,0,0,0,0,1,0,0,0,0,1,0,0,0,0
CUS_0x5bd2,70922.08,5794.122643294213,10,9,27,8,29,16,8.809999999999997,100,1801.3,24.184720347623287,810.3861550152582,74.95218396373917,213.08775452275245,2024-10-01,2025-10-06 10:52:35.116,11,4,1,0,1,0,1,1,1,0,1,1,0,0,0,0,0,1,0,0,1,0,0,0,0,0
CUS_0x65e9,81481.02,6973.085,3,4,7,2,7,15,8.11,40,211.88,30.240024302316844,69.37983689818253,178.94004554493165,688.988617556886,2024-10-01,2025-10-06 10:52:35.116,25,0,0,1,0,0,0,1,0,0,0,0,1,0,0,0,1,0,0,0,0,1,0,0,0,0
CUS_0x7ccf,14547.7,1157.0259111579346,9,10,26,7,41,15,24.81,100,4499.91,25.405799723472605,67.57052835400135,141.67768656162477,182.46504059310607,2024-10-01,2025-10-06 10:52:35.116,4,8,1,1,0,1,1,0,0,0,1,1,0,0,0,0,0,1,0,0,0,0,0,0,0,1
CUS_0x91b,69073.65,5560.763864309554,6,7,7,6,20,10,16.31,100,509.41,26.85372696114763,473.9121331016598,10000.0,324.6276890242346,2024-10-01,2025-10-06 10:52:35.116,12,2,1,0,0,1,1,0,0,0,1,1,0,0,0,0,1,0,0,0,1,0,0,0,0,0
CUS_0x2993,30660.86,2848.0716666666667,10,7,32,6,48,25,1.52,120,4733.81,22.137298872927683,139.23927269039544,46.179531441745866,339.38836253452536,2024-10-01,2025-10-06 10:52:35.116,4,6,0,0,0,0,0,1,0,1,1,1,0,0,0,0,0,1,0,0,0,1,0,0,0,0
CUS_0x3542,20455.92,1935.66,8,9,30,0,20,21,16.08,90,4176.67,27.54860237377932,48.49145578450728,95.970680722512,339.1038634929808,2024-10-01,2025-10-06 10:52:35.116,7,6,1,1,0,0,1,0,0,1,0,1,0,0,0,0,0,1,0,0,0,0,1,0,0,0
CUS_0x58d8,19135.35,1819.6125,5,5,17,2,21,9,18.4,80,1064.05,31.50632312285295,60290.0,105.73534604739204,340.0945724596288,2024-10-01,2025-10-06 10:52:35.116,24,3,0,1,0,0,0,0,1,0,0,1,0,0,0,0,1,0,0,0,0,0,1,0,0,0
CUS_0x30ed,28634.88,2442.24,6,6,17,8,52,23,8.34,100,3195.0,23.64793459868084,106.5034545416628,223.37851367138387,194.34203178695338,2024-10-01,2025-10-06 10:52:35.116,7,4,0,1,1,1,0,1,1,0,1,1,0,0,0,0,0,1,0,0,0,0,0,1,0,0
CUS_0x3474,115800.54,9860.045,4,4,9,1,2,2,11.9,20,194.96,27.38654757622209,81.74203565720637,235.23332853741817,939.0291358053756,2024-10-01,2025-10-06 10:52:35.116,25,8,0,0,0,0,0,0,0,1,0,0,1,0,0,1,0,0,0,0,0,0,0,0,1,0
CUS_0xb7b3,14538.09,1422.5075,10,8,22,7,23,21,8.6,90,3609.22,38.756684889805705,60.22433608539001,50.41035106506402,291.61606284954604,2024-10-01,2025-10-06 10:52:35.116,13,0,1,1,1,1,0,1,1,0,0,1,0,0,0,0,0,1,0,1,0,0,0,0,0,0
CUS_0x1193,31877.72,2571.476666666667,2,5,20,1,29,13,4.46,40,886.59,28.72954070561974,21.794375249782988,82.33899418272938,403.0142972341543,2024-10-01,2025-10-06 10:52:35.116,25,3,0,0,1,0,0,0,0,0,0,0,0,0,0,0,1,0,0,0,1,0,0,0,0,0
CUS_0x45cc,15251.19,1144.9325,6,6,18,5,22,16,9.85,80,1889.3,25.95440592256178,43.745760374483176,72.25748608692236,269.38396034808306,2024-10-01,2025-10-06 10:52:35.116,5,9,1,1,1,0,1,0,0,1,0,1,0,0,0,0,1,0,0,1,0,0,0,0,0,0
CUS_0x55b3,19606.68,1341.2984751272948,5,3,31,4,20,8,12.15,100,1812.46,26.053633897512743,68158.0,57.761448472115546,341.28553836539004,2024-10-01,2025-10-06 10:52:35.116,11,5,0,0,0,0,1,1,0,1,0,0,0,0,0,0,1,0,0,0,0,0,1,0,0,0
CUS_0x99e5,9183.32,769.2766666666665,6,8,19,6,44,20,2.81,100,2032.49,23.28286899024308,33.40075942337548,75.33209084113824,258.1948164021529,2024-10-01,2025-10-06 10:52:35.116,6,2,1,0,0,0,1,1,0,0,1,1,0,0,0,0,0,1,0,0,0,0,0,0,0,1
CUS_0x1f7d,20357.29,1720.440833333333,3,5,16,2,16,19,9.81,40,2552.06,27.49509804412452,33.782528536080925,72.84393601684852,315.41761878040387,2024-10-01,2025-10-06 10:52:35.116,7,11,0,1,0,0,1,0,0,0,0,1,0,0,0,0,1,0,0,0,1,0,0,0,0,0
CUS_0x87c5,120174.4,10016.533333333333,7,4,6,1,19,14,15.670000000000002,70,828.59,44.04210487179496,94.89845431459952,113.26595163538636,1033.4889273833473,2024-10-01,2025-10-06 10:52:35.116,18,1,1,0,0,0,0,0,0,0,0,1,0,0,0,0,1,0,0,0,0,1,0,0,0,0
CUS_0x9dd5,61732.23,5031.3525,8,3,5,0,14,17,8.9,60,1408.55,35.734120711416445,0.0,144.30866335015085,608.8265866498492,2024-10-01,2025-10-06 10:52:35.116,18,3,0,0,0,0,0,0,0,0,0,1,0,0,0,0,0,0,1,0,1,0,0,0,0,0
CUS_0x85b2,143355.8,12139.316666666666,1,4,12,3,3,5,2.81,60,330.98,38.930061869612366,298.19120970015734,181.24218604618173,974.4982709203276,2024-10-01,2025-10-06 10:52:35.116,30,0,0,1,0,0,0,0,1,0,0,0,0,0,0,1,0,0,0,0,0,1,0,0,0,0
CUS_0xe7a,7711.97,395.66416666666674,10,5,29,7,57,21,30.08,100,4709.03,26.277348756705926,29.560299819957542,44.31139440218709,255.69472244452203,2024-10-01,2025-10-06 10:52:35.116,0,11,1,1,0,1,0,0,1,1,1,1,0,0,0,0,0,1,0,0,0,0,1,0,0,0
CUS_0x1410,96882.93,8229.5775,5,6,6,614,4,0,14.61,40,355.41,27.312835269572176,73.17372328423092,180.20040454139752,809.5836221743716,2024-10-01,2025-10-06 10:52:35.116,31,1,0,0,0,0,0,0,0,0,1,0,0,0,0,1,0,0,0,0,0,1,0,0,0,0
CUS_0x96bc,64721.58,5129.465,3,6,5,1,18,14,10.15,30,559.19,29.91467319293764,33.16452452505645,566.0976512824943,203.68432419244914,2024-10-01,2025-10-06 10:52:35.116,30,8,0,1,0,0,0,0,0,0,0,1,0,0,0,0,1,0,0,0,0,0,1,0,0,0
CUS_0x751c,177696.92,15090.076666666668,5,5,9,1,13,8,11.5,70,1182.91,30.29266350743154,74.73259030211977,905.7329560537503,788.5421203107968,2024-10-01,2025-10-06 10:52:35.116,26,0,1,0,0,0,0,0,0,0,0,0,1,0,0,1,0,0,0,1,0,0,0,0,0,0
CUS_0x8988,16017.57,1202.7975,1,7,3,1,9,12,1.59,30,789.47,37.41348039381589,7.428221880090812,80.53986691749559,322.31166120241363,2024-10-01,2025-10-06 10:52:35.116,22,4,0,0,0,0,1,0,0,0,0,0,1,0,0,1,0,0,0,0,0,0,1,0,0,0
CUS_0xab65,36368.77,3229.730833333333,7,3,12,4,23,16,5.76,60,347.66,32.11665474867609,83.04488446676766,75.68767249367558,404.2405263728901,2024-10-01,2025-10-06 10:52:35.116,19,6,1,1,0,0,0,0,0,0,0,0,1,0,0,0,1,0,0,0,0,1,0,0,0,0
CUS_0x9bd1,46850.7,3837.225,5,4,20,5,12,12,7.23,100,1676.93,36.52901158390732,194.8209167843006,255.9804543559272,380.82965867831564,2024-10-01,2025-10-06 10:52:35.116,15,11,0,1,0,0,0,1,0,1,0,1,0,0,0,0,1,0,0,0,0,1,0,0,0,0
CUS_0xe16,37976.68,2997.723333333333,9,9,18,7,56,24,23.07,120,4505.1,26.22120684527024,148.7656991874882,40.587113729614224,350.41952041623085,2024-10-01,2025-10-06 10:52:35.116,8,10,0,1,1,1,0,1,0,0,0,1,0,0,0,0,0,1,0,0,0,1,0,0,0,0
CUS_0x39cf,38839.22,3272.601666666667,8,4,5633,3,24,9,1.83,40,1203.51,26.66684106081089,64.69525018369,39.69590571116053,366.8462282707251,2024-10-01,2025-10-06 10:52:35.116,31,11,0,1,0,1,0,1,0,0,0,1,0,0,0,0,1,0,0,1,0,0,0,0,0,0
CUS_0x691e,111346.92,8251.844775035865,2,4,8,1,3,0,8.48,20,1044.35,41.96720362703493,35222.0,74.47364367182793,1020.1805089217821,2024-10-01,2025-10-06 10:52:35.116,30,8,0,0,0,0,1,0,0,0,0,0,0,0,0,1,0,0,0,0,0,1,0,0,0,0
CUS_0x4981,17638.365,1341.8637500000002,5,1,2,1,5,3,8.61,50,385.34,32.52447453009117,9.986938807921495,10000.0,345.2642938957238,2024-10-01,2025-10-06 10:52:35.116,21,11,0,0,0,0,1,0,0,0,0,0,1,0,0,1,0,0,0,1,0,0,0,0,0,0
CUS_0x1277,13762.45,910.8708333333334,7,6,13,5,14,8,8.39,60,720.94,28.35485366787169,3653.0,10000.0,285.2506638926351,2024-10-01,2025-10-06 10:52:35.116,11,5,0,0,1,1,1,0,0,0,1,0,0,0,0,0,1,0,0,0,0,0,1,0,0,0
CUS_0x7189,62096.31,5151.6925,3,7,17,4,28,15,9.58,40,2364.63,24.595710254708127,132.17491327320653,485.5201565940145,187.474180132779,2024-10-01,2025-10-06 10:52:35.116,10,8,0,1,0,0,1,0,0,0,1,0,0,0,0,0,0,0,1,0,0,0,0,0,0,1
CUS_0x9000,10503.925,986.3270833333332,3,7,19,4,26,15,5.98,0,431.78,40.168212369397104,17.608191570210682,129.35041343472716,241.6741033283955,2024-10-01,2025-10-06 10:52:35.116,21,10,0,0,1,0,1,0,1,1,0,0,0,0,0,0,1,0,0,0,0,0,1,0,0,0
CUS_0x9c96,17291.27,1199.302042359448,10,9,20,0,26,16,3.86,80,4231.86,32.498706964549896,132.78891655076842,86.94624175333065,220.59588266978642,2024-10-01,2025-10-06 10:52:35.116,8,3,1,0,0,1,1,0,0,1,0,1,0,0,0,0,0,1,0,0,0,0,1,0,0,0
CUS_0x35ea,52837.29,4230.1075,6,9,31,6,43,24,15.47,150,4969.21,25.478840581550177,144.29619545715238,113.3892314444046,415.32532309844316,2024-10-01,2025-10-06 10:52:35.116,12,9,1,0,1,1,0,0,1,1,0,1,0,0,0,0,0,1,0,0,1,0,0,0,0,0
CUS_0x38aa,10363.34,844.6116666666667,4,4,9,3,25,13,17.95,80,64.53,29.15269971131936,13.96537289684516,48.54607513666338,281.9497186331581,2024-10-01,2025-10-06 10:52:35.116,13,7,0,1,0,0,0,0,0,0,1,1,0,0,0,0,0,0,1,1,0,0,0,0,0,0
CUS_0x4a3c,95768.85,8115.7375,8,7,16,0,26,10,17.23,90,1382.52,29.2994675040015,268.7903299071447,826.4665273651939,6.31689272766141,2024-10-01,2025-10-06 10:52:35.116,15,11,1,1,0,1,0,0,0,1,0,1,0,0,0,0,1,0,0,0,0,0,1,0,0,0
CUS_0x7c47,15363.22,1286.2683333333332,7,5,22,6,27,19,11.79,80,2456.24,37.01085177615752,5442.0,41.9577548141124,285.15248461414564,2024-10-01,2025-10-06 10:52:35.116,9,2,1,0,1,0,0,1,1,1,0,1,0,0,0,0,0,0,1,1,0,0,0,0,0,0
CUS_0x2fb0,42162.24,3782.52,6,6,1,2,15,16,7.13,20,664.7,30.941005098776277,56.148421001661326,236.98166223902686,355.12191675931183,2024-10-01,2025-10-06 10:52:35.116,31,8,0,0,0,0,0,0,0,1,1,0,1,0,0,0,1,0,0,0,0,0,0,0,1,0
CUS_0x494b,8984.62,575.7183333333334,8,4,18,7,11,11,14.27,90,720.17,29.61205663167473,31.08619500314969,57.2150730859356,249.27056524424805,2024-10-01,2025-10-06 10:52:35.116,16,9,0,1,1,1,0,1,0,0,0,1,0,0,0,0,1,0,0,0,0,0,0,1,0,0
CUS_0x7264,20234.93,1684.2441666666666,6,9,18,9,58,17,24.66,80,3695.47,22.896179680961264,105.1741959347762,45.072304981782715,268.1779157501078,2024-10-01,2025-10-06 10:52:35.116,4,8,1,1,1,0,1,1,1,0,1,0,0,0,0,0,0,1,0,0,1,0,0,0,0,0
CUS_0x8bb5,33907.86,2562.655,3,7,8,2,7,9,2.04,20,1354.46,30.03399446010209,36.35654730756562,286.7839785292333,223.1249741632011,2024-10-01,2025-10-06 10:52:35.116,22,6,0,0,0,0,1,0,0,1,0,0,1,0,0,1,0,0,0,0,0,0,1,0,0,0
CUS_0x1123,15264.98,1266.0816666666667,6,5,34,3,23,14,9.68,140,2375.88,24.094344057885515,50563.0,136.95202265544256,242.8660473000196,2024-10-01,2025-10-06 10:52:35.116,8,10,0,1,1,0,0,0,1,0,0,1,0,0,0,0,0,1,0,0,0,0,1,0,0,0
CUS_0x22a1,17024.05,1454.0827083496192,3,4,12,6,16,17,15.42,120,1473.4,34.2528205775014,74.01477911733603,107.2754111227952,250.2650180769164,2024-10-01,2025-10-06 10:52:35.116,8,2,0,1,0,0,1,1,0,1,1,1,0,0,0,0,1,0,0,0,0,0,0,1,0,0
CUS_0x31ce,16864.18,1474.3483333333334,5,4,18,4,24,5,15.3,60,262.98,38.042539290311815,44.271841545338994,148.5119919752799,244.65099981271447,2024-10-01,2025-10-06 10:52:35.116,24,9,1,1,1,0,0,0,0,0,0,1,0,0,0,0,1,0,0,0,0,0,1,0,0,0
CUS_0x767f,29986.48,2655.873333333333,10,7,18,7,49,16,15.86,160,3836.36,30.86240776614933,120.76575688449633,105.1397025188662,289.68187392997083,2024-10-01,2025-10-06 10:52:35.116,1,5,0,1,0,0,1,0,1,1,0,1,0,0,0,0,0,1,0,0,1,0,0,0,0,0
CUS_0x92a3,33816.41,2772.034166666667,4,4,8,0,5,4,10.36,70,308.06,32.75014306166962,0.0,46.5335012655593,480.6699154011074,2024-10-01,2025-10-06 10:52:35.116,18,4,0,0,0,0,0,0,0,0,0,0,1,0,0,1,0,0,0,0,1,0,0,0,0,0
CUS_0x3f69,18515.18,1651.9316666666666,8,8,28,5,53,18,19.91,120,2346.29,37.9327789686236,59.1964716298378,12.625373803524225,333.3713212333047,2024-10-01,2025-10-06 10:52:35.116,20,4,0,1,0,0,1,1,0,0,1,1,0,0,0,0,0,1,0,0,0,1,0,0,0,0
CUS_0x4c13,37691.17,3321.9308333333333,4,4,5,0,6,9,8.56,30,209.34,28.99128528821109,0.0,47.29904611963399,524.8940372136993,2024-10-01,2025-10-06 10:52:35.116,20,8,0,0,0,0,0,0,0,0,0,0,1,0,0,1,0,0,0,0,0,1,0,0,0,0
CUS_0x53aa,55139.82,4703.985,3,4,5,0,31,10,8.4,110,95.73,24.01618613644466,110.39204004833772,286.00755967272494,353.99890027893736,2024-10-01,2025-10-06 10:52:35.116,25,4,1,1,0,0,0,1,0,0,0,1,0,0,0,0,0,0,1,0,0,0,0,1,0,0
CUS_0x6c23,51324.82,4350.068333333334,7,3,11,1,22,12,7.49,120,138.16,29.000093819544716,28.735661767051905,94.91192409904957,551.3592474672319,2024-10-01,2025-10-06 10:52:35.116,18,2,0,0,0,0,0,1,0,0,0,1,0,0,0,0,0,0,1,0,0,1,0,0,0,0
CUS_0x8d39,40740.44,3331.036666666667,4,3,10,0,29,10,0.0,100,247.04,31.02278314710385,144.41115676051984,69.24343036838307,369.44907953776385,2024-10-01,2025-10-06 10:52:35.116,18,6,0,0,1,0,1,0,1,1,0,1,0,0,0,0,0,0,1,0,1,0,0,0,0,0
CUS_0xc718,18105.32,1692.7766666666666,5,6,7,1,8,7,5.69,20,211.46,29.154000619276346,13.311335329117172,171.95037062559845,274.01596071195104,2024-10-01,2025-10-06 10:52:35.116,32,0,0,0,0,1,0,0,0,0,0,0,1,0,0,1,0,0,0,0,0,0,1,0,0,0
CUS_0x6732,140390.32,11888.193333333336,5,2,4,3,3,0,4.67,60,1423.23,38.62118068671897,182.16042377680043,882.9449517014427,393.7139578550904,2024-10-01,2025-10-06 10:52:35.116,31,3,0,0,1,0,0,0,1,1,0,0,1,0,0,1,0,0,0,0,0,0,0,0,1,0
CUS_0x9ae0,58754.97,5189.2475,8,8,29,5,23,16,13.39,110,2632.8,30.85526679216123,236.5745284605548,72.41735904961044,459.9328624898348,2024-10-01,2025-10-06 10:52:35.116,13,10,1,0,1,1,1,0,0,0,1,1,0,0,0,0,1,0,0,0,1,0,0,0,0,0
CUS_0x7e94,46162.62,3548.885,10,5,16,2,44,19,6.45,70,1788.63,37.6382216336937,65.95681940846613,128.17181731143216,410.7598632801018,2024-10-01,2025-10-06 10:52:35.116,16,0,0,0,0,1,0,0,0,0,1,1,0,0,0,0,0,1,0,0,1,0,0,0,0,0
CUS_0x2507,12186.425,991.5354166666666,6,5,8,1,20,22,8.95,60,176.84,29.234828719917736,9.584437904114782,99.39829826585373,280.17080549669816,2024-10-01,2025-10-06 10:52:35.116,18,6,0,0,0,1,0,0,0,0,0,0,1,0,0,1,0,0,0,0,0,0,0,0,0,1
CUS_0x3422,17510.865,1277.2387500000002,7,4,10,4,18,16,1.0,30,1053.65,24.18387183601847,38.06957540911874,142.88534029475306,236.76895929612823,2024-10-01,2025-10-06 10:52:35.116,28,11,0,0,0,1,0,0,0,1,1,0,1,0,0,0,0,0,1,0,0,0,1,0,0,0
CUS_0x1ebe,72195.24,6270.27,3,7,5,1,17,10,9.44,70,1248.19,26.654640139747286,47.06610258682532,113.94394730107707,706.0169501120978,2024-10-01,2025-10-06 10:52:35.116,21,6,0,0,0,1,0,0,0,0,0,1,0,0,0,0,1,0,0,0,0,1,0,0,0,0
CUS_0x4c9c,83962.92,7148.91,6,7,26,6,62,18,2.97,110,1978.1,25.086816508817268,416.6088071622655,628.3123037504122,66.92082863562172,2024-10-01,2025-10-06 10:52:35.116,12,10,0,0,1,1,0,0,1,1,1,1,0,0,0,0,0,1,0,0,0,0,1,0,0,0
CUS_0x9972,28191.89,2540.3241666666668,8,6,18,0,25,15,8.62,40,628.61,37.88518063578604,109.84010651765811,73.2389969128122,340.9533132361963,2024-10-01,2025-10-06 10:52:35.116,19,0,0,0,1,1,1,0,1,0,1,1,0,0,0,0,1,0,0,0,0,0,0,0,1,0
CUS_0x2208,78956.73,6523.7275,7,3,14,2,30,19,10.87,5150,436.82,25.85655843068692,128.55865363961078,313.7803202982751,490.03377606211404,2024-10-01,2025-10-06 10:52:35.116,22,2,0,0,0,0,0,0,0,1,1,1,0,0,0,0,0,0,1,0,0,0,0,1,0,0
CUS_0x3b1b,80918.14,6444.178333333332,2,5,8,4,11,6,3.32,10,216.05,35.249735913430726,192.7597872092913,100.52046434577437,601.1375817782678,2024-10-01,2025-10-06 10:52:35.116,31,8,1,0,1,0,0,0,0,1,1,0,1,0,0,1,0,0,0,0,1,0,0,0,0,0
CUS_0x73c2,116721.18,9552.765,1,0,12,1,4,9,10.12,30,48.88,33.27088239123336,82.91422168665417,241.94688178538445,880.4153965279613,2024-10-01,2025-10-06 10:52:35.116,22,10,0,0,0,0,0,0,0,1,0,0,1,0,0,1,0,0,0,0,1,0,0,0,0,0
CUS_0x7a4a,58832.19,4827.6825,8,3,10,3,12,12,8.02,0,809.32,37.85392670553621,121.41899467743406,59.204529472855704,542.1447258497103,2024-10-01,2025-10-06 10:52:35.116,22,11,0,0,0,0,0,1,0,0,1,0,1,0,0,0,1,0,0,0,0,1,0,0,0,0
CUS_0xbded,142815.12,11940.26,1,2,12,4,7,12,5.84,10,651.92,26.948203994637613,297.58211711596147,10000.0,443.1905412187964,2024-10-01,2025-10-06 10:52:35.116,18,5,0,1,1,0,0,1,1,0,0,0,1,0,0,1,0,0,0,0,0,0,0,1,0,0
CUS_0x8563,67503.36,5542.28,7,5,18,1,12,17,9.52,60,323.93,33.620835809370355,36.81702733061365,10000.0,609.6354467403618,2024-10-01,2025-10-06 10:52:35.116,19,5,0,0,0,0,0,0,0,1,0,0,1,0,0,0,1,0,0,0,0,0,0,0,1,0
CUS_0x6ba,58162.12,4942.843333333333,8,4,13,2,15,19,1.39,40,1301.9,27.75142975356131,60.10999657855808,433.58182821947935,270.5925085352959,2024-10-01,2025-10-06 10:52:35.116,28,9,0,0,0,0,1,0,0,0,1,0,1,0,0,0,1,0,0,0,0,0,0,0,1,0
CUS_0x9014,59502.28,4939.5233333333335,2,620,1,4,9,2,11.21,40,395.15,29.98262431315756,188.69432121871463,190.509248712178,364.7487634024407,2024-10-01,2025-10-06 10:52:35.116,25,8,0,1,0,0,0,1,1,0,0,0,1,0,0,1,0,0,0,0,1,0,0,0,0,0
CUS_0xadf2,99663.0,8551.25,5,3,7,4,13,0,9.5,40,96.62,31.83007542277082,293.3183173705733,542.7549577060747,603.8739642823326,2024-10-01,2025-10-06 10:52:35.116,21,0,1,0,0,1,0,0,0,1,1,0,0,0,0,1,0,0,0,0,1,0,0,0,0,0
CUS_0x18e1,36722.53,2933.210833333333,3,6,4,0,10,10,4.2,20,328.05,25.93032922677787,0.0,108.76142067477548,434.5596626585577,2024-10-01,2025-10-06 10:52:35.116,29,9,0,0,0,0,0,0,0,0,0,0,1,0,0,0,0,0,1,0,1,0,0,0,0,0
CUS_0x8e72,37813.97,3233.164166666667,5,6,11,2,13,5,4.91,40,880.43,28.988674890650948,36.01705179340833,10000.0,496.32376835472235,2024-10-01,2025-10-06 10:52:35.116,18,5,0,0,0,0,0,0,1,1,0,0,1,0,0,1,0,0,0,0,0,1,0,0,0,0
CUS_0x23a5,29404.31,2359.3591666666666,6,25,9,1,22,2072,7.35,40,1288.52,25.663174705675736,22.42331614603441,119.5061424758902,364.00645804474215,2024-10-01,2025-10-06 10:52:35.116,23,11,0,0,1,0,0,0,0,0,0,0,1,0,0,1,0,0,0,0,0,0,0,0,1,0
CUS_0x30cf,18927.65,1779.3041666666668,6,7,24,6,12,15,3.61,120,1942.4,38.606387000693786,62.54025240291996,48.10410272722273,317.286061536524,2024-10-01,2025-10-06 10:52:35.116,19,11,1,1,0,1,0,1,1,0,0,1,0,0,0,0,1,0,0,0,1,0,0,0,0,0
CUS_0x9f1a,66978.24,5473.52,8,4,12,3,5,12,10.37,0,462.74,24.559556145956844,165.49414388054322,184.767789591198,447.0900665282589,2024-10-01,2025-10-06 10:52:35.116,24,0,0,0,0,1,0,0,0,1,1,1,0,0,0,0,1,0,0,0,1,0,0,0,0,0
CUS_0x1607,85062.63,6988.552500000002,8,3,16,2,30,19,17.38,4480,321.89,38.16501117966332,124.16532149135784,707.1932943068317,147.4966342018106,2024-10-01,2025-10-06 10:52:35.116,17,10,0,0,1,1,0,0,0,0,0,1,0,0,0,0,1,0,0,0,0,0,0,1,0,0
CUS_0x1f19,109480.98,9031.415,5,4,9,0,23,8,14.04,16680,372.34,25.86006214854697,0.0,471.24322683818366,701.8982731618165,2024-10-01,2025-10-06 10:52:35.116,28,2,0,0,0,0,0,0,0,0,0,1,0,0,0,0,1,0,0,0,0,0,0,0,1,0
CUS_0x5b87,18572.01,1397.6674999999998,5,7,14,6,28,17,23.91,100,1705.24,22.98712511306379,73.57903944342651,147.91302877763118,208.2746817789423,2024-10-01,2025-10-06 10:52:35.116,18,0,0,1,0,0,1,1,0,1,0,0,0,0,0,0,0,0,1,0,0,0,1,0,0,0
CUS_0x6f1b,29441.38,2550.4483333333333,7,4,10,4,13,9,0.0,0,1276.05,25.77793318035385,76493.0,34.87673018928551,386.5687123354619,2024-10-01,2025-10-06 10:52:35.116,18,0,0,0,0,1,0,0,1,1,0,1,0,0,0,0,1,0,0,0,0,1,0,0,0,0
CUS_0xadbe,30776.8,2325.733333333333,6,6,26,9,50,25,3.02,120,1309.32,33.47246347382589,200.4641583229066,43.36154581619955,228.7476291942272,2024-10-01,2025-10-06 10:52:35.116,15,10,0,1,1,1,1,1,1,1,1,1,0,0,0,0,0,1,0,0,0,1,0,0,0,0
CUS_0xbf99,28023.75,2023.243166527857,5,7,18,1,21,18,14.24,70,428.84,33.18187825106857,296.10383418725087,31.50816439059765,417.2885848942943,2024-10-01,2025-10-06 10:52:35.116,22,0,0,0,0,0,0,0,0,0,1,1,0,0,0,0,1,0,0,0,0,1,0,0,0,0
CUS_0x2665,65000.73,5588.7275,7,4,18,3,6,14,7.08,0,1346.77,35.88113751486973,151.8025374221666,145.9182031153037,511.1520094625297,2024-10-01,2025-10-06 10:52:35.116,29,2,0,0,1,0,0,1,0,0,1,1,0,0,0,0,1,0,0,0,1,0,0,0,0,0
CUS_0x5d7e,61463.94,5480.873642746117,7,8,30,9,45,17,5.79,70,1751.87,38.31221466525819,256.96642950139216,245.4632095198854,137.69121823260477,2024-10-01,2025-10-06 10:52:35.116,12,3,1,0,1,0,0,1,1,1,1,1,0,0,0,0,0,0,1,0,0,0,0,0,0,1
CUS_0x716d,57652.54,4968.378333333333,0,7,5,0,12,0,11.95,20,1401.5,35.27507052785757,36.559939561081656,168.14324084600486,542.1346529262469,2024-10-01,2025-10-06 10:52:35.116,30,9,0,0,0,0,0,0,0,1,0,0,1,0,0,1,0,0,0,0,0,0,0,0,0,1
CUS_0x269a,131865.0,11158.75,5,7,8,3,19,10,10.65,10,602.02,40.68632915891824,189.2079091199538,209.3176351041933,957.3494557758528,2024-10-01,2025-10-06 10:52:35.116,27,4,0,1,0,0,0,0,1,0,0,0,0,0,0,1,0,0,0,0,0,1,0,0,0,0
CUS_0x41f0,18507.0,1561.25,6,3,14,4,26,13,7.07,50,1814.83,36.49618462023833,34.039146316581714,71.64193474708483,330.4439189363335,2024-10-01,2025-10-06 10:52:35.116,10,3,0,0,0,1,1,0,0,1,1,1,0,0,0,0,0,0,1,0,0,0,0,1,0,0
CUS_0x5591,18371.27,1295.9391666666668,10,10,27,5,63,16,8.17,90,2307.33,23.07337858940116,52.00120160422738,83.27692225915112,284.3157928032882,2024-10-01,2025-10-06 10:52:35.116,10,11,1,1,0,0,0,0,1,1,0,1,0,0,0,0,1,0,0,0,0,0,1,0,0,0
CUS_0xd50,43771.85,3600.6541666666667,4,3,9,1,0,1,3.78,10,1337.25,37.22730816065108,29.648878805313085,45.18657276595503,525.2299650953986,2024-10-01,2025-10-06 10:52:35.116,25,9,0,0,0,0,0,1,0,0,0,0,1,0,0,1,0,0,0,0,0,1,0,0,0,0
CUS_0x4e1f,44454.07,3678.505833333333,0,4,6,0,11,7,11.51,30,576.84,39.59062135173299,0.0,109.71870583149612,508.1318775018372,2024-10-01,2025-10-06 10:52:35.116,28,11,0,0,0,0,0,0,0,0,0,0,1,0,0,0,0,0,1,0,1,0,0,0,0,0
CUS_0x6f65,74647.47,6173.6225,8,4,20,4,13,14,1.6100000000000003,80,429.07,27.44081231454844,498.0708288460498,201.517006763534,493.1002314001807,2024-10-01,2025-10-06 10:52:35.116,24,4,0,0,1,1,0,0,0,0,0,0,1,0,0,0,1,0,0,0,1,0,0,0,0,0
CUS_0x77c,82383.04,6661.253333333332,3,5,8,4,14,14,1.71,40,1218.57,34.23002052538381,162.10895563236758,278.0239514446783,495.9924262562876,2024-10-01,2025-10-06 10:52:35.116,33,3,0,0,0,0,0,0,1,1,1,0,1,0,0,0,0,0,1,0,0,0,0,0,1,0
CUS_0x9673,108702.09,8900.5075,3,4,12,4,14,6,3.37,10,364.81,30.866858689911947,313.7135653975136,225.05975399749556,587.2399511214937,2024-10-01,2025-10-06 10:52:35.116,26,8,1,0,1,0,1,0,0,0,1,0,1,0,0,1,0,0,0,1,0,0,0,0,0,0
CUS_0x18f3,43826.51,3584.209166666667,2,6,12,4,3,2,11.9,40,482.57,30.18333603469479,130.44249519269405,112.92304330061123,365.05537817336136,2024-10-01,2025-10-06 10:52:35.116,21,2,1,0,1,1,0,0,1,0,0,0,1,0,0,1,0,0,0,0,1,0,0,0,0,0
CUS_0x4f0d,30616.07,2813.339166666666,1,2,3,0,4,2,9.61,30,1244.22,39.15785429306187,0.0,115.96200459380474,445.37191207286185,2024-10-01,2025-10-06 10:52:35.116,29,2,0,0,0,0,0,0,0,0,0,0,1,0,0,1,0,0,0,0,0,0,0,1,0,0
CUS_0x80ed,86262.2,7188.516666666666,0,7,5,2,22,1,10.84,20,671.65,40.884769339876925,127.02598601526624,330.7684077810352,541.0572728703653,2024-10-01,2025-10-06 10:52:35.116,21,9,0,0,0,0,0,0,0,1,1,0,1,0,0,1,0,0,0,0,0,0,0,1,0,0
CUS_0xb6ae,57047.52,4526.96,4,5,8,3,26,11,6.24,40,2201.14,26.392295918480865,129.16175806802983,248.03063596958302,335.5036059623872,2024-10-01,2025-10-06 10:52:35.116,17,2,1,0,0,1,0,0,0,1,0,1,0,0,0,0,1,0,0,1,0,0,0,0,0,0
CUS_0xbcbe,17228.775,1460.73125,4,3,20,0,28,21,16.53,40,862.64,34.107142507882344,0.0,154.08666474923402,281.986460250766,2024-10-01,2025-10-06 10:52:35.116,33,1,0,0,0,0,0,0,0,0,0,1,0,0,0,0,1,0,0,0,0,0,1,0,0,0
CUS_0x346d,36136.49,3030.374166666666,6,3,18,2,35,14,18.91,60,453.4,29.29616488752849,42.47398980122181,219.46280375251567,331.1006231129292,2024-10-01,2025-10-06 10:52:35.116,33,4,0,1,0,0,0,0,1,0,0,1,0,0,0,0,0,0,1,0,0,0,1,0,0,0
CUS_0x48e1,37990.27,3247.855833333333,1,3,10,2,8,3,6.58,20,1394.62,34.916116094619525,41.33430323734023,203.68157991428902,339.76970018170397,2024-10-01,2025-10-06 10:52:35.116,29,11,0,0,0,0,1,1,0,0,0,0,1,0,0,1,0,0,0,1,0,0,0,0,0,0
CUS_0x7269,35389.89,2700.1575,4,7,10,2,12,13,11.79,20,873.71,33.0435468484892,45.75135671741511,82.28399960143274,391.9803936811521,2024-10-01,2025-10-06 10:52:35.116,31,3,0,0,0,0,0,0,1,0,1,1,0,0,0,0,1,0,0,0,1,0,0,0,0,0
CUS_0x4450,88220.12,7146.676666666666,2,1,11,0,13,0,3.93,10,617.85,35.46682930872697,0.0,10000.0,801.4386519759332,2024-10-01,2025-10-06 10:52:35.116,30,11,0,0,0,0,0,0,0,0,0,0,1,0,0,1,0,0,0,0,0,1,0,0,0,0
CUS_0x585b,17312.45,1604.7041666666669,7,5,20,9,56,22,23.28,80,4524.72,27.80559224998572,122.87496564118362,70.84080408659791,246.75464693888512,2024-10-01,2025-10-06 10:52:35.116,10,0,1,0,0,1,0,1,1,1,1,1,0,0,0,0,0,1,0,0,0,0,0,0,0,1
CUS_0x669c,99934.88999999998,8261.9075,3,4,8,4,0,4,9.2,40,108.28,34.459253926078375,176.2803696768975,515.7932227559642,424.1171575671383,2024-10-01,2025-10-06 10:52:35.116,16,10,1,0,0,0,1,0,0,0,1,0,1,0,0,1,0,0,0,0,0,0,1,0,0,0
CUS_0x95cf,40105.03,3515.085833333333,2,6,4,1,3,4,6.55,30,618.37,34.992965620507114,79971.0,121.635002691057,472.0122474425153,2024-10-01,2025-10-06 10:52:35.116,27,5,0,1,0,0,0,0,0,0,0,0,1,0,0,0,0,0,1,1,0,0,0,0,0,0
CUS_0x1540,143252.76,12131.73,5,7,10,4,21,10,9.5,10,1186.86,34.58048431136086,251.7271911749706,243.38264334795258,968.0631654770772,2024-10-01,2025-10-06 10:52:35.116,28,5,0,1,0,1,0,0,0,1,1,0,1,0,0,1,0,0,0,0,1,0,0,0,0,0
CUS_0x1edd,68489.16,5544.4017411439945,10,10,33,7,30,20,25.44,80,4821.89,30.521477534612643,509.07012753149087,141.0813015616216,469.9198297628935,2024-10-01,2025-10-06 10:52:35.116,14,2,1,1,1,0,0,1,1,0,0,1,0,0,0,0,0,1,0,0,0,1,0,0,0,0
CUS_0x4845,172259.0,14488.916666666664,1,5,8,0,3,0,0.57,80,390.13,27.96999928419232,0.0,1221.6154065770615,507.2762600896051,2024-10-01,2025-10-06 10:52:35.116,19,11,0,0,0,0,0,0,0,0,0,0,1,0,0,1,0,0,0,0,0,0,0,1,0,0
CUS_0x6d8,17919.81,1474.3175,8,6,25,5,25,16,19.82,100,2515.51,34.42475816611873,62.53662541783595,170.21415490341525,204.68096967874882,2024-10-01,2025-10-06 10:52:35.116,7,4,0,1,0,1,0,0,0,0,1,0,0,0,0,0,0,1,0,0,0,0,1,0,0,0
CUS_0x7928,81047.56,6565.963333333332,1,5,4,0,8,9,0.6799999999999999,60,1290.47,32.528274793693875,153.2016876137126,164.15723953242426,599.2374061871967,2024-10-01,2025-10-06 10:52:35.116,19,11,0,0,0,1,0,1,0,0,0,0,1,0,0,1,0,0,0,1,0,0,0,0,0,0
CUS_0xcc4,82240.98,6116.362097930655,3,5,3,1,9,3,10.9,50,624.62,42.09342009580063,928.2537831419372,150.2108652256979,731.3297537017095,2024-10-01,2025-10-06 10:52:35.116,25,2,0,0,0,0,0,0,1,0,0,0,1,0,0,1,0,0,0,0,0,1,0,0,0,0
CUS_0x63e0,42057.16,3348.763333333334,4,7,4,0,8,13,1.8200000000000005,50,1462.12,29.53710733558769,26904.0,97.62183851322187,487.25449482011146,2024-10-01,2025-10-06 10:52:35.116,27,3,0,0,0,0,0,0,0,0,0,0,1,0,0,1,0,0,0,0,1,0,0,0,0,0
CUS_0xb209,10300.895,695.4079166666667,3,7,17,2,3,12,2.08,50,833.93,38.18574445969836,15.100571152891042,85.27664959269083,259.16357092108484,2024-10-01,2025-10-06 10:52:35.116,20,11,0,0,0,0,1,0,0,0,1,0,1,0,0,0,1,0,0,0,0,0,1,0,0,0
CUS_0x4697,44784.78,3783.065,9,5,21,0,48,24,23.3,150,3735.23,38.40207474056479,276.2686975658198,191.25523471788296,190.7825677162972,2024-10-01,2025-10-06 10:52:35.116,12,2,0,1,1,1,0,0,1,0,0,1,0,0,0,0,0,1,0,0,0,0,0,0,0,1
CUS_0x753f,25793.11,2322.425833333333,4,7,20,3,8,12,8.78,90,413.08,24.80642705963975,47.57935790575591,91.4764596075128,343.18676582006464,2024-10-01,2025-10-06 10:52:35.116,29,8,0,1,1,0,0,0,1,0,0,0,0,0,0,0,1,0,0,0,1,0,0,0,0,0
CUS_0x1f34,68041.56,5885.13,3,5,1,3,9,9,14.55,80,844.81,33.09317454563443,93.66877611677305,123.23843916416656,611.6057847190605,2024-10-01,2025-10-06 10:52:35.116,27,11,1,0,0,0,0,1,1,0,0,0,1,0,0,1,0,0,0,0,0,1,0,0,0,0
CUS_0x3215,9871.225,902.4748952154448,10,5,26,7,32,27,26.03,150,3599.34,27.83936351360867,123.05072089804916,26.909507183943294,269.6271683692292,2024-10-01,2025-10-06 10:52:35.116,8,5,0,1,0,1,1,1,0,0,1,1,0,0,0,0,0,1,0,0,1,0,0,0,0,0
CUS_0x4f92,15669.87,1481.8225,9,4,24,8,17,18,19.67,140,3339.61,30.27426441108385,55.251254213740005,13.889907985622992,319.041087800637,2024-10-01,2025-10-06 10:52:35.116,2,9,1,1,1,0,1,0,1,1,0,1,0,0,0,0,0,1,0,0,0,1,0,0,0,0
CUS_0x610a,22171.25,1638.604166666667,4,5,17,0,16,20,15.6,50,1195.92,25.222407368143568,53.61074078126715,70.03095941638833,319.2321567567159,2024-10-01,2025-10-06 10:52:35.116,16,9,0,1,0,0,0,0,1,1,0,1,0,0,0,0,1,0,0,0,1,0,0,0,0,0
CUS_0xff6,117639.92,9727.326666666666,5,6,1,2,0,7,10.4,20,338.3,32.87185347270595,126.63845331448265,534.0885271982645,592.0056861539196,2024-10-01,2025-10-06 10:52:35.116,24,11,0,1,0,0,0,0,1,0,0,0,1,0,0,1,0,0,0,0,0,0,0,1,0,0
CUS_0x716,18897.13,1345.7608333333335,9,7,32,8,32,23,28.39,130,3351.81,27.14197891197486,87.47634547871667,97.968204348147,219.13153350646968,2024-10-01,2025-10-06 10:52:35.116,10,6,1,1,0,1,0,1,0,1,1,1,0,0,0,0,0,1,0,0,0,0,0,0,1,0
CUS_0xb653,94663.59,8064.6325,5,4,5,1,18,12,14.18,70,296.19,32.090647993811714,48.51645049325589,553.06857972823,464.8782197785141,2024-10-01,2025-10-06 10:52:35.116,22,4,0,0,0,0,0,1,0,0,0,1,0,0,0,0,1,0,0,1,0,0,0,0,0,0
CUS_0xc3f1,50739.27,4387.2725,4,6,5,6,13,15,14.03,50,1552.17,25.42343877806838,240.05675062535465,111.30393856622551,337.3665608084199,2024-10-01,2025-10-06 10:52:35.116,6,6,0,0,1,1,1,0,1,0,0,1,0,0,0,0,0,0,1,0,1,0,0,0,0,0
CUS_0xde4,75402.52,6221.543333333334,2,4,3,3,0,5,4.46,20,725.97,27.77499062373061,177.20890517199416,69.71679399414522,615.2286341671942,2024-10-01,2025-10-06 10:52:35.116,28,1,1,1,0,0,1,0,0,0,0,0,1,0,0,1,0,0,0,0,0,0,0,0,0,1
CUS_0x1680,8022.255,762.52125,9,10,23,6,57,16,5.67,70,3274.12,34.14274292583815,39.5093239268165,75.12230988223313,241.6204911909504,2024-10-01,2025-10-06 10:52:35.116,8,4,0,0,1,0,0,1,0,1,0,1,0,0,0,0,0,1,0,0,0,0,0,1,0,0
CUS_0x4dac,8495.375,439.9479166666666,7,6,19,7,42,20,25.31,100,3842.25,33.18443554969847,35.629207060013044,32.04250372923738,266.32308087741626,2024-10-01,2025-10-06 10:52:35.116,5,8,0,0,1,0,1,1,0,0,1,1,0,0,0,0,0,1,0,0,0,0,1,0,0,0
CUS_0xb913,69803.6,5801.966666666667,8,5,23,6,16,13,9.8,120,2693.61,33.256779052136785,223.561269451943,103.8766916349037,492.7587055798201,2024-10-01,2025-10-06 10:52:35.116,16,10,0,0,1,0,1,1,0,0,1,1,0,0,0,0,1,0,0,0,0,1,0,0,0,0
CUS_0x9cec,9390.68,686.5566666666667,9,7,31,9,13,27,17.2,130,4598.36,31.074557371339058,45.556760190942605,46.5551952429214,256.5437112328027,2024-10-01,2025-10-06 10:52:35.116,6,5,1,1,0,0,1,0,0,1,1,1,0,0,0,0,0,1,0,0,0,0,0,1,0,0
CUS_0xc4bd,15289.33,1417.1108333333334,8,6,12,7,20,16,11.29,80,12.9,27.61925236062801,44.72054752094138,54.684894814716294,332.30564099767565,2024-10-01,2025-10-06 10:52:35.116,7,10,0,1,1,1,0,0,1,1,1,1,0,0,0,0,1,0,0,0,0,0,1,0,0,0
CUS_0x1ea5,14145.77,974.8141666666668,791,10,17,6,50,17,17.47,80,4609.03,27.26094053892013,48.708454955677176,49.885004620343025,288.8879570906465,2024-10-01,2025-10-06 10:52:35.116,10,0,0,0,0,1,1,0,0,1,0,1,0,0,0,0,0,1,0,0,0,0,0,0,0,1
CUS_0xbb25,31748.41,2425.548120582476,7,6,14,0,13,8,15.28,10,1134.85,36.3792973318463,163.15271275085797,235.91392474925686,292.9561585840765,2024-10-01,2025-10-06 10:52:35.116,32,2,0,0,0,0,0,0,0,0,0,0,0,0,0,0,1,0,0,0,0,0,0,0,1,0
CUS_0x533c,36871.28,3141.606666666666,3,3,13,3,14,10,19.05,130,331.5,27.41624918067421,61.93073607875218,230.3994488152047,448.4813273339285,2024-10-01,2025-10-06 10:52:35.116,18,5,0,1,0,0,1,1,0,0,0,1,0,0,0,0,1,0,0,0,0,1,0,0,0,0
CUS_0x6a73,22209.0,2117.75,4,5,18,4,25,13,15.25,40,281.35,22.82357945064259,48.6860472746355,88.18842430099537,344.9005284243691,2024-10-01,2025-10-06 10:52:35.116,20,11,1,0,0,0,0,1,0,1,1,1,0,0,0,0,1,0,0,0,0,0,0,0,1,0
CUS_0x8f05,14569.27,1188.7741271176524,9,8,20,7,28,15,27.71,120,2654.18,30.812133701387005,155.32623085075994,29.95823414061,268.55782455764427,2024-10-01,2025-10-06 10:52:35.116,12,11,0,0,1,0,1,0,1,1,1,1,0,0,0,0,0,1,0,0,0,1,0,0,0,0
CUS_0x979f,121238.4,9984.2,2,7,1,1,5,12,5.64,20,1160.07,37.29706633651779,92.00512576037688,219.73333095762104,926.6815432820023,2024-10-01,2025-10-06 10:52:35.116,16,3,0,0,1,0,0,0,0,0,0,0,1,0,0,0,0,0,1,0,0,1,0,0,0,0
CUS_0x52b6,15754.53,1472.8775,9,9,22,7,26,20,16.21,140,1378.73,39.66338683980745,50.60352426936799,148.87874787049947,237.80547786013256,2024-10-01,2025-10-06 10:52:35.116,13,7,0,0,1,0,1,0,1,1,1,1,0,0,0,0,1,0,0,0,0,0,1,0,0,0
CUS_0x79ef,14019.63,1315.3025,9,8,19,6,50,23,7.22,130,2177.66,38.5817342593203,69.8771909504332,67.9598448609956,283.69321418857123,2024-10-01,2025-10-06 10:52:35.116,17,0,0,0,1,1,0,0,1,0,1,1,0,0,0,0,0,1,0,0,0,0,1,0,0,0
CUS_0xbba7,39992.36,3127.545442642448,6,3,16,7,8,10,17.06,110,701.68,34.325506123879016,42175.0,328.8511996258628,126.99325591313902,2024-10-01,2025-10-06 10:52:35.116,10,2,1,1,1,1,0,0,1,1,0,1,0,0,0,0,1,0,0,0,0,0,0,1,0,0
CUS_0xc629,32594.76,2959.23,2,2,11,3,11,7,0.0,20,1146.39,39.35264178250736,74.12073087666153,216.872789853818,274.92947926952047,2024-10-01,2025-10-06 10:52:35.116,28,9,0,0,0,0,0,0,0,1,1,0,1,0,0,1,0,0,0,0,0,0,0,0,1,0
CUS_0x6b2,75893.06999999999,6328.4225,6,5,1,0,22,16,3.37,10,500.47,31.68856100055956,0.0,281.7974720412647,611.0447779587353,2024-10-01,2025-10-06 10:52:35.116,19,10,0,0,0,0,0,0,0,0,0,0,1,0,0,1,0,0,0,1,0,0,0,0,0,0
CUS_0x86ab,107677.98,8856.165,3,4,12,2,9,9,3.27,70,877.65,40.30525621250965,99.7907942147834,191.69817701492272,834.1275287702939,2024-10-01,2025-10-06 10:52:35.116,25,9,0,0,0,1,1,0,0,0,0,0,1,0,0,0,1,0,0,0,0,1,0,0,0,0
CUS_0xb741,97549.92,8275.16,4,6,11,4,22,16,19.24,60,1213.26,39.65984789961872,184.27063839328443,756.2973784527359,166.94798315397986,2024-10-01,2025-10-06 10:52:35.116,16,0,1,1,1,0,0,0,0,0,1,1,0,0,0,0,0,0,1,0,0,0,0,1,0,0
CUS_0x2f22,170502.52,14489.543333333331,1,5,9,2,2,1,4.84,30,334.62,26.83144839689185,190.4814722145373,1109.9929690405231,428.47989207827317,2024-10-01,2025-10-06 10:52:35.116,25,2,0,0,0,0,1,0,0,1,0,0,1,0,0,1,0,0,0,0,0,0,0,1,0,0
CUS_0x3f99,44423.16,3825.93,5,4,20,3,17,8,10.06,40,1149.63,33.773558107210825,57.4855483739765,164.6282780528105,430.47917357321313,2024-10-01,2025-10-06 10:52:35.116,27,9,0,1,0,0,0,0,0,1,1,0,1,0,0,0,0,0,1,0,0,0,0,0,1,0
CUS_0x953c,132872.72,11203.726666666667,3,3,10,2,14,5,10.28,40,89.68,29.55005879344251,144.83068233841504,173.51080191051963,1042.0311824177322,2024-10-01,2025-10-06 10:52:35.116,28,3,0,0,0,0,0,1,1,0,0,0,1,0,0,1,0,0,0,0,0,1,0,0,0,0
CUS_0xa74e,86885.43000000001,6788.737943840194,3,6,10,4,13,4,17.35,20,1074.81,34.27756241739488,927.4303293060148,208.677115560255,543.7523612935369,2024-10-01,2025-10-06 10:52:35.116,23,6,0,1,1,0,0,0,1,0,1,0,1,0,0,1,0,0,0,0,1,0,0,0,0,0
CUS_0xbf6b,38011.72,3127.643333333333,7,6,8,4,27,14,19.04,100,1477.54,24.10687955666813,95.23128454018668,76.50701810241554,391.0260306907312,2024-10-01,2025-10-06 10:52:35.116,7,1,0,0,0,1,0,1,0,1,1,1,0,0,0,0,1,0,0,0,1,0,0,0,0,0
CUS_0x25c4,14717.28,1069.44,5,1498,11,3,9,9,5.89,30,148.52,29.77253924153917,31.08371912974884,43.742083981792895,322.11819688845833,2024-10-01,2025-10-06 10:52:35.116,21,6,0,0,0,0,0,1,1,0,0,0,1,0,0,0,0,0,1,0,0,0,1,0,0,0
CUS_0x3e4a,71518.92,5991.91,7,5,34,7,29,8,8.45,100,2466.19,39.14857122415152,331.26548993605235,397.14501542290463,130.780494641043,2024-10-01,2025-10-06 10:52:35.116,17,11,0,0,1,1,1,0,0,1,0,1,0,0,0,0,1,0,0,1,0,0,0,0,0,0
CUS_0x5ebd,20937.38,1650.781666666667,8,8,30,3,54,19,25.56,80,1794.51,37.843972478216415,52.14929736754237,48.55449013731346,334.3743791618108,2024-10-01,2025-10-06 10:52:35.116,8,4,0,0,0,1,0,1,1,0,0,1,0,0,0,0,1,0,0,0,0,0,0,0,1,0
CUS_0x8603,116897.68,9893.473333333332,0,4,12,1,27,11,10.35,60,742.09,38.11014310468181,75.39938582069105,489.18627279759653,694.7616747150457,2024-10-01,2025-10-06 10:52:35.116,16,5,0,0,0,0,0,0,1,0,0,0,0,0,0,1,0,0,0,0,0,0,0,0,1,0
CUS_0xc70b,19631.51,1790.9591666666663,6,8,24,7,26,18,6.69,90,1641.08,27.952360249087363,21660.0,68.23034056685707,247.4306542238912,2024-10-01,2025-10-06 10:52:35.116,6,9,1,0,1,0,1,0,1,0,1,1,0,0,0,0,0,0,1,0,1,0,0,0,0,0
CUS_0x1673,16805.54,1451.4616666666668,6,5,20,3,18,16,16.22,90,438.74,24.87198107872177,24.430924213103445,154.14085195090834,256.57439050265486,2024-10-01,2025-10-06 10:52:35.116,27,2,0,0,0,0,1,0,1,0,1,1,0,0,0,0,1,0,0,0,0,0,1,0,0,0
CUS_0x37db,19559.45,1665.9541666666669,5,4,20,4,14,21,13.77,21360,1115.06,33.426818006582536,38.28721652807197,99.56806626570906,318.7401338728856,2024-10-01,2025-10-06 10:52:35.116,19,5,1,0,0,1,0,1,1,0,0,1,0,0,0,0,1,0,0,0,0,0,1,0,0,0
CUS_0xa651,73802.24,5971.186666666667,8,10,17,8,47,15,24.61,70,3626.94,25.10929122861321,487.3028130411074,549.7996274555153,187.41679935277747,2024-10-01,2025-10-06 10:52:35.116,6,5,1,0,1,0,1,0,1,1,1,1,0,0,0,0,0,0,1,0,0,0,1,0,0,0
CUS_0x132f,19514.88,1828.24,7,5,5240,0,26,11,4.17,40,881.4,28.781887776659712,0.0,99.1415414879628,343.6824585120372,2024-10-01,2025-10-06 10:52:35.116,19,10,0,0,0,0,0,0,0,0,0,0,1,0,0,0,0,0,1,1,0,0,0,0,0,0
CUS_0x8ff5,14174.36,924.1966666666668,7,8,17,8,26,19,19.43,100,2870.48,24.31673165394319,73.7718677063243,60.52515628287009,238.12264267747227,2024-10-01,2025-10-06 10:52:35.116,6,8,0,0,0,1,1,0,0,1,1,1,0,0,0,0,0,1,0,0,0,0,0,1,0,0
CUS_0x937d,12167.22,1114.6179124902574,5,7,15,0,17,8,7.83,70,124.66,36.39566417543804,97.3170875097425,143.78995596418795,267.40354403581205,2024-10-01,2025-10-06 10:52:35.116,18,2,0,0,0,0,0,0,0,0,0,0,0,0,0,0,1,0,0,0,0,0,1,0,0,0
CUS_0xaee3,44608.21,3574.350833333333,4,5,10,0,11,7,6.98,50,648.02,38.09117858916754,0.0,111.43257340792069,199.7722023660699,2024-10-01,2025-10-06 10:52:35.116,32,2,0,0,0,0,0,0,0,0,0,0,1,0,0,0,0,0,1,0,0,0,1,0,0,0
CUS_0x324b,14773.91,1423.1591666666666,6,10,25,4,24,9,16.91,120,2370.05,34.08131006411756,29.479969900925934,143.359263420565,259.47668334517573,2024-10-01,2025-10-06 10:52:35.116,10,0,0,0,0,1,0,1,1,1,0,1,0,0,0,0,1,0,0,0,0,0,0,0,0,1
CUS_0x7279,41015.31,3585.9425,3,2,1970,2,6,8,8.32,30,1432.22,32.41948645839427,41.53546802014437,51.43523552363836,515.6235464562172,2024-10-01,2025-10-06 10:52:35.116,24,0,0,1,0,0,0,0,0,1,0,0,1,0,0,1,0,0,0,0,0,0,0,0,0,1
CUS_0x3bac,120479.63999999998,9968.97,2,7,8,2,15,2,6.98,80,590.08,38.8588028198394,129.17800282692826,10000.0,179.67287656224542,2024-10-01,2025-10-06 10:52:35.116,17,11,0,0,0,0,1,0,0,1,0,0,1,0,0,1,0,0,0,0,0,0,0,0,0,1
CUS_0x4937,112308.38999999998,9642.0325,2,5,9,2,3,6,3.04,10,666.31,30.715640983094715,128.6947907497005,179.90976157261738,895.5986976776821,2024-10-01,2025-10-06 10:52:35.116,16,11,0,1,0,0,0,0,0,1,0,0,1,0,0,1,0,0,0,0,0,1,0,0,0,0
CUS_0x94b,31606.46,2402.8716666666664,4,7,19,2,16,16,15.79,120,2538.26,39.72589005346554,47.28812308768814,123.33376600688436,329.66527757209417,2024-10-01,2025-10-06 10:52:35.116,12,10,0,0,0,1,1,0,0,0,0,1,0,0,0,0,1,0,0,1,0,0,0,0,0,0
CUS_0x5300,7985.155,870.4295833333333,6,10,31,7,50,16,5.2,120,1954.62,28.996125740994643,46.177188960247385,10000.0,259.20926571328107,2024-10-01,2025-10-06 10:52:35.116,13,3,1,1,1,1,0,1,0,0,1,1,0,0,0,0,0,1,0,0,1,0,0,0,0,0
CUS_0x9f63,21009.425,1531.7854166666666,0,4,8,4,5,2,0.0,20,807.66,28.18548233420792,35.310346499208485,28.83703546153052,329.0311597059276,2024-10-01,2025-10-06 10:52:35.116,26,2,0,1,0,0,1,0,0,1,0,0,1,0,0,1,0,0,0,0,0,1,0,0,0,0
CUS_0x20b8,17090.225,1371.1854166666665,5,7,10,1,17,10,0.96,80,797.12,38.17206740930747,9.304233815293632,95.02604342692473,322.7882644244483,2024-10-01,2025-10-06 10:52:35.116,29,11,0,0,0,0,0,1,0,0,0,0,0,0,0,0,0,0,1,0,0,0,1,0,0,0
CUS_0x195b,52847.32,4607.943333333334,6,7,13,2,24,14,1.09,30,517.77,33.47044336130759,57.65777295450726,313.6073266478403,359.52923373098577,2024-10-01,2025-10-06 10:52:35.116,22,2,0,0,1,0,0,0,0,0,1,0,1,0,0,0,1,0,0,0,0,0,0,0,1,0
CUS_0x9533,136812.04,11572.003333333336,2,6,12,332,15,0,11.91,40,793.87,38.49498446213912,165.4837962410196,514.5347555176709,767.1817815746431,2024-10-01,2025-10-06 10:52:35.116,28,9,1,0,0,0,1,0,0,0,0,0,1,0,0,1,0,0,0,0,0,0,1,0,0,0
CUS_0x6d54,114224.24,9459.686666666666,5,6,15,3,18,16,14.27,80,1216.94,37.87845628236449,275.717975789387,299.6856017625242,620.5650891147554,2024-10-01,2025-10-06 10:52:35.116,23,9,0,1,1,0,0,0,0,1,0,1,0,0,0,0,1,0,0,0,1,0,0,0,0,0
CUS_0x7b2c,92091.87,7842.322499999998,5,4,8,1,13,5,0.0,0,637.18,33.26301516406454,49.00809679846756,110.51166561207764,864.7124875894548,2024-10-01,2025-10-06 10:52:35.116,26,0,0,0,0,0,1,0,0,0,0,0,1,0,0,0,0,0,1,0,0,1,0,0,0,0
CUS_0xb50f,11300.335,940.6945833333332,6,5,13,7,26,21,15.1,90,650.47,28.18022862309514,49.24349163728047,99.640045918108,299.0463994720693,2024-10-01,2025-10-06 10:52:35.116,5,11,0,1,1,0,1,0,1,1,1,1,0,0,0,0,1,0,0,0,0,0,1,0,0,0
CUS_0x37bd,61796.0,5025.666666666667,3,5,11,3,27,15,7.64,70,2472.48,36.92864764450488,117.46254932336068,129.50138998913272,495.6027273541733,2024-10-01,2025-10-06 10:52:35.116,5,8,0,0,0,1,0,0,1,0,0,0,0,0,0,0,1,0,0,0,0,1,0,0,0,0
CUS_0xb8d5,42843.65,3403.304166666667,0,7,4,4,33,5,1.61,70,1101.71,34.62859821077744,83.5918741671791,173.7501597882231,352.9883827112645,2024-10-01,2025-10-06 10:52:35.116,20,5,0,0,0,1,0,0,1,0,1,0,1,0,0,1,0,0,0,0,0,0,0,0,1,0
CUS_0xb3e,16451.96,1243.996666666667,8,5,27,6,53,17,19.9,80,3137.43,34.31588834219115,34647.0,53.21918570806253,289.56862030225665,2024-10-01,2025-10-06 10:52:35.116,3,10,1,0,1,0,0,0,1,1,1,0,0,0,0,0,0,1,0,0,0,0,1,0,0,0
CUS_0x22d4,17059.21,1574.6008333333332,9,5,26,4,17,17,8.57,160,2380.48,24.744445242312214,30.964348882326284,84.70748289454419,331.7882515564628,2024-10-01,2025-10-06 10:52:35.116,12,5,1,0,0,0,0,1,0,0,1,1,0,0,0,0,0,0,1,0,0,0,1,0,0,0
CUS_0x36ec,31700.3,2444.6916666666666,10,8,16,5,25,19,8.78,90,2482.73,27.055892852173148,66.86611733982244,215.93351919534481,381.62194871582784,2024-10-01,2025-10-06 10:52:35.116,9,2,0,1,0,1,1,0,0,0,0,1,0,0,0,0,1,0,0,0,0,1,0,0,0,0
CUS_0x46bd,156356.52,13152.71,4,7,7,2,25,9,8.31,30,489.85,41.34289814434578,245.771777259894,431.5778794412854,576.3381956429423,2024-10-01,2025-10-06 10:52:35.116,29,8,0,0,0,0,1,0,0,0,1,0,1,0,0,1,0,0,0,0,0,0,0,0,1,0
CUS_0x4ddb,40457.96,3197.4966666666664,0,6,6,0,29,6,5.86,0,340.15,38.77136430010582,0.0,76.321647970805,483.42801869586157,2024-10-01,2025-10-06 10:52:35.116,21,9,0,0,0,0,0,0,0,0,0,0,1,0,0,0,0,0,1,0,0,1,0,0,0,0
CUS_0x9021,33284.76,2775.73,9,5,15,9,58,22,2.42,80,2377.23,35.29311520295348,228.23869688666417,229.73755473759797,89.59674837573792,2024-10-01,2025-10-06 10:52:35.116,17,4,1,1,0,0,1,0,1,0,1,1,0,0,0,0,0,0,1,0,0,0,0,0,1,0
CUS_0x35b9,57943.41,4732.6175,8,8,19,6,37,24,21.78,150,4890.07,40.77249056709017,200.69405384821405,164.34264969214718,368.2250464596389,2024-10-01,2025-10-06 10:52:35.116,10,11,1,0,0,1,0,0,1,0,0,1,0,0,0,0,0,1,0,0,0,0,0,0,0,1
CUS_0x4732,53878.98,4328.915,4,3,5,0,11,18,1.49,30,1119.16,35.92697354950332,78.3506369678963,212.34994768253742,432.1909153495663,2024-10-01,2025-10-06 10:52:35.116,18,4,0,1,0,0,0,0,0,0,0,0,1,0,0,0,0,0,1,0,0,0,1,0,0,0
CUS_0x4e9c,23550.47,1922.539166666667,4,6,15,4,15,15,10.1,80,937.64,31.127995577718277,63.242914306771496,102.40652992522683,296.6044724346683,2024-10-01,2025-10-06 10:52:35.116,21,9,0,0,0,1,0,1,0,1,0,1,0,0,0,0,1,0,0,0,0,0,0,0,1,0
CUS_0x1fcb,106694.82,8959.235,6,6,12,0,27,14,7.49,70,429.41,35.14818025508238,0.0,403.113169549994,752.8103304500063,2024-10-01,2025-10-06 10:52:35.116,20,9,0,0,0,0,0,0,0,0,0,0,1,0,0,1,0,0,0,1,0,0,0,0,0,0
CUS_0x4f28,57293.49000000001,4610.4575,8,1122,34,7,33,19,10.83,80,1970.44,28.338143145924548,309.6118553301733,581.5749382379223,264.3645920099136,2024-10-01,2025-10-06 10:52:35.116,7,9,0,1,0,1,1,1,0,0,0,1,0,0,0,0,0,1,0,0,0,0,1,0,0,0
CUS_0x8337,89666.88,7309.240000000002,6,6,12,4,21,20,9.52,60,1155.94,35.742166667740136,174.8616960489347,65.57484949892235,730.4874544521431,2024-10-01,2025-10-06 10:52:35.116,26,8,1,0,0,0,0,0,1,0,1,0,0,0,0,0,1,0,0,0,0,1,0,0,0,0
CUS_0xd29,10486.2,592.85,6,6,6,3,21,10,9.79,40,1001.56,33.0733256854599,20.78388340400647,28.622716082715502,289.87840051327805,2024-10-01,2025-10-06 10:52:35.116,8,6,0,0,0,0,0,0,0,1,1,1,0,0,0,0,1,0,0,0,0,0,0,1,0,0
CUS_0x9c98,43960.19,3664.349166666667,4,6,2,2,13,1,9.99,30,1009.92,36.80995656520364,49.66141112240488,44.47935479689847,522.2941507473632,2024-10-01,2025-10-06 10:52:35.116,30,9,0,0,1,1,0,0,0,0,0,0,1,0,0,1,0,0,0,0,1,0,0,0,0,0
CUS_0x899,73057.16,5998.096666666667,4,6,32,2,24,14,10.0,140,2569.09,31.46398258040046,91.35418752200825,391.39867669291567,377.05680245174284,2024-10-01,2025-10-06 10:52:35.116,9,9,0,1,0,0,1,0,0,0,0,1,0,0,0,0,1,0,0,1,0,0,0,0,0,0
CUS_0x2413,14623.51,1232.6258333333333,9,5,15,7,13,16,19.11,80,3607.96,23.387498874063677,61.6837845340707,77.99605027183598,243.58274852742665,2024-10-01,2025-10-06 10:52:35.116,14,3,0,1,1,0,0,1,1,1,0,1,0,0,0,0,0,0,1,1,0,0,0,0,0,0
CUS_0x4802,32394.77,2614.5641666666666,6,4,8,4,25,20,7.14,60,475.41,29.039628003217835,86.04239282710735,118.78105916477837,316.6329646747809,2024-10-01,2025-10-06 10:52:35.116,18,4,0,0,1,1,0,1,0,1,0,0,1,0,0,0,1,0,0,1,0,0,0,0,0,0
CUS_0x7c73,57842.04,4864.17,8,5,31,8,58,23,5.43,70,1600.43,24.15509409206776,271.3141789312557,566.5892196713121,416.2287247308948,2024-10-01,2025-10-06 10:52:35.116,6,9,0,1,1,0,1,0,1,1,1,1,0,0,0,0,0,1,0,0,0,0,1,0,0,0
CUS_0x1ad6,133444.08,10847.339999999998,5,3,13,7,16,15,17.04,110,217.91,37.25856856155757,24753.0,845.3280407318658,59.87018991744628,2024-10-01,2025-10-06 10:52:35.116,15,3,0,0,0,0,1,1,1,1,0,0,0,0,0,0,1,0,0,0,0,0,1,0,0,0
CUS_0x1c06,29608.46,2625.3716666666664,7,8,31,7,42,16,9.06,100,1286.07,33.71412080542835,141.76428225323713,23.7184339694421,337.05445044398743,2024-10-01,2025-10-06 10:52:35.116,15,5,0,1,1,1,0,0,1,0,1,1,0,0,0,0,0,1,0,0,0,1,0,0,0,0
CUS_0xa414,19627.93,1339.6608333333334,0,7,12,4,4,12,1.3200000000000005,70,141.58,26.068024139001004,51.00037095678686,41.98674781510013,310.9789645614464,2024-10-01,2025-10-06 10:52:35.116,17,10,0,0,0,0,0,0,0,1,1,0,1,0,0,1,0,0,0,0,0,0,0,0,1,0
CUS_0xc734,27305.93,2289.494166666667,3,4,19,0,22,17,8.93,60,454.4,29.451598177021985,0.0,26.378439410826868,452.57097725583986,2024-10-01,2025-10-06 10:52:35.116,17,8,0,0,0,0,0,0,0,0,0,1,0,0,0,0,1,0,0,0,1,0,0,0,0,0
CUS_0x3e51,16486.52,1221.8766666666668,4,7,16,0,13,17,1.79,40,1052.74,32.84940284392624,0.0,57.32648621874228,354.86118044792437,2024-10-01,2025-10-06 10:52:35.116,27,5,0,0,0,0,0,0,0,0,0,1,0,0,0,0,1,0,0,0,0,0,1,0,0,0
CUS_0x3f6b,28559.25,2185.9375,4,3,9,1,6,16,1.64,0,559.35,40.697140345123216,15.048617256683896,10000.0,412.3596757378301,2024-10-01,2025-10-06 10:52:35.116,23,11,0,0,0,0,1,0,0,0,0,0,1,0,0,0,1,0,0,1,0,0,0,0,0,0
CUS_0x505f,14722.08,1248.84,8,6,17,1,29,20,9.85,70,1307.84,27.51264045140908,10.855972446035146,81.30784864059073,292.7201789133741,2024-10-01,2025-10-06 10:52:35.116,17,9,0,0,0,0,0,0,0,0,1,0,0,0,0,0,1,0,0,1,0,0,0,0,0,0
CUS_0x5d51,177089.8,14856.483333333332,3,5,4,4,13,2,8.4,40,605.17,27.501399125077075,371.8004336526312,262.20420007995074,1101.6436996007517,2024-10-01,2025-10-06 10:52:35.116,24,2,1,0,0,0,0,1,0,0,1,0,1,0,0,1,0,0,0,0,1,0,0,0,0,0
CUS_0xa2cd,68654.62,5971.218333333332,4,5,6,1,2,10,6.14,30,1381.16,29.42370055315024,55.22823708749913,343.2793153991384,478.61428084669586,2024-10-01,2025-10-06 10:52:35.116,24,5,0,1,0,0,0,0,0,0,0,0,0,0,0,1,0,0,0,0,0,0,0,1,0,0
CUS_0xab2b,31985.64,2537.47,5,6,11,4,10,18,15.35,70,2615.0,31.568750061719047,65.83466693482337,302.64063985485564,175.27169321032096,2024-10-01,2025-10-06 10:52:35.116,5,10,1,1,0,0,1,1,0,0,0,1,0,0,0,0,0,0,1,0,0,0,1,0,0,0
CUS_0x1600,130173.93,10703.8275,1,4,7,4,7,8,0.85,0,697.41,41.5085710288909,239.0399585973732,214.61487016395643,866.7279212386702,2024-10-01,2025-10-06 10:52:35.116,17,4,0,0,0,0,1,0,0,0,1,0,0,0,0,1,0,0,0,0,1,0,0,0,0,0
CUS_0x559e,57872.7,4669.725,1665,5,28,5,7,20,9.37,90,1268.79,36.23096885793826,215.42745661790408,214.0229505750901,317.52209280700595,2024-10-01,2025-10-06 10:52:35.116,8,11,0,1,1,0,0,0,1,0,1,1,0,0,0,0,1,0,0,0,0,0,0,1,0,0
CUS_0xb907,36039.18,3169.265,466,9,24,7,23,19,5.16,100,2397.0,34.97822466254683,108.71381671063608,280.67064785923327,217.54203543013068,2024-10-01,2025-10-06 10:52:35.116,15,5,0,1,1,0,1,0,1,0,1,1,0,0,0,0,0,0,1,0,0,0,1,0,0,0
CUS_0x1dfd,7604.185,612.6820833333334,9,10,32,0,45,16,6.63,100,1829.92,28.37326923867856,16.735109437461286,32.8117020613816,266.01872337678395,2024-10-01,2025-10-06 10:52:35.116,6,0,1,0,0,0,1,0,0,1,0,0,0,0,0,0,1,0,0,0,0,0,1,0,0,0
CUS_0x843e,15617.35,1579.4458333333334,0,2,1,3,7,3,0.57,20,258.68,39.31302277978599,26.45046765013421,154.33610509152206,257.1580105916771,2024-10-01,2025-10-06 10:52:35.116,24,8,0,1,0,1,0,0,0,0,1,0,1,0,0,1,0,0,0,0,0,0,0,1,0,0
CUS_0x219a,17868.11,1510.009166666667,9,6,15,7,28,21,2.06,130,2443.14,27.026853058662304,63.86719414706626,54.76696077093864,282.3667617486618,2024-10-01,2025-10-06 10:52:35.116,9,0,1,1,1,0,0,1,1,0,1,0,0,0,0,0,0,0,1,0,0,0,0,0,0,1
CUS_0x2d93,9613.62,564.1350000000001,8,10,28,2,26,10,9.65,100,2062.12,37.75232798478929,15.948203095693932,28.074730772298942,282.39056613200717,2024-10-01,2025-10-06 10:52:35.116,14,5,0,0,1,0,0,0,0,0,1,1,0,0,0,0,0,0,1,0,0,0,0,0,1,0
CUS_0x1447,9989.21,653.4341666666667,5,4,20,2,15,14,5.81,60,731.05,22.60078221656766,10.50617336064372,49.737606396845166,295.09963690917783,2024-10-01,2025-10-06 10:52:35.116,19,5,0,1,1,0,0,0,0,0,0,0,1,0,0,0,0,0,1,0,0,0,1,0,0,0
CUS_0x26ac,90487.96,7330.663333333334,4,4,12,7,21,13,15.62,130,1416.61,31.44380652955998,482.36169143107696,393.594529206502,127.11011269575441,2024-10-01,2025-10-06 10:52:35.116,11,0,1,0,0,0,1,1,0,1,0,1,0,0,0,0,1,0,0,0,0,0,0,0,1,0
CUS_0x66e5,71892.94,6007.078333333334,5,7,18,3,26,11,9.85,70,1025.88,39.358586745192966,34004.0,237.2542275594096,463.49069997899903,2024-10-01,2025-10-06 10:52:35.116,15,6,1,0,0,1,0,0,0,0,1,0,0,0,0,0,1,0,0,0,1,0,0,0,0,0
CUS_0xad1f,54670.95,4798.9125,7,6,24,5,41,14,3.43,80,2635.58,25.04215216971261,172.17122139112098,63.245252007603156,484.474776601276,2024-10-01,2025-10-06 10:52:35.116,18,10,1,0,0,0,1,1,1,1,0,0,0,0,0,0,0,1,0,0,0,1,0,0,0,0
CUS_0x1b9c,11603.81,900.9841666666664,6,7,12,2,24,15,7.4,40,10.55,29.297149604173907,15.04266866289958,66.23595633094,278.81979167282714,2024-10-01,2025-10-06 10:52:35.116,20,2,1,0,0,0,1,0,0,0,0,0,1,0,0,1,0,0,0,0,0,0,0,0,1,0
CUS_0x2683,58380.6,4891.05,7,5,27,4,57,20,9.94,120,1494.92,28.629072300358445,160.05196665231998,472.7538765236911,146.29915682398894,2024-10-01,2025-10-06 10:52:35.116,9,9,0,0,1,0,0,1,1,0,1,1,0,0,0,0,0,0,1,0,0,0,1,0,0,0
CUS_0x9776,27632.92,2312.7433333333333,8,3,9,3,17,12,8.99,30,1103.71,39.31473769604294,44.80729528056923,204.82585206861447,271.6411859841496,2024-10-01,2025-10-06 10:52:35.116,21,0,0,0,1,0,1,1,0,0,0,0,0,0,0,0,0,0,1,0,0,0,1,0,0,0
CUS_0x92e3,68122.46,5424.871666666667,4,5,3,2,4,0,9.4,20,1171.17,36.34165430288026,86.77836513473784,420.04272563747537,325.66607589445346,2024-10-01,2025-10-06 10:52:35.116,27,6,0,0,0,1,0,0,0,0,0,0,1,0,0,1,0,0,0,0,0,0,1,0,0,0
CUS_0x997e,9084.52,856.0433333333334,8,7,33,6,29,23,6.0,110,2503.76,35.94394997897265,38.263068384181096,26.29719473843476,271.0440702107175,2024-10-01,2025-10-06 10:52:35.116,16,2,0,1,0,1,1,1,0,1,0,1,0,0,0,0,0,1,0,0,1,0,0,0,0,0
CUS_0x4d43,20787.69,1999.3075,8,1381,14,3,22,14,8.129999999999999,30,614.6,35.344187616472155,42.22199265643221,21.745531229318935,375.96322611424887,2024-10-01,2025-10-06 10:52:35.116,18,5,0,0,1,0,0,0,1,0,0,0,1,0,0,0,0,0,1,0,0,1,0,0,0,0
CUS_0x752b,114919.56,9619.63,3,5,9,0,0,1,3.45,70,141.69,26.207054594929108,0.0,10000.0,375.9228494726464,2024-10-01,2025-10-06 10:52:35.116,28,8,0,0,0,0,0,0,0,0,0,0,1,0,0,1,0,0,0,0,0,0,0,0,0,1
CUS_0x8d45,18718.52,1784.8766666666668,6,9,16,0,56,15,18.73,140,4432.96,33.606159596381005,126.491489227725,47.587900225325754,254.40827721361592,2024-10-01,2025-10-06 10:52:35.116,11,7,1,0,1,1,1,1,1,0,1,1,0,0,0,0,0,1,0,0,1,0,0,0,0,0
CUS_0xa1c3,59789.0,4510.850858844507,3,4,1,0,4,10,8.06,10,1155.96,25.69531775768959,644.6878689714074,330.22274574599334,415.59685977142783,2024-10-01,2025-10-06 10:52:35.116,30,2,0,0,1,0,0,0,0,0,0,0,1,0,0,1,0,0,0,0,0,0,0,0,1,0
CUS_0x7347,8719.0,653.5833333333334,9,5,19,6,40,10,15.58,140,1643.18,35.939043857679046,34.671916769985145,53.95399986708583,266.7324166962624,2024-10-01,2025-10-06 10:52:35.116,8,11,0,0,0,0,1,1,1,0,1,1,0,0,0,0,1,0,0,0,0,0,1,0,0,0
CUS_0xa23d,36886.49,3088.874166666666,4,7,20,0,2,14,16.54,90,1251.85,36.49373690107191,0.0,93.80625176916307,475.08116489750364,2024-10-01,2025-10-06 10:52:35.116,21,10,0,0,0,0,0,0,0,0,0,1,0,0,0,0,1,0,0,1,0,0,0,0,0,0
CUS_0xa37f,34751.53,3121.960833333333,4,4,8,3,15,9,8.56,20,421.45,29.22151816007568,74.53653937828257,30.487366359919534,447.17217759513125,2024-10-01,2025-10-06 10:52:35.116,24,11,0,0,1,0,0,1,0,0,1,0,1,0,0,0,1,0,0,0,0,1,0,0,0,0
CUS_0xaa0b,72159.9,6048.325,4,6,11,0,25,14,9.88,90,1443.02,38.89228842366114,33.977334001759175,238.59788518123642,582.2572808170044,2024-10-01,2025-10-06 10:52:35.116,16,8,0,1,0,0,0,0,0,0,0,0,0,0,0,0,0,0,1,0,1,0,0,0,0,0
CUS_0x3ec8,62046.96,5103.58,6,6,613,2,6,8,15.42,60,1289.69,33.32349466387521,94.57925252167942,10000.0,589.5536634773454,2024-10-01,2025-10-06 10:52:35.116,19,6,1,0,0,0,0,0,0,0,0,1,0,0,0,0,1,0,0,0,0,1,0,0,0,0
CUS_0x4cb5,49346.88,3593.22219332051,5,7,15,0,16,47,16.99,70,228.04,26.3755173996176,586.2382653145116,46.792888109169205,375.51065325580896,2024-10-01,2025-10-06 10:52:35.116,7,6,0,0,0,1,0,1,1,1,1,1,0,0,0,0,1,0,0,0,0,1,0,0,0,0
CUS_0x992c,18261.36,1485.78,5,3,9,3,13,12,17.43,90,2305.16,29.809284885358075,26.02407181166947,70.04237303565037,312.5115551526802,2024-10-01,2025-10-06 10:52:35.116,18,4,0,0,0,1,1,0,0,0,1,1,0,0,0,0,1,0,0,1,0,0,0,0,0,0
CUS_0x60c9,76443.15,6244.2625,3,7,17,3,8,14,10.32,0,1318.4,38.39069917777184,116.82154773710371,409.7318227123175,367.87287955057883,2024-10-01,2025-10-06 10:52:35.116,33,4,0,1,1,0,0,0,0,0,0,0,1,0,0,0,0,0,1,0,0,0,0,0,0,1
CUS_0x7443,22815.0,2071.25,3,4,17,3,11,9,11.18,70,182.75,30.78190238186769,22898.0,197.0454675151716,258.5462126733717,2024-10-01,2025-10-06 10:52:35.116,18,2,0,0,0,0,1,0,1,0,0,1,0,0,0,0,0,0,1,0,0,0,1,0,0,0
CUS_0x42b1,88463.25,7609.9375,5,3,6,0,12,9,10.66,60,827.79,37.97119496483073,243.35816926767924,307.08288951547706,500.5526912168437,2024-10-01,2025-10-06 10:52:35.116,7,0,0,1,0,1,0,1,0,1,1,1,0,0,0,0,1,0,0,0,0,0,1,0,0,0
CUS_0x864,34480.2,2691.35,7,4,5,0,31,11,9.85,40,398.91,38.51524387264876,54970.0,93.69589590184195,351.7615051724039,2024-10-01,2025-10-06 10:52:35.116,17,5,0,0,0,0,0,0,0,0,0,1,0,0,0,0,0,0,1,0,0,0,0,1,0,0
CUS_0x9d23,25042.69,2208.890833333333,5,6,7,1,15,8,14.37,40,380.37,22.1943846655062,18.46866242961897,179.13343912993489,293.2869817737796,2024-10-01,2025-10-06 10:52:35.116,29,4,0,0,0,0,1,0,0,0,0,0,1,0,0,1,0,0,0,0,0,0,0,0,1,0
CUS_0xa387,85303.08,6847.59,5,7,20,4,18,11,15.37,30,1024.56,29.517111375574533,264.27370269387256,825.7529114109558,576.1661023424193,2024-10-01,2025-10-06 10:52:35.116,22,0,1,0,0,1,0,1,0,1,0,1,0,0,0,0,1,0,0,0,0,0,1,0,0,0
CUS_0xa5b4,22425.52,2018.793333333333,3,5,12,2,4,3,2.93,30,1048.32,25.367382192520516,19.36062186393613,55.92701548770761,396.5916959816896,2024-10-01,2025-10-06 10:52:35.116,27,10,0,0,1,0,0,0,0,1,0,0,1,0,0,0,0,0,1,0,0,0,0,0,1,0
CUS_0xb019,28161.85,2422.820833333333,8,5,6,4,29,13,7.72,50,699.69,26.48456039747252,93.50672065002836,10000.0,146.64574255113462,2024-10-01,2025-10-06 10:52:35.116,25,1,0,1,0,0,1,1,1,0,0,1,0,0,0,0,1,0,0,0,0,0,1,0,0,0
CUS_0x5548,108767.37,9205.9475,5,4,5,3,8,5,2.5,20,461.74,25.16189735057047,62084.0,741.8690539183743,265.0367428012935,2024-10-01,2025-10-06 10:52:35.116,16,4,1,1,0,0,0,1,0,0,0,0,1,0,0,1,0,0,0,0,0,0,0,1,0,0
CUS_0x5f28,37442.05,3081.1708333333336,0,5,11,3,11,8,8.54,40,1393.72,36.14555435281533,60.11306115758711,80.0742829824313,417.92973919331496,2024-10-01,2025-10-06 10:52:35.116,27,10,1,1,0,0,0,1,0,0,0,0,1,0,0,1,0,0,0,0,1,0,0,0,0,0
CUS_0x87df,15349.54,1180.128333333333,9,7,22,0,41,25,27.08,140,2988.2,36.88829648538472,108.46101550745072,72.6900715575397,226.8617462683429,2024-10-01,2025-10-06 10:52:35.116,12,4,0,1,0,1,1,1,1,1,0,1,0,0,0,0,0,0,1,0,0,0,1,0,0,0
CUS_0xb033,35412.02,2715.0016666666666,5,3,19,6,18,20,10.01,120,495.51,32.177063947756984,130.7251903901762,266.2283812620548,154.5465950144356,2024-10-01,2025-10-06 10:52:35.116,17,10,1,0,1,0,1,0,0,0,1,0,0,0,0,0,1,0,0,0,0,0,0,1,0,0
CUS_0x3361,36722.38,2905.1983333333333,7,6,20,0,10,9,7.21,10,366.9,35.28816137391121,0.0,354.32044261251406,226.19939072081928,2024-10-01,2025-10-06 10:52:35.116,15,10,0,0,0,0,0,0,0,0,0,1,0,0,0,0,1,0,0,0,0,0,1,0,0,0
CUS_0x3e36,21508.72,1898.3933333333327,1,4,6,0,25,9,3.14,50,1074.99,39.89849468277954,0.0,85.00704250966669,374.8322908236666,2024-10-01,2025-10-06 10:52:35.116,28,9,0,0,0,0,0,0,0,0,0,0,1,0,0,1,0,0,0,0,0,0,0,0,1,0
CUS_0x628d,33477.64,2643.8033333333333,7,6,23,6,57,24,6.83,130,1910.95,26.87851295352285,113.2192818897486,61.69046257109435,289.6881609257976,2024-10-01,2025-10-06 10:52:35.116,9,9,0,1,0,1,0,1,0,1,0,0,0,0,0,0,0,1,0,0,0,0,0,0,1,0
CUS_0x7127,89937.72,6741.392185412212,2,6,10,2,9,4,4.72,30,1197.73,29.67368473462623,572.5463475141373,222.69555750848667,669.7569095651647,2024-10-01,2025-10-06 10:52:35.116,25,8,0,0,0,0,0,0,1,0,1,0,1,0,0,1,0,0,0,0,0,0,0,1,0,0
CUS_0x98f9,15735.68,1043.3066666666666,3,6,7,2,19,9,19.08,70,1574.91,26.2347767133478,21.35618485394992,12.494580308623554,320.47990150409316,2024-10-01,2025-10-06 10:52:35.116,9,5,0,0,0,1,0,1,0,0,0,0,0,0,0,0,1,0,0,0,1,0,0,0,0,0
CUS_0x9d4c,37551.78,3413.315,10,10,22,7,54,18,7.32,160,1577.79,37.28497939674397,182.21564220444628,337.2540637460111,101.8617940495426,2024-10-01,2025-10-06 10:52:35.116,10,4,1,1,1,0,1,0,0,1,1,1,0,0,0,0,0,1,0,0,0,0,0,1,0,0
CUS_0x9d7,7912.495,521.3745833333334,9,8,29,6,49,19,1.6900000000000004,110,1494.52,38.87761474587449,38.29340911574272,53.69214334974357,240.15190586784703,2024-10-01,2025-10-06 10:52:35.116,11,3,0,0,1,0,0,1,1,0,1,1,0,0,0,0,1,0,0,0,0,0,0,1,0,0
CUS_0x626e,128515.52,10879.626666666669,4,4,5,1,25,6,1.24,50,721.91,38.132546579120046,96.77814029411444,744.6707413975241,526.5137849750281,2024-10-01,2025-10-06 10:52:35.116,30,9,0,0,0,1,0,0,0,0,0,0,1,0,0,1,0,0,0,0,0,0,0,1,0,0
CUS_0x6975,46929.57,4099.7975000000015,6,9,27,0,22,12,12.29,120,1328.98,36.6863591638256,164.71083739721837,321.41601118322,203.8529014195617,2024-10-01,2025-10-06 10:52:35.116,8,2,0,1,0,1,1,0,1,1,0,0,0,0,0,0,1,0,0,0,0,0,0,0,0,1
CUS_0x51e9,40633.86,3572.155,5,7,13,1,15,9,7.68,40,628.11,34.37267646104392,19.13269617747024,237.09321369721516,390.9895901253146,2024-10-01,2025-10-06 10:52:35.116,23,5,0,0,0,0,0,0,1,0,0,0,1,0,0,0,1,0,0,0,0,0,1,0,0,0
CUS_0x535a,32297.67,2924.4725,6,5,2,4,24,13,5.64,40,1300.2,37.91889568489236,73.18943970474511,130.88593375528396,348.37187653997086,2024-10-01,2025-10-06 10:52:35.116,17,10,1,0,1,0,1,1,0,0,0,0,1,0,0,1,0,0,0,0,0,0,0,0,0,1
CUS_0x591b,12593.765,1085.4804166666663,3,5,5,1,9,11,11.43,20,1211.15,27.871107317522178,6.786378095285817,52.23399487752662,309.52766869385425,2024-10-01,2025-10-06 10:52:35.116,21,9,0,0,0,0,0,0,0,1,0,1,0,0,0,0,0,0,1,1,0,0,0,0,0,0
CUS_0x657f,18817.94,1560.1616666666666,6,6,5,3,33,19,15.62,100,649.26,34.879870341236426,43.23669512469871,110.14579812578137,292.63367341618664,2024-10-01,2025-10-06 10:52:35.116,7,0,1,0,0,1,0,0,0,0,0,1,0,0,0,0,0,0,1,0,0,0,0,0,0,1
CUS_0x8c9c,19795.89,1203.1881875769548,3,3,12,1,27,13,14.71,20,582.75,38.63857424009037,159.60939492450458,43.16567889202518,341.95998860651537,2024-10-01,2025-10-06 10:52:35.116,27,3,0,0,0,0,0,0,0,0,1,1,0,0,0,0,1,0,0,1,0,0,0,0,0,0
CUS_0x9509,67281.84,5486.82,7,7,17,3,44,20,5.18,110,2503.1,35.70581238565979,109.11444590480252,406.5004541690824,313.06709992611513,2024-10-01,2025-10-06 10:52:35.116,13,8,1,0,0,0,0,0,0,1,1,1,0,0,0,0,0,1,0,0,0,0,0,1,0,0
CUS_0x5aa2,63788.88,5045.74,8,7,17,0,27,11,0.68,30,1081.09,29.53034734552089,0.0,523.1070014377675,599.5736904233192,2024-10-01,2025-10-06 10:52:35.116,19,9,0,0,0,0,0,0,0,0,0,0,1,0,0,0,1,0,0,0,1,0,0,0,0,0
CUS_0x6bc0,10172.3,1046.6916666666666,10,8,33,0,20,16,7.39,130,2054.39,34.769917993426674,36.48924719317639,114.54929840187549,243.6306210716148,2024-10-01,2025-10-06 10:52:35.116,9,10,0,0,0,1,1,0,1,1,1,1,0,0,0,0,1,0,0,0,0,0,0,0,0,1
CUS_0x38c0,15660.15,1363.0125,9,10,23,5,45,15,2.46,90,1354.33,38.18918993963448,57.290679432061694,125.0706368947691,223.93993367316918,2024-10-01,2025-10-06 10:52:35.116,8,3,0,0,0,1,1,0,0,0,1,1,0,0,0,0,0,1,0,0,0,0,0,0,1,0
CUS_0x88f2,17028.31,1663.0258333333334,4,2,4,0,3,3,2.39,50,43.02,35.242848570787736,0.0,69.40692525955241,376.89565807378096,2024-10-01,2025-10-06 10:52:35.116,30,9,0,0,0,0,0,0,0,0,0,0,1,0,0,1,0,0,0,0,0,0,0,1,0,0
CUS_0xa548,35161.46,2930.1216666666664,10,8,32,6,61,21,2.49,150,4445.32,33.80137556192161,113.39108418671375,367.55193726387336,102.06914521607948,2024-10-01,2025-10-06 10:52:35.116,8,6,1,0,1,1,0,1,1,0,0,1,0,0,0,0,0,1,0,0,0,0,1,0,0,0
CUS_0x87d0,74380.96,6374.413333333334,4,6,27,4,9,8,16.51,70,1768.05,25.6339241355161,50639.0,172.09717878685387,512.2618467074285,2024-10-01,2025-10-06 10:52:35.116,19,10,1,0,0,0,1,1,0,0,1,1,0,0,0,0,0,0,1,0,1,0,0,0,0,0
CUS_0xa90a,34297.9,2801.1583333333333,9,8,16,8,61,18,21.5,150,4469.48,35.62424324313756,175.80648840220306,173.98559468600945,190.32375024512086,2024-10-01,2025-10-06 10:52:35.116,3,2,0,0,1,0,0,1,1,1,1,1,0,0,0,0,0,1,0,1,0,0,0,0,0,0
CUS_0xa7b8,25856.84,1978.736666666667,3,7,1,3,12,12,6.2200000000000015,50,586.46,26.495189125080643,58.726466021230685,57.719182564818475,351.4280180806175,2024-10-01,2025-10-06 10:52:35.116,18,0,0,0,0,0,1,0,0,0,1,0,1,0,0,1,0,0,0,0,0,0,0,0,1,0
CUS_0x33b6,28690.97,2657.914166666667,4,4,13,0,14,9,12.28,100,839.77,37.24478192449418,0.0,286.3756608810972,269.4157557855695,2024-10-01,2025-10-06 10:52:35.116,18,2,0,0,0,0,0,0,0,0,0,1,0,0,0,0,1,0,0,0,0,0,1,0,0,0
CUS_0xa2a8,14292.96,1096.08,8,7,23,9,56,21,4.78,110,1975.27,38.03869498762381,78.22962898056794,79.94057029894181,231.43780072049026,2024-10-01,2025-10-06 10:52:35.116,8,3,1,1,0,1,0,1,1,1,0,1,0,0,0,0,0,1,0,0,0,0,0,1,0,0
CUS_0x1ae8,32019.94,2598.328333333333,4,5,7,3,20,14,1.79,10,776.31,38.98785202309492,41.77294001142359,128.9071111651522,349.1527821567576,2024-10-01,2025-10-06 10:52:35.116,17,2,0,0,1,0,1,1,0,0,0,0,1,0,0,1,0,0,0,1,0,0,0,0,0,0
CUS_0x6f2a,151295.4,12378.403770012515,2,7,3,4,12,2529,0.029999999999999805,60,153.31,33.70775067408676,729.4903435212015,1001.9124001576868,180.83848630859458,2024-10-01,2025-10-06 10:52:35.116,28,2,0,0,1,0,1,0,1,0,0,0,1,0,0,0,0,0,1,0,0,0,0,1,0,0
CUS_0xa849,21468.16,2066.0133333333333,8,4,13,2,7,11,3.5,50,1119.42,23.79876865218896,19.663461460856745,31.8778553481362,395.06001652434037,2024-10-01,2025-10-06 10:52:35.116,28,8,0,0,0,1,0,0,0,1,0,0,1,0,0,0,0,0,1,0,0,1,0,0,0,0
CUS_0x1663,14184.935,1038.0779166666666,5,5,6,3,12,5,6.66,40,849.98,35.13548146397037,26.371075761637808,32.20257231143805,295.23414359359083,2024-10-01,2025-10-06 10:52:35.116,21,5,0,0,0,1,0,0,0,1,1,0,1,0,0,1,0,0,0,0,1,0,0,0,0,0
CUS_0x1fdc,14189.3,973.4416666666666,8,1499,23,2,12,11,15.02,120,1281.77,34.227196312372364,19.79281108541641,90.69247395377913,276.85888162747113,2024-10-01,2025-10-06 10:52:35.116,18,9,1,0,0,0,0,1,0,0,0,0,0,0,0,0,1,0,0,0,0,0,1,0,0,0
CUS_0x6e98,16063.455,1142.62125,8,6,7,2,16,18,15.79,90,355.79,32.15943092465576,72151.0,90.19694191759196,282.00553238931036,2024-10-01,2025-10-06 10:52:35.116,16,5,1,0,1,0,0,0,0,0,0,1,0,0,0,0,0,0,1,0,0,0,0,1,0,0
CUS_0x79ce,20226.28,1617.523333333333,8,6,14,2,28,9,8.79,130,767.58,31.713100110746108,26.83134355452796,116.84185373100071,308.0791360478047,2024-10-01,2025-10-06 10:52:35.116,9,3,0,0,1,1,0,0,0,0,0,1,0,0,0,0,1,0,0,0,0,0,0,0,0,1
CUS_0x1f97,175718.64,14707.22,3,5,11,0,12,4,6.85,50,1336.86,41.37472711591247,0.0,356.55036144099404,1364.1716385590062,2024-10-01,2025-10-06 10:52:35.116,23,5,0,0,0,0,0,0,0,0,0,0,1,0,0,0,0,0,1,0,1,0,0,0,0,0
CUS_0x7145,86282.67,7409.2225,5,7,10,4,18,12,0.98,10,144.57,33.743326858245226,228.42305131344543,460.25890417115835,312.2402945153962,2024-10-01,2025-10-06 10:52:35.116,18,2,0,0,1,1,1,0,1,0,0,0,1,0,0,1,0,0,0,1,0,0,0,0,0,0
CUS_0x788a,36564.35,3294.0291666666667,4,5,16,1,20,12,2.19,30,108.46,30.81075351757961,15.45972301130424,194.96597691837997,398.9772167369826,2024-10-01,2025-10-06 10:52:35.116,19,11,1,0,0,0,0,0,0,0,0,0,1,0,0,0,1,0,0,0,0,0,0,1,0,0
CUS_0xa54e,63856.48,5320.373333333334,7,7,13,5,16,19,12.05,80,1240.11,30.02393214906364,233.2408418437181,281.4427927955391,277.35369869407623,2024-10-01,2025-10-06 10:52:35.116,12,6,1,0,1,1,1,0,0,0,1,1,0,0,0,0,1,0,0,1,0,0,0,0,0,0
CUS_0x6ccb,24312.94,2040.078333333333,4,6,20,6,24,15,19.83,40,636.21,31.842534743670434,120.6661970700823,65.39262908024448,297.94900718300653,2024-10-01,2025-10-06 10:52:35.116,10,3,0,1,0,1,1,1,0,0,0,1,0,0,0,0,1,0,0,0,0,0,0,0,0,1
CUS_0x4c7d,99194.19,8530.1825,3,6,7,2,28,13,18.75,110,573.52,34.49320037924459,109.21070846951112,514.5329131374147,509.27462839307435,2024-10-01,2025-10-06 10:52:35.116,9,5,0,0,0,0,0,0,1,0,1,1,0,0,0,0,0,0,1,0,0,0,0,1,0,0
CUS_0x82b3,78435.64,6794.303333333332,5,3,12,1,16,9,9.52,40,1310.92,35.15874124127084,57.67440521077742,94.04473626992916,767.7111918526268,2024-10-01,2025-10-06 10:52:35.116,19,9,0,0,0,1,0,0,0,0,0,0,1,0,0,0,1,0,0,0,0,1,0,0,0,0
CUS_0x697a,19722.7,1625.5583333333334,4,5,25,7,27,15,9.83,110,2227.91,25.15131159108988,85.22868929583565,177.0601241475097,190.26701988998798,2024-10-01,2025-10-06 10:52:35.116,6,10,1,1,0,0,1,1,1,0,0,1,0,0,0,0,1,0,0,0,0,0,1,0,0,0
CUS_0x924,179166.48,14929.54,1,5,5,1,6,1,10.75,40,181.42,36.738898876137775,138.80174817100493,774.4937885846467,859.6584632443485,2024-10-01,2025-10-06 10:52:35.116,32,2,0,0,1,0,0,0,0,0,0,0,1,0,0,1,0,0,0,0,0,0,0,1,0,0
CUS_0xc60a,103136.76,8613.73,0,6,12,0,0,10,6.32,10,330.98,28.400192206141814,0.0,420.3036084854087,585.6796464819173,2024-10-01,2025-10-06 10:52:35.116,25,9,0,0,0,0,0,0,0,0,0,0,1,0,0,1,0,0,0,1,0,0,0,0,0,0
CUS_0xb0f6,69026.56,5970.213333333332,3,4,7,7,7,14,8.13,90,365.38,31.98125088032546,289.2175206077145,247.42213764660457,310.38167507901426,2024-10-01,2025-10-06 10:52:35.116,18,3,1,0,0,1,1,0,1,0,1,1,0,0,0,0,1,0,0,0,1,0,0,0,0,0
CUS_0x14d9,76082.25,6082.1875,6,5,13,3,7,15,7.8,40,847.11,24.935586536122752,186.464782863576,10000.0,468.14927538776914,2024-10-01,2025-10-06 10:52:35.116,33,0,0,0,1,0,1,0,0,1,0,1,0,0,0,0,1,0,0,0,0,0,1,0,0,0
CUS_0x720e,14458.0,1251.8333333333333,3,8,29,6,19,5,10.73,130,1701.54,36.74507458542666,47.8760441827213,79.30452391612408,268.0027652344879,2024-10-01,2025-10-06 10:52:35.116,8,0,1,1,0,0,1,1,0,0,1,1,0,0,0,0,1,0,0,0,0,0,0,0,1,0
CUS_0x157d,16311.665,1184.3054166666668,5,6,6,4,12,14,8.9,60,598.76,24.525594028113023,35.26657980732981,87.62033482241695,265.54362703692,2024-10-01,2025-10-06 10:52:35.116,19,6,1,1,1,0,0,1,0,0,0,0,1,0,0,0,1,0,0,0,0,0,0,0,1,0
CUS_0x2d22,16083.84,1488.32,7,4,11,0,15,18,7.92,0,537.64,30.909232009028287,14.686812211645794,51.11384559489403,373.03134219346015,2024-10-01,2025-10-06 10:52:35.116,17,2,0,0,0,0,0,0,1,1,0,0,0,0,0,0,0,0,1,0,0,0,1,0,0,0
CUS_0x387d,102279.18,8791.265,7,5,9,5,24,17,6.449999999999998,60,959.34,28.0117336943918,339.67552697899464,252.4827552227215,546.968217798284,2024-10-01,2025-10-06 10:52:35.116,8,11,1,0,0,0,1,0,0,1,1,1,0,0,0,0,1,0,0,1,0,0,0,0,0,0
CUS_0x4a11,67825.23,5819.1025,6,4,15,0,19,8,16.82,110,148.04,27.332682254042453,0.0,148.21958209908297,683.6906679009171,2024-10-01,2025-10-06 10:52:35.116,17,9,0,0,0,0,0,0,0,0,0,1,0,0,0,0,0,0,1,0,1,0,0,0,0,0
CUS_0x5a6b,1.6952875E7,1935.375,4,3,14,5,12,16,12.3,100,1215.0,38.17953400837023,56.36501610967146,129.7964855705373,297.3759983197913,2024-10-01,2025-10-06 10:52:35.116,18,4,1,0,0,0,1,0,1,1,0,1,0,0,0,0,1,0,0,0,0,0,1,0,0,0
CUS_0xaa27,7379.345,524.9454166666667,8,4,14,2,8,16,14.829999999999998,100,2592.0,31.171542610600824,9.22840565157338,69.06262082924519,264.20351518584806,2024-10-01,2025-10-06 10:52:35.116,14,9,0,0,0,0,0,0,1,1,0,1,0,0,0,0,0,0,1,0,0,0,1,0,0,0
CUS_0xc1b6,26523.72,1915.31,5,3,6,5,19,17,11.68,80,368.29,33.28072634785922,63.98469506806189,153.90628760426316,243.64001732767497,2024-10-01,2025-10-06 10:52:35.116,18,3,0,1,0,1,0,1,0,1,0,1,0,0,0,0,1,0,0,0,0,0,0,0,1,0
CUS_0xa789,15339.75,987.1371372441504,6,4,17,8,57,16,8.15,120,3981.77,25.006952591706558,172.72284533655716,93.78382416556177,202.6999432537308,2024-10-01,2025-10-06 10:52:35.116,0,10,1,0,0,1,0,1,1,0,1,1,0,0,0,0,0,1,0,0,0,0,1,0,0,0
CUS_0x16be,62983.02,5525.585,5,3,20,6,9,8,13.14,50,1469.91,32.20993300981609,199.4797292619804,589.2433376742757,53.83543306374384,2024-10-01,2025-10-06 10:52:35.116,7,5,1,0,0,1,1,0,0,1,1,1,0,0,0,0,1,0,0,0,0,0,1,0,0,0
CUS_0x62b7,41811.51,3441.2925,4,4,3,3,12,0,9.16,40,1137.64,25.387665304584523,68.27704539187297,30.46806327879964,485.38414132932746,2024-10-01,2025-10-06 10:52:35.116,32,9,0,1,0,1,0,0,1,0,0,0,1,0,0,1,0,0,0,0,0,1,0,0,0,0
CUS_0x9d3e,33856.86,2744.405,1,6,2,0,15,5,8.62,10,418.89,32.031725072477336,0.0,98.89440882398969,465.54609117601035,2024-10-01,2025-10-06 10:52:35.116,17,11,0,0,0,0,0,0,0,0,0,0,0,0,0,1,0,0,0,0,0,0,1,0,0,0
CUS_0x1c58,35319.26,3082.271666666667,4,3,7,4,5,3,6.66,30,140.19,26.530480430596576,112.73623806176728,254.04932875457,231.44159985032948,2024-10-01,2025-10-06 10:52:35.116,29,2,1,0,1,0,0,0,0,1,0,0,1,0,0,1,0,0,0,0,0,0,1,0,0,0
CUS_0x660d,34514.51,3067.209166666667,4,6,9,4,29,10,3.25,70,841.46,37.166593758253775,102.46258280009432,105.3213671035449,388.9369667630275,2024-10-01,2025-10-06 10:52:35.116,18,0,1,0,1,0,1,1,0,0,0,1,0,0,0,0,1,0,0,0,0,0,1,0,0,0
CUS_0x6632,21846.06,1978.505,2,6,8,2,6,9,0.95,30,284.95,29.58969305988116,22.09594398783332,59.618534271524496,386.13602174064215,2024-10-01,2025-10-06 10:52:35.116,18,6,0,0,1,0,1,0,0,0,0,0,0,0,0,1,0,0,0,0,0,0,0,0,1,0
CUS_0x111b,70277.22,5633.435,3,6,7,3,5,9,4.050000000000002,70,762.48,36.53293818170338,149.93410641234473,496.79119085081146,186.61820273684376,2024-10-01,2025-10-06 10:52:35.116,20,6,0,0,0,0,1,0,1,0,0,0,1,0,0,1,0,0,0,0,0,0,0,0,1,0
CUS_0x2fda,10281.435,1138.78625,5,8,20,6,21,6,21.64,120,1437.94,35.069763807715155,30.891790600312497,28.55836455943212,314.4284698402554,2024-10-01,2025-10-06 10:52:35.116,10,11,0,0,0,1,1,0,1,0,1,1,0,0,0,0,0,0,1,1,0,0,0,0,0,0
CUS_0x8176,14447.52,1447.6481463703394,6,10,28,8,55,20,22.04,120,2956.15,35.33998653998817,76.87803455095717,170.89541736631162,210.43440171239158,2024-10-01,2025-10-06 10:52:35.116,10,2,1,0,1,1,1,1,0,1,0,1,0,0,0,0,0,1,0,0,0,0,0,0,0,1
CUS_0xaa66,14995.29,1023.3111280706472,7,5,28,5,43,25,13.85,80,4593.28,29.13391401084413,175.8323356460959,76.69850400192405,246.62628228133303,2024-10-01,2025-10-06 10:52:35.116,3,6,1,1,0,0,0,1,0,1,0,1,0,0,0,0,0,1,0,0,0,0,0,0,1,0
CUS_0x23cc,85020.54000000001,6962.045000000001,0,5,7,3,11,8,4.74,30,934.62,38.73458419838445,205.21133447193017,198.4297897491143,552.5633757789557,2024-10-01,2025-10-06 10:52:35.116,15,9,1,0,0,1,1,0,0,0,0,0,1,0,0,1,0,0,0,1,0,0,0,0,0,0
CUS_0x4d9c,69753.12,5521.759999999998,6,10,27,2,22,18,7.92,70,2487.17,27.2035276594087,94.17278443642591,275.9519279288805,442.0512876346936,2024-10-01,2025-10-06 10:52:35.116,14,4,0,0,0,0,1,0,0,1,0,1,0,0,0,0,0,1,0,1,0,0,0,0,0,0
CUS_0x4db9,53587.86,4197.655,6,6,18,3,28,12,16.99,60,636.73,30.792260728914517,124.91514278325424,228.520513745911,326.3298434708348,2024-10-01,2025-10-06 10:52:35.116,15,5,1,0,0,1,0,0,1,0,0,1,0,0,0,0,1,0,0,1,0,0,0,0,0,0
CUS_0x9388,24208.83,1773.4025,7,4,13,3,33,20,5.4,50,873.13,29.454227413022128,42.313036239239416,24.91919579240233,350.1080179683583,2024-10-01,2025-10-06 10:52:35.116,33,2,0,0,1,0,1,0,0,0,0,0,1,0,0,0,0,0,1,0,0,1,0,0,0,0
CUS_0x3b2e,17609.57,1442.4641666666666,6,10,16,5,36,9,16.39,110,2613.9,35.34092504501477,61.7065032714987,60.56929860354671,301.97061479162124,2024-10-01,2025-10-06 10:52:35.116,15,2,1,0,0,0,0,1,1,0,1,1,0,0,0,0,1,0,0,0,0,0,0,1,0,0
CUS_0x487b,58484.22,5043.685,8,5,16,7,17,18,7.949999999999998,50,2389.36,28.920457025557752,199.56412975577217,178.8934382825273,375.9109319617005,2024-10-01,2025-10-06 10:52:35.116,12,5,1,1,1,0,1,1,0,0,1,1,0,0,0,0,1,0,0,0,1,0,0,0,0,0
CUS_0x4c95,25444.95,2342.4125,8,6,10,2,21,19,11.22,120,249.67,27.380640196566787,30.78169485461961,49.97270095119752,393.4868541941829,2024-10-01,2025-10-06 10:52:35.116,16,4,0,0,0,0,0,1,0,0,1,1,0,0,0,0,1,0,0,0,0,1,0,0,0,0
CUS_0x3486,22116.64,1803.053333333333,4,4,17,2,9,16,0.91,50,1099.66,28.868309584828783,26.81451645021124,10000.0,355.43961623516464,2024-10-01,2025-10-06 10:52:35.116,22,5,0,0,0,1,0,0,0,0,1,0,1,0,0,0,1,0,0,0,0,1,0,0,0,0
CUS_0x4982,20403.52,1755.293333333333,1,7,12,0,4,5,6.85,40,397.38,30.96007000955259,13.89072633942496,85.24033203987536,356.39827495403296,2024-10-01,2025-10-06 10:52:35.116,32,5,0,0,0,0,0,0,0,0,1,0,0,0,0,1,0,0,0,0,0,0,0,1,0,0
CUS_0xaf47,127273.88,10710.156666666668,8,4,14,1,26,14,8.27,20,556.02,43.41045957567231,60.4321533436484,10000.0,838.1212642861119,2024-10-01,2025-10-06 10:52:35.116,25,9,1,0,0,0,0,0,0,0,0,0,1,0,0,0,1,0,0,0,0,0,0,0,1,0
CUS_0x41f5,10701.525,651.7937499999998,3,5,19,3,13,10,5.95,30,158.95,35.99043877310171,13.79120499527748,37.48846862205859,283.89970138266386,2024-10-01,2025-10-06 10:52:35.116,30,11,0,1,0,1,0,0,0,1,0,0,1,0,0,0,1,0,0,0,0,0,0,0,1,0
CUS_0x6c2e,18681.465,1584.78875,2,3,9,2,6,6,3.9,30,327.88,39.538108644227655,24.8214249786604,10000.0,209.55769711416406,2024-10-01,2025-10-06 10:52:35.116,31,4,0,0,0,0,0,1,1,0,0,0,1,0,0,1,0,0,0,0,0,0,1,0,0,0
CUS_0x10a9,17603.265,1324.9459783621264,8,6,4,0,9,12,10.27,40,836.66,41.792552501915615,102.9927716378738,20.63448928511361,362.1593857148864,2024-10-01,2025-10-06 10:52:35.116,15,9,0,0,0,0,0,0,0,0,0,0,1,0,0,0,0,0,1,0,0,1,0,0,0,0
CUS_0x20b5,44871.86,3325.063353032412,3,3,7,2,13,9,7.66,40,48.42,29.404519939186315,375.7232519042369,46.354069782045144,513.8131586146392,2024-10-01,2025-10-06 10:52:35.116,20,5,1,0,1,0,0,0,0,0,0,0,0,0,0,1,0,0,0,0,1,0,0,0,0,0
CUS_0x77fe,169789.52,14355.126666666663,1,5,10,3,9,1,2.34,40,406.94,35.05309203137354,256.0700252648472,1117.3991036165357,352.0435377852839,2024-10-01,2025-10-06 10:52:35.116,31,6,0,0,1,0,0,0,0,0,1,0,0,0,0,1,0,0,0,0,0,0,1,0,0,0
CUS_0x652e,45749.06,3405.417951238789,6,5,13,4,27,10,5.74,30,443.19,40.30946552334333,305.2580326972269,157.50794531750088,382.2799040798165,2024-10-01,2025-10-06 10:52:35.116,23,4,1,1,0,0,0,0,0,0,0,1,0,0,0,0,1,0,0,0,0,0,1,0,0,0
CUS_0x860,24946.81,1797.9008333333334,8,4,13,3,22,17,11.71,60,72.27,39.35436165251385,36.26961341754433,45.17884036858744,348.3416295472016,2024-10-01,2025-10-06 10:52:35.116,12,9,0,0,0,1,0,0,0,1,0,1,0,0,0,0,1,0,0,0,1,0,0,0,0,0
CUS_0xb453,37485.37,3342.7808333333337,5,6,1,0,12,3,4.79,40,339.17,34.200363207800216,0.0,10000.0,372.76132722010414,2024-10-01,2025-10-06 10:52:35.116,18,3,0,0,0,0,0,0,0,0,0,0,1,0,0,1,0,0,0,0,0,0,0,0,1,0
CUS_0x67e3,8532.975,900.0812500000002,6,6,19,6,14,17,7.4700000000000015,80,2389.96,30.44868403081553,24.358094357469405,105.86546861653036,249.78456202600026,2024-10-01,2025-10-06 10:52:35.116,14,0,1,0,1,1,1,0,0,1,0,1,0,0,0,0,0,0,1,0,0,0,1,0,0,0
CUS_0x8ccd,59125.92,5224.16,9,9,32,0,34,17,15.64,90,2676.54,28.51446246218101,339.7023870191091,89.00738964436067,333.7062233365304,2024-10-01,2025-10-06 10:52:35.116,6,8,1,0,1,1,1,1,1,1,0,1,0,0,0,0,0,1,0,0,0,1,0,0,0,0
CUS_0x3937,16399.77,1114.6475,9,5,29,8,24,23,15.04,90,4667.4,28.918711571625447,61.99932741799826,89.49721646637535,249.9682061156264,2024-10-01,2025-10-06 10:52:35.116,4,10,1,0,1,0,1,0,0,0,1,1,0,0,0,0,0,1,0,0,0,0,1,0,0,0
CUS_0x79bd,21546.93,1561.5775,5,6,20,1,28,21,11.41,20,313.06,30.04055703812059,9.878117784047967,109.21388044629026,317.0657517696618,2024-10-01,2025-10-06 10:52:35.116,18,10,0,0,0,1,0,0,0,0,0,0,1,0,0,0,1,0,0,0,0,0,0,1,0,0
CUS_0x3797,46256.34,4048.695,7,5,30,6,16,16,17.92,90,4336.75,31.76937494752592,133.96297114316582,172.29876988006572,388.6077589767685,2024-10-01,2025-10-06 10:52:35.116,14,4,0,0,1,1,1,0,0,1,0,1,0,0,0,0,0,1,0,0,0,0,1,0,0,0
CUS_0x461f,108488.61000000002,8773.7175,4,3,14,0,6,17,4.99,60,1366.18,29.954772791713825,0.0,111.60136991567713,1005.7703800843229,2024-10-01,2025-10-06 10:52:35.116,26,3,0,0,0,0,0,0,0,0,0,1,0,0,0,0,1,0,0,0,0,1,0,0,0,0
CUS_0xc03a,33401.1,2701.425,1,7,1,2,3,9,11.39,80,857.99,25.86031012825743,54.21282396276768,63.36692237488333,402.562753662349,2024-10-01,2025-10-06 10:52:35.116,18,11,0,0,0,0,1,0,0,0,0,0,1,0,0,1,0,0,0,0,1,0,0,0,0,0
