Customer_ID,Annual_Income,Monthly_Inhand_Salary,Num_Bank_Accounts,Num_Credit_Card,Interest_Rate,Num_of_Loan,Delay_from_due_date,Num_of_Delayed_Payment,Changed_Credit_Limit,Num_Credit_Inquiries,Outstanding_Debt,Credit_Utilization_Ratio,Total_EMI_per_month,Amount_invested_monthly,Monthly_Balance,snapshot_date,_ingested_at_utc,credit_history_age_year,credit_history_age_month,mortgage_loan,auto_loan,credit_builder_loan,personal_loan,not_specified,student_loan,home_equity_loan,payday_loan,debt_consolidation_loan,ohe__payment_of_min_amount__yes,ohe__payment_of_min_amount__no,ohe__payment_of_min_amount__nm,ohe__payment_of_min_amount__unknown,ohe__credit_mix__good,ohe__credit_mix__standard,ohe__credit_mix__bad,ohe__credit_mix__unknown,ohe__payment_behaviour__high_spent_small_value_payments,ohe__payment_behaviour__high_spent_medium_value_payments,ohe__payment_behaviour__high_spent_large_value_payments,ohe__payment_behaviour__low_spent_small_value_payments,ohe__payment_behaviour__low_spent_medium_value_payments,ohe__payment_behaviour__low_spent_large_value_payments,ohe__payment_behaviour__unknown
CUS_0x74fc,25655.23,2081.935833333333,7,5,6,1,16,20,6.3,60,1115.06,28.19109517789414,15.080796058566763,159.41411930329,323.69866797147665,2023-07-01,2025-10-06 10:49:52.123,19,8,0,0,0,0,0,0,0,0,1,1,0,0,0,0,1,0,0,0,0,0,0,0,0,1
CUS_0x7de0,42326.99,3577.249166666666,0,2,4,4,9,10,5.97,40,1233.0,37.16347818811676,116.61871979482096,278.8678427726159,232.2383540992298,2023-07-01,2025-10-06 10:49:52.123,18,5,1,1,0,0,0,0,0,1,0,0,1,0,0,1,0,0,0,0,0,0,0,0,1,0
CUS_0x1d7b,70414.1,6112.841666666667,2,1407,9,4,8,11,9.24,40,422.72,36.26133242808228,221.08364574571152,114.47052119819931,515.7299997227559,2023-07-01,2025-10-06 10:49:52.123,23,6,0,0,0,1,0,1,1,0,1,0,1,0,0,1,0,0,0,0,0,1,0,0,0,0
CUS_0x584b,92565.81,7870.8175,4,5,14,1,16,14,10.95,0,1236.76,42.87032687632539,55.26199672002035,160.12897960524617,821.6907736747336,2023-07-01,2025-10-06 10:49:52.123,16,6,0,0,0,1,0,0,0,0,0,0,1,0,0,0,1,0,0,0,1,0,0,0,0,0
CUS_0x282b,63839.24,5192.9366666666665,7,6,14,3,35,16,14.01,110,2695.33,29.663687383271647,144.70962574659617,160.19826371556118,425.5721587463858,2023-07-01,2025-10-06 10:49:52.123,16,10,0,0,0,0,0,1,0,0,1,1,0,0,0,0,1,0,0,0,1,0,0,0,0,0
CUS_0x8072,86171.52,7202.96,4,2,2,4,3,9,6.88,15400,821.92,36.69706243993381,207.9350066373084,256.6543816583116,525.7066117043801,2023-07-01,2025-10-06 10:49:52.123,17,6,0,0,0,1,0,0,0,1,0,0,1,0,0,1,0,0,0,0,0,0,0,0,1,0
CUS_0x4c4f,39269.97,3102.7784536874137,1,7,1,4,0,5,6.32,40,785.78,29.09111157726093,449.2693512692168,111.87650991914141,397.22293512422766,2023-07-01,2025-10-06 10:49:52.123,24,8,0,1,1,0,1,0,1,0,0,0,0,0,0,1,0,0,0,0,0,0,0,0,1,0
CUS_0x6928,18944.84,1616.736666666667,7,6,24,8,59,23,3.5,100,1456.02,32.04616273528169,116.98797945029212,16.509126188859632,268.17656102751494,2023-07-01,2025-10-06 10:49:52.123,8,8,0,1,0,0,1,1,1,0,1,1,0,0,0,0,0,1,0,0,0,1,0,0,0,0
CUS_0xc345,60015.32,5121.276666666667,7,4,14,7,8,8,10.47,60,1095.15,26.803347048182307,187.0086829541501,63.61684472594013,501.5021389865765,2023-07-01,2025-10-06 10:49:52.123,15,9,1,0,1,1,1,0,0,1,0,1,0,0,0,0,1,0,0,0,0,1,0,0,0,0
CUS_0xe60,17340.775,1468.0645833333335,6,212,10,2,10,10,18.07,10,252.17,33.87267647524014,20.39717672193209,176.60395995093845,239.8053216604628,2023-07-01,2025-10-06 10:49:52.123,17,11,0,1,1,0,0,0,0,0,0,1,0,0,0,0,1,0,0,0,0,0,1,0,0,0
CUS_0x3bc7,64613.32,5232.443333333334,10,7,33,5,40,18,16.35,140,1522.0,31.744008748084177,235.43878786463864,201.24019452016742,336.5653509485273,2023-07-01,2025-10-06 10:49:52.123,10,11,1,1,0,0,0,0,0,1,1,1,0,0,0,0,1,0,0,0,1,0,0,0,0,0
CUS_0x4079,16858.01,1600.8341666666663,9,6,21,3,46,12,12.95,130,2403.74,25.78652441808168,24.93265117854793,51.19932248834946,353.9514429997693,2023-07-01,2025-10-06 10:49:52.123,11,9,0,0,1,1,1,0,0,0,0,1,0,0,0,0,1,0,0,0,0,0,0,0,1,0
CUS_0x31bd,56122.68000000001,4751.89,10,8,31,4,34,20,0.0,130,1274.63,37.117299400366825,98.3821735874208,37.625849264120596,579.1809771484587,2023-07-01,2025-10-06 10:49:52.123,15,3,0,1,0,0,0,0,1,1,0,1,0,0,0,0,1,0,0,0,0,1,0,0,0,0
CUS_0x9d7d,29879.43,2450.9525,6,5,10,3,5,19,11.79,80,1286.59,33.06830461628706,66.95682032796773,239.40806052707512,228.73036914495717,2023-07-01,2025-10-06 10:49:52.123,25,2,1,1,0,0,0,0,1,0,0,0,1,0,0,0,1,0,0,0,0,0,1,0,0,0
CUS_0x24e9,120671.25,9851.9375,4,3,3,4,1,9,10.96,30,755.16,34.21772486646337,320.74275568454283,126.4796283397464,777.9713659757108,2023-07-01,2025-10-06 10:49:52.123,16,4,1,0,1,0,0,1,1,0,0,0,1,0,0,1,0,0,0,0,0,0,0,0,0,1
CUS_0x4549,79290.96,6646.580000000001,7,6,34,7,19,16,6.04,90,3809.37,27.19100846285302,371.4364338396864,116.22152732512629,417.0000388351875,2023-07-01,2025-10-06 10:49:52.123,9,0,1,1,0,1,0,0,1,1,1,1,0,0,0,0,0,1,0,0,0,1,0,0,0,0
CUS_0x5cc5,72034.86,5780.905,5,6,13,0,19,18,13.76,40,1030.69,39.12159983764881,0.0,203.56673103261681,664.5237689673833,2023-07-01,2025-10-06 10:49:52.123,30,5,0,0,0,0,0,0,0,0,0,1,0,0,0,0,0,0,1,0,0,0,1,0,0,0
CUS_0xc40f,8071.24,493.60333333333335,7,5,21,9,54,24,7.86,120,1311.23,34.498833154358046,45.68156230689439,23.894148674217423,269.7846223522215,2023-07-01,2025-10-06 10:49:52.123,13,2,1,1,1,1,0,0,1,1,1,1,0,0,0,0,0,0,1,0,0,0,1,0,0,0
CUS_0x13de,14192.12,1401.676666666667,4,3,19,4,12,8,16.33,80,1483.6,38.4969895116376,45.185191840173566,58.02528806179473,326.95718676469835,2023-07-01,2025-10-06 10:49:52.123,17,3,0,0,0,1,0,1,1,0,0,0,0,0,0,0,1,0,0,0,0,0,1,0,0,0
CUS_0x6148,7295.715,444.9762500000001,3,5,34,1181,12,14,10.0,90,1349.1,23.901353632660488,21.292896101774303,29.211293618931155,283.9934352792945,2023-07-01,2025-10-06 10:49:52.123,10,9,0,1,0,1,1,1,0,0,0,1,0,0,0,0,1,0,0,0,0,0,1,0,0,0
CUS_0xacfc,37424.16,3045.6800000000007,7,5,18,0,15,16,14.64,100,1445.81,33.77178696025094,90.94863058594032,311.87450602536165,191.744863388698,2023-07-01,2025-10-06 10:49:52.123,18,10,0,0,0,0,0,1,1,0,1,0,0,0,0,0,1,0,0,0,0,0,1,0,0,0
CUS_0xae6c,8576.98,665.7483333333333,7,9,17,7,45,16,3.15,120,3650.06,39.366509510244974,39.668003886569096,52.19411349160968,254.71271595515458,2023-07-01,2025-10-06 10:49:52.123,4,5,0,1,0,1,1,0,1,1,0,1,0,0,0,0,0,1,0,0,0,0,0,1,0,0
CUS_0x4c2b,20945.38,1619.4483333333335,3,5,11,3,18,18,24.25,80,1396.35,31.81685384349955,50.42425161873664,137.94760076569887,263.57298094889785,2023-07-01,2025-10-06 10:49:52.123,15,4,0,0,1,0,0,1,1,0,0,1,0,0,0,0,1,0,0,0,0,0,1,0,0,0
CUS_0x8a78,63010.84,5550.903333333333,1,5,6,1,15,12,8.19,10,180.51,39.66339026957272,34.692736274086435,102.28762836973571,658.1099686895111,2023-07-01,2025-10-06 10:49:52.123,25,11,0,0,0,0,0,0,0,1,0,0,1,0,0,1,0,0,0,0,0,1,0,0,0,0
CUS_0xb239,84907.68,6642.952276514542,3,5,8,3,12,9,1.2000000000000002,40,16.18,40.381235071842006,700.8930942777503,126.5150933648864,666.1435358428209,2023-07-01,2025-10-06 10:49:52.123,26,2,0,1,0,0,1,0,0,0,1,0,1,0,0,0,0,0,1,0,0,1,0,0,0,0
CUS_0xb51a,31137.12,2405.76,6,6,31,8,16,20,20.18,80,2938.55,31.15334630594781,112.96669885479572,57.31715540623106,320.2921457389732,2023-07-01,2025-10-06 10:49:52.123,2,8,1,1,1,1,0,1,1,0,0,1,0,0,0,0,0,1,0,0,1,0,0,0,0,0
CUS_0xf5d,64560.52,5293.043333333333,9,10,19,9,44,15,33.61,100,3342.3,36.56586155903601,447.83415246737326,202.4821350990208,158.98804576693928,2023-07-01,2025-10-06 10:49:52.123,3,10,1,0,0,1,1,0,1,1,0,1,0,0,0,0,0,1,0,0,0,0,0,0,0,1
CUS_0x85cb,68475.24,5488.27,7,8,32,5,52,24,3.2,100,4116.64,27.90274597740141,236.00841935933255,378.10494769770753,224.71363294296,2023-07-01,2025-10-06 10:49:52.123,14,4,1,0,0,0,1,1,1,0,1,1,0,0,0,0,0,0,1,0,0,0,1,0,0,0
CUS_0x9d36,91490.6,7526.216666666667,5,4,12,4,26,16,12.76,50,1082.08,28.167518892197737,179.67456109535823,314.33404816948683,508.6130574018217,2023-07-01,2025-10-06 10:49:52.123,9,0,0,1,0,0,0,0,1,1,0,1,0,0,0,0,1,0,0,0,1,0,0,0,0,0
CUS_0xa2d2,77818.98,6573.915,5,6,8,4,11,15,13.86,40,1066.38,38.36266831520216,143.18580051827718,293.9339092049869,480.271790276736,2023-07-01,2025-10-06 10:49:52.123,23,1,1,0,1,0,0,1,0,0,0,1,0,0,0,0,0,0,1,1,0,0,0,0,0,0
CUS_0x31b2,79439.56,6444.963333333332,8,6,6,4,8,14,18.77,60,75.76,34.11784006946156,211.57480019090343,90.8638438333488,582.0576893090811,2023-07-01,2025-10-06 10:49:52.123,14,4,0,1,0,0,0,0,1,1,0,1,0,0,0,0,1,0,0,0,0,1,0,0,0,0
CUS_0x3b66,80511.84,6542.32,4,7,2,0,8,20,11.11,50,1048.69,27.43331396557927,0.0,144.73836551102968,749.4936344889702,2023-07-01,2025-10-06 10:49:52.123,20,4,0,0,0,0,0,0,0,0,0,0,1,0,0,0,0,0,1,0,0,0,0,0,0,1
CUS_0x7198,30912.38,2613.0316666666668,3,1,7,1,0,2,10.49,0,912.63,32.27822073102016,14.28583455387484,10000.0,398.88388648632014,2023-07-01,2025-10-06 10:49:52.123,21,10,0,0,0,0,0,0,0,1,0,0,1,0,0,0,0,0,1,0,1,0,0,0,0,0
CUS_0xb650,62995.92,5153.66,10,6,32,9,27,15,2.61,7160,2271.74,27.583687510871325,245.21581750479103,286.7502054540953,263.3999770411137,2023-07-01,2025-10-06 10:49:52.123,19,4,1,0,1,0,1,0,1,1,0,1,0,0,0,0,0,1,0,0,0,0,0,1,0,0
CUS_0x3da0,59775.24000000001,5259.27,4,6,16,0,30,15,2.69,90,787.76,38.66367294960825,0.0,200.25493100296532,575.6720689970348,2023-07-01,2025-10-06 10:49:52.123,20,6,0,0,0,0,0,0,0,0,0,0,1,0,0,0,1,0,0,0,1,0,0,0,0,0
CUS_0x41d5,17738.09,1384.9517786104834,7,7,21,5,58,19,0.63,80,2288.04,28.55688767274475,207.50253229255895,10000.0,226.18617097945926,2023-07-01,2025-10-06 10:49:52.123,9,4,0,0,0,1,1,1,1,0,0,1,0,0,0,0,0,1,0,0,0,0,1,0,0,0
CUS_0x5e2d,20969.505,1622.45875,5,1407,12,4,13,10,7.27,30,868.99,26.106192812029462,57.7092934725809,105.6383863911886,288.8981951362305,2023-07-01,2025-10-06 10:49:52.123,15,11,1,0,0,0,1,0,1,0,0,0,1,0,0,0,0,0,1,0,0,0,1,0,0,0
CUS_0xc1cc,102626.97,8733.2475,1,4,2,4,1,4,7.78,40,1179.1,28.63505917715717,223.40820068628773,114.1951453433142,775.7214039703981,2023-07-01,2025-10-06 10:49:52.123,31,3,0,0,0,0,1,1,1,0,0,0,1,0,0,0,0,0,1,0,0,1,0,0,0,0
CUS_0x2bf4,42586.46,3710.8716666666655,5,3,6,3,27,7,6.03,20,1053.75,39.12445660704742,64.00895861343731,33.3469132755201,513.7312947777093,2023-07-01,2025-10-06 10:49:52.123,29,11,0,0,1,0,0,1,1,0,0,0,1,0,0,0,0,0,1,0,0,0,0,0,0,1
CUS_0xb6bc,58992.92,4986.076666666667,4,6,30,6,9,14,8.39,100,2033.79,37.030307518281774,162.03016532621731,188.60614813118596,397.97135320926355,2023-07-01,2025-10-06 10:49:52.123,7,9,0,1,1,0,0,1,1,0,0,0,0,0,0,0,1,0,0,0,1,0,0,0,0,0
CUS_0x6010,146101.28,12012.106666666668,3,4,9,5,19,7,19.13,70,1311.47,32.54864447919149,307.14479792800967,1511.7124362945285,189.4129780541176,2023-07-01,2025-10-06 10:49:52.123,17,9,1,1,0,0,0,1,1,0,0,1,0,0,0,0,1,0,0,0,0,0,1,0,0,0
CUS_0xbf8,7946.09,883.1741666666667,7,10,17,5,54,24,7.36,120,1572.64,27.162881162097765,3316.0,43.296373920464504,295.0010996767079,2023-07-01,2025-10-06 10:49:52.123,15,11,1,1,0,1,1,0,0,1,0,1,0,0,0,0,0,1,0,0,0,0,0,1,0,0
CUS_0x505c,1.0700217E7,4640.715,8,5,16,3,14,8,19.03,7430,1434.54,37.38948268226327,107.27986995565156,10000.0,316.88479772482987,2023-07-01,2025-10-06 10:49:52.123,6,9,1,0,1,0,1,0,0,0,0,1,0,0,0,0,1,0,0,0,0,0,0,0,0,1
CUS_0xb6d2,8927.89,461.9908333333333,9,9,30,5,17,17,5.7,170,4667.75,32.471098852698766,30.61297277949084,18.061501180120498,287.524609373722,2023-07-01,2025-10-06 10:49:52.123,4,6,0,0,1,0,1,0,0,1,1,1,0,0,0,0,0,1,0,0,0,0,1,0,0,0
CUS_0xccf,49349.64,3987.47,5,477,15,5,15,10,10.3,60,1831.31,24.89102967710796,149.46952920422015,391.78590604515404,147.49156475062594,2023-07-01,2025-10-06 10:49:52.123,18,11,0,0,0,0,1,1,1,0,1,0,0,0,0,0,1,0,0,0,0,0,1,0,0,0
CUS_0x3f51,17612.175,1143.2288241346553,6,5,14,4,15,11,12.75,60,1273.32,34.99916206756154,108.26413693592328,79.9307508972063,262.5256630322149,2023-07-01,2025-10-06 10:49:52.123,18,3,0,0,1,0,0,1,1,0,0,1,0,0,0,0,1,0,0,1,0,0,0,0,0,0
CUS_0x4519,8631.04,683.2533333333333,8,8,18,8,47,25,21.54,140,4290.31,38.55141805811849,49.24068791457922,37.98203618786073,251.1026092308934,2023-07-01,2025-10-06 10:49:52.123,12,11,1,1,1,1,0,0,0,1,1,0,0,0,0,0,0,1,0,0,0,0,0,0,1,0
CUS_0xb631,121151.4,10239.95,3,4,1,2,10,7,8.84,60,42.69,32.16705678196778,101.40487238963097,311.08322356292905,861.5069040474398,2023-07-01,2025-10-06 10:49:52.123,29,0,0,0,1,0,0,0,0,0,0,0,1,0,0,1,0,0,0,0,1,0,0,0,0,0
CUS_0x6322,7451.97,463.99750000000006,10,6,29,5,49,18,7.41,90,1428.75,28.80722779181968,24.087191263799237,19.319107793050676,292.99345094315015,2023-07-01,2025-10-06 10:49:52.123,11,10,1,0,1,0,0,0,1,1,0,1,0,0,0,0,0,1,0,0,0,0,1,0,0,0
CUS_0x8600,20002.88,1929.906666666667,10,8,29,5,33,25,18.31,90,3571.7,37.14078350678023,60.964772373422434,34.66290609052614,337.3629882027182,2023-07-01,2025-10-06 10:49:52.123,6,3,1,1,0,1,0,1,0,0,0,1,0,0,0,0,0,1,0,0,0,1,0,0,0,0
CUS_0x1130,137798.88,10609.791908648782,6,726,13,0,23,12,9.25,20,1056.3,30.0543105570062,988.4480913512176,1156.953782699478,282.87021730052203,2023-07-01,2025-10-06 10:49:52.123,27,5,0,0,0,0,0,0,0,0,0,0,1,0,0,0,1,0,0,0,0,0,0,1,0,0
CUS_0x1ec5,36802.82,2426.5641683461404,4,3,7,1,15,14,6.06,20,190.98,26.6474381489926,379.6830160097123,104.1844002405932,403.0602487368873,2023-07-01,2025-10-06 10:49:52.123,32,6,0,0,0,0,1,0,0,0,0,0,0,0,0,1,0,0,0,1,0,0,0,0,0,0
CUS_0xa50e,125264.96,10404.746666666668,5,4,3,0,27,8,5.53,20,950.59,31.97515865257891,0.0,623.6064177742554,696.8682488924112,2023-07-01,2025-10-06 10:49:52.123,25,8,0,0,0,0,0,0,0,0,0,0,1,0,0,0,0,0,1,0,0,0,0,1,0,0
CUS_0xb473,8143.805,538.4705834144609,53,7,32,5,24,18,15.12,100,3235.52,37.37773090371708,49.80484886899226,49.65073268891632,270.98929336096387,2023-07-01,2025-10-06 10:49:52.123,2,3,0,0,0,1,0,1,0,1,1,1,0,0,0,0,0,1,0,0,0,0,1,0,0,0
CUS_0xbe2,171613.6,14154.133333333331,5,3,5,0,15,5,2.75,10,753.93,35.85554320513837,0.0,284.6755361776292,1390.7377971557046,2023-07-01,2025-10-06 10:49:52.123,28,5,0,0,0,0,0,0,0,0,0,0,1,0,0,0,0,0,1,1,0,0,0,0,0,0
CUS_0x17e8,102885.75,8543.8125,1,6,1,2,4,9,4.96,60,624.01,31.049644333394355,38367.0,724.2674446832295,254.8716072752427,2023-07-01,2025-10-06 10:49:52.123,25,3,0,0,0,1,0,1,0,0,0,0,1,0,0,0,0,0,1,0,0,0,0,1,0,0
CUS_0x46e6,9582.775,750.5645833333333,9,7,16,8,36,21,25.21,130,3525.61,30.967327143908,36.17024396841835,25.517105517966204,283.3691088469488,2023-07-01,2025-10-06 10:49:52.123,8,4,0,0,1,1,1,0,1,1,1,0,0,0,0,0,0,1,0,0,0,0,0,0,1,0
CUS_0xcb3,83601.84,7235.82,9,5,29,7,60,20,11.87,110,4290.72,33.879182178883106,439.0918486343482,441.82769173637314,132.6624596292786,2023-07-01,2025-10-06 10:49:52.123,6,3,0,0,1,1,1,0,1,0,1,1,0,0,0,0,0,1,0,0,0,0,1,0,0,0
CUS_0xb2b5,43985.8,3898.4833333333336,5,4,5,0,6,19,5.56,30,715.46,26.826604251540083,0.0,289.54317178023564,390.30516155309766,2023-07-01,2025-10-06 10:49:52.123,25,5,0,0,0,0,0,0,0,0,0,1,0,0,0,0,1,0,0,0,0,0,1,0,0,0
CUS_0x33da,35184.74,3035.061666666666,6,654,13,2,21,15,19.25,80,1036.03,41.120197639155975,34.63006424675065,107.01959915275512,431.85650326716086,2023-07-01,2025-10-06 10:49:52.123,26,0,0,0,0,0,0,0,1,0,0,1,0,0,0,0,1,0,0,0,0,0,0,0,1,0
CUS_0x4681,29175.03,2152.2525,0,1166,1,0,5,7,11.95,50,1435.39,26.3986157631701,0.0,101.10423374168393,404.1210162583161,2023-07-01,2025-10-06 10:49:52.123,19,8,0,0,0,0,0,0,0,0,0,0,1,0,0,1,0,0,0,0,0,0,1,0,0,0
CUS_0x6f78,75490.22,6502.8516666666665,1,2,2,1,11,7,2.02,60,233.03,32.4382407623551,42.19111810979919,390.6545319287856,497.4395166280819,2023-07-01,2025-10-06 10:49:52.123,33,4,0,0,0,0,0,0,0,0,1,0,1,0,0,0,0,0,1,0,0,0,0,1,0,0
CUS_0xb7c,7944.18,647.015,8,8,18,2,26,20,3.35,120,1807.0,26.258635569983767,10.561535030062624,43.43948777112053,270.70047719881677,2023-07-01,2025-10-06 10:49:52.123,11,6,0,0,0,0,1,0,0,0,1,1,0,0,0,0,0,1,0,1,0,0,0,0,0,0
CUS_0x11d1,11731.585,828.6320833333333,8,3,6,2,18,7,7.48,20,289.73,27.507404520533136,15.359696785723465,32.777846317329605,314.72566523028024,2023-07-01,2025-10-06 10:49:52.123,19,2,0,0,1,0,0,1,0,0,0,1,0,0,0,0,0,0,1,0,0,0,0,1,0,0
CUS_0x165e,59850.24000000001,5156.52,5,5,17,3,12,14,14.0,130,2294.21,30.56909304018897,131.8173967359117,40.25606351528718,583.5785397488013,2023-07-01,2025-10-06 10:49:52.123,14,8,0,0,0,0,0,0,0,1,0,0,0,0,0,0,1,0,0,0,0,1,0,0,0,0
CUS_0x51eb,60764.4,5285.7,7,7,11,4,22,8,12.81,60,2065.33,30.457279331963505,163.6269834115319,277.6803041481337,357.2627124403345,2023-07-01,2025-10-06 10:49:52.123,18,4,1,1,1,1,0,0,0,0,0,1,0,0,0,0,1,0,0,0,0,0,0,0,1,0
CUS_0x68f8,34709.28,2997.44,4,2,5,2,4,1,2.81,30,104.98,36.93709663102607,51.39629433384138,189.164466171205,329.1832394949537,2023-07-01,2025-10-06 10:49:52.123,27,6,1,1,0,0,0,0,0,0,0,0,1,0,0,1,0,0,0,0,0,0,0,0,1,0
CUS_0xae82,31080.36,2394.03,8,4,6,1,27,13,8.92,50,512.07,33.255061287777,19.6561400460888,163.6921132763521,316.0547466775592,2023-07-01,2025-10-06 10:49:52.123,32,6,0,0,0,1,0,0,0,0,0,0,1,0,0,0,1,0,0,1,0,0,0,0,0,0
CUS_0x2590,14455.15,912.5958333333332,6,5,19,0,10,16,10.56,70,1028.5,36.0857933202461,0.0,23.056051608523866,308.20353172480947,2023-07-01,2025-10-06 10:49:52.123,13,3,0,0,0,0,0,0,0,0,0,1,0,0,0,0,1,0,0,0,0,1,0,0,0,0
CUS_0x4b12,57654.4,4590.533333333334,4,6,10,2,12,19,12.71,90,573.53,25.843693547931306,53.0360464900091,97.99711060198887,558.0201762413353,2023-07-01,2025-10-06 10:49:52.123,10,9,1,1,0,0,0,0,0,0,0,1,0,0,0,0,1,0,0,0,1,0,0,0,0,0
CUS_0x81e9,51045.9,4037.825,10,5,22,9,42,23,15.17,110,2878.45,33.530087979855416,205.41513152404696,79.88715507260483,358.48021340334816,2023-07-01,2025-10-06 10:49:52.123,2,9,1,1,1,1,1,1,0,0,0,1,0,0,0,0,0,0,1,0,0,1,0,0,0,0
CUS_0xebd,7183.53,574.6274999999998,2,2,15,6,17,18,8.23,110,2117.29,33.74472729503032,35.270232265627016,63.64878595738415,248.54373177698884,2023-07-01,2025-10-06 10:49:52.123,18,5,0,0,0,1,0,1,0,1,1,0,0,0,0,0,1,0,0,0,0,0,1,0,0,0
CUS_0x49e3,45139.08,3535.59,7,9,19,6,16,19,9.16,160,1419.66,34.290520163367255,153.446081743519,80.59471526541361,369.51820299106737,2023-07-01,2025-10-06 10:49:52.123,14,6,0,0,1,0,1,0,0,1,1,0,0,0,0,0,0,0,1,0,1,0,0,0,0,0
CUS_0xbdcd,16994.67,1618.2225,4,3,5,1,21,14,8.75,70,1209.22,23.46097303405391,13.8374313545606,143.64889358365681,284.33592506178263,2023-07-01,2025-10-06 10:49:52.123,23,9,1,0,0,0,0,0,0,0,0,1,0,0,0,0,1,0,0,0,0,0,0,1,0,0
CUS_0xc362,56286.51,4601.5425,7,5,15,5,33,15,21.59,120,2554.66,26.34837929079401,201.49816150827505,370.9008960814677,177.75519241025725,2023-07-01,2025-10-06 10:49:52.123,18,2,1,1,1,1,0,1,0,0,0,1,0,0,0,0,1,0,0,0,0,0,1,0,0,0
CUS_0x17f0,71460.32,6038.026666666668,4,543,5,2,5,4,7.95,40,240.64,36.23329283209671,109.89586194843932,123.4780800449956,610.4287246732317,2023-07-01,2025-10-06 10:49:52.123,17,0,0,0,1,0,0,0,0,0,0,0,1,0,0,0,0,0,1,0,0,1,0,0,0,0
CUS_0x5734,135883.0,11330.583333333336,6,7,8,1,9,10,16.73,20,132.78,27.61659504412732,109.0751640934926,761.9352953002332,552.0478739396077,2023-07-01,2025-10-06 10:49:52.123,23,5,0,0,0,0,1,0,0,0,0,1,0,0,0,0,1,0,0,0,0,0,1,0,0,0
CUS_0x80f8,15668.4,1584.7,8,6,21,9,42,16,23.2,100,4499.92,24.35014636568141,102.91746318987065,76.85301286407427,268.69952394605514,2023-07-01,2025-10-06 10:49:52.123,1,10,0,1,0,0,1,1,0,1,1,1,0,0,0,0,0,0,1,0,0,0,1,0,0,0
CUS_0xa9d9,40857.12,3446.76,10,7,33,6,23,26,12.53,60,1567.41,25.216206195287427,106.15069663143262,321.32366504464215,197.2016383239253,2023-07-01,2025-10-06 10:49:52.123,10,10,0,0,1,1,0,1,1,0,0,1,0,0,0,0,0,1,0,0,0,0,0,1,0,0
CUS_0x2784,78399.12,6568.259999999998,8,9,29,6,57,15,22.27,120,1618.99,37.101492618679416,237.2892496873064,99.31518156698156,570.2215687457121,2023-07-01,2025-10-06 10:49:52.123,17,0,1,0,0,0,1,1,0,0,1,1,0,0,0,0,0,1,0,0,1,0,0,0,0,0
CUS_0x9619,86290.14,7381.845,4,3,8,3,26,5,4.53,20,841.82,28.492163016563865,173.94759688998954,762.133250708399,92.1036524016115,2023-07-01,2025-10-06 10:49:52.123,21,0,0,0,0,0,1,0,0,1,0,0,0,0,0,0,1,0,0,0,0,0,1,0,0,0
CUS_0x14a3,119016.88,9918.073333333334,8,3,8,0,27,13,2.77,50,839.78,29.00174210635968,0.0,10000.0,926.3716741639321,2023-07-01,2025-10-06 10:49:52.123,32,6,0,0,0,0,0,0,0,0,0,0,1,0,0,0,1,0,0,0,1,0,0,0,0,0
CUS_0x3adb,103351.8,8465.65,3,7,8,2,12,8,10.03,80,1246.62,29.53270436198293,140.85823594664058,321.9339833031206,270.214184381516,2023-07-01,2025-10-06 10:49:52.123,8,10,0,0,0,1,0,1,0,0,0,1,0,0,0,0,1,0,0,0,0,0,0,1,0,0
CUS_0x4f1a,7097.015,500.41791666666666,10,9,22,7,52,24,23.84,110,3886.64,30.13377556353373,34.010458606710074,57.840649221966956,248.1906838379896,2023-07-01,2025-10-06 10:49:52.123,2,11,1,0,0,0,1,1,1,1,0,1,0,0,0,0,0,1,0,0,0,0,1,0,0,0
CUS_0x5f5d,30738.51,2438.5425,3,7,3,1,12,13,3.58,70,645.49,26.82783342264327,22.815893781129866,70.84256141900946,400.1957947998608,2023-07-01,2025-10-06 10:49:52.123,31,10,0,0,0,0,0,1,0,0,0,0,1,0,0,0,0,0,1,0,1,0,0,0,0,0
CUS_0x945f,34996.86,2886.405,7,7,10,4,9,8,7.94,70,143.42,34.84048487282321,112.40696115361816,10000.0,372.2128238934026,2023-07-01,2025-10-06 10:49:52.123,8,2,0,0,0,0,1,1,1,0,0,1,0,0,0,0,1,0,0,1,0,0,0,0,0,0
CUS_0x55d9,15701.525,1316.4604166666666,7,7,1,4,7,18,3.83,30,949.55,39.32144276039674,50.39641880368529,10000.0,307.79018213606827,2023-07-01,2025-10-06 10:49:52.123,32,2,1,0,0,0,0,1,1,0,0,0,0,0,0,1,0,0,0,0,0,0,0,1,0,0
CUS_0x6673,59050.48,5018.873333333334,8,8,28,9,56,23,23.29,100,4283.98,34.421007412117014,339.4953287455546,131.11280776512172,301.27919682265707,2023-07-01,2025-10-06 10:49:52.123,2,6,1,0,0,0,1,1,1,1,0,1,0,0,0,0,0,1,0,0,0,0,0,0,1,0
CUS_0x8b29,73490.5,6231.208333333332,6,7,18,2,9,16,11.71,60,33.14,40.17648706832399,104.08370699905306,331.1019044079171,467.9352219263632,2023-07-01,2025-10-06 10:49:52.123,32,6,0,0,0,1,0,0,0,0,1,0,1,0,0,0,1,0,0,0,0,0,0,1,0,0
CUS_0xb67f,76170.12,6459.509999999998,5,7,16,6,17,14,19.31,110,567.53,35.62187600580989,41352.0,539.8426511678746,182.82882753073312,2023-07-01,2025-10-06 10:49:52.123,14,3,0,1,0,0,1,1,0,0,1,0,0,0,0,0,1,0,0,0,0,0,0,1,0,0
CUS_0x47e3,7750.735,701.8945833333332,3,7,25,3,12,17,18.72,140,1651.44,25.52628280328323,17.191110192166207,18.245668403640746,284.75267973752636,2023-07-01,2025-10-06 10:49:52.123,10,6,0,1,1,0,0,0,0,0,0,1,0,0,0,0,1,0,0,0,1,0,0,0,0,0
CUS_0xb521,8571.29,514.2741666666667,8,7,24,9,53,24,4.09,90,1716.56,28.361019515645708,42.827855239035294,30.12388540793217,268.47567601969916,2023-07-01,2025-10-06 10:49:52.123,12,4,1,1,1,0,1,0,1,0,1,1,0,0,0,0,0,0,1,0,0,0,1,0,0,0
CUS_0x47d5,10079.865,576.98875,9,6,26,9,36,25,20.95,110,3459.41,29.610704075563035,44.861476216093095,39.71727526499817,253.12012351890877,2023-07-01,2025-10-06 10:49:52.123,10,7,1,1,1,1,0,1,1,1,0,1,0,0,0,0,0,1,0,0,0,0,0,0,0,1
CUS_0x6f04,16416.38,1567.031666666667,9,9,34,6,32,25,13.88,90,1319.87,38.91475949280097,80.50535078504376,111.83508868632224,234.36272719530066,2023-07-01,2025-10-06 10:49:52.123,19,4,1,0,1,0,1,0,1,1,0,1,0,0,0,0,0,1,0,0,0,0,0,0,1,0
CUS_0xa60e,134775.96,11379.33,0,3,11,3,2,2,0.95,40,1370.19,36.38109087438613,276.83663348475613,829.9797603017487,311.11660621349534,2023-07-01,2025-10-06 10:49:52.123,22,4,0,1,0,0,1,0,0,0,1,0,1,0,0,1,0,0,0,0,0,0,0,0,0,1
CUS_0x661d,52454.79,4130.2325,8,6,24,7,25,25,5.23,110,2429.89,36.367650873618,273.56064730844287,459.974139052073,119.71750059272837,2023-07-01,2025-10-06 10:49:52.123,8,6,0,0,1,0,1,1,1,1,1,1,0,0,0,0,0,1,0,0,0,0,1,0,0,0
CUS_0x2184,54820.89,4295.4075,8,7,28,6,41,17,18.42,110,4795.13,28.20185654687037,169.48198431622052,118.8780758552012,391.18068982857835,2023-07-01,2025-10-06 10:49:52.123,3,6,1,0,0,1,0,0,1,0,1,1,0,0,0,0,0,1,0,0,1,0,0,0,0,0
CUS_0x3f68,121277.0,9884.416666666666,4,1,7,4,12,12,7.69,80,867.24,37.8731449873631,375.3982364078183,501.47885776486663,371.5645724939817,2023-07-01,2025-10-06 10:49:52.123,26,11,1,0,1,0,1,1,0,0,0,0,1,0,0,1,0,0,0,1,0,0,0,0,0,0
CUS_0x6a8f,162687.32,13421.276666666668,1,5,10,2,15,8,4.52,40,1194.38,25.73339059892239,258.47958615305924,818.1023477841143,545.5457327294934,2023-07-01,2025-10-06 10:49:52.123,26,3,1,0,0,1,0,0,0,0,0,0,1,0,0,0,0,0,1,0,0,0,0,1,0,0
CUS_0x703c,131113.28,11015.106666666668,1,4,6,3,16,11,6.1,20,954.65,27.63219998572423,258.3602259637769,239.58424726170216,843.5661934411877,2023-07-01,2025-10-06 10:49:52.123,17,2,0,0,1,0,0,0,1,0,0,0,1,0,0,1,0,0,0,0,0,1,0,0,0,0
CUS_0xfb8,34636.64,2892.6360236396245,3,1,9,4,0,10,18.8,40,644.87,26.50211006977356,347.16471458722054,60.492381650303116,389.7322134561853,2023-07-01,2025-10-06 10:49:52.123,24,0,0,0,1,0,0,0,0,1,1,0,1,0,0,0,0,0,1,0,0,1,0,0,0,0
CUS_0x4cfd,75650.04,6134.169999999999,10,6,15,0,19,22,28.83,80,2525.56,38.89760786954332,327.534571066074,115.05510113416712,410.82732779975885,2023-07-01,2025-10-06 10:49:52.123,6,11,0,0,0,1,1,0,1,0,0,1,0,0,0,0,0,1,0,0,0,1,0,0,0,0
CUS_0xacd7,15701.03,1213.4191666666668,8,10,30,9,21,22,0.0,90,1574.0,30.03868318190743,60.44515192757436,67.76890495210498,283.12785978698736,2023-07-01,2025-10-06 10:49:52.123,19,3,1,1,0,1,0,0,1,1,1,0,0,0,0,0,0,1,0,0,0,0,1,0,0,0
CUS_0xc55b,52499.16,4244.93,7,5,17,8,57,18,2.21,100,1441.5,40.56755782483781,289.2684930481568,45.83887054190801,329.38563640993533,2023-07-01,2025-10-06 10:49:52.123,7,3,1,0,0,1,0,1,1,1,0,1,0,0,0,0,0,0,1,0,0,1,0,0,0,0
CUS_0x24cc,36186.85,2797.570833333333,0,4,12,1,19,7,7.21,50,761.58,25.31792212834004,18.3093430678619,98.98457519587835,412.4631650695931,2023-07-01,2025-10-06 10:49:52.123,29,10,1,0,0,0,0,0,0,0,0,0,1,0,0,0,0,0,1,0,1,0,0,0,0,0
CUS_0x41ee,56668.5,4996.375,4,8,28,2,22,6,0.0,120,1627.25,28.09732541036105,82.49753192325132,157.2540737706255,509.88589430612325,2023-07-01,2025-10-06 10:49:52.123,9,6,0,1,1,0,0,0,0,0,0,1,0,0,0,0,1,0,0,0,1,0,0,0,0,0
CUS_0x9ff5,48259.38,4022.615,8,5,17,6,31,9,17.15,90,1819.26,37.21856709955929,162.97939971907152,391.1759035491816,138.10619673174693,2023-07-01,2025-10-06 10:49:52.123,9,3,1,1,0,0,1,1,1,0,0,1,0,0,0,0,0,0,1,0,0,0,1,0,0,0
CUS_0xacd,130091.08,10826.923333333334,0,6,5,4,6,4,2.89,30,449.1,35.85952438501049,383.7174522351335,990.7941159989236,829.416246636254,2023-07-01,2025-10-06 10:49:52.123,26,2,0,0,1,0,0,0,1,1,1,0,1,0,0,1,0,0,0,0,0,0,0,0,1,0
CUS_0x6478,17196.44,1438.0366666666666,3,8,19,3,28,20,16.31,100,1310.39,34.502132726882465,29.9863932031892,41.33199585973433,332.48527760374316,2023-07-01,2025-10-06 10:49:52.123,7,0,0,1,0,0,1,1,0,0,0,1,0,0,0,0,1,0,0,1,0,0,0,0,0,0
CUS_0x8110,92942.4,7474.2,5,4,7,6,18,8,9.85,60,147.78,24.624912683359256,346.1036174567048,949.9320544742484,38.379297786092366,2023-07-01,2025-10-06 10:49:52.123,17,11,1,0,0,1,1,1,0,0,0,1,0,0,0,0,1,0,0,0,0,0,0,0,0,1
CUS_0xa396,18249.16,1677.763333333333,4,7,6,2,10,11,10.09,90,496.55,27.947138565291915,21.58400546492368,63.75703117120844,332.43529669720124,2023-07-01,2025-10-06 10:49:52.123,10,0,0,0,0,0,0,1,1,0,0,1,0,0,0,0,1,0,0,0,1,0,0,0,0,0
CUS_0x5396,36568.05,3011.3375,4,7,835,4,12,15,2.83,0,1417.22,31.592151105682845,72.58745421757796,119.82716167540414,417.8844389745903,2023-07-01,2025-10-06 10:49:52.123,30,5,1,0,1,1,1,0,0,0,0,0,0,0,0,0,1,0,0,0,1,0,0,0,0,0
CUS_0x6b59,29041.4,2646.116666666667,3,5,3,2,7,0,8.58,10,1029.86,35.19020026493892,37.02349818181048,134.95266892439116,362.63549956046506,2023-07-01,2025-10-06 10:49:52.123,32,0,0,0,0,0,0,1,0,1,0,0,1,0,0,1,0,0,0,0,0,0,0,0,1,0
CUS_0x9ebf,131723.24,10841.936666666666,4,3,5,4,13,15,9.66,0,642.11,34.78727854579922,385.9717514944792,234.51736318315307,703.7045519890344,2023-07-01,2025-10-06 10:49:52.123,30,9,1,0,0,0,0,0,1,1,0,0,1,0,0,1,0,0,0,0,0,1,0,0,0,0
CUS_0x32a7,10460.245,995.6870833333336,8,5,25,6,8,8,19.09,80,2625.88,35.42960489306816,38.27622887577712,67.54199150695977,283.75048795059644,2023-07-01,2025-10-06 10:49:52.123,17,0,1,0,1,1,0,1,0,0,1,1,0,0,0,0,1,0,0,0,0,0,1,0,0,0
CUS_0x61c2,88752.26,7109.0216666666665,5,6,3,1,1,6,5.02,80,1180.26,29.436289384301357,72.52444300852066,291.712369077627,616.6653545805191,2023-07-01,2025-10-06 10:49:52.123,18,9,1,0,0,0,0,0,0,0,0,0,1,0,0,1,0,0,0,0,0,0,0,0,1,0
CUS_0x8852,129591.32,10667.276666666668,4,5,2,0,3,3,2.91,80,1348.66,39.802865248938296,0.0,734.7989847716252,611.9286818950413,2023-07-01,2025-10-06 10:49:52.123,32,6,0,0,0,0,0,0,0,0,0,0,1,0,0,1,0,0,0,0,0,0,0,1,0,0
CUS_0x9e24,9555.665,957.3054166666668,701,5,14,2,6,10,1.18,20,1383.88,26.23920659093033,8.036609620229202,14.870107163682736,322.8238248827548,2023-07-01,2025-10-06 10:49:52.123,16,10,1,0,0,0,1,0,0,0,0,1,0,0,0,0,1,0,0,0,1,0,0,0,0,0
CUS_0x24e8,17725.57,1691.1308333333334,5,9,20,6,12,14,22.71,130,2074.18,32.98018798206601,83.57842009904834,226.99447174542343,148.5401914888616,2023-07-01,2025-10-06 10:49:52.123,8,2,0,0,0,0,1,0,1,1,1,1,0,0,0,0,0,0,1,0,0,0,1,0,0,0
CUS_0x76fc,65735.46,5665.955000000001,7,7,10,4,8,9,18.55,70,106.96,32.90320583835988,129.26194262598472,186.11268870959356,501.22086866442186,2023-07-01,2025-10-06 10:49:52.123,33,5,1,0,0,1,0,0,0,1,1,0,0,0,0,0,0,0,1,0,1,0,0,0,0,0
CUS_0x3a1b,16524.395,1645.0329166666668,5,5,20,4,26,20,11.65,30,988.27,34.84816611692555,44.23685735774106,133.72026676056586,266.5461675483598,2023-07-01,2025-10-06 10:49:52.123,26,2,1,1,0,0,0,0,0,0,1,0,1,0,0,0,0,0,1,0,0,0,0,1,0,0
CUS_0x4269,73888.42,6077.368333333333,4,5,17,4,15,15,10.81,40,604.85,34.42810777815791,244.26490250324804,90.71501561308969,522.7569152169956,2023-07-01,2025-10-06 10:49:52.123,27,3,0,1,1,0,1,1,0,0,0,1,0,0,0,0,1,0,0,0,1,0,0,0,0,0
CUS_0xadee,60180.09,5218.0075,7,7,17,3,28,15,8.34,10,1293.89,37.73195487698349,108.6311311015468,382.8747816892399,320.2948372092133,2023-07-01,2025-10-06 10:49:52.123,27,8,0,0,0,0,1,0,1,1,0,0,1,0,0,0,1,0,0,0,0,0,1,0,0,0
CUS_0x36bb,134978.24,10541.520749550598,8,5,15,2,9,15,16.89,50,668.14,39.14219982189984,662.7777405037292,780.4179941398078,667.8675999663046,2023-07-01,2025-10-06 10:49:52.123,26,9,1,0,0,0,0,0,0,0,0,1,0,0,0,0,1,0,0,0,0,0,0,1,0,0
CUS_0x4430,47422.23,4077.8525,8,8,19,4,21,23,3.19,100,1298.18,30.830999483668467,130.4577524341069,63.43049122529018,453.8970063406029,2023-07-01,2025-10-06 10:49:52.123,16,3,0,1,1,0,0,1,0,0,1,1,0,0,0,0,0,1,0,0,0,0,0,0,0,1
CUS_0x6ab5,81995.32,7087.943333333334,3,7,5,4,20,10,9.47,90,193.78,32.94783592921669,175.9027800666592,634.1400911672256,188.75146209944862,2023-07-01,2025-10-06 10:49:52.123,20,0,1,0,0,0,1,0,1,0,0,1,0,0,0,0,0,0,1,0,0,0,1,0,0,0
CUS_0x870e,7762.595,712.8829166666667,3,9,17,2,12,14,0.0,100,2407.95,26.092311877803468,10.552437529398258,93.29266916596194,257.44318497130644,2023-07-01,2025-10-06 10:49:52.123,9,11,0,0,0,1,0,0,0,0,0,1,0,0,0,0,1,0,0,0,0,0,1,0,0,0
CUS_0xa08c,10917.655,1121.3963522601218,5,4,19,6,7,15,16.49,70,278.25,27.88146801663526,94.3119662527189,61.088357939985066,286.58836521384114,2023-07-01,2025-10-06 10:49:52.123,15,2,1,1,1,1,1,0,0,0,0,1,0,0,0,0,0,0,1,0,0,0,0,0,1,0
CUS_0x59d8,37999.06,2933.588333333333,10,9,26,6,31,25,29.14,110,3783.59,34.32773623234652,153.9901698086159,260.7865245664008,168.58213895831668,2023-07-01,2025-10-06 10:49:52.123,1,10,0,1,0,0,0,0,1,0,1,0,0,0,0,0,0,1,0,0,0,0,1,0,0,0
CUS_0x75f,78188.84,6296.736666666668,3,6,17,3,13,19,13.56,80,605.86,38.73256083050752,195.10234618875043,336.40459139122373,368.16672908669256,2023-07-01,2025-10-06 10:49:52.123,15,6,0,0,0,1,1,0,0,0,1,1,0,0,0,0,1,0,0,0,0,0,0,0,1,0
CUS_0x7da5,64118.72,5229.2266666666665,4,7,33,6,29,11,13.2,90,1675.0,29.231387352233146,285.4860277038557,142.40599876503524,345.0306401977757,2023-07-01,2025-10-06 10:49:52.123,12,10,0,1,0,0,0,1,0,1,1,1,0,0,0,0,1,0,0,0,1,0,0,0,0,0
CUS_0x80df,17692.555,1711.3795833333334,5,4,9,1,20,20,0.0,60,813.67,32.12928343772381,11.826839482592694,53.24327334857721,356.0678455021635,2023-07-01,2025-10-06 10:49:52.123,25,2,0,0,0,0,0,1,0,0,0,1,0,0,0,0,0,0,1,0,1,0,0,0,0,0
CUS_0x1f04,60770.22,4924.185,8,4,15,4,14,15,1.36,60,176.02,35.03958243590949,190.27457382842024,209.94639080178212,362.19753536979783,2023-07-01,2025-10-06 10:49:52.123,28,7,1,0,0,1,1,0,0,0,0,0,1,0,0,0,0,0,1,0,0,0,0,0,1,0
CUS_0xaf0a,141164.6,11545.716666666667,4,5,9,2,28,12,10.74,50,285.59,37.23915764522991,138.83027758061922,1095.3437438249955,200.39764526105182,2023-07-01,2025-10-06 10:49:52.123,31,10,1,0,0,0,0,1,0,0,0,1,0,0,0,0,1,0,0,0,0,0,0,1,0,0
CUS_0xb300,41617.68,3350.14,2,5,2,4,3,10,7.49,10,201.05,39.30168707550151,94.46144161099232,10000.0,400.65635713533686,2023-07-01,2025-10-06 10:49:52.123,30,5,0,1,0,0,0,1,0,1,1,0,1,0,0,1,0,0,0,0,0,0,0,0,0,1
CUS_0x124a,16861.34,1453.111666666667,2,6,2,3,0,8,10.77,20,408.71,37.592745364819216,41.57299470679325,118.2143745716728,255.52379738820062,2023-07-01,2025-10-06 10:49:52.123,23,8,1,0,0,0,1,0,0,1,0,0,1,0,0,1,0,0,0,0,0,0,0,0,1,0
CUS_0x4c96,99868.83,8332.4025,2,3,2,3,5,11,9.11,10,693.76,33.785169052667584,146.70125255982038,310.91688061626616,625.6221168239136,2023-07-01,2025-10-06 10:49:52.123,22,6,0,1,1,0,0,0,0,0,0,0,1,0,0,1,0,0,0,0,1,0,0,0,0,0
CUS_0x56c8,10777.43,741.1191666666667,5,4,17,2,27,12,2.41,30,569.95,26.4010040437697,10.351652295488636,20.210902654374433,293.5493617168036,2023-07-01,2025-10-06 10:49:52.123,23,8,1,0,0,0,0,0,0,1,0,1,0,0,0,0,0,0,1,0,1,0,0,0,0,0
CUS_0x90cf,106234.11000000002,8699.8425,4,5,16,1495,6,17,11.21,40,939.4,36.00942238256665,201.1134901395453,625.8471560943485,313.02360376610636,2023-07-01,2025-10-06 10:49:52.123,27,3,0,0,1,0,0,1,1,0,0,0,1,0,0,0,1,0,0,0,0,0,0,0,1,0
CUS_0x9495,34212.01,2847.000833333333,6,5,10,0,18,9,8.12,10,512.38,27.02823304246173,66.6764133130149,116.92693406459259,391.09673595572576,2023-07-01,2025-10-06 10:49:52.123,28,6,0,0,0,0,1,0,1,0,0,0,1,0,0,0,1,0,0,0,0,0,0,0,0,1
CUS_0xaf3a,58110.06,4683.505,7,8,30,6,59,19,6.26,80,1621.31,34.004857460894165,277.4881515078873,313.53450654653085,157.32784194558178,2023-07-01,2025-10-06 10:49:52.123,14,2,1,1,1,1,0,0,1,0,1,1,0,0,0,0,0,1,0,0,0,0,0,1,0,0
CUS_0x334d,99237.75,8288.8125,4,7,10,3,9,10,0.52,40,1317.42,27.8781293214289,214.6071320352775,296.9211527466403,604.4574494599882,2023-07-01,2025-10-06 10:49:52.123,16,10,1,1,0,0,0,0,0,1,0,0,1,0,0,1,0,0,0,0,1,0,0,0,0,0
CUS_0x4280,30269.71,2387.775995949751,6,5,7,3,17,20,8.9,0,838.05,36.170241735284826,306.7561310038077,122.16525292049472,378.82603679261354,2023-07-01,2025-10-06 10:49:52.123,16,0,0,0,1,1,0,0,0,1,0,1,0,0,0,0,0,0,1,0,0,0,0,0,0,1
CUS_0x6cb4,114948.0,9541.662004271557,3,6,11,7,11,9,7.01,100,1468.69,26.578995190628497,682.2537785351243,121.26548595496728,673.7187312383525,2023-07-01,2025-10-06 10:49:52.123,14,3,0,0,0,0,1,1,1,1,1,1,0,0,0,0,1,0,0,0,0,1,0,0,0,0
CUS_0x7dd7,19853.95,1944.4958333333327,10,5,20,7,36,23,4.2,170,1871.37,28.101954163314275,63.48402232937336,71.02076246079817,309.9447985431618,2023-07-01,2025-10-06 10:49:52.123,13,6,0,1,1,1,0,0,0,1,0,1,0,0,0,0,0,0,1,0,1,0,0,0,0,0
CUS_0x40ad,65858.48,5421.206666666666,7,7,30,5,33,14,15.88,130,2344.57,30.698124576374887,261.2012177628419,198.5135219244762,332.40592697934846,2023-07-01,2025-10-06 10:49:52.123,6,11,1,1,0,0,1,1,0,1,0,1,0,0,0,0,1,0,0,0,1,0,0,0,0,0
CUS_0x4469,33475.63,3033.6358333333333,8,7,16,0,14,14,11.6,60,666.72,30.62703527952928,0.0,75.68256784092539,467.681015492408,2023-07-01,2025-10-06 10:49:52.123,22,11,0,0,0,0,0,0,0,0,0,1,0,0,0,0,1,0,0,0,0,1,0,0,0,0
CUS_0x84c3,52797.3,4352.775,10,6,33,5,60,18,19.9,80,2563.97,38.493261847030055,209.9328876282393,207.2264543158336,278.1181580559271,2023-07-01,2025-10-06 10:49:52.123,6,11,0,0,0,1,1,1,0,0,1,1,0,0,0,0,0,1,0,1,0,0,0,0,0,0
CUS_0x4dd5,14402.52,1347.21,6,6,28,8,56,13,19.86,130,4789.5,33.10422914167963,73.34767036137502,171.45331118432102,179.92001845430394,2023-07-01,2025-10-06 10:49:52.123,7,10,1,1,0,0,1,1,0,1,1,1,0,0,0,0,0,1,0,0,0,0,1,0,0,0
CUS_0x57a,126530.4,10535.2,1,5,5,2,15,4,3.54,80,953.26,38.6381295650524,140.49240243220748,10000.0,930.4965591130632,2023-07-01,2025-10-06 10:49:52.123,28,4,0,1,1,0,0,0,0,0,0,0,0,0,0,1,0,0,0,0,0,1,0,0,0,0
CUS_0x8ed4,18380.15,1396.6791666666668,5,5,11,4,12,14,16.2,40,1456.12,25.20805320008208,46.08682420582448,132.61882842811494,250.9622640327273,2023-07-01,2025-10-06 10:49:52.123,16,11,1,1,0,1,1,0,0,0,0,1,0,0,0,0,1,0,0,0,0,0,1,0,0,0
CUS_0x7c4a,17633.71,1489.4758333333332,5,4,9,7,24,12,20.8,90,1488.8,31.5250788985198,62.05529620069856,146.88489328538873,230.00739384724602,2023-07-01,2025-10-06 10:49:52.123,6,10,0,1,0,1,0,0,1,1,1,1,0,0,0,0,1,0,0,0,0,0,1,0,0,0
CUS_0xb83e,65671.98,5191.665,1,4,2,1,15,1,11.01,30,1463.48,31.752284044409585,30.131349116475764,511.01173148340376,258.02341940012053,2023-07-01,2025-10-06 10:49:52.123,21,10,0,0,1,0,0,0,0,0,0,0,1,0,0,1,0,0,0,0,0,0,0,1,0,0
CUS_0x7baf,44678.57,3502.214166666666,3,360,9,1,12,10,10.41,50,834.0,34.833932356292486,25.1578663277876,40.62503285625202,524.438517482627,2023-07-01,2025-10-06 10:49:52.123,30,9,0,0,1,0,0,0,0,0,0,0,1,0,0,1,0,0,0,0,0,1,0,0,0,0
CUS_0xa878,117851.07,9870.9225,0,6,7,0,27,1,4.97,10,607.78,34.041733368952535,0.0,467.41582464616476,779.6764253538355,2023-07-01,2025-10-06 10:49:52.123,21,0,0,0,0,0,0,0,0,0,0,0,1,0,0,1,0,0,0,1,0,0,0,0,0,0
CUS_0x3d3d,18123.675,1326.30625,7,5,7,2,25,15,10.37,70,770.41,32.157593942254486,24.505593631037268,139.59041234993938,258.5346190190233,2023-07-01,2025-10-06 10:49:52.123,17,11,1,0,0,1,0,0,0,0,0,0,1,0,0,0,1,0,0,0,0,0,1,0,0,0
CUS_0x8f25,98759.91,8524.9925,5,7,3,2,11,5,4.24,30,1371.02,28.379705353000613,98.7212787436543,184.14727400281157,755.3959551822692,2023-07-01,2025-10-06 10:49:52.123,26,9,0,0,0,0,1,0,0,0,1,0,1,0,0,0,0,0,1,0,1,0,0,0,0,0
CUS_0x9bb7,22171.89,1777.6575,3,4,6,3,15,12,2.74,40,1165.64,30.475645555235783,51.94868143903172,65.29030913827322,310.52675942269514,2023-07-01,2025-10-06 10:49:52.123,22,4,1,0,0,0,1,0,1,0,0,0,1,0,0,0,1,0,0,0,1,0,0,0,0,0
CUS_0xc4b0,31490.63,2766.2191666666668,7,5,17,0,18,8,7.39,20,708.5,29.63024913845604,0.0,196.55391612186568,360.06800054480095,2023-07-01,2025-10-06 10:49:52.123,29,0,0,0,0,0,0,0,0,0,0,1,0,0,0,0,0,0,1,0,0,0,0,1,0,0
CUS_0x6cc6,59477.0,5231.416666666667,4,7,5,3,27,15,10.46,70,1721.85,29.54531925619799,147.77437402209196,110.40030336878868,504.9669892757862,2023-07-01,2025-10-06 10:49:52.123,13,11,1,0,0,0,0,1,1,0,0,1,0,0,0,0,1,0,0,0,0,0,0,0,0,1
CUS_0x7c2,36217.7,3237.1416666666664,5,7,18,0,11,15,10.27,110,793.26,38.95419472360821,0.0,108.3143467001476,475.3998199665191,2023-07-01,2025-10-06 10:49:52.123,31,3,0,0,0,0,0,0,0,0,0,1,0,0,0,0,1,0,0,1,0,0,0,0,0,0
CUS_0x4154,46887.99,4167.3325,7,6,25,3,53,20,7.63,140,2646.39,37.504838203388296,66.4137776467571,502.1003539723877,138.21911838085526,2023-07-01,2025-10-06 10:49:52.123,18,5,0,0,0,1,1,0,0,1,0,1,0,0,0,0,0,0,1,0,0,0,1,0,0,0
CUS_0x70b2,38685.98,3360.831666666667,1,5,3,2,6,12,1.24,50,1340.41,24.115145782953363,37469.0,451.8558431663724,121.62480829007194,2023-07-01,2025-10-06 10:49:52.123,30,0,1,0,0,0,0,0,0,0,0,0,1,0,0,1,0,0,0,0,0,0,0,0,0,1
CUS_0x9138,28332.51,2536.0425,4,4,18,3,13,11,9.71,70,667.39,27.01098810543861,29855.0,143.15720306431388,339.17401085594236,2023-07-01,2025-10-06 10:49:52.123,19,8,0,0,0,1,0,0,1,0,1,1,0,0,0,0,1,0,0,0,0,0,0,1,0,0
CUS_0xab76,60162.1,5197.508333333333,5,7,5,7,18,10,12.79,90,1037.45,32.078618877289,50812.0,231.76646742375286,347.77063920563216,2023-07-01,2025-10-06 10:49:52.123,13,9,0,0,0,0,0,1,1,1,1,1,0,0,0,0,1,0,0,0,0,0,0,1,0,0
CUS_0x14b9,30383.36,2821.9466666666667,3,7,14,3,26,20,13.29,60,527.91,38.58860966867048,60.817247431359455,339.4201152271679,171.95730400813937,2023-07-01,2025-10-06 10:49:52.123,32,7,0,0,0,0,0,0,1,1,1,1,0,0,0,0,1,0,0,0,0,0,1,0,0,0
CUS_0x3221,18426.245,1710.208141213055,5,4,14,5,16,14,5.699999999999998,50,223.38,26.74968111981397,147.55224162583357,52.66569580092983,331.34637969351513,2023-07-01,2025-10-06 10:49:52.123,10,3,1,0,1,0,0,0,1,0,0,1,0,0,0,0,1,0,0,0,0,0,0,0,1,0
CUS_0x35ac,118184.92,9901.743333333334,5,4,12,2,26,8,5.35,30,1190.44,36.54674481984575,160.54415250731634,204.13213505155537,865.4980457744618,2023-07-01,2025-10-06 10:49:52.123,20,10,1,0,0,0,0,0,0,1,0,0,1,0,0,0,1,0,0,0,0,1,0,0,0,0
CUS_0x1986,17707.46,1274.8928104108736,6,6,5,0,23,17,16.37,30,1425.54,32.307550570463384,165.7288562557932,29.505991224258484,374.55617544240823,2023-07-01,2025-10-06 10:49:52.123,26,11,0,0,0,0,0,0,0,0,0,1,0,0,0,0,1,0,0,1,0,0,0,0,0,0
CUS_0x1a44,14435.435,1376.6976412741708,3,5,20,4,9,19,2.2,40,799.07,32.36903798487313,86.29587661055041,30.127641520704824,317.7270489279073,2023-07-01,2025-10-06 10:49:52.123,17,0,0,1,1,0,0,1,1,0,0,0,0,0,0,0,1,0,0,0,1,0,0,0,0,0
CUS_0xb903,89869.72,7626.143333333332,3,7,15,5,18,17,9.2,70,658.47,34.68634869112084,263.18996252711474,177.48448806683768,571.939882739381,2023-07-01,2025-10-06 10:49:52.123,15,10,0,1,0,1,1,0,1,0,0,1,0,0,0,0,1,0,0,0,1,0,0,0,0,0
CUS_0x2d78,45408.84,3823.07,7,7,26,6,25,18,8.01,90,1959.01,33.39771664208792,119.6765289694368,173.84408464638943,348.7863863841738,2023-07-01,2025-10-06 10:49:52.123,11,4,1,0,1,0,1,1,0,0,1,1,0,0,0,0,0,1,0,1,0,0,0,0,0,0
CUS_0x778e,40317.5,3140.791666666666,7,6,28,8,40,20,24.82,150,4073.71,38.45028047076584,187.1464087030608,133.47579199513606,243.45696596846986,2023-07-01,2025-10-06 10:49:52.123,5,2,1,0,0,1,1,0,0,0,0,1,0,0,0,0,0,1,0,0,1,0,0,0,0,0
CUS_0xa347,17585.29,1571.440833333333,7,7,33,5,28,10,18.86,120,2559.02,24.77136446031968,44.78245155757031,108.97243838927866,263.3891933864844,2023-07-01,2025-10-06 10:49:52.123,8,10,1,0,1,1,0,0,0,0,0,1,0,0,0,0,1,0,0,1,0,0,0,0,0,0
CUS_0xbb18,16538.39,1359.1991666666663,10,5,16,7,43,16,29.77,90,3843.16,34.12078170519761,82.9418849521981,93.03455374916992,249.94347796529863,2023-07-01,2025-10-06 10:49:52.123,2,4,1,0,1,1,0,0,1,0,1,1,0,0,0,0,0,1,0,0,0,0,1,0,0,0
CUS_0xc044,88957.38,7433.115000000002,4,4,5,1,19,18,7.52,0,1008.3,34.96114968040527,45.86939841625538,161.96226257547337,785.4798390082714,2023-07-01,2025-10-06 10:49:52.123,22,11,0,0,0,0,0,1,0,0,0,0,1,0,0,0,1,0,0,0,1,0,0,0,0,0
CUS_0xc39e,103351.98,8414.665,5,3,10,4,23,20,19.82,50,1442.03,37.10432298936389,293.7265334245564,409.82524389421303,427.91472268123084,2023-07-01,2025-10-06 10:49:52.123,10,8,0,0,1,1,0,0,0,1,1,1,0,0,0,0,1,0,0,0,0,0,1,0,0,0
CUS_0x9fce,38444.52,2975.71,0,4,6,4,9,6,11.24,60,1006.25,32.74966365171262,67.74489256789019,204.07632593134807,305.7497815007617,2023-07-01,2025-10-06 10:49:52.123,24,2,1,1,0,0,1,0,0,0,1,0,0,0,0,0,0,0,1,0,0,0,0,1,0,0
CUS_0x4b23,39471.98,3166.331666666667,5,3,21,4,14,12,10.74,80,2244.32,33.20882498244113,77.35697330274641,157.5534583697482,341.72273499417213,2023-07-01,2025-10-06 10:49:52.123,13,11,0,0,1,1,0,0,0,1,1,1,0,0,0,0,1,0,0,0,0,0,0,0,0,1
CUS_0x3868,3544929.0,1462.605833333333,8,9,30,6,54,24,0.0,80,2867.66,38.81884795480821,43.23479313919076,119.94573352421976,234.10001980801397,2023-07-01,2025-10-06 10:49:52.123,11,11,1,1,0,1,1,0,1,0,0,1,0,0,0,0,0,1,0,0,0,0,1,0,0,0
CUS_0x8fa,53671.92,4588.66,6,8,33,6,61,21,17.75,90,3420.99,29.320687703279106,153.31624605139208,52.960182711193006,492.5895712374149,2023-07-01,2025-10-06 10:49:52.123,7,9,1,0,0,0,1,0,0,1,0,1,0,0,0,0,0,1,0,0,0,1,0,0,0,0
CUS_0x21e4,93390.44,7538.536666666668,6,5,18,3,22,13,10.28,0,1036.26,31.7398696534476,117.48716161410906,10000.0,749.5627424960495,2023-07-01,2025-10-06 10:49:52.123,18,4,0,0,0,1,0,0,0,0,1,0,1,0,0,0,1,0,0,0,1,0,0,0,0,0
CUS_0x9319,52046.28,4067.19,8,4,13,3,8,18,0.0,2510,2314.66,22.881033930698543,88.50752114890963,281.24145177943075,326.9700270716596,2023-07-01,2025-10-06 10:49:52.123,6,5,0,0,0,0,0,0,1,0,1,1,0,0,0,0,1,0,0,0,0,0,1,0,0,0
CUS_0x9d72,27026.95,2011.2458333333327,4,3,11,2,30,17,13.51,10,678.53,38.62172614739901,38.26805817035071,131.97156664600737,320.8849585169753,2023-07-01,2025-10-06 10:49:52.123,24,0,0,1,0,0,1,0,0,0,0,1,0,0,0,0,0,0,1,0,0,0,1,0,0,0
CUS_0x9ecd,169141.6,14373.133333333331,3,6,6,1,6,6,8.04,10,242.61,36.69485560976524,102.46142384222294,240.2399436156583,1334.611965875452,2023-07-01,2025-10-06 10:49:52.123,22,11,0,1,0,0,0,0,0,0,0,0,0,0,0,0,0,0,1,0,0,1,0,0,0,0
CUS_0xa235,21765.99,1942.8325,3,3,8,1,7,8,6.43,90,866.29,25.34911658521399,16.547229352106065,170.5910338566402,297.1449867912538,2023-07-01,2025-10-06 10:49:52.123,32,4,0,0,0,0,0,0,0,1,0,0,1,0,0,1,0,0,0,0,0,0,1,0,0,0
CUS_0x3c21,30519.74,2743.291312440571,10,9,20,6,33,23,25.5,100,4792.52,25.608311967438087,204.45247880076911,170.33638096748896,285.2626611245048,2023-07-01,2025-10-06 10:49:52.123,1,0,1,0,0,1,1,0,0,1,1,0,0,0,0,0,0,1,0,0,0,0,1,0,0,0
CUS_0x908,19212.79,1817.065833333333,6,8,18,4,25,7,7.12,160,1755.06,27.60463202192914,48.50360250809072,76.67940085838616,316.5235799668565,2023-07-01,2025-10-06 10:49:52.123,17,2,1,0,1,0,1,1,0,0,0,1,0,0,0,0,1,0,0,1,0,0,0,0,0,0
CUS_0x9d9a,84660.74,7046.061666666667,4,4,12,1,15,0,8.99,30,702.26,36.68355860783363,60.86361531697017,156.48597123074586,727.2565801189508,2023-07-01,2025-10-06 10:49:52.123,27,6,0,0,0,0,0,0,1,0,0,0,0,0,0,1,0,0,0,0,0,1,0,0,0,0
CUS_0x2517,73099.84,6075.653333333333,5,7,26,3,50,19,8.12,140,1806.64,36.508912974001205,155.98174545554372,83.23027125773822,608.3533166200514,2023-07-01,2025-10-06 10:49:52.123,7,9,0,1,0,0,0,0,1,0,1,1,0,0,0,0,0,1,0,0,0,1,0,0,0,0
CUS_0x2064,67928.84,5832.736666666668,5,5,12,0,2,8,11.22,40,1373.36,31.76130326384953,0.0,172.2560633253836,661.0176033412831,2023-07-01,2025-10-06 10:49:52.123,31,3,0,0,0,0,0,0,0,0,0,0,1,0,0,1,0,0,0,0,1,0,0,0,0,0
CUS_0x65d3,7889.11,724.4258333333332,7,3,10,4,5,10,19.88,60,973.01,33.35966343196587,15.74636709586118,23.641781911740466,283.0544343257317,2023-07-01,2025-10-06 10:49:52.123,11,9,1,0,0,0,1,0,1,0,0,1,0,0,0,0,1,0,0,0,1,0,0,0,0,0
CUS_0x83ef,76079.16,6462.93,0,5,3,4,15,0,10.18,40,731.36,26.569036105612103,136.93892377821143,10000.0,452.9892062385408,2023-07-01,2025-10-06 10:49:52.123,25,3,0,1,0,0,1,1,0,0,0,0,1,0,0,1,0,0,0,0,0,0,0,0,0,1
CUS_0x3e1a,29416.81,2742.4008333333336,8,4,14,3,12,15,9.97,30,133.18,29.009774794725978,37.72392586540551,18.91940804864036,457.5967494192875,2023-07-01,2025-10-06 10:49:52.123,20,11,0,0,0,0,1,1,1,0,0,0,1,0,0,0,1,0,0,0,0,1,0,0,0,0
CUS_0x628e,80754.16,6692.513333333332,5,9,20,0,15,14,8.19,120,2587.15,37.54537775485779,392.17020307117167,581.6604032093097,390.08802810832464,2023-07-01,2025-10-06 10:49:52.123,15,6,0,1,1,0,1,1,0,0,0,1,0,0,0,0,0,0,1,0,0,0,0,0,1,0
CUS_0x73bb,70074.0,6105.5,3,3,19,6,13,8,8.9,70,494.25,34.48533217968252,258.68557722216764,353.8417192818665,258.02270349596597,2023-07-01,2025-10-06 10:49:52.123,6,8,0,0,0,1,1,1,0,1,0,0,0,0,0,0,1,0,0,1,0,0,0,0,0,0
CUS_0x9da2,14629.52,1309.1266666666668,1,4,4,1,9,8,5.69,5140,493.52,25.24095723165945,10.159547761396103,40.43461762499265,330.31850128027787,2023-07-01,2025-10-06 10:49:52.123,22,2,0,0,0,0,0,0,0,0,1,0,1,0,0,1,0,0,0,0,1,0,0,0,0,0
CUS_0xc715,32291.88,2876.99,7,10,34,5,26,21,26.55,70,3134.09,35.970080301011365,119.7953271861601,181.4320921534653,252.52401614602886,2023-07-01,2025-10-06 10:49:52.123,1,11,0,0,0,0,1,1,1,1,0,1,0,0,0,0,0,1,0,1,0,0,0,0,0,0
CUS_0x73ee,26396.88,2356.74,3,7,2,2,29,16,11.63,3090,504.18,29.21078611219552,22.969071090325023,105.21535228135166,397.4895766283233,2023-07-01,2025-10-06 10:49:52.123,19,2,0,0,1,0,0,0,1,0,0,0,1,0,0,1,0,0,0,0,0,0,1,0,0,0
CUS_0x809c,27881.32,2077.443333333333,3,7,18,3,18,11,3.1,60,1264.51,22.533467462288776,37.19932647231625,42.871398974335705,377.6736078866812,2023-07-01,2025-10-06 10:49:52.123,21,8,0,0,1,0,1,0,0,0,0,0,1,0,0,0,1,0,0,0,1,0,0,0,0,0
CUS_0x38d8,101114.73,8679.2275,6,6,8,3,20,9,18.91,60,1190.45,31.24112499893328,209.64488676408368,118.1556676816195,780.1221955542969,2023-07-01,2025-10-06 10:49:52.123,14,5,0,0,0,1,0,1,1,0,0,1,0,0,0,0,1,0,0,0,0,1,0,0,0,0
CUS_0x3aa8,20426.41,1640.200833333333,6,5,16,5,37,24,6.65,70,1587.82,27.29360184631016,57.88334830706614,211.75326655165068,184.38346847461648,2023-07-01,2025-10-06 10:49:52.123,7,8,0,0,0,0,0,1,1,1,1,1,0,0,0,0,0,1,0,0,0,0,1,0,0,0
CUS_0x582f,131091.6,10947.3,5,5,12,0,4,17,0.66,0,815.12,36.7098456880214,0.0,240.35404167470745,1094.375958325293,2023-07-01,2025-10-06 10:49:52.123,19,9,0,0,0,0,0,0,0,0,0,0,1,0,0,0,0,0,1,0,0,0,0,0,0,1
CUS_0xb843,29344.53,2562.3775,5,7,10,2,18,11,8.19,70,779.69,27.73006454172419,24.67538996984155,305.0179962774945,395.5224269343918,2023-07-01,2025-10-06 10:49:52.123,12,6,0,1,1,0,0,0,0,0,0,1,0,0,0,0,1,0,0,0,1,0,0,0,0,0
CUS_0x5a82,33467.15,3039.929166666667,7,5,7,0,14,19,3.76,60,1294.23,27.76988381111284,0.0,77.63252432833241,476.36039233833435,2023-07-01,2025-10-06 10:49:52.123,30,10,0,0,0,0,0,0,0,0,0,0,1,0,0,1,0,0,0,0,1,0,0,0,0,0
CUS_0x4017,133377.21,11114.7675,0,5,5,2,1,5,8.16,30,1131.7,41.35716102501341,171.9485432378253,407.74328350690536,811.7849232552693,2023-07-01,2025-10-06 10:49:52.123,22,9,0,0,0,0,0,1,0,0,0,0,1,0,0,1,0,0,0,0,0,0,0,1,0,0
CUS_0x184c,14666.23,1145.1858333333332,6,9,27,0,39,19,5.61,130,4727.66,39.299345190062624,73.15470852946069,34.46132162749706,266.9025531763756,2023-07-01,2025-10-06 10:49:52.123,11,10,0,1,1,1,1,1,1,0,1,1,0,0,0,0,0,0,1,1,0,0,0,0,0,0
CUS_0x1dad,17807.935,1545.9945833333334,6,5,8,3,16,16,7.02,10,378.11,26.90238662087438,31.32606172486984,171.12500775154268,242.1483888569208,2023-07-01,2025-10-06 10:49:52.123,16,10,0,0,0,1,0,1,1,0,0,0,1,0,0,0,1,0,0,0,0,0,1,0,0,0
CUS_0xa05a,7166.995,685.2495833333334,9,1453,30,6,57,26,26.23,120,2737.74,29.128242467049574,30.74994585903723,31.321699059436412,286.4533134148597,2023-07-01,2025-10-06 10:49:52.123,2,2,1,1,1,0,1,0,1,1,0,1,0,0,0,0,0,1,0,0,0,0,0,1,0,0
CUS_0xa39c,15148.68,1082.39,10,10,28,5,26,19,9.39,160,4154.81,35.4231422801167,49.08309253039332,118.20051152188006,230.49039286501304,2023-07-01,2025-10-06 10:49:52.123,13,5,0,1,1,0,1,0,0,0,1,1,0,0,0,0,0,0,1,0,0,0,0,0,1,0
CUS_0xaff7,56007.82,4517.417670763595,6,4,11,4,7,12,3.05,30,182.37,34.81489793411088,385.0503390192552,107.55384695375565,297.09186191116424,2023-07-01,2025-10-06 10:49:52.123,22,3,0,0,0,1,1,0,1,0,1,0,1,0,0,1,0,0,0,0,0,0,0,0,0,1
CUS_0x6c53,116611.8,9836.65,7,3,15,3,16,16,19.43,0,1373.9,41.22075402778855,288.25337974697004,487.4590962025188,477.9525240505111,2023-07-01,2025-10-06 10:49:52.123,30,6,0,0,1,1,1,0,0,0,0,1,0,0,0,0,1,0,0,0,0,0,0,0,1,0
CUS_0xe2a,88295.34,7224.945,5,2,940,0,7,2,1.4,10,723.63,31.24936535969071,0.0,744.4348922868302,258.05960771316995,2023-07-01,2025-10-06 10:49:52.123,30,4,0,0,0,0,0,0,0,0,0,0,1,0,0,1,0,0,0,0,0,0,0,0,0,1
CUS_0x33ce,22803.84,1845.32,7,4,18,3,18,8,7.47,80,535.11,27.59602168489664,43.664080087678336,10000.0,347.3476415722629,2023-07-01,2025-10-06 10:49:52.123,15,6,1,1,0,1,0,0,0,0,0,1,0,0,0,0,1,0,0,0,1,0,0,0,0,0
CUS_0x4256,31069.32,2361.11,2,3,12,2,19,2,7.78,70,343.6,27.618972215694,34.16860445031557,128.80073074124383,343.1416648084406,2023-07-01,2025-10-06 10:49:52.123,19,6,0,1,0,0,0,1,0,0,0,0,1,0,0,1,0,0,0,0,0,0,0,0,1,0
CUS_0x8ce,28956.72,2459.06,8,6,22,5,24,24,14.59,110,2545.04,32.562206857064,98.63463841880532,322.4494188653028,114.82194271589191,2023-07-01,2025-10-06 10:49:52.123,13,3,1,0,1,1,0,1,0,0,0,1,0,0,0,0,0,1,0,0,0,0,1,0,0,0
CUS_0x7cfb,69905.36,6090.446666666668,6,5,14,3,16,19,0.0,10,1216.15,26.74604322531968,160.9015738505894,71.06151993840446,617.0815728776728,2023-07-01,2025-10-06 10:49:52.123,20,8,0,0,1,0,0,1,0,0,0,0,1,0,0,0,0,0,1,0,0,1,0,0,0,0
CUS_0xa163,38165.06,3273.421666666666,4,3,6,1,5,7,8.91,18160,1109.1,27.99975063026392,17.436988399792188,131.5221538228249,458.3830244440496,2023-07-01,2025-10-06 10:49:52.123,23,6,0,1,0,0,0,0,0,0,0,0,0,0,0,0,0,0,1,0,0,0,0,1,0,0
CUS_0xbabe,19966.51,1768.875833333333,7,8,31,7,44,24,9.18,140,4820.33,27.559015461313315,75.70007157205377,110.60926804417916,250.5782437171004,2023-07-01,2025-10-06 10:49:52.123,11,9,0,0,1,1,0,1,0,1,0,1,0,0,0,0,0,1,0,1,0,0,0,0,0,0
CUS_0xc48a,99480.44,8532.036666666667,8,5,17,3,27,8,8.06,20,1287.76,27.957430174022164,163.58884678932213,950.9954221344954,28.619397742849287,2023-07-01,2025-10-06 10:49:52.123,25,0,1,0,0,0,0,0,0,1,0,0,1,0,0,0,1,0,0,0,0,0,1,0,0,0
CUS_0xfaa,19761.79,1763.815833333333,10,8,31,5,22,23,18.16,140,4670.92,25.64546460796055,42.08137350352956,80.93009128309684,333.37011854670686,2023-07-01,2025-10-06 10:49:52.123,4,4,0,1,0,1,0,0,1,0,1,0,0,0,0,0,0,1,0,0,0,0,0,1,0,0
CUS_0x2fe4,166907.72,13788.976666666667,5,5,11,4,10,6,0.48,40,929.9,38.26095502513392,509.35762404633215,464.46987273415215,685.0701698861825,2023-07-01,2025-10-06 10:49:52.123,17,9,1,1,0,1,0,1,0,0,0,0,1,0,0,1,0,0,0,0,0,0,0,1,0,0
CUS_0x318d,28050.2,2443.516666666667,6,5,33,7,28,19,2.25,110,3534.02,24.10299375309657,143.79285053936678,93.19870296282326,257.36011316447656,2023-07-01,2025-10-06 10:49:52.123,8,8,0,0,1,1,1,1,1,0,1,0,0,0,0,0,0,1,0,0,1,0,0,0,0,0
CUS_0x6fb1,20685.51,1779.7924999999998,6,5,27,4,42,19,19.7,100,1256.46,36.32419768532044,44.049700917701024,130.98450251597643,272.9450465663225,2023-07-01,2025-10-06 10:49:52.123,19,9,1,1,0,0,1,0,0,1,0,1,0,0,0,0,0,1,0,0,0,0,0,0,1,0
CUS_0x3bdb,129982.41,10653.8675,3,2,12,4,6,5,14.6,80,395.78,39.97899566659451,278.0421664180837,119.41564212938809,907.9289414525284,2023-07-01,2025-10-06 10:49:52.123,29,2,1,0,1,0,1,1,0,0,0,0,1,0,0,0,0,0,1,0,0,1,0,0,0,0
CUS_0x3ea1,51552.60000000001,4413.05,6,4,18,3,11,10,24.86,60,1710.66,38.031731464087095,119.8552501084587,248.2811171443477,333.16863274719367,2023-07-01,2025-10-06 10:49:52.123,14,10,1,0,0,0,0,1,0,0,1,1,0,0,0,0,1,0,0,1,0,0,0,0,0,0
CUS_0xc692,17372.48,1371.7066666666667,9,5,24,9,41,19,7.67,140,4929.35,24.355781769826844,102.78493684039628,93.726066662124,200.65966316414642,2023-07-01,2025-10-06 10:49:52.123,9,2,1,1,1,1,0,1,1,0,1,1,0,0,0,0,0,0,1,1,0,0,0,0,0,0
CUS_0x13ec,61934.52,5308.21,7,5,15,0,26,9,15.31,50,107.55,27.02541611985312,0.0,117.10661618566105,663.714383814339,2023-07-01,2025-10-06 10:49:52.123,33,4,0,0,0,0,0,0,0,0,0,1,0,0,0,0,1,0,0,0,1,0,0,0,0,0
CUS_0x30eb,31944.72,2417.06,4,4,11,5,16,20,15.91,60,696.79,34.18778913572609,83.71397478539622,197.62610087570076,230.36592433890308,2023-07-01,2025-10-06 10:49:52.123,9,2,0,0,1,0,1,0,0,0,1,1,0,0,0,0,1,0,0,0,0,0,0,0,1,0
CUS_0xb04b,170391.52,14096.293333333331,3,3,4,0,8,6,11.98,10,307.02,42.89887155122095,0.0,544.2531196862465,1125.3762136470868,2023-07-01,2025-10-06 10:49:52.123,30,8,0,0,0,0,0,0,0,0,0,0,1,0,0,1,0,0,0,1,0,0,0,0,0,0
CUS_0x6c00,55644.39,4715.0325,9,8,21,6,18,22,2.24,100,1816.21,33.78450677460361,14063.0,77.76326208317205,479.81515519706437,2023-07-01,2025-10-06 10:49:52.123,19,9,1,0,1,1,1,1,0,0,0,1,0,0,0,0,0,1,0,0,1,0,0,0,0,0
CUS_0x50e2,20965.34,1697.111666666667,9,9,29,5,34,23,3.61,100,1787.89,34.079622473116046,59.94214031322237,52.47971399245628,327.28931236098805,2023-07-01,2025-10-06 10:49:52.123,14,4,1,1,1,0,0,0,0,1,0,1,0,0,0,0,0,1,0,0,0,0,0,0,1,0
CUS_0x541,136680.12,10272.758594759498,0,5,3,1,3,1,4.06,0,1269.93,43.03796645100125,1260.2468384258884,241.27656354646808,1037.7290032681462,2023-07-01,2025-10-06 10:49:52.123,18,6,0,0,0,0,0,0,1,0,0,0,1,0,0,1,0,0,0,0,1,0,0,0,0,0
CUS_0x69e5,28578.92,2627.5766666666664,9,6,24,9,30,17,21.36,110,3224.48,39.11069442221709,202.9796297251885,81.92418285726475,227.85385408421345,2023-07-01,2025-10-06 10:49:52.123,2,10,1,1,1,0,0,1,1,1,0,1,0,0,0,0,0,1,0,0,1,0,0,0,0,0
CUS_0x7080,58774.86,4796.905,7,6,17,7,37,15,2.46,140,2083.26,34.4837441108233,290.944961713005,256.7349313873416,222.01060689965342,2023-07-01,2025-10-06 10:49:52.123,15,2,1,0,0,1,1,1,1,0,1,1,0,0,0,0,0,1,0,0,0,0,1,0,0,0
CUS_0xbe3,20730.15,1661.5125,6,5,27,5,54,22,2.75,160,2361.69,25.319349125234844,24325.0,106.31872072412888,281.6767278172355,2023-07-01,2025-10-06 10:49:52.123,7,3,1,0,0,1,1,0,1,1,0,1,0,0,0,0,0,1,0,0,0,0,0,0,1,0
CUS_0x5c7f,108134.07,8779.1725,5,3,15,0,25,19,19.29,50,198.06,36.49881615130851,0.0,144.24584018358226,973.6714098164177,2023-07-01,2025-10-06 10:49:52.123,24,6,0,0,0,0,0,0,0,0,0,1,0,0,0,0,1,0,0,0,0,0,0,0,0,1
CUS_0x2ce1,37648.1,3199.3416666666667,6,6,19,6,19,18,2.59,60,2316.79,34.15899941276712,117.68300112719456,139.71647724170055,332.5346882977716,2023-07-01,2025-10-06 10:49:52.123,10,2,1,0,0,0,1,1,0,0,1,1,0,0,0,0,0,1,0,0,0,0,0,0,0,1
CUS_0x4313,19051.66,1491.3798645469806,10,8,15,6,62,15,7.74,100,2655.37,37.32252642544279,141.3030906093028,151.39915902710916,222.62005248327432,2023-07-01,2025-10-06 10:49:52.123,4,5,0,0,1,1,0,0,0,1,1,1,0,0,0,0,0,1,0,0,0,0,1,0,0,0
CUS_0x24af,89122.38,7241.865000000002,3,4,14,5,6,7,19.64,80,281.84,39.812124948085696,266.0838268726387,295.1511540006012,422.95151912676033,2023-07-01,2025-10-06 10:49:52.123,8,9,0,1,1,0,1,0,0,1,0,1,0,0,0,0,0,0,1,1,0,0,0,0,0,0
CUS_0x415,7534.185,892.84875,8,7,25,5,18,15,7.65,150,2391.27,30.523751338525148,17.492476937240518,24.813342273845052,269.8532372519499,2023-07-01,2025-10-06 10:49:52.123,19,10,1,0,0,0,0,0,1,1,1,1,0,0,0,0,0,1,0,1,0,0,0,0,0,0
CUS_0x5c66,98035.14,7343.703365230159,6,5,8,1,14,12,2.99,20,157.62,36.10305309186784,692.5280397483264,294.78489733050566,723.038197691009,2023-07-01,2025-10-06 10:49:52.123,17,8,0,0,0,0,1,0,0,0,0,0,1,0,0,0,1,0,0,1,0,0,0,0,0,0
CUS_0x79a9,126308.43,10523.7025,2,4,4,2,24,15,2.37,20,1314.09,37.94283878283692,129.40524354344586,412.48325010688455,760.4817563496698,2023-07-01,2025-10-06 10:49:52.123,28,3,1,0,0,0,0,0,1,0,0,0,1,0,0,0,0,0,1,0,1,0,0,0,0,0
CUS_0xb018,128189.37,10390.4475,2,7,7,2,5,0,6.630000000000001,20,913.1,27.32988842352436,153.26900867974257,749.6483674502202,406.12737387003716,2023-07-01,2025-10-06 10:49:52.123,31,3,0,0,0,0,0,0,0,1,1,0,1,0,0,1,0,0,0,0,0,0,0,0,1,0
CUS_0xb801,162259.96,13239.663333333332,1,5,6,4,6,1,7.33,60,187.05,33.19875957732098,343.57787391078733,1231.382911616905,29.00554780564107,2023-07-01,2025-10-06 10:49:52.123,17,5,0,1,0,0,1,1,0,0,0,0,0,0,0,1,0,0,0,0,0,0,0,1,0,0
CUS_0x3cc3,44330.2,3744.183333333333,4,3,9,1,5,0,15.02,50,1483.39,26.670555191409555,20.272734860528963,79.10160276507115,525.0439957077332,2023-07-01,2025-10-06 10:49:52.123,21,0,1,0,0,0,0,0,0,0,0,0,0,0,0,1,0,0,0,0,1,0,0,0,0,0
CUS_0x4e0e,164956.96,13601.413333333332,1,4,1,3,11,6,2.01,20,779.45,34.37884145139593,335.5410252145523,682.7381575514328,621.8621505673483,2023-07-01,2025-10-06 10:49:52.123,23,10,0,1,0,1,0,0,0,0,0,0,1,0,0,1,0,0,0,0,0,0,0,1,0,0
CUS_0x2c5b,24812.0,1961.6666666666663,7,4,10,6,10,20,8.15,70,930.13,23.421763773718187,88.36942530107594,119.8581016322039,257.9391397333868,2023-07-01,2025-10-06 10:49:52.123,16,9,1,1,1,0,0,0,0,0,1,1,0,0,0,0,0,0,1,0,0,0,0,0,1,0
CUS_0xb483,82154.92,6753.243333333333,6,5,34,6,20,18,22.75,70,4726.13,37.08237414864472,238.37270358318503,64.19073344155565,612.7608963085928,2023-07-01,2025-10-06 10:49:52.123,2,9,1,0,1,0,0,1,0,1,1,1,0,0,0,0,0,0,1,0,0,1,0,0,0,0
CUS_0x4a77,169293.52,14365.793333333331,1,3,5,1,12,6,10.22,10,931.52,40.68723398041429,92.0400801313395,178.93663965554364,1405.6026135464506,2023-07-01,2025-10-06 10:49:52.123,30,11,0,0,0,0,0,0,0,0,1,0,1,0,0,1,0,0,0,0,0,1,0,0,0,0
CUS_0x9a0f,56101.0,4655.083333333333,7,9,24,9,49,18,4.77,100,4853.8,37.55068807101943,420.19936673288106,48.0938286572472,237.21513794320504,2023-07-01,2025-10-06 10:49:52.123,9,9,1,0,1,1,1,0,1,1,1,1,0,0,0,0,0,0,1,0,0,1,0,0,0,0
CUS_0xa3e4,30348.01,2572.000833333333,1,6,12,3,7,4,2.87,0,645.25,24.1390404041821,67.81742449294177,313.16993866059266,166.21272017979885,2023-07-01,2025-10-06 10:49:52.123,19,9,1,0,0,0,1,1,0,0,0,0,1,0,0,0,0,0,1,0,0,0,1,0,0,0
CUS_0x9ddd,23088.35,1836.0291666666665,7,4,18,3,20,15,19.89,80,925.28,27.89607660654624,46.87914182923343,59.495347412748814,347.22842742468436,2023-07-01,2025-10-06 10:49:52.123,6,5,0,1,0,1,0,0,1,0,0,1,0,0,0,0,1,0,0,0,0,0,0,0,1,0
CUS_0x120c,29135.38,2138.9483333333333,10,7,21,9,21,25,8.04,70,1833.81,24.806980522877375,201.0022811215709,158.83794732834158,144.05460488342078,2023-07-01,2025-10-06 10:49:52.123,9,5,1,0,1,1,1,0,1,1,0,1,0,0,0,0,0,1,0,0,0,0,1,0,0,0
CUS_0x13d6,94158.69,7743.5575,1,4,3,4,25,5,9.52,40,1415.3,30.93572141034729,204.3445223904461,323.5919943178024,506.41923329175165,2023-07-01,2025-10-06 10:49:52.123,33,3,1,0,1,0,0,1,0,1,0,0,1,0,0,1,0,0,0,1,0,0,0,0,0,0
CUS_0x4f41,16398.56,1292.5466666666666,10,6,25,5,52,23,8.52,160,4738.39,33.34229634838425,58.56284722307859,167.20532391900971,283.33191516610987,2023-07-01,2025-10-06 10:49:52.123,7,2,0,0,1,1,0,0,1,1,0,1,0,0,0,0,0,1,0,0,1,0,0,0,0,0
CUS_0x643b,176572.12,14723.343333333332,3,1125,10,1,3,9,0.98,20,1284.88,34.802396561162986,135.07073361795287,10000.0,991.0350460019271,2023-07-01,2025-10-06 10:49:52.123,16,4,0,0,0,0,0,0,0,1,0,0,1,0,0,1,0,0,0,0,0,0,1,0,0,0
CUS_0x67a9,16268.51,1447.7091666666668,6,6,19,2,14,22,12.8,40,2181.28,38.05792036981868,25.126060496686357,149.24519932457227,260.3996568454081,2023-07-01,2025-10-06 10:49:52.123,17,11,1,0,0,0,1,0,0,0,0,1,0,0,0,0,0,0,1,0,0,0,1,0,0,0
CUS_0xbe25,16162.13,1208.8441666666663,8,5,22,6,15,15,25.07,160,4449.15,25.543315126926352,77.05169811477847,10000.0,199.35757163398003,2023-07-01,2025-10-06 10:49:52.123,13,11,0,1,1,0,1,0,1,1,1,1,0,0,0,0,0,1,0,0,0,0,0,1,0,0
CUS_0x1a16,1127430.0,4791.26,9,9,17,6,26,25,20.95,130,3881.11,36.3264952436347,243.2708710118248,162.6063512679079,323.24877772026736,2023-07-01,2025-10-06 10:49:52.123,8,10,0,0,1,1,0,0,1,0,0,1,0,0,0,0,0,1,0,0,1,0,0,0,0,0
CUS_0xc6f2,103515.51,8334.2925,0,2,5,4,6,2222,6.2,40,60.25,35.78968991567217,211.6298821963082,64.9558056555438,796.8435621481482,2023-07-01,2025-10-06 10:49:52.123,29,6,0,0,1,0,0,1,0,0,0,0,0,0,0,0,0,0,1,0,0,1,0,0,0,0
CUS_0xe05,47682.36,4059.53,10,6,31,2,58,19,17.64,60,2510.66,30.97100610820885,59.98467518760196,144.67030227451212,451.2980225378859,2023-07-01,2025-10-06 10:49:52.123,13,4,0,0,0,1,0,1,0,0,0,1,0,0,0,0,0,0,1,0,1,0,0,0,0,0
CUS_0x150c,128427.2,10621.266666666666,5,4,1,3,2,8,4.199999999999998,40,201.94,39.26565360519761,224.8576525516605,167.75236449051744,919.5166496244887,2023-07-01,2025-10-06 10:49:52.123,16,6,0,1,0,0,0,0,0,1,1,0,1,0,0,1,0,0,0,0,1,0,0,0,0,0
CUS_0x6054,19296.24,1669.0200000000002,2,7,2,2,9,4,8.76,80,826.02,24.56533536732273,25.32904329733268,51.36859532763872,370.2043613750286,2023-07-01,2025-10-06 10:49:52.123,20,2,1,0,0,0,0,0,0,1,0,0,1,0,0,1,0,0,0,0,0,0,0,1,0,0
CUS_0x9176,32144.54,2950.711666666666,9,7,32,8,28,21,27.29,60,3360.92,37.337103405249856,166.09065286955968,242.1195285751291,176.86098522197787,2023-07-01,2025-10-06 10:49:52.123,7,2,1,1,0,0,0,1,0,0,1,1,0,0,0,0,0,1,0,0,0,0,1,0,0,0
CUS_0xbb55,53579.55,4639.9625,10,7,22,2,13,20,19.95,150,2322.34,31.023607354632382,74.48357848442592,449.6413307437054,229.87134077186872,2023-07-01,2025-10-06 10:49:52.123,7,11,0,0,0,1,0,0,0,0,1,1,0,0,0,0,1,0,0,0,0,0,1,0,0,0
CUS_0x64a3,55916.52,4597.71,809,7,2366,4,17,13,2.23,20,1069.61,28.374168884477925,103.0663890283302,129.7043258658685,477.0002851058013,2023-07-01,2025-10-06 10:49:52.123,26,10,1,1,0,0,0,1,0,0,0,1,0,0,0,0,1,0,0,0,1,0,0,0,0,0
CUS_0xb183,34113.61,2126.752526842869,0,6,5,0,3,2,3.44,60,634.84,29.110505614789187,45324.0,44.744125811915644,460.5359575214177,2023-07-01,2025-10-06 10:49:52.123,19,0,0,0,0,0,0,0,0,0,0,0,0,0,0,1,0,0,0,0,1,0,0,0,0,0
CUS_0xb517,75605.82,5820.748743015935,0,3,4,0,10,1,2.06,70,131.13,32.26075259648003,686.736256984065,215.9679162554604,714.7805837445397,2023-07-01,2025-10-06 10:49:52.123,25,3,0,0,0,0,0,0,0,0,0,0,1,0,0,1,0,0,0,0,0,0,0,1,0,0
CUS_0x94f6,90789.21,7836.767499999999,1,1106,5,2,8,7,3.53,80,18.15,40.86232727036562,105.50525097966027,320.45833032431295,637.7131686960267,2023-07-01,2025-10-06 10:49:52.123,16,10,1,0,0,1,0,0,0,0,0,0,1,0,0,1,0,0,0,0,0,0,0,1,0,0
CUS_0x9bc4,31732.61,2899.3841666666667,4,4,1,4,30,12,3.37,40,1404.06,24.71851253729408,100.91540773686334,263.93977239206765,205.0832365377356,2023-07-01,2025-10-06 10:49:52.123,30,6,0,0,1,1,1,0,0,0,1,0,0,0,0,1,0,0,0,0,0,0,0,1,0,0
CUS_0x3672,70709.04,5592.419999999999,7,6,20,6,9,17,18.68,100,805.64,35.176427229087345,260.88351244918806,161.61193578137187,416.74655176944,2023-07-01,2025-10-06 10:49:52.123,16,11,1,0,1,0,1,1,1,1,0,1,0,0,0,0,1,0,0,0,0,0,0,1,0,0
CUS_0x3f97,89190.56999999998,7135.5475,3,4,19,3,21,13,2.18,0,1427.36,25.80820089381772,165.48390391587043,361.8668845761616,466.20396150796796,2023-07-01,2025-10-06 10:49:52.123,26,3,0,0,1,0,1,0,0,0,0,1,0,0,0,0,1,0,0,0,0,0,0,1,0,0
CUS_0x6f69,42468.06,3355.005,0,7,11,2,12,12,3.01,10,1210.62,30.913236800502204,41.944946124834615,84.78117717286467,458.7743767023008,2023-07-01,2025-10-06 10:49:52.123,32,10,0,1,0,0,0,0,0,1,0,0,1,0,0,1,0,0,0,0,1,0,0,0,0,0
CUS_0xa5d1,20269.93,1617.1608333333334,7,6,29,7,60,24,15.07,110,4459.5,32.331960618913214,45049.0,78.48491008241517,251.36261688506508,2023-07-01,2025-10-06 10:49:52.123,3,5,0,0,1,0,1,1,0,0,1,1,0,0,0,0,0,1,0,1,0,0,0,0,0,0
CUS_0x90be,10466.825,573.1225604167419,9,10,30,4,54,19,8.54,90,1519.71,28.0872233162438,96.8675528827244,44.26963115182615,264.49921388204103,2023-07-01,2025-10-06 10:49:52.123,12,4,0,1,0,0,0,1,0,1,1,1,0,0,0,0,1,0,0,0,0,0,0,0,0,1
CUS_0x9c14,28771.76,2497.6466666666665,7,7,31,8,24,13,25.37,60,4044.13,33.77191031898037,106.70612233681068,10000.0,102.4970402472373,2023-07-01,2025-10-06 10:49:52.123,2,2,0,1,1,1,0,1,0,1,1,1,0,0,0,0,0,1,0,0,0,0,0,0,0,1
CUS_0x193b,19462.47,1920.8725,7,7,28,6,55,18,1.96,90,2211.05,33.89504213409066,60.80130551993776,121.84304937983265,269.44289510022963,2023-07-01,2025-10-06 10:49:52.123,17,9,1,1,0,0,1,1,0,0,0,1,0,0,0,0,0,1,0,1,0,0,0,0,0,0
CUS_0xabef,157156.8,13050.4,3,3,9,0,7,10,10.45,50,1375.8,43.19771540028236,0.0,689.9765716576351,875.063428342365,2023-07-01,2025-10-06 10:49:52.123,16,7,0,0,0,0,0,0,0,0,0,0,1,0,0,1,0,0,0,1,0,0,0,0,0,0
CUS_0x64a4,35372.36,2865.6966666666667,8,5,25,0,16,23,36.97,90,3850.97,34.48340224248225,173.24196591671097,77.47750358357568,285.8501971663801,2023-07-01,2025-10-06 10:49:52.123,7,8,1,1,1,1,0,0,1,1,0,1,0,0,0,0,0,0,1,0,1,0,0,0,0,0
CUS_0x85b,24342.5,2057.541666666667,5,5,3,1,17,16,0.5999999999999996,30,57.27,39.98089466213344,18.66976844009688,99.607761881084,377.4766363454858,2023-07-01,2025-10-06 10:49:52.123,28,5,0,0,0,0,0,0,1,0,0,0,1,0,0,0,1,0,0,0,0,0,0,0,0,1
CUS_0xeb0,35733.46,3145.788333333333,6,9,23,7,26,19,2.38,90,2335.68,31.072103935236253,124.41829388334654,77.19134339209585,372.969196057891,2023-07-01,2025-10-06 10:49:52.123,18,10,0,1,1,1,1,0,0,0,1,1,0,0,0,0,0,1,0,1,0,0,0,0,0,0
CUS_0x11eb,62835.08,5464.256666666667,0,4,1,2,9,12,2.02,40,306.85,34.58423425131193,67.38407411418386,230.0712676542581,498.9703248982248,2023-07-01,2025-10-06 10:49:52.123,33,3,0,0,0,0,0,0,1,0,1,0,1,0,0,0,0,0,1,0,1,0,0,0,0,0
CUS_0x2112,46586.31,4041.1925,6,4,6,6,11,17,17.18,50,1787.16,37.332044267336826,167.21829728582358,243.01281249602886,253.88814021814758,2023-07-01,2025-10-06 10:49:52.123,18,10,0,0,0,1,0,0,1,0,1,1,0,0,0,0,1,0,0,1,0,0,0,0,0,0
CUS_0x3237,54651.78,4359.315,9,9,16,8,53,24,25.64,100,4548.76,36.46507203623509,295.38657606604374,72.32921585890307,308.21570807505316,2023-07-01,2025-10-06 10:49:52.123,7,2,1,0,1,1,0,1,1,0,1,1,0,0,0,0,0,1,0,0,0,0,0,0,0,1
CUS_0x66d4,11810.515,1012.2095833333332,8,4,17,2,25,13,11.6,60,619.5,31.111951308112808,16.71425537123106,18.89757474223168,315.6091282198706,2023-07-01,2025-10-06 10:49:52.123,33,4,0,1,0,1,0,0,0,0,0,1,0,0,0,0,1,0,0,0,1,0,0,0,0,0
CUS_0x3d53,75524.26,6118.688333333333,2,5,10,4,19,10,7.14,0,852.62,34.947495632328504,167.28791460999832,481.01106700669607,243.56985171663888,2023-07-01,2025-10-06 10:49:52.123,16,4,1,0,0,1,0,0,1,0,1,0,1,0,0,0,0,0,1,0,0,0,0,1,0,0
CUS_0x4f16,23692.52,2104.376666666667,5,3,948,0,28,13,10.69,50,915.87,36.707129107480434,0.0,276.8482625891214,223.58940407754528,2023-07-01,2025-10-06 10:49:52.123,31,3,0,0,0,0,0,0,0,0,0,1,0,0,0,0,0,0,1,0,0,0,1,0,0,0
CUS_0x8c5a,58770.12,4659.51,10,10,30,5,51,19,11.49,90,1974.29,38.11448365190628,231.252379548278,248.374304523822,276.32431592790005,2023-07-01,2025-10-06 10:49:52.123,7,2,1,0,1,0,0,1,1,0,0,1,0,0,0,0,1,0,0,0,0,0,1,0,0,0
CUS_0x9f2f,80968.04,6894.336666666666,6,7,28,6,31,21,2.71,150,4461.39,23.90893831760336,356.9795430065876,274.5522526254981,347.901871034581,2023-07-01,2025-10-06 10:49:52.123,13,9,0,1,0,1,0,1,1,1,0,0,0,0,0,0,0,1,0,0,0,0,1,0,0,0
CUS_0xa25a,55339.56,4648.63,8,5,34,9,19,14,7.28,70,2918.16,30.359398084923388,252.12094058770256,261.40999534495336,241.33206406734413,2023-07-01,2025-10-06 10:49:52.123,0,10,1,1,1,1,0,0,1,1,0,1,0,0,0,0,0,1,0,0,0,0,1,0,0,0
CUS_0x5ff6,15450.44,1115.5366666666666,10,1357,15,9,46,19,2.27,130,2520.24,38.12449751530564,109.01623084429043,56.273001855621345,226.26443396675486,2023-07-01,2025-10-06 10:49:52.123,11,0,1,0,1,1,1,1,0,1,0,1,0,0,0,0,0,1,0,0,0,0,0,1,0,0
CUS_0x7154,122053.2,10370.1,8,7,12,5,19,18,9.42,60,1292.35,29.690040309674096,388.90978365965566,769.6829943610833,158.41722197926114,2023-07-01,2025-10-06 10:49:52.123,6,10,0,1,0,1,1,0,0,1,1,1,0,0,0,0,1,0,0,0,0,0,0,1,0,0
CUS_0xbace,11755.91,710.6591666666667,7,7,11,0,31,10,7.22,70,1466.56,32.034315374937314,0.0,94.69525294131779,266.3706637253489,2023-07-01,2025-10-06 10:49:52.123,32,11,0,0,0,0,0,0,0,0,0,1,0,0,0,0,1,0,0,0,0,0,1,0,0,0
CUS_0x84b8,16500.96,1528.08,3,6,12,1,6,8,8.81,20,185.16,25.333680318480955,6.957605183546081,167.6783550052008,268.172039811253,2023-07-01,2025-10-06 10:49:52.123,25,2,0,0,0,0,1,0,0,0,0,0,0,0,0,1,0,0,0,0,0,0,1,0,0,0
CUS_0xc516,94159.71,8028.642499999999,0,1,4,2,8,12,2.2,20,781.5,36.66400201548307,121.0485480438686,208.42337778234005,753.3923241737914,2023-07-01,2025-10-06 10:49:52.123,19,5,1,0,0,1,0,0,0,0,0,0,1,0,0,0,0,0,1,0,0,0,0,1,0,0
CUS_0x56c5,17701.62,1345.135,5,4,13,4,23,13,9.37,110,816.95,29.18679553452141,38.2488279132455,111.89820168204751,264.366470404707,2023-07-01,2025-10-06 10:49:52.123,13,11,0,0,0,1,1,0,1,0,0,1,0,0,0,0,0,0,1,0,0,0,0,1,0,0
CUS_0x81c5,55554.69,4649.5575,11,9,34,7,37,17,21.76,140,4974.31,38.14996994668893,228.1167576016796,10000.0,358.5184199830938,2023-07-01,2025-10-06 10:49:52.123,1,5,0,0,0,1,0,1,1,1,0,1,0,0,0,0,0,1,0,0,1,0,0,0,0,0
CUS_0xa5f,17309.885,1616.4904166666663,6,4,19,0,14,16,0.0,20,1348.98,32.66739976449999,0.0,38.716598538072255,372.93244312859434,2023-07-01,2025-10-06 10:49:52.123,27,0,0,0,0,0,0,0,0,0,0,1,0,0,0,0,1,0,0,0,1,0,0,0,0,0
CUS_0x9b7d,73871.92,6037.442095540957,8,10,33,7,17,14,10.6,150,2284.63,30.308695012518587,681.794429328403,160.04047570712532,395.21566609018134,2023-07-01,2025-10-06 10:49:52.123,16,10,1,0,1,1,1,0,0,0,1,1,0,0,0,0,1,0,0,0,0,1,0,0,0,0
CUS_0x182d,18798.83,1721.569166666667,9,8,20,9,35,20,21.73,130,4734.1,39.46169827760826,72.26871929459972,36.18845000066657,303.69974737140035,2023-07-01,2025-10-06 10:49:52.123,6,8,1,1,0,1,1,0,0,1,1,1,0,0,0,0,0,1,0,0,0,1,0,0,0,0
CUS_0x495f,20012.87,1830.7391666666665,7,8,17,5,20,15,5.8100000000000005,110,3500.17,32.072139066573264,59.45838794178548,130.75630240736314,262.85922631751805,2023-07-01,2025-10-06 10:49:52.123,1,2,0,1,0,1,1,0,0,1,1,1,0,0,0,0,0,1,0,0,0,0,0,0,1,0
CUS_0x6728,19127.06,1517.9216666666669,5,7,6,3,32,14,7.26,90,89.19,27.4914302516105,41.96108417520117,149.31515481308972,250.51592767837585,2023-07-01,2025-10-06 10:49:52.123,24,10,0,1,0,0,0,1,0,0,1,1,0,0,0,0,1,0,0,0,0,0,1,0,0,0
CUS_0x3475,36783.38,3151.2816666666663,10,5,17,7,15,19,23.35,120,4555.72,22.813650031383855,148.35811776936703,406.7804393282401,49.989609569059496,2023-07-01,2025-10-06 10:49:52.123,2,0,0,1,1,1,1,1,0,0,1,1,0,0,0,0,0,1,0,0,0,0,1,0,0,0
CUS_0x6102,30399.06,2031.5877661322684,5,6,18,4,13,12,10.55,80,516.76,32.8495264168328,321.1954880688721,10000.0,201.16762988931305,2023-07-01,2025-10-06 10:49:52.123,18,9,0,1,0,0,1,0,1,1,0,1,0,0,0,0,0,0,1,0,0,0,1,0,0,0
CUS_0x2910,58184.67,4579.611396866938,6,5,9,3,27,12,7.36,30,309.14,24.77256592897095,320.1696417122004,127.77538713188896,476.93832428897275,2023-07-01,2025-10-06 10:49:52.123,24,2,1,0,0,0,0,1,0,0,0,1,0,0,0,0,0,0,1,1,0,0,0,0,0,0
CUS_0x7ba5,53266.23,4310.8525,4,6,16,4,17,20,9.62,60,1988.24,41.54680782603732,176.3947605622812,74.6412447217693,430.0492447159496,2023-07-01,2025-10-06 10:49:52.123,9,11,0,0,0,0,1,1,0,1,0,1,0,0,0,0,1,0,0,0,1,0,0,0,0,0
CUS_0xbc14,87957.02,7453.751666666668,2,1470,9,4,9,0,9.23,50,811.01,29.13074677478932,195.91370327666627,52.7143542949106,736.7471090950899,2023-07-01,2025-10-06 10:49:52.123,19,10,1,1,1,0,0,0,1,0,0,0,0,0,0,0,0,0,1,0,0,1,0,0,0,0
CUS_0x3a4d,37006.6,3378.883333333333,7,10,3048,9,41,16,20.11,120,3386.25,39.41913324929196,245.839955184929,207.47074576840552,164.57763237999882,2023-07-01,2025-10-06 10:49:52.123,8,4,1,1,1,0,1,1,1,1,0,1,0,0,0,0,0,1,0,0,0,0,0,1,0,0
CUS_0x6672,17577.76,1762.813333333333,3,5,19,2,25,12,9.58,0,1447.93,36.44851899009603,29.295466502012854,12.463964717623703,374.5219021136968,2023-07-01,2025-10-06 10:49:52.123,32,3,1,0,0,0,0,0,0,0,1,1,0,0,0,0,1,0,0,0,0,1,0,0,0,0
CUS_0xba94,18675.65,1548.3041666666668,3,6,18,2,8,18,11.52,110,1352.15,38.40032075079973,16.528702751280758,129.82770893245134,298.4740049829346,2023-07-01,2025-10-06 10:49:52.123,8,5,0,0,0,0,1,0,0,1,0,1,0,0,0,0,0,0,1,0,0,0,1,0,0,0
CUS_0xf2e,28866.94,2682.578333333333,10,5,29,9,19,19,2.12,90,1587.62,26.096662374221296,138.32553438009396,62.29557698425553,327.6367219689838,2023-07-01,2025-10-06 10:49:52.123,10,3,0,1,1,0,1,0,1,0,1,1,0,0,0,0,0,0,1,1,0,0,0,0,0,0
CUS_0x386e,17399.43,1485.9525,8,9,21,2,19,25,9.03,100,1444.19,34.869338456905,27.103287048595227,41.06608519914658,350.4258777522582,2023-07-01,2025-10-06 10:49:52.123,6,5,1,0,0,0,0,0,0,0,1,1,0,0,0,0,0,1,0,0,0,0,0,0,1,0
CUS_0x9708,69445.68,5937.139999999999,7,7,1,0,25,20,1.47,40,872.64,37.88123552506395,0.0,789.8822266903003,93.83177330969966,2023-07-01,2025-10-06 10:49:52.123,29,11,0,0,0,0,0,0,0,0,0,0,1,0,0,1,0,0,0,0,0,0,1,0,0,0
CUS_0xba20,27814.63,2061.8858333333333,3,3,12,1,17,14,8.75,60,425.84,41.07769309945985,13.572811639360545,104.1423675852932,348.47340410867963,2023-07-01,2025-10-06 10:49:52.123,20,4,0,0,0,0,0,0,0,0,1,0,1,0,0,1,0,0,0,1,0,0,0,0,0,0
CUS_0xf8f,68236.12,5542.343333333332,7,10,34,5,29,12,15.28,90,2535.12,28.79349356319261,232.55575838997163,490.08391668712824,101.59465825623352,2023-07-01,2025-10-06 10:49:52.123,16,5,0,1,0,1,0,1,0,0,1,1,0,0,0,0,1,0,0,0,0,0,0,0,0,1
CUS_0x4791,19213.83,1750.1525,9,10,20,8,31,23,18.67,100,4992.25,39.33286715580654,105.26727664036784,51.8985428051548,277.8494305544774,2023-07-01,2025-10-06 10:49:52.123,0,11,1,0,1,0,0,1,1,1,1,1,0,0,0,0,0,1,0,1,0,0,0,0,0,0
CUS_0x15e7,57407.04,4570.92,3,3,18,4,24,11,9.64,70,895.05,28.8839509308155,128.53068770833835,105.40219974205124,463.15911254961037,2023-07-01,2025-10-06 10:49:52.123,16,0,1,0,1,0,0,0,1,1,0,1,0,0,0,0,1,0,0,0,0,0,0,0,0,1
CUS_0xbafb,28077.18,2328.765,6,8,28,4,36,16,3.61,140,2599.23,38.74519628509688,50.74755802343258,173.4836918976689,298.6452500788985,2023-07-01,2025-10-06 10:49:52.123,9,8,0,1,0,0,1,0,0,1,1,1,0,0,0,0,0,1,0,0,0,0,1,0,0,0
CUS_0xbe4b,19920.93,1470.0775,8,3,11,2,21,12,18.44,40,2645.5,33.17358214069232,21.04414153612437,10000.0,333.47265118664916,2023-07-01,2025-10-06 10:49:52.123,15,2,0,0,1,0,1,0,0,0,0,0,0,0,0,0,0,0,1,0,0,0,0,1,0,0
CUS_0x7283,53370.42,4618.535,6,7,7,3,21,17,8.68,70,240.27,29.37850258688409,43528.0,356.72209823524986,278.5761313255341,2023-07-01,2025-10-06 10:49:52.123,20,11,1,0,0,0,0,1,0,0,1,1,0,0,0,0,1,0,0,0,0,0,0,0,1,0
CUS_0x35c3,36379.24,2838.603333333333,8,8,15,3,5,9,18.65,90,2152.42,25.234245067756103,81.03830215382823,10000.0,257.96636147121217,2023-07-01,2025-10-06 10:49:52.123,20,0,0,1,0,1,0,0,1,0,0,1,0,0,0,0,1,0,0,0,0,0,1,0,0,0
CUS_0x3e5d,11938.1,1197.8416666666667,6,4,20,4,7,15,9.54,30,593.33,30.249916413830437,20.18395627929351,58.096279633125064,331.50393075424813,2023-07-01,2025-10-06 10:49:52.123,24,8,0,0,0,0,1,0,0,1,1,1,0,0,0,0,1,0,0,0,0,0,1,0,0,0
CUS_0x4372,33740.62,2954.7183333333337,10,696,33,5,62,24,25.77,110,3898.38,24.705861584277,70.56471440757646,237.04462736421416,277.8624915615428,2023-07-01,2025-10-06 10:49:52.123,10,6,1,1,0,0,1,0,1,0,0,1,0,0,0,0,0,1,0,0,0,0,1,0,0,0
CUS_0x1647,28608.65,2490.054166666667,1075,7,12,1,4,11,12.68,40,143.04,29.427836017527422,23.008446135215287,120.8074589938518,395.1895115375996,2023-07-01,2025-10-06 10:49:52.123,17,8,0,0,0,1,0,0,0,0,0,0,1,0,0,1,0,0,0,0,0,0,1,0,0,0
CUS_0x83c5,62859.18000000001,5414.265,9,9,29,7,43,25,4.64,120,1634.56,35.62038502725797,242.3135314264052,348.8898458446626,230.2231227289322,2023-07-01,2025-10-06 10:49:52.123,19,4,1,0,1,1,0,1,0,1,0,1,0,0,0,0,0,1,0,0,0,0,0,1,0,0
CUS_0x83d7,21709.07,2078.089166666666,3,4,8,0,8,0,13.52,70,1047.3,29.56705761951977,0.0,30.15806984963623,427.65084681703047,2023-07-01,2025-10-06 10:49:52.123,24,8,0,0,0,0,0,0,0,0,0,0,1,0,0,1,0,0,0,0,1,0,0,0,0,0
CUS_0xb586,27175.69,2236.640833333333,8,3,17,1,11,13,4.47,70,1010.89,30.245525584796013,14.74214813555404,165.8665793522319,333.05535584554735,2023-07-01,2025-10-06 10:49:52.123,28,0,0,0,0,0,0,0,0,0,1,1,0,0,0,0,1,0,0,0,0,0,1,0,0,0
CUS_0x2d05,30910.68,2066.9269539086445,6,3,17,3,25,20,15.53,110,392.56,37.753419170208026,362.9717567246784,26.07282446626463,396.4074649004124,2023-07-01,2025-10-06 10:49:52.123,11,6,1,0,0,0,0,0,1,1,0,1,0,0,0,0,1,0,0,0,0,1,0,0,0,0
CUS_0x6200,35664.22,2686.018333333333,9,7,17,5,21,20,10.24,110,4259.04,29.478914983751835,137.88399125062443,180.2908668920961,230.42697519061284,2023-07-01,2025-10-06 10:49:52.123,2,8,0,0,1,0,0,0,1,1,1,0,0,0,0,0,0,1,0,0,0,0,0,1,0,0
CUS_0x7e0b,30685.78,2591.148333333333,916,10,18,5,52,22,16.67,60,2640.74,38.21404484038596,91.77083174508824,56.01374489052373,361.3302566977213,2023-07-01,2025-10-06 10:49:52.123,9,5,0,1,1,1,0,0,1,0,1,1,0,0,0,0,0,0,1,0,1,0,0,0,0,0
CUS_0x8b5f,22323.28,2009.273333333333,0,5,9,4,6,11,7.2,70,533.12,25.82502553728835,53.861239111369706,234.73895540671916,202.3271388152445,2023-07-01,2025-10-06 10:49:52.123,27,3,0,0,1,1,1,0,0,0,0,0,1,0,0,1,0,0,0,0,0,0,1,0,0,0
CUS_0x946d,73600.26,6382.355,6,7,17,4,15,13,7.32,60,691.31,24.556485101732804,177.36382621548114,162.7294103131958,538.1422634713231,2023-07-01,2025-10-06 10:49:52.123,20,6,0,0,1,1,0,1,0,0,1,0,1,0,0,0,0,0,1,0,0,1,0,0,0,0
CUS_0xc62c,130940.76,10918.73,3,4,12,0,3,2,0.0,80,1180.29,33.9303259955678,0.0,150.0124887242335,1181.8605112757664,2023-07-01,2025-10-06 10:49:52.123,31,6,0,0,0,0,0,0,0,0,0,0,0,0,0,1,0,0,0,0,0,1,0,0,0,0
CUS_0x666a,39944.67,3318.7225,4,3,7,1,0,0,8.34,10,364.95,32.035345471095354,22.37777689428156,254.9845184083723,324.50995469734613,2023-07-01,2025-10-06 10:49:52.123,16,4,0,0,0,1,0,0,0,0,0,0,0,0,0,1,0,0,0,0,0,0,0,0,1,0
CUS_0x7429,38861.72,3511.476666666667,4,5,11,1,10,1,3.83,90,107.29,39.33208651902883,26.06920391407017,122.32791223037664,452.75055052222,2023-07-01,2025-10-06 10:49:52.123,31,3,1,0,0,0,0,0,0,0,0,0,1,0,0,1,0,0,0,0,1,0,0,0,0,0
CUS_0x2662,35134.51,2824.875833333333,8,6,15,3,15,17,3.16,60,1359.56,32.0939370473309,45.90645160593744,44.34095243111704,442.2401792962788,2023-07-01,2025-10-06 10:49:52.123,32,2,1,0,0,0,0,0,1,0,1,0,0,0,0,0,1,0,0,0,0,0,0,0,0,1
CUS_0x3442,18186.22,1761.5183333333334,7,4,15,0,22,16,5.49,40,1.42,30.33582126372739,0.0,44.24651223268052,381.9053211006528,2023-07-01,2025-10-06 10:49:52.123,19,2,0,0,0,0,0,0,0,0,0,0,1,0,0,0,1,0,0,0,1,0,0,0,0,0
CUS_0x960e,9822.095,785.5079166666666,10,8,19,5,35,15,26.11,80,2813.68,24.52151705328136,22.50769752852936,105.11690784787123,240.9261862902661,2023-07-01,2025-10-06 10:49:52.123,3,8,0,0,0,1,1,1,0,1,0,1,0,0,0,0,0,0,1,0,0,0,1,0,0,0
CUS_0xc3b7,40391.66,3357.971666666667,10,7,18,3,33,23,3.51,120,1950.62,38.823619429163415,60.370828399887685,331.8652135329811,233.56112473379795,2023-07-01,2025-10-06 10:49:52.123,8,6,1,0,0,0,1,0,0,1,0,1,0,0,0,0,0,1,0,0,0,0,1,0,0,0
CUS_0x73cf,105308.68,8538.723333333333,6,4,10,3,18,17,10.65,50,914.01,28.760625517804336,200.47441189951596,239.37193598233523,694.0259854514823,2023-07-01,2025-10-06 10:49:52.123,29,5,0,0,1,0,0,0,0,1,1,0,1,0,0,1,0,0,0,0,0,0,0,1,0,0
CUS_0x83a4,69577.92,5882.16,5,6,4363,3,16,3,8.53,40,491.67,26.588622908678374,135.38394696299764,420.2461687610223,322.5858842759801,2023-07-01,2025-10-06 10:49:52.123,19,4,0,0,0,0,0,1,0,1,1,0,1,0,0,1,0,0,0,0,0,0,1,0,0,0
CUS_0xa153,136747.8,11484.65,4,3,6,2,8,11,7.11,20,37.75,27.181917664823988,135.76378163154462,918.0253383838142,374.6758799846411,2023-07-01,2025-10-06 10:49:52.123,33,4,1,1,0,0,0,0,0,0,0,0,0,0,0,0,1,0,0,0,0,0,0,1,0,0
CUS_0xb380,17723.52,1329.96,9,9,22,8,22,15,33.480000000000004,120,2640.84,23.298188532401408,110.43859184416912,74.90738223891344,237.65002591691743,2023-07-01,2025-10-06 10:49:52.123,13,8,1,1,1,1,1,1,1,0,1,1,0,0,0,0,0,0,1,0,0,0,1,0,0,0
CUS_0xac16,8269.135,752.0945833333334,8,7,22,8,53,23,27.27,60,3667.52,33.36627579104602,32.46196844985306,0.0,274.5486351898318,2023-07-01,2025-10-06 10:49:52.123,4,0,0,0,0,1,0,1,1,1,1,1,0,0,0,0,0,1,0,0,0,1,0,0,0,0
CUS_0xbaf6,26309.54,2247.4616666666666,8,4,19,1,23,12,1.32,70,1178.24,34.81516655619496,14.978240909356709,10000.0,408.1856532167781,2023-07-01,2025-10-06 10:49:52.123,28,8,0,0,0,0,0,0,0,0,1,0,1,0,0,0,1,0,0,0,1,0,0,0,0,0
CUS_0x14b3,30637.13,2427.0941666666668,5,7,10,3,22,14,7.18,40,414.36,37.33134265450701,48.99794222337656,153.40536262678748,300.3061118165026,2023-07-01,2025-10-06 10:49:52.123,23,0,0,1,0,1,0,0,0,0,1,0,0,0,0,0,0,0,1,1,0,0,0,0,0,0
CUS_0x98a,20524.7,1791.3916666666669,9,10,24,9,32,25,8.86,120,4021.94,35.07927262870533,79.79906572624873,108.07019297363505,251.2699079667829,2023-07-01,2025-10-06 10:49:52.123,8,11,1,1,0,1,1,0,1,1,1,1,0,0,0,0,0,1,0,1,0,0,0,0,0,0
CUS_0x1b71,16726.62,1204.885,6,10,26,7,43,22,20.38,110,2882.12,32.59592515213713,73.36602074407855,62.05337178594631,245.06910746997517,2023-07-01,2025-10-06 10:49:52.123,4,8,0,1,1,1,0,1,1,0,1,1,0,0,0,0,0,1,0,1,0,0,0,0,0,0
CUS_0x94e8,64350.76,5604.5633333333335,10,5,18,9,32,19,23.21,70,4055.26,39.357540721811816,249.6308774606617,290.772550764721,33.53659125249692,2023-07-01,2025-10-06 10:49:52.123,11,10,1,1,1,1,0,0,1,1,1,1,0,0,0,0,0,1,0,0,0,0,1,0,0,0
CUS_0x9e5e,14968.48,1001.3733333333332,6,5,33,7,16,9,14.19,140,2190.95,33.709125973653414,62.405676626670726,90.84680759271231,223.5806005909013,2023-07-01,2025-10-06 10:49:52.123,15,5,0,0,1,0,0,0,1,1,1,1,0,0,0,0,0,0,1,0,0,0,1,0,0,0
CUS_0x9f1f,105740.97,8706.7475,3,6,5,3,12,9,3.12,10,303.68,26.87145672338591,145.58499375985747,407.6629404687466,587.4268157713959,2023-07-01,2025-10-06 10:49:52.123,22,10,0,1,0,1,0,0,1,0,0,0,1,0,0,0,0,0,1,0,0,0,0,0,1,0
CUS_0xbe22,38631.06,3046.255,5,3,9,0,27,16,11.75,40,1168.71,35.595568586875366,0.0,74.86549122423368,489.7600087757663,2023-07-01,2025-10-06 10:49:52.123,18,11,0,0,0,0,0,0,0,0,0,0,1,0,0,0,1,0,0,1,0,0,0,0,0,0
CUS_0x1863,55662.64,4900.553333333333,4,6,6,3,32,20,11.06,20,1078.02,31.746169995722926,90.9499455688362,104.39468527901165,549.3941955356446,2023-07-01,2025-10-06 10:49:52.123,22,9,0,0,1,0,0,1,0,0,0,1,0,0,0,0,1,0,0,0,0,0,0,1,0,0
CUS_0x8841,74366.94,6380.245,0,7,2,3,9,10,9.61,70,265.44,38.43283008782173,126.64223547069057,240.10940441521237,521.2728601140969,2023-07-01,2025-10-06 10:49:52.123,31,6,0,0,0,1,1,0,0,1,0,0,1,0,0,0,0,0,1,0,1,0,0,0,0,0
CUS_0x1aeb,38253.64,2997.7120613270367,1,3,2,3,5,0,9.29,10,843.89,28.549220840187715,395.7820367622671,47.59403231438962,470.49553626297273,2023-07-01,2025-10-06 10:49:52.123,21,6,0,0,0,1,0,1,0,0,1,0,1,0,0,0,0,0,1,0,0,1,0,0,0,0
CUS_0xa049,50545.74,4346.145,8,3,2,4,26,8,10.2,30,250.99,26.93966577117743,132.5935742987868,267.23552142344,294.78540427777324,2023-07-01,2025-10-06 10:49:52.123,21,11,1,1,0,0,1,0,0,0,0,0,1,0,0,1,0,0,0,1,0,0,0,0,0,0
CUS_0x4976,31113.52,2377.793333333333,10,10,16,6,28,21,3.67,120,2489.95,36.6844028237365,107.71462378296506,58.753014649375785,321.3116949009925,2023-07-01,2025-10-06 10:49:52.123,8,11,0,0,1,1,1,1,0,1,0,0,0,0,0,0,0,1,0,0,1,0,0,0,0,0
CUS_0x5f83,35317.81,2879.150833333333,4,5,7,4,18,19,2.74,10,1311.73,25.24759481883481,63.218433635680405,272.5195865022116,242.17706319544132,2023-07-01,2025-10-06 10:49:52.123,30,3,1,1,0,1,0,0,1,0,0,0,0,0,0,0,0,0,1,0,0,0,1,0,0,0
CUS_0xafed,87903.62,7269.301666666666,2,6,12,3,13,8,7.86,30,34.36,35.141284025801234,143.25609211192227,656.7051055508248,206.96896900391968,2023-07-01,2025-10-06 10:49:52.123,18,9,0,1,1,0,0,0,0,0,0,0,1,0,0,1,0,0,0,0,0,0,0,1,0,0
CUS_0x12ce,9795.07,586.2558333333333,7,8,29,6,62,14,4.01,150,2065.27,29.042817520001787,42.60531716835378,24.425080540114738,281.5951856248648,2023-07-01,2025-10-06 10:49:52.123,5,11,0,1,0,1,0,0,0,1,1,1,0,0,0,0,0,1,0,0,0,0,1,0,0,0
CUS_0x1e51,17443.94,1714.6616666666666,10,10,21,5,42,22,21.69,70,2816.57,34.84686738265064,55.67362562029084,50.28013254487414,325.5124085015017,2023-07-01,2025-10-06 10:49:52.123,11,6,0,0,1,1,0,1,1,0,0,1,0,0,0,0,0,1,0,1,0,0,0,0,0,0
CUS_0x2243,15279.715,879.6736053040281,3,7,15,4,28,10,3.01,60,562.9,23.28629718659144,187.39645473825715,79.74903620405306,251.1214454203285,2023-07-01,2025-10-06 10:49:52.123,20,3,1,0,1,1,0,0,0,1,0,0,0,0,0,0,0,0,1,0,0,0,0,1,0,0
CUS_0x4842,43287.85,3769.320833333333,4,4,5,1,3,2,1.13,50,1370.94,28.125532589923377,33.86127274578384,10000.0,308.78712544727983,2023-07-01,2025-10-06 10:49:52.123,20,4,0,0,0,1,0,0,0,0,0,0,1,0,0,1,0,0,0,0,0,0,0,0,1,0
CUS_0x64a1,65912.38,5343.698333333334,0,4,8,0,13,6,5.77,60,300.63,36.41663803067068,0.0,165.00825239903557,629.3615809342979,2023-07-01,2025-10-06 10:49:52.123,16,3,0,0,0,0,0,0,0,0,0,0,1,0,0,1,0,0,0,1,0,0,0,0,0,0
CUS_0xe34,63658.26,5281.855,3,6,12,2,24,20,0.0,80,498.59,32.56040330012495,81.23619471554962,127.2235614230845,569.7257438613657,2023-07-01,2025-10-06 10:49:52.123,26,9,1,0,0,0,0,1,0,0,0,1,0,0,0,0,1,0,0,0,1,0,0,0,0,0
CUS_0xbba9,175796.6,14768.716666666667,3,7,11,3,11,3,1.46,30,1202.31,28.3430778650604,366.7589325709711,1477.5002165568133,1211.890014311913,2023-07-01,2025-10-06 10:49:52.123,30,10,0,1,1,1,0,0,0,0,0,0,1,0,0,1,0,0,0,0,0,0,1,0,0,0
CUS_0x310f,30909.93,2554.8275,4,6,5,1,8,13,2.99,40,1202.05,40.53763559677957,21.44436798688233,202.05079297526015,321.9875890378575,2023-07-01,2025-10-06 10:49:52.123,20,9,0,0,0,0,0,0,0,0,1,1,0,0,0,0,1,0,0,0,0,0,1,0,0,0
CUS_0x3f0,33540.43,2655.035833333333,6,3,17,0,26,13,14.11,100,1138.97,23.68388953549105,0.0,165.20443547590202,370.2991478574313,2023-07-01,2025-10-06 10:49:52.123,24,11,0,0,0,0,0,0,0,0,0,1,0,0,0,0,1,0,0,0,0,0,0,0,1,0
CUS_0x857f,31019.6,2427.9666666666667,6,1267,7,4,25,20,13.74,60,727.64,36.083703194360645,72.48842264488479,114.21277372964212,311.749778370815,2023-07-01,2025-10-06 10:49:52.123,6,10,0,1,0,1,0,0,0,0,0,1,0,0,0,0,1,0,0,0,0,0,0,1,0,0
CUS_0x6bad,12144.58,1006.0483333333332,4,5,7,3,26,9,17.63,20,1292.76,23.3406147501908,23.119784466893957,40.48786229119776,296.99718657524164,2023-07-01,2025-10-06 10:49:52.123,27,0,0,0,0,0,0,0,1,0,1,1,0,0,0,0,0,0,1,1,0,0,0,0,0,0
CUS_0x917d,14871.095,942.2579166666668,3,1299,7,2,14,0,8.62,50,725.09,29.787950843065424,23.61909190569991,10000.0,294.47254630133665,2023-07-01,2025-10-06 10:49:52.123,17,2,1,0,0,0,0,0,1,0,0,0,1,0,0,1,0,0,0,0,0,0,0,1,0,0
CUS_0x564e,18208.19,1720.3491666666666,10,6,32,5,56,20,2.91,70,2067.33,34.788791284077305,66.01536959344403,161.23980502565252,214.77974204757007,2023-07-01,2025-10-06 10:49:52.123,17,11,1,0,1,0,0,0,0,0,1,1,0,0,0,0,0,1,0,0,0,0,0,0,1,0
CUS_0x7960,125179.95,10173.6625,4,3,9,0,17,0,1.74,60,1344.09,28.569517612394097,0.0,350.03552911358344,927.3307208864168,2023-07-01,2025-10-06 10:49:52.123,16,4,0,0,0,0,0,0,0,0,0,0,1,0,0,1,0,0,0,0,0,0,0,0,0,1
CUS_0x5451,176044.04,13654.481740693367,3,6,6,1,12,11,2.63,0,712.48,28.34793299847659,1435.1275740124483,1218.6638931235454,415.8971255039744,2023-07-01,2025-10-06 10:49:52.123,24,8,0,1,0,0,0,0,0,0,0,0,1,0,0,1,0,0,0,0,0,0,0,0,0,1
CUS_0xbd75,23338.83,2105.9025,7,5,11,0,14,18,2.01,30,404.12,25.513628052217157,0.0,139.40650100393538,361.18374899606476,2023-07-01,2025-10-06 10:49:52.123,16,5,0,0,0,0,0,0,0,0,0,0,1,0,0,0,0,0,1,0,0,0,1,0,0,0
CUS_0xc651,104428.08,8866.34,3,4,8,4,18,21,11.72,130,265.56,35.024945351669544,179.12756050146731,602.7446419077995,364.7617975907332,2023-07-01,2025-10-06 10:49:52.123,20,4,1,0,0,0,1,0,1,1,0,1,0,0,0,0,1,0,0,1,0,0,0,0,0,0
CUS_0x9c82,14450.43,1155.2025,9,6,21,9,43,20,23.96,90,3252.14,31.097503947820567,72.8128195438573,67.2764595925181,265.4309708636246,2023-07-01,2025-10-06 10:49:52.123,8,10,1,1,0,1,0,1,1,1,1,1,0,0,0,0,0,0,1,0,0,0,1,0,0,0
CUS_0x2ed0,70446.63,5900.552500000002,4,3,11,0,12,21,17.61,60,1322.25,35.17096772656673,0.0,178.8514786028947,661.2037713971054,2023-07-01,2025-10-06 10:49:52.123,17,3,0,0,0,0,0,0,0,0,0,0,1,0,0,0,0,0,1,0,1,0,0,0,0,0
CUS_0x93f4,16580.73,1332.7275,10,7,22,8,17,19,19.21,140,3019.98,37.42009111875939,81.71606948450565,84.82461055325258,256.73206996224184,2023-07-01,2025-10-06 10:49:52.123,14,4,1,1,1,0,1,1,0,1,1,1,0,0,0,0,0,1,0,0,0,0,1,0,0,0
CUS_0xc00a,36926.92,3081.2433333333333,9,5,18,2,49,16,0.7800000000000002,110,1996.15,34.98381100894518,47.07890400784423,169.4279579503122,371.6174713751769,2023-07-01,2025-10-06 10:49:52.123,14,3,1,0,0,0,0,0,0,0,1,1,0,0,0,0,0,1,0,0,0,0,0,1,0,0
CUS_0xc47b,15837.31,1019.7758333333336,8,6,16,8,54,22,18.88,120,3336.83,33.78639396383907,63.5875877889013,68.59729097203429,259.79270457239767,2023-07-01,2025-10-06 10:49:52.123,0,11,0,0,0,1,1,0,0,1,1,1,0,0,0,0,0,1,0,0,0,0,0,0,0,1
CUS_0x6da3,58961.86,4900.488333333334,2,3,8,0,9,6,9.06,30,75.14,27.53588573456632,0.0,141.10068357665781,598.9481497566755,2023-07-01,2025-10-06 10:49:52.123,33,3,0,0,0,0,0,0,0,0,0,0,1,0,0,0,0,0,1,0,1,0,0,0,0,0
CUS_0x6fb2,17277.78,1212.8149999999996,9,8,19,9,15,25,1.92,100,1774.51,41.11252379902657,72.31335765942605,34.60500039161905,294.3631419489549,2023-07-01,2025-10-06 10:49:52.123,15,3,0,1,1,1,1,0,1,1,1,1,0,0,0,0,0,1,0,0,0,0,0,1,0,0
CUS_0x9b94,71681.4,5799.45,3,6,15,1,8,8,10.44,0,1293.02,38.23451377496931,53.92351397165268,295.81189599421316,510.20959003413424,2023-07-01,2025-10-06 10:49:52.123,26,2,0,0,0,0,1,0,0,0,0,0,0,0,0,0,1,0,0,0,0,0,0,1,0,0
CUS_0x7f50,21177.51,1527.7924999999998,6,4,8,4,26,9,4.62,30,915.11,38.89895698004867,61.32687001749167,57.19864333094774,324.25373665156064,2023-07-01,2025-10-06 10:49:52.123,22,6,1,1,0,0,1,0,0,0,0,0,1,0,0,0,1,0,0,0,0,0,1,0,0,0
CUS_0x8fdd,74538.87,6280.572499999998,8,5,12,0,6,11,7.57,40,1433.43,27.28280141797563,0.0,282.9649635937617,625.0922864062383,2023-07-01,2025-10-06 10:49:52.123,22,3,0,0,0,0,0,0,0,0,0,0,1,0,0,0,1,0,0,0,0,0,0,1,0,0
CUS_0xabc1,32300.85,2739.7375,6,5,12,3,24,10,0.0,0,298.85,33.45911725364179,71.33363564953069,96.85149887850314,355.78861547196624,2023-07-01,2025-10-06 10:49:52.123,30,0,0,0,1,0,0,1,0,0,0,1,0,0,0,0,1,0,0,0,1,0,0,0,0,0
CUS_0xc1b8,59377.14,5040.095,8,3,15,7,22,13,15.84,150,1342.14,29.171621873919268,214.1651085977205,10000.0,393.34609637109014,2023-07-01,2025-10-06 10:49:52.123,13,2,1,1,0,0,1,0,1,0,0,1,0,0,0,0,1,0,0,1,0,0,0,0,0,0
CUS_0x2283,18053.32,1231.4433333333334,5,6,13,7,19,13,12.06,90,1262.85,27.230184685492507,57.00609769489359,163.17714101509114,192.96109462334863,2023-07-01,2025-10-06 10:49:52.123,7,4,0,0,1,0,1,1,0,1,1,1,0,0,0,0,0,0,1,0,0,0,1,0,0,0
CUS_0x3c51,21662.395,1616.199583333333,3,5,1,1,10,8,1.27,60,646.77,35.155230917339004,12.84127201578875,115.81351096754021,312.9651753500044,2023-07-01,2025-10-06 10:49:52.123,16,4,0,0,0,0,0,1,0,0,0,0,1,0,0,1,0,0,0,0,0,0,0,1,0,0
CUS_0xafc0,78363.06,5977.952490381934,5,5,6,4,7,8,10.37,100,25.71,27.668114768248216,787.21212614434,196.6564625014467,460.4594209722799,2023-07-01,2025-10-06 10:49:52.123,17,3,1,0,0,0,1,0,1,0,0,1,0,0,0,0,1,0,0,0,1,0,0,0,0,0
CUS_0x612e,81609.78,7084.815,5,4,4026,3,4,2,6.94,20,102.02,29.00801723203081,134.26010338575497,467.8592101051948,396.3621865090502,2023-07-01,2025-10-06 10:49:52.123,20,10,0,1,0,0,0,1,1,0,0,0,1,0,0,0,0,0,1,0,0,0,1,0,0,0
CUS_0x88e2,17434.78,1214.8983333333333,8,6,32,7,34,19,21.56,100,2765.76,33.6687045491168,73.31214663371006,79.67488650583236,248.5028001937909,2023-07-01,2025-10-06 10:49:52.123,14,6,0,1,0,0,1,1,0,0,1,1,0,0,0,0,0,1,0,0,0,0,0,1,0,0
CUS_0xbba,39561.48,3455.7900000000004,2,4,12,3,1,4,1.04,0,839.41,25.78048075214011,87.46300573983628,42.69986203486651,465.4161322252973,2023-07-01,2025-10-06 10:49:52.123,23,8,1,0,0,1,0,0,1,0,0,0,1,0,0,1,0,0,0,0,0,0,0,0,0,1
CUS_0x764f,79630.14,6689.845,3,1,3,1,3,10,11.37,0,1133.46,37.414558857422726,34.551060160051215,432.00037816882934,492.43306167111945,2023-07-01,2025-10-06 10:49:52.123,15,11,0,0,0,1,0,0,0,0,0,0,1,0,0,1,0,0,0,0,0,0,1,0,0,0
CUS_0x7a39,57813.39,4781.7825,4,4,5,5,17,9,12.96,100,288.32,33.28087350484066,216.79542409906367,613.8777845632911,377.2035485268043,2023-07-01,2025-10-06 10:49:52.123,12,4,1,0,1,1,0,0,0,1,1,1,0,0,0,0,1,0,0,0,0,0,1,0,0,0
CUS_0x6c90,52770.12,4633.51,6,1229,19,5,61,26,17.9,140,3958.71,37.03941040080885,191.85225729663068,42.88452674902508,468.61421595434416,2023-07-01,2025-10-06 10:49:52.123,14,4,0,0,1,0,0,1,1,1,0,1,0,0,0,0,0,1,0,0,0,1,0,0,0,0
CUS_0xc5a4,18771.66,1844.305,9,5,31,8,59,26,9.1,130,4702.91,25.450036859696606,73.8197363896414,80.74521431259616,319.86554929776247,2023-07-01,2025-10-06 10:49:52.123,2,4,1,0,1,0,1,1,0,0,1,1,0,0,0,0,0,1,0,0,0,0,1,0,0,0
CUS_0x2f7b,15451.69,1271.6408333333334,6,7,19,6,11,10,19.55,80,1620.67,36.993767235020925,40.91557147568817,101.167158579826,265.0813532778192,2023-07-01,2025-10-06 10:49:52.123,13,2,0,1,0,1,0,1,0,0,1,1,0,0,0,0,1,0,0,0,0,0,0,1,0,0
CUS_0x6c52,100241.67,8121.4725,8,5,10,4,20,14,1.8,30,209.63,41.95053049782286,260.6081050358188,72.39262087859242,719.1465240855887,2023-07-01,2025-10-06 10:49:52.123,21,11,1,1,0,0,1,1,0,0,0,0,1,0,0,1,0,0,0,0,0,1,0,0,0,0
CUS_0x327d,17122.37,1183.8641666666665,7,5,12,2,14,16,8.52,90,1663.18,31.51460469636271,21.15095856322389,63.97170457529865,323.2637535281441,2023-07-01,2025-10-06 10:49:52.123,11,9,1,0,0,0,0,0,1,0,0,1,0,0,0,0,1,0,0,0,0,0,1,0,0,0
CUS_0x49b5,25608.99,1944.0825,8,6,8,3,25,18,10.39,50,238.44,29.67930165939973,50.15524804200507,76.45881489887155,327.7941870591234,2023-07-01,2025-10-06 10:49:52.123,29,6,0,0,1,0,1,1,0,0,0,1,0,0,0,0,1,0,0,1,0,0,0,0,0,0
CUS_0xc007,38643.04,3506.2533333333336,2,3,10,3,5,10,7.58,60,581.74,34.459703950963764,82.85931789139066,414.72579824783935,143.04021719410332,2023-07-01,2025-10-06 10:49:52.123,28,2,0,0,0,0,1,0,1,0,1,0,0,0,0,0,0,0,1,0,0,0,0,0,0,1
CUS_0x1c79,14283.665,944.3054166666668,6,4,9,4,24,8,7.6,30,1225.88,27.646527468738693,33.68791294124324,10000.0,272.81267498557133,2023-07-01,2025-10-06 10:49:52.123,22,11,0,1,1,0,0,0,0,1,1,0,1,0,0,0,1,0,0,0,1,0,0,0,0,0
CUS_0x2df8,10240.42,937.3683333333332,10,9,23,9,44,23,9.13,100,1445.23,25.75571774060243,42.97441839977928,78.30573577771932,262.4566791558348,2023-07-01,2025-10-06 10:49:52.123,7,8,1,0,1,1,0,1,0,1,0,1,0,0,0,0,0,1,0,0,0,0,0,0,0,1
CUS_0x7c6,7284.94,407.07833333333326,9,10,26,7,38,23,4.2,130,2308.2,33.71933067919098,54221.0,22.20171103542963,236.20339684830802,2023-07-01,2025-10-06 10:49:52.123,15,8,0,1,1,0,1,0,1,0,0,1,0,0,0,0,0,1,0,1,0,0,0,0,0,0
CUS_0xbca1,31968.28,2620.023333333333,7,10,23,0,21,21,4.87,130,3899.38,30.639962193942186,83.82911108719749,126.0925379618825,312.0806842842533,2023-07-01,2025-10-06 10:49:52.123,11,3,1,0,0,1,1,0,0,1,0,1,0,0,0,0,0,1,0,1,0,0,0,0,0,0
CUS_0x41fc,27323.11,2111.925833333333,4,6,10,0,6,12,7.17,50,1202.4,23.40416463394793,28.35762469818307,280.37985063176745,192.45510800338283,2023-07-01,2025-10-06 10:49:52.123,12,2,0,0,1,0,0,0,1,0,0,1,0,0,0,0,1,0,0,0,0,0,1,0,0,0
CUS_0xd25,139291.92,11560.660000000002,0,7,7,3,14,4,5.47,30,281.26,26.681028771312143,230.469809845374,280.38698720461343,885.2092029500128,2023-07-01,2025-10-06 10:49:52.123,18,3,0,0,0,0,0,1,0,1,1,0,1,0,0,1,0,0,0,0,0,0,0,0,0,1
CUS_0x13f6,152252.24,11346.170878223316,2,4,1,2,14,4,6.5,60,522.89,38.06384213277262,1568.862242170566,309.51105745956835,998.4111554798848,2023-07-01,2025-10-06 10:49:52.123,31,3,0,0,0,0,1,0,0,0,1,0,0,0,0,1,0,0,0,0,1,0,0,0,0,0
CUS_0x3ddc,23211.26,2136.2716666666665,7,5,10,3,24,16,15.14,10,361.52,26.31877986431436,42.5577176923064,85.35596488483058,355.71348408952963,2023-07-01,2025-10-06 10:49:52.123,25,5,1,0,0,1,0,0,0,0,0,1,0,0,0,0,1,0,0,0,0,0,0,0,1,0
CUS_0x543f,51824.94,4417.745,6,7,26,8,33,22,2.63,80,2958.02,33.65354735784949,21784.0,121.33197037963552,312.783075149615,2023-07-01,2025-10-06 10:49:52.123,7,10,1,0,0,0,0,1,1,1,1,1,0,0,0,0,0,0,1,0,1,0,0,0,0,0
CUS_0x5fbf,8779.145,507.59541666666667,10,6,32,0,27,23,3.33,130,1636.23,30.190510848362194,32.4064284186908,32.66010128103164,275.69301196694425,2023-07-01,2025-10-06 10:49:52.123,8,6,1,1,0,0,0,1,1,1,0,1,0,0,0,0,0,0,1,0,0,0,1,0,0,0
CUS_0x8783,35793.61,2982.800833333333,7,6,18,1,21,15,12.06,80,720.19,25.861790647277736,28.212690435326863,200.08703331670014,329.9803595813063,2023-07-01,2025-10-06 10:49:52.123,21,6,0,0,0,0,1,0,0,0,0,1,0,0,0,0,1,0,0,1,0,0,0,0,0,0
CUS_0x981,24042.68,2223.5566666666664,5,3,20,1,31,11,10.47,40,1006.1,38.69248966355674,12.664581148671756,52.03158511357852,397.65950040441635,2023-07-01,2025-10-06 10:49:52.123,30,6,1,0,0,0,0,0,0,0,0,0,1,0,0,0,1,0,0,0,0,1,0,0,0,0
CUS_0x7551,10353.13,677.7608333333333,7,5,34,8,54,25,3.5,110,2237.99,38.39899741633979,55.30319447364891,27.44456568243361,275.0283231772508,2023-07-01,2025-10-06 10:49:52.123,20,3,0,1,1,0,0,1,1,1,0,0,0,0,0,0,0,1,0,0,0,0,1,0,0,0
CUS_0x51d4,102131.04,8631.92,5,5,10,0,23,11,8.81,60,27.19,33.68838125413859,0.0,118.83879065409141,994.3532093459087,2023-07-01,2025-10-06 10:49:52.123,30,5,0,0,0,0,0,0,0,0,0,0,1,0,0,0,1,0,0,0,0,0,0,0,0,1
CUS_0x7494,58609.64,4763.136666666666,1,2,3,3,8,1,2.02,30,760.97,37.4094253329388,140.97657533860215,181.39272916758583,413.9443621604786,2023-07-01,2025-10-06 10:49:52.123,30,11,0,1,0,1,0,0,0,0,0,0,1,0,0,1,0,0,0,1,0,0,0,0,0,0
CUS_0x366b,71558.72,6058.2266666666665,9,10,16,8,45,19,28.35,80,4519.22,41.08805364210494,294.64334024462306,266.48955160250455,304.6897748195391,2023-07-01,2025-10-06 10:49:52.123,6,5,1,1,1,0,1,0,1,1,1,1,0,0,0,0,0,1,0,1,0,0,0,0,0,0
CUS_0x45bd,80213.4,6919.45,3,3,8,3,14,6,8.61,70,792.61,27.861060199891487,200.3507017241513,131.68094450060906,418.11594926434236,2023-07-01,2025-10-06 10:49:52.123,31,8,0,0,1,0,0,0,1,0,1,0,1,0,0,1,0,0,0,0,0,0,0,1,0,0
CUS_0x6092,13347.835,1064.3195833333332,5,7,19,2,9,19,18.66,40,536.5,29.875021670071405,15.75804685932174,10000.0,284.9894207148475,2023-07-01,2025-10-06 10:49:52.123,22,10,0,1,1,0,0,0,0,0,0,0,0,0,0,0,1,0,0,0,0,0,1,0,0,0
CUS_0x7bf,17464.64,1720.3866666666663,6,5,5,7,18,12,16.89,90,289.05,37.544905316919206,72.5815541070454,20.908671254030786,328.54844130559053,2023-07-01,2025-10-06 10:49:52.123,18,10,1,0,0,0,0,1,1,1,1,1,0,0,0,0,1,0,0,0,1,0,0,0,0,0
CUS_0xac67,19753.22,1520.101666666667,6,6,25,8,44,18,0.0,110,4121.29,22.43099393426828,111.03763577768277,177.27232476301393,153.70020612596997,2023-07-01,2025-10-06 10:49:52.123,13,8,1,1,0,1,1,1,0,0,1,1,0,0,0,0,0,1,0,0,0,0,1,0,0,0
CUS_0x26a9,15155.01,1465.1631344336106,8,9,21,7,19,22,7.7,110,2525.42,37.14303745914586,71.64548508427461,109.46358168057976,245.03704880153492,2023-07-01,2025-10-06 10:49:52.123,16,6,1,1,0,0,1,1,1,0,0,1,0,0,0,0,0,1,0,0,0,0,0,0,1,0
CUS_0x7a0b,46650.9,4031.575,8,7,33,0,39,12,26.04,90,3555.25,23.05812702518959,207.5520164162349,65.13109458752564,380.4743889962394,2023-07-01,2025-10-06 10:49:52.123,12,2,1,0,1,1,1,0,1,1,0,1,0,0,0,0,0,0,1,0,1,0,0,0,0,0
CUS_0xc2ba,10062.445,941.5370833333332,7,5,4034,1,21,18,12.69,20,954.97,37.97753682208202,7.424568179782151,119.34819481366137,257.3809453398898,2023-07-01,2025-10-06 10:49:52.123,29,1,0,0,0,0,0,0,1,0,0,1,0,0,0,0,1,0,0,0,0,0,1,0,0,0
CUS_0x8f45,4156013.0,1504.0566666666666,7,4,17,1,26,10,2.26,60,274.91,28.802033935088488,9.801338745218944,106.5663368313662,324.0379910900815,2023-07-01,2025-10-06 10:49:52.123,25,8,0,0,0,0,0,0,0,0,1,1,0,0,0,0,1,0,0,0,0,0,1,0,0,0
CUS_0xb9e0,56580.63,4660.0525,6,5,23,2,19,9,14.98,120,1784.38,28.76208738615809,92.73864405350108,84.65245330395716,548.6141526425416,2023-07-01,2025-10-06 10:49:52.123,6,8,0,1,0,1,0,0,0,0,0,1,0,0,0,0,1,0,0,1,0,0,0,0,0,0
CUS_0x13b0,73417.48,6001.123333333332,7,4,20,4,30,19,14.53,50,2402.05,29.14792309020114,163.71305645623784,101.07830646433807,575.3209704127573,2023-07-01,2025-10-06 10:49:52.123,11,11,0,1,0,0,0,0,1,0,1,1,0,0,0,0,1,0,0,0,0,1,0,0,0,0
CUS_0x6ada,44280.31,3873.025833333333,4,3,8,2,15,1,7.23,40,1046.3,35.01624765817038,72.68864732520152,70.94872433545952,493.66521167267234,2023-07-01,2025-10-06 10:49:52.123,24,2,0,0,1,0,0,1,0,0,0,0,1,0,0,1,0,0,0,0,1,0,0,0,0,0
CUS_0x3d64,19493.51,1662.4591666666663,6,10,26,0,46,3900,16.19,80,1783.34,36.02608786225991,21.854407613533,27.86208087650125,366.5294281766324,2023-07-01,2025-10-06 10:49:52.123,14,9,1,0,0,0,1,0,0,0,0,1,0,0,0,0,0,1,0,0,1,0,0,0,0,0
CUS_0x9dbe,86255.8,7427.983333333334,1363,6,19,2,23,9,13.53,60,875.22,28.76955625628922,10269.0,179.6385099021954,698.6253219801332,2023-07-01,2025-10-06 10:49:52.123,13,9,0,0,1,0,0,0,0,1,0,1,0,0,0,0,1,0,0,0,0,1,0,0,0,0
CUS_0xa0f3,25573.07,1948.0891666666664,8,6,11,4,8,14,6.87,70,477.2,22.93721866392369,52.24177407993625,10000.0,296.69810887183064,2023-07-01,2025-10-06 10:49:52.123,17,11,0,1,0,0,0,0,1,1,0,0,1,0,0,1,0,0,0,0,0,0,1,0,0,0
CUS_0x8ad9,49570.5,4335.875,6,8,24,4,19,21,4.86,80,1697.98,32.41783229862316,130.63491905089842,157.9615084706644,434.9910724784372,2023-07-01,2025-10-06 10:49:52.123,11,6,0,0,1,1,1,0,0,0,1,1,0,0,0,0,0,1,0,0,0,0,1,0,0,0
CUS_0x942a,37824.65,3208.054166666667,5,2,3,3,4,8,2.78,50,69.84,37.44304966034407,67.56184427558624,45.398514131684635,457.84505825939584,2023-07-01,2025-10-06 10:49:52.123,27,10,0,0,1,1,1,0,0,0,0,0,1,0,0,1,0,0,0,0,1,0,0,0,0,0
CUS_0x7837,33343.64,3042.6366666666668,7,10,23,6,44,24,0.56,130,4997.1,31.88809385500008,88.3611816441119,232.59182341122016,253.31066161133458,2023-07-01,2025-10-06 10:49:52.123,0,9,0,1,0,1,0,0,1,1,0,1,0,0,0,0,0,0,1,0,0,0,0,0,1,0
CUS_0x3992,9385.19,1061.0991666666666,8,9,30,0,24,19,19.21,170,2430.27,33.33833473690952,30.888093929443173,51.25399135657354,313.96783138065,2023-07-01,2025-10-06 10:49:52.123,7,0,1,0,0,1,1,1,0,0,0,1,0,0,0,0,0,1,0,0,0,0,1,0,0,0
CUS_0x5848,73623.22,5919.2683333333325,5,3,5,2,11,10,16.52,40,74.48,35.327036210033434,91.92554900647986,791.6322588134942,468.67241846634784,2023-07-01,2025-10-06 10:49:52.123,32,2,0,0,0,1,0,0,0,0,1,0,1,0,0,1,0,0,0,0,0,0,1,0,0,0
CUS_0x870d,9546.425,739.5354166666666,7,3,5,6,28,15,14.11,80,1938.11,37.45853091227712,45.31099029663103,10000.0,247.21486012269932,2023-07-01,2025-10-06 10:49:52.123,11,5,0,0,1,1,1,0,0,1,1,1,0,0,0,0,1,0,0,0,0,0,1,0,0,0
CUS_0x87b6,10024.955,941.4129166666668,4,4,11,7,21,20,15.03,70,1157.35,30.280679273199915,47.27915849228693,94.01621173645322,242.84592143792656,2023-07-01,2025-10-06 10:49:52.123,19,6,1,0,1,1,0,0,1,1,1,1,0,0,0,0,1,0,0,0,0,0,1,0,0,0
CUS_0x8bd6,18964.73,1571.394166666667,7,7,33,3,22,20,9.04,90,1506.93,34.950121311606324,28.228425389302984,93.60892434549231,325.30206693187137,2023-07-01,2025-10-06 10:49:52.123,9,2,0,1,0,0,1,0,0,0,0,1,0,0,0,0,0,0,1,0,0,0,0,0,0,1
CUS_0xa05f,125508.36,10559.03,2,3,5,4,7,8,3.57,30,505.14,42.735773919112376,305.30283503273625,443.1330641285723,557.4671008386914,2023-07-01,2025-10-06 10:49:52.123,33,3,1,0,0,0,0,1,0,0,1,0,1,0,0,0,0,0,1,0,1,0,0,0,0,0
CUS_0x28a7,69502.12,5735.843333333332,3,7,17,2,15,9,7.86,100,1065.78,40.59266313810295,96.18121645373952,109.24797890689838,608.1551379726955,2023-07-01,2025-10-06 10:49:52.123,30,10,0,0,0,1,1,0,0,0,0,1,0,0,0,0,1,0,0,0,0,1,0,0,0,0
CUS_0xacd6,83245.14,7037.095,2,3,8,1,7,5,5.4700000000000015,90,1229.4,29.883207117470388,67.69217500991742,297.17352007908147,588.8438049110011,2023-07-01,2025-10-06 10:49:52.123,21,0,0,0,0,0,0,1,0,0,0,0,1,0,0,1,0,0,0,0,1,0,0,0,0,0
CUS_0xd39,90592.02,7433.335,4,7,18,4,27,20,19.11,80,831.18,30.73950978662966,154.43297303423154,97.51629432931709,741.3842326364514,2023-07-01,2025-10-06 10:49:52.123,17,3,1,0,1,0,0,1,0,0,0,1,0,0,0,0,1,0,0,0,1,0,0,0,0,0
CUS_0x28d8,179193.76,14867.813333333335,5,3,8,1,1,5,6.85,50,449.65,29.947014867492666,83.41729150120369,603.8099775902358,1079.5540642418941,2023-07-01,2025-10-06 10:49:52.123,21,10,0,0,0,0,0,0,0,0,1,0,1,0,0,1,0,0,0,0,0,0,0,1,0,0
CUS_0x997a,45366.27,3481.5225000000005,9,9,19,5,55,25,15.67,120,3428.08,31.431471198716263,112.30061488103264,48.304208456125316,427.54742666284216,2023-07-01,2025-10-06 10:49:52.123,2,6,1,0,0,1,0,0,1,1,1,1,0,0,0,0,0,0,1,0,0,1,0,0,0,0
CUS_0x5488,43419.77,3321.314166666666,4,6,6,2,5,8,3.3,30,158.54,39.68294354125226,53.4156397166188,267.71179566892584,291.00398128112204,2023-07-01,2025-10-06 10:49:52.123,31,9,0,0,0,1,0,1,0,0,0,0,1,0,0,1,0,0,0,0,0,0,0,0,0,1
CUS_0x6a1a,12948.695,1297.0579166666666,6,7,5,4,27,10,15.73,80,1361.45,31.53915339225384,30.780533580477467,102.07923370818665,276.84602437800254,2023-07-01,2025-10-06 10:49:52.123,24,10,0,1,1,0,0,0,0,1,1,1,0,0,0,0,1,0,0,0,0,0,0,1,0,0
CUS_0x7893,97050.75,7950.5625,3,4,10,4,9,20,3.86,30,1361.61,28.90651056582479,235.81109348873244,93.81380836717905,635.5793027564998,2023-07-01,2025-10-06 10:49:52.123,28,2,1,0,0,0,0,0,0,1,1,0,1,0,0,0,1,0,0,0,0,0,0,0,0,1
CUS_0x2f59,44667.5,3545.291666666666,5,6,18,4,10,8,19.79,100,1148.67,23.618368628935823,148.45254432992184,77.44245684742823,378.6341654893166,2023-07-01,2025-10-06 10:49:52.123,19,2,1,1,0,0,0,1,0,0,0,0,0,0,0,0,1,0,0,0,1,0,0,0,0,0
CUS_0x374a,35176.5,2815.375,4,5,8,4,28,20,3.74,40,234.65,38.31960335204365,104.70442707047278,190.961009543532,255.8720633859953,2023-07-01,2025-10-06 10:49:52.123,16,2,1,0,0,1,1,0,1,0,0,1,0,0,0,0,1,0,0,0,0,0,0,0,1,0
CUS_0x6669,19466.45,1899.2041666666669,8,10,19,8,48,21,31.07,130,3368.01,24.4462051028316,25530.0,55.69026747954958,347.4935835672453,2023-07-01,2025-10-06 10:49:52.123,13,0,0,1,1,1,1,0,0,1,1,1,0,0,0,0,0,1,0,0,0,0,0,1,0,0
CUS_0x5dd6,48302.48,4325.206666666667,4,4,10,1,9,16,7.55,10,843.74,30.98035850643776,35.748675313338154,150.81324041441724,495.95875093891135,2023-07-01,2025-10-06 10:49:52.123,24,4,0,0,0,0,0,0,0,1,0,1,0,0,0,0,0,0,1,0,1,0,0,0,0,0
CUS_0xa008,38047.31,2891.609166666666,4,2,12,0,3,6,12.53,10,273.5,32.19218059224888,0.0,108.58215871567975,440.57875795098687,2023-07-01,2025-10-06 10:49:52.123,15,10,0,0,0,0,0,0,0,0,0,0,1,0,0,1,0,0,0,1,0,0,0,0,0,0
CUS_0x2038,29818.78,2257.898333333333,4,4,7,2,8,3,5.99,60,702.2,32.05173167167294,45.97729868724507,53.10730365098397,386.7052309951043,2023-07-01,2025-10-06 10:49:52.123,31,10,0,0,1,0,0,1,0,0,0,0,1,0,0,1,0,0,0,1,0,0,0,0,0,0
CUS_0x24f8,20562.56,1651.5466666666669,5,6,31,2,24,13,11.16,90,2491.07,39.43457724253761,28.588769331082183,112.01593751301172,294.5499598225728,2023-07-01,2025-10-06 10:49:52.123,11,3,0,0,1,0,1,0,0,0,0,1,0,0,0,0,1,0,0,0,0,0,0,0,1,0
CUS_0x317e,62008.35000000001,5256.3625,10,7,21,3,44,16,11.31,120,2360.12,38.831374154833405,127.3921470520096,341.19426997097236,327.049832977018,2023-07-01,2025-10-06 10:49:52.123,9,11,0,0,1,0,1,0,0,0,0,1,0,0,0,0,1,0,0,0,0,0,0,0,0,1
CUS_0x99d9,19850.31,1688.1925,6,7,15,5,45,2810,6.57,150,3531.0,32.19070524547669,74.86545482818141,18.68086391713197,315.2729312546866,2023-07-01,2025-10-06 10:49:52.123,14,5,0,0,1,0,1,0,0,1,1,1,0,0,0,0,0,0,1,0,0,1,0,0,0,0
CUS_0x5f0f,19183.53,1620.6274999999996,4,6,27,7,24,10,9.12,90,2621.47,32.80514484161321,69.41294008732692,87.9043419575536,274.74546795511947,2023-07-01,2025-10-06 10:49:52.123,10,10,1,0,0,1,1,0,1,0,0,1,0,0,0,0,1,0,0,0,0,0,0,0,1,0
CUS_0x6d3c,29167.68,1962.431749830456,8,9,21,3,40,24,17.6,80,2091.98,34.52445682268071,225.82771728172503,124.73706900853058,299.5074638792888,2023-07-01,2025-10-06 10:49:52.123,12,4,0,1,1,0,0,0,0,1,0,0,0,0,0,0,0,0,1,1,0,0,0,0,0,0
CUS_0x7f9c,35452.34,3209.361666666666,7,6,12,2,25,14,19.97,70,1442.31,26.11450822525388,46.37675344123117,130.77552947025558,403.78388375517983,2023-07-01,2025-10-06 10:49:52.123,16,3,0,0,0,0,0,1,1,0,0,1,0,0,0,0,1,0,0,1,0,0,0,0,0,0
CUS_0x5aaa,133236.36,11042.03,3,3,1,3,3,12,2.6999999999999997,50,826.77,38.68041841519512,251.02252043834977,73.01022569670624,1020.170253864944,2023-07-01,2025-10-06 10:49:52.123,29,3,0,0,0,0,0,1,1,0,1,0,1,0,0,0,0,0,1,0,0,1,0,0,0,0
CUS_0x62cf,19399.32,1680.61,10,7,27,7,41,16,6.04,130,2443.94,24.617776193032004,98.0477170097603,79.82714111222916,260.18614187801046,2023-07-01,2025-10-06 10:49:52.123,11,9,0,0,0,1,0,1,0,1,1,1,0,0,0,0,0,0,1,0,0,0,0,0,1,0
CUS_0x5046,29901.97,2462.830833333333,3,4,7,2,15,9,1.07,10,319.85,27.57786867374673,42.43430890767929,81.53026410330759,382.31851032234647,2023-07-01,2025-10-06 10:49:52.123,22,2,0,0,0,0,0,0,0,0,1,0,1,0,0,0,0,0,1,1,0,0,0,0,0,0
CUS_0xb9a2,59375.22,4734.935,3,4,5,4,7,5,7.33,0,947.54,34.78026758313504,116.8332019412456,257.58882564538044,359.071472413374,2023-07-01,2025-10-06 10:49:52.123,25,3,0,0,1,0,0,1,1,0,1,0,1,0,0,1,0,0,0,1,0,0,0,0,0,0
CUS_0x3420,11482.565,1128.8804166666666,4,3,10,3,18,18,2.05,70,517.07,39.20097689559825,15.370862725615847,32.08959008913772,315.4275888519132,2023-07-01,2025-10-06 10:49:52.123,15,11,0,0,0,1,0,1,0,0,1,0,0,0,0,0,0,0,1,0,1,0,0,0,0,0
CUS_0x4dd1,57302.3,3896.514393677528,3,5,12,0,3,1,5.67,40,502.73,25.24654860269392,604.6772729891393,363.03661154565435,357.08255512101226,2023-07-01,2025-10-06 10:49:52.123,27,0,0,0,0,0,0,0,0,0,0,0,0,0,0,1,0,0,0,0,0,0,0,0,1,0
CUS_0x2d98,52266.76,3844.9098762535073,8,6,11,3,11,21,10.8,80,140.69,35.232076828272604,567.039782718465,64.45993025370443,511.81007744099037,2023-07-01,2025-10-06 10:49:52.123,16,10,1,0,0,0,0,0,1,0,1,1,0,0,0,0,1,0,0,0,0,1,0,0,0,0
CUS_0x6f84,60238.56,4907.88,10,8,17,7,54,18,5.97,100,1825.6,23.224599790272432,302.40650067619214,246.43932111139333,211.94217821241455,2023-07-01,2025-10-06 10:49:52.123,10,5,1,0,1,1,1,0,1,1,1,1,0,0,0,0,0,1,0,0,0,0,0,0,1,0
