Customer_ID,Annual_Income,Monthly_Inhand_Salary,Num_Bank_Accounts,Num_Credit_Card,Interest_Rate,Num_of_Loan,Delay_from_due_date,Num_of_Delayed_Payment,Changed_Credit_Limit,Num_Credit_Inquiries,Outstanding_Debt,Credit_Utilization_Ratio,Total_EMI_per_month,Amount_invested_monthly,Monthly_Balance,snapshot_date,_ingested_at_utc,credit_history_age_year,credit_history_age_month,mortgage_loan,auto_loan,credit_builder_loan,personal_loan,not_specified,student_loan,home_equity_loan,payday_loan,debt_consolidation_loan,ohe__payment_of_min_amount__yes,ohe__payment_of_min_amount__no,ohe__payment_of_min_amount__nm,ohe__payment_of_min_amount__unknown,ohe__credit_mix__good,ohe__credit_mix__standard,ohe__credit_mix__bad,ohe__credit_mix__unknown,ohe__payment_behaviour__high_spent_small_value_payments,ohe__payment_behaviour__high_spent_medium_value_payments,ohe__payment_behaviour__high_spent_large_value_payments,ohe__payment_behaviour__low_spent_small_value_payments,ohe__payment_behaviour__low_spent_medium_value_payments,ohe__payment_behaviour__low_spent_large_value_payments,ohe__payment_behaviour__unknown
CUS_0x2484,29625.82,2559.818333333333,3,4,11,4,27,19,17.74,40,1042.61,33.741704761247284,92.11623115792368,180.43221474118687,273.43338743422265,2024-04-01,2025-10-06 10:51:26.791,7,0,0,1,0,1,0,0,0,1,1,1,0,0,0,0,1,0,0,0,0,0,1,0,0,0
CUS_0x7879,91965.39,7877.7825,4,2,7,3,0,0,2.11,50,188.21,31.31584043558217,210.9546515462873,169.12545623810595,657.6981422156068,2024-04-01,2025-10-06 10:51:26.791,27,4,0,1,0,0,0,0,1,0,0,0,1,0,0,1,0,0,0,0,1,0,0,0,0,0
CUS_0x7993,61695.68,5230.306666666666,1,4,2,3,0,0,5.77,80,654.6,32.24111735046547,101.18262565181712,93.60248954162395,568.2455514732255,2024-04-01,2025-10-06 10:51:26.791,33,6,0,0,1,0,0,1,0,0,1,0,1,0,0,1,0,0,0,0,0,1,0,0,0,0
CUS_0x8fb8,9916.865,1073.4054166666665,8,7,34,4,19,25,2.98,80,1968.73,25.07923610746913,18.53067554558929,58.814785093065,319.9950810280124,2024-04-01,2025-10-06 10:51:26.791,6,5,0,0,1,1,0,0,0,0,0,1,0,0,0,0,0,1,0,0,0,0,1,0,0,0
CUS_0xa22b,88062.28,7411.523333333333,4,3,1,0,4,0,16.35,0,404.44,35.27392530659222,0.0,159.88158533695082,821.2707479963826,2024-04-01,2025-10-06 10:51:26.791,32,9,0,0,0,0,0,0,0,0,0,0,0,0,0,1,0,0,0,0,0,1,0,0,0,0
CUS_0x3821,16365.59,1089.799166666667,7,7,12,4,13,21,15.47,10,875.32,24.73607896117894,31.374255987550267,27.67703182705935,309.9286288520571,2024-04-01,2025-10-06 10:51:26.791,18,8,0,1,1,0,0,1,0,0,0,1,0,0,0,0,1,0,0,1,0,0,0,0,0,0
CUS_0x75e3,14147.38,1091.9483333333333,7,1242,30,0,60,17,7.54,120,2684.85,25.54134469773552,25.78757345986844,146.4674643170048,226.93979555646007,2024-04-01,2025-10-06 10:51:26.791,19,11,0,0,0,1,0,1,0,1,0,1,0,0,0,0,0,0,1,0,0,0,1,0,0,0
CUS_0xa3df,33669.54,2341.1142527859306,5,6,3,2,13,4,8.14,80,741.68,37.30766697984321,284.7177242125605,344.382570455148,148.7599525463608,2024-04-01,2025-10-06 10:51:26.791,27,8,0,1,0,1,0,0,0,0,0,0,1,0,0,1,0,0,0,0,0,0,1,0,0,0
CUS_0x2ced,10987.935,1103.66125,4,4,3,4,9,8,9.68,60,1384.32,23.230006719491247,51846.0,60.05480201783102,315.15403666381474,2024-04-01,2025-10-06 10:51:26.791,32,2,0,0,1,1,0,1,0,1,0,0,1,0,0,1,0,0,0,0,0,0,1,0,0,0
CUS_0x7284,16242.68,1539.5566666666666,10,10,28,2,62,14,9.52,120,1382.53,34.32083539992516,24.682684659920834,62.92813677047682,326.344845236269,2024-04-01,2025-10-06 10:51:26.791,6,8,1,0,0,0,1,0,0,0,0,1,0,0,0,0,1,0,0,1,0,0,0,0,0,0
CUS_0xadeb,41417.04,3439.42,7,5,18,4,18,18,7.13,60,1486.49,34.57295079737432,122.50388352856292,229.55239005984424,251.88572641159286,2024-04-01,2025-10-06 10:51:26.791,14,9,1,1,1,1,0,0,0,0,0,1,0,0,0,0,1,0,0,1,0,0,0,0,0,0
CUS_0xb09,146310.68,12124.556666666664,5,4,9,1,3,5,11.48,60,928.28,31.69506449588186,72.2501245772269,283.31399544329355,1096.891546646146,2024-04-01,2025-10-06 10:51:26.791,22,8,0,0,0,0,0,0,0,0,1,0,0,0,0,1,0,0,0,0,0,1,0,0,0,0
CUS_0x4fb8,31795.08,2320.5947110633765,10,5,23,7,33,16,6.05,110,2053.98,32.529430679053185,360.7688775599901,136.39242367394777,228.29298770268585,2024-04-01,2025-10-06 10:51:26.791,8,5,0,1,0,0,1,1,0,1,0,1,0,0,0,0,0,1,0,0,0,0,0,1,0,0
CUS_0x8858,114695.44,9612.953333333331,2,7,4,4,21,4,4.98,10,1016.14,30.2357039642464,350.74418785823354,221.45764182183262,629.0935036532671,2024-04-01,2025-10-06 10:51:26.791,29,3,0,0,0,1,1,1,0,0,1,0,1,0,0,0,0,0,1,0,0,1,0,0,0,0
CUS_0xbd5,105870.6,8763.550000000001,7,3,5,4,30,13,0.0,70,1174.48,31.94683530569931,205.6522687340922,620.3748363691195,340.3278948967884,2024-04-01,2025-10-06 10:51:26.791,24,3,0,0,0,1,1,1,0,0,1,1,0,0,0,0,1,0,0,0,0,0,1,0,0,0
CUS_0xc07c,76887.92,6445.326666666668,8,7,25,2,24,19,3.64,80,2485.99,40.707963096861576,78.62692676686831,110.91820737010117,694.9875325296973,2024-04-01,2025-10-06 10:51:26.791,9,5,0,0,0,0,0,0,0,1,0,1,0,0,0,0,0,1,0,0,0,1,0,0,0,0
CUS_0x6cb3,16069.44,1311.12,3,4,20,2,30,12,16.57,90,2550.25,36.19204889992426,21.9322075409998,40.38478979475382,328.7950026642464,2024-04-01,2025-10-06 10:51:26.791,18,8,0,1,0,0,0,0,0,0,1,1,0,0,0,0,1,0,0,1,0,0,0,0,0,0
CUS_0x2b11,112270.59,9138.8825,4,3,5,3,14,9,1.6,50,409.62,33.514899956889984,219.10421108636945,10000.0,317.91259760097313,2024-04-01,2025-10-06 10:51:26.791,17,9,0,0,1,1,0,0,0,0,1,0,1,0,0,1,0,0,0,0,0,0,0,1,0,0
CUS_0x4068,102137.1,8795.425,5,5,8,0,12,20,1.15,50,401.69,31.07537317585505,0.0,303.7363515847018,825.8061484152981,2024-04-01,2025-10-06 10:51:26.791,28,6,0,0,0,0,0,0,0,0,0,0,1,0,0,1,0,0,0,0,1,0,0,0,0,0
CUS_0xa015,9122.945,748.3301600902928,7,5,29,8,40,20,28.55,160,4167.46,28.72199411560877,58.77986614172878,33.93222257338149,283.02770952793026,2024-04-01,2025-10-06 10:51:26.791,1,9,1,1,1,0,1,0,0,1,0,0,0,0,0,0,0,1,0,0,0,0,0,0,0,1
CUS_0x3040,7056.405,486.03375,4,3,30,4,22,14,14.06,110,2570.42,41.33587816299227,16.372292852957088,17.65007860015871,294.5810035468842,2024-04-01,2025-10-06 10:51:26.791,16,6,1,1,0,0,0,1,1,0,0,1,0,0,0,0,1,0,0,0,0,0,0,1,0,0
CUS_0x3606,164189.48,13485.456666666669,5,3,9,1,12,13,11.56,10,993.17,34.668482833677025,37303.0,269.708315148425,1256.131485556204,2024-04-01,2025-10-06 10:51:26.791,26,10,0,0,0,0,0,1,0,0,0,0,1,0,0,0,0,0,1,0,1,0,0,0,0,0
CUS_0x737a,142277.72,12004.476666666667,3,4,6,0,13,10,0.8199999999999998,11650,324.6,32.604985757057044,0.0,629.8496778602058,830.5979888064608,2024-04-01,2025-10-06 10:51:26.791,20,0,0,0,0,0,0,0,0,0,0,0,1,0,0,0,0,0,1,1,0,0,0,0,0,0
CUS_0xc04,17222.53,1697.210833333333,8,4,18,83,10,19,12.38,50,1163.47,26.90294833520464,24276.0,65.70673255627148,364.01435077706185,2024-04-01,2025-10-06 10:51:26.791,28,11,0,0,0,0,0,0,0,0,0,1,0,0,0,0,1,0,0,1,0,0,0,0,0,0
CUS_0x1343,125280.36,10704.03,0,5,3,4,2,5,11.69,0,1388.43,32.426284137939646,305.722776200006,145.34336201210874,859.3368617878853,2024-04-01,2025-10-06 10:51:26.791,22,3,1,0,0,0,0,1,1,0,1,0,1,0,0,1,0,0,0,0,0,1,0,0,0,0
CUS_0x1628,17446.07,1245.8391666666666,6,7,15,7,20,20,7.23,80,2239.2,23.459631480359725,73.0994173839119,113.6611442061258,227.82335507662896,2024-04-01,2025-10-06 10:51:26.791,15,3,1,1,0,1,1,0,1,1,0,1,0,0,0,0,1,0,0,0,0,0,1,0,0,0
CUS_0x29d5,133547.25,11322.9375,0,4,7,1,7,3,8.36,10,323.83,38.68306521029151,104.01627625204785,1021.7219380083367,276.5555357396156,2024-04-01,2025-10-06 10:51:26.791,33,5,0,0,0,0,0,0,0,0,1,0,1,0,0,1,0,0,0,0,0,0,0,0,1,0
CUS_0xa411,8744.865,693.73875,10,5,15,5,58,18,15.31,130,3592.75,24.36855699013956,27.76584095680864,41.00675692768096,280.6012771155104,2024-04-01,2025-10-06 10:51:26.791,6,8,0,1,1,0,0,1,0,1,1,1,0,0,0,0,0,0,1,0,0,0,0,1,0,0
CUS_0x21e9,43335.48,3670.29,7,5,19,6,48,13,15.83,120,1264.71,33.08828922908487,133.68868684473466,85.46026696016989,387.88004619509553,2024-04-01,2025-10-06 10:51:26.791,19,2,1,0,1,0,0,0,1,1,0,0,0,0,0,0,1,0,0,0,0,1,0,0,0,0
CUS_0x5eae,114755.04,9114.102944090817,1,5,9,2,5,3,6.38,10,1107.42,37.40596808851664,677.3837976560861,160.3871719341183,935.0380863189787,2024-04-01,2025-10-06 10:51:26.791,25,0,0,0,0,0,0,0,0,1,1,0,1,0,0,0,0,0,1,0,1,0,0,0,0,0
CUS_0x112e,20162.26,1872.188333333333,8,4,11,4,13,10,1.71,20,660.26,34.49702609636193,66.24488172410403,209.33968673482013,201.63426487440918,2024-04-01,2025-10-06 10:51:26.791,19,9,0,1,0,1,0,0,1,0,0,0,1,0,0,0,1,0,0,0,0,0,1,0,0,0
CUS_0x85bd,49768.71,4045.3925,7,5,18,6,22,10,0.0,110,1428.04,28.008781871261363,225.6934908669469,50.036548100607604,368.80921103244555,2024-04-01,2025-10-06 10:51:26.791,14,6,0,0,1,0,0,1,0,0,1,1,0,0,0,0,1,0,0,0,0,1,0,0,0,0
CUS_0xee1,17116.55,1722.3791666666666,7,8,17,7,26,21,3.9,140,1342.04,36.588457526158784,56.715962053259936,112.27831973598394,293.24363487742283,2024-04-01,2025-10-06 10:51:26.791,20,4,0,0,1,1,0,0,1,1,0,1,0,0,0,0,0,1,0,0,0,0,1,0,0,0
CUS_0x5171,8733.57,672.7975,8,10,15,7,42,22,22.86,140,2646.35,38.21953251348674,37.02451006104799,18.757395429538047,291.497844509414,2024-04-01,2025-10-06 10:51:26.791,12,5,0,1,1,0,0,1,0,1,0,1,0,0,0,0,0,0,1,0,0,0,0,1,0,0
CUS_0x85dd,8974.555,783.8795833333335,10,8,28,7,21,24,14.87,70,1660.14,33.88323959434667,30.443262439394022,57.441335697106105,280.5033601968332,2024-04-01,2025-10-06 10:51:26.791,16,10,0,0,1,1,1,0,1,1,1,1,0,0,0,0,0,0,1,0,0,0,1,0,0,0
CUS_0x9338,72252.36,6059.03,5,3,12,4,21,15,9.1,40,51.39,23.414051744356808,127.15030194941885,132.35376657125823,586.398931479323,2024-04-01,2025-10-06 10:51:26.791,25,9,0,0,1,1,0,0,0,0,1,0,1,0,0,0,1,0,0,0,0,1,0,0,0,0
CUS_0xb00,100284.24,8288.02,5,7,18,3,9,8,2.1,40,333.25,31.8086987469309,148.35180700913224,10000.0,849.33781489657,2024-04-01,2025-10-06 10:51:26.791,30,8,1,0,1,0,0,0,0,1,0,1,0,0,0,0,1,0,0,0,0,1,0,0,0,0
CUS_0x7527,7863.04,405.2533333333333,7,3,24,4,6,15,17.53,90,2286.31,35.885417200616324,23.60905668603669,11.771050720221233,284.0273251104534,2024-04-01,2025-10-06 10:51:26.791,13,6,0,0,1,0,0,0,1,1,0,0,0,0,0,0,1,0,0,0,0,0,1,0,0,0
CUS_0x2a2e,81435.0,6667.25,10,7,32,2,55,17,19.21,110,1762.75,28.93725681931755,100.93997843178376,64.19876649195726,741.586255076259,2024-04-01,2025-10-06 10:51:26.791,20,3,1,0,0,1,0,0,0,0,0,1,0,0,0,0,1,0,0,0,0,1,0,0,0,0
CUS_0x9ce3,14734.29,1393.8575,7,6,22,6,25,19,21.76,120,4317.42,28.501102270698663,50.45999618952075,35.13107869923004,313.7946751112492,2024-04-01,2025-10-06 10:51:26.791,11,11,0,1,0,1,0,1,1,1,1,1,0,0,0,0,0,1,0,1,0,0,0,0,0,0
CUS_0xbca4,82015.88,6907.656666666668,0,5,2,2,12,11,3.26,50,1259.34,32.01927886601856,115.47310231531765,287.60741538380717,567.6851489675419,2024-04-01,2025-10-06 10:51:26.791,16,0,1,0,1,0,0,0,0,0,0,0,1,0,0,1,0,0,0,0,0,0,0,1,0,0
CUS_0x1ba2,86470.84,7060.903333333333,3,4,20,0,17,17,10.13,50,211.56,35.27262153196972,0.0,267.90886933682845,688.1814639965048,2024-04-01,2025-10-06 10:51:26.791,29,5,0,0,0,0,0,0,0,0,0,1,0,0,0,0,0,0,1,0,1,0,0,0,0,0
CUS_0x2813,15015.4,1213.2833333333333,5,5,9,1,27,8,5.04,10,330.17,28.38062137604166,11.685734566072789,162.57530838511798,237.06729038214257,2024-04-01,2025-10-06 10:51:26.791,22,2,0,0,0,0,0,0,0,0,1,0,1,0,0,1,0,0,0,0,0,0,1,0,0,0
CUS_0xa403,15344.79,1311.7325,5,6,7,4,13,10,12.63,100,976.94,32.32451048667082,33.055434469855726,134.50942513394608,243.60839039619825,2024-04-01,2025-10-06 10:51:26.791,12,9,0,0,0,0,0,1,1,1,1,1,0,0,0,0,1,0,0,0,0,0,0,1,0,0
CUS_0x696,89780.85,7647.7375,4,5,12,4,5,7,3.64,20,540.26,29.19573140064518,186.46847727253527,49.72158421753666,768.5836885099279,2024-04-01,2025-10-06 10:51:26.791,24,4,1,0,0,1,0,0,1,0,0,0,1,0,0,1,0,0,0,0,0,1,0,0,0,0
CUS_0x791e,35518.98,3068.9150000000004,8,6,9,3,12,16,15.52,90,1270.18,39.51015387130101,84.75534306438306,142.66031205987804,349.4758448757389,2024-04-01,2025-10-06 10:51:26.791,11,5,0,1,0,0,1,1,0,0,0,1,0,0,0,0,1,0,0,0,0,0,0,0,1,0
CUS_0x3cf7,17850.56,1391.5466666666669,1414,5,18,0,27,20,7.11,110,3380.69,29.194058462219974,127.22369163552014,59.026802350736205,242.9041726804104,2024-04-01,2025-10-06 10:51:26.791,8,3,1,1,1,0,1,0,1,1,1,1,0,0,0,0,0,1,0,0,0,0,1,0,0,0
CUS_0x7d40,56089.95,4875.1625,9,5,15,7,57,17,4.31,90,2561.61,35.010163421562766,276.53529627230307,274.7928001588614,226.1881535688356,2024-04-01,2025-10-06 10:51:26.791,6,6,1,1,1,0,1,0,1,1,1,1,0,0,0,0,0,1,0,0,0,0,1,0,0,0
CUS_0x9af6,15363.115,1400.2595833333332,3,5,889,7,30,17,10.56,50,1364.4,31.53583107686369,69.68884774327739,44.37859195421952,305.95851863583636,2024-04-01,2025-10-06 10:51:26.791,16,8,0,0,0,1,1,1,0,1,1,1,0,0,0,0,1,0,0,0,0,0,0,1,0,0
CUS_0xb4a,71830.44,6110.87,7,3,19,3,21,11,7.48,30,745.75,36.92924693893325,119.45344183956333,337.74923828279253,413.8843198776442,2024-04-01,2025-10-06 10:51:26.791,27,4,0,1,0,1,1,0,0,0,0,0,0,0,0,0,1,0,0,1,0,0,0,0,0,0
CUS_0x2468,10386.83,1095.569166666667,7,10,15,5,55,21,24.51,150,3911.42,32.01243650179456,35.00271392180469,97.80889939772287,266.7453033471391,2024-04-01,2025-10-06 10:51:26.791,13,4,0,0,1,1,0,0,1,1,0,1,0,0,0,0,0,1,0,0,0,0,1,0,0,0
CUS_0xa082,36068.94,3093.745000000001,8,5,13,4,30,17,24.99,100,2208.99,36.476516947449326,89.067476920528,115.63898576628927,349.46587477841746,2024-04-01,2025-10-06 10:51:26.791,19,3,1,0,0,0,0,0,1,0,1,1,0,0,0,0,1,0,0,0,1,0,0,0,0,0
CUS_0x1a03,34552.7,2896.3916666666664,6,3,9,0,25,20,8.68,40,577.4,24.38575855415925,0.0,260.9597817802158,298.67938488645086,2024-04-01,2025-10-06 10:51:26.791,32,5,0,0,0,0,0,0,0,0,0,0,0,0,0,0,1,0,0,0,0,0,0,0,1,0
CUS_0x6387,62316.63,4895.0525,8,4,7,2,12,9,0.94,10,417.27,39.00423496372967,82.73317698517836,146.4301794746167,510.34189354020486,2024-04-01,2025-10-06 10:51:26.791,26,10,0,0,0,0,0,0,0,1,1,0,1,0,0,0,1,0,0,0,1,0,0,0,0,0
CUS_0xa79,80392.84,6633.403333333333,9,10,19,6,49,21,13.35,140,4287.78,40.40261084824419,202.5662357087372,130.85826481921166,579.9158328053845,2024-04-01,2025-10-06 10:51:26.791,2,8,0,1,1,0,0,1,1,1,0,1,0,0,0,0,0,1,0,0,1,0,0,0,0,0
CUS_0x1ed5,18965.35,1317.4458333333332,10,7,20,3,21,18,7.33,60,1490.81,27.23774144063313,43.9361099075931,121.14148629694336,256.6669871287969,2024-04-01,2025-10-06 10:51:26.791,8,0,0,0,0,0,0,1,0,0,1,1,0,0,0,0,0,1,0,0,0,0,1,0,0,0
CUS_0x7cbf,38574.32,2959.526666666666,3,3,17,1,13,13,7.13,20,668.78,32.752655915483025,21.305375083246343,178.74778908091508,355.89950250250524,2024-04-01,2025-10-06 10:51:26.791,32,8,0,1,0,0,0,0,0,0,0,0,1,0,0,0,0,0,1,1,0,0,0,0,0,0
CUS_0x109d,49140.87,4377.0725,10,6,27,6,35,18,16.66,110,2950.8,31.16378561923996,154.17242632517255,301.5937949187359,271.94102875609155,2024-04-01,2025-10-06 10:51:26.791,6,6,1,0,0,0,1,0,0,1,0,0,0,0,0,0,0,1,0,0,0,0,1,0,0,0
CUS_0x4098,18153.18,1735.765,10,8,34,5,22,15,18.15,140,3830.47,34.16858861683881,66.61860402627934,92.11154292003357,304.84635305368715,2024-04-01,2025-10-06 10:51:26.791,9,0,0,0,0,1,0,1,1,1,0,0,0,0,0,0,0,1,0,0,0,0,1,0,0,0
CUS_0x4c59,7021.91,507.1591666666667,3,9,20,7,27,18,12.75,130,1919.27,36.66550830138634,27.59062663472197,29.83058492102131,273.2947051109234,2024-04-01,2025-10-06 10:51:26.791,11,8,0,0,1,1,0,0,1,1,1,1,0,0,0,0,0,0,1,0,0,0,0,1,0,0
CUS_0x7016,112815.48,9450.29,1,3,11,4,17,5,11.11,30,780.81,34.734378813027426,74263.0,736.1535388505939,289.2865801803731,2024-04-01,2025-10-06 10:51:26.791,17,11,0,0,0,0,1,0,1,0,1,0,1,0,0,1,0,0,0,0,0,0,0,1,0,0
CUS_0x8369,23646.08,1752.506666666667,4,3,14,6,11,15,12.51,70,1388.59,25.258749524459983,108.83529246542848,33.56177837185903,292.8535958293792,2024-04-01,2025-10-06 10:51:26.791,13,8,1,0,0,1,0,1,0,0,1,1,0,0,0,0,1,0,0,1,0,0,0,0,0,0
CUS_0xb035,34217.66,2794.471666666667,4,3,11,1,7,9,5.39,40,459.1,33.089810510296715,15.081411038813451,113.62412223964199,410.7416333882112,2024-04-01,2025-10-06 10:51:26.791,24,8,0,0,0,1,0,0,0,0,0,0,1,0,0,0,0,0,1,1,0,0,0,0,0,0
CUS_0x2876,34308.05,2718.004166666667,3,4,12,4,22,17,11.68,20,1101.13,37.90439304292983,74.64845745168277,146.30949735173496,340.842461863249,2024-04-01,2025-10-06 10:51:26.791,29,2,0,0,0,0,1,1,0,1,1,1,0,0,0,0,1,0,0,0,0,0,1,0,0,0
CUS_0x563b,43138.55,3671.879166666667,3,7,2,1,12,7,5.99,0,553.12,36.039550790593154,27.08617216384484,107.55034905662008,492.5513954462018,2024-04-01,2025-10-06 10:51:26.791,22,5,0,0,0,0,0,0,0,1,0,0,1,0,0,1,0,0,0,1,0,0,0,0,0,0
CUS_0x56ef,15867.45,1468.2875,10,10,22,2,17,14,16.02,80,1773.9,32.7109085943672,18.34281155192388,113.14490545366932,295.3410329944068,2024-04-01,2025-10-06 10:51:26.791,17,11,0,0,0,0,0,1,0,1,0,1,0,0,0,0,0,0,1,0,0,0,0,1,0,0
CUS_0x80dd,72712.20000000001,6169.350000000001,8,5,16,0,20,14,6.93,10,1431.1,30.58509843024249,0.0,289.9230407342686,597.0119592657315,2024-04-01,2025-10-06 10:51:26.791,29,2,0,0,0,0,0,0,0,0,0,0,1,0,0,0,1,0,0,0,0,0,0,0,1,0
CUS_0xbb3c,170008.72,14178.393333333332,3,6,7,0,3,9,2.22,10,881.44,32.84996822447208,0.0,1410.6793911106345,287.1599422226989,2024-04-01,2025-10-06 10:51:26.791,29,3,0,0,0,0,0,0,0,0,0,0,1,0,0,1,0,0,0,0,0,0,0,1,0,0
CUS_0x62f4,42900.18,3515.015,6,7,16,5,29,21,8.91,100,1680.53,32.292709361844764,93.54253589729367,117.95309389516845,420.0058702075378,2024-04-01,2025-10-06 10:51:26.791,19,11,0,1,1,1,0,0,0,0,1,1,0,0,0,0,0,1,0,0,0,0,0,1,0,0
CUS_0x6573,8922.155,957.5129166666668,6,8,24,7,26,17,18.61,90,4648.32,39.490785697305725,48.5390051835844,102.11048074801573,235.10180573506653,2024-04-01,2025-10-06 10:51:26.791,2,4,0,1,1,1,0,0,1,1,0,1,0,0,0,0,0,1,0,0,0,0,0,0,0,1
CUS_0x7c0f,48053.61,3917.4675,7,8,17,5,57,20,7.85,140,2141.5,37.76619277876175,175.96541476157017,323.0163325680556,172.7650026703743,2024-04-01,2025-10-06 10:51:26.791,20,6,0,1,1,0,0,0,0,1,1,1,0,0,0,0,0,1,0,0,0,0,0,1,0,0
CUS_0x7f47,32424.62,2867.0516666666667,4,7,4,0,8,8,5.25,30,442.63,34.9256209186079,0.0,98.58376040697694,438.1214062596897,2024-04-01,2025-10-06 10:51:26.791,23,4,0,0,0,0,0,0,0,0,0,0,1,0,0,1,0,0,0,0,1,0,0,0,0,0
CUS_0xb464,20278.79,1898.8991666666668,10,7,30,9,17,25,25.55,90,2787.7,24.118358784571704,118.73325920078884,84.81666223228845,256.3399952335894,2024-04-01,2025-10-06 10:51:26.791,7,8,1,1,1,1,1,0,0,1,0,1,0,0,0,0,0,1,0,0,0,0,0,0,1,0
CUS_0xbed9,168647.08,14098.923333333332,2,5,1,2,10,1,10.48,40,1420.72,36.7702503231045,242.29645350824453,275.1745887922429,1142.4212910328454,2024-04-01,2025-10-06 10:51:26.791,26,2,0,0,1,0,0,0,0,0,0,0,1,0,0,1,0,0,0,0,1,0,0,0,0,0
CUS_0x7c6d,39139.35,3414.6125,4,4,4,4,19,13,1.94,0,1258.77,38.06527385099479,122.62129950203928,66.60256335858222,392.2373871393785,2024-04-01,2025-10-06 10:51:26.791,16,8,0,0,1,1,0,0,0,0,0,0,1,0,0,1,0,0,0,0,0,1,0,0,0,0
CUS_0xbe29,28993.75,2459.145833333333,2,4,12,1,9,2,6.74,0,822.72,33.82857350948945,18.34558543973027,94.31949058822407,423.24950730537904,2024-04-01,2025-10-06 10:51:26.791,20,4,0,0,0,1,0,0,0,0,0,0,1,0,0,1,0,0,0,0,0,0,1,0,0,0
CUS_0xb8da,89434.35,7281.8625,2,6,7,4,8,8,6.31,20,537.46,36.501419908553984,244.7423877242117,172.00586655749808,551.4379957182904,2024-04-01,2025-10-06 10:51:26.791,28,10,0,0,1,0,1,0,0,0,1,0,1,0,0,0,0,0,1,0,0,1,0,0,0,0
CUS_0xfe3,40380.18,3607.015,7,5,18,4,28,14,7.98,80,1042.93,32.65074534628983,79.98627455633762,295.5283254153692,275.18690002829317,2024-04-01,2025-10-06 10:51:26.791,24,11,0,0,0,1,1,0,0,1,0,0,0,0,0,0,0,0,1,0,0,0,1,0,0,0
CUS_0x13c7,69341.52,5919.46,3,3,11,1,13,9,7.58,80,302.75,41.310443588996094,54.60540123017218,328.36645268010443,468.9741460897234,2024-04-01,2025-10-06 10:51:26.791,15,10,0,0,0,0,1,0,0,0,0,0,1,0,0,0,1,0,0,0,0,0,0,0,0,1
CUS_0x969b,17442.09,1295.5075,8,6,5,2,21,20,16.34,60,1960.42,24.90543781617024,14.637790482507336,53.635472832668846,303.8141315587086,2024-04-01,2025-10-06 10:51:26.791,19,6,1,0,0,0,0,0,0,0,0,1,0,0,0,0,0,0,1,0,0,0,1,0,0,0
CUS_0x612d,20497.26,1897.105,3,4,18,2,27,14,8.03,60,963.25,32.25195421376241,27.147551946742663,79.9046079496426,342.6583401036148,2024-04-01,2025-10-06 10:51:26.791,29,3,0,1,0,0,0,0,0,1,0,1,0,0,0,0,0,0,1,1,0,0,0,0,0,0
CUS_0x7ac9,10462.585,893.8820833333333,4,6,5,4,7,18,20.64,40,2057.65,36.52010400898097,27.46489100873508,60.45315989361123,291.47015743098706,2024-04-01,2025-10-06 10:51:26.791,12,5,0,0,1,0,0,0,0,1,0,1,0,0,0,0,0,0,1,0,0,0,1,0,0,0
CUS_0x952a,14710.215,1334.0338544205065,2,5,9,2,10,2,8.33,40,1373.93,28.0603477222978,163.2857974997851,115.17702584854231,367.5018973945996,2024-04-01,2025-10-06 10:51:26.791,17,4,1,0,0,0,0,0,0,0,1,0,1,0,0,1,0,0,0,0,0,0,0,0,0,1
CUS_0x9813,89722.4,7646.866666666666,2,5,5,2,2,7,2.47,70,1071.85,33.244961238483064,101.94233807451845,57.24596278927533,845.4983658028727,2024-04-01,2025-10-06 10:51:26.791,16,9,0,0,0,0,0,1,0,0,0,0,1,0,0,1,0,0,0,0,0,1,0,0,0,0
CUS_0x7720,33426.96,2533.58,10,6,34,7,60,27,1.79,80,1432.3,30.705394303773275,187.19125296967485,97.44942772708393,228.71731930324123,2024-04-01,2025-10-06 10:51:26.791,18,3,1,0,1,0,1,0,0,1,1,1,0,0,0,0,0,1,0,1,0,0,0,0,0,0
CUS_0x23f3,19054.15,1567.8458333333335,3,3,17,6,30,9,15.61,80,2097.89,24.839225893644542,86.85026831130695,151.0119481356813,198.92236688634515,2024-04-01,2025-10-06 10:51:26.791,12,5,0,0,1,1,1,1,0,0,0,1,0,0,0,0,1,0,0,0,0,0,0,1,0,0
CUS_0x682c,37482.37,3182.5308333333337,1,7,1,1,6,5,3.87,0,1137.02,24.54808218287149,26.54322193416245,10000.0,350.6608600287932,2024-04-01,2025-10-06 10:51:26.791,21,4,0,0,0,0,1,0,0,0,0,0,1,0,0,1,0,0,0,1,0,0,0,0,0,0
CUS_0xdc0,37131.02,3307.251666666666,5,7,8,1,8,4,10.3,70,88.0,37.11320994545873,16.723867948870357,410.8337520901943,193.167546627602,2024-04-01,2025-10-06 10:51:26.791,27,9,0,0,0,0,0,1,0,0,0,0,1,0,0,1,0,0,0,0,0,0,1,0,0,0
CUS_0x8cbe,76644.16,5331.132338456785,5,4,9,3,29,10,0.68,40,1431.83,35.405269791686024,932.5648320192204,187.88898870067047,580.028507489991,2024-04-01,2025-10-06 10:51:26.791,28,4,0,0,0,0,0,1,0,1,0,0,1,0,0,0,1,0,0,0,0,0,0,0,0,1
CUS_0x4f57,10181.5,689.4583333333335,4,4,18,0,18,8,8.9,70,458.36,37.520508013805774,0.0,40.89255161341829,298.05328171991505,2024-04-01,2025-10-06 10:51:26.791,30,5,0,0,0,0,0,0,0,0,0,1,0,0,0,0,0,0,1,0,0,0,0,0,1,0
CUS_0x90ef,17411.26,1267.9383333333333,1,2,9,2,4,0,7.41,20,797.16,29.952381028921003,24.10314259915245,33.25793756218093,349.432753172,2024-04-01,2025-10-06 10:51:26.791,26,2,0,0,1,0,0,0,0,0,0,0,1,0,0,1,0,0,0,0,0,0,0,1,0,0
CUS_0x93ff,39696.98,3211.081666666667,5,5,10,1,11,3,1.98,11940,133.3,27.28968592950109,31.906580170809523,239.0805687710546,330.1210177248025,2024-04-01,2025-10-06 10:51:26.791,21,10,0,0,0,0,1,0,0,0,0,0,1,0,0,1,0,0,0,0,0,0,0,1,0,0
CUS_0x4a45,9194.97,704.2475,7,9,25,8,59,16,19.48,110,3770.27,39.78034240179441,54.782909342164885,36.57501239118356,259.0668282666516,2024-04-01,2025-10-06 10:51:26.791,14,3,1,1,1,0,1,0,0,1,1,1,0,0,0,0,0,1,0,0,0,0,0,1,0,0
CUS_0x2f7e,126353.04,10635.42,4,7,19,2,10,11,9.43,30,859.77,28.44286675240117,167.04391024040052,549.7661392945339,3.333333333333333E26,2024-04-01,2025-10-06 10:51:26.791,31,9,1,0,1,0,0,0,0,0,0,0,1,0,0,0,0,0,1,0,0,0,0,1,0,0
CUS_0x3383,148990.16,12474.846666666665,3,7,3,3,15,8,8.65,30,407.6,33.2405108304551,267.36596052619416,1166.0464871061874,94.07221903428513,2024-04-01,2025-10-06 10:51:26.791,29,6,0,1,1,1,0,0,0,0,0,0,1,0,0,1,0,0,0,0,0,0,0,1,0,0
CUS_0x43a2,8990.5,949.2083333333336,10,9,33,3,49,21,5.98,120,2663.62,37.56851147891527,14.744316528564074,72.14459637882467,288.03192042594463,2024-04-01,2025-10-06 10:51:26.791,13,0,0,0,0,0,0,0,1,1,0,1,0,0,0,0,0,1,0,0,0,0,0,0,0,1
CUS_0x7656,19197.3,1640.775,8,8,22,7,49,18,16.65,80,3826.75,36.55502602967814,71.39274508386833,107.29194490858423,255.39281000754747,2024-04-01,2025-10-06 10:51:26.791,2,2,0,0,1,1,0,1,1,0,0,1,0,0,0,0,0,1,0,0,0,0,0,0,1,0
CUS_0x7b61,18216.63,1319.0525,7,9,18,9,40,15,15.69,80,3254.51,39.34684386262705,105.64760729138594,10000.0,230.00512577846496,2024-04-01,2025-10-06 10:51:26.791,4,8,1,0,1,0,0,0,1,1,1,1,0,0,0,0,0,1,0,0,0,0,0,0,0,1
CUS_0xc127,15762.82,1216.5683333333334,3,5,7,3,28,14,10.18,20,537.23,28.547778391680307,19.778090105530392,111.72947227676443,270.1492709510385,2024-04-01,2025-10-06 10:51:26.791,30,8,0,0,0,1,1,1,0,0,0,0,1,0,0,0,1,0,0,0,0,0,0,0,0,1
CUS_0x40d1,151437.08,12361.756666666664,0,4,3,2,4,5,1.97,50,879.78,33.50895219854172,147.52646049358938,197.33326854279247,1131.3159376302847,2024-04-01,2025-10-06 10:51:26.791,22,2,0,0,0,0,1,0,0,1,0,0,0,0,0,1,0,0,0,0,0,1,0,0,0,0
CUS_0x79ad,29814.97,2731.580833333333,4,3,17,1,25,18,1.09,40,27.63,29.81660568384134,14.3453233414328,82.0432410176647,426.76951897423584,2024-04-01,2025-10-06 10:51:26.791,33,3,0,0,0,0,0,1,0,0,0,0,1,0,0,0,1,0,0,0,1,0,0,0,0,0
CUS_0x8af1,37262.12,3355.1766666666667,0,1,3,3,8,12,9.94,40,311.34,35.14649407225414,89.88133214371011,123.57928466985108,372.05704985310547,2024-04-01,2025-10-06 10:51:26.791,16,3,0,1,1,0,0,0,1,0,0,0,1,0,0,1,0,0,0,0,1,0,0,0,0,0
CUS_0x4250,59018.58,4383.318041698254,6,5,22,8,55,21,24.98,80,2700.12,32.79908758845814,509.4786165961712,184.39479723439885,336.4450444711765,2024-04-01,2025-10-06 10:51:26.791,6,3,1,1,1,1,1,0,1,1,0,1,0,0,0,0,0,1,0,0,0,0,0,0,0,1
CUS_0x64a5,29386.9,2236.9083333333333,4,4,27,6,27,17,9.17,120,2127.78,27.92101048435096,100.48637479856896,107.92478341365229,275.2796751211121,2024-04-01,2025-10-06 10:51:26.791,17,2,1,1,0,1,0,1,0,1,1,1,0,0,0,0,1,0,0,1,0,0,0,0,0,0
CUS_0x2258,29822.12,2223.1766666666667,4,4,7,4,25,9,4.9,40,21.07,23.34204907963759,77.97289802776432,56.015068170901095,358.3297004680013,2024-04-01,2025-10-06 10:51:26.791,28,3,1,0,0,0,0,0,0,1,1,0,1,0,0,0,0,0,1,0,0,0,0,0,1,0
CUS_0x347c,66460.6,5448.383333333334,8,10,16,6,31,26,6.15,150,4681.43,38.06116173306175,278.0799630810047,669.5967777595522,448.91284625703423,2024-04-01,2025-10-06 10:51:26.791,12,2,1,0,1,0,0,0,0,1,1,1,0,0,0,0,0,1,0,0,0,0,1,0,0,0
CUS_0x59dc,58940.76,4806.73,5,3,18,6,17,14,16.6,90,348.7,34.877591483207844,231.39400350596495,47.33355141713706,441.94544507689795,2024-04-01,2025-10-06 10:51:26.791,14,11,0,0,1,1,0,1,0,0,0,1,0,0,0,0,1,0,0,0,0,0,0,0,0,1
CUS_0x914e,89384.91,7658.7425,1,3,10,3,16,938,9.54,50,1041.11,28.299036309336024,118.53495036642364,528.5064074058697,378.83289222770685,2024-04-01,2025-10-06 10:51:26.791,30,10,0,1,0,0,0,1,0,1,0,0,1,0,0,1,0,0,0,1,0,0,0,0,0,0
CUS_0x24ae,94070.2,7846.183333333332,5,5,8,1,21,17,4.88,20,1420.86,28.80003292470822,64.13221699761154,164.99129411165012,805.4948222240716,2024-04-01,2025-10-06 10:51:26.791,20,0,0,1,0,0,0,0,0,0,0,0,1,0,0,0,1,0,0,0,1,0,0,0,0,0
CUS_0x24e3,22410.53,2071.5441666666666,7,5,14,2,7,17,11.51,50,33.85,32.750305573578785,31.839414299400783,87.80452373751258,377.51047862975327,2024-04-01,2025-10-06 10:51:26.791,29,9,1,0,0,1,0,0,0,0,0,1,0,0,0,0,0,0,1,0,0,0,1,0,0,0
CUS_0x23dd,29819.42,2413.9516666666664,7,5,16,4,12,9,9.64,80,1379.69,26.25691277156297,89.1634187085772,48.56431035821758,353.6674375998719,2024-04-01,2025-10-06 10:51:26.791,25,4,0,0,1,1,0,0,0,1,1,0,1,0,0,0,1,0,0,0,0,0,0,0,0,1
CUS_0x63fe,35062.63,2995.8858333333333,0,5,7,0,17,5,7.43,30,971.25,34.695950492946146,0.0,10000.0,261.75123057076667,2024-04-01,2025-10-06 10:51:26.791,17,5,0,0,0,0,0,0,0,0,0,0,0,0,0,1,0,0,0,0,0,0,1,0,0,0
CUS_0x707c,142496.12,11649.676666666664,4,6,7,0,16,19,15.13,60,460.79,38.78212527404607,0.0,1026.7983242504122,418.1693424162545,2024-04-01,2025-10-06 10:51:26.791,19,5,0,0,0,0,0,0,0,0,0,0,1,0,0,0,1,0,0,0,0,0,0,1,0,0
CUS_0x83a7,90674.43,7318.2025,4,399,4,1,10,11,10.84,10,29.87,38.184761611466776,43.45821533100556,217.09321894832382,741.2688157206708,2024-04-01,2025-10-06 10:51:26.791,18,0,0,0,0,0,0,0,0,1,0,0,1,0,0,1,0,0,0,0,0,0,0,0,1,0
CUS_0x8bdd,44080.04,3563.498770538034,5,5,10,3,17,8,4.7,50,443.01,40.46739811322772,193.5784680364336,74.98291015798398,452.1101846008818,2024-04-01,2025-10-06 10:51:26.791,20,5,1,0,1,0,0,0,0,0,1,0,1,0,0,1,0,0,0,1,0,0,0,0,0,0
CUS_0xc282,18980.76,1749.7299999999998,7,5,15,7,38,19,16.86,70,4561.34,37.520736960421424,102.98964238186709,63.90731408635543,268.0760435317775,2024-04-01,2025-10-06 10:51:26.791,0,11,1,0,0,1,1,0,0,0,1,1,0,0,0,0,0,0,1,1,0,0,0,0,0,0
CUS_0xc650,118879.68,9641.64,5,3,15,6,8,17,10.06,50,233.76,25.61966324917725,330.6214369942403,376.5283349799675,507.01422802579214,2024-04-01,2025-10-06 10:51:26.791,18,0,0,0,0,0,0,0,1,1,1,1,0,0,0,0,0,0,1,0,1,0,0,0,0,0
CUS_0x1d15,40206.26,3552.521666666667,3,3,15,1,26,10,14.98,30,736.97,25.54330352896273,17.787342213516453,10000.0,300.42967362633067,2024-04-01,2025-10-06 10:51:26.791,30,11,0,0,0,0,0,0,1,0,0,0,0,0,0,0,1,0,0,0,0,0,0,0,1,0
CUS_0x87b4,34114.43,2858.869166666667,4,3,5,4,10,13,8.32,40,870.99,39.61975532883093,80.1021696949135,252.19408461389526,421.3186330551976,2024-04-01,2025-10-06 10:51:26.791,19,8,0,1,1,1,1,0,0,0,0,0,0,0,0,1,0,0,0,0,0,1,0,0,0,0
CUS_0xa567,102339.96,8411.33,7,6,20,6,16,13,12.57,90,1015.24,34.743323725887464,2591.0,325.45381727469345,374.4336131521698,2024-04-01,2025-10-06 10:51:26.791,6,4,1,0,1,1,0,1,0,1,0,1,0,0,0,0,1,0,0,0,1,0,0,0,0,0
CUS_0x2c7f,13701.675,1232.80625,8,6,19,1,7,10,11.9,90,1060.4,29.147007793476185,30748.0,110.46092681340762,284.8510435655619,2024-04-01,2025-10-06 10:51:26.791,24,0,0,0,0,0,1,0,0,0,0,1,0,0,0,0,1,0,0,0,0,0,0,1,0,0
CUS_0x5978,8170.725,618.8937500000002,7,5,20,4,58,21,10.12,110,2373.8,36.67727660020199,17.28840448083471,37.46122913002691,297.13974138913835,2024-04-01,2025-10-06 10:51:26.791,6,3,1,1,0,0,0,1,0,0,0,0,0,0,0,0,0,0,1,0,0,0,1,0,0,0
CUS_0x2b2b,16069.92,1115.16,8,7,21,7,58,23,28.59,70,4555.49,25.64457169946413,72.92485992939578,114.09497870544146,214.4961613651628,2024-04-01,2025-10-06 10:51:26.791,13,10,0,0,0,1,1,1,1,0,1,0,0,0,0,0,0,1,0,0,0,0,1,0,0,0
CUS_0x56f,45941.28,4006.44,6,4,4,3,30,20,1.57,70,1279.96,39.6666065831734,80.89486248400442,146.37128375148066,443.3778537645149,2024-04-01,2025-10-06 10:51:26.791,28,4,1,0,1,1,0,0,0,0,0,0,1,0,0,1,0,0,0,0,0,0,0,0,1,0
CUS_0x5c90,125898.32,10565.526666666668,6,6,6,2,8,18,16.0,110,746.9,37.211005351948906,139.8268794394258,415.1886967429185,751.5370904843222,2024-04-01,2025-10-06 10:51:26.791,16,8,0,0,1,0,1,0,0,0,0,1,0,0,0,0,1,0,0,0,1,0,0,0,0,0
CUS_0x7a6c,29265.3,2410.775,9,9,34,6,65,22,3.65,70,1465.62,28.186139361690444,120.12274263091103,163.91313917173892,247.04161819735003,2024-04-01,2025-10-06 10:51:26.791,19,9,1,1,0,1,1,1,1,0,0,1,0,0,0,0,0,1,0,0,0,0,1,0,0,0
CUS_0x9169,102085.2,8751.1,8,3,1,3,21,16,6.49,30,263.7,27.573633823154942,164.95996793580892,199.80522068186718,750.3448113823241,2024-04-01,2025-10-06 10:51:26.791,27,2,0,1,0,1,1,0,0,0,0,0,1,0,0,0,0,0,1,0,0,1,0,0,0,0
CUS_0x99b3,7230.615,821.55125,9,6,3664,8,19,22,5.04,150,4492.18,31.55258355265497,42.54340333905125,16.30867587145093,263.30304578949784,2024-04-01,2025-10-06 10:51:26.791,14,6,1,0,0,1,1,1,1,0,0,1,0,0,0,0,0,1,0,0,0,1,0,0,0,0
CUS_0x65ab,19592.58,1405.715,5,7,21,4,16,15,8.82,120,2391.39,31.86416788619311,40.49688242158693,67.27546540388407,292.799152174529,2024-04-01,2025-10-06 10:51:26.791,13,2,0,0,0,1,0,1,1,0,0,1,0,0,0,0,1,0,0,1,0,0,0,0,0,0
CUS_0x880e,58962.2,5086.516666666666,10,7,15,9,30,22,18.89,130,4294.21,31.13691296290009,289.28151777978644,77.35371110779343,382.01643777908686,2024-04-01,2025-10-06 10:51:26.791,9,8,1,1,1,0,1,1,0,1,1,1,0,0,0,0,0,1,0,0,0,1,0,0,0,0
CUS_0x9a2c,29280.44,2237.716497885463,2,5,3,0,28,3,11.93,50,93.91,25.862460824475487,220.32016878120345,93.96088402999146,401.84278263667517,2024-04-01,2025-10-06 10:51:26.791,21,3,0,0,0,0,0,0,0,0,0,0,0,0,0,0,0,0,1,0,0,0,0,0,0,1
CUS_0xad15,50608.23,4132.3525,9,10,31,2,39,26,3.85,130,1539.86,30.65036226778504,79.83845510726627,160.73084184631247,422.6659530464213,2024-04-01,2025-10-06 10:51:26.791,7,3,0,1,0,0,0,0,1,0,0,1,0,0,0,0,0,1,0,0,1,0,0,0,0,0
CUS_0x646e,20487.1,1622.2583333333332,8,10,20,3,35,16,8.75,70,2654.31,32.24342764378042,30.62296452629753,44.033524909520686,337.5693438975151,2024-04-01,2025-10-06 10:51:26.791,5,8,0,1,0,1,0,0,0,0,0,1,0,0,0,0,0,1,0,0,1,0,0,0,0,0
CUS_0x9497,9920.795,743.7329166666667,1089,9,32,9,29,18,22.34,90,2872.19,27.29496144141688,42.267431814637646,10000.0,261.9055140095735,2024-04-01,2025-10-06 10:51:26.791,6,4,0,1,1,0,1,0,1,1,1,1,0,0,0,0,0,1,0,0,0,0,0,1,0,0
CUS_0x3b4c,32130.51,2734.5425,3,7,9,6,23,19,15.86,80,1233.41,31.643285442804,84.15915488880556,83.86483904241416,385.4302560687803,2024-04-01,2025-10-06 10:51:26.791,17,8,1,1,1,0,1,1,0,1,0,1,0,0,0,0,1,0,0,0,0,0,0,1,0,0
CUS_0xc072,81170.08,6638.173333333332,7,7,30,5,45,25,4.87,100,2627.13,28.02306595913164,189.70672378138505,94.320688830628,619.7899207213203,2024-04-01,2025-10-06 10:51:26.791,7,2,1,1,1,1,0,0,0,0,0,1,0,0,0,0,0,1,0,0,0,1,0,0,0,0
CUS_0x64e7,141733.08,11570.089999999998,5,5,20,6,9,20,10.15,80,291.88,37.01407461825834,495.8394914005346,182.34764793529285,728.8218606641724,2024-04-01,2025-10-06 10:51:26.791,20,0,0,1,0,0,1,0,1,0,1,1,0,0,0,0,0,0,1,0,1,0,0,0,0,0
CUS_0x778a,42193.03,3375.085833333333,3,5,3257,1,4,8,1.48,20,1218.38,36.04937320032021,28.5325749612005,324.5317111137099,264.44429725842286,2024-04-01,2025-10-06 10:51:26.791,27,0,0,0,0,0,1,0,0,0,0,0,1,0,0,1,0,0,0,0,0,0,0,1,0,0
CUS_0xc6e4,15471.01,1467.250833333333,6,9,20,5,27,8,13.76,80,1687.51,28.66146646196968,36.673929688692375,41.49998660027315,338.55116704436784,2024-04-01,2025-10-06 10:51:26.791,13,0,1,0,0,0,0,1,0,1,0,1,0,0,0,0,1,0,0,0,0,0,0,0,1,0
CUS_0x1dd4,140606.8,11876.233333333332,6,961,7,1,7,13,7.39,0,489.29,32.07810625808084,90.9175295307696,201.5049538154393,1135.2008499871245,2024-04-01,2025-10-06 10:51:26.791,16,11,0,0,0,0,0,0,0,1,0,0,0,0,0,0,1,0,0,0,0,1,0,0,0,0
CUS_0x24ee,15496.42,1059.368333333333,7,7,25,7,55,19,8.65,110,1883.54,24.017064463760644,72.70667922071088,69.78108608318108,243.44906802944138,2024-04-01,2025-10-06 10:51:26.791,20,2,1,0,1,0,1,0,1,0,1,1,0,0,0,0,0,1,0,0,0,0,0,1,0,0
CUS_0x6ee0,8333.545,698.4620833333332,3,4,20,6,10,16,10.29,70,1850.44,28.486826553571376,37.84543765918711,68.55941132449324,243.44135934965303,2024-04-01,2025-10-06 10:51:26.791,16,1,0,1,1,0,1,0,0,0,1,1,0,0,0,0,1,0,0,0,0,0,0,1,0,0
CUS_0x14ce,17776.2,1727.35,955,6,34,5,51,12,16.99,140,2221.13,26.029248840375608,57.275959322842034,10000.0,346.8038665689816,2024-04-01,2025-10-06 10:51:26.791,18,11,0,1,0,1,0,1,0,1,1,1,0,0,0,0,1,0,0,0,0,0,1,0,0,0
CUS_0x530c,42785.88,3671.49,3,4,16,0,5,16,2.46,20,1240.45,25.55271871317864,25.51917686768486,202.876923077398,418.75290005491723,2024-04-01,2025-10-06 10:51:26.791,25,3,0,0,0,0,1,0,0,0,0,0,1,0,0,0,1,0,0,0,0,0,0,1,0,0
CUS_0x5e40,15217.1,1448.091666666667,8,5,27,3,52,16,3.62,140,1766.65,26.40290033396052,35.04243178136002,17.399630207013107,342.36710467829363,2024-04-01,2025-10-06 10:51:26.791,12,11,0,0,0,1,0,0,0,0,1,1,0,0,0,0,0,0,1,0,1,0,0,0,0,0
CUS_0x5ed4,78937.47,6308.1225,6,3,8,2,29,15,1.63,50,270.49,25.105943517339824,126.56646397990691,63.33997422889443,680.9058117911987,2024-04-01,2025-10-06 10:51:26.791,24,11,1,0,0,0,0,0,1,0,0,0,1,0,0,1,0,0,0,0,0,1,0,0,0,0
CUS_0x4e42,42829.15,3535.0958333333333,0,5,3,1,1,4,11.21,30,590.76,25.966227454093257,25.306032448873378,10000.0,494.01002470384697,2024-04-01,2025-10-06 10:51:26.791,32,9,0,0,0,0,0,0,0,0,1,0,1,0,0,1,0,0,0,0,0,0,0,0,0,1
CUS_0x6c2a,102942.36000000002,8460.53,3,5,18,2,22,13,18.28,50,76.07,34.77478850285351,131.60094927369246,198.10365981806663,756.3483909082411,2024-04-01,2025-10-06 10:51:26.791,14,4,0,0,0,0,0,1,0,0,0,1,0,0,0,0,1,0,0,0,0,1,0,0,0,0
CUS_0x6e64,41176.49,3427.374166666666,0,4,11,2,4,4,2.5,50,46.05,32.47725798430919,52.52158963126021,142.32800769989484,397.8878193355116,2024-04-01,2025-10-06 10:51:26.791,21,4,0,0,1,1,0,0,0,0,0,0,1,0,0,1,0,0,0,0,1,0,0,0,0,0
CUS_0x7640,34257.69,3111.807500000001,809,5,9,3,14,16,5.38,60,777.19,24.781958660661047,50.99252159905422,55.31305399846664,454.87517440247916,2024-04-01,2025-10-06 10:51:26.791,19,4,1,0,1,0,0,0,0,0,0,0,1,0,0,0,1,0,0,0,1,0,0,0,0,0
CUS_0x9e68,53315.28,4242.94,6,10,18,7,12,12,14.12,110,1473.32,36.08373930869225,229.39378466303685,72.94728073696898,371.952934599994,2024-04-01,2025-10-06 10:51:26.791,7,2,0,0,1,1,1,1,1,0,1,1,0,0,0,0,0,0,1,0,1,0,0,0,0,0
CUS_0x4712,178283.68,14835.973333333332,4,3,4,3,5,3,0.0,0,137.2,45.10923490919917,328.2384485034946,137.4225168192721,1257.9363680105666,2024-04-01,2025-10-06 10:51:26.791,19,3,0,0,0,1,0,0,1,0,1,0,1,0,0,1,0,0,0,0,0,1,0,0,0,0
CUS_0x4778,97590.15,8321.5125,6,6,2648,2,29,20,12.41,20,660.27,29.51114784978633,83.02341726282799,208.51419516888146,790.6136375682905,2024-04-01,2025-10-06 10:51:26.791,19,4,0,1,1,0,0,0,0,0,0,1,0,0,0,0,1,0,0,0,1,0,0,0,0,0
CUS_0x554b,15127.05,1482.3392101813934,8,5,15,4,28,12,11.16,20,194.3,35.58290765977845,93.51033730610943,176.29622776142782,234.7004747510691,2024-04-01,2025-10-06 10:51:26.791,26,3,1,1,0,0,1,0,0,1,0,0,0,0,0,0,1,0,0,0,0,0,1,0,0,0
CUS_0x838a,30373.35,2495.1125,3,5,4,3,13,9,11.51,10,791.4,31.86377886104033,55.61424997657002,247.5270689788092,236.3699310446208,2024-04-01,2025-10-06 10:51:26.791,31,9,1,1,0,1,0,0,0,0,0,0,1,0,0,1,0,0,0,0,0,0,1,0,0,0
CUS_0x8bd4,106251.21,8805.2675,0,4,7,3,12,2,6.3900000000000015,30,513.1,36.64801394486706,245.5260120704542,190.94617814920596,684.0545597803398,2024-04-01,2025-10-06 10:51:26.791,28,11,1,0,0,0,1,0,0,1,0,0,1,0,0,1,0,0,0,0,0,1,0,0,0,0
CUS_0xa7ce,14835.22,1008.2683333333332,10,10,27,2,48,17,9.4,110,2440.6,31.44416269778756,20.53959002381176,55.26837412186257,285.018869187659,2024-04-01,2025-10-06 10:51:26.791,20,6,0,0,0,1,1,0,0,0,0,1,0,0,0,0,0,1,0,1,0,0,0,0,0,0
CUS_0x21bb,89531.13,7216.927500000002,3,4,10,3,11,12,2.96,40,931.94,40.87238190970631,223.2765484508152,194.0429777534999,584.3732237956851,2024-04-01,2025-10-06 10:51:26.791,32,5,0,1,0,0,0,0,1,0,0,0,1,0,0,0,0,0,1,0,0,0,0,1,0,0
CUS_0x4f29,18431.8,1543.9833333333331,7,5,4,4,29,11,4.59,50,1405.43,28.33518544174956,52.69003965639821,137.91092021259374,253.7973734643414,2024-04-01,2025-10-06 10:51:26.791,29,6,0,0,0,1,1,1,0,0,0,0,1,0,0,1,0,0,0,0,0,0,0,0,0,1
CUS_0xa46,9559.285,789.6070833333333,8,7,6,6,12,17,8.46,70,1234.79,36.035339895854335,37.73284387974515,66.0178421686448,255.2100222849434,2024-04-01,2025-10-06 10:51:26.791,16,8,1,0,1,0,1,0,0,1,0,1,0,0,0,0,1,0,0,0,0,0,0,1,0,0
CUS_0x2cfe,38694.66,3080.5550000000007,2,3,2,3,3,11,1.72,20,711.09,30.78740099981213,70.4794780602462,40.71012908301157,446.86589285674233,2024-04-01,2025-10-06 10:51:26.791,32,10,0,0,0,0,0,0,1,1,0,0,1,0,0,1,0,0,0,0,1,0,0,0,0,0
CUS_0x34a8,81566.25,7036.1875,7,6,12,3,15,11,6.27,20,231.16,32.84563427846417,136.2266373365261,168.17769997353284,639.2144126899411,2024-04-01,2025-10-06 10:51:26.791,30,3,0,0,1,1,0,0,0,0,1,0,1,0,0,1,0,0,0,0,0,1,0,0,0,0
CUS_0xbda3,30972.54,2431.045,7,9,16,2,59,15,18.91,100,2203.46,34.15679946897065,35.63379961862531,149.89179969317223,317.57890068820245,2024-04-01,2025-10-06 10:51:26.791,14,4,1,0,0,0,0,0,1,0,0,1,0,0,0,0,0,0,1,1,0,0,0,0,0,0
CUS_0xc35c,105750.3,9037.525,5,5,17,0,21,14,10.41,50,901.52,36.50772107980178,0.0,188.887919840076,954.864580159924,2024-04-01,2025-10-06 10:51:26.791,31,5,0,0,0,0,0,0,0,0,0,1,0,0,0,0,1,0,0,0,0,1,0,0,0,0
CUS_0x463e,14937.63,1495.8025,6,6,27,5,24,9,10.07,60,2031.23,36.88478394669235,60.36998092001871,101.94241098897378,257.26785809100755,2024-04-01,2025-10-06 10:51:26.791,14,10,1,0,0,0,1,1,1,0,1,1,0,0,0,0,1,0,0,0,0,0,0,0,1,0
CUS_0x8a8e,80661.32,6551.776666666668,5,4,30,4,5,15,9.58,50,1482.15,33.60816609228138,135.56247407463508,232.773326525554,536.8418660664777,2024-04-01,2025-10-06 10:51:26.791,7,10,0,0,1,0,1,0,0,0,1,1,0,0,0,0,1,0,0,0,1,0,0,0,0,0
CUS_0x700f,72896.12,5885.676666666666,5,1,12,4,3,2,2.71,80,1141.3,38.88252850973241,208.4931918271071,521.9237098608793,128.15076497868031,2024-04-01,2025-10-06 10:51:26.791,21,8,0,0,0,0,0,0,1,1,1,0,1,0,0,1,0,0,0,0,0,0,0,0,1,0
CUS_0xa075,42900.21,3480.0175,8,5,17,4,18,13,10.47,60,2696.09,37.32940036076671,111.20931082610218,64.16691581253976,422.6255233613581,2024-04-01,2025-10-06 10:51:26.791,10,4,1,1,0,1,0,0,0,1,0,1,0,0,0,0,1,0,0,0,1,0,0,0,0,0
CUS_0x21c1,107280.66,8671.055,5,5,10,1,30,13,13.23,40,1028.07,30.71611855009393,51.47637440167993,338.54835845715525,767.080767141165,2024-04-01,2025-10-06 10:51:26.791,21,0,0,0,0,0,0,0,0,1,0,1,0,0,0,0,1,0,0,0,0,0,1,0,0,0
CUS_0x76d0,21324.515,1532.0429166666663,0,7,3,4,2,13,3.84,60,361.43,34.25776421206895,64.07414236629235,108.70782032286756,270.4223289775068,2024-04-01,2025-10-06 10:51:26.791,25,3,0,0,1,1,0,1,1,0,0,0,1,0,0,1,0,0,0,0,0,0,1,0,0,0
CUS_0xa0cd,21209.33,1749.444166666667,7,7,8,0,30,12,18.7,70,138.94,24.61711510456771,17.303508891205805,87.5583238211089,340.082583954352,2024-04-01,2025-10-06 10:51:26.791,24,9,0,0,1,0,0,0,0,0,0,0,0,0,0,0,1,0,0,0,0,0,0,0,1,0
CUS_0x432b,19620.3,1866.025,3,5,14,3,17,11,10.45,40,168.0,28.11244676544569,36.97127884273296,56.719542192222214,301.0888492766509,2024-04-01,2025-10-06 10:51:26.791,17,5,0,0,0,0,1,0,1,1,0,1,0,0,0,0,1,0,0,0,0,0,1,0,0,0
CUS_0x659f,71980.26,5715.355,4,3,13,4,17,20,1.6,40,909.73,27.18958012953853,198.4913808903692,87.96181988365387,535.0822992259768,2024-04-01,2025-10-06 10:51:26.791,17,5,1,0,0,1,0,1,1,0,0,0,1,0,0,0,1,0,0,0,1,0,0,0,0,0
CUS_0x193c,83675.56,6913.963333333332,10,10,19,6,21,21,7.76,60,2671.76,27.357033100805005,361.77764391297904,144.5504250214203,425.0682643989341,2024-04-01,2025-10-06 10:51:26.791,13,2,1,1,0,0,1,0,0,1,0,0,0,0,0,0,0,1,0,0,0,1,0,0,0,0
CUS_0x5f15,7617.915,626.82625,8,6,16,9,50,19,15.47,140,3257.62,35.612286489215265,52.469989240305566,74.58069018023664,225.6319455794578,2024-04-01,2025-10-06 10:51:26.791,9,5,0,1,1,1,1,0,1,1,1,1,0,0,0,0,0,0,1,0,0,0,1,0,0,0
CUS_0x7b3c,44386.47,3703.8725,10,6,26,9,38,25,11.95,120,1275.46,30.27410217180387,298.8485302847755,105.85414524349329,215.6845744717312,2024-04-01,2025-10-06 10:51:26.791,9,6,0,1,1,0,1,0,0,1,1,1,0,0,0,0,0,0,1,0,1,0,0,0,0,0
CUS_0x633b,98136.72,8433.060000000001,2,1,5,4,7,0,5.37,90,1167.83,32.268509835851525,200.8820832930128,446.68336031329306,455.7405563936943,2024-04-01,2025-10-06 10:51:26.791,22,3,0,0,1,1,0,1,0,0,1,0,1,0,0,0,0,0,1,1,0,0,0,0,0,0
CUS_0x824c,91610.4,7499.2,7,6,5,1,5,20,3.99,10,1091.09,29.788424607773123,18419.0,10000.0,234.68206091611614,2024-04-01,2025-10-06 10:51:26.791,22,2,0,0,0,1,0,0,0,0,0,0,1,0,0,0,1,0,0,0,0,0,0,1,0,0
CUS_0x16cf,17206.61,1523.884166666667,10,8,33,8,38,16,1.85,100,3218.04,32.329236291759045,65.32208336856283,204.46870620197438,172.59762709612954,2024-04-01,2025-10-06 10:51:26.791,9,8,1,1,0,1,1,1,0,1,0,1,0,0,0,0,0,0,1,0,0,0,1,0,0,0
CUS_0x2c1a,8609.79,511.4825000000001,8,8,28,6,16,23,24.1,70,3688.7,38.056955067589946,34.83110684041458,33.39379590330121,262.92334725628416,2024-04-01,2025-10-06 10:51:26.791,6,10,1,1,0,0,0,1,1,1,0,0,0,0,0,0,0,1,0,0,0,0,0,0,0,1
CUS_0x792d,147583.4,12224.616666666669,6,7,9,0,7,18,17.22,100,194.4,41.08062295466364,0.0,113.0563540353257,1349.4053126313408,2024-04-01,2025-10-06 10:51:26.791,24,4,0,0,0,0,0,0,0,0,0,1,0,0,0,0,1,0,0,0,0,1,0,0,0,0
CUS_0x1ed2,20132.77,1690.730833333333,9,8,18,2,16,18,17.34,110,1708.53,40.88289217559581,22.535356236379,22.718853592050948,363.8188735049034,2024-04-01,2025-10-06 10:51:26.791,16,3,0,0,1,0,1,0,0,0,0,1,0,0,0,0,1,0,0,0,0,1,0,0,0,0
CUS_0x3176,94120.35,8083.3625,1,4,4,3,8,9,1.43,10,1175.31,23.74447704963421,219.7001686423877,734.5124689854213,144.12361237219125,2024-04-01,2025-10-06 10:51:26.791,20,5,1,0,1,0,1,0,0,0,0,0,1,0,0,0,0,0,1,0,0,0,1,0,0,0
CUS_0x68ea,41646.88,3515.5733333333333,4,4,3,4,10,8,9.62,50,732.11,24.95943147210949,80.73234980126487,63.614868553009046,457.21011497905937,2024-04-01,2025-10-06 10:51:26.791,25,0,0,0,0,1,0,1,1,0,0,0,1,0,0,1,0,0,0,0,1,0,0,0,0,0
CUS_0x8f16,33717.92,2952.8266666666664,10,9,17,7,51,15,6.03,120,1298.16,25.23752428805416,180.74039595692503,10000.0,213.9915738062442,2024-04-01,2025-10-06 10:51:26.791,11,0,1,1,1,1,1,0,0,1,0,1,0,0,0,0,0,1,0,0,0,0,1,0,0,0
CUS_0x13d5,124183.56,10156.63,7,5,5,2,12,17,11.19,60,247.96,37.84311828137015,156.30495165285998,78.03561973516958,1021.3224286119704,2024-04-01,2025-10-06 10:51:26.791,31,4,0,0,0,0,0,1,0,1,0,0,0,0,0,1,0,0,0,0,0,1,0,0,0,0
CUS_0x36ff,45780.86,3541.0716666666667,6,6,19,5,28,16,16.18,120,984.91,34.73462567768252,125.9581067817088,305.38383584934894,192.76522403560887,2024-04-01,2025-10-06 10:51:26.791,6,4,0,1,1,1,0,0,1,0,0,1,0,0,0,0,1,0,0,0,0,0,0,0,1,0
CUS_0x5ffc,66554.31,5744.1925,4,6,15,3,14,19,10.12,50,485.7,32.52890387835412,101.92311489248776,217.79846733598052,504.69766777153166,2024-04-01,2025-10-06 10:51:26.791,19,2,0,1,1,0,0,0,0,1,0,0,1,0,0,0,1,0,0,0,1,0,0,0,0,0
CUS_0x5859,29943.55,2432.295833333333,4,5,6,3,1,5,11.1,30,348.19,29.879081374081448,62.416374983758594,10000.0,339.4115910945317,2024-04-01,2025-10-06 10:51:26.791,26,5,0,0,0,1,1,0,0,0,1,0,1,0,0,1,0,0,0,0,0,0,0,0,1,0
CUS_0x58b5,8246.71,539.0720062378177,6,3,34,7,6,13,7.58,100,2006.97,30.9126637584753,57.26847414797051,56.087238352673594,250.52069792820475,2024-04-01,2025-10-06 10:51:26.791,11,10,0,0,1,1,0,1,1,0,1,1,0,0,0,0,1,0,0,0,0,0,1,0,0,0
CUS_0x731c,19852.09,1654.3408333333334,10,8,34,7,20,17,17.6,120,3176.77,35.34439659163888,93.69111843644406,23.983095775234627,287.7598691216547,2024-04-01,2025-10-06 10:51:26.791,9,0,1,1,0,0,0,1,1,0,0,1,0,0,0,0,0,0,1,0,0,1,0,0,0,0
CUS_0xc5ee,1.6848804E7,3797.351204331034,7,6,31,8,22,25,16.11,120,4998.07,34.674861696813785,519.8004774811528,201.53060526134317,306.8174629264704,2024-04-01,2025-10-06 10:51:26.791,6,11,0,1,1,0,0,1,1,0,1,1,0,0,0,0,0,1,0,0,0,0,0,0,0,1
CUS_0x2e15,44036.97,3884.7475,2,3,11,4,15,3,7.77,40,992.83,35.838298592086616,82.98637941706055,10000.0,461.68958817031034,2024-04-01,2025-10-06 10:51:26.791,29,6,0,0,0,1,0,1,1,0,0,0,0,0,0,1,0,0,0,0,0,0,1,0,0,0
CUS_0x4409,82899.52,7069.293333333334,6,5,29,9,60,23,1.96,120,2550.26,30.722005153503,575.2949266958503,10000.0,145.82159762972978,2024-04-01,2025-10-06 10:51:26.791,5,2,1,1,1,1,1,0,0,1,0,1,0,0,0,0,0,1,0,0,1,0,0,0,0,0
CUS_0x97a0,59978.52,4847.21,6,7,13,0,10,11,3.54,30,479.07,34.98702082227376,0.0,288.4303379113913,486.29066208860877,2024-04-01,2025-10-06 10:51:26.791,30,1,0,0,0,0,0,0,0,0,0,0,1,0,0,0,1,0,0,0,0,0,1,0,0,0
CUS_0xc47,55644.14,4908.011666666666,5,3,6,4,26,21,3.64,40,147.64,36.43645259258098,181.7764244731134,316.4318836616906,252.59285853186265,2024-04-01,2025-10-06 10:51:26.791,20,10,0,0,0,0,1,0,0,1,1,0,1,0,0,0,1,0,0,1,0,0,0,0,0,0
CUS_0xa742,16474.49,1165.8741666666667,8,3,23,5,3,10,15.36,150,1538.62,39.11833279576995,68.4496453041275,56.947199032143224,281.190572330396,2024-04-01,2025-10-06 10:51:26.791,18,2,0,0,1,1,0,1,1,0,1,1,0,0,0,0,1,0,0,0,0,0,1,0,0,0
CUS_0xcea,13815.325,1133.2770833333334,4,4,4,0,6,12,0.52,50,565.72,40.7418160331056,0.0,41.078462143166696,352.24924619016673,2024-04-01,2025-10-06 10:51:26.791,30,3,0,0,0,0,0,0,0,0,0,0,1,0,0,0,1,0,0,0,0,0,0,1,0,0
CUS_0xbfa8,16210.85,1486.904166666667,6,3,6,3,15,21,2.49,50,188.36,25.836773796429878,30.738948500744435,83.85603239253169,314.0954357733905,2024-04-01,2025-10-06 10:51:26.791,29,6,0,0,0,0,0,0,1,0,1,0,1,0,0,0,0,0,1,0,0,0,0,1,0,0
CUS_0xa6e0,150755.48,12764.956666666669,5,5,7,4,13,4,2.54,60,559.23,31.95284444827152,470.40725533626966,1030.2957115071126,55.792699823284245,2024-04-01,2025-10-06 10:51:26.791,32,0,0,1,1,0,0,1,0,1,0,0,1,0,0,1,0,0,0,0,0,0,0,1,0,0
CUS_0x90d0,46477.56,4059.13,7,10,24,6,48,22,7.67,120,1799.87,31.49661137733685,212.2481903604725,169.107570766138,314.55723887338945,2024-04-01,2025-10-06 10:51:26.791,9,3,0,1,1,0,0,1,0,1,1,1,0,0,0,0,0,1,0,0,0,0,1,0,0,0
CUS_0x4333,116809.0,9812.083333333334,3,988,3,3,0,4,6.73,30,1312.44,35.623609040507546,191.675705460367,314.20020583982085,725.3324220331456,2024-04-01,2025-10-06 10:51:26.791,18,10,0,0,1,0,1,0,0,0,1,0,1,0,0,1,0,0,0,0,1,0,0,0,0,0
CUS_0x5407,34081.38,2611.115,8,7,15,3,30,14,17.13,90,1704.18,33.82348834412097,70.47833267207261,29.32636371091455,411.3068036170128,2024-04-01,2025-10-06 10:51:26.791,15,2,0,1,0,0,1,1,0,0,0,1,0,0,0,0,0,0,1,0,1,0,0,0,0,0
CUS_0x56bb,18202.79,1390.8991666666668,4,4,5,1,6,11,9.7,80,911.09,30.95931028050948,11.846005156467273,178.57755110095601,238.66636040924342,2024-04-01,2025-10-06 10:51:26.791,17,6,1,0,0,0,0,0,0,0,0,1,0,0,0,0,1,0,0,0,0,0,0,0,0,1
CUS_0x6896,31896.7,2832.058333333333,7,7,9,2,23,20,17.95,100,1941.65,31.04889903446504,48104.0,126.28740141344083,410.58669020027634,2024-04-01,2025-10-06 10:51:26.791,19,8,0,0,0,0,0,0,1,1,0,1,0,0,0,0,1,0,0,0,0,0,1,0,0,0
CUS_0x93f5,66881.2,5873.4333333333325,3,5,17,2,22,19,0.0,40,240.6,37.29561773434513,56.79396009745903,791.295753144168,29.253620091706352,2024-04-01,2025-10-06 10:51:26.791,14,0,0,0,0,0,0,0,1,1,0,1,0,0,0,0,1,0,0,0,0,0,1,0,0,0
CUS_0x228c,23977.89,1834.1575,3,5,16,4,17,18,6.75,30,423.36,36.2067818473349,72.00967241916908,123.77791573757908,277.62816184325186,2024-04-01,2025-10-06 10:51:26.791,30,2,0,0,1,1,0,0,0,0,0,0,1,0,0,0,1,0,0,0,0,0,1,0,0,0
CUS_0x5479,29365.12,2524.093333333333,5,5,12,1,11,11,7.04,50,463.57,25.2216047461326,21.52158418849424,26.70294272196765,348.06772724413764,2024-04-01,2025-10-06 10:51:26.791,26,4,0,0,0,0,0,0,1,0,0,0,1,0,0,0,0,0,1,0,0,0,0,0,1,0
CUS_0x73de,101748.16,8382.013333333334,6,7,5,3,11,21,18.66,120,483.4,26.698209238790717,155.11502636519032,10000.0,371.3413673020926,2024-04-01,2025-10-06 10:51:26.791,16,3,1,0,1,0,0,0,0,0,0,1,0,0,0,0,0,0,1,0,0,0,0,1,0,0
CUS_0xa18d,17492.31,1564.6925,7,9,27,3,44,13,15.15,110,2105.3,28.44456164691855,23.282682425480555,126.82285304964549,276.363714524874,2024-04-01,2025-10-06 10:51:26.791,6,6,0,1,0,0,1,1,0,0,0,1,0,0,0,0,1,0,0,0,0,0,0,0,1,0
CUS_0x38bc,14263.355,918.6129166666668,1,7,12,2,16,9,10.75,40,542.5,35.515098870828744,23.47531041348455,81.5307654207709,276.8552158324112,2024-04-01,2025-10-06 10:51:26.791,18,10,1,0,1,0,0,0,0,0,0,0,1,0,0,0,0,0,1,0,0,0,1,0,0,0
CUS_0x4640,56614.2,4638.85,9,10,33,7,49,12,11.23,130,2600.73,38.6311755380394,310.1451069152477,135.69003763399556,156.32819664042339,2024-04-01,2025-10-06 10:51:26.791,18,9,0,1,0,0,1,0,1,1,1,1,0,0,0,0,1,0,0,1,0,0,0,0,0,0
CUS_0x4b5a,24458.57,2271.214166666666,4,4,8,2,12,8,6.12,20,213.33,32.725177779292075,29.79043267476233,179.4470055207671,287.88397847113725,2024-04-01,2025-10-06 10:51:26.791,25,3,0,0,0,1,1,0,0,0,0,0,1,0,0,0,0,0,1,0,0,0,0,0,1,0
CUS_0x5bfe,11877.735,724.8112500000002,3,4,15,4,14,8,9.64,70,172.91,36.78665623727218,22.91934962943081,51.308481751728785,278.2532936188404,2024-04-01,2025-10-06 10:51:26.791,30,9,0,0,0,0,1,1,1,0,0,1,0,0,0,0,1,0,0,0,0,0,0,1,0,0
CUS_0x60e3,53945.85000000001,4479.4875,7,6,23,2,38,24,11.82,110,2352.38,30.34380437511596,71.11290617852161,10000.0,556.6832709944729,2024-04-01,2025-10-06 10:51:26.791,9,2,0,0,0,0,1,0,0,1,0,1,0,0,0,0,0,0,1,0,1,0,0,0,0,0
CUS_0x7590,68665.76,5619.1466666666665,7,6,13,7,11,20,7.05,110,420.02,36.207692093862185,329.66606191159576,201.18029481445515,321.0683099406158,2024-04-01,2025-10-06 10:51:26.791,12,8,1,0,1,1,0,1,1,1,0,1,0,0,0,0,1,0,0,0,0,0,1,0,0,0
CUS_0x9365,16868.34,1570.695,10,7,22,8,31,19,5.36,80,2086.07,24.14085796470705,101.50571588415876,20.538954031434766,222.99341744643368,2024-04-01,2025-10-06 10:51:26.791,12,8,1,1,0,1,0,0,0,1,1,1,0,0,0,0,0,0,1,0,0,0,0,1,0,0
CUS_0xf64,56125.5,4875.125,8,3,18,2,30,14,17.89,40,370.22,26.88811207844832,81.82285657517096,83.09070109132252,572.5989423335067,2024-04-01,2025-10-06 10:51:26.791,29,0,1,0,1,0,0,0,0,0,0,1,0,0,0,0,0,0,1,0,1,0,0,0,0,0
CUS_0x3195,177947.28,15101.94,2,7,954,0,10,0,8.17,30,1284.4,37.14158930020225,0.0,636.2300250705163,1143.9639749294838,2024-04-01,2025-10-06 10:51:26.791,30,10,0,0,0,0,0,0,0,0,0,0,1,0,0,1,0,0,0,0,0,0,0,0,1,0
CUS_0x5309,36338.78,2908.231666666666,8,8,30,5,40,20,3.01,140,1861.75,34.93111969501172,86.67994081293507,70.59891898291725,373.54430687081435,2024-04-01,2025-10-06 10:51:26.791,6,5,0,1,1,0,0,0,0,1,0,1,0,0,0,0,0,1,0,0,0,0,0,0,0,1
CUS_0x1534,24482.38,2242.1983333333333,6,4,9,1,25,20,8.31,80,725.13,24.2025689114208,15.625747735807051,119.79954845181094,348.7945371457154,2024-04-01,2025-10-06 10:51:26.791,25,8,0,0,0,0,0,1,0,0,0,1,0,0,0,0,0,0,1,1,0,0,0,0,0,0
CUS_0x3d71,128674.44,10551.87,1,7,2,0,10,2,8.49,40,930.71,39.554156388609854,0.0,593.9893053271074,741.1976946728928,2024-04-01,2025-10-06 10:51:26.791,24,6,0,0,0,0,0,0,0,0,0,0,1,0,0,0,0,0,1,0,0,0,0,1,0,0
CUS_0x66ce,15685.095,1328.09125,3,7,7,0,13,18,3.93,50,350.98,32.76147985182793,0.0,73.57164283383875,349.23748216616127,2024-04-01,2025-10-06 10:51:26.791,33,5,0,0,0,0,0,0,0,0,0,0,1,0,0,0,1,0,0,0,0,0,1,0,0,0
CUS_0x6794,103353.06,8527.755,3,3,6,1,4,12,3.11,20,1374.56,41.83706533235723,64.00168567310892,67.10576784585814,961.6680464810327,2024-04-01,2025-10-06 10:51:26.791,26,2,0,0,0,0,0,1,0,0,0,0,1,0,0,1,0,0,0,0,0,1,0,0,0,0
CUS_0x69c7,17653.7,1418.1416666666669,9,8,20,6,17,20,1.95,130,1846.17,36.47861125262138,54.20127791564646,84.45349594319329,293.15939280782686,2024-04-01,2025-10-06 10:51:26.791,13,4,0,1,1,1,0,0,0,1,0,1,0,0,0,0,0,1,0,0,0,0,1,0,0,0
CUS_0x9330,35755.69,2775.640833333333,8,3,1,1,23,20,0.8400000000000001,40,198.29,37.03418856361456,26.446878047647747,134.59864458401722,406.5185607016684,2024-04-01,2025-10-06 10:51:26.791,22,5,0,0,0,1,0,0,0,0,0,0,1,0,0,1,0,0,0,0,0,0,0,0,0,1
CUS_0xc394,108484.38,8820.365,4,7,6,1,29,15,10.07,70,1427.16,42.675663555777774,71.53422050961187,154.31253327081555,896.1897462195727,2024-04-01,2025-10-06 10:51:26.791,31,3,0,0,0,0,0,0,0,1,0,1,0,0,0,0,1,0,0,0,0,1,0,0,0,0
CUS_0x6853,8305.15,620.0958333333333,7,5,32,9,52,19,1.97,90,3816.44,29.867229449565357,48.915991149039904,81.78719697928919,221.30639520500424,2024-04-01,2025-10-06 10:51:26.791,3,0,0,0,1,1,1,1,1,1,1,1,0,0,0,0,0,1,0,0,0,0,1,0,0,0
CUS_0x9c99,74424.6,6025.05,9,8,21,6,47,19,4.36,130,1635.58,27.51466153383048,243.29953243714772,488.57588497625295,150.62958258659918,2024-04-01,2025-10-06 10:51:26.791,16,3,0,0,1,1,0,0,1,0,1,1,0,0,0,0,0,0,1,0,0,0,0,1,0,0
CUS_0xc24a,35520.48,2697.0400000000004,3,5,4,0,3,9,8.629999999999999,60,994.53,27.712777249594712,0.0,166.53848145305875,383.1655185469413,2024-04-01,2025-10-06 10:51:26.791,33,0,0,0,0,0,0,0,0,0,0,0,0,0,0,1,0,0,0,0,0,0,0,0,0,1
CUS_0x1220,128494.52,10580.876666666669,4,4,9,2,0,0,10.33,30,722.25,31.238780973394945,176.90460970962792,10000.0,995.2348625854976,2024-04-01,2025-10-06 10:51:26.791,28,8,1,0,0,0,0,1,0,0,0,0,1,0,0,1,0,0,0,0,0,1,0,0,0,0
CUS_0x5b90,98992.92,8207.41,5,7,13,3,8,12,9.72,40,441.72,32.50332493626626,240.81190401360183,111.14709199025148,718.7820039961467,2024-04-01,2025-10-06 10:51:26.791,19,6,0,0,0,0,1,0,0,0,1,1,0,0,0,0,0,0,1,0,1,0,0,0,0,0
CUS_0x5e7f,79413.04,6342.753333333332,10,10,21,3,39,20,11.83,110,2367.11,32.3783553253393,173.7773029102787,203.96495862379643,506.5330717992583,2024-04-01,2025-10-06 10:51:26.791,12,2,0,0,0,0,1,0,1,0,0,1,0,0,0,0,0,0,1,0,1,0,0,0,0,0
CUS_0x727e,19675.25,1450.604166666667,5,3,1,0,10,7,7.9,30,856.75,31.66186711859959,0.0,62.55782305001178,362.5025936166549,2024-04-01,2025-10-06 10:51:26.791,33,5,0,0,0,0,0,0,0,0,0,0,1,0,0,1,0,0,0,0,0,0,0,1,0,0
CUS_0x28d0,16293.385,1145.7820833333333,2,1,6,0,3,0,5.21,20,1189.57,37.24869231211365,0.0,31.101578666790427,333.4766296665429,2024-04-01,2025-10-06 10:51:26.791,20,4,0,0,0,0,0,0,0,0,0,0,0,0,0,1,0,0,0,0,1,0,0,0,0,0
CUS_0x4354,81935.42,6867.951666666668,5,4,9,1,5,12,5.3599999999999985,70,625.32,37.9763233063718,66.45771044835497,136.44358398188342,723.8938722364284,2024-04-01,2025-10-06 10:51:26.791,21,9,0,0,0,0,0,0,1,0,0,0,1,0,0,1,0,0,0,0,0,1,0,0,0,0
CUS_0x1a5a,32485.42,2451.1183333333333,3,6,7,0,17,14,0.92,20,998.9,39.41216622232805,0.0,56.18353882097721,428.92829451235616,2024-04-01,2025-10-06 10:51:26.791,33,5,0,0,0,0,0,0,0,0,0,0,1,0,0,0,1,0,0,0,0,1,0,0,0,0
CUS_0x1ec9,18756.78,1400.0649999999996,10,6,22,7,35,25,3.71,100,3536.4,28.648782412226485,77.47870599008185,127.15873318364712,225.369060826271,2024-04-01,2025-10-06 10:51:26.791,6,2,1,0,0,1,0,1,1,1,1,0,0,0,0,0,0,0,1,0,0,0,1,0,0,0
CUS_0x36a1,19214.965,1730.2470833333334,0,4,11,0,10,10,4.18,30,498.81,33.59769840328778,0.0,65.07211200139204,357.9525963319413,2024-04-01,2025-10-06 10:51:26.791,29,3,0,0,0,0,0,0,0,0,0,0,1,0,0,1,0,0,0,0,1,0,0,0,0,0
CUS_0x4883,151722.56,12352.546666666669,5,5,2,2,11,0,2.89,10,218.25,21.49586224620592,164.95207935104418,1385.0813493160085,1033.1733949527252,2024-04-01,2025-10-06 10:51:26.791,22,0,0,1,0,0,0,1,0,0,0,0,1,0,0,1,0,0,0,0,0,0,1,0,0,0
CUS_0x516c,38391.66,2921.3050000000007,4,1,1,1,3,2,7.08,50,271.61,33.21429611134117,24.362192648400157,240.05617196474168,297.71213538685817,2024-04-01,2025-10-06 10:51:26.791,24,8,1,0,0,0,0,0,0,0,0,0,1,0,0,1,0,0,0,0,0,0,0,0,1,0
CUS_0x5cde,47032.8,3906.4,8,3,16,3,19,7,11.64,6230,1901.62,38.828681267092094,103.3793064225517,52.64931919852604,484.61137437892233,2024-04-01,2025-10-06 10:51:26.791,17,8,1,0,1,0,1,0,0,0,0,1,0,0,0,0,1,0,0,0,0,0,0,0,0,1
CUS_0xa8df,140276.8,11738.733333333332,5,3,5,4,10,19,8.22,20,817.22,35.09925268858355,383.23845054781214,594.3442406188324,476.2906421666887,2024-04-01,2025-10-06 10:51:26.791,33,5,0,1,1,0,0,0,0,1,1,1,0,0,0,0,0,0,1,0,0,0,0,1,0,0
CUS_0x925e,16364.675,1661.7229166666666,8,5,12,2,9,9,9.92,0,60.17,34.85127154227699,16.37977717407205,66.36089195187898,343.43162254071564,2024-04-01,2025-10-06 10:51:26.791,16,0,0,0,1,0,0,0,0,0,1,0,1,0,0,1,0,0,0,1,0,0,0,0,0,0
CUS_0xae02,127052.04,10367.67,4,5,18,7,16,12,15.6,80,1339.15,32.673157858596504,651.8947715777102,489.4512590663023,155.42096935598738,2024-04-01,2025-10-06 10:51:26.791,16,3,0,0,1,1,0,1,1,0,1,1,0,0,0,0,1,0,0,1,0,0,0,0,0,0
CUS_0xb1d8,122105.64,10307.47,6,3,14,6,22,14,9.75,80,687.13,31.086839713205343,555.1684835720097,108.54077271253391,607.0377437154565,2024-04-01,2025-10-06 10:51:26.791,14,8,0,0,1,0,0,1,1,0,0,1,0,0,0,0,0,0,1,0,0,1,0,0,0,0
CUS_0xb675,9436.415,550.3679166666667,7,9,28,8,17,16,18.59,80,3073.02,29.623223993856143,41.32276573373212,28.82167164168723,244.89235429124733,2024-04-01,2025-10-06 10:51:26.791,3,10,1,0,1,0,0,1,1,0,1,1,0,0,0,0,0,1,0,1,0,0,0,0,0,0
CUS_0x49e4,85455.06,7125.255,4,7,6,3,18,16,2.29,50,146.68,38.7605298367596,161.40554272439888,528.3850085894362,302.734948686165,2024-04-01,2025-10-06 10:51:26.791,20,8,0,0,0,1,0,0,0,0,1,0,1,0,0,1,0,0,0,0,0,0,0,1,0,0
CUS_0x7174,7084.365,710.36375,6,6,27,7,23,19,20.3,40,1293.67,25.0771705117192,26.758124221428982,64.20976195565818,270.06848882291285,2024-04-01,2025-10-06 10:51:26.791,5,9,0,0,1,1,0,0,0,1,1,1,0,0,0,0,1,0,0,0,0,0,1,0,0,0
CUS_0x74e5,84120.45000000001,7031.037500000001,2,7,8,0,4,1,4.91,50,1317.56,39.32428018003918,136.27775632878337,276.0120854249784,580.8139082462384,2024-04-01,2025-10-06 10:51:26.791,19,6,0,0,0,0,1,1,0,1,0,0,1,0,0,1,0,0,0,0,0,0,1,0,0,0
CUS_0xbcfc,36963.89,2902.3241666666668,0,4,1,2,23,10,6.47,50,1195.96,30.14552960394523,46.45911389843329,100.49734552196452,433.27595724626883,2024-04-01,2025-10-06 10:51:26.791,16,10,0,1,0,0,0,0,0,0,0,0,1,0,0,0,0,0,1,0,0,0,1,0,0,0
CUS_0x36f2,15366.215,996.5179166666668,4,4,15,1,27,16,8.58,0,189.59,27.270313365916763,9.091012303737475,115.30711898225144,265.25366038067773,2024-04-01,2025-10-06 10:51:26.791,29,8,0,1,0,0,0,0,0,0,0,0,1,0,0,0,1,0,0,0,0,0,1,0,0,0
CUS_0x4517,40023.81,3214.3175,2,5,5,0,12,6,0.8,40,1137.04,33.64987942015738,122.9857763390716,150.04818437954128,308.39778928138713,2024-04-01,2025-10-06 10:51:26.791,27,11,0,0,1,0,0,1,0,1,1,0,1,0,0,1,0,0,0,1,0,0,0,0,0,0
CUS_0x5d09,33946.77,2723.8975,4,3,11,1,20,12,13.9,30,869.96,32.54958162786156,20.889068858763515,62.698320593521174,428.8023605477153,2024-04-01,2025-10-06 10:51:26.791,16,9,0,1,0,0,0,0,0,0,0,0,1,0,0,0,1,0,0,0,0,1,0,0,0,0
CUS_0x6083,17572.045,1604.337083333333,5,5,1,0,2,6,5.93,40,109.83,24.54756596005093,31.630691876948283,156.57731913731647,262.22569731906856,2024-04-01,2025-10-06 10:51:26.791,28,11,0,1,1,0,0,0,1,1,0,0,1,0,0,1,0,0,0,0,0,0,1,0,0,0
CUS_0xb057,31557.73,2877.810833333333,0,5,6,2,10,12,0.55,50,1323.96,35.128189158891246,28.793688487099576,253.86555150373056,295.1218433425032,2024-04-01,2025-10-06 10:51:26.791,24,3,0,1,0,0,0,1,0,0,0,0,1,0,0,1,0,0,0,0,0,0,1,0,0,0
CUS_0x3a57,83418.18,7113.514999999999,0,4,6,1,17,3,11.9,20,972.51,35.84877411722797,42518.0,84.13479926934414,807.6328199352167,2024-04-01,2025-10-06 10:51:26.791,30,4,0,0,0,1,0,0,0,0,0,0,1,0,0,1,0,0,0,0,0,1,0,0,0,0
CUS_0x4211,32100.8,2962.066666666666,8,6,33,7,23,17,2.78,140,4312.83,39.03377321512298,119.65147578042637,92.02079084717519,364.5344000390651,2024-04-01,2025-10-06 10:51:26.791,0,10,1,0,1,0,0,0,0,1,1,1,0,0,0,0,0,1,0,0,0,0,0,1,0,0
CUS_0x48d,12281.035,796.4195833333333,8,3,15,1,13,18,13.41,70,928.14,25.179663009346463,6.824666039084456,10000.0,311.38886573391954,2024-04-01,2025-10-06 10:51:26.791,21,5,0,0,0,0,0,1,0,0,0,1,0,0,0,0,1,0,0,0,0,0,1,0,0,0
CUS_0xa3f4,32776.72,2500.393333333333,9,9,32,9,52,21,15.91,70,3270.52,32.41806180178782,177.52661462416316,41.74014832525589,280.7725703839143,2024-04-01,2025-10-06 10:51:26.791,1,3,1,0,0,1,1,1,1,0,1,1,0,0,0,0,0,1,0,0,1,0,0,0,0,0
CUS_0x604a,94529.82,8153.485,3,5,10,0,26,2128,13.32,80,731.94,32.211968220122394,0.0,890.2003855496877,215.1481144503125,2024-04-01,2025-10-06 10:51:26.791,26,11,0,0,0,0,0,0,0,0,0,1,0,0,0,0,1,0,0,0,0,0,1,0,0,0
CUS_0x6a8b,26150.38,2183.1983333333333,5,7,10,4,14,18,2.08,20,316.19,37.93957224624496,84.84866346945164,155.69606271520848,247.7751071486732,2024-04-01,2025-10-06 10:51:26.791,31,0,0,1,1,0,0,0,0,0,0,0,1,0,0,1,0,0,0,0,0,0,0,0,1,0
CUS_0x234a,16108.46,1262.753448205275,10,7,25,6,42,19,7.91,70,1446.75,29.25177474115128,146.22602643033554,25.318983323926464,205.83066165855118,2024-04-01,2025-10-06 10:51:26.791,8,4,1,0,0,0,1,1,1,1,0,0,0,0,0,0,0,1,0,0,0,0,0,0,0,1
CUS_0x47b2,55583.67,4816.9725,6,5,11,2,23,17,12.29,60,2019.51,31.481239658358728,69.73399853680547,141.74714123852982,530.2161102246647,2024-04-01,2025-10-06 10:51:26.791,17,5,0,0,0,1,0,0,0,1,0,1,0,0,0,0,1,0,0,1,0,0,0,0,0,0
CUS_0x667a,32045.78,2677.4816666666666,6,9,30,7,10,13,17.19,110,1333.18,37.51904477626428,169.77037390258232,54.02723161906525,283.9505611450192,2024-04-01,2025-10-06 10:51:26.791,6,9,0,1,0,1,1,1,1,0,1,1,0,0,0,0,1,0,0,0,0,1,0,0,0,0
CUS_0x80d,23957.75,1736.479166666667,7,3,17,0,6,8,7.97,60,890.77,37.58019494787848,56625.0,96.7555823402552,274.38626246728745,2024-04-01,2025-10-06 10:51:26.791,22,9,0,1,0,0,1,0,0,0,0,1,0,0,0,0,1,0,0,1,0,0,0,0,0,0
CUS_0x2998,20889.65,1710.8041666666668,6,10,19,5,52,21,28.05,130,4323.55,33.41328591089462,43.67646306105137,146.5479586891624,270.8559949164529,2024-04-01,2025-10-06 10:51:26.791,5,3,0,1,1,0,0,0,0,0,1,1,0,0,0,0,0,1,0,0,0,0,1,0,0,0
CUS_0x4718,7023.16,767.2633333333333,7,3,10,3,10,14,12.67,90,335.3,32.363138817886465,17.08984253793023,100.36602818693031,249.27046260847283,2024-04-01,2025-10-06 10:51:26.791,18,4,0,0,0,0,1,0,0,1,0,1,0,0,0,0,1,0,0,0,0,0,1,0,0,0
CUS_0x1fbd,76881.84,6529.82,3,7,6,1,0,7,11.03,90,257.87,41.71280739503951,61.44003646410442,73.75544697431374,757.7865165615817,2024-04-01,2025-10-06 10:51:26.791,27,10,0,0,0,0,1,0,0,0,0,0,1,0,0,1,0,0,0,0,0,1,0,0,0,0
CUS_0x744b,28417.58,2365.1316666666667,6,8,27,8,39,18,25.6,80,3131.45,32.55394190863969,125.35712246534617,50.610945418262204,310.54509878305834,2024-04-01,2025-10-06 10:51:26.791,4,5,1,0,1,0,1,1,1,1,0,1,0,0,0,0,0,1,0,0,1,0,0,0,0,0
CUS_0x748,71536.52,5715.376666666668,7,7,5548,0,22,24,0.81,110,1390.09,31.393694281253406,339.74797141151987,47.67672978812626,424.11296546702056,2024-04-01,2025-10-06 10:51:26.791,11,8,0,0,1,0,1,1,1,0,1,1,0,0,0,0,0,0,1,0,0,1,0,0,0,0
CUS_0x9e43,16310.84,1333.236666666667,7,6,8,4,7,17,6.29,30,217.4,35.39604374024074,35.569760240023385,102.73398148595413,285.0199249406892,2024-04-01,2025-10-06 10:51:26.791,22,0,0,0,0,1,1,1,0,0,1,0,1,0,0,0,1,0,0,0,0,0,1,0,0,0
CUS_0xc700,32072.42,2768.7016666666664,4,7,1,3,0,8,6.11,60,441.0,36.55169694701112,76.46879211676061,169.1171287769863,311.28424577291975,2024-04-01,2025-10-06 10:51:26.791,20,11,0,1,1,0,0,0,0,1,0,0,1,0,0,1,0,0,0,0,0,0,0,1,0,0
CUS_0xe5b,1.7488375E7,3852.736666666666,5,7,5,1,12,6,2.25,40,1389.9,29.943038878356127,27.816261119818112,121.79930096189823,485.6581045849503,2024-04-01,2025-10-06 10:51:26.791,28,0,0,0,0,0,1,0,0,0,0,0,1,0,0,1,0,0,0,0,1,0,0,0,0,0
CUS_0x240d,139354.48,10872.26505763546,3,3,18,0,15,16,4.94,40,519.3,39.12793593553803,760.6082756978756,408.0045657757278,1005.2827675576056,2024-04-01,2025-10-06 10:51:26.791,20,6,0,0,0,0,0,0,0,0,0,0,1,0,0,0,1,0,0,0,1,0,0,0,0,0
CUS_0x460c,7019.435,711.9529166666667,6,5,20,6,23,11,10.42,50,328.81,24.22986566975656,25.2398745547056,0.0,279.2470080736623,2024-04-01,2025-10-06 10:51:26.791,7,0,1,1,0,0,1,0,0,0,1,1,0,0,0,0,1,0,0,0,0,1,0,0,0,0
CUS_0x599f,34352.2,2573.683333333333,6,6,25,6,28,15,26.68,80,3584.13,23.84504051105372,140.55075623369282,329.57264538604727,77.24493171359316,2024-04-01,2025-10-06 10:51:26.791,7,6,1,1,0,1,1,1,0,0,0,1,0,0,0,0,0,0,1,0,0,0,1,0,0,0
CUS_0x965d,96048.0,8139.0,3,4,101,2,8,10,7.94,10,875.35,26.8036546722498,156.92647043681208,817.8047604502167,119.1687691129714,2024-04-01,2025-10-06 10:51:26.791,16,9,0,0,0,0,0,0,1,1,0,0,1,0,0,1,0,0,0,0,0,0,0,1,0,0
CUS_0xcc3,127206.66,10631.555,1,7,10,1,3,0,0.56,50,61.05,28.68094370001625,57.74193101938323,799.8459749975593,485.56759398305746,2024-04-01,2025-10-06 10:51:26.791,16,2,0,0,0,0,1,0,0,0,0,0,1,0,0,0,0,0,1,0,0,0,0,0,0,1
CUS_0x1c26,60668.72,5310.7266666666665,3,7,2,1,16,5,0.6,60,922.32,30.22386744169017,47.4967564087986,168.69601981261826,594.8798904452499,2024-04-01,2025-10-06 10:51:26.791,29,8,0,0,0,0,0,1,0,0,0,0,1,0,0,1,0,0,0,0,0,0,0,1,0,0
CUS_0xa4fd,64930.47,5286.8725,4,7,20,2,15,19,0.0,40,1239.09,23.96618654056613,91.12971163623298,127.12954540178067,550.4279929619864,2024-04-01,2025-10-06 10:51:26.791,22,3,0,0,0,1,0,0,0,1,0,1,0,0,0,0,1,0,0,0,0,1,0,0,0,0
CUS_0x2714,30668.9,2530.741666666667,4,7,16,0,13,23,15.89,90,2300.97,34.87282604332684,60.225436836180144,78.71662879813599,364.1321010323505,2024-04-01,2025-10-06 10:51:26.791,8,6,0,0,0,1,0,0,1,1,0,1,0,0,0,0,1,0,0,0,1,0,0,0,0,0
CUS_0xae30,98198.07,8079.1725,1,3,10,3,27,1,2.23,20,433.07,40.42202562313708,150.14326224813254,144.37051636564962,753.4034713862178,2024-04-01,2025-10-06 10:51:26.791,30,6,0,0,0,0,1,1,0,0,0,0,0,0,0,1,0,0,0,0,0,1,0,0,0,0
CUS_0x33b5,78741.32,6458.776666666668,9,10,33,6,30,16,10.02,130,2011.92,26.30362067784073,12264.0,419.4312314069786,14.401593491907933,2024-04-01,2025-10-06 10:51:26.791,17,2,0,1,0,0,1,1,0,1,1,0,0,0,0,0,1,0,0,0,0,0,1,0,0,0
CUS_0xb8a2,87232.86,7118.405,4,4,20,3,27,9,12.84,80,1169.61,38.90349219529144,177.52915868950382,732.3261816794711,694.2964455712751,2024-04-01,2025-10-06 10:51:26.791,28,4,1,1,0,0,0,0,0,0,0,1,0,0,0,0,1,0,0,0,1,0,0,0,0,0
CUS_0x18ef,175127.04,14635.92,4,6,12,0,11,8,5.949999999999998,30,518.55,30.848563576182077,421.3377742369575,1887.5352110056256,933.2921815838887,2024-04-01,2025-10-06 10:51:26.791,30,5,1,0,0,0,0,0,1,0,1,0,1,0,0,0,0,0,1,0,0,0,0,0,0,1
CUS_0x1999,39020.72,3180.726666666667,3,3,19,1,18,15,1.75,30,1213.43,31.0050196388282,8392.0,408.8203273086203,172.75662795008392,2024-04-01,2025-10-06 10:51:26.791,20,10,0,0,0,0,0,0,1,0,0,1,0,0,0,0,1,0,0,0,0,0,1,0,0,0
CUS_0x8894,18976.46,1481.371666666667,8,7,22,7,63,15,27.54,100,4538.03,33.15810688914182,60.382666733697455,64.93729986135891,292.8172000716104,2024-04-01,2025-10-06 10:51:26.791,1,11,1,1,0,0,1,0,1,0,1,1,0,0,0,0,0,0,1,0,0,0,0,0,1,0
CUS_0x1422,57877.95,4531.1625,8,10,15,5,19,13,14.36,150,1805.92,34.802380380094945,204.4724625889849,294.4347682469838,244.2090191640313,2024-04-01,2025-10-06 10:51:26.791,20,0,1,0,0,0,1,0,1,0,1,1,0,0,0,0,1,0,0,0,0,0,1,0,0,0
CUS_0xa663,102287.79,7821.986249256031,6,6,8,1,16,23,10.8,0,1156.79,44.03482221071745,762.8051707646449,203.169885561551,841.7194444177718,2024-04-01,2025-10-06 10:51:26.791,28,2,0,0,0,0,0,0,0,1,0,1,0,0,0,0,1,0,0,0,1,0,0,0,0,0
CUS_0x272a,29633.99,2370.499166666667,7,4,15,2,23,18,9.95,90,113.42,32.85418038429188,32.22601306802566,120.9769153686524,343.84698822998865,2024-04-01,2025-10-06 10:51:26.791,6,5,1,0,0,0,1,0,0,0,0,1,0,0,0,0,1,0,0,1,0,0,0,0,0,0
CUS_0x2ff3,8949.35,545.7791666666667,3,9,15,6,15,20,15.96,140,2556.01,30.49259108483037,41.359270191369575,43.718929763499524,239.4997167117976,2024-04-01,2025-10-06 10:51:26.791,8,5,1,1,1,0,0,0,1,0,1,1,0,0,0,0,1,0,0,0,0,0,0,0,0,1
CUS_0x8158,32729.97,2908.4975,6,3,14,4,7,15,9.71,90,325.68,35.48975442029673,108.8103330753675,385.8931840664021,86.14623285823046,2024-04-01,2025-10-06 10:51:26.791,31,0,1,0,0,0,0,0,0,1,1,1,0,0,0,0,1,0,0,0,0,0,1,0,0,0
CUS_0x38c2,34860.36,2739.03,8,3,14,2,7,14,11.53,20,1301.87,32.40505083630552,34.61158479652975,10000.0,411.9492915565904,2024-04-01,2025-10-06 10:51:26.791,33,2,1,0,0,1,0,0,0,0,0,0,0,0,0,0,1,0,0,0,1,0,0,0,0,0
CUS_0x7b40,46390.56,3851.88,10,5,22,5,16,17,29.72,100,3766.41,37.86399734384866,102.01292200026658,32.550133466307614,490.62494453342583,2024-04-01,2025-10-06 10:51:26.791,5,6,0,0,1,1,1,0,0,0,1,0,0,0,0,0,0,1,0,0,0,0,0,0,0,1
CUS_0x9d38,27061.84,2148.153333333333,4,5,11,3,27,14,2.01,20,936.1,29.7462961037753,44.00129215994483,41.47789829697157,389.33614287641694,2024-04-01,2025-10-06 10:51:26.791,19,6,0,0,0,0,0,0,0,1,1,1,0,0,0,0,1,0,0,1,0,0,0,0,0,0
CUS_0x52e7,12681.45,1191.7875,6,7,15,0,13,16,9.49,20,624.12,26.564024924655666,0.0,49.97227605044439,359.2064739495556,2024-04-01,2025-10-06 10:51:26.791,17,5,0,0,0,0,0,0,0,0,0,1,0,0,0,0,1,0,0,0,0,0,0,0,0,1
CUS_0x5c0f,116336.32,9553.693333333336,3,3,11,0,9,7,3.0,20,1117.3,41.18784255058615,0.0,351.29228045607863,874.0770528772549,2024-04-01,2025-10-06 10:51:26.791,23,1,0,0,0,0,0,0,0,0,0,0,1,0,0,1,0,0,0,0,0,0,0,0,0,1
CUS_0xc548,36154.22,3043.851666666667,8,9,32,6,61,18,25.31,100,4907.1,35.74632064666314,96.92283322908268,107.94619059896792,349.5161428386161,2024-04-01,2025-10-06 10:51:26.791,12,11,0,0,0,1,1,1,1,1,0,1,0,0,0,0,0,0,1,0,1,0,0,0,0,0
CUS_0x50ef,36794.54,3165.211666666666,7,4,9,0,27,15,8.69,50,1117.63,38.13622548706681,0.0,40.653141988083675,515.868024678583,2024-04-01,2025-10-06 10:51:26.791,8,10,0,0,0,0,0,0,0,0,0,0,0,0,0,0,1,0,0,0,0,1,0,0,0,0
CUS_0xd78,83642.91,6148.311616558191,3,57,6,0,22,12,11.57,90,793.04,28.054927689662232,882.9308834418084,52.92149075741896,455.1362045634648,2024-04-01,2025-10-06 10:51:26.791,20,0,0,0,0,0,0,0,0,0,0,1,0,0,0,0,0,0,1,0,0,0,0,0,1,0
CUS_0x3003,15129.9,1166.825,7,9,28,9,62,16,8.73,80,1801.79,31.282689627940588,70.50545410331424,98.71312196259274,237.46392393409303,2024-04-01,2025-10-06 10:51:26.791,17,5,1,1,0,1,1,1,1,1,1,1,0,0,0,0,0,0,1,0,0,0,1,0,0,0
CUS_0x883e,29715.16,2044.231425814485,4,6,16,5,18,9,14.19,80,1036.03,22.460287064583877,349.455389736067,211.79631842162664,220.3065326944881,2024-04-01,2025-10-06 10:51:26.791,20,0,0,0,0,1,0,1,0,0,1,1,0,0,0,0,1,0,0,0,0,0,1,0,0,0
CUS_0x9ff7,41813.18,3729.431666666667,7,3,15,0,10,13,9.68,60,1372.83,28.853796876099207,0.0,280.09299681646723,382.85016985019945,2024-04-01,2025-10-06 10:51:26.791,30,11,0,0,0,0,0,0,0,0,0,0,1,0,0,0,1,0,0,0,0,0,1,0,0,0
CUS_0xb40,60348.92,5245.076666666667,6,6,13,699,8,22,8.53,10,1134.8,37.65413541942486,84.7803839535242,185.34834822016975,524.3789344929728,2024-04-01,2025-10-06 10:51:26.791,16,0,0,1,0,0,0,0,1,0,0,1,0,0,0,0,1,0,0,0,0,0,0,0,1,0
CUS_0x39d7,20377.7,1659.1416666666669,6,5,15,2,21,17,17.14,60,1490.65,25.30344389537089,29.92158094492277,155.8533973622973,270.1391883594466,2024-04-01,2025-10-06 10:51:26.791,11,3,0,0,0,0,0,1,0,1,0,1,0,0,0,0,1,0,0,0,0,0,1,0,0,0
CUS_0xf8b,43922.32,3869.193333333333,2,6,6,3,0,7,8.67,40,233.83,40.05846920323405,66.54092877451282,327.5176028451632,282.8608017136573,2024-04-01,2025-10-06 10:51:26.791,22,10,0,0,0,1,1,1,0,0,0,0,1,0,0,1,0,0,0,0,0,0,1,0,0,0
CUS_0x2d3e,68214.9,5660.575,6,5,7,2,30,12,16.22,60,978.49,26.59988346920549,59.13169477949359,110.68781741951928,646.2379878009873,2024-04-01,2025-10-06 10:51:26.791,28,2,0,0,0,1,1,0,0,0,0,1,0,0,0,0,1,0,0,0,1,0,0,0,0,0
CUS_0x2102,125883.99,10508.3325,4,6,7,4,14,2,11.14,70,575.48,29.951222705414644,299.907488848736,147.80250831146657,843.1232528397977,2024-04-01,2025-10-06 10:51:26.791,29,10,0,0,1,0,1,0,0,1,0,0,1,0,0,1,0,0,0,0,0,1,0,0,0,0
CUS_0x57e,70015.36,6128.120989908893,8,4,7,6,21,11,16.68,70,134.86,26.737618985717745,351.32148634443206,68.52961612914585,444.60257428419663,2024-04-01,2025-10-06 10:51:26.791,11,8,1,1,0,1,1,0,0,0,1,1,0,0,0,0,1,0,0,0,1,0,0,0,0,0
CUS_0xbd76,17923.435,1203.6195833333334,7,7,8,1,16,13,16.42,10,1300.81,35.62987084656803,7.847698736792763,160.23917276770564,242.27508682883496,2024-04-01,2025-10-06 10:51:26.791,24,11,1,0,0,0,0,0,0,0,0,1,0,0,0,0,0,0,1,0,0,0,1,0,0,0
CUS_0x4fa6,33884.76,2626.1986292298348,7,5,17,3,60,25,10.01,120,1379.31,25.05203648425452,341.84149522506334,226.8041248485009,270.45875069660093,2024-04-01,2025-10-06 10:51:26.791,20,4,1,1,0,0,0,1,0,0,0,1,0,0,0,0,0,0,1,0,0,0,0,0,0,1
CUS_0x8f1b,60323.34,4769.945,4,7,6,4,10,12,1.93,20,600.73,37.22809159368828,112.44685487360444,385.1767537017963,269.37089142459917,2024-04-01,2025-10-06 10:51:26.791,29,4,0,1,1,0,0,0,0,0,0,0,1,0,0,0,0,0,1,0,0,0,1,0,0,0
CUS_0x9acf,22433.66,1574.4716666666666,7,5,13,0,28,11,16.59,80,1013.53,34.10304786493339,0.0,45.1021287853584,382.3450378813082,2024-04-01,2025-10-06 10:51:26.791,16,9,0,0,0,0,0,0,0,0,0,1,0,0,0,0,1,0,0,0,0,0,0,0,0,1
CUS_0x9e0,73530.48,6301.54,7,4,6,6,17,12,11.62,100,2420.44,38.97578979118319,231.9740548407257,577.4116633717167,100.76828178755757,2024-04-01,2025-10-06 10:51:26.791,10,10,0,1,1,0,0,0,1,0,1,1,0,0,0,0,1,0,0,0,0,0,0,1,0,0
CUS_0x542c,106789.36,8673.113333333333,3,3,20,0,24,19,11.32,20,155.69,29.7910548405022,137.8283483107067,134.31063517076413,835.1723498518625,2024-04-01,2025-10-06 10:51:26.791,19,3,0,0,0,0,0,0,1,1,1,0,1,0,0,0,1,0,0,0,0,1,0,0,0,0
CUS_0x7972,46717.32,4072.11,9,6,25,7,33,18,8.85,90,2687.21,38.63337879478981,176.1264053382839,54.965839392307615,426.11875526940855,2024-04-01,2025-10-06 10:51:26.791,8,10,1,0,1,0,0,1,0,1,1,0,0,0,0,0,0,1,0,0,0,0,0,0,0,1
CUS_0xa453,33427.13,2708.5941666666668,4,2,4,0,4,6,5.51,40,828.32,26.96893936028636,0.0,342.2318724562179,218.62754421044872,2024-04-01,2025-10-06 10:51:26.791,31,0,0,0,0,0,0,0,0,0,0,0,1,0,0,1,0,0,0,0,0,0,1,0,0,0
CUS_0x62b5,14585.47,1043.4558333333332,3,6,6,3,23,14,7.32,50,1104.42,30.796472835433654,27.25326201890564,122.18520955788144,244.9071117565463,2024-04-01,2025-10-06 10:51:26.791,23,2,0,1,0,1,0,1,0,0,0,0,1,0,0,0,1,0,0,0,0,0,0,0,0,1
CUS_0x6f72,8961.865,730.8220833333335,6,7,23,6,27,17,19.04,130,3513.87,37.68387462534023,26.914627557099628,83.27708051985975,252.89050025637403,2024-04-01,2025-10-06 10:51:26.791,14,6,1,1,1,0,1,1,0,0,0,1,0,0,0,0,0,1,0,0,0,0,1,0,0,0
CUS_0x7570,146090.64,12283.22,3,7,11,0,16,8,6.08,10,909.23,40.82670371469101,0.0,235.89107913242717,1232.430920867573,2024-04-01,2025-10-06 10:51:26.791,21,10,0,0,0,0,0,0,0,0,0,0,1,0,0,0,1,0,0,0,0,1,0,0,0,0
CUS_0x9a1c,113561.2,9580.433333333332,8,4,9,1,21,18,11.99,0,75.52,35.831177415908755,53.77838853371379,10000.0,670.1251034907806,2024-04-01,2025-10-06 10:51:26.791,27,11,0,1,0,0,0,0,0,0,0,0,1,0,0,0,1,0,0,0,0,0,1,0,0,0
CUS_0x34b5,139383.6,11618.3,4,6,10,2,28,14,8.14,50,1132.1,26.665366346064225,163.12945662790682,1123.2219744246347,165.4785689474586,2024-04-01,2025-10-06 10:51:26.791,28,10,0,0,0,1,0,0,0,0,1,0,1,0,0,0,0,0,1,0,0,0,1,0,0,0
CUS_0x763a,106615.44,9016.62,4,4,14,1,13,17,3.87,30,516.45,33.105098193861124,56.26853495093004,102.31239693280148,983.0810681162686,2024-04-01,2025-10-06 10:51:26.791,19,8,0,0,0,0,1,0,0,0,0,0,1,0,0,0,1,0,0,0,0,0,0,0,0,1
CUS_0xb49f,136582.04,11118.836666666668,4,6,4,0,20,10,1.73,30,1203.56,33.83407374235013,0.0,232.41093361454898,1119.4727330521175,2024-04-01,2025-10-06 10:51:26.791,27,2,0,0,0,0,0,0,0,0,0,0,1,0,0,1,0,0,0,0,0,1,0,0,0,0
CUS_0xc436,31767.33,2709.2775,5,3,19,0,16,21,13.84,100,969.19,29.02474966940639,0.0,202.19670813760357,338.7310418623965,2024-04-01,2025-10-06 10:51:26.791,33,0,0,0,0,0,0,0,0,0,0,1,0,0,0,0,1,0,0,0,0,0,0,0,1,0
CUS_0x1d4e,25530.33,2137.5275,3,4,19,0,16,13,11.98,80,761.18,36.32469457262065,0.0,205.79288468208438,287.9598653179156,2024-04-01,2025-10-06 10:51:26.791,32,0,0,0,0,0,0,0,0,0,0,1,0,0,0,0,1,0,0,0,0,0,0,1,0,0
CUS_0x2863,80011.64,6824.636666666666,7,6,18,4,9,16,17.8,120,792.92,31.054317159602675,154.5616136463086,155.62215402497225,612.2798989953858,2024-04-01,2025-10-06 10:51:26.791,5,10,1,0,0,0,1,0,0,0,1,0,0,0,0,0,1,0,0,0,0,1,0,0,0,0
CUS_0x39e5,19895.9,1384.9916666666668,5,9,34,5,30,15,19.44,60,2600.04,40.19736267764022,66.38843412696801,59.42581251410515,292.68492002559367,2024-04-01,2025-10-06 10:51:26.791,14,0,1,0,1,0,1,1,0,0,0,0,0,0,0,0,1,0,0,0,0,0,0,1,0,0
CUS_0x41d3,62976.28,5321.0233333333335,0,3,12,0,11,2,6.05,30,68.66,35.678827881727095,0.0,545.1663293866825,266.93600394665094,2024-04-01,2025-10-06 10:51:26.791,16,0,0,0,0,0,0,0,0,0,0,0,1,0,0,0,0,0,1,0,0,0,0,1,0,0
CUS_0x4900,17666.82,1608.235,8,5,3,2,25,19,2.77,0,346.12,34.551083705896744,18.33757706656416,73.2704744342597,329.21544849917615,2024-04-01,2025-10-06 10:51:26.791,26,5,1,0,0,0,0,0,0,0,1,0,1,0,0,1,0,0,0,1,0,0,0,0,0,0
CUS_0x4c9a,20758.54,2027.878333333333,3,9,20,2,22,12,2.630000000000001,110,2104.27,40.77396503814435,22.557217437788964,43.72556856327319,396.5050473322712,2024-04-01,2025-10-06 10:51:26.791,13,1,0,1,0,0,0,0,0,0,1,1,0,0,0,0,1,0,0,1,0,0,0,0,0,0
CUS_0xb38d,18409.79,1594.1491666666668,7,10,16,5,33,25,5.16,110,1556.76,33.879139795779395,57.47276725898266,179.6880770820117,212.25407232567238,2024-04-01,2025-10-06 10:51:26.791,9,3,0,1,0,1,1,0,0,1,0,1,0,0,0,0,0,1,0,0,0,0,1,0,0,0
CUS_0xb53,72699.66,6210.305,4,5,1,0,0,11,0.76,0,1009.97,33.69066489094104,0.0,237.15530284581436,653.8751971541857,2024-04-01,2025-10-06 10:51:26.791,16,3,0,0,0,0,0,0,0,0,0,0,1,0,0,0,0,0,1,0,0,0,0,0,1,0
CUS_0xb57b,22407.57,1677.2975,9,4,13,1,8,11,4.65,80,359.41,38.14348322609954,9.406579837637915,66.72839149363242,351.59477866872965,2024-04-01,2025-10-06 10:51:26.791,30,8,0,0,0,1,0,0,0,0,0,0,1,0,0,0,1,0,0,1,0,0,0,0,0,0
CUS_0x36fd,20864.93,1484.7441666666666,5,4,25,7,10,11,16.04,100,1466.97,34.35133627896061,66.28873781739314,56.64547611842885,285.54020273084467,2024-04-01,2025-10-06 10:51:26.791,18,11,1,0,0,1,0,1,1,0,1,0,0,0,0,0,1,0,0,1,0,0,0,0,0,0
CUS_0xc592,43570.6,3853.883333333333,4,3,17,4,28,15,18.81,60,1032.79,34.3610771851553,124.2302936375933,361.1573165043676,170.0007231913724,2024-04-01,2025-10-06 10:51:26.791,24,10,0,0,1,1,1,0,0,0,0,1,0,0,0,0,1,0,0,0,0,0,0,0,1,0
CUS_0x2808,43279.04,3308.586666666666,1,5,5,4,4,11,2.57,0,363.33,31.39649131316795,103.1866505438308,70.10285069851753,407.5691654243184,2024-04-01,2025-10-06 10:51:26.791,23,5,1,0,0,0,1,1,0,0,0,0,1,0,0,0,0,0,1,0,1,0,0,0,0,0
CUS_0x7091,60909.15,5079.7625,3,6,9,5,14,19,10.8,80,1423.88,31.18861233564222,131.1667360586821,545.6643717810897,121.14514216022819,2024-04-01,2025-10-06 10:51:26.791,7,4,1,1,1,0,0,0,0,0,0,0,0,0,0,0,1,0,0,0,0,0,1,0,0,0
CUS_0xc617,73798.76,6422.8966666666665,6,4,9,4,5,13,18.32,30,757.01,40.66879159130068,194.04991420462207,78.05677000669337,610.1829824553513,2024-04-01,2025-10-06 10:51:26.791,28,5,0,0,1,1,0,1,0,0,0,1,0,0,0,0,1,0,0,0,0,1,0,0,0,0
CUS_0x22f8,89417.16,7170.43,7,4,19,0,22,12,14.97,40,330.68,38.8747558919682,0.0,717.036802029032,280.0061979709682,2024-04-01,2025-10-06 10:51:26.791,25,10,0,0,0,0,0,0,0,0,0,1,0,0,0,0,1,0,0,0,0,0,0,1,0,0
CUS_0x5be7,32382.37,2960.530833333333,4,7,5,2,17,17,12.3,40,626.47,30.66521391306289,38.773568179465656,40.481714437768716,456.797800716099,2024-04-01,2025-10-06 10:51:26.791,29,11,1,0,0,0,0,0,1,0,0,0,1,0,0,0,1,0,0,0,0,1,0,0,0,0
CUS_0x80bd,18550.4,1660.8666666666668,3,4,34,2,22,10,15.08,90,1368.63,26.25677862704927,28.830799885507368,140.92534840751028,266.330518373649,2024-04-01,2025-10-06 10:51:26.791,9,9,0,0,1,0,1,0,0,0,0,1,0,0,0,0,1,0,0,0,0,0,0,0,1,0
CUS_0xb66d,29985.2,2437.766666666667,5,8,26,3,12,20,15.29,140,1793.18,38.409552027586,65.26315553615302,10000.0,366.43479242242427,2024-04-01,2025-10-06 10:51:26.791,19,3,0,0,0,0,0,1,1,0,0,1,0,0,0,0,1,0,0,0,0,0,1,0,0,0
CUS_0x1226,11421.51,1030.7925,5,3,14,3,19,15,15.72,70,1278.12,24.01655809850224,20.892935942627965,55.88990034598506,316.296413711387,2024-04-01,2025-10-06 10:51:26.791,30,2,0,0,0,0,0,1,1,1,0,1,0,0,0,0,0,0,1,0,0,0,0,0,0,1
CUS_0xa56d,65454.42,5205.535,4,4,17,1,26,12,11.82,20,768.36,25.566657971434307,28.010449461130207,273.21132911005213,509.3317214288177,2024-04-01,2025-10-06 10:51:26.791,29,5,0,0,1,0,0,0,0,0,0,1,0,0,0,0,0,0,1,0,0,0,1,0,0,0
CUS_0x2823,88165.8,7271.1500000000015,4,4,4,1,9,11,6.04,40,326.6,35.185878395513136,57.70738040344058,67.02357499134729,842.3840446052122,2024-04-01,2025-10-06 10:51:26.791,24,10,0,0,0,1,0,0,0,0,0,0,1,0,0,1,0,0,0,0,0,1,0,0,0,0
CUS_0x41ac,44441.99,3993.499166666666,2,3,8,1,13,8,9.24,80,191.55,39.42131690239778,20.330945674081107,30.35460956490691,588.6643614276786,2024-04-01,2025-10-06 10:51:26.791,24,11,0,0,0,0,0,0,1,0,0,0,1,0,0,0,0,0,1,0,0,1,0,0,0,0
CUS_0x4a5,85280.88,6846.740000000002,3,3,2,0,7,9,4.89,70,825.18,37.98570291046125,62337.0,128.72660009442131,795.9473999055788,2024-04-01,2025-10-06 10:51:26.791,29,10,0,0,0,0,0,0,0,0,0,0,1,0,0,1,0,0,0,0,0,1,0,0,0,0
CUS_0x93c9,21884.21,1630.684166666667,3,7,9,0,21,9,1.99,50,847.15,29.85962955453183,0.0,197.1923718576398,255.87604480902687,2024-04-01,2025-10-06 10:51:26.791,28,5,0,0,0,0,0,0,0,0,0,0,1,0,0,0,1,0,0,0,0,0,1,0,0,0
CUS_0xa8e1,60381.32,5154.776666666667,4,1164,15,4,26,13,10.72,40,1311.32,40.23504001292939,170.26378350824717,200.2163846851171,394.99749847330236,2024-04-01,2025-10-06 10:51:26.791,16,10,0,0,1,0,1,0,0,1,0,1,0,0,0,0,1,0,0,0,1,0,0,0,0,0
CUS_0xae01,39522.28,3469.523333333333,8,8,30,7,41,24,8.65,100,2024.37,28.87418906112004,160.321434279342,10000.0,293.15632229917424,2024-04-01,2025-10-06 10:51:26.791,6,9,1,1,1,1,1,1,0,0,0,1,0,0,0,0,0,1,0,0,1,0,0,0,0,0
CUS_0x3966,47270.22,4122.185,7,9,29,4,24,17,18.53,80,1934.61,40.98788181594508,96.67058117612532,101.6259822848119,473.92193653906264,2024-04-01,2025-10-06 10:51:26.791,18,6,0,1,0,0,1,1,1,0,0,1,0,0,0,0,0,1,0,1,0,0,0,0,0,0
CUS_0x3809,108397.59,8961.1325,3,5,10,3,13,3316,0.84,20,1458.47,31.875082369011466,182.749864828908,924.6881698491484,758.2408018863492,2024-04-01,2025-10-06 10:51:26.791,30,3,0,0,0,0,0,0,0,1,1,0,1,0,0,1,0,0,0,0,0,1,0,0,0,0
CUS_0x6ea4,28549.94,2217.1616666666664,6,5,21,6,60,17,9.64,110,1374.27,26.9014122998922,139.02591391290974,249.8313672336246,122.85888552013223,2024-04-01,2025-10-06 10:51:26.791,8,6,0,0,1,0,1,1,1,0,0,1,0,0,0,0,0,1,0,0,0,0,0,0,0,1
CUS_0x98fc,17927.6,1234.0708253381445,8,5,34,6,54,21,3.37,80,1986.45,31.45440293928068,148.92375744517472,113.32215400873743,219.04659654127656,2024-04-01,2025-10-06 10:51:26.791,13,9,0,0,0,0,0,0,1,1,1,1,0,0,0,0,0,1,0,0,0,0,0,0,1,0
CUS_0xb3ac,20188.33,1398.3608333333334,7,10,30,6,61,21,8.67,140,2412.24,25.78232852294125,70.46462062296479,90.00093137680277,259.37053133356574,2024-04-01,2025-10-06 10:51:26.791,7,3,0,0,1,0,0,1,0,1,0,1,0,0,0,0,0,1,0,0,0,0,0,1,0,0
CUS_0x53bc,160454.04,13627.17,3,7,2,2,6,1,3.63,20,773.94,37.52454095080059,168.71949941898825,197.74757595519299,1236.249924625819,2024-04-01,2025-10-06 10:51:26.791,26,2,0,0,0,0,1,0,0,1,0,0,0,0,0,0,0,0,1,0,0,1,0,0,0,0
CUS_0x5554,19261.21,1883.1008333333327,6,6,11,4,24,14,12.99,10,181.85,35.77196827665634,56.88836733510114,235.27278184014855,186.14893415808362,2024-04-01,2025-10-06 10:51:26.791,18,2,0,1,0,0,0,1,1,0,1,1,0,0,0,0,1,0,0,0,0,0,1,0,0,0
CUS_0xa977,15812.43,1086.4860597910888,10,8,16,5,22,20,25.17,70,3297.76,25.65443840168173,98.72211969568414,92.34422786886086,269.42034264436643,2024-04-01,2025-10-06 10:51:26.791,10,10,1,0,0,0,0,0,1,0,1,1,0,0,0,0,0,1,0,0,0,0,1,0,0,0
CUS_0x40d,17908.15,1748.3458333333335,4,4,16,7,10,13,13.86,80,755.6,28.772872599416104,61.58979336251856,235.14442258341674,168.10036738739808,2024-04-01,2025-10-06 10:51:26.791,10,0,0,1,1,1,0,1,1,0,1,1,0,0,0,0,1,0,0,0,0,0,0,0,0,1
CUS_0x9db5,18726.61,1840.5508333333328,6,9,33,5,61,17,6.72,130,1490.29,25.26644187012314,60.88875601758389,111.0029453939924,282.16338192175704,2024-04-01,2025-10-06 10:51:26.791,17,10,0,1,0,0,1,1,0,0,1,1,0,0,0,0,0,1,0,0,0,0,0,0,1,0
CUS_0x9fd0,140254.92,11929.910000000002,5,1,12,0,8,10,1.24,30,663.25,40.6904992206258,0.0,173.58123699345435,1269.4097630065455,2024-04-01,2025-10-06 10:51:26.791,19,4,0,0,0,0,0,0,0,0,0,0,1,0,0,1,0,0,0,0,1,0,0,0,0,0
CUS_0xbaa9,68171.54999999999,5489.962499999999,6,3,4,1,24,11,9.2,20,1049.75,33.86379998687577,49.23388829058462,287.58020535869673,492.1821563507185,2024-04-01,2025-10-06 10:51:26.791,22,0,1,0,0,0,0,0,0,0,0,0,1,0,0,0,1,0,0,0,0,0,0,0,0,1
CUS_0x17fb,87078.48,7535.54,4,2,11,4,11,6,16.33,0,1181.66,42.22213872306106,283.95903777440776,56.24846952025739,653.3464927053349,2024-04-01,2025-10-06 10:51:26.791,18,6,1,0,0,0,1,0,0,1,0,0,1,0,0,1,0,0,0,0,0,1,0,0,0,0
CUS_0x5db1,25621.01,1837.0841666666663,3,7,3,2,14,10,6.37,20,1336.73,31.53694367069644,26.74670147298544,203.64385544382458,243.31785974985664,2024-04-01,2025-10-06 10:51:26.791,31,2,0,0,0,0,0,0,1,1,0,0,0,0,0,1,0,0,0,0,0,0,1,0,0,0
CUS_0x1528,19344.27,1541.0225,5,3,8,1,14,13,3.28,20,861.19,36.69148954631649,12.23465090770387,59.053934024676416,249.12525067389424,2024-04-01,2025-10-06 10:51:26.791,27,10,0,0,0,0,0,1,0,0,0,0,1,0,0,0,1,0,0,0,0,0,1,0,0,0
CUS_0x3b33,39883.46,3520.6216666666664,7,6,28,9,32,16,27.12,90,4838.26,35.40093497464307,220.4014984425696,235.94914485349238,165.71152337060482,2024-04-01,2025-10-06 10:51:26.791,1,11,1,1,1,1,1,0,1,0,1,1,0,0,0,0,0,1,0,0,0,0,0,0,1,0
CUS_0x6138,78096.39,6438.0325,8,5,10,2,26,15,11.51,90,214.94,36.02412187924336,85.91691569363114,10000.0,647.0857955294964,2024-04-01,2025-10-06 10:51:26.791,19,11,0,0,0,1,0,1,0,0,0,1,0,0,0,0,0,0,1,0,0,1,0,0,0,0
CUS_0x5e00,61369.36,5198.113333333334,0,6,11,4,10,6,2.68,10,1063.89,29.641862834399404,158.6183573887039,238.7680126863234,412.4249632583062,2024-04-01,2025-10-06 10:51:26.791,23,3,0,1,0,0,1,0,0,1,0,0,0,0,0,1,0,0,0,0,0,0,1,0,0,0
CUS_0xb69d,68876.12,5499.676666666666,3,7,16,7,6,11,12.58,80,1286.13,29.214473317002028,275.2282431187811,477.00198030840113,77.73744323948443,2024-04-01,2025-10-06 10:51:26.791,20,3,0,0,1,1,1,0,1,1,1,0,0,0,0,0,1,0,0,0,0,0,0,1,0,0
CUS_0x806f,154352.0,12748.666666666664,1,7,8,2,5,4,2.83,30,601.76,28.651452054626727,47449.0,860.9124960611679,455.91663064556326,2024-04-01,2025-10-06 10:51:26.791,18,7,0,0,0,0,0,1,1,0,0,0,1,0,0,1,0,0,0,0,0,0,0,1,0,0
CUS_0x8a12,98197.74,8005.145,5,6,6,3,30,8,9.09,70,627.5,40.122967265757865,138.54197689108764,265.38334402080835,646.5891790881043,2024-04-01,2025-10-06 10:51:26.791,25,0,1,0,0,0,0,1,0,1,0,0,1,0,0,0,1,0,0,0,1,0,0,0,0,0
CUS_0x33f0,74450.88,6139.240000000002,6,4,19,3,4,20,16.85,120,640.7,28.37103303737792,37843.0,518.8849059119494,688.1635979007576,2024-04-01,2025-10-06 10:51:26.791,20,2,1,0,1,0,1,0,0,0,0,0,0,0,0,0,0,0,1,0,0,1,0,0,0,0
CUS_0x3f49,123375.18,10275.265,2,5,7,4,7,0,8.99,40,36.21,36.57065957521312,260.184019233995,162.62377022953785,854.718710536467,2024-04-01,2025-10-06 10:51:26.791,23,4,0,1,1,0,0,0,1,0,1,0,1,0,0,1,0,0,0,0,1,0,0,0,0,0
CUS_0x939b,38821.54,3187.1283333333336,9,9,18,9,43,20,5.74,90,1541.26,26.803982206031662,250.7364122369981,292.31113044465906,45.66529065167622,2024-04-01,2025-10-06 10:51:26.791,14,5,0,1,1,1,0,1,1,1,1,0,0,0,0,0,0,0,1,0,0,0,0,0,1,0
CUS_0xb956,139538.32,11455.193333333336,2,5,8,4,12,15,10.56,70,706.54,27.2496405638414,255.09726061795212,360.60650782033946,444.40768679554367,2024-04-01,2025-10-06 10:51:26.791,22,10,0,1,1,0,0,0,0,1,0,0,0,0,0,1,0,0,0,1,0,0,0,0,0,0
CUS_0x5465,68332.18,5513.348333333332,7,6,20,0,23,17,4.92,10,380.03,28.563269247121845,0.0,319.10704546791237,492.22778786542085,2024-04-01,2025-10-06 10:51:26.791,26,10,0,0,0,0,0,0,0,0,0,0,1,0,0,0,0,0,1,1,0,0,0,0,0,0
CUS_0x1a85,71616.36,5971.03,5,5,16,5,26,14,2.039999999999999,40,1887.08,40.474060395208056,168.7622522642938,406.43041546557856,291.91033227012764,2024-04-01,2025-10-06 10:51:26.791,7,10,0,0,1,1,0,0,0,0,1,1,0,0,0,0,1,0,0,0,0,0,0,0,1,0
CUS_0x4807,70825.76,5814.1466666666665,10,7,22,3,59,17,9.77,120,1629.99,32.879623646348726,166.64159552093864,525.7761691070737,178.9969020386544,2024-04-01,2025-10-06 10:51:26.791,5,11,1,0,0,1,0,0,0,1,0,1,0,0,0,0,1,0,0,0,0,0,1,0,0,0
CUS_0x831,58820.44,4763.703333333334,8,946,24,8,48,19,29.97,90,3984.74,32.920040242726536,280.1873855971326,71.77817033313141,364.4047774030694,2024-04-01,2025-10-06 10:51:26.791,9,8,0,0,1,1,1,1,0,1,1,1,0,0,0,0,0,0,1,0,0,1,0,0,0,0
CUS_0x87e2,62359.82,5120.651666666667,4,5,11,1,14,12,14.94,30,250.56,34.605040966126296,29.765762963349623,550.0125352223763,222.2868684809407,2024-04-01,2025-10-06 10:51:26.791,24,4,0,0,0,1,0,0,0,0,0,1,0,0,0,0,1,0,0,0,0,0,1,0,0,0
CUS_0x18f7,72508.86,5920.405,6,7,20,4,11,14,8.74,0,1057.79,31.03648969276389,171.62447973018092,198.31595109809246,472.1000691717266,2024-04-01,2025-10-06 10:51:26.791,32,5,1,0,0,1,0,1,1,0,0,0,1,0,0,0,1,0,0,0,1,0,0,0,0,0
CUS_0xbbd8,88275.18000000002,7607.265,8,4,7,2,12,8,13.420000000000002,60,141.75,36.43161698554903,140.57281781939128,125.08700861650426,745.0666735641046,2024-04-01,2025-10-06 10:51:26.791,23,11,0,0,0,1,1,0,0,0,0,1,0,0,0,0,0,0,1,0,1,0,0,0,0,0
CUS_0xbd9f,88027.62,7229.634999999998,0,3,3,3,8,5,8.94,0,264.38,31.1526469857887,157.2738526462994,665.0122060994056,180.67744125429502,2024-04-01,2025-10-06 10:51:26.791,15,10,0,1,0,1,0,1,0,0,0,0,1,0,0,1,0,0,0,0,0,0,0,1,0,0
CUS_0x2e22,15551.6,1315.9666666666667,6,3,13,6,8,10,11.81,60,1901.28,34.801621834530934,39.55843134427607,64.85956368547728,317.1786716369133,2024-04-01,2025-10-06 10:51:26.791,16,0,0,0,0,0,1,1,1,1,0,1,0,0,0,0,1,0,0,0,0,0,1,0,0,0
CUS_0x3d40,82410.12,6933.509999999998,0,3,3,1,0,11,0.89,40,587.66,34.288393451913336,56.203542003838685,437.97668975715465,469.17076823900663,2024-04-01,2025-10-06 10:51:26.791,32,3,0,0,0,0,0,1,0,0,0,0,1,0,0,0,0,0,1,0,0,0,0,0,0,1
CUS_0xadf0,109182.72,9055.56,1,4,1,1,7,5,2.03,20,623.35,31.775465780207465,46.424706890820296,319.49129002022283,819.6400030889571,2024-04-01,2025-10-06 10:51:26.791,31,6,0,0,0,0,0,1,0,0,0,0,1,0,0,1,0,0,0,0,0,0,0,1,0,0
CUS_0xc5d3,119149.92,10073.16,4,4,10,3,29,10,2.3,10,982.81,29.117385553349266,246.07691751741245,304.66461813652666,706.574464346061,2024-04-01,2025-10-06 10:51:26.791,23,2,0,1,1,0,0,0,0,0,0,0,1,0,0,1,0,0,0,0,1,0,0,0,0,0
CUS_0x1cc3,154242.48,13024.54,1,6,11,3,5,3,8.2,50,1449.91,31.45284673868256,201.5609787910971,767.4434904564152,623.4495307524877,2024-04-01,2025-10-06 10:51:26.791,22,11,0,0,0,1,1,1,0,0,0,0,1,0,0,1,0,0,0,0,0,0,1,0,0,0
CUS_0x460f,73615.36,5998.613333333334,6,9,15,9,53,18,6.48,80,4867.95,38.480076040529696,364.51365706679815,485.79449657604937,19.553179690485877,2024-04-01,2025-10-06 10:51:26.791,8,2,1,1,1,1,0,0,1,1,1,0,0,0,0,0,0,1,0,0,0,0,0,0,1,0
CUS_0x102e,50807.44,4197.953333333334,8,4,11,4,12,9,2.6,40,869.59,30.311454014148158,88.75991924748364,65.27556452739218,515.7598495584575,2024-04-01,2025-10-06 10:51:26.791,22,10,1,0,0,0,1,0,1,0,0,0,0,0,0,0,0,0,1,0,1,0,0,0,0,0
CUS_0x16d4,174353.0,14739.416666666664,2,4,6,3,16,10,8.75,20,405.65,36.92759723458374,380.72249029763833,284.81621692738133,1048.4029594416472,2024-04-01,2025-10-06 10:51:26.791,29,5,0,0,0,0,0,1,0,1,1,0,1,0,0,1,0,0,0,0,0,0,0,0,0,1
CUS_0x51d8,77047.4,6711.616666666666,2,4,11,1,9,1,3.95,10,952.69,31.68001205901908,50.18729559672872,314.1513420486274,596.8230290213105,2024-04-01,2025-10-06 10:51:26.791,27,5,0,0,0,0,0,0,0,0,1,0,1,0,0,0,0,0,1,0,0,0,1,0,0,0
CUS_0x575a,34774.65,2925.8875000000007,6,492,17,5,16,13,15.02,40,887.48,27.14381066798417,78.40872555302127,79.68099087666566,384.4990335703131,2024-04-01,2025-10-06 10:51:26.791,15,8,0,1,0,1,0,0,0,1,1,1,0,0,0,0,0,0,1,0,1,0,0,0,0,0
CUS_0x598d,35208.9,2739.0750000000007,4,7,17,1,24,8,7.880000000000001,90,1295.67,28.627280306163808,17.974728122439394,197.00166008544673,348.93111179211394,2024-04-01,2025-10-06 10:51:26.791,32,6,0,0,0,0,1,0,0,0,0,1,0,0,0,0,0,0,1,0,0,0,1,0,0,0
CUS_0x93b2,12741.58,1234.7983333333334,5,7,9,3,33,18,9.4,20,530.93,34.9824197954037,28.731829133457843,36.04357024777904,318.70443395209645,2024-04-01,2025-10-06 10:51:26.791,28,10,1,1,0,1,0,0,0,0,0,0,1,0,0,1,0,0,0,1,0,0,0,0,0,0
CUS_0xbdac,35913.64,3015.8033333333333,7,6,32,2,25,15,5.4,80,1898.0,35.14173264696277,33.91419525435881,291.8449068309926,255.82123124798198,2024-04-01,2025-10-06 10:51:26.791,15,5,1,0,0,0,0,0,0,0,0,1,0,0,0,0,0,1,0,0,0,0,0,1,0,0
CUS_0x31b7,31200.24,2588.02,2,3,1,0,10,5,16.64,40,14.34,35.18190175964736,71.67124256919055,213.38596101841756,263.7447964123919,2024-04-01,2025-10-06 10:51:26.791,23,2,0,0,0,1,1,1,0,0,0,0,1,0,0,1,0,0,0,0,0,0,1,0,0,0
CUS_0x42ec,115556.37,9617.6975,1,3,6,4,11,8,10.83,60,1080.06,41.058577342047954,222.07348347887,261.77309462358187,747.9231718975482,2024-04-01,2025-10-06 10:51:26.791,21,11,1,0,1,1,0,0,0,0,1,0,1,0,0,1,0,0,0,0,0,0,0,0,1,0
CUS_0x636b,24723.63,2234.3025,5,5,18,1,16,19,11.35,70,327.48,38.517801994333134,11.481054564783944,89.05409891501922,372.89509652019683,2024-04-01,2025-10-06 10:51:26.791,17,4,0,1,0,0,0,0,0,0,0,0,1,0,0,0,1,0,0,0,1,0,0,0,0,0
CUS_0xad02,31244.71,2443.725833333333,3,4,8,0,6,11,2.63,0,1203.18,32.28136698775466,0.0,33.51577617141205,450.8568071619213,2024-04-01,2025-10-06 10:51:26.791,16,9,0,0,0,0,0,0,0,0,0,0,1,0,0,1,0,0,0,0,0,1,0,0,0,0
CUS_0xb3cd,20739.75,1916.3125,6,10,26,8,57,20,0.0,150,3077.36,22.544673747125653,137.10464431505682,134.86047391189183,209.66613177305138,2024-04-01,2025-10-06 10:51:26.791,14,2,0,1,0,1,1,1,1,0,0,0,0,0,0,0,0,1,0,0,0,0,1,0,0,0
CUS_0x7e8d,39369.68,3044.806666666667,8,7,33,7,17,17,29.88,150,3290.93,36.711667849479646,152.55432200545417,168.4399320689281,263.48641259228447,2024-04-01,2025-10-06 10:51:26.791,9,2,1,0,1,1,1,1,0,0,0,1,0,0,0,0,0,1,0,0,0,0,0,0,0,1
CUS_0xa276,24192.59,2282.0491666666667,3,7,19,2,19,10,8.78,20,974.45,30.77832258519364,34.50356089201142,43.507421725451,410.1939340492042,2024-04-01,2025-10-06 10:51:26.791,16,5,1,0,0,0,0,1,0,0,0,1,0,0,0,0,1,0,0,1,0,0,0,0,0,0
CUS_0xb8af,59893.26,5052.105000000001,6,3,9,1,11,19,3.89,20,1457.41,31.951018832504975,40.78819745724682,150.61214767577857,573.8101548669747,2024-04-01,2025-10-06 10:51:26.791,21,8,0,1,0,0,0,0,0,0,0,0,0,0,0,1,0,0,0,1,0,0,0,0,0,0
CUS_0xbc7f,30178.34,2557.8616666666667,0,4,5,0,6,4,0.3300000000000001,60,283.84,36.19567053505934,0.0,120.95542884201392,394.8307378246528,2024-04-01,2025-10-06 10:51:26.791,32,3,0,0,0,0,0,0,0,0,0,0,1,0,0,1,0,0,0,1,0,0,0,0,0,0
CUS_0x20db,17137.71,1544.1425,8,7,10,2,8,13,12.91,60,1486.83,27.967502882398467,18.574107343077493,98.62079075790793,317.2193518990146,2024-04-01,2025-10-06 10:51:26.791,19,10,1,0,1,0,0,0,0,0,0,0,1,0,0,0,0,0,1,0,0,0,0,1,0,0
CUS_0x885c,31122.32,2299.526666666666,0,498,6,3,2,6,8.72,40,701.97,25.57984197489574,56.10548708909829,40.04441039690744,383.80276918066096,2024-04-01,2025-10-06 10:51:26.791,31,8,1,0,0,0,0,1,0,0,1,0,1,0,0,1,0,0,0,0,1,0,0,0,0,0
CUS_0xa86a,45953.94,3887.495,3,7,14,3,17,15,7.64,80,1237.97,38.674013497594565,92.41505377920296,58.73229486881918,477.602151351978,2024-04-01,2025-10-06 10:51:26.791,18,4,1,0,0,0,0,0,0,1,1,0,1,0,0,0,1,0,0,0,0,1,0,0,0,0
CUS_0x3de8,76113.09,6281.7575,7,6,16,0,12,16,17.84,50,1127.46,38.684503974627134,0.0,224.03841173908023,654.1373382609197,2024-04-01,2025-10-06 10:51:26.791,27,6,0,0,0,0,0,0,0,0,0,0,0,0,0,0,1,0,0,0,1,0,0,0,0,0
CUS_0x77fa,16009.6,1532.1333333333334,10,9,16,5,19,20,7.12,100,4888.39,24.76004429802256,46.41599322697866,70.67905886817718,296.1182812381776,2024-04-01,2025-10-06 10:51:26.791,7,8,0,1,0,1,1,0,1,1,0,1,0,0,0,0,0,1,0,1,0,0,0,0,0,0
CUS_0x6525,28431.46,2378.288333333333,7,5,18,5,30,24,2.64,130,2152.83,34.93423046238497,111.22702921272,274.7072150826665,141.89458903794684,2024-04-01,2025-10-06 10:51:26.791,9,0,1,0,0,0,1,1,1,0,0,1,0,0,0,0,0,1,0,0,0,0,1,0,0,0
CUS_0x88c,63845.4,5293.45,3,5,5,6,18,11,14.57,80,596.67,28.43279346233367,306.6610382601238,183.1905939990249,289.49336774085117,2024-04-01,2025-10-06 10:51:26.791,14,6,1,1,1,0,0,1,1,1,0,1,0,0,0,0,1,0,0,0,1,0,0,0,0,0
CUS_0x8fcd,14773.3,1432.1083333333331,4,6,15,3,18,20,7.79,90,861.13,37.808075205810674,31.57129043872587,36.61788574778242,315.02165714682513,2024-04-01,2025-10-06 10:51:26.791,24,8,1,0,1,0,0,0,0,1,0,1,0,0,0,0,0,0,1,0,0,1,0,0,0,0
CUS_0x9a4a,52972.5,4600.375,7,5,32,3,47,24,7.2,120,2196.59,27.55070351150094,112.69576824348246,155.17093201847214,452.17079973804533,2024-04-01,2025-10-06 10:51:26.791,9,2,1,0,0,0,0,1,1,0,0,1,0,0,0,0,0,0,1,1,0,0,0,0,0,0
CUS_0xa987,78626.49,6682.2075,5,4,9,4,14,19,6.73,50,550.1,24.76801273209627,140.73221981896805,163.9984085779236,603.4901216031085,2024-04-01,2025-10-06 10:51:26.791,17,9,0,1,1,0,1,0,0,0,0,0,1,0,0,0,1,0,0,0,0,1,0,0,0,0
CUS_0xd3e,15971.125,1129.0709045669114,6,6,5,4,29,18,11.58,50,335.98,24.32393596239941,158.3758561154364,83.70657993109215,286.06645105322644,2024-04-01,2025-10-06 10:51:26.791,12,8,0,0,1,1,0,1,0,0,0,1,0,0,0,0,1,0,0,0,0,0,1,0,0,0
CUS_0x514e,15331.52,1033.6266666666668,10,7,34,0,61,19,3.05,120,2097.85,26.60824847358556,42.68588125136765,131.80674130166977,218.87004411362926,2024-04-01,2025-10-06 10:51:26.791,9,6,0,1,1,0,1,1,0,0,1,1,0,0,0,0,0,1,0,0,0,0,1,0,0,0
CUS_0x665c,9115.47,647.6225,10,7,23,9,60,20,20.41,110,2551.74,36.90041949867022,63.322643633736426,81.02122258105572,210.41838378520782,2024-04-01,2025-10-06 10:51:26.791,2,5,0,1,0,1,1,1,0,1,1,1,0,0,0,0,0,1,0,0,0,0,1,0,0,0
CUS_0x1f9c,15258.95,1508.5791666666669,3,6,1,0,1,5,10.06,50,1075.37,25.35176147808052,0.0,143.39233085807038,297.4655858085963,2024-04-01,2025-10-06 10:51:26.791,23,10,0,0,0,0,0,0,0,0,0,0,1,0,0,1,0,0,0,0,0,0,1,0,0,0
CUS_0x7cec,23265.78,2103.815,7,4,16,2,8,11,11.24,0,1092.14,39.41002925393871,28.83854074837474,143.69622138377926,327.846737867846,2024-04-01,2025-10-06 10:51:26.791,18,4,0,0,0,1,0,0,1,0,0,1,0,0,0,0,0,0,1,0,0,0,1,0,0,0
CUS_0x7f0a,9730.25,975.8541666666664,844,9,17,0,26,17,2.18,160,2464.02,37.93495912464319,27.54384748369958,131.49153645524848,228.55003272771862,2024-04-01,2025-10-06 10:51:26.791,7,4,1,0,0,1,0,1,1,1,0,0,0,0,0,0,0,1,0,0,0,0,1,0,0,0
CUS_0x2d84,44171.71,3716.975833333333,1,7,10,4,3,11,1.58,40,346.1,27.909555008636172,101.36904408864406,64.0991945523719,456.22934469231734,2024-04-01,2025-10-06 10:51:26.791,32,3,1,0,1,0,0,1,0,0,0,0,1,0,0,1,0,0,0,0,1,0,0,0,0,0
CUS_0xb5f6,17421.64,1645.803333333333,3,3,99,4,28,12,12.61,70,1442.1,32.35643739745828,31.204613317827388,64.4828863374685,338.89283367803745,2024-04-01,2025-10-06 10:51:26.791,6,2,1,0,0,1,1,1,0,0,0,1,0,0,0,0,1,0,0,0,0,0,0,0,1,0
CUS_0x5d43,124296.27,10111.0225,5,2,10,4,3,12,8.44,60,333.21,25.765183555068948,397.6860689801048,661.8750559692774,277.74005102567935,2024-04-01,2025-10-06 10:51:26.791,27,11,0,1,0,0,0,0,0,0,1,0,1,0,0,1,0,0,0,1,0,0,0,0,0,0
CUS_0x790d,92807.49,7862.9575,1,6,9,2,15,10,4.7799999999999985,40,1393.25,31.09802827374989,141.3666064593086,735.072923642306,189.85621989838532,2024-04-01,2025-10-06 10:51:26.791,17,9,0,1,0,0,0,0,0,1,0,0,0,0,0,1,0,0,0,0,0,0,0,1,0,0
CUS_0x9c65,7152.2,665.0166666666668,8,5,30,7,8,9,8.67,120,2004.55,35.668823942418946,29.84649356691391,38.06396853027925,268.5912045694735,2024-04-01,2025-10-06 10:51:26.791,10,9,1,1,0,1,1,1,0,1,0,1,0,0,0,0,1,0,0,0,0,0,0,0,1,0
CUS_0xa64c,119643.12,10127.26,3,2,8,2,13,5,2.89,20,186.99,32.31680347420786,103.24677493025814,1035.8150342157676,163.6641908539743,2024-04-01,2025-10-06 10:51:26.791,24,8,0,1,0,0,0,0,0,1,0,0,1,0,0,1,0,0,0,0,0,0,1,0,0,0
CUS_0x32e6,59125.84,4933.153333333333,587,6,2,1,5,9,1.18,50,53.9,33.748835157772305,33.329841699873626,180.06590783757252,604.889440607166,2024-04-01,2025-10-06 10:51:26.791,28,6,1,0,0,0,0,0,0,0,0,0,0,0,0,0,0,0,1,0,0,0,0,1,0,0
CUS_0x41eb,65498.88,5409.24,9,7,34,8,35,25,18.41,60,3667.71,34.19226539407803,275.7159412975025,122.28948788146776,392.9185708210297,2024-04-01,2025-10-06 10:51:26.791,13,0,1,0,1,0,1,0,0,0,1,1,0,0,0,0,0,0,1,0,1,0,0,0,0,0
CUS_0xc599,14639.215,1209.9345833333334,4,7,18,4,23,16,9.32,70,879.98,33.67101127868378,40.18862730473219,118.3706189537012,242.43421207490002,2024-04-01,2025-10-06 10:51:26.791,13,8,1,1,1,1,0,0,0,0,0,1,0,0,0,0,0,0,1,0,0,0,0,1,0,0
CUS_0x1183,134393.73,10944.4775,1,3,12,2,13,0,11.49,30,945.29,34.951282585470125,136.0306304787093,178.10099644066003,1030.3161230806306,2024-04-01,2025-10-06 10:51:26.791,25,8,1,0,1,0,0,0,0,0,0,0,1,0,0,1,0,0,0,0,1,0,0,0,0,0
CUS_0x4691,53177.81999999999,4453.485,9,5,27,6,46,14,1.37,90,2484.62,25.22560182399319,243.3539299716458,65.33397324012284,376.6605967882314,2024-04-01,2025-10-06 10:51:26.791,9,8,1,0,0,0,1,1,1,0,1,1,0,0,0,0,0,1,0,0,0,1,0,0,0,0
CUS_0x8e82,73656.76,6168.063333333333,5,7,8,2,11,5,5.76,10,777.97,31.594568340007147,109.3812770836512,556.5405882444446,240.88446800523738,2024-04-01,2025-10-06 10:51:26.791,31,11,0,0,0,0,0,0,0,1,1,0,0,0,0,0,0,0,1,0,0,0,1,0,0,0
CUS_0x99c5,54815.73,4866.9775,8,8,20,5,45,10,11.13,110,1441.79,32.127849941597034,117.57425637326897,207.22467078200947,451.8988228447216,2024-04-01,2025-10-06 10:51:26.791,14,10,1,0,0,0,0,1,0,1,1,1,0,0,0,0,0,0,1,0,0,0,1,0,0,0
CUS_0x4491,29588.18,2281.681666666667,3,4,1,3,6,9,4.27,30,193.06,28.468041459731428,61.709501609947175,192.0620355128866,244.3966295438329,2024-04-01,2025-10-06 10:51:26.791,20,6,0,0,0,1,0,1,0,1,0,0,1,0,0,1,0,0,0,0,0,0,0,0,1,0
CUS_0x3582,126464.01,10420.6675,5,5,6,2,12,8,7.1,40,688.1,44.59866843719232,170.30038473139228,103.80561958157742,1007.9607456870302,2024-04-01,2025-10-06 10:51:26.791,24,2,0,0,1,0,0,0,0,0,1,0,1,0,0,1,0,0,0,0,0,0,0,0,0,1
CUS_0x5054,43240.45,3608.448643429688,1,4,11,2,6,0,8.07,30,1320.52,33.11673607315568,209.84456364232935,275.29424587097753,331.5204637236717,2024-04-01,2025-10-06 10:51:26.791,29,11,0,0,0,0,0,0,0,1,1,0,1,0,0,1,0,0,0,0,0,0,0,0,1,0
CUS_0x5d36,29410.64,2712.8866666666668,8,10,34,5,57,20,0.85,120,1830.01,36.18316174731282,110.9428667443702,99.76868880004776,310.5771111222487,2024-04-01,2025-10-06 10:51:26.791,12,2,0,1,1,0,1,1,0,0,0,1,0,0,0,0,0,0,1,0,1,0,0,0,0,0
CUS_0x7ae4,54072.94,4700.078333333334,6,6,12,3,15,12,7.33,20,1388.27,28.716182028491048,72.89893779378055,187.89904268849529,489.2098528510577,2024-04-01,2025-10-06 10:51:26.791,33,0,0,0,1,0,0,0,1,0,0,0,1,0,0,0,1,0,0,0,0,0,0,1,0,0
CUS_0x1a53,28360.5,2086.375,8,5,14,2,10,21,11.26,80,2404.64,28.549449307230592,45.17032541030501,87.43881429385611,366.02836029583887,2024-04-01,2025-10-06 10:51:26.791,14,6,0,1,0,0,0,0,0,0,0,1,0,0,0,0,1,0,0,0,0,0,0,0,0,1
CUS_0x927e,31306.48,2431.873333333333,9,7,7,0,19,16,9.38,22130,1026.13,38.234648867311634,0.0,266.2620486313164,266.9252847020169,2024-04-01,2025-10-06 10:51:26.791,20,2,0,0,0,0,0,0,0,0,0,1,0,0,0,0,1,0,0,0,0,0,1,0,0,0
CUS_0xc7c,23917.38,1724.115,7,4,6,3,18,16,9.98,20,888.53,28.115013925301376,35.50828907001855,46.87031081968769,360.0329001102938,2024-04-01,2025-10-06 10:51:26.791,29,10,0,1,0,1,0,0,0,0,1,1,0,0,0,0,1,0,0,0,0,0,0,0,1,0
CUS_0x411d,15134.06,1018.1716666666664,7,7,29,7,38,15,4.03,90,2548.54,37.61825267624372,71.76209770779678,63.22845271769413,226.82661624117577,2024-04-01,2025-10-06 10:51:26.791,7,9,0,0,1,0,0,1,0,0,1,1,0,0,0,0,0,1,0,1,0,0,0,0,0,0
CUS_0x4fc9,14274.54,992.545,7,6,10,0,16,12,8.13,50,1251.36,35.57645435970748,0.0,130.12954812154769,259.1249518784523,2024-04-01,2025-10-06 10:51:26.791,28,8,0,0,0,0,0,0,0,0,0,0,1,0,0,1,0,0,0,0,0,0,1,0,0,0
CUS_0x73aa,35917.16,3168.096666666667,7,5,7,1,17,8,0.81,30,1271.82,25.87908036901261,23.008119894314603,10000.0,479.88611512672793,2024-04-01,2025-10-06 10:51:26.791,24,0,0,0,0,0,0,0,1,0,0,0,0,0,0,0,0,0,1,1,0,0,0,0,0,0
CUS_0x7562,110675.88,8922.99,8,5,16,1,3,8,8.04,20,1226.28,38.84247333590439,79.67610715543131,216.0647668066529,836.5581260379158,2024-04-01,2025-10-06 10:51:26.791,22,2,0,0,0,0,0,0,0,1,0,0,1,0,0,0,1,0,0,0,0,1,0,0,0,0
CUS_0xf42,39225.32,3265.776666666666,8,5,23,2,19,19,13.2,120,2057.89,31.08945490338209,37.03676632658654,202.3655471042456,377.17535323583456,2024-04-01,2025-10-06 10:51:26.791,9,4,0,0,0,1,0,0,0,0,0,1,0,0,0,0,0,1,0,0,0,0,1,0,0,0
CUS_0x691a,27131.46,2251.955,6,7,10,4,9,18,2.47,30,105.34,38.92588979044659,67.42946420209589,56.05956926254207,351.7064665353621,2024-04-01,2025-10-06 10:51:26.791,23,8,0,0,0,1,0,0,0,1,1,0,1,0,0,0,1,0,0,0,1,0,0,0,0,0
CUS_0x81d3,111112.76,8976.396666666666,7,5,13,0,29,18,19.75,60,261.78,31.004106865002104,0.0,180.7281985904525,956.911468076214,2024-04-01,2025-10-06 10:51:26.791,22,11,0,0,0,0,0,0,0,0,0,1,0,0,0,0,0,0,1,0,0,1,0,0,0,0
CUS_0xd6a,99668.76,8510.73,7,4,20,6,28,17,4.1,40,108.67,28.04372380779776,292.2634820659528,679.9161105805142,158.8934073535329,2024-04-01,2025-10-06 10:51:26.791,18,0,0,0,1,0,1,0,1,1,1,0,0,0,0,0,0,0,1,0,0,0,0,1,0,0
CUS_0x60d,35511.53,3154.294166666666,6,4,20,3,7,16,14.09,0,1109.03,39.98258871010872,69.96656223184304,64.85774967680736,430.6051047580162,2024-04-01,2025-10-06 10:51:26.791,24,9,0,0,1,1,0,0,0,0,1,1,0,0,0,0,1,0,0,0,1,0,0,0,0,0
CUS_0x6df5,17602.93,1176.9108333333334,9,10,29,6,47,17,13.49,70,2158.18,26.05116358836483,46.777519182268,130.92354160125723,229.9900225498081,2024-04-01,2025-10-06 10:51:26.791,17,3,0,0,0,1,0,1,1,1,1,1,0,0,0,0,1,0,0,0,0,0,1,0,0,0
CUS_0x9576,15692.35,1296.6958333333334,7,3,10,3,26,13,18.2,50,611.5,39.74805984730021,32.9313730208646,55.31447608946182,331.42373422300693,2024-04-01,2025-10-06 10:51:26.791,9,5,0,1,0,0,0,0,1,0,1,1,0,0,0,0,1,0,0,0,0,0,0,0,0,1
CUS_0xbb53,77633.04,6635.419999999999,7,5,34,5,55,23,19.48,80,3392.65,41.14351912116904,227.7770646663839,476.35911331264214,229.4058220209739,2024-04-01,2025-10-06 10:51:26.791,0,11,0,0,1,0,0,1,0,1,0,1,0,0,0,0,0,1,0,0,0,0,0,0,1,0
CUS_0x1edc,62152.59,5188.3825,8,4,12,2,11,20,2.75,80,874.6,34.93889141690672,99.34693587581953,321.52742476808135,387.9638893560992,2024-04-01,2025-10-06 10:51:26.791,29,0,0,0,1,0,0,0,0,0,0,1,0,0,0,0,1,0,0,0,0,0,1,0,0,0
CUS_0x506d,14707.375,1198.6145833333333,3,1,2,0,3,0,9.13,60,516.4,28.38306664171089,0.0,82.41954023479622,317.4419180985372,2024-04-01,2025-10-06 10:51:26.791,16,4,0,0,0,0,0,0,0,0,0,0,1,0,0,1,0,0,0,0,0,0,0,1,0,0
CUS_0x8b06,20946.12,1955.51,9,9,18,7,25,27,25.07,120,3093.39,34.35587749533013,104.07534478104144,247.11993075944991,134.35572445950868,2024-04-01,2025-10-06 10:51:26.791,1,8,1,1,1,0,1,0,1,0,0,1,0,0,0,0,0,1,0,0,0,0,1,0,0,0
CUS_0xbd90,19749.315,1635.77625,0,6,8,2,7,0,8.68,20,1286.51,36.00008599817426,17.849500171629742,89.77687794346944,315.9512468849008,2024-04-01,2025-10-06 10:51:26.791,24,0,0,0,0,0,1,0,0,1,0,0,1,0,0,1,0,0,0,1,0,0,0,0,0,0
CUS_0x23c8,81367.12,6943.593333333332,5,5,7,2,12,13,4.78,10,1039.7,38.24704283193198,100.2753164168918,149.87687082968583,684.2071460867558,2024-04-01,2025-10-06 10:51:26.791,24,11,0,0,0,0,1,0,1,0,0,0,1,0,0,0,1,0,0,0,0,1,0,0,0,0
CUS_0x2cd1,7558.55,409.8791666666667,8,9,19,5,28,20,15.2,80,1965.56,36.1882327406459,16.993395285708598,10.920180091333464,293.0743412896246,2024-04-01,2025-10-06 10:51:26.791,16,2,1,0,0,1,1,0,1,0,1,1,0,0,0,0,0,0,1,0,0,0,0,1,0,0
CUS_0x57dc,99955.08,8388.59,8,4,20,4,15,8,4.86,70,132.59,31.66642218762057,174.47185739313156,167.02950413457222,737.3576384722963,2024-04-01,2025-10-06 10:51:26.791,29,2,1,0,0,0,0,1,1,0,0,1,0,0,0,0,1,0,0,0,0,1,0,0,0,0
CUS_0xa459,33453.08,2658.7566666666667,10,10,23,2,16,8,11.3,80,1498.09,23.91224287573751,30.759833670728675,329.079871083176,196.035961912762,2024-04-01,2025-10-06 10:51:26.791,12,5,0,0,0,0,1,0,0,0,1,1,0,0,0,0,1,0,0,0,0,0,1,0,0,0
CUS_0xafa3,28347.68,2091.306666666667,0,2,8,0,14,5,5.05,20,747.72,33.054927688808164,0.0,188.82685981952167,310.303806847145,2024-04-01,2025-10-06 10:51:26.791,27,4,0,0,0,0,0,0,0,0,0,0,1,0,0,1,0,0,0,0,0,0,1,0,0,0
CUS_0xb1cd,72783.06,6241.255,6,5,17,1,18,17,3.52,30,752.52,22.861298857198573,31.7516884101614,783.6120623649293,98.76174922490931,2024-04-01,2025-10-06 10:51:26.791,26,4,0,0,0,0,0,0,0,0,1,0,1,0,0,0,1,0,0,0,0,0,1,0,0,0
CUS_0x5269,18302.33,1483.194166666667,8,10,31,5,59,17,4.38,110,3502.43,37.9231961054406,41.79581408182538,10000.0,220.5442471863337,2024-04-01,2025-10-06 10:51:26.791,4,8,1,1,1,0,0,0,0,1,0,1,0,0,0,0,0,1,0,0,0,0,1,0,0,0
CUS_0x509e,16105.04,1562.0866666666668,10,6,24,9,27,14,15.82,120,3388.02,27.127153488515557,68.23494503271505,160.84947945196063,217.124242181991,2024-04-01,2025-10-06 10:51:26.791,9,0,0,0,1,1,0,1,0,1,1,1,0,0,0,0,0,1,0,0,0,0,1,0,0,0
CUS_0xa60a,18508.07,1678.3391666666666,9,6,23,5,41,23,23.44,90,3019.17,30.790511318663118,64.88860760772316,107.93188239295849,285.0134266659851,2024-04-01,2025-10-06 10:51:26.791,0,9,0,0,0,0,1,1,0,1,0,0,0,0,0,0,0,0,1,0,0,0,1,0,0,0
CUS_0x493c,13074.395,1356.5329166666668,8,7,8,1,9,13,5.96,60,1048.26,26.116419500070467,9.175797471274404,127.83891901678876,288.6385751786035,2024-04-01,2025-10-06 10:51:26.791,30,6,0,0,0,1,0,0,0,0,0,0,1,0,0,1,0,0,0,0,0,0,1,0,0,0
CUS_0x9878,72412.74,6294.395,5,6,6,1,9,15,6.76,40,794.93,38.47647999321988,31.05332614663577,322.0336138101799,556.3525600431843,2024-04-01,2025-10-06 10:51:26.791,26,10,0,0,1,0,0,0,0,0,0,0,1,0,0,0,1,0,0,0,0,0,0,1,0,0
CUS_0xb367,103395.24,8424.27,5,7,6,3,9,17,14.37,120,1103.47,38.04889776946025,146.62188389035018,756.687066163,219.11804994664985,2024-04-01,2025-10-06 10:51:26.791,6,6,0,0,0,0,0,1,1,0,0,1,0,0,0,0,1,0,0,0,0,0,0,1,0,0
CUS_0xbc23,69779.8,5695.983333333334,3,6,12,5,27,10,18.99,70,2349.79,38.76695779895015,254.9681947433235,627.529102756617,355.2188120172218,2024-04-01,2025-10-06 10:51:26.791,15,6,1,0,1,1,0,0,0,0,0,0,0,0,0,0,1,0,0,0,0,0,1,0,0,0
CUS_0xa1a8,35033.11,3041.425833333333,3,5,17,4,16,19,19.48,0,44.59,32.67493334332879,86.86376875438549,64.7309795258799,402.547835053068,2024-04-01,2025-10-06 10:51:26.791,24,0,0,1,0,0,1,0,1,1,0,1,0,0,0,0,1,0,0,0,1,0,0,0,0,0
CUS_0x235a,33911.02,2999.918333333333,3,5,14,1,12,9,13.71,60,459.16,39.439821869171936,23.70133848955088,39.562074436172225,476.72842040761014,2024-04-01,2025-10-06 10:51:26.791,20,2,0,0,1,0,0,0,0,0,0,0,1,0,0,0,1,0,0,0,0,1,0,0,0,0
CUS_0x2c1c,1.5651712E7,1704.6266666666668,5,6,7,0,15,8,12.41,0,902.29,37.406590679241525,0.0,51.135675910632656,369.32699075603404,2024-04-01,2025-10-06 10:51:26.791,19,3,0,0,0,0,0,0,0,0,0,1,0,0,0,0,1,0,0,0,1,0,0,0,0,0
CUS_0x5a92,124534.38,10621.865,1,1,9,3,0,14,9.55,40,757.38,38.5873708670196,174.3385269738251,601.1670493736199,546.6809236525552,2024-04-01,2025-10-06 10:51:26.791,18,0,1,1,0,0,0,0,1,0,0,0,0,0,0,0,0,0,1,1,0,0,0,0,0,0
CUS_0xa8d4,8786.87,592.2391666666667,9,9,21,3,18,19,9.92,15310,1751.32,27.60294859583405,16.80742802520736,35.25100817809178,297.1654804633676,2024-04-01,2025-10-06 10:51:26.791,17,4,0,0,0,1,0,1,0,0,0,1,0,0,0,0,0,1,0,0,0,0,1,0,0,0
CUS_0xce6,40580.24,3496.686666666666,6,4,6,7,24,9,18.65,90,2371.53,32.4046982404142,184.2774332753315,397.03086100100177,58.360372390333424,2024-04-01,2025-10-06 10:51:26.791,11,11,0,0,1,0,1,0,1,0,1,1,0,0,0,0,0,0,1,0,0,0,1,0,0,0
CUS_0x1968,7588.46,663.3716666666667,9,9,29,5,16,15,26.46,110,3948.86,27.796625226193434,27.109994754208863,82.84561824292562,246.3815536695322,2024-04-01,2025-10-06 10:51:26.791,7,8,0,1,1,0,1,0,0,0,1,1,0,0,0,0,0,1,0,0,0,0,1,0,0,0
CUS_0x2c94,31816.07,2442.339166666666,4,5,18,4,5,14,13.8,60,4.82,30.90968726224852,105.4263915909352,58.28731106037331,320.52021401535814,2024-04-01,2025-10-06 10:51:26.791,31,10,1,1,0,0,0,1,1,0,0,1,0,0,0,0,1,0,0,0,0,1,0,0,0,0
CUS_0x4973,12291.445,923.2870833333334,5,5,6,3,30,13,20.49,40,1257.59,28.69740207721692,21.867691785875,101.68793355561054,258.7730829918478,2024-04-01,2025-10-06 10:51:26.791,21,9,0,0,1,0,0,0,1,1,0,1,0,0,0,0,0,0,1,0,0,0,1,0,0,0
CUS_0x6f22,117201.38999999998,9712.7825,5,1,5,1,13,3,8.33,30,1453.22,24.291381161707505,57.73638046955176,709.0731848634384,484.4686846670098,2024-04-01,2025-10-06 10:51:26.791,28,5,0,0,0,1,0,0,0,0,0,0,1,0,0,1,0,0,0,0,0,0,0,1,0,0
CUS_0xd60,15628.95,1490.4125,10,8,20,0,46,18,5.52,70,2131.09,31.23598679589752,45.845770647590975,26.001854606820675,327.19362474558835,2024-04-01,2025-10-06 10:51:26.791,14,10,1,0,0,1,1,0,1,0,1,1,0,0,0,0,0,1,0,0,1,0,0,0,0,0
CUS_0xe18,16854.42,1664.535,3,8,32,3,6,16,19.53,110,1273.31,25.841089733027047,36.182308160971154,114.78696432907127,275.4842275099576,2024-04-01,2025-10-06 10:51:26.791,12,2,0,0,1,1,0,0,0,1,0,1,0,0,0,0,0,0,1,1,0,0,0,0,0,0
CUS_0x22d0,28108.17,2591.3475,2,3,18,4,30,9,5.9,70,597.44,37.601506753415926,57.18198798878319,10000.0,233.4748423574349,2024-04-01,2025-10-06 10:51:26.791,15,0,0,1,1,0,0,0,0,0,0,1,0,0,0,0,0,0,1,0,0,0,0,0,1,0
CUS_0x2c2b,7252.065,530.33875,1483,5,24,3,23,24,8.94,70,1345.66,37.87281851700329,16.2827333426808,16.32404875804435,290.42709289927484,2024-04-01,2025-10-06 10:51:26.791,17,11,0,0,0,0,1,1,0,0,0,1,0,0,0,0,0,0,1,0,0,0,0,0,1,0
CUS_0xc2cc,9400.2,719.35,7,5,33,7,45,20,3.52,100,1795.69,32.57988166058872,45.88919370996218,55.93035651103862,250.11544977899916,2024-04-01,2025-10-06 10:51:26.791,15,7,1,0,1,0,0,1,1,0,0,1,0,0,0,0,0,1,0,0,0,0,0,1,0,0
CUS_0x41be,72583.31999999999,6093.61,7,3,10,781,27,14,7.66,50,1019.44,27.04114487455388,104.01673038444768,338.78455037965773,426.55971923589465,2024-04-01,2025-10-06 10:51:26.791,18,9,0,1,0,1,0,0,0,0,0,1,0,0,0,0,1,0,0,1,0,0,0,0,0,0
CUS_0x496a,18854.6,1627.2166666666665,8,9,27,6,57,17,18.42,80,2088.1,25.561048152718342,60.160868190636656,111.288815154856,261.271983321174,2024-04-01,2025-10-06 10:51:26.791,16,5,0,0,1,1,1,1,0,0,1,1,0,0,0,0,0,0,1,0,0,0,0,0,1,0
CUS_0x5c89,8435.625,714.96875,7,6,16,4,25,15,16.54,100,1559.69,31.404604640038716,15.229342874430444,46.70774048876055,299.559791636809,2024-04-01,2025-10-06 10:51:26.791,9,4,1,0,1,0,1,0,1,0,0,1,0,0,0,0,1,0,0,0,0,0,1,0,0,0
CUS_0x6b89,20382.97,1451.5808333333334,6,9,28,6,38,23,15.03,110,2536.84,28.36479968353768,56.85068877732368,45.03819489710219,313.26919965890744,2024-04-01,2025-10-06 10:51:26.791,19,3,0,1,1,0,1,1,1,0,1,1,0,0,0,0,0,0,1,0,0,0,0,0,1,0
CUS_0x8628,165774.56,13560.546666666669,0,7,12,2,0,3,4.41,50,1171.5,35.79974215568665,255.82416304740192,1380.3161832517221,922.2157392632467,2024-04-01,2025-10-06 10:51:26.791,16,2,0,0,0,0,0,0,0,1,1,0,1,0,0,1,0,0,0,0,0,0,0,1,0,0
CUS_0x9557,14293.6,1022.1333333333334,6,5,32,6,56,21,8.01,110,4064.01,35.96204157222825,66.88854173491038,99.48049844988188,225.8442931485411,2024-04-01,2025-10-06 10:51:26.791,13,5,0,0,0,0,1,1,1,1,0,1,0,0,0,0,0,0,1,0,0,0,1,0,0,0
CUS_0x55c7,33643.54,3048.6283333333336,4,6,20,860,7,17,8.56,80,1300.7,33.246114720098795,70.53606363104981,195.86335296063817,298.4634167416453,2024-04-01,2025-10-06 10:51:26.791,15,11,1,0,1,0,1,0,1,0,0,1,0,0,0,0,1,0,0,1,0,0,0,0,0,0
CUS_0xb060,20695.58,1698.1459185037506,2,2,3,4,12,7,11.0,20,1352.84,25.73772150658366,253.5833673536581,161.59788764882958,265.0676598270955,2024-04-01,2025-10-06 10:51:26.791,19,11,0,0,0,1,1,0,1,0,0,0,0,0,0,0,0,0,1,0,0,0,0,1,0,0
CUS_0x43dd,14269.42,1349.118333333333,10,6,28,5,62,26,14.36,90,3223.66,38.44127080998189,35004.0,36.5322830085489,324.4321319943801,2024-04-01,2025-10-06 10:51:26.791,3,0,0,1,0,1,0,0,1,0,0,0,0,0,0,0,0,1,0,1,0,0,0,0,0,0
CUS_0x991b,108142.13999999998,9280.845,1,2,1,1,14,7,7.55,30,261.59,31.30136046489593,48.51475767394586,351.479189815398,818.0905525106559,2024-04-01,2025-10-06 10:51:26.791,24,10,0,0,0,0,0,1,0,0,0,0,1,0,0,1,0,0,0,0,0,0,0,0,0,1
CUS_0xbaa0,37361.02,3280.418333333333,10,6,19,6,54,19,22.41,120,2911.75,28.675742551643523,129.87189051717294,32.863362269326416,405.306580546834,2024-04-01,2025-10-06 10:51:26.791,4,6,1,0,1,1,0,1,1,0,0,1,0,0,0,0,0,1,0,0,0,1,0,0,0,0
CUS_0x86a8,35938.45,2830.870833333333,3,5,15,4,19,11,7.84,30,1438.83,32.95877717507284,96.96085525690076,194.13484332728746,261.9913847491451,2024-04-01,2025-10-06 10:51:26.791,20,9,0,0,1,1,0,0,0,0,1,0,1,0,0,0,1,0,0,0,0,0,0,0,0,1
CUS_0xb46a,37467.18,2920.265,6,7,34,0,32,20,6.34,80,2607.0,40.73048432260696,117.33565034895634,121.84874060817104,322.8421090428726,2024-04-01,2025-10-06 10:51:26.791,6,6,0,1,0,1,0,1,0,1,0,1,0,0,0,0,0,0,1,0,0,0,0,0,1,0
CUS_0x2483,10086.965,711.5804166666667,6,6,27,3,11,20,12.23,50,1689.61,38.98461712021464,18.990222859460424,27.95551671711625,294.21230209008996,2024-04-01,2025-10-06 10:51:26.791,8,3,0,1,1,0,0,1,0,0,0,0,0,0,0,0,1,0,0,0,0,0,0,0,1,0
CUS_0x47c5,63515.92,5566.993333333333,3,517,3,1,3,0,3.65,90,609.25,29.39238176223976,29.289364912538915,462.6044170066349,344.8055514141596,2024-04-01,2025-10-06 10:51:26.791,31,4,0,0,0,0,0,0,1,0,0,0,1,0,0,1,0,0,0,0,0,0,0,1,0,0
CUS_0x4c36,22419.74,1760.311666666667,4,7,9,5,19,14,11.47,110,346.91,27.52268950342841,69.4940480169649,114.6944214878248,251.84269716187697,2024-04-01,2025-10-06 10:51:26.791,14,6,1,1,0,1,1,0,0,0,1,1,0,0,0,0,1,0,0,1,0,0,0,0,0,0
CUS_0x879a,20957.27,1990.4391666666668,8,5,30,9,16,18,13.38,120,4912.34,37.204825718407,113.64602833714936,45.0082571435,280.3896311860173,2024-04-01,2025-10-06 10:51:26.791,11,11,0,0,1,0,1,1,1,0,1,1,0,0,0,0,0,1,0,0,0,0,0,0,0,1
CUS_0xae60,71676.0,5921.0,5,4,18,2,12,11,9.27,30,1150.59,23.92388707330208,73.45520241865886,310.7311670888676,497.9136304924736,2024-04-01,2025-10-06 10:51:26.791,22,11,1,0,0,0,0,0,1,0,0,0,1,0,0,0,0,0,1,0,0,0,0,0,0,1
CUS_0x1c98,44297.43,3701.4525,9,7,15,7,37,24,19.28,120,4078.71,27.65253614512536,217.196867498672,41.656027201719205,361.29235529960886,2024-04-01,2025-10-06 10:51:26.791,7,9,1,0,1,0,1,1,1,1,0,1,0,0,0,0,0,1,0,0,1,0,0,0,0,0
CUS_0x1d2c,118636.88,9865.406666666668,8,6,3058,0,18,15,4.94,40,1097.71,36.41520197404149,86.54293080681103,632.5705691648473,547.4271666950085,2024-04-01,2025-10-06 10:51:26.791,20,9,0,1,0,0,0,0,0,0,0,0,0,0,0,0,0,0,1,0,0,0,0,1,0,0
CUS_0x8823,94639.11,7705.5925,3,4,16,3,12,14,3.28,0,680.76,28.2266095239092,3494.0,178.2821961528027,647.6759412562478,2024-04-01,2025-10-06 10:51:26.791,28,4,0,0,1,0,0,0,1,1,0,0,1,0,0,0,1,0,0,0,1,0,0,0,0,0
CUS_0x2bc7,51312.9,4425.075,10,8,29,4,39,15,17.0,100,1498.55,31.18472143846612,146.70764518321755,136.45315818271374,409.34669663406873,2024-04-01,2025-10-06 10:51:26.791,9,0,0,0,1,0,0,0,1,0,1,1,0,0,0,0,0,1,0,0,1,0,0,0,0,0
CUS_0x2c51,81094.96,6594.913333333334,9,4,18,0,24,13,4.03,7930,2.13,33.47100818486845,0.0,168.4232290643813,741.0681042689522,2024-04-01,2025-10-06 10:51:26.791,27,6,0,0,0,0,0,0,0,0,0,0,1,0,0,0,1,0,0,0,1,0,0,0,0,0
CUS_0x4eef,33022.95,2975.9125,3,5,3,0,13,4,10.27,10,320.54,39.1617910424758,0.0,186.52257218485138,381.06867781514876,2024-04-01,2025-10-06 10:51:26.791,19,8,0,0,0,0,0,0,0,0,0,0,1,0,0,1,0,0,0,0,0,0,0,0,1,0
CUS_0x6abc,88346.48,7289.206666666666,4,3,18,1,12,13,18.31,0,1392.71,35.7036288892192,46.65991382298007,665.9453643209397,296.3153885227469,2024-04-01,2025-10-06 10:51:26.791,23,0,0,0,0,0,0,0,0,0,1,1,0,0,0,0,1,0,0,0,0,0,0,1,0,0
