Customer_ID,Annual_Income,Monthly_Inhand_Salary,Num_Bank_Accounts,Num_Credit_Card,Interest_Rate,Num_of_Loan,Delay_from_due_date,Num_of_Delayed_Payment,Changed_Credit_Limit,Num_Credit_Inquiries,Outstanding_Debt,Credit_Utilization_Ratio,Total_EMI_per_month,Amount_invested_monthly,Monthly_Balance,snapshot_date,_ingested_at_utc,credit_history_age_year,credit_history_age_month,mortgage_loan,auto_loan,credit_builder_loan,personal_loan,not_specified,student_loan,home_equity_loan,payday_loan,debt_consolidation_loan,ohe__payment_of_min_amount__yes,ohe__payment_of_min_amount__no,ohe__payment_of_min_amount__nm,ohe__payment_of_min_amount__unknown,ohe__credit_mix__good,ohe__credit_mix__standard,ohe__credit_mix__bad,ohe__credit_mix__unknown,ohe__payment_behaviour__high_spent_small_value_payments,ohe__payment_behaviour__high_spent_medium_value_payments,ohe__payment_behaviour__high_spent_large_value_payments,ohe__payment_behaviour__low_spent_small_value_payments,ohe__payment_behaviour__low_spent_medium_value_payments,ohe__payment_behaviour__low_spent_large_value_payments,ohe__payment_behaviour__unknown
CUS_0x7307,17157.47,1656.789166666667,10,7,22,6,49,18,23.79,110,3743.28,36.8148807890816,44.451574654189656,83.45169894363114,297.77564306884585,2024-01-01,2025-10-06 10:50:55.337,11,3,1,1,0,0,0,1,0,0,0,1,0,0,0,0,0,1,0,1,0,0,0,0,0,0
CUS_0x9382,9857.68,1041.4733333333334,8,8,30,8,20,20,17.32,130,3017.34,31.238905074562,34.063934650342865,50.15384225599015,299.9295564270003,2024-01-01,2025-10-06 10:50:55.337,8,6,1,1,1,1,1,0,0,1,0,1,0,0,0,0,0,1,0,0,0,0,0,1,0,0
CUS_0x211a,56192.32,4676.693333333334,10,6,21,8,44,21,14.07,70,3777.1,25.79379550842012,282.1903992253431,167.48627556815208,277.9926585398382,2024-01-01,2025-10-06 10:50:55.337,11,6,0,1,0,1,0,0,1,1,1,1,0,0,0,0,0,1,0,1,0,0,0,0,0,0
CUS_0x2ff7,26405.15,1911.4291666666668,5,7,8,4,13,21,10.08,40,873.11,27.94291545560455,59.72156372314648,109.72708255146941,311.69427039205084,2024-01-01,2025-10-06 10:50:55.337,16,11,1,0,1,0,0,0,1,1,0,1,0,0,0,0,1,0,0,0,0,0,1,0,0,0
CUS_0xc4c9,16568.425,1550.7020833333331,5,1358,18,1,16,8,3.56,50,478.11,22.28596810647911,8.47408555938318,143.74308324281384,292.85303953113635,2024-01-01,2025-10-06 10:50:55.337,29,5,0,0,0,0,0,0,0,1,0,0,1,0,0,0,1,0,0,0,0,0,1,0,0,0
CUS_0xc53f,12705.77,1159.8141666666668,6,6,17,2,27,10,2.89,50,314.58,27.456868561158768,14.58771652898568,101.4159150892449,271.62681258942007,2024-01-01,2025-10-06 10:50:55.337,22,6,0,1,0,0,0,0,0,0,0,1,0,0,0,0,1,0,0,0,0,0,1,0,0,0
CUS_0x406,122942.28,10205.19,2,3,3,1,8,4,4.88,40,924.1,32.403388221707765,101.56797654898996,821.8076237013545,377.14339974965566,2024-01-01,2025-10-06 10:50:55.337,28,8,1,0,0,0,0,0,0,0,0,0,1,0,0,1,0,0,0,0,0,0,0,1,0,0
CUS_0x4437,46003.29,3859.6075,8,6,34,6,17,16,18.37,120,2681.08,30.207791610658717,142.4531100539671,229.4052042382673,304.1024357077657,2024-01-01,2025-10-06 10:50:55.337,4,10,0,0,1,0,1,1,0,1,1,1,0,0,0,0,0,1,0,0,0,0,1,0,0,0
CUS_0x4696,46783.08,4058.59,3,7,20,7,22,10,8.04,90,1558.33,33.363315832880694,236.3197006260011,497.1177698877305,275.3164140088892,2024-01-01,2025-10-06 10:50:55.337,13,10,1,1,0,1,0,1,0,0,1,1,0,0,0,0,1,0,0,0,0,0,1,0,0,0
CUS_0x5ab,40216.62,3176.323732156787,0,5,10,2,8,7,8.02,50,323.03,25.18265204614284,12039.0,251.01156614838774,338.3614610197264,2024-01-01,2025-10-06 10:50:55.337,27,3,0,1,0,1,0,0,0,0,0,0,1,0,0,1,0,0,0,0,0,0,0,0,1,0
CUS_0x91da,25173.5,2219.7916666666665,6,4,14,3,9,13,17.2,70,955.58,39.7799220687474,61.85727128546221,204.97970750266416,225.14218787854026,2024-01-01,2025-10-06 10:50:55.337,17,3,0,0,0,0,1,0,0,0,1,1,0,0,0,0,1,0,0,0,0,0,0,0,1,0
CUS_0x9567,15678.385,1447.532083333333,5,4,3,3,11,8,7.54,40,1181.75,37.37762717308414,29.7026536342165,154.40923034114329,250.64132435797356,2024-01-01,2025-10-06 10:50:55.337,18,3,0,0,1,1,0,1,0,0,0,0,1,0,0,1,0,0,0,0,0,0,1,0,0,0
CUS_0x9886,164580.36,13871.03,5,3,10,3,11,9,8.370000000000001,60,922.89,34.093845817618806,352.2489976155003,340.971412749446,953.8825896350537,2024-01-01,2025-10-06 10:50:55.337,20,3,1,0,1,0,0,1,0,0,0,0,1,0,0,0,0,0,1,1,0,0,0,0,0,0
CUS_0x19b5,11855.82,943.985,6,6,17,1,13,10,7.89,50,735.37,33.25243479274676,5.711416878860573,80.05423292568939,298.63285019545003,2024-01-01,2025-10-06 10:50:55.337,17,10,0,0,0,0,1,0,0,0,0,1,0,0,0,0,1,0,0,0,0,0,1,0,0,0
CUS_0x403d,71421.15,6118.7625,7,7,19,0,8,10,11.3,0,566.98,35.537430138709134,0.0,108.98389946342955,752.8923505365705,2024-01-01,2025-10-06 10:50:55.337,17,10,0,0,0,0,0,0,0,0,0,0,0,0,0,0,1,0,0,0,1,0,0,0,0,0
CUS_0xc349,19796.08,1357.6733333333334,7,10,21,7,29,11,16.47,70,2399.46,35.962257339396515,68.07298093762256,99.25658594944841,258.43776644626234,2024-01-01,2025-10-06 10:50:55.337,9,9,0,0,1,1,1,1,0,1,1,1,0,0,0,0,1,0,0,0,0,0,1,0,0,0
CUS_0x2bfc,69363.87,6028.322499999998,4,4,19,0,32,10,16.04,110,449.06,30.858021699728788,228.4814754216084,413.67768047917485,230.67309409921657,2024-01-01,2025-10-06 10:50:55.337,17,6,0,1,1,1,0,1,0,0,0,1,0,0,0,0,1,0,0,0,0,0,0,0,1,0
CUS_0x92ff,88215.03,7356.2525,7,3,12,2,7,17,16.36,50,1128.68,39.77743302890112,100.41582197692686,56.33670826879028,818.8727197542828,2024-01-01,2025-10-06 10:50:55.337,33,1,0,0,0,0,1,0,0,0,0,1,0,0,0,0,1,0,0,0,0,1,0,0,0,0
CUS_0x5b88,35444.72,3216.726666666667,1,5,5,0,17,11,0.0,20,1348.43,27.388827294535066,0.0,105.42630422453058,486.24636244213616,2024-01-01,2025-10-06 10:50:55.337,18,3,0,0,0,0,0,0,0,0,0,0,1,0,0,1,0,0,0,0,0,0,0,0,1,0
CUS_0x93ba,110603.94,9463.995,5,7,12,1,27,13,5.75,10,805.01,36.42984395567245,68.79160161584161,794.8654559064216,362.7424424777369,2024-01-01,2025-10-06 10:50:55.337,20,2,0,0,0,0,0,1,0,0,0,0,1,0,0,0,1,0,0,0,0,0,0,1,0,0
CUS_0x31c0,59931.4,4828.283333333334,9,5,20,9,40,20,20.92,170,3776.3,39.92913409432045,390.8549089852952,354.7002385837552,27.27318576428303,2024-01-01,2025-10-06 10:50:55.337,2,4,1,1,1,1,1,1,0,0,1,1,0,0,0,0,0,1,0,0,0,0,1,0,0,0
CUS_0x440,10367.01,1095.9175,7,7,34,5,33,20,11.43,60,1568.49,31.574518131939808,37.90425467357951,77.97584878706216,263.7116465393584,2024-01-01,2025-10-06 10:50:55.337,5,11,1,0,0,0,1,1,1,0,0,1,0,0,0,0,1,0,0,0,0,0,0,0,1,0
CUS_0x92b6,46586.79,3823.2325,5,5,27,5,30,5,15.51,100,1740.2,29.131428628947,142.5295757965802,137.6560300097682,352.1376441936517,2024-01-01,2025-10-06 10:50:55.337,6,8,1,1,1,0,0,0,1,0,0,1,0,0,0,0,1,0,0,0,0,0,0,0,0,1
CUS_0xc501,23454.09,2211.5075,5,5,11,5,18,14,17.99,80,846.41,38.2922396346257,73.34809191087513,250.01218685576302,187.79047123336184,2024-01-01,2025-10-06 10:50:55.337,12,4,0,1,1,1,0,0,1,0,1,1,0,0,0,0,0,0,1,0,0,0,1,0,0,0
CUS_0x8521,115736.92,9541.743333333334,8,3,8,3,11,11,19.16,70,296.14,32.30799623311289,255.74756478246388,410.54175753288206,567.8850110179874,2024-01-01,2025-10-06 10:50:55.337,24,10,1,0,0,0,1,0,0,0,1,1,0,0,0,0,0,0,1,0,0,0,0,1,0,0
CUS_0x3f7d,16676.72,1629.726666666667,9,6,22,8,16,19,0.0,150,2255.57,39.36251909661303,110.53557602863287,81.98621435655173,230.4508762814821,2024-01-01,2025-10-06 10:50:55.337,19,10,0,0,0,1,0,1,1,1,0,1,0,0,0,0,0,1,0,1,0,0,0,0,0,0
CUS_0x9e04,32889.64,2687.8033333333333,5,6,6,2,20,10,19.69,90,177.66,32.1114855424704,47.12580761381851,71.53528314498477,420.11924257453,2024-01-01,2025-10-06 10:50:55.337,12,10,0,1,0,0,1,0,0,0,0,1,0,0,0,0,1,0,0,0,0,0,0,0,1,0
CUS_0x4484,38365.21,3258.100833333333,4,4,5,2,6,11,4.16,50,121.17,38.42799605310965,35.007025499209426,191.87366312926625,368.9293947048577,2024-01-01,2025-10-06 10:50:55.337,29,2,0,0,0,0,1,1,0,0,0,0,1,0,0,1,0,0,0,0,0,0,0,0,1,0
CUS_0x6f64,20355.23,1978.269166666667,8,3,15,6,18,12,14.73,50,575.92,33.266747568653464,59.28691589122695,249.18851232758288,179.35148844785678,2024-01-01,2025-10-06 10:50:55.337,10,8,0,0,1,1,1,1,0,1,1,1,0,0,0,0,1,0,0,0,0,0,1,0,0,0
CUS_0x8627,12549.985,828.8320833333335,7,5,13,1,13,15,3.87,60,803.44,31.309952255873583,9.947697793357491,30.31723326009714,312.61827727987867,2024-01-01,2025-10-06 10:50:55.337,32,3,0,0,0,0,1,0,0,0,0,0,1,0,0,0,1,0,0,0,0,0,0,0,1,0
CUS_0x1cce,20618.07,1434.1725,9,7,27,0,34,15,9.76,120,1424.45,34.756377681830216,48.45412970697544,103.99618690132445,280.96693339170014,2024-01-01,2025-10-06 10:50:55.337,12,5,0,0,0,0,0,1,0,1,1,1,0,0,0,0,0,1,0,0,0,0,1,0,0,0
CUS_0x3082,20367.72,1526.3100000000004,10,8,34,3,20,12,20.55,110,2108.15,36.72377244036039,36.59172018009161,141.92625820637775,244.1130216135306,2024-01-01,2025-10-06 10:50:55.337,6,8,0,0,1,0,1,0,0,1,0,1,0,0,0,0,1,0,0,0,0,0,0,0,1,0
CUS_0x5825,18623.23,1765.9358333333332,7,6,16,6,18,19,5.37,80,1932.49,32.06335150555995,54.12243983600564,181.2893423667432,231.18180113058446,2024-01-01,2025-10-06 10:50:55.337,14,8,0,1,0,0,1,1,0,1,1,1,0,0,0,0,0,1,0,0,0,0,1,0,0,0
CUS_0x5e43,8392.645,796.3870833333334,6,8,26,5,23,21,1.49,110,2947.57,25.348679217569213,22.019982136867537,87.353351154752,260.2653750417138,2024-01-01,2025-10-06 10:50:55.337,13,10,0,1,1,1,1,1,0,0,0,1,0,0,0,0,0,1,0,0,0,0,1,0,0,0
CUS_0x9e11,17535.57,1628.2975,4,6,29,0,29,14,9.55,110,2476.35,25.563898362901387,28.678836830886198,44.04432685871593,370.10658631039786,2024-01-01,2025-10-06 10:50:55.337,15,0,0,1,0,0,0,1,0,0,0,1,0,0,0,0,1,0,0,0,0,0,0,1,0,0
CUS_0x2005,17063.595,1571.9662500000004,7,7,16,0,11,14,16.53,20,486.79,24.769857983151088,0.0,51.588526866350286,385.60809813364966,2024-01-01,2025-10-06 10:50:55.337,26,2,0,0,0,0,0,0,0,0,0,1,0,0,0,0,0,0,1,0,0,0,0,1,0,0
CUS_0x33b7,20770.6,1784.8833333333332,7,4,17,3,16,12,0.0,40,167.61,36.94265254604271,35.370815416199875,100.9483764012388,332.16914151589464,2024-01-01,2025-10-06 10:50:55.337,25,6,0,0,1,0,0,0,1,0,0,0,1,0,0,0,1,0,0,0,0,0,1,0,0,0
CUS_0x2444,113384.82,9507.735,2,960,8,3,19,9,10.41,30,680.7,39.341191076446016,149.61771836913994,313.14033944555126,738.015442185309,2024-01-01,2025-10-06 10:50:55.337,23,4,0,1,0,0,0,0,0,1,1,0,1,0,0,1,0,0,0,0,1,0,0,0,0,0
CUS_0x82c1,30883.32,2311.61,6,5,8,3,15,7,11.24,90,1891.76,24.816658635911807,50.14969838870782,10000.0,367.1285086982792,2024-01-01,2025-10-06 10:50:55.337,15,9,1,0,0,0,1,0,0,0,1,1,0,0,0,0,1,0,0,1,0,0,0,0,0,0
CUS_0x4a0d,35038.35,3156.8625,4,4,18,3,8,16,9.97,40,362.03,30.40866659062114,64.24529761914897,304.81264290275453,226.62830947809655,2024-01-01,2025-10-06 10:50:55.337,33,6,0,1,0,0,1,0,1,0,0,1,0,0,0,0,1,0,0,0,0,0,0,1,0,0
CUS_0x88c1,102412.35,8290.3625,5,6,8,0,25,17,11.13,30,719.06,30.662421178250607,0.0,202.754513669328,866.281736330672,2024-01-01,2025-10-06 10:50:55.337,19,0,0,0,0,0,0,0,0,0,0,0,0,0,0,0,0,0,1,0,0,1,0,0,0,0
CUS_0x4864,89507.06999999998,7199.9225,4,6,8,5,14,20,0.0,70,240.4,29.818485145654336,250.9514287228077,323.9634256192122,415.0773956579802,2024-01-01,2025-10-06 10:50:55.337,17,11,1,0,1,0,0,1,1,0,0,1,0,0,0,0,1,0,0,0,0,0,0,0,1,0
CUS_0xb8ea,9260.58,1018.715,6,6,31,7,26,25,21.94,120,3726.34,25.41916887459797,53.755602826515,62.35111433632642,275.7647828371586,2024-01-01,2025-10-06 10:50:55.337,8,11,1,0,1,0,1,1,1,0,1,0,0,0,0,0,0,1,0,0,0,0,1,0,0,0
CUS_0xc1b9,152483.32,12747.943333333336,5,4,1,2,0,0,4.72,50,678.31,30.771043415231016,209.49210848921007,212.54306554267063,1102.7591593014529,2024-01-01,2025-10-06 10:50:55.337,28,5,0,0,0,0,0,1,1,0,0,0,1,0,0,1,0,0,0,0,1,0,0,0,0,0
CUS_0x2b52,88778.4,7635.2,3,7,8,4,10,8,4.17,80,44.85,38.64339138737353,295.3137499703167,234.75244957835545,483.4538004513279,2024-01-01,2025-10-06 10:50:55.337,26,2,1,1,0,0,0,0,0,0,1,1,0,0,0,0,1,0,0,0,1,0,0,0,0,0
CUS_0x8a29,123085.88999999998,10334.1575,5,7,5,4,8,10,8.8,30,387.39,40.305091154991175,379.1967168761623,379.3391731509681,524.8798599728697,2024-01-01,2025-10-06 10:50:55.337,32,1,0,1,1,0,1,0,0,0,0,0,1,0,0,1,0,0,0,0,1,0,0,0,0,0
CUS_0xb3c2,20487.905,1674.3254166666666,4,4,2,3,7,10,6.05,20,1464.77,32.67893344208852,34.53529461572649,138.2450747121338,264.6521723388064,2024-01-01,2025-10-06 10:50:55.337,21,3,1,0,1,0,0,0,0,1,0,0,1,0,0,0,0,0,1,0,0,0,0,0,1,0
CUS_0x2b05,39928.5,3375.375,3,5,8,4,15,16,9.17,30,461.43,23.3606859059792,76.00051094936124,438.3029949520416,113.23399409859718,2024-01-01,2025-10-06 10:50:55.337,28,8,0,1,0,0,1,1,0,0,1,0,0,0,0,0,0,0,1,0,0,0,1,0,0,0
CUS_0x3d3f,147519.72,12393.31,4,6,8,3,29,9,9.5,80,652.22,35.589502021306444,228.4565930673933,940.6928547751988,350.18155215740796,2024-01-01,2025-10-06 10:50:55.337,32,11,1,0,0,1,1,0,0,0,0,0,1,0,0,0,1,0,0,0,0,0,0,0,0,1
CUS_0x8506,19078.99,1867.9158333333328,9,9,28,5,44,22,5.75,110,1367.42,27.08396603893741,44.88120482278831,47.74020450916535,344.1701740013797,2024-01-01,2025-10-06 10:50:55.337,12,3,0,1,0,0,0,1,0,1,0,0,0,0,0,0,0,1,0,0,1,0,0,0,0,0
CUS_0x1bff,19323.4,1749.2833333333335,10,831,18,8,48,15,17.02,110,3033.25,37.06377992985223,99.10134677854631,18.037840360029215,302.3680027516959,2024-01-01,2025-10-06 10:50:55.337,8,11,0,1,1,0,1,0,1,1,1,1,0,0,0,0,0,1,0,0,0,1,0,0,0,0
CUS_0x2bed,104177.61000000002,8671.4675,3,6,1,2,6,1,4.22,30,581.83,42.43558842365725,141.6961457709901,112.05924464028757,863.3913595887225,2024-01-01,2025-10-06 10:50:55.337,25,0,0,1,0,0,0,0,0,1,0,0,1,0,0,1,0,0,0,0,1,0,0,0,0,0
CUS_0x8f70,29536.93,2329.410833333333,4,7,7,2,23,16,10.92,30,607.5,37.95209945601419,38.73726433642551,140.36214518873194,343.84167380817587,2024-01-01,2025-10-06 10:50:55.337,21,11,1,0,0,0,0,0,1,0,0,1,0,0,0,0,1,0,0,0,0,0,1,0,0,0
CUS_0x57e5,60071.06999999999,5069.9225,6,9,20,6,60,25,15.16,130,3619.98,36.50763079643946,178.8589689237046,211.42200952305333,366.7112715532421,2024-01-01,2025-10-06 10:50:55.337,7,8,0,1,0,1,0,0,0,0,1,1,0,0,0,0,0,1,0,0,1,0,0,0,0,0
CUS_0x2c08,66357.14,5688.761666666666,8,4,8,1,12,15,9.66,20,1414.17,28.70987070956736,47.08813642232575,126.27181708443837,645.5162131599027,2024-01-01,2025-10-06 10:50:55.337,20,2,0,0,0,0,0,1,0,0,0,0,1,0,0,0,1,0,0,0,1,0,0,0,0,0
CUS_0xa5dd,39379.07,3428.589166666666,2,1,8,0,11,11,6.65,90,711.58,39.4828842648984,0.0,132.99560515106526,459.86331151560137,2024-01-01,2025-10-06 10:50:55.337,28,0,0,0,0,0,0,0,0,0,0,0,1,0,0,1,0,0,0,0,1,0,0,0,0,0
CUS_0xb7d4,147521.76,12586.48,1,1,2,1,5,2,0.57,70,101.57,28.85237162488271,122.3425952164507,994.9695295381964,421.33587524535307,2024-01-01,2025-10-06 10:50:55.337,18,4,0,0,1,0,0,0,0,0,0,0,1,0,0,1,0,0,0,0,0,0,0,0,0,1
CUS_0x2499,28276.72,2449.393333333333,5,4,10,4,20,9,10.51,40,123.73,37.12435310245986,50.01787354048111,26.606704011933537,408.31475578091874,2024-01-01,2025-10-06 10:50:55.337,30,5,0,0,0,0,1,0,0,1,1,0,1,0,0,0,1,0,0,0,0,1,0,0,0,0
CUS_0x98f6,135200.12,11437.676666666664,3,5,1617,0,17,8,2.78,20,861.39,30.783247853273643,0.0,307.92910452022886,1105.8385621464377,2024-01-01,2025-10-06 10:50:55.337,21,6,0,0,0,0,0,0,0,0,0,0,1,0,0,1,0,0,0,0,0,0,0,0,1,0
CUS_0xbcd8,21673.57,1623.1308333333334,7,3,16,1,10,15,9.66,30,551.81,36.13834995307557,14.539651231938372,88.25460567827648,301.33814620012384,2024-01-01,2025-10-06 10:50:55.337,20,11,0,0,1,0,0,0,0,0,0,0,1,0,0,0,1,0,0,1,0,0,0,0,0,0
CUS_0x3161,58698.08,4917.506666666667,8,4,10,2,20,14,9.75,50,453.31,40.790640352388536,91.96271299631606,202.7504144790502,447.0375391913005,2024-01-01,2025-10-06 10:50:55.337,15,10,0,1,0,0,0,1,0,0,0,0,0,0,0,1,0,0,0,0,1,0,0,0,0,0
CUS_0x38ce,18283.91,1747.6591666666666,6,10,29,6,27,17,3.87,130,2521.4,23.85799057452279,54.72120109808834,72.1024797008502,327.94223586772813,2024-01-01,2025-10-06 10:50:55.337,10,2,0,0,1,1,0,0,1,0,1,1,0,0,0,0,0,1,0,0,0,0,0,0,0,1
CUS_0x5775,16609.095,1488.0912500000004,1,2,4,3,12,4,8.81,30,864.0,38.218754719988695,22.41100577364052,146.97668519301442,269.4214340333451,2024-01-01,2025-10-06 10:50:55.337,23,3,0,0,1,0,0,1,1,0,0,0,1,0,0,1,0,0,0,0,0,0,1,0,0,0
CUS_0x879d,51557.73,4479.4775,10,7,22,3,30,13,6.039999999999999,90,1561.52,28.64120530190109,107.64691423813127,99.02300558903643,481.27783017283235,2024-01-01,2025-10-06 10:50:55.337,10,9,1,0,0,0,0,0,0,1,1,1,0,0,0,0,1,0,0,0,0,1,0,0,0,0
CUS_0x33cd,52110.56,4521.546666666666,6,5,19,1,12,19,13.2,10,1251.99,40.65242862023021,23.740912168311905,10000.0,577.1755422943368,2024-01-01,2025-10-06 10:50:55.337,32,11,0,1,0,0,0,0,0,0,0,1,0,0,0,0,1,0,0,0,0,1,0,0,0,0
CUS_0x80b3,7109.175,536.43125,5,10,16,3,20,16,11.15,80,2098.55,35.214247265723046,17.215553743622753,29.411793809608213,297.01577744676905,2024-01-01,2025-10-06 10:50:55.337,18,0,0,0,0,0,0,1,0,0,1,0,0,0,0,0,0,0,1,0,0,0,1,0,0,0
CUS_0xc50f,38655.1,2971.392673113816,5,7,5,4,9,0,1.22,40,1295.1,38.258929437784616,363.0061864808185,84.34989201369939,416.33541505833267,2024-01-01,2025-10-06 10:50:55.337,30,4,1,0,0,0,1,0,0,0,0,0,1,0,0,1,0,0,0,0,0,1,0,0,0,0
CUS_0x3214,37550.74,2930.228333333333,0,5,9,2,10,0,7.96,0,417.92,33.793580240791805,61.35582984460184,208.5270394728784,313.1399640158532,2024-01-01,2025-10-06 10:50:55.337,22,11,0,0,0,0,0,1,0,0,1,0,1,0,0,1,0,0,0,0,0,0,1,0,0,0
CUS_0x905,99573.12,8240.76,5,4,13,3,15,14,8.94,0,327.22,24.524333850447285,196.216030668979,179.80761414361638,688.0523551874048,2024-01-01,2025-10-06 10:50:55.337,26,5,0,0,1,1,0,0,0,0,1,0,1,0,0,0,1,0,0,0,0,1,0,0,0,0
CUS_0xa83c,23195.18,1768.9316666666666,8,6,14,5,6,11,14.52,80,458.8,30.434484572307127,53.429503407349046,40.04994715649853,314.5787405037903,2024-01-01,2025-10-06 10:50:55.337,16,10,0,1,0,0,1,0,1,0,1,1,0,0,0,0,1,0,0,0,1,0,0,0,0,0
CUS_0x8a0d,44058.44,3541.536666666667,1,4,12,3,13,0,7.16,40,837.88,38.52848278614663,84.46982019401578,148.23482618722318,411.44902028542776,2024-01-01,2025-10-06 10:50:55.337,33,5,0,0,0,0,0,0,1,1,0,0,1,0,0,1,0,0,0,0,0,0,1,0,0,0
CUS_0x9942,54491.84,4769.986666666667,3,658,1325,0,19,16,14.17,40,555.42,31.776858279795388,0.0,512.2633335169122,254.7353331497545,2024-01-01,2025-10-06 10:50:55.337,17,2,0,0,0,0,0,0,0,0,0,1,0,0,0,0,1,0,0,0,0,0,1,0,0,0
CUS_0xc6d8,120955.92,10021.66,2,7,4,1,28,8,5.96,80,369.36,37.36814864565285,57.50516924840772,241.9744007010441,942.6864300505484,2024-01-01,2025-10-06 10:50:55.337,21,4,0,0,0,0,1,0,0,0,0,0,1,0,0,1,0,0,0,0,0,1,0,0,0,0
CUS_0x62c3,17132.905,1283.7420833333333,1,5,5,2,6,2,2.16,0,1107.05,29.68699272578505,15.401792151211191,84.01755402777074,298.95486215435136,2024-01-01,2025-10-06 10:50:55.337,22,2,0,0,1,1,0,0,0,0,0,0,1,0,0,1,0,0,0,0,0,0,0,0,1,0
CUS_0x7330,59658.09,5250.5075,8,6,8,5,19,11,10.6,60,2034.67,33.63099575933696,235.4214888546128,139.00608771914963,410.62317342623766,2024-01-01,2025-10-06 10:50:55.337,8,8,1,0,1,1,1,0,0,0,1,1,0,0,0,0,0,0,1,1,0,0,0,0,0,0
CUS_0xb227,26498.2,2305.183333333333,7,3,14,4,26,17,3.93,50,16.45,38.07718831636989,47.86723595189413,10000.0,348.234657522319,2024-01-01,2025-10-06 10:50:55.337,29,5,0,0,1,0,1,0,1,0,0,0,1,0,0,0,0,0,1,1,0,0,0,0,0,0
CUS_0x167a,17064.095,1541.007916666667,1,2,8,1,16,0,0.7,40,858.33,27.915761261733014,10.808131183260391,173.85488747859063,259.43777300481565,2024-01-01,2025-10-06 10:50:55.337,20,3,0,0,1,0,0,0,0,0,0,0,1,0,0,1,0,0,0,0,0,0,1,0,0,0
CUS_0x3b7d,19164.19,1352.0158333333334,6,3,9,3,9,12,11.21,50,183.1,29.55515510040869,80311.0,26.249954557276546,333.63196225254376,2024-01-01,2025-10-06 10:50:55.337,31,6,0,0,0,1,1,0,0,0,0,1,0,0,0,0,1,0,0,1,0,0,0,0,0,0
CUS_0x14d0,48089.16,3902.43,10,8,18,5,59,19,18.09,90,2654.6,38.36941222723186,192.7401971478064,61.602070272768145,375.9007325794255,2024-01-01,2025-10-06 10:50:55.337,7,11,0,1,0,0,1,0,1,0,0,1,0,0,0,0,0,1,0,0,0,1,0,0,0,0
CUS_0x38cf,136542.08,11242.506666666664,3,7,14,2,27,15,5.74,20,3.31,29.633267192095765,178.57460109647312,205.89916784215282,979.7768977280408,2024-01-01,2025-10-06 10:50:55.337,26,2,0,0,1,0,0,0,1,0,0,0,1,0,0,0,0,0,1,0,0,1,0,0,0,0
CUS_0x3b04,10424.525,667.7104166666667,8,3,18,4,24,12,17.02,70,164.79,31.109123453020416,26.82878832395963,12.113565053768847,287.82868828893817,2024-01-01,2025-10-06 10:50:55.337,30,2,0,1,0,1,0,0,0,1,0,1,0,0,0,0,1,0,0,1,0,0,0,0,0,0
CUS_0x19a7,62348.46,4942.705,4,3,16,7,18,21,7.3,100,1940.49,31.395055035738626,350.4558340495622,93.75901940189506,300.0556465485428,2024-01-01,2025-10-06 10:50:55.337,8,0,1,0,1,0,1,1,1,1,0,1,0,0,0,0,1,0,0,0,1,0,0,0,0,0
CUS_0x387c,121187.49,10010.9575,1,4,1,3,1,3,5.5,70,1077.16,29.554600156062328,165.62420207261513,160.36040315842527,925.1111447689597,2024-01-01,2025-10-06 10:50:55.337,32,11,0,0,1,0,1,1,0,0,0,0,1,0,0,1,0,0,0,0,1,0,0,0,0,0
CUS_0x4a51,18885.93,1591.8275,9,7,22,2,22,19,7.55,80,1383.42,27.976271058541464,29.604560590172376,70.87432036045185,328.7038690493758,2024-01-01,2025-10-06 10:50:55.337,10,0,0,1,0,0,1,0,0,0,0,1,0,0,0,0,1,0,0,0,0,0,0,0,1,0
CUS_0x5984,59992.12,5265.343333333333,6,9,22,8,18,16,18.41,130,2600.85,29.35704347174251,349.33072313952937,116.7870733313403,310.41653686246366,2024-01-01,2025-10-06 10:50:55.337,6,9,0,1,0,1,1,1,1,0,1,1,0,0,0,0,0,1,0,0,1,0,0,0,0,0
CUS_0x5dfa,2.3834698E7,684.1579166666667,7,5,17,6,21,25,12.64,130,3766.44,40.24204335020704,23.706182042936558,57.2621283598029,267.4474812639272,2024-01-01,2025-10-06 10:50:55.337,11,6,0,0,0,1,1,1,0,0,1,1,0,0,0,0,0,0,1,0,0,0,0,1,0,0
CUS_0x73a5,50291.22,3999.935,7,9,22,4,60,15,18.06,90,1696.44,37.17837203942887,139.65375162525515,120.4678334601584,399.8719149145865,2024-01-01,2025-10-06 10:50:55.337,9,4,0,1,0,0,1,0,0,1,0,1,0,0,0,0,0,1,0,1,0,0,0,0,0,0
CUS_0x1c1f,24922.12,2175.843333333333,8,4,5,0,25,17,8.37,20,407.79,30.31173200112788,0.0,173.6184935119189,323.96583982141436,2024-01-01,2025-10-06 10:50:55.337,28,5,0,0,0,0,0,0,0,0,0,0,1,0,0,0,1,0,0,0,0,0,0,1,0,0
CUS_0x68ef,45012.72,3537.9133461828296,4,3,9,4,11,19,17.9,50,1847.52,23.51826783175742,351.56348746829065,78.91978523736313,461.569381111516,2024-01-01,2025-10-06 10:50:55.337,20,8,0,0,1,1,0,1,1,0,0,1,0,0,0,0,1,0,0,0,0,1,0,0,0,0
CUS_0x7d45,77561.64,6604.47,7,4,16,4,25,15,10.36,70,680.25,37.649778525609385,141.764826068233,348.16889956762185,430.5132743641452,2024-01-01,2025-10-06 10:50:55.337,17,11,0,0,0,1,0,1,1,1,0,0,1,0,0,0,0,0,1,1,0,0,0,0,0,0
CUS_0x1269,42031.09,3762.590833333333,2,1,8,3,1,5,14.11,20,83.55,24.06558946667285,66.50617973071175,108.85585760646214,450.89704599615953,2024-01-01,2025-10-06 10:50:55.337,17,3,0,1,0,0,1,0,0,0,1,0,1,0,0,1,0,0,0,0,1,0,0,0,0,0
CUS_0x27c2,98534.22,8050.184999999998,6,6,8,0,8,16,13.1,50,1110.26,35.72364930863333,0.0,10000.0,926.0349211403853,2024-01-01,2025-10-06 10:50:55.337,27,0,0,0,0,0,0,0,0,0,0,1,0,0,0,0,1,0,0,0,1,0,0,0,0,0
CUS_0xaf8d,98518.68,8050.8899999999985,8,5,18,2,5,18,10.35,20,128.35,37.15881633414023,153.44355139030228,160.82966504410564,796.2329544228311,2024-01-01,2025-10-06 10:50:55.337,29,5,0,0,0,0,0,0,1,1,0,1,0,0,0,0,0,0,1,0,0,1,0,0,0,0
CUS_0xe8d,14441.51,1453.4591666666668,9,8,26,2,15,17,9.85,80,1336.31,40.08551141489422,21.031950886521315,48.38966214192238,325.924303638223,2024-01-01,2025-10-06 10:50:55.337,13,6,0,0,0,0,0,1,0,1,0,1,0,0,0,0,0,1,0,0,1,0,0,0,0,0
CUS_0x1d9a,28547.56,2553.9633333333336,9,9,30,7,49,17,27.29,80,4022.3,37.8169663711882,87.87795769831602,92.69758470842945,354.8207909265879,2024-01-01,2025-10-06 10:50:55.337,7,6,1,0,1,0,1,1,1,0,1,1,0,0,0,0,0,1,0,0,0,0,0,1,0,0
CUS_0x4874,22914.66,1746.555,8,3,10,3,9,8,16.66,30,345.85,34.840980615348485,49.37587448049489,46.31754244368393,328.96208307582117,2024-01-01,2025-10-06 10:50:55.337,33,5,0,0,1,0,1,0,0,0,1,1,0,0,0,0,1,0,0,0,1,0,0,0,0,0
CUS_0x4b17,74169.76,6174.813333333333,9,7,27,0,33,22,7.79,150,2529.47,39.21996801418828,87.82539137238996,128.98998254508555,650.6659594158577,2024-01-01,2025-10-06 10:50:55.337,15,2,0,1,0,0,0,1,0,0,0,1,0,0,0,0,0,1,0,0,0,0,0,0,0,1
CUS_0x5b5,33480.02,2775.001666666666,8,10,19,9,58,17,8.73,80,4177.98,26.955039010279588,128.0957058033712,254.23209874294773,165.17236212034769,2024-01-01,2025-10-06 10:50:55.337,3,11,0,0,0,1,1,1,1,1,0,1,0,0,0,0,0,1,0,0,0,0,0,0,1,0
CUS_0x6ddb,15433.33,1421.1108333333334,8,3,5,2,22,20,17.86,120,2132.46,33.066227492967485,18.25010304531889,10000.0,362.03988048686205,2024-01-01,2025-10-06 10:50:55.337,18,11,0,0,1,0,0,1,0,0,0,1,0,0,0,0,1,0,0,0,0,0,1,0,0,0
CUS_0x1383,80206.64,6766.886666666666,5,4,20,5,11,16,7.0,60,1129.87,32.07508944823246,260.4189798874022,522.977060264942,173.29262651432248,2024-01-01,2025-10-06 10:50:55.337,8,8,0,0,0,0,1,1,0,1,0,1,0,0,0,0,1,0,0,0,0,0,0,1,0,0
CUS_0x575d,88325.84,7622.486666666668,7,3,12,3,19,9,2.8100000000000005,30,780.59,40.36327710811021,186.59864508860875,10000.0,302.11335897808635,2024-01-01,2025-10-06 10:50:55.337,30,5,0,0,0,0,0,1,0,1,1,0,1,0,0,0,0,0,1,0,0,0,0,1,0,0
CUS_0x4496,68488.88,5692.406666666668,9,6,24,6,52,10,7.71,120,1356.05,38.74285697321525,211.30135817488585,698.578362709772,202.4925490288149,2024-01-01,2025-10-06 10:50:55.337,15,6,1,0,0,0,1,1,1,1,0,1,0,0,0,0,1,0,0,0,0,0,0,0,1,0
CUS_0x4574,40341.16,3602.763333333334,2,5,1,4,7,11,8.33,40,1183.73,32.13925262779219,113.02110273975028,389.6969803165417,147.55825027704128,2024-01-01,2025-10-06 10:50:55.337,20,5,0,1,0,0,0,0,0,1,1,0,1,0,0,1,0,0,0,0,0,0,1,0,0,0
CUS_0x5e61,16256.3,1116.6916666666666,3,3,8,4,0,3,1.65,10,204.66,34.14212962787567,29.89646504711528,58.38449483511958,283.3882067844318,2024-01-01,2025-10-06 10:50:55.337,15,9,1,0,0,1,0,1,0,0,0,0,1,0,0,0,0,0,1,1,0,0,0,0,0,0
CUS_0x6aa4,49732.35000000001,4321.3625,6,10,18,1085,34,23,8.72,90,4295.32,33.627464049337355,211.3123413251602,397.91905776958674,92.90485090525308,2024-01-01,2025-10-06 10:50:55.337,4,4,1,1,1,1,1,0,1,0,1,1,0,0,0,0,0,1,0,0,0,0,0,0,0,1
CUS_0xa287,147378.96,12131.58,1,4,11,2,0,10,8.12,10,1180.37,31.9667380977976,129.99254988725193,683.4359339962892,669.729516116459,2024-01-01,2025-10-06 10:50:55.337,16,11,0,0,0,0,0,0,1,1,0,0,1,0,0,0,0,0,1,0,0,0,0,0,1,0
CUS_0x4b91,41819.64,3730.97,5,5,16,6,13,12,13.95,50,2297.86,26.36637086352008,129.4549396811071,343.54752447488534,190.09453584400748,2024-01-01,2025-10-06 10:50:55.337,6,11,1,1,0,0,0,1,0,1,1,1,0,0,0,0,1,0,0,0,0,0,1,0,0,0
CUS_0x5391,62827.47,5441.6225,4,7,16,1,8,13,10.77,40,1031.09,40.74836628790776,39.06519725227935,48.22505361951425,696.8719991282063,2024-01-01,2025-10-06 10:50:55.337,17,9,0,0,1,0,0,0,0,0,0,0,1,0,0,0,1,0,0,0,0,1,0,0,0,0
CUS_0x8da2,118446.69,9708.5575,3,1,8,0,7,2,9.12,60,912.75,31.37347830330855,0.0,115.89600198666143,1094.9597480133389,2024-01-01,2025-10-06 10:50:55.337,15,9,0,0,0,0,0,0,0,0,0,0,1,0,0,1,0,0,0,0,0,0,0,0,0,1
CUS_0x51db,14958.69,1352.5575,6,10,21,6,42,14,29.84,150,4373.94,34.846406613194645,65.36923331459585,30.34520103339681,299.54131565200737,2024-01-01,2025-10-06 10:50:55.337,2,11,1,1,0,1,1,0,1,0,0,1,0,0,0,0,0,0,1,1,0,0,0,0,0,0
CUS_0x6754,15469.21,1156.1008333333332,10,9,31,4,54,18,10.38,120,1820.35,34.87143411853183,38.67679590188479,52.375013387231675,314.5582740442169,2024-01-01,2025-10-06 10:50:55.337,9,11,0,0,1,1,1,0,0,1,0,1,0,0,0,0,0,1,0,0,0,0,1,0,0,0
CUS_0x3af9,31655.9,2298.212567305793,2,4,4,2,5,3,3.99,0,1344.3,37.351325453589006,250.46897232780807,76.20767282697004,393.80162087276227,2024-01-01,2025-10-06 10:50:55.337,16,2,0,0,0,0,0,1,0,0,0,0,1,0,0,1,0,0,0,0,1,0,0,0,0,0
CUS_0x6160,129233.52,11011.46,6,4,8,1,13,9,0.0,0,1051.42,33.906172505021026,75.60222093053285,143.8812356892077,1131.6625433802596,2024-01-01,2025-10-06 10:50:55.337,26,10,0,0,0,0,0,1,0,0,0,0,1,0,0,0,1,0,0,0,1,0,0,0,0,0
CUS_0x3127,37972.16,2986.346666666667,9,10,21,7,51,18,17.14,110,4708.63,37.877163655810094,217.65336778433905,323.9556286122255,47.025670270102175,2024-01-01,2025-10-06 10:50:55.337,12,2,1,1,1,1,0,1,1,0,0,1,0,0,0,0,0,1,0,0,0,0,1,0,0,0
CUS_0x2982,33580.53,2667.3775,8,7,19,1,14,17,7.7799999999999985,70,517.32,27.61716241986913,26.017419479667925,309.43889106791715,221.28143945241484,2024-01-01,2025-10-06 10:50:55.337,20,3,1,0,0,0,0,0,0,0,0,0,0,0,0,0,0,0,1,0,0,0,1,0,0,0
CUS_0x9a26,61204.77,5057.3975,8,8,32,6,25,26,18.42,160,4751.96,31.260176839825387,236.4311998161849,158.36998312753374,360.9385670562813,2024-01-01,2025-10-06 10:50:55.337,13,3,0,1,0,0,1,1,1,0,0,1,0,0,0,0,0,0,1,0,1,0,0,0,0,0
CUS_0xa053,87695.34,7337.945,2,7,7,0,5,10,6.52,60,361.68,40.0228064823165,0.0,143.00179477680922,830.7927052231908,2024-01-01,2025-10-06 10:50:55.337,19,8,0,0,0,0,0,0,0,0,0,0,1,0,0,1,0,0,0,0,0,1,0,0,0,0
CUS_0xc24c,56850.32,4753.526666666667,3,6,5,4,30,9,11.94,5840,201.22,38.55028689701737,135.2489550937056,114.27661062172028,475.8271009512408,2024-01-01,2025-10-06 10:50:55.337,9,9,0,1,0,1,0,1,0,0,0,1,0,0,0,0,0,0,1,0,1,0,0,0,0,0
CUS_0x3e79,9956.155,780.6795833333334,7,10,34,5,26,20,29.3,110,4277.82,31.5883566317232,38.86248875949625,69.22816897741534,259.97730059642174,2024-01-01,2025-10-06 10:50:55.337,8,4,1,0,0,1,0,0,0,1,1,1,0,0,0,0,0,1,0,0,0,0,1,0,0,0
CUS_0xaf4c,43787.09,3373.924166666666,1,3,1,0,10,7,6.75,20,615.05,40.62087621897125,0.0,94.8887177022537,492.5036989644128,2024-01-01,2025-10-06 10:50:55.337,18,6,0,0,0,0,0,0,0,0,0,0,1,0,0,1,0,0,0,0,0,0,0,0,0,1
CUS_0x4e73,113192.68,9376.723333333332,3,7,3,0,0,2,6.15,20,1179.64,40.2041737861831,0.0,491.75277710752334,735.9195562258101,2024-01-01,2025-10-06 10:50:55.337,19,0,0,0,0,0,0,0,0,0,0,0,1,0,0,1,0,0,0,0,0,0,1,0,0,0
CUS_0x55eb,8205.14,969.3741895752472,9,9,34,8,36,25,20.51,60,3176.86,25.442993063296104,47.38657980572962,103.53444306850477,228.74262088385174,2024-01-01,2025-10-06 10:50:55.337,0,9,0,1,0,1,0,0,1,1,1,1,0,0,0,0,0,0,1,0,0,0,1,0,0,0
CUS_0xa4db,1.5219276E7,7774.305,8,3,14,2,19,11,1.83,0,1194.49,28.19437830772572,80.7699904705692,248.73228065111985,707.9282288783112,2024-01-01,2025-10-06 10:50:55.337,21,2,0,0,1,0,0,0,1,0,0,0,1,0,0,0,1,0,0,1,0,0,0,0,0,0
CUS_0xa6f1,69865.22,5775.1016666666665,3,294,7,0,19,11,14.28,20,656.7,28.923503058502703,0.0,364.611787823162,502.8983788435047,2024-01-01,2025-10-06 10:50:55.337,29,5,0,0,0,0,0,0,0,0,0,1,0,0,0,0,1,0,0,0,0,0,1,0,0,0
CUS_0xac93,19777.05,1728.0875,5,3,3,3,19,3,5.95,10,186.16,38.135961017900414,29.045533320072103,65.37503748055806,358.3881791993698,2024-01-01,2025-10-06 10:50:55.337,22,2,0,1,0,0,0,1,0,0,1,0,1,0,0,1,0,0,0,0,0,0,0,1,0,0
CUS_0x1d1b,152574.76,12547.563333333335,2,5,3,3,29,1,5.62,40,754.8,36.50972823085547,205.484842880306,807.0135651600953,512.2579252929323,2024-01-01,2025-10-06 10:50:55.337,20,8,0,0,0,1,1,0,0,1,0,0,1,0,0,1,0,0,0,0,0,0,0,0,1,0
CUS_0xc0cd,14132.77,894.7308333333333,8,8,23,5,56,23,32.56,120,4300.74,26.69925647277689,39.74250424448528,69.09196928327346,260.6386098055746,2024-01-01,2025-10-06 10:50:55.337,11,4,0,0,0,1,0,1,1,0,0,1,0,0,0,0,0,0,1,0,0,0,0,0,0,1
CUS_0x4d3,16185.63,1355.8025,7,6,30,4,61,18,7.66,110,2360.06,23.471569116688453,49.29314268683928,61.57784217184395,294.7092651413168,2024-01-01,2025-10-06 10:50:55.337,15,9,0,1,0,1,0,0,1,0,1,1,0,0,0,0,0,1,0,0,0,0,0,0,1,0
CUS_0x5f81,147517.36,10958.283331500785,3,5,16,1,11,20,4.79,60,325.89,39.78384901419891,1626.1690776903056,521.6419154803315,948.3303419952466,2024-01-01,2025-10-06 10:50:55.337,32,4,0,0,0,0,1,0,0,0,0,0,1,0,0,0,0,0,1,0,0,0,0,0,0,1
CUS_0x8bbd,17880.045,1580.00375,8,5,2,4,5,15,0.3899999999999997,80,157.85,36.20170665368804,35.339358346605714,79.64635687207794,333.0146597813163,2024-01-01,2025-10-06 10:50:55.337,20,0,0,0,0,1,0,1,1,1,0,0,0,0,0,0,0,0,1,0,0,0,1,0,0,0
CUS_0x8d16,33235.4,2510.616666666667,6,5,17,0,24,16,3.35,50,1056.33,36.71789452686793,0.0,52.450311589890795,448.6113550767759,2024-01-01,2025-10-06 10:50:55.337,19,6,0,0,0,0,0,0,0,0,0,0,1,0,0,0,1,0,0,0,0,0,0,0,0,1
CUS_0x9e05,18869.76,1697.4799999999998,10,7,16,9,53,2705,24.11,90,4391.48,33.92387279217814,127.69049245656866,20.060506803837217,271.99700073959406,2024-01-01,2025-10-06 10:50:55.337,8,11,1,1,1,1,0,1,0,0,1,1,0,0,0,0,0,1,0,0,1,0,0,0,0,0
CUS_0xab1c,8781.955,949.8295833333332,8,4,5,7,20,16,8.15,80,1711.1,30.988832208218497,33.36482845912256,81.21853072230336,250.39959915190744,2024-01-01,2025-10-06 10:50:55.337,8,10,1,1,1,1,1,0,0,0,0,1,0,0,0,0,1,0,0,0,0,0,0,0,1,0
CUS_0x214c,20877.19,1779.7658333333331,7,6,20,5,20,20,15.69,160,1324.1,27.87158538855473,58.02206477406476,155.04041926320144,234.91409929606715,2024-01-01,2025-10-06 10:50:55.337,16,5,1,0,0,0,1,1,1,0,1,1,0,0,0,0,1,0,0,0,0,0,0,0,1,0
CUS_0x1051,35022.22,2859.518333333333,3,5,4,1,6,11,0.0,50,1000.44,25.390232145913483,21.21457645232058,259.34511343711983,295.39214344389296,2024-01-01,2025-10-06 10:50:55.337,28,6,0,0,0,0,0,1,0,0,0,0,1,0,0,1,0,0,0,0,0,0,1,0,0,0
CUS_0x286c,31230.16,2515.5133333333333,6,5,8,2,10,11,2.16,70,758.88,26.294189311326733,28.22094354555062,18.32378213453401,445.0066076532487,2024-01-01,2025-10-06 10:50:55.337,28,2,0,0,1,0,0,0,0,0,0,0,1,0,0,1,0,0,0,0,0,1,0,0,0,0
CUS_0x2e1a,47390.28,3865.19,8,4,14,2,26,17,9.87,120,938.85,31.552283703111502,41.95345501794147,97.44073088097878,507.1248141010798,2024-01-01,2025-10-06 10:50:55.337,8,6,0,1,0,1,0,0,0,0,0,1,0,0,0,0,1,0,0,1,0,0,0,0,0,0
CUS_0x46b5,62717.24,5035.4366666666665,6,6,29,9,54,25,10.82,70,2590.63,28.18930539340917,370.0219455989408,88.7948455188506,284.7268755488753,2024-01-01,2025-10-06 10:50:55.337,18,3,1,1,1,0,1,0,1,1,0,1,0,0,0,0,0,1,0,0,0,1,0,0,0,0
CUS_0x9322,88601.46,7504.455000000001,2,4,5,0,10,3,8.24,60,794.53,43.55776731635784,3828.0,296.7359615034983,703.709538496502,2024-01-01,2025-10-06 10:50:55.337,25,2,0,0,0,0,0,0,0,0,0,0,1,0,0,1,0,0,0,0,1,0,0,0,0,0
CUS_0x9730,55246.77,4390.8975,4,4,20,2,29,8,11.19,60,1818.27,38.024032256683725,71.20560632937118,531.604125214196,126.28001845643291,2024-01-01,2025-10-06 10:50:55.337,5,11,0,0,0,0,0,0,0,0,1,1,0,0,0,0,1,0,0,0,0,0,1,0,0,0
CUS_0x9906,38367.08,3199.2566666666667,5,3,14,7,27,17,18.88,90,1336.02,28.714515912446497,43102.0,48.17798024926657,302.0785309868203,2024-01-01,2025-10-06 10:50:55.337,16,11,0,1,1,0,1,0,1,0,0,1,0,0,0,0,0,0,1,0,0,1,0,0,0,0
CUS_0x150d,40085.46,3455.455,6,6,18,5,45,12,8.97,120,2343.0,24.661418399765854,142.1126209131704,215.538711452974,277.8941676338557,2024-01-01,2025-10-06 10:50:55.337,18,11,0,1,0,0,0,1,0,1,1,1,0,0,0,0,0,1,0,0,0,0,1,0,0,0
CUS_0x8a62,64427.3,5075.941666666667,3,4,5,2,10,5,7.21,60,1265.7,31.09664263368041,104.46034174005504,416.83299552500574,256.30082940160594,2024-01-01,2025-10-06 10:50:55.337,16,2,0,0,0,1,0,0,0,0,1,0,1,0,0,1,0,0,0,0,0,0,0,0,1,0
CUS_0x12d5,62320.56,5068.38,9,9,18,5,23,15,17.24,150,3589.56,38.3374492978831,171.34555972446432,171.51086339613434,423.9815768794014,2024-01-01,2025-10-06 10:50:55.337,1,11,0,1,0,0,0,0,1,0,1,0,0,0,0,0,0,0,1,1,0,0,0,0,0,0
CUS_0x1c7e,13691.91,936.9925,4,5,15,0,23,14,2.56,50,179.27,35.82599022992844,0.0,50.623321818911855,323.07592818108816,2024-01-01,2025-10-06 10:50:55.337,23,2,0,0,0,0,0,0,0,0,0,0,1,0,0,0,0,0,1,0,0,0,0,1,0,0
CUS_0x7d8e,22354.3,1740.8583333333331,0,5,9,4,3,6,5.29,20,1010.56,27.004798344211288,46.289162931517,228.131835509941,189.66483489187542,2024-01-01,2025-10-06 10:50:55.337,21,3,1,0,1,0,0,0,0,1,1,0,1,0,0,1,0,0,0,0,0,0,1,0,0,0
CUS_0x9caf,122309.67,9999.4725,0,6,3,4,7,1,6.68,20,1209.3,37.5518297837643,401.5730160021872,93.88077413814246,744.4934598596702,2024-01-01,2025-10-06 10:50:55.337,20,5,1,0,0,0,0,0,1,0,1,0,0,0,0,1,0,0,0,0,0,1,0,0,0,0
CUS_0xb82b,74023.53,6335.6275,4,6,8,0,30,13,11.66,50,436.51,26.615188290294828,0.0,147.47684553082442,736.0859044691756,2024-01-01,2025-10-06 10:50:55.337,10,0,0,0,0,0,0,0,0,0,0,1,0,0,0,0,1,0,0,0,1,0,0,0,0,0
CUS_0x4aaa,140014.36,11662.863333333333,3,7,18,4,27,9,3.9,30,1151.7,27.06371959754867,348.6203964507333,10000.0,823.0863932421241,2024-01-01,2025-10-06 10:50:55.337,17,8,1,0,1,0,0,0,1,0,1,0,0,0,0,0,1,0,0,0,0,1,0,0,0,0
CUS_0xc68d,15497.02,1193.4183333333333,8,4,19,2,19,14,9.61,60,1180.56,35.18822548626841,24.16668313429481,107.71886376782108,267.45628643121745,2024-01-01,2025-10-06 10:50:55.337,15,11,0,0,0,0,0,0,1,0,1,1,0,0,0,0,1,0,0,0,0,0,0,1,0,0
CUS_0x7b47,98638.16,7711.299702715282,6,1215,14,5,21,14,12.85,110,1475.05,27.756458858564766,662.9654286985162,504.78033035644546,197.4858715630896,2024-01-01,2025-10-06 10:50:55.337,17,8,1,0,1,0,1,1,0,1,0,1,0,0,0,0,1,0,0,0,0,0,0,0,0,1
CUS_0x2fc5,9360.515,531.0429166666668,8,6,15,5,55,16,11.92,170,2113.29,38.9851059361124,21.71699904597517,21.862086109622698,299.5252065110688,2024-01-01,2025-10-06 10:50:55.337,14,11,0,1,0,1,1,0,1,0,1,1,0,0,0,0,1,0,0,0,0,0,0,0,0,1
CUS_0x79e4,73348.2,5908.349999999999,7,7,12,2,29,18,3.6,50,870.47,30.229086001565346,11232.0,362.5842676160349,368.9914811832164,2024-01-01,2025-10-06 10:50:55.337,24,6,0,0,0,0,1,1,0,0,0,0,1,0,0,1,0,0,0,1,0,0,0,0,0,0
CUS_0x92cf,14656.14,992.345,6,8,16,0,57,18,26.0,120,3443.36,35.454123273399574,68.90968805486708,17.69448894631734,272.6303229988156,2024-01-01,2025-10-06 10:50:55.337,10,10,0,0,1,1,0,1,0,1,1,1,0,0,0,0,0,1,0,1,0,0,0,0,0,0
CUS_0x9e8f,28769.52,2575.46,4,7,2,0,17,14,9.39,40,413.08,32.82642564811695,0.0,148.7965479119307,368.7494520880694,2024-01-01,2025-10-06 10:50:55.337,24,4,0,0,0,0,0,0,0,0,0,0,1,0,0,1,0,0,0,1,0,0,0,0,0,0
CUS_0xa478,125222.6,10208.216666666667,1,5,2,2,6,1,3.47,50,188.33,27.58554051232085,205.6343261282746,186.98268128894625,868.204659249446,2024-01-01,2025-10-06 10:50:55.337,17,11,0,0,0,0,0,1,0,1,0,0,1,0,0,1,0,0,0,0,0,1,0,0,0,0
CUS_0x437e,28840.47,2466.3725,7,7,15,0,9,11,16.45,0,196.82,40.87018045704823,0.0,36.66920639101824,459.96804360898176,2024-01-01,2025-10-06 10:50:55.337,30,3,0,0,0,0,0,0,0,0,0,1,0,0,0,0,1,0,0,0,1,0,0,0,0,0
CUS_0x71c1,16114.245,1244.85375,4,1,10,0,11,12,11.92,70,495.74,27.20562035740536,37.44585940518914,48.69402793510524,288.3454876597056,2024-01-01,2025-10-06 10:50:55.337,26,5,0,0,0,1,1,0,1,0,0,0,0,0,0,1,0,0,0,0,0,0,0,0,0,1
CUS_0x9501,32753.05,2833.420833333333,2,7,6,0,0,5,3.55,30,1300.3,38.45244894013704,79.1827705357115,82.92670022876895,391.23261256885286,2024-01-01,2025-10-06 10:50:55.337,30,6,0,0,1,1,1,0,0,0,1,0,1,0,0,1,0,0,0,0,0,0,0,0,1,0
CUS_0xc5c9,114007.88,9685.656666666668,8,4,13,4,27,18,4.86,50,457.54,31.586978748083485,253.01528687464105,873.2248700304715,132.32550976155434,2024-01-01,2025-10-06 10:50:55.337,20,3,0,1,0,0,1,1,0,0,0,0,0,0,0,0,1,0,0,0,0,0,1,0,0,0
CUS_0x3806,8381.195,627.4329166666666,8,5,30,8,62,24,17.77,100,3791.41,33.023069153247725,38.66112650734119,64.59190162411124,239.49026353521424,2024-01-01,2025-10-06 10:50:55.337,7,0,0,0,1,1,0,1,1,1,1,1,0,0,0,0,0,1,0,0,0,0,0,1,0,0
CUS_0x8e38,74499.6,5910.3,6,5,7,4,10,17,10.04,110,235.27,27.34200900731585,171.1457122502194,117.93429237020676,541.9499953795739,2024-01-01,2025-10-06 10:50:55.337,19,11,0,0,0,0,0,1,1,1,1,1,0,0,0,0,1,0,0,0,0,1,0,0,0,0
CUS_0x9c63,19493.65,1809.470833333333,7,6,24,4,36,22,5.78,140,1878.03,22.509990709683343,56.39704749050957,71.53737122467864,313.01266461814515,2024-01-01,2025-10-06 10:50:55.337,20,6,1,0,0,0,1,1,0,0,0,1,0,0,0,0,0,1,0,1,0,0,0,0,0,0
CUS_0xb99c,97338.21,8220.517499999998,8,6,16,58,10,12,11.68,20,1052.21,27.65447645502245,36271.0,196.32734595752444,591.7412626309025,2024-01-01,2025-10-06 10:50:55.337,29,0,0,1,1,1,0,0,0,0,0,0,1,0,0,0,1,0,0,0,0,0,0,0,1,0
CUS_0x7bc5,17641.87,1306.1558333333332,8,6,33,0,28,10,8.29,110,1663.52,30.68513546992795,47.24458376666289,35.92670630992813,297.4442932567423,2024-01-01,2025-10-06 10:50:55.337,15,3,1,0,1,0,1,0,1,1,1,1,0,0,0,0,1,0,0,0,1,0,0,0,0,0
CUS_0x9340,126262.12,10475.843333333332,7,333,16,3,26,16,9.19,30,447.52,34.99508012098165,284.57123503926204,420.6000205494228,622.4130777446485,2024-01-01,2025-10-06 10:50:55.337,20,10,1,0,1,0,0,0,1,0,0,0,1,0,0,0,1,0,0,0,0,0,0,1,0,0
CUS_0xc517,17302.08,1355.84,7,8,21,9,29,16,29.37,120,4570.87,38.15016499167732,67.95958721035365,55.14901708721753,282.47539570242884,2024-01-01,2025-10-06 10:50:55.337,4,0,1,0,1,1,1,1,0,1,1,1,0,0,0,0,0,0,1,0,0,0,0,0,1,0
CUS_0x2547,28070.62,2437.218333333333,3,3,12,4,12,17,8.55,70,1483.05,29.522903757373577,63.95505297734235,152.17356630537512,287.59321405061587,2024-01-01,2025-10-06 10:50:55.337,9,0,0,1,1,1,0,0,1,0,0,1,0,0,0,0,1,0,0,1,0,0,0,0,0,0
CUS_0x60aa,8058.875,508.5729166666666,9,10,30,4,52,18,15.7,100,1266.82,34.065809706400444,25.12994947522796,37.61794411979671,278.109398071642,2024-01-01,2025-10-06 10:50:55.337,10,4,0,0,1,0,0,1,0,0,1,1,0,0,0,0,0,0,1,0,0,0,1,0,0,0
CUS_0x61a5,116184.44,9454.036666666669,5,7,5,1,19,3,11.88,20,804.9,41.645029798097305,91.25049223243408,96.7037095135523,997.4494649206804,2024-01-01,2025-10-06 10:50:55.337,15,9,0,0,0,0,0,0,0,1,0,0,1,0,0,1,0,0,0,0,0,1,0,0,0,0
CUS_0x9778,35263.09,2808.590833333333,2,3,8,2,5,4,4.85,60,856.33,37.13591060767293,41.6773590885251,54.53900307634715,424.64272116846115,2024-01-01,2025-10-06 10:50:55.337,28,11,0,0,0,1,0,0,0,1,0,0,1,0,0,1,0,0,0,0,0,1,0,0,0,0
CUS_0xbc0b,98019.84,7886.32,7,5,6,3,7,19,5.22,50,1484.37,33.565520517845115,185.29590113113468,261.94484208255614,621.3912567863093,2024-01-01,2025-10-06 10:50:55.337,21,5,0,1,0,0,0,1,1,0,0,0,1,0,0,0,0,0,1,0,0,0,0,1,0,0
CUS_0x55f5,27581.59,2021.4658333333327,3,7,13,7,17,14,10.34,60,1005.37,35.96208259911688,103.31744187966736,71.532777842683,277.2963636109829,2024-01-01,2025-10-06 10:50:55.337,12,10,1,0,0,1,1,1,1,0,1,1,0,0,0,0,1,0,0,0,1,0,0,0,0,0
CUS_0xaa83,61634.54,4957.211666666667,3,2,9,2,12,3,4.5299999999999985,50,793.77,23.75029314722643,68.85671805539175,506.3120497963512,210.55239881492375,2024-01-01,2025-10-06 10:50:55.337,29,7,1,0,0,0,0,1,0,0,0,0,0,0,0,1,0,0,0,0,0,0,1,0,0,0
CUS_0xbdb4,9447.12,823.2600000000001,10,10,34,7,54,16,19.61,90,1510.44,30.58369299748855,34.10432842895691,42.188019272785226,266.0336522982579,2024-01-01,2025-10-06 10:50:55.337,11,5,1,1,1,0,0,0,0,1,1,1,0,0,0,0,1,0,0,1,0,0,0,0,0,0
CUS_0x305c,14239.41,1255.6175,5,3,7,2,17,16,17.01,100,55.46,37.042038083357504,18.467494165697087,113.66406288698532,283.4301929473176,2024-01-01,2025-10-06 10:50:55.337,13,9,0,0,0,1,0,1,0,0,0,1,0,0,0,0,1,0,0,0,0,0,1,0,0,0
CUS_0x3389,43782.45,3543.5375,6,9,25,8,32,16,3.12,120,3468.25,29.433506376843724,240.66473882248508,92.21289522651064,281.47611595100426,2024-01-01,2025-10-06 10:50:55.337,7,1,0,1,1,1,1,0,1,1,0,1,0,0,0,0,0,0,1,1,0,0,0,0,0,0
CUS_0x5338,17288.425,1530.7020833333331,4,3,2,1,5,12,5.83,60,1159.18,39.13136331703146,8.647233303107,69.45407443919491,364.96890059103134,2024-01-01,2025-10-06 10:50:55.337,32,0,0,0,0,0,0,0,1,0,0,0,1,0,0,0,0,0,1,0,0,0,1,0,0,0
CUS_0x612b,118041.38999999998,9709.7825,3,1,3,1,18,10,14.02,30,836.67,40.49554564716345,87.71540671434771,410.9649583803557,722.2978849052964,2024-01-01,2025-10-06 10:50:55.337,31,10,0,0,0,0,0,0,0,1,0,0,1,0,0,0,0,0,1,0,1,0,0,0,0,0
CUS_0x691b,58464.06,4655.005,5,6,5751,4,0,11,10.14,0,56.59,26.1959224469612,181.73889422314087,452.5368192290445,121.22478654781463,2024-01-01,2025-10-06 10:50:55.337,23,3,1,0,1,0,0,0,1,0,0,0,1,0,0,1,0,0,0,0,0,0,1,0,0,0
CUS_0x7a12,75569.1,6458.425,3,7,7,0,15,19,8.35,110,1159.55,34.59770965534284,0.0,486.5565519236258,429.28594807637427,2024-01-01,2025-10-06 10:50:55.337,16,9,0,0,0,0,0,0,0,0,0,1,0,0,0,0,1,0,0,0,0,0,0,0,1,0
CUS_0x303a,32011.89,2806.6575,2,6,4,3,12,9,0.0,10,1215.09,25.13083788114665,66.35744898663442,117.92539724250393,346.38290377086156,2024-01-01,2025-10-06 10:50:55.337,26,0,0,0,1,0,0,0,1,1,0,0,0,0,0,1,0,0,0,0,1,0,0,0,0,0
CUS_0x3ce3,94511.79,7717.982500000001,5,3,9,0,1,7,7.29,0,1315.6,25.957824846718736,0.0,379.8988636573503,671.8993863426498,2024-01-01,2025-10-06 10:50:55.337,18,9,0,0,0,0,0,0,0,0,0,0,1,0,0,0,0,0,1,0,0,0,0,1,0,0
CUS_0x8e5f,80143.74,6438.645,6,5,17,3,29,15,6.52,30,1129.59,23.46981344725377,116.29066619646198,626.2217722839488,191.3520615195894,2024-01-01,2025-10-06 10:50:55.337,31,8,0,1,0,0,0,0,0,1,1,0,1,0,0,0,0,0,1,0,0,0,1,0,0,0
CUS_0x2767,19251.265,1445.272083333333,0,2,10,0,2,6,10.51,20,222.4,22.691017914129173,0.0,77.37599104280444,357.15121729052885,2024-01-01,2025-10-06 10:50:55.337,27,10,0,0,0,0,0,0,0,0,0,0,0,0,0,0,0,0,1,0,0,0,0,0,0,1
CUS_0x5bb7,108172.29,9230.3575,3,1,7,4,3,4,8.34,10,539.59,29.878309407620357,359.9076810046916,443.1622017353155,379.9658672599929,2024-01-01,2025-10-06 10:50:55.337,26,0,0,0,0,0,0,0,1,0,1,0,1,0,0,1,0,0,0,1,0,0,0,0,0,0
CUS_0x8acd,45608.14,3912.678333333333,4,3,17,0,13,6,8.41,80,1195.85,39.97996399847521,0.0,136.67756741638314,504.59026591695016,2024-01-01,2025-10-06 10:50:55.337,5,11,0,0,0,0,0,0,0,0,0,1,0,0,0,0,1,0,0,0,1,0,0,0,0,0
CUS_0x95d2,103221.21,8699.7675,5,5,7,2,27,17,8.51,50,1256.48,30.06288372936937,136.70955295961318,172.95504787967602,800.3121491607111,2024-01-01,2025-10-06 10:50:55.337,27,3,0,0,0,0,0,0,1,0,0,1,0,0,0,0,1,0,0,0,0,1,0,0,0,0
CUS_0x54d7,119889.75,10174.8125,1,3,6,1,14,2,11.27,20,489.86,35.65835987171624,71.19272656863383,408.59887700823776,787.6896464231285,2024-01-01,2025-10-06 10:50:55.337,17,0,0,0,0,0,0,0,0,1,0,0,1,0,0,1,0,0,0,0,1,0,0,0,0,0
CUS_0x994c,50063.36,3574.2565918255987,5,7,9,4,20,15,3.38,30,608.79,38.443300792098505,463.0696878673117,119.17829618754328,424.43675745288004,2024-01-01,2025-10-06 10:50:55.337,24,4,1,1,0,0,1,1,0,0,0,0,0,0,0,0,1,0,0,0,0,0,0,1,0,0
CUS_0x635e,57619.53,4643.6275,4,6,7,2,9,18,10.63,20,1284.31,41.23647930569148,81.52365105080031,88.54532294268128,544.2937760065184,2024-01-01,2025-10-06 10:50:55.337,31,4,0,1,0,0,0,0,0,1,0,0,1,0,0,1,0,0,0,0,1,0,0,0,0,0
CUS_0x9175,145380.88,12361.073333333336,5,3,887,1,16,2,6.69,50,797.79,35.282863660250406,102.75860532724752,302.3972039803309,1070.951524025755,2024-01-01,2025-10-06 10:50:55.337,31,1,0,0,0,0,0,1,0,0,0,0,1,0,0,1,0,0,0,0,0,0,0,0,0,1
CUS_0x1718,29062.92,2318.91,6,3,8,1,27,13,13.94,40,50.19,25.7655096070954,14.516223126712546,150.33909132713754,327.03568554614986,2024-01-01,2025-10-06 10:50:55.337,20,8,0,0,1,0,0,0,0,0,0,1,0,0,0,0,1,0,0,1,0,0,0,0,0,0
CUS_0x1cc4,45034.34,4021.861666666666,4,7,8,2,7,13,6.3,0,36.56,26.657627405344677,33977.0,139.08298597912366,464.37678690976713,2024-01-01,2025-10-06 10:50:55.337,23,5,1,0,0,0,0,0,1,0,0,0,1,0,0,1,0,0,0,0,1,0,0,0,0,0
CUS_0x7500,166621.84,13719.153333333335,0,3,1,0,1,8,5.53,10,501.21,35.27456803772823,0.0,1055.9893991627118,605.9259341706213,2024-01-01,2025-10-06 10:50:55.337,25,8,0,0,0,0,0,0,0,0,0,0,1,0,0,1,0,0,0,0,0,0,1,0,0,0
CUS_0x31b8,110439.56,9224.296666666669,3,7,15,4,18,16,6.0,70,1218.92,26.44091018206354,348.9438196673788,86.38870329001087,727.0971437092772,2024-01-01,2025-10-06 10:50:55.337,27,6,0,0,0,1,1,0,0,1,0,0,0,0,0,0,1,0,0,0,0,1,0,0,0,0
CUS_0x8234,10690.96,973.9133333333332,3,551,15,3,12,9,10.89,30,260.75,32.982324196745125,81971.0,33.24878451649837,329.68803563828624,2024-01-01,2025-10-06 10:50:55.337,32,9,1,1,0,0,0,0,0,0,0,0,1,0,0,0,1,0,0,0,0,0,1,0,0,0
CUS_0xb123,73683.69,5952.3075,8,7,9,3,15,10,4.35,50,520.26,34.80074803861054,152.8717619910563,165.90763600245344,536.4513520064904,2024-01-01,2025-10-06 10:50:55.337,32,10,0,0,0,1,1,0,0,1,0,1,0,0,0,0,1,0,0,1,0,0,0,0,0,0
CUS_0xb312,61746.99000000001,5167.5825,8,8,15,6,50,25,4.27,110,4355.18,36.22006103602587,158.03890921598918,607.3258075681399,41.393533215871,2024-01-01,2025-10-06 10:50:55.337,7,9,1,1,1,0,0,0,0,1,1,0,0,0,0,0,0,1,0,0,0,0,1,0,0,0
CUS_0x1b09,96522.0,8334.5,4,4,3,4,0,3,3.7,10,1022.38,34.41648822558138,247.94987250619644,184.38968410667667,641.1104433871268,2024-01-01,2025-10-06 10:50:55.337,23,5,1,0,0,1,1,0,0,0,0,0,1,0,0,1,0,0,0,0,0,1,0,0,0,0
CUS_0x2a06,35917.12,2761.67247356652,9,6,34,4,47,18,5.39,60,1523.8,28.797519526227035,164.95356559961755,174.23373165835812,265.74289584217223,2024-01-01,2025-10-06 10:50:55.337,18,6,1,0,0,0,0,0,1,1,0,1,0,0,0,0,0,1,0,0,0,0,0,0,1,0
CUS_0xb218,41905.36,3299.113333333333,10,10,20,0,50,17,19.24,100,1525.87,35.34354992969801,60.20972307738735,240.2516407225189,299.44996953342707,2024-01-01,2025-10-06 10:50:55.337,17,10,0,1,0,1,0,0,1,0,0,1,0,0,0,0,1,0,0,0,0,0,0,0,1,0
CUS_0x738c,46340.67,3969.7225,8,7,13,5,26,17,17.42,110,791.45,25.788778098996502,111.96092753108172,28.777028872063646,496.2342935968546,2024-01-01,2025-10-06 10:50:55.337,11,11,0,0,1,1,1,0,0,0,1,1,0,0,0,0,0,0,1,0,0,1,0,0,0,0
CUS_0x133e,16626.25,1096.5208333333333,0,2,5,0,13,7,6.39,0,1113.26,25.30621989849736,0.0,53.38619195442173,346.2658913789116,2024-01-01,2025-10-06 10:50:55.337,22,10,0,0,0,0,0,0,0,0,0,0,1,0,0,1,0,0,0,0,0,0,1,0,0,0
CUS_0xc3d5,16599.37,1099.2808333333332,6,3,22,2,9,10,17.0,60,1251.25,24.40853442267566,17.322016536664947,83.09678062438486,279.5092861722835,2024-01-01,2025-10-06 10:50:55.337,20,8,0,1,0,0,0,1,0,0,0,1,0,0,0,0,0,0,1,0,0,0,0,0,1,0
CUS_0x6700,63213.12,5233.76,4,4,9,4,14,7,8.47,70,584.85,34.57040347626808,166.11765267523805,527.0871417142631,120.171205610499,2024-01-01,2025-10-06 10:50:55.337,23,5,0,0,0,0,1,1,0,1,0,0,1,0,0,1,0,0,0,0,0,0,1,0,0,0
CUS_0x7258,58982.64,4685.22,8,9,29,5,37,24,9.76,160,2471.86,28.95261162609236,222.1754760763804,232.77475558568844,273.5717683379312,2024-01-01,2025-10-06 10:50:55.337,6,6,0,0,1,1,0,0,0,0,1,0,0,0,0,0,0,1,0,1,0,0,0,0,0,0
CUS_0x9378,7055.84,732.9866666666667,6,6,32,6,29,21,19.46,110,3775.23,33.71993398306229,32.776751406781614,57.59229556380743,272.92961969607757,2024-01-01,2025-10-06 10:50:55.337,2,3,0,0,1,0,1,0,1,1,1,0,0,0,0,0,0,1,0,0,0,0,1,0,0,0
CUS_0x59a9,135871.68,11612.64,3,2,6,2,12,11,1.21,40,1450.98,41.70951056222315,174.89652929624734,483.34248569402575,773.0249850097267,2024-01-01,2025-10-06 10:50:55.337,22,4,1,0,0,0,1,0,0,0,0,0,1,0,0,1,0,0,0,0,0,0,0,0,1,0
CUS_0x3eeb,21755.79,1731.9825,8,4,20,2,8,23,9.3,30,604.9,32.72240181221514,31.155358174966764,71.42810778592387,340.6147840391094,2024-01-01,2025-10-06 10:50:55.337,30,6,1,0,0,0,1,0,0,0,0,1,0,0,0,0,1,0,0,0,0,0,0,0,1,0
CUS_0x477c,38955.5,3544.291666666666,6,5,30,6,62,21,24.72,90,4683.88,25.760309335259443,163.7659656969924,313.09912261353475,339.7496463208568,2024-01-01,2025-10-06 10:50:55.337,9,6,0,1,0,1,0,1,0,1,0,0,0,0,0,0,0,1,0,0,1,0,0,0,0,0
CUS_0x47db,78988.48,6449.373333333332,9,5,29,7,27,17,10.27,90,1746.9,28.955438083278302,291.78276034215287,162.08160141504166,431.07297157613885,2024-01-01,2025-10-06 10:50:55.337,10,8,1,1,1,0,1,0,0,0,1,1,0,0,0,0,0,1,0,0,0,0,0,0,0,1
CUS_0x211f,15293.55,1251.4625,7,3,18,3,24,13,17.87,70,939.47,25.06140064728931,23.75468254208557,22.94544690162988,308.41904834718457,2024-01-01,2025-10-06 10:50:55.337,19,5,1,1,0,1,0,0,0,0,0,1,0,0,0,0,1,0,0,0,0,0,1,0,0,0
CUS_0xa9cc,38087.0,2898.916666666666,8,7,21,7,27,13,13.57,120,2002.39,32.41099982288391,166.86277140484475,10000.0,292.28368132581903,2024-01-01,2025-10-06 10:50:55.337,6,10,1,1,1,1,0,0,0,0,1,1,0,0,0,0,0,0,1,1,0,0,0,0,0,0
CUS_0x3101,70097.54,5850.461666666666,5,5,20,1,35,9,13.02,70,229.36,26.382791322180648,53.38330127352111,207.41577659131698,594.2470888018286,2024-01-01,2025-10-06 10:50:55.337,30,8,0,0,0,0,0,0,0,0,1,1,0,0,0,0,1,0,0,0,0,0,0,0,1,0
CUS_0x4655,49889.38,4359.448333333333,6,7,8,0,6,17,5.12,70,1450.37,35.22633842598865,0.0,55.68481722298061,630.2600161103528,2024-01-01,2025-10-06 10:50:55.337,27,11,0,0,0,0,0,0,0,0,0,0,1,0,0,1,0,0,0,0,1,0,0,0,0,0
CUS_0xa123,24688.88,2256.4066666666668,8,4,9,1,20,17,11.74,70,1014.83,27.71682994088009,10.869316856380284,208.48992910645094,276.2814207038354,2024-01-01,2025-10-06 10:50:55.337,23,4,0,0,0,1,0,0,0,0,0,0,1,0,0,0,1,0,0,0,0,0,0,0,1,0
CUS_0xad0b,167492.8,14254.733333333332,2,4,12,2,2,9,7.34,40,1471.07,34.82003742867932,161.9922177927754,389.9374095313971,1143.5437060091608,2024-01-01,2025-10-06 10:50:55.337,27,3,0,0,0,0,0,0,0,0,1,0,1,0,0,1,0,0,0,0,0,0,0,0,1,0
CUS_0x18cb,47093.32,3873.481655361503,3,6,18,6,22,7,10.67,100,1036.19,35.976688625503186,281.1022331689621,219.116155273258,251.787622862944,2024-01-01,2025-10-06 10:50:55.337,8,10,1,0,0,0,0,0,0,1,1,1,0,0,0,0,1,0,0,0,0,0,0,1,0,0
CUS_0x1efd,17933.84,1393.486666666667,9,6,17,0,49,18,15.02,90,1660.5,33.9721403812567,48.00605101830621,30.95045384729785,310.3921618010626,2024-01-01,2025-10-06 10:50:55.337,13,4,0,0,1,1,0,1,0,0,1,0,0,0,0,0,1,0,0,0,1,0,0,0,0,0
CUS_0x2b59,28146.26,2599.5216666666665,6,8,21,5,28,24,13.91,130,4841.16,35.347390601026795,71.08314697455201,236.87112667071258,231.997893021402,2024-01-01,2025-10-06 10:50:55.337,6,0,0,1,1,1,0,0,1,0,1,1,0,0,0,0,0,0,1,0,0,0,0,1,0,0
CUS_0x3731,70137.8,5901.816666666668,2,5,9,1,20,12,0.99,40,335.1,41.97232961101056,48.24567140408328,73.4305498931121,708.5054453694713,2024-01-01,2025-10-06 10:50:55.337,31,3,0,0,0,0,1,0,0,0,0,0,1,0,0,1,0,0,0,0,0,1,0,0,0,0
CUS_0x6b76,8956.355,812.3629166666666,9,6,30,9,49,18,18.14,120,2923.69,29.19160818971339,50.79462591061191,109.55882752010116,210.88283823595359,2024-01-01,2025-10-06 10:50:55.337,13,9,1,1,1,1,0,1,1,1,0,1,0,0,0,0,0,1,0,0,0,0,1,0,0,0
CUS_0x7853,46010.31,3692.1925,7,8,15,3,25,24,7.93,130,1380.78,33.24730078036643,87.48268217074497,167.39266571997126,374.3439021092838,2024-01-01,2025-10-06 10:50:55.337,12,0,0,0,1,1,0,0,1,0,0,0,0,0,0,0,0,1,0,1,0,0,0,0,0,0
CUS_0xc090,45421.38,3942.115,4,10,17,2,27,8,16.34,120,2632.69,31.03144124477007,49.80258502762167,507.65266050218,126.75625447019837,2024-01-01,2025-10-06 10:50:55.337,19,8,0,0,0,0,0,0,1,0,1,1,0,0,0,0,1,0,0,0,0,0,1,0,0,0
CUS_0x9a7,116941.71,9614.1425,0,7,6,0,7,2,10.03,20,721.24,42.04216678682817,0.0,10000.0,1087.6359695096337,2024-01-01,2025-10-06 10:50:55.337,20,0,0,0,0,0,0,0,0,0,0,0,1,0,0,1,0,0,0,0,0,1,0,0,0,0
CUS_0x60ca,50794.18,4089.848333333333,3,5,8,0,19,10,1.94,30,166.69,40.82106810572223,0.0,138.6107768022186,520.3740565311148,2024-01-01,2025-10-06 10:50:55.337,23,8,0,0,0,0,0,0,0,0,0,0,1,0,0,1,0,0,0,0,1,0,0,0,0,0
CUS_0x8449,112938.08,9562.506666666666,2,7,9,1,3,7,9.48,0,1398.69,32.81447350669009,91.36662005920564,164.95448958556258,939.9295570218983,2024-01-01,2025-10-06 10:50:55.337,27,2,0,0,0,0,1,0,0,0,0,0,0,0,0,1,0,0,0,0,0,1,0,0,0,0
CUS_0x8e65,17324.7,1273.725,9,8,26,5,34,23,7.91,80,1656.28,24.276609682749683,47.30995958523498,169.69672498761474,200.3658154271503,2024-01-01,2025-10-06 10:50:55.337,9,9,1,1,0,0,1,0,0,1,1,1,0,0,0,0,0,0,1,0,0,0,1,0,0,0
CUS_0xa4b7,93666.33,7595.5275,1,8,1,3,6,9,5.61,30,362.04,28.48638228300971,156.95657029118857,154.48945976077397,688.1067199480376,2024-01-01,2025-10-06 10:50:55.337,28,5,1,0,0,0,0,1,0,0,1,0,1,0,0,1,0,0,0,0,0,1,0,0,0,0
CUS_0xc57e,146999.24,12110.936666666665,5,6,10,0,13,20,6.53,50,1148.91,24.2248183079637,0.0,841.8572972528281,639.2363694138387,2024-01-01,2025-10-06 10:50:55.337,22,11,0,0,0,0,0,0,0,0,0,0,1,0,0,1,0,0,0,0,0,0,0,0,1,0
CUS_0xc49c,121813.72,9866.143333333332,5,1,10,0,0,8,11.14,80,233.82,27.44891628014083,57.14335709897637,253.60207487471916,925.868901359638,2024-01-01,2025-10-06 10:50:55.337,23,9,0,0,0,1,0,0,0,0,0,0,1,0,0,0,0,0,1,0,1,0,0,0,0,0
CUS_0x2311,23035.15,1901.595833333333,6,7,17,5,22,16,19.39,40,954.44,35.26247575918867,91.77461106949762,145.5890576238503,222.79591463998543,2024-01-01,2025-10-06 10:50:55.337,8,5,1,1,0,0,1,0,0,1,1,1,0,0,0,0,1,0,0,0,0,0,0,0,1,0
CUS_0x6087,14790.965,1369.580416666667,5,7,17,1,5,15,11.64,60,1382.27,37.20353724973967,10.899070864736256,119.63596237607071,286.42300842585973,2024-01-01,2025-10-06 10:50:55.337,6,2,0,0,1,0,0,0,0,0,0,1,0,0,0,0,1,0,0,0,0,0,0,1,0,0
CUS_0xbae9,106520.68,8789.723333333333,4,4,13,2,7,19,12.39,80,653.6,37.8478321588358,98.3378117683293,770.0637454259712,300.57077613903283,2024-01-01,2025-10-06 10:50:55.337,14,11,1,0,0,0,0,0,1,0,0,1,0,0,0,0,1,0,0,0,0,0,1,0,0,0
CUS_0x2d14,18995.89,1597.990833333333,2,3,6,0,16,2,8.42,50,953.75,27.29122564892428,60579.0,97.50682680313987,342.29225653019336,2024-01-01,2025-10-06 10:50:55.337,25,2,0,0,0,0,0,0,0,0,0,0,1,0,0,1,0,0,0,0,0,0,0,1,0,0
CUS_0x8684,22233.98,1933.831666666667,5,6,3,4,5,0,10.24,20,1320.47,36.96899062909135,39.59802419086021,195.69577088624558,248.0893715895609,2024-01-01,2025-10-06 10:50:55.337,29,4,0,1,1,0,1,0,0,0,0,0,1,0,0,1,0,0,0,0,0,0,1,0,0,0
CUS_0x8c77,86163.52,7133.293333333334,6,7,6,0,28,5,0.0,50,717.37,30.31725543226161,184.8242354406136,660.2207286585158,148.2843692342042,2024-01-01,2025-10-06 10:50:55.337,32,0,0,0,1,0,0,0,0,0,1,0,1,0,0,1,0,0,0,0,0,0,0,1,0,0
CUS_0x9538,85019.76,5782.894507457444,5,7,5,0,8,9,9.89,30,1072.83,38.12795638293104,1006.0854925425556,116.98828950738806,811.909710492612,2024-01-01,2025-10-06 10:50:55.337,16,0,0,0,0,0,0,0,0,0,0,0,1,0,0,1,0,0,0,0,1,0,0,0,0,0
CUS_0xb48d,19577.155,1659.429583333333,3,2,1,2,3,6,3.94,40,1140.51,39.04077370055253,20.76029446658383,109.05146202446751,326.131201842282,2024-01-01,2025-10-06 10:50:55.337,17,11,0,0,0,0,0,1,1,0,0,0,1,0,0,0,0,0,1,0,0,0,1,0,0,0
CUS_0xc5f4,71846.32,5261.688055435948,7,10,26,0,32,17,0.0,120,1485.6,34.124364884918506,745.7906207839418,553.4495473506472,73.9844430961312,2024-01-01,2025-10-06 10:50:55.337,6,8,0,0,1,0,0,1,1,1,0,1,0,0,0,0,1,0,0,0,0,0,0,1,0,0
CUS_0x56b2,30466.74,2378.895,6,4,15,7,11,18,10.53,70,670.48,27.96073324627224,114.59755373873102,42.54188232400197,320.750063937267,2024-01-01,2025-10-06 10:50:55.337,13,0,0,1,1,1,1,0,1,1,0,0,0,0,0,0,1,0,0,0,0,1,0,0,0,0
CUS_0x6184,30416.28,2346.69,5,4,4,0,15,3,1.33,30,1021.07,24.542673456651343,0.0,86.29203840355959,398.37696159644037,2024-01-01,2025-10-06 10:50:55.337,18,11,0,0,0,0,0,0,0,0,0,0,1,0,0,1,0,0,0,0,1,0,0,0,0,0
CUS_0x76b,23987.59,2087.9658333333336,6,5,10,1,29,2950,16.36,100,1332.44,29.11779374769881,19.300700804061695,252.36075344499733,227.1351290842744,2024-01-01,2025-10-06 10:50:55.337,23,10,0,0,0,0,0,0,0,0,1,1,0,0,0,0,1,0,0,0,0,0,1,0,0,0
CUS_0x3f71,58048.82,4780.401666666667,3,3,1,2,13,3,7.15,30,1020.94,42.2497264429426,93.47780407474669,74.50234006772664,560.0600225241933,2024-01-01,2025-10-06 10:50:55.337,26,3,0,0,0,1,0,1,0,0,0,0,0,0,0,1,0,0,0,0,1,0,0,0,0,0
CUS_0x45d2,34053.28,2782.773333333333,3,6,5,27,1,7,5.81,30,1033.06,25.33737271769403,72.56396912140218,209.82422034179908,275.88914387013205,2024-01-01,2025-10-06 10:50:55.337,32,8,0,0,1,0,0,0,0,0,1,0,1,0,0,0,0,0,1,0,0,0,0,1,0,0
CUS_0x66ef,35081.49,3047.4575,6,6,16,2,23,14,6.57,0,1025.79,27.336254397157216,51.97855084236672,85.82567341507564,436.9415257425576,2024-01-01,2025-10-06 10:50:55.337,26,4,0,0,1,0,0,0,0,1,0,0,0,0,0,0,1,0,0,0,0,0,0,0,1,0
CUS_0x9476,18867.73,1863.3108333333328,8,10,15,6,37,20,3.0,60,2622.43,26.48612043638026,88.65516364834009,189.53671372342941,198.13920596156385,2024-01-01,2025-10-06 10:50:55.337,9,9,0,1,1,0,1,0,0,0,1,1,0,0,0,0,0,1,0,0,0,0,1,0,0,0
CUS_0x837f,48356.66,4233.721666666666,3,4,16,2,8,8,17.01,80,1323.42,25.064197059689874,45.44154274137288,259.6105653396218,388.320058585672,2024-01-01,2025-10-06 10:50:55.337,16,4,0,0,0,1,1,0,0,0,0,1,0,0,0,0,1,0,0,0,0,0,0,0,1,0
CUS_0xad12,80377.68,6807.139999999999,10,7,28,5,32,19,2.84,120,1385.97,28.239650806564622,186.6622120495987,89.09412157536526,644.9576663750361,2024-01-01,2025-10-06 10:50:55.337,7,11,0,1,1,0,0,1,1,1,0,1,0,0,0,0,0,1,0,0,0,1,0,0,0,0
CUS_0x7eb0,28378.53,2228.8775,6,3,9,1,16,17,16.42,50,316.61,37.39670529813286,20.8516061226532,48.644405160437756,413.391738716909,2024-01-01,2025-10-06 10:50:55.337,17,0,0,0,0,0,1,0,0,0,0,1,0,0,0,0,1,0,0,1,0,0,0,0,0,0
CUS_0xb06d,36996.83,3152.0691666666667,6,5,6,2,20,8,7.539999999999999,40,808.52,40.06561794374656,31.795658245090998,326.7081483629945,236.7031100585812,2024-01-01,2025-10-06 10:50:55.337,31,11,0,0,0,0,0,0,1,0,1,0,1,0,0,1,0,0,0,0,0,0,0,1,0,0
CUS_0x2ee4,20818.74,1762.8950000000002,8,768,15,3,21,13,16.18,80,1821.25,24.08075477996969,44.88416187910022,31.57963517517807,349.82570294572173,2024-01-01,2025-10-06 10:50:55.337,10,2,1,1,0,1,0,0,0,0,0,1,0,0,0,0,1,0,0,0,1,0,0,0,0,0
CUS_0x9b58,9831.865,557.3220833333334,8,10,22,7,17,19,10.72,90,1804.5,33.80299558476881,55.41785426990305,56.839201460932344,233.47515260249799,2024-01-01,2025-10-06 10:50:55.337,20,4,0,1,1,1,1,1,1,0,0,1,0,0,0,0,0,1,0,0,0,0,1,0,0,0
CUS_0x6574,32919.12,2723.26,7,10,26,4,46,26,5.86,100,1960.47,39.15836998117535,78.67040473231745,46.80822423951968,386.84737102816285,2024-01-01,2025-10-06 10:50:55.337,14,6,0,1,0,0,1,0,1,0,0,0,0,0,0,0,0,1,0,0,0,1,0,0,0,0
CUS_0x745b,43534.9,3758.908333333333,3,6,15,4,8,18,16.51,70,314.58,35.20941119875012,100.40804469116692,63.88458253430817,451.5982061078583,2024-01-01,2025-10-06 10:50:55.337,18,11,0,0,0,0,1,0,0,1,1,1,0,0,0,0,1,0,0,0,0,1,0,0,0,0
CUS_0x237b,28754.13,2479.1775,4,5,11,3,11,17,12.84,30,1175.57,26.47433899993545,66.95920907611328,220.85886838959735,250.09967253428937,2024-01-01,2025-10-06 10:50:55.337,18,4,0,0,1,0,0,0,1,0,0,1,0,0,0,0,1,0,0,0,0,0,0,0,0,1
CUS_0x938f,157698.52,11999.787525241987,3,3,5,3,5,7,9.97,0,362.01,39.57239457639051,12814.0,870.3508503108926,436.13473537758483,2024-01-01,2025-10-06 10:50:55.337,23,6,0,0,0,1,0,0,1,0,1,0,1,0,0,1,0,0,0,0,0,0,0,1,0,0
CUS_0x2a23,38760.82,3310.068333333333,1,2,11,3,11,8,6.74,40,468.18,40.134995468086174,84.51850713930847,368.7411300303578,167.74719616366704,2024-01-01,2025-10-06 10:50:55.337,26,6,1,0,0,1,0,0,0,0,1,0,1,0,0,1,0,0,0,0,0,0,1,0,0,0
CUS_0x6be5,44820.08,3898.006666666666,7,5,15,1,24,9,6.3900000000000015,60,361.47,24.163690346587146,21.58133108025733,125.83096936124446,492.3883662251649,2024-01-01,2025-10-06 10:50:55.337,20,8,0,0,0,0,0,1,0,0,0,0,0,0,0,0,1,0,0,0,0,0,0,0,0,1
CUS_0x9f5c,60584.76,5124.730000000001,8,5,24,5,38,17,15.52,90,2428.62,31.191520472984887,189.14700999866704,73.63457472516599,489.69141527616716,2024-01-01,2025-10-06 10:50:55.337,9,4,0,0,1,1,0,1,0,1,0,1,0,0,0,0,1,0,0,0,0,1,0,0,0,0
CUS_0x9b5c,34628.06,3041.671666666666,1,3,4,1,8,3,0.5,40,1024.5,36.903837640959566,21.688933872660087,22.142126581666993,500.33610621233964,2024-01-01,2025-10-06 10:50:55.337,23,10,0,0,0,1,0,0,0,0,0,0,1,0,0,1,0,0,0,0,0,1,0,0,0,0
CUS_0x8b74,59986.0,4800.833333333333,2,2,1,1,8,0,8.54,60,275.56,33.695592633665015,22071.0,464.55627958651365,265.28334778856794,2024-01-01,2025-10-06 10:50:55.337,21,0,0,0,0,0,0,0,0,0,1,0,1,0,0,1,0,0,0,0,0,0,1,0,0,0
CUS_0x2a8b,32570.85,2936.2375,6,7,16,2,15,18,11.32,50,630.27,36.5420647693965,50.16601482864114,172.9109058058612,340.5468293654976,2024-01-01,2025-10-06 10:50:55.337,16,2,0,1,0,0,0,0,0,1,0,1,0,0,0,0,1,0,0,0,0,0,0,0,1,0
CUS_0x3d68,7650.145,910.5120833333334,9,664,29,6,67,22,3.7,90,1306.52,33.56837276730172,28.11416358552749,98.88721171249485,254.04983303531102,2024-01-01,2025-10-06 10:50:55.337,12,6,0,0,1,1,1,0,0,1,0,1,0,0,0,0,0,1,0,0,0,0,1,0,0,0
CUS_0x70b3,32246.4,2437.2000000000007,5,4,10,0,12,6,19.96,50,1396.38,34.3894933760774,0.0,10000.0,221.27814154736438,2024-01-01,2025-10-06 10:50:55.337,23,3,0,0,0,0,0,0,0,0,0,1,0,0,0,0,1,0,0,0,0,0,1,0,0,0
CUS_0x9550,34435.82,2740.651666666666,6,4,14,1,16,13,17.81,70,360.11,39.34963818892325,27.827486038488328,92.05660772680315,404.1810729013752,2024-01-01,2025-10-06 10:50:55.337,10,5,0,1,0,0,0,0,0,0,0,1,0,0,0,0,1,0,0,0,1,0,0,0,0,0
CUS_0x88fa,17642.1,1386.175,2,7,7,3,15,3,4.0,30,548.31,34.83683508536491,39.5204314733039,146.15580452230552,242.94126400439058,2024-01-01,2025-10-06 10:50:55.337,22,3,0,0,0,1,0,0,0,1,0,0,1,0,0,1,0,0,0,0,0,0,1,0,0,0
CUS_0xc2dd,25433.4,1949.4500000000005,4,4,16,0,20,14,1.47,80,939.62,35.89406697154248,0.0,133.3710419551175,351.5739580448825,2024-01-01,2025-10-06 10:50:55.337,24,11,0,0,0,0,0,0,0,0,0,0,0,0,0,0,1,0,0,0,0,0,1,0,0,0
CUS_0x8c88,57889.44,4592.12,10,10,22,6,33,25,7.78,100,1253.64,25.86665888295387,228.5285219436261,207.1318550788314,283.5516229775425,2024-01-01,2025-10-06 10:50:55.337,15,10,1,0,0,0,0,1,0,1,1,1,0,0,0,0,0,1,0,1,0,0,0,0,0,0
CUS_0xbdf9,19206.195,1438.51625,5,4,7,1,13,0,2.36,60,291.71,34.53764324675971,12.87583065451432,91.15399332424604,329.82180102123965,2024-01-01,2025-10-06 10:50:55.337,24,3,1,0,0,0,0,0,0,0,0,0,1,0,0,1,0,0,0,0,0,0,1,0,0,0
CUS_0x4223,53916.84,4735.07,8,7,28,8,57,21,2.99,60,2560.45,28.26870269302063,300.23004063869445,96.70205298794993,326.57490637335565,2024-01-01,2025-10-06 10:50:55.337,5,0,1,1,0,1,0,0,1,0,0,0,0,0,0,0,0,1,0,0,1,0,0,0,0,0
CUS_0x55f1,9898.6,862.8833333333333,6,8,20,5,29,25,5.01,160,1302.29,28.475093743608948,40.66265592855844,106.21351759373684,229.4121598110381,2024-01-01,2025-10-06 10:50:55.337,7,2,1,0,0,0,1,0,0,1,1,1,0,0,0,0,0,1,0,0,0,0,1,0,0,0
CUS_0xad50,20340.29,1771.0241666666668,161,7,33,3,27,14,14.83,140,1325.41,35.623367928963994,45.26075606751047,52.68295771805447,329.15870288110176,2024-01-01,2025-10-06 10:50:55.337,19,10,0,0,1,0,1,0,1,0,0,1,0,0,0,0,0,0,1,0,1,0,0,0,0,0
CUS_0xffc,60877.17,5218.0975,6,8,27,8,46,14,8.82,130,1300.13,29.02649753009607,272.80916948372084,46.4256138380274,442.5749666782518,2024-01-01,2025-10-06 10:50:55.337,13,1,0,0,1,0,1,1,1,1,0,1,0,0,0,0,0,0,1,0,0,1,0,0,0,0
CUS_0x20ff,16862.88,1273.24,8,8,22,7,52,19,19.07,120,1377.71,34.171175196170395,81.80403665293096,157.6212056840206,177.89875766304849,2024-01-01,2025-10-06 10:50:55.337,17,8,1,1,1,1,0,1,0,0,0,1,0,0,0,0,1,0,0,0,0,0,1,0,0,0
CUS_0x4f01,31241.2,2719.433333333333,6,8,17,5,48,25,15.91,60,2176.5,24.2661450854007,122.06735932116392,112.5697824634877,317.3061915486817,2024-01-01,2025-10-06 10:50:55.337,9,5,1,1,0,0,1,1,0,0,0,1,0,0,0,0,0,0,1,0,0,0,0,1,0,0
CUS_0x853d,20028.04,1728.003333333333,4,5,8,2,28,19,2.85,70,528.22,38.98318744817168,26.61314372756981,179.77640829243344,256.41078131333006,2024-01-01,2025-10-06 10:50:55.337,12,4,0,0,0,0,1,1,0,0,0,1,0,0,0,0,1,0,0,0,0,0,0,0,0,1
CUS_0xc3d6,76257.52,6383.793333333334,7,9,24,9,48,19,0.0,120,2828.24,29.48437970155621,346.2966996254188,180.7895808567629,371.2930528511517,2024-01-01,2025-10-06 10:50:55.337,6,6,1,1,1,1,1,1,1,0,0,1,0,0,0,0,0,0,1,0,0,0,0,0,0,1
CUS_0x2fa7,14785.12,1365.0933333333337,6,9,17,5,58,22,22.41,170,4780.8,27.69242966338759,43.96605324641933,99.36822259732556,273.1750574895885,2024-01-01,2025-10-06 10:50:55.337,1,11,0,0,1,0,1,0,1,1,0,1,0,0,0,0,0,1,0,0,0,0,0,1,0,0
CUS_0x46f7,19725.7,1835.8083333333327,8,10,17,2,8,11,0.0,70,2234.82,26.835577371484423,19.398144912202703,143.9824826546191,290.2002057665116,2024-01-01,2025-10-06 10:50:55.337,17,11,0,1,0,0,0,0,0,0,0,1,0,0,0,0,1,0,0,0,0,0,0,0,1,0
CUS_0x4b8b,160346.44,13611.203333333331,2,5,8,4,9,7,1.59,12300,630.62,45.98179642348119,297.89336259232675,253.81880330296715,1059.4081674380393,2024-01-01,2025-10-06 10:50:55.337,21,11,1,0,1,0,1,0,0,0,1,0,1,0,0,1,0,0,0,0,1,0,0,0,0,0
CUS_0xad1e,72690.44,5995.536666666668,8,5,34,9,22,25,2.49,90,2686.24,25.879474793459224,377.80572012557366,85.08493185535266,376.6630146857405,2024-01-01,2025-10-06 10:50:55.337,20,6,1,1,1,1,1,1,0,0,0,0,0,0,0,0,0,1,0,0,0,1,0,0,0,0
CUS_0x1668,64980.72,5473.06,4,7,6,2,7,1,0.78,30,375.38,40.3179656523764,88.4482273376222,158.1410967940986,570.7166758682793,2024-01-01,2025-10-06 10:50:55.337,32,2,0,0,0,1,0,0,0,0,1,0,1,0,0,0,0,0,1,0,0,0,0,0,0,1
CUS_0x2a70,9759.375,813.28125,7,9,24,8,15,21,1.85,100,4342.44,33.30267098893281,55.939189207851385,38.504903582771774,266.88403220937687,2024-01-01,2025-10-06 10:50:55.337,9,0,1,1,0,1,1,1,0,1,0,1,0,0,0,0,0,0,1,0,0,0,0,1,0,0
CUS_0x3b15,65312.73,5255.7275,3,5,20,1,19,20,5.6,60,466.4,37.89806651295825,32.1688001442284,159.88333049582644,583.5206193599453,2024-01-01,2025-10-06 10:50:55.337,19,3,1,0,0,0,0,0,0,0,0,0,1,0,0,0,1,0,0,0,1,0,0,0,0,0
CUS_0x7d1e,60182.7,4800.225,6,7,5,7,33,9,17.86,60,1742.58,35.290632396383884,265.40055225667334,296.3081583511227,178.31378939220406,2024-01-01,2025-10-06 10:50:55.337,19,3,1,0,0,1,1,1,1,0,0,1,0,0,0,0,1,0,0,1,0,0,0,0,0,0
CUS_0x33d2,31993.78,2942.148333333333,6,6,7,2,8,16,6.28,10,818.22,36.012793772472094,45.14129822463578,97.58820324481087,421.4853318638867,2024-01-01,2025-10-06 10:50:55.337,17,5,0,0,0,0,0,0,1,1,0,1,0,0,0,0,1,0,0,0,0,0,0,0,1,0
CUS_0x436c,41942.1,3355.175,0,3,1,1,8,12,16.259999999999998,60,1303.34,37.2025217260174,19.649050373643195,120.59500202641578,445.27344759994105,2024-01-01,2025-10-06 10:50:55.337,33,2,0,0,0,0,0,1,0,0,0,0,1,0,0,1,0,0,0,0,1,0,0,0,0,0
CUS_0x47e,35539.56,2953.63,3,4,5,0,19,8,3.4,20,819.48,39.41336445680872,0.0,20.630324538138147,514.7326754618618,2024-01-01,2025-10-06 10:50:55.337,27,6,0,0,0,0,0,0,0,0,0,0,1,0,0,1,0,0,0,0,0,1,0,0,0,0
CUS_0xa4a9,14137.39,1091.1158333333333,7,5,30,7,27,17,18.51,80,4627.56,22.39002813831885,68.15685722813625,96.54484245890288,234.40988364629416,2024-01-01,2025-10-06 10:50:55.337,7,0,0,0,1,1,0,0,1,1,1,1,0,0,0,0,0,0,1,0,0,0,1,0,0,0
CUS_0x56a9,24600.33,2035.0275,4,4,13,4,13,15,1.2599999999999998,80,1437.79,29.063624497418928,45.43167275497051,156.5880885201075,271.482988724922,2024-01-01,2025-10-06 10:50:55.337,8,2,0,1,0,1,1,0,0,0,1,1,0,0,0,0,0,0,1,0,0,0,0,0,1,0
CUS_0x709b,19418.475,1359.20625,2,4,11,0,1,0,1.61,40,851.53,38.88003096727029,0.0,128.00308171961638,287.9175432803836,2024-01-01,2025-10-06 10:50:55.337,26,3,0,0,0,0,0,0,0,0,0,0,1,0,0,1,0,0,0,0,0,0,0,0,0,1
CUS_0x9e51,23363.33,2018.944166666667,5,3,19,2,5,11,8.38,20,1105.47,23.58802262371969,38.08515391379478,81.67850197028237,342.1307607825896,2024-01-01,2025-10-06 10:50:55.337,32,10,0,0,0,0,0,1,0,0,0,0,1,0,0,0,1,0,0,1,0,0,0,0,0,0
CUS_0x24d9,108884.76,8805.73,8,4,16,6,25,11,6.48,90,769.81,37.996069713135306,352.32279071766334,256.78022809620325,521.4699811861335,2024-01-01,2025-10-06 10:50:55.337,5,10,1,0,0,1,1,0,0,1,0,1,0,0,0,0,0,0,1,0,1,0,0,0,0,0
CUS_0x566f,8412.555,853.04625,8,3,10,4,22,11,13.65,80,1664.89,37.89827697407439,27.261535053079893,10000.0,241.90058700843082,2024-01-01,2025-10-06 10:50:55.337,13,4,1,1,0,0,0,0,0,1,0,0,0,0,0,0,0,0,1,0,0,0,1,0,0,0
CUS_0x5d1a,40115.26,3263.938333333333,8,4,9,4,15,18,16.45,130,28.98,25.86813154222005,82.27202771288184,56.605632456707,437.5161731637445,2024-01-01,2025-10-06 10:50:55.337,16,3,0,1,0,1,1,1,0,0,0,1,0,0,0,0,1,0,0,0,1,0,0,0,0,0
CUS_0x7165,9069.98,546.8316666666666,7,9,31,0,16,19,7.15,150,3471.77,36.61905451076819,31.415983467487177,56.208228653443605,247.0589545457359,2024-01-01,2025-10-06 10:50:55.337,10,2,0,0,1,0,1,1,0,1,0,1,0,0,0,0,0,1,0,0,0,0,0,1,0,0
CUS_0x8ff4,33515.8,2628.9833333333336,8,9,30,6,62,20,6.6,140,1883.15,31.372617312969822,91.66449551381868,174.4725188188767,286.761319000638,2024-01-01,2025-10-06 10:50:55.337,8,3,0,0,1,0,1,1,1,1,0,0,0,0,0,0,0,0,1,0,0,0,1,0,0,0
CUS_0x9d04,93841.65,8115.1375,0,3,6,1,29,9,1.08,20,1042.2,38.46127496975606,52.68657186195367,483.03226946707184,555.7949086709747,2024-01-01,2025-10-06 10:50:55.337,15,8,0,0,0,0,1,0,0,0,0,0,1,0,0,0,0,0,1,0,0,0,0,0,0,1
CUS_0xbf9c,10628.735,1003.7279166666668,4,6,10,2,10,11,10.64,30,1185.56,31.351273604408608,11.915152998925814,120.53317060276899,307.01526095310834,2024-01-01,2025-10-06 10:50:55.337,22,6,0,1,0,0,1,0,0,0,0,0,0,0,0,0,1,0,0,0,0,0,1,0,0,0
CUS_0x7622,57878.7,5109.224999999999,4,4,13,1,8,20,8.07,0,693.23,24.73495972109161,41.263411615020814,356.5332809829479,403.1258074020314,2024-01-01,2025-10-06 10:50:55.337,18,11,0,0,0,1,0,0,0,0,0,0,0,0,0,0,1,0,0,0,0,0,1,0,0,0
CUS_0xc134,86529.48,7463.79,7,5,19,2,5,12,7.22,10,1102.41,35.21639759246165,86.59765165199978,452.48898282452456,497.2923655234758,2024-01-01,2025-10-06 10:50:55.337,19,9,1,0,1,0,0,0,0,0,0,0,1,0,0,0,1,0,0,0,0,0,1,0,0,0
CUS_0x5a6d,39891.42,3246.285,4,4,22,6,17,16,7.69,110,2411.32,23.05423266865096,195.2203691000233,58.05483189198861,321.35329900798814,2024-01-01,2025-10-06 10:50:55.337,6,10,0,1,0,0,1,1,0,1,1,1,0,0,0,0,0,0,1,0,1,0,0,0,0,0
CUS_0x102d,89064.52,7256.043333333334,5,3,1,1,6,5,6.37,30,648.36,30.57429935886147,37.57275058079424,296.09411909412466,641.9374636584146,2024-01-01,2025-10-06 10:50:55.337,30,3,1,0,0,0,0,0,0,0,0,0,1,0,0,0,0,0,1,0,1,0,0,0,0,0
CUS_0x4602,60189.06,5138.755,10,8,30,5,54,16,27.13,160,4159.96,25.45020590303151,221.0248385461913,190.0670510823261,362.7836103714827,2024-01-01,2025-10-06 10:50:55.337,12,10,0,1,0,1,1,0,0,1,1,1,0,0,0,0,0,1,0,0,0,0,0,0,0,1
CUS_0x9593,35916.15,3195.0125000000007,7,6,11,2,20,12,17.59,120,1426.14,35.039521537024925,49.8981336660666,87.68369737539453,431.91941895853887,2024-01-01,2025-10-06 10:50:55.337,10,3,0,0,0,0,0,1,1,0,0,1,0,0,0,0,1,0,0,0,1,0,0,0,0,0
CUS_0x69b4,21178.31,1990.8591666666669,5,4,8,3,23,19,0.74,50,262.25,34.37408626202004,45.48248912674549,89.24860513913818,324.354822400783,2024-01-01,2025-10-06 10:50:55.337,24,3,0,1,0,0,1,0,0,0,0,0,1,0,0,0,1,0,0,1,0,0,0,0,0,0
CUS_0xc131,7893.875,900.8229166666664,8,8,17,5,53,19,18.22,60,1883.89,29.446696726768952,24.000246435533537,27.096495866862263,298.98554936427087,2024-01-01,2025-10-06 10:50:55.337,12,5,0,0,1,0,1,1,0,1,0,1,0,0,0,0,1,0,0,1,0,0,0,0,0,0
CUS_0x308d,116794.11000000002,9483.8425,3,6,12,0,3,11,3.5,70,226.98,36.47013276084885,0.0,668.5941115171595,559.7901384828407,2024-01-01,2025-10-06 10:50:55.337,19,10,0,0,0,0,0,0,0,0,0,0,1,0,0,1,0,0,0,0,0,0,0,1,0,0
CUS_0x8b09,132473.04,10889.42,3,5,9,2,0,7,4.37,40,1412.35,38.0101559185469,119.43999017623872,72.42010028260181,1137.0819095411596,2024-01-01,2025-10-06 10:50:55.337,33,2,1,0,0,0,0,0,0,1,0,0,1,0,0,1,0,0,0,0,0,1,0,0,0,0
CUS_0xa2a3,19278.72,1367.5600000000004,10,10,22,6,44,22,28.3,100,3036.1,30.971290958532357,71.89556886649925,141.4731677775378,203.38726335596297,2024-01-01,2025-10-06 10:50:55.337,2,5,0,1,1,1,1,1,0,0,0,1,0,0,0,0,0,0,1,0,0,0,0,1,0,0
CUS_0x6bc3,88905.0,7199.75,6,7,11,2,11,12,0.58,30,971.83,23.26473720669896,132.55257826446078,880.5663435658076,579.5057718666097,2024-01-01,2025-10-06 10:50:55.337,31,5,1,0,0,0,0,0,0,0,1,1,0,0,0,0,1,0,0,0,0,0,1,0,0,0
CUS_0x1c12,115177.32,9529.11,4,4,2,4,10,10,3.83,40,801.79,39.31693774777721,293.91384358858033,168.39716004833298,730.5999963630867,2024-01-01,2025-10-06 10:50:55.337,17,2,0,1,0,0,1,0,0,0,1,0,1,0,0,0,0,0,1,0,0,1,0,0,0,0
CUS_0x2416,93957.36,8044.78,3,6,13,0,14,18,19.03,50,1344.71,38.40085619165979,0.0,300.17949404904414,754.2985059509558,2024-01-01,2025-10-06 10:50:55.337,16,2,0,0,0,0,0,0,0,0,0,1,0,0,0,0,0,0,1,0,1,0,0,0,0,0
CUS_0x991d,115105.56,9684.13,4,5,18,4,22,20,8.26,80,695.19,36.97387033589929,289.62874797089324,348.321468089525,580.4627839395816,2024-01-01,2025-10-06 10:50:55.337,18,2,0,0,0,1,0,1,1,1,0,1,0,0,0,0,1,0,0,0,1,0,0,0,0,0
CUS_0x4034,26766.06,2356.505,7,5,9,3,15,11,14.6,20,530.27,38.10610591333131,36.49758797305937,143.8549125078803,315.29799951906034,2024-01-01,2025-10-06 10:50:55.337,22,4,1,1,0,0,0,1,0,0,0,1,0,0,0,0,1,0,0,1,0,0,0,0,0,0
CUS_0x5862,42936.48,3532.0399999999995,8,5,18,8,24,18,26.79,110,3542.14,32.21714753524936,174.63344455809138,143.40972283773087,315.1608326041777,2024-01-01,2025-10-06 10:50:55.337,2,4,1,0,1,0,1,0,1,0,1,1,0,0,0,0,0,0,1,0,0,0,0,1,0,0
CUS_0xc09f,53085.12,3972.391560984426,8,8,15,3,49,10,11.95,170,2144.33,35.947739888001244,411.0639773111212,56.06631631798685,476.3141453864656,2024-01-01,2025-10-06 10:50:55.337,14,4,1,1,0,0,0,0,0,1,0,1,0,0,0,0,1,0,0,0,0,1,0,0,0,0
CUS_0x5c4f,33181.3,2739.1083333333336,6,7,32,6,62,23,28.43,60,3507.37,35.37382318022751,115.04758491554756,83.45669326049413,345.40655515729173,2024-01-01,2025-10-06 10:50:55.337,12,4,0,1,1,1,0,1,1,0,1,1,0,0,0,0,0,1,0,0,0,0,0,0,1,0
CUS_0x7dac,22489.25,1643.104166666667,5,5,7,2,11,12,13.93,50,1189.23,36.8934331802448,34.0190082767121,146.8616942743196,253.42971411563502,2024-01-01,2025-10-06 10:50:55.337,17,6,1,0,0,0,0,0,1,0,0,0,1,0,0,1,0,0,0,0,0,0,0,0,1,0
CUS_0xb7a1,35376.32,2717.026666666666,8,3,19,0,12,15,15.14,70,1166.47,26.75140311428725,58.2166703210756,87.9821740640868,370.56897698954816,2024-01-01,2025-10-06 10:50:55.337,18,9,0,0,0,1,0,0,0,1,0,0,0,0,0,0,1,0,0,0,0,0,0,1,0,0
CUS_0xc346,47050.41,4117.8675,560,7,19,5,24,18,12.77,50,1594.93,36.10683870014561,140.66984137185992,165.79456714653205,355.32234148160813,2024-01-01,2025-10-06 10:50:55.337,17,9,0,1,0,0,0,0,1,0,1,1,0,0,0,0,1,0,0,0,1,0,0,0,0,0
CUS_0x3f38,31786.98,2944.915,9,6,31,0,27,14,18.45,90,2029.21,31.987171896630358,105.0869893608941,110.52070139324536,328.88380924586056,2024-01-01,2025-10-06 10:50:55.337,7,11,0,0,0,1,1,1,1,0,0,1,0,0,0,0,1,0,0,0,1,0,0,0,0,0
CUS_0x400a,112671.27,9454.2725,2,4,12,0,6,6,7.58,80,1221.91,43.15538807348432,16050.0,201.173073068986,984.254176931014,2024-01-01,2025-10-06 10:50:55.337,27,9,0,0,0,0,0,0,0,0,0,0,1,0,0,1,0,0,0,0,0,1,0,0,0,0
CUS_0x5a53,85084.8,6997.4000000000015,4,3,12,1,11,6,12.489999999999998,10,100.42,35.7520244684851,69.20172970112885,186.4672631117521,694.0710071871193,2024-01-01,2025-10-06 10:50:55.337,21,4,0,1,0,0,0,0,0,0,0,0,0,0,0,0,1,0,0,0,1,0,0,0,0,0
CUS_0x1d33,39294.3,3292.525,9,10,30,3,47,20,7.14,110,1292.73,30.485752262005647,60.74439250830152,129.7396727183201,428.7684347733784,2024-01-01,2025-10-06 10:50:55.337,13,10,0,0,0,0,0,0,1,0,1,1,0,0,0,0,0,0,1,0,0,0,1,0,0,0
CUS_0x5872,54025.95,4426.1625,6,3,29,4,16,13,15.19,140,2331.61,35.53078869166112,114.63203411485276,167.11621413411072,410.8680017510365,2024-01-01,2025-10-06 10:50:55.337,20,3,1,1,0,0,0,0,0,0,0,0,0,0,0,0,0,0,1,0,0,0,0,0,0,1
CUS_0x863b,56978.79,4742.2325,10,6,30,6,26,20,10.62,80,1319.37,24.99731566281923,251.7241858699844,232.26653683419656,250.2325272958191,2024-01-01,2025-10-06 10:50:55.337,7,4,0,1,1,1,1,0,0,0,0,1,0,0,0,0,1,0,0,0,0,0,0,0,0,1
CUS_0x471f,31977.44,2547.7866666666664,10,9,23,7,20,22,1.33,110,2256.77,23.54423981617029,185.49104312531875,110.7905328289826,248.49709071236526,2024-01-01,2025-10-06 10:50:55.337,11,10,1,0,1,0,1,0,1,0,0,1,0,0,0,0,0,0,1,0,0,0,1,0,0,0
CUS_0x84f3,17573.035,1545.419583333333,3,2,4321,4,11,4,7.6,60,429.5,22.80437210903841,38.78825382107815,95.89739891230172,301.9290112050425,2024-01-01,2025-10-06 10:50:55.337,32,11,0,0,0,0,1,0,0,1,0,0,1,0,0,1,0,0,0,0,0,0,0,1,0,0
CUS_0x951b,16471.35,1211.6125,3,8,21,4,10,17,15.77,150,1898.34,31.25825199594339,46.67344608509328,52.7827593391844,311.7050445757223,2024-01-01,2025-10-06 10:50:55.337,14,0,0,0,0,0,0,1,0,0,1,1,0,0,0,0,1,0,0,0,0,0,1,0,0,0
CUS_0xb98f,82920.2,7201.016666666666,4,7,7,3,6,8,2.04,30,1197.23,26.061130460005952,163.04659106969498,189.1886592352835,647.8664163616883,2024-01-01,2025-10-06 10:50:55.337,27,4,0,1,0,0,0,1,0,1,0,0,1,0,0,1,0,0,0,0,0,0,0,1,0,0
CUS_0xb7c7,56420.52,4919.71,7,5,21,5,31,17,15.37,90,1412.35,28.60009318249805,165.99957751951442,10000.0,315.33277684496426,2024-01-01,2025-10-06 10:50:55.337,14,6,0,0,0,0,1,1,1,1,0,1,0,0,0,0,0,1,0,1,0,0,0,0,0,0
CUS_0x1688,56400.18000000001,4991.015,7,5,30,0,27,11,13.84,60,2582.73,28.124751848885943,56.783902520414046,199.86331959557631,492.4542778840097,2024-01-01,2025-10-06 10:50:55.337,17,10,0,0,1,1,0,0,0,0,0,1,0,0,0,0,1,0,0,0,1,0,0,0,0,0
CUS_0x48f,72629.12,5884.426666666666,8,9,19,7,39,27,21.23,160,4748.34,32.61558413620375,293.7841875314496,162.1927989137815,300.353499269671,2024-01-01,2025-10-06 10:50:55.337,8,2,0,0,0,1,1,1,0,1,1,1,0,0,0,0,0,1,0,1,0,0,0,0,0,0
CUS_0x143c,18578.88,1325.1134734621792,1,3,1,0,15,12,11.87,50,779.49,39.53251721514203,140.10686499523516,76.61359044009538,317.0300711024904,2024-01-01,2025-10-06 10:50:55.337,31,6,0,1,1,0,0,0,0,0,0,0,0,0,0,1,0,0,0,0,0,0,1,0,0,0
CUS_0x35ca,33980.48,2855.706666666667,6,4,13,2,14,8,14.23,40,955.32,29.26319252198631,34.44199958926556,200.9947310106292,401.1699949474952,2024-01-01,2025-10-06 10:50:55.337,30,11,0,0,0,0,0,1,1,0,0,1,0,0,0,0,0,0,1,0,0,0,0,0,1,0
CUS_0x55c6,63022.2,5196.849999999999,10,10,30,9,49,15,9.67,150,2955.49,37.72913210569087,291.453005226118,184.51764887792604,293.7143458959559,2024-01-01,2025-10-06 10:50:55.337,6,4,0,1,1,1,1,0,0,1,1,1,0,0,0,0,0,1,0,0,1,0,0,0,0,0
CUS_0x95b6,30635.16,2658.93,3,7,4,0,7,9,11.42,30,675.52,36.81854619369011,0.0,72.74588106037662,463.1471189396234,2024-01-01,2025-10-06 10:50:55.337,17,5,0,0,0,0,0,0,0,0,0,0,1,0,0,1,0,0,0,0,0,0,0,0,1,0
CUS_0x17e3,16579.3,1239.6083333333331,10,7,27,8,56,24,1.1,140,1790.35,26.17543251133808,60.48665094893304,61.91160318553497,261.5625791988653,2024-01-01,2025-10-06 10:50:55.337,9,0,1,1,1,1,0,1,1,0,0,1,0,0,0,0,0,1,0,1,0,0,0,0,0,0
CUS_0x1eee,115649.52,9400.46,5,5,9,2,7,8,10.46,60,641.04,36.71036304608072,104.619465963239,146.04456704786315,929.3819669888981,2024-01-01,2025-10-06 10:50:55.337,20,7,0,0,0,0,0,0,1,1,0,0,0,0,0,1,0,0,0,0,0,1,0,0,0,0
CUS_0x5087,46297.44,3806.12,7,8,26,9,62,17,22.13,150,4745.81,24.88528379841189,210.12236347511512,220.83518204097203,229.6544544839129,2024-01-01,2025-10-06 10:50:55.337,3,0,1,1,0,1,1,1,0,0,1,1,0,0,0,0,0,0,1,0,0,0,0,1,0,0
CUS_0x6058,113085.87,9531.8225,4,4,11,1,12,1,8.37,40,240.56,29.064264592184443,81.1029928492631,711.5915370633314,430.4877200874055,2024-01-01,2025-10-06 10:50:55.337,30,3,0,1,0,0,0,0,0,0,0,0,1,0,0,1,0,0,0,0,0,0,0,0,1,0
CUS_0xb226,115494.2,9465.516666666666,1,3,9,2,4,3,9.78,0,1335.24,41.66409225552591,106.57797807329194,219.2267758944901,880.7469126988848,2024-01-01,2025-10-06 10:50:55.337,25,4,0,0,0,1,0,0,1,0,0,0,1,0,0,1,0,0,0,1,0,0,0,0,0,0
CUS_0x1758,21787.63,1867.635833333333,0,3,5,3,2,2,4.6,30,998.07,27.68903722083158,36.90148131431068,206.3353930991251,233.52670891989757,2024-01-01,2025-10-06 10:50:55.337,29,10,0,1,0,1,1,0,0,0,0,0,0,0,0,1,0,0,0,0,0,0,1,0,0,0
CUS_0x2a75,86092.12,6929.343333333332,7,3,14,1,7,19,11.43,40,707.95,26.82983942985909,64.03988274021647,647.6575056936064,251.2369448995105,2024-01-01,2025-10-06 10:50:55.337,25,5,0,0,0,0,0,1,0,0,0,0,1,0,0,0,1,0,0,0,0,0,0,0,1,0
CUS_0x7a8,21663.61,1656.3008333333337,4,5,8,2,12,10,3.64,50,549.88,25.35732013370836,32.716161226727195,23.81255270932797,349.10136939727823,2024-01-01,2025-10-06 10:50:55.337,32,10,1,0,0,0,0,0,0,0,1,0,1,0,0,1,0,0,0,0,0,1,0,0,0,0
CUS_0x4862,59703.75,4787.3125,7,9,17,9,48,15,18.56,80,4254.78,38.57187237574412,410.249479600694,238.66729585929085,89.81447454001524,2024-01-01,2025-10-06 10:50:55.337,3,6,0,1,0,1,1,1,0,1,0,1,0,0,0,0,0,1,0,1,0,0,0,0,0,0
CUS_0x48e,31936.05,2432.3375,3,829,11,4,5,8,14.79,10,1380.76,36.821739074763705,98.14745279416854,140.61835519095388,264.46794201487756,2024-01-01,2025-10-06 10:50:55.337,25,8,0,1,0,1,0,1,0,1,0,1,0,0,0,0,1,0,0,1,0,0,0,0,0,0
CUS_0x4d40,19070.62,1303.2183333333332,7,5,27,8,36,24,2.1,150,2279.0,33.08428979558734,111.47053724651472,100.0503793335214,208.8009167532972,2024-01-01,2025-10-06 10:50:55.337,15,6,0,1,1,1,1,0,0,1,1,1,0,0,0,0,0,1,0,0,0,0,1,0,0,0
CUS_0x5213,127559.68,10605.973333333332,3,6,11,3,11,4,10.32,60,1271.78,36.97529606004533,209.71259812200543,546.672126056679,584.2126091546489,2024-01-01,2025-10-06 10:50:55.337,27,0,0,0,1,1,0,1,0,0,0,0,1,0,0,0,0,0,1,0,0,0,0,1,0,0
CUS_0x67e,30783.88,2722.3233333333333,5,6,16,2,12,16,15.73,60,960.38,34.97663970648594,35.788055419196205,41.05083479735018,445.3934431167869,2024-01-01,2025-10-06 10:50:55.337,11,3,0,1,1,0,0,0,0,0,0,1,0,0,0,0,0,0,1,0,1,0,0,0,0,0
CUS_0x8c3,16477.55,1175.0593181374952,9,7,24,7,26,25,24.14,90,3503.1,25.8380863273307,104.50795771166516,130.90563785530261,228.26916962887023,2024-01-01,2025-10-06 10:50:55.337,3,9,1,0,0,1,1,1,1,1,0,1,0,0,0,0,0,1,0,0,0,0,1,0,0,0
CUS_0x1e72,26670.7,1996.5583333333327,5,4,5,3,6,13,15.96,50,502.35,30.733181090215396,38.989581599188526,38.53091029719736,382.1353414369475,2024-01-01,2025-10-06 10:50:55.337,11,9,0,0,0,0,0,0,0,1,1,1,0,0,0,0,0,0,1,1,0,0,0,0,0,0
CUS_0x239e,14390.16,1000.18,9,10,26,1014,33,17,2.51,130,1327.91,23.32400070692379,18.294211826964965,52.767286321650886,318.95650185138413,2024-01-01,2025-10-06 10:50:55.337,15,11,0,1,0,0,1,0,0,0,0,1,0,0,0,0,0,0,1,0,0,0,1,0,0,0
CUS_0x6950,22283.07,1933.9225,4,4,17,3,24,17,11.56,20,160.38,37.70853948628478,52.13573637390084,200.36561851962387,264.83454170280817,2024-01-01,2025-10-06 10:50:55.337,21,11,1,0,0,0,0,1,0,0,1,1,0,0,0,0,1,0,0,0,0,0,1,0,0,0
CUS_0x719f,13486.615,1003.8845833333332,8,6,8,2,8,10,11.26,10,45.37,29.006632986135774,14.724661645786846,87.5901627984788,278.0736338890677,2024-01-01,2025-10-06 10:50:55.337,19,0,0,0,0,0,0,0,0,1,1,0,1,0,0,1,0,0,0,0,0,0,0,1,0,0
CUS_0xb152,16886.79,1137.2325,8,6,32,9,25,25,2.25,90,2039.51,29.9234673241994,68.84958845829442,136.24139719678828,198.6322643449173,2024-01-01,2025-10-06 10:50:55.337,19,10,1,1,0,1,0,1,0,1,1,1,0,0,0,0,0,1,0,0,0,0,1,0,0,0
CUS_0xb407,59412.78,5073.065,4,7,14,1,23,10,12.73,30,936.76,37.42035274305168,37.55694289324979,373.2854660292175,386.4640910775327,2024-01-01,2025-10-06 10:50:55.337,27,5,0,0,0,0,1,0,0,0,0,1,0,0,0,0,1,0,0,0,0,0,1,0,0,0
CUS_0x36c2,97324.83,7869.4025,3,4,20,6,24,6,14.7,50,449.87,25.87103289965876,275.6631772892223,553.9835392055152,237.2935335052628,2024-01-01,2025-10-06 10:50:55.337,14,11,1,1,1,1,0,0,0,0,0,1,0,0,0,0,1,0,0,0,0,0,0,1,0,0
CUS_0x6945,17164.73,1545.394166666667,3,6,18,3,9,8,14.35,80,172.13,31.38579128041137,35.18435848320144,96.2437657992063,283.11129238425895,2024-01-01,2025-10-06 10:50:55.337,9,6,0,0,0,0,1,0,0,1,0,1,0,0,0,0,1,0,0,1,0,0,0,0,0,0
CUS_0xbf64,41122.99,3661.915833333333,2,3,7,1,7,0,4.15,60,439.94,28.26910845648,29.87624053914999,412.1423728336279,214.1729699605554,2024-01-01,2025-10-06 10:50:55.337,26,4,0,0,0,0,0,0,0,0,1,0,1,0,0,0,0,0,1,0,0,0,1,0,0,0
CUS_0x247c,119321.84,9694.486666666666,2,4,19,4,22,19,8.85,10,149.44,28.01020492116146,344.57814529285287,473.93498496317045,420.9355364106432,2024-01-01,2025-10-06 10:50:55.337,18,10,1,1,0,1,0,0,0,1,0,0,1,0,0,0,1,0,0,0,0,0,0,0,1,0
CUS_0x8fe6,19396.5,1441.375,9,10,24,5,33,21,0.0,100,2552.26,25.71202383696116,64.7118799537888,81.45645096195506,277.9691690842561,2024-01-01,2025-10-06 10:50:55.337,7,11,1,0,1,1,0,0,1,1,0,1,0,0,0,0,0,1,0,0,0,0,0,1,0,0
CUS_0x9c4b,60362.88,4916.24,7,6,19,6,50,15,32.22,130,4543.22,34.64333472788073,278.8071842089173,332.22846025731343,140.5883555337693,2024-01-01,2025-10-06 10:50:55.337,9,11,0,0,1,1,0,1,1,1,0,1,0,0,0,0,0,1,0,1,0,0,0,0,0,0
CUS_0xae98,61127.37,5337.9475,8,5,16,2,9,21,8.23,40,1232.42,36.94584836912776,92.47615943933208,329.2082196073322,372.11037095333575,2024-01-01,2025-10-06 10:50:55.337,6,4,0,0,0,1,1,0,0,0,0,1,0,0,0,0,1,0,0,1,0,0,0,0,0,0
CUS_0x6b15,88331.64,7463.97,8,5,5,0,6,8,6.1,40,791.33,29.380236476988024,0.0,445.5300426156154,580.8669573843848,2024-01-01,2025-10-06 10:50:55.337,29,10,0,0,0,0,0,0,0,0,0,0,1,0,0,1,0,0,0,0,0,0,0,1,0,0
CUS_0x49c1,39890.28,3561.19,3,5,15,6,16,10,10.34,100,264.32,22.21170132964628,149.16438431597436,288.40640093983296,208.5482147441927,2024-01-01,2025-10-06 10:50:55.337,5,9,1,0,1,1,0,0,0,0,1,1,0,0,0,0,1,0,0,0,0,0,1,0,0,0
CUS_0xaf5c,21370.185,2077.84875,0,6,1,1,7,0,2.5,70,897.82,33.03523450445182,15.563487361947224,77.67816896340818,404.5432186746448,2024-01-01,2025-10-06 10:50:55.337,17,3,0,0,0,0,0,0,0,1,0,0,1,0,0,1,0,0,0,0,0,0,1,0,0,0
CUS_0x1764,33574.44,2864.870000000001,7,7,16,520,9,18,10.05,0,79.95,37.35440120265685,109.68117153976364,194.21427323547917,262.59155522475726,2024-01-01,2025-10-06 10:50:55.337,24,10,1,1,1,1,0,0,0,0,0,0,1,0,0,0,1,0,0,0,0,0,0,1,0,0
CUS_0x66a7,36963.52,2902.293333333333,9,10,23,8,54,25,4.27,170,2518.8,30.732365783066463,203.6009926540305,177.74198464003587,168.886356039267,2024-01-01,2025-10-06 10:50:55.337,13,10,1,0,1,0,1,1,1,1,1,1,0,0,0,0,0,1,0,1,0,0,0,0,0,0
CUS_0xc393,10466.16,1080.1799999999996,8,6,15,0,56,14,15.07,100,1941.93,32.625210087148304,56.19108495026482,134.3785060810674,207.44840896866776,2024-01-01,2025-10-06 10:50:55.337,9,5,1,0,1,0,0,0,0,1,1,1,0,0,0,0,1,0,0,0,0,0,1,0,0,0
CUS_0x5bdb,7866.91,814.5758333333333,3,1498,11,7,26,2697,13.97,60,1076.09,37.383783821618685,23.926064032808227,10000.0,311.9382334129657,2024-01-01,2025-10-06 10:50:55.337,11,6,1,0,0,0,1,0,0,1,1,1,0,0,0,0,0,0,1,0,0,0,0,0,0,1
CUS_0x5d0c,52639.65,4618.6375,3,6,9,4,27,8,9.0,60,1477.09,31.765566448005885,109.95347060199984,450.01997818224123,191.89030121575902,2024-01-01,2025-10-06 10:50:55.337,10,10,0,0,1,1,0,0,1,0,1,1,0,0,0,0,1,0,0,0,0,0,1,0,0,0
CUS_0x7480,49715.68,4371.973333333333,3,5,17,0,22,8,6.93,40,1350.08,34.846363500506484,0.0,77.65412753537521,619.5432057979582,2024-01-01,2025-10-06 10:50:55.337,29,11,0,0,0,0,0,0,0,0,0,0,1,0,0,0,1,0,0,1,0,0,0,0,0,0
CUS_0x7f63,77854.26,6411.855,3,4,11,2,5,11,1.3,0,1220.31,32.963908120541504,92.7077226874598,582.8910746314092,245.5867026811312,2024-01-01,2025-10-06 10:50:55.337,22,6,0,0,0,1,0,1,0,0,0,0,1,0,0,0,0,0,1,0,0,0,0,1,0,0
CUS_0x1290,10455.875,729.3229166666665,6,5,12,3,11,19,9.71,0,83.16,29.46491266999567,25.748447656166505,24.490504377507985,302.69333963299215,2024-01-01,2025-10-06 10:50:55.337,23,3,0,0,1,1,0,0,0,1,0,0,1,0,0,1,0,0,0,0,0,0,0,1,0,0
CUS_0x323f,15620.91,1017.7425,4,6,4,0,7,1,11.17,50,814.54,28.80034369794017,0.0,97.47309211072329,294.30115788927674,2024-01-01,2025-10-06 10:50:55.337,15,10,0,0,0,0,0,0,0,0,0,0,1,0,0,1,0,0,0,0,0,0,1,0,0,0
CUS_0x7cce,29094.06,2303.505,9,10,25,4,50,17,9.45,130,1556.08,32.45452477649092,49.73700006422251,67.30487137434261,373.3086285614349,2024-01-01,2025-10-06 10:50:55.337,14,4,0,0,0,0,1,1,1,0,0,1,0,0,0,0,1,0,0,1,0,0,0,0,0,0
CUS_0xc5cc,18776.84,1650.736666666667,7,10,32,9,23,25,28.18,80,3315.01,36.85305772712228,110.20888514606168,207.8546950834089,137.0100864371961,2024-01-01,2025-10-06 10:50:55.337,8,10,1,1,1,0,1,1,0,0,1,1,0,0,0,0,0,0,1,0,0,0,1,0,0,0
CUS_0x5899,57132.48,4480.04,0,7,9,2,27,2,4.37,0,1108.63,40.621860308716656,56.6251246229785,109.73016291101271,531.6487124660089,2024-01-01,2025-10-06 10:50:55.337,15,8,1,0,0,0,0,1,0,0,0,0,1,0,0,1,0,0,0,0,1,0,0,0,0,0
CUS_0xa61a,20538.77,1957.5641666666668,8,10,23,0,15,19,3.42,60,2708.55,28.686997110995737,76.54415456179585,120.37200621942385,258.840255885447,2024-01-01,2025-10-06 10:50:55.337,12,8,0,1,0,0,1,0,1,1,0,1,0,0,0,0,0,0,1,1,0,0,0,0,0,0
CUS_0x2189,24131.57,2144.964166666666,7,7,13,2,15,10,1.51,0,1246.66,29.21938718257801,38.599643950314494,10000.0,339.07839928275115,2024-01-01,2025-10-06 10:50:55.337,17,6,0,0,0,0,0,0,1,0,1,0,1,0,0,0,1,0,0,0,0,0,1,0,0,0
CUS_0x9a0c,166658.68,14058.223333333332,5,3,12,2,1,8,9.95,10,959.2,45.64561041699243,222.28572724583728,358.3374966119412,1065.199109475555,2024-01-01,2025-10-06 10:50:55.337,22,11,0,0,0,0,1,0,0,1,0,0,1,0,0,1,0,0,0,0,0,1,0,0,0,0
CUS_0x9d09,29902.72,2676.893333333333,4,7,8,2,21,12,17.84,50,1044.88,31.48008896975174,43.67250295908273,86.88630491455612,407.1305254596945,2024-01-01,2025-10-06 10:50:55.337,32,5,0,0,0,0,1,0,0,0,0,1,0,0,0,0,0,0,1,0,0,0,0,0,1,0
CUS_0x242e,19656.51,1672.0424999999998,7,5,5,4,6,20,16.89,110,786.15,22.108556752587425,48.68909008882017,90.8290932309194,307.6860666802604,2024-01-01,2025-10-06 10:50:55.337,11,2,1,0,1,1,0,0,0,1,0,1,0,0,0,0,1,0,0,0,0,0,0,1,0,0
CUS_0x3fb4,73871.32,5985.943333333334,5,7,10,0,20,19,4.01,40,217.57,30.229471953088016,0.0,564.4773614128271,314.11697192050616,2024-01-01,2025-10-06 10:50:55.337,15,8,0,0,0,0,0,0,0,0,0,0,1,0,0,0,1,0,0,0,0,0,0,1,0,0
CUS_0x41dc,10132.985,842.4154166666667,9,7,29,7,55,24,9.8,60,1933.63,28.92901195266832,45.29827328767791,81.1302615483313,247.81300683065743,2024-01-01,2025-10-06 10:50:55.337,15,4,1,1,0,0,1,1,0,1,1,1,0,0,0,0,0,1,0,0,0,0,1,0,0,0
CUS_0x2095,73842.33,5927.5275,4,5,5,3,27,18,5.83,40,344.09,37.59178969904829,112.5848146399717,210.45036110498575,519.7175742550427,2024-01-01,2025-10-06 10:50:55.337,19,2,0,0,0,0,0,1,1,0,0,0,1,0,0,0,1,0,0,0,1,0,0,0,0,0
CUS_0x5c2f,24879.05,2085.2541666666666,3,4,11,3,15,19,16.73,60,479.64,27.751987955627783,49.10550756307451,152.5455930376207,296.87431606597147,2024-01-01,2025-10-06 10:50:55.337,9,6,0,0,1,1,0,0,0,0,0,1,0,0,0,0,1,0,0,0,0,0,1,0,0,0
CUS_0x12d1,21384.94,1646.0783333333331,4,4,15,2,24,15,14.37,90,691.53,24.884464354479032,22.09562499959782,168.24549551002502,254.2667128237105,2024-01-01,2025-10-06 10:50:55.337,27,0,0,0,1,0,0,0,0,0,1,1,0,0,0,0,1,0,0,0,0,0,0,1,0,0
CUS_0x1589,71282.14,5807.178333333332,2,4,11,1,9,4,5.98,50,1440.78,36.60865463247785,37.788866566967776,99.49426594228869,693.434700824077,2024-01-01,2025-10-06 10:50:55.337,32,11,0,0,0,0,0,0,1,0,0,0,1,0,0,1,0,0,0,0,1,0,0,0,0,0
CUS_0x2954,22443.96,2114.33,4,6,17,0,3,19,0.0,40,429.65,31.421266410185428,51.24705748411285,183.62223387658318,266.563708639304,2024-01-01,2025-10-06 10:50:55.337,7,4,1,0,0,1,0,0,1,1,0,1,0,0,0,0,1,0,0,0,0,0,1,0,0,0
CUS_0x3187,9983.345,758.9454166666666,7,11,15,5,22,16,10.26,110,1823.35,26.29494402632972,29.24151868964153,10.612907877548746,276.0401150994764,2024-01-01,2025-10-06 10:50:55.337,9,9,0,1,0,0,1,1,0,1,0,1,0,0,0,0,1,0,0,0,0,1,0,0,0,0
CUS_0x88c7,32303.73,2927.9775,4,1,5,3,14,2,7.8,10,1232.34,30.614650638236267,43.44926576939416,336.66897033290064,202.67951389770528,2024-01-01,2025-10-06 10:50:55.337,21,9,1,0,0,0,1,0,0,1,0,0,1,0,0,1,0,0,0,0,0,0,1,0,0,0
CUS_0x9a8d,144901.76,12350.146666666667,4,7,10,2,12,7,7.94,70,1365.04,38.798503929864616,170.77860550495134,1021.5327574857274,312.70330367598814,2024-01-01,2025-10-06 10:50:55.337,26,2,0,0,0,1,0,0,0,1,0,0,1,0,0,0,1,0,0,0,0,0,0,0,1,0
CUS_0x2e16,17810.5,1200.2083333333333,5,7,8,1,4,16,8.23,90,1163.48,28.753083163622907,14.205849151986213,34.80666608940186,351.00831809194534,2024-01-01,2025-10-06 10:50:55.337,32,11,0,0,0,0,0,1,0,0,0,0,1,0,0,0,0,0,1,0,0,0,0,1,0,0
CUS_0x4953,9807.79,1071.3158333333336,10,9,16,9,22,24,4.94,100,2138.8,37.23804864710068,65.11735345202348,75.60241271569292,246.41181716561695,2024-01-01,2025-10-06 10:50:55.337,16,3,0,1,1,1,0,1,0,0,1,1,0,0,0,0,0,1,0,0,0,0,0,1,0,0
CUS_0x6c17,124955.08,10233.923333333334,3,6,15,3,14,16,6.55,20,826.98,38.89562809114583,205.8336846594184,211.2015625016388,856.3570861722764,2024-01-01,2025-10-06 10:50:55.337,33,5,0,1,1,0,1,0,0,0,0,1,0,0,0,0,1,0,0,0,1,0,0,0,0,0
CUS_0x8636,101342.2,8444.183333333332,2,3,14,2,9,19,14.46,90,828.02,32.628155899604046,114.32998880155051,639.1909272082934,839.5750603644075,2024-01-01,2025-10-06 10:50:55.337,7,5,1,0,0,0,0,0,0,1,0,1,0,0,0,0,1,0,0,0,0,1,0,0,0,0
CUS_0x925d,16415.38,1314.9483333333335,6,8,16,9,17,20,0.4900000000000002,120,1644.95,38.28901297175195,95.1575344351386,145.94008876460398,180.39721013359082,2024-01-01,2025-10-06 10:50:55.337,13,8,0,1,1,0,1,1,1,1,1,1,0,0,0,0,0,0,1,0,0,0,1,0,0,0
CUS_0x3410,54834.69,4508.5575,7,6,22,6,57,15,7.49,100,2470.61,28.725042371580194,258.8627428192417,71.52634616931883,370.4666610114394,2024-01-01,2025-10-06 10:50:55.337,9,9,0,0,0,1,1,1,0,1,1,1,0,0,0,0,0,1,0,0,1,0,0,0,0,0
CUS_0x67c6,18246.25,1410.520833333333,4,4,4,2,8,7,5.46,40,845.61,31.9910821132632,25.20632569322921,181.51415399558527,224.33160364451885,2024-01-01,2025-10-06 10:50:55.337,31,11,0,0,1,1,0,0,0,0,0,0,1,0,0,1,0,0,0,0,0,0,1,0,0,0
CUS_0x8c69,9351702.0,1851.335,4,3,6,3,9,6,1.31,0,399.92,36.09663269187183,25.58028081581637,101.35383209290451,318.19938709127916,2024-01-01,2025-10-06 10:50:55.337,20,9,1,0,0,0,0,1,0,0,0,0,1,0,0,1,0,0,0,1,0,0,0,0,0,0
CUS_0x9b1f,47726.04,4007.17,7,8,18,2,16,16,12.2,140,2519.86,26.18979778686241,61.84755016490509,467.50185763839477,161.36759219670014,2024-01-01,2025-10-06 10:50:55.337,15,3,0,0,0,1,0,1,0,0,0,1,0,0,0,0,0,0,1,0,0,0,1,0,0,0
CUS_0xc222,57507.24000000001,4859.556312293305,6,6,9,6,16,19,13.24,50,1278.15,30.119916073114325,451.1472085289748,151.61217216149998,338.5813070162202,2024-01-01,2025-10-06 10:50:55.337,19,0,0,1,0,0,1,0,0,0,1,1,0,0,0,0,1,0,0,0,1,0,0,0,0,0
CUS_0x368d,104816.56,8769.713333333333,3,7,13,3,19,22,9.18,30,1220.07,33.33721698621797,192.730599929224,205.52953741648452,738.7111959876248,2024-01-01,2025-10-06 10:50:55.337,30,5,0,0,0,1,1,1,0,0,0,1,0,0,0,0,1,0,0,0,0,0,0,0,0,1
CUS_0x7b14,13966.77,943.30168134496,3,7,3,3,7,15,7.44,30,412.48,34.97837251656186,127.44773819759315,38.753704546128375,312.18412591131863,2024-01-01,2025-10-06 10:50:55.337,28,11,1,0,0,0,0,1,0,1,0,0,1,0,0,0,0,0,1,0,0,0,0,1,0,0
CUS_0x4d64,18170.075,1785.1729166666669,3,2,5,3,3,7,2.16,40,836.95,33.432312495074896,43.728461856715526,27.63830685350158,357.1505229564496,2024-01-01,2025-10-06 10:50:55.337,20,0,0,0,1,0,1,1,0,0,0,0,1,0,0,1,0,0,0,0,1,0,0,0,0,0
CUS_0x4fd8,49224.84,4225.07,8,6,26,7,41,20,7.94,110,2589.29,28.21417961085694,166.2795554778638,64.35568861619882,431.8717559059373,2024-01-01,2025-10-06 10:50:55.337,14,0,0,1,0,1,0,1,0,1,0,1,0,0,0,0,0,1,0,0,0,1,0,0,0,0
CUS_0x5ac4,19129.26,1858.105,4,3,11,0,22,10,2.76,70,421.66,25.602176800292607,0.0,65.97405663316935,399.8364433668306,2024-01-01,2025-10-06 10:50:55.337,16,0,0,0,0,0,0,0,0,0,0,0,1,0,0,0,1,0,0,0,0,0,0,1,0,0
CUS_0xb13d,73300.88,6140.406666666668,7,7,377,2,18,19,2.59,40,355.75,26.38907864606116,110.50943680719416,476.66260633542566,306.86862352404694,2024-01-01,2025-10-06 10:50:55.337,31,0,0,0,0,0,1,0,0,0,1,0,1,0,0,0,1,0,0,0,0,0,0,1,0,0
CUS_0xb556,18145.22,1459.101666666667,4,3,10,1,3,7,8.36,20,1154.49,36.4914842882058,12.843522429876922,10000.0,253.81302120793927,2024-01-01,2025-10-06 10:50:55.337,16,5,0,0,0,0,0,0,1,0,0,0,0,0,0,0,0,0,1,0,0,0,1,0,0,0
CUS_0xf9e,142475.32,12013.943333333336,8,5,11,2,23,18,1.65,30,628.57,42.34432203607079,124.40000739699708,81.77875327479893,1235.2155726615374,2024-01-01,2025-10-06 10:50:55.337,30,8,1,0,0,0,0,0,1,0,0,0,1,0,0,0,0,0,1,0,0,1,0,0,0,0
CUS_0xb6f8,37045.78,3267.148333333333,9,9,33,8,58,17,22.35,130,3462.28,39.46945122637342,31966.0,63.49071003123274,259.7949255073908,2024-01-01,2025-10-06 10:50:55.337,1,3,0,1,1,0,1,1,1,1,1,1,0,0,0,0,0,1,0,0,0,1,0,0,0,0
CUS_0x1f74,37539.84,3404.32,0,5,12,0,8,9,2.34,50,31.11,38.982106760809,0.0,41.349530387084634,549.0824696129154,2024-01-01,2025-10-06 10:50:55.337,32,7,0,0,0,0,0,0,0,0,0,0,1,0,0,1,0,0,0,0,1,0,0,0,0,0
CUS_0xb16,10302.935,949.5779166666664,3,4,12,3,20,10,7.89,20,786.85,34.59266464400457,19.157731086339,73.85987281272449,291.94018776760316,2024-01-01,2025-10-06 10:50:55.337,21,6,0,0,1,0,0,0,0,1,0,1,0,0,0,0,0,0,1,0,0,0,1,0,0,0
CUS_0x405,20942.88,1671.24,9,10,32,6,23,25,28.82,120,4247.08,22.010543863109746,64.15431186858476,52.64498049726467,310.3247076341506,2024-01-01,2025-10-06 10:50:55.337,2,6,1,0,0,0,1,1,1,1,0,0,0,0,0,0,0,1,0,1,0,0,0,0,0,0
CUS_0x999f,86765.12,7492.426666666666,3,3,10,2,18,3488,6.84,10,948.25,28.22733428291343,110.95613963602,297.44033552969603,590.8461915009508,2024-01-01,2025-10-06 10:50:55.337,20,5,0,0,1,0,0,1,0,0,0,0,1,0,0,1,0,0,0,0,0,0,0,0,0,1
CUS_0x1f43,21075.82,1701.3183333333334,8,3,10,1,14,19,8.87,20,749.5,25.271372350722523,14.229444107783712,36.34374049912316,369.55864872642644,2024-01-01,2025-10-06 10:50:55.337,16,4,0,0,0,1,0,0,0,0,0,1,0,0,0,0,0,0,1,0,1,0,0,0,0,0
CUS_0x79f7,49880.68,3936.723333333333,5,5,14,0,14,14,6.24,40,499.95,33.206523236897844,0.0,104.47019573754787,559.2021375957855,2024-01-01,2025-10-06 10:50:55.337,27,3,0,0,0,0,0,0,0,0,0,0,1,0,0,0,0,0,1,0,0,0,0,0,1,0
CUS_0x8cc5,77821.26,6619.105,1,1,12,1,12,10,5.58,30,852.73,34.11615585325677,51.5576010827491,126.27883281259922,744.0740661046516,2024-01-01,2025-10-06 10:50:55.337,32,2,0,0,0,0,0,0,1,0,0,0,1,0,0,1,0,0,0,1,0,0,0,0,0,0
CUS_0xc208,26463.44,2341.2866666666664,3,4,16,2,9,11,13.75,30,931.37,26.751923574989355,31.19911471021173,240.39975057171702,242.52980138473788,2024-01-01,2025-10-06 10:50:55.337,24,5,0,0,0,1,0,0,0,0,1,1,0,0,0,0,1,0,0,0,0,0,0,1,0,0
CUS_0x25ca,18694.99,1657.9158333333337,9,5,21,7,55,20,7.97,120,1959.49,28.90956761838764,100.2224655462545,86.12193884318312,239.4471789438957,2024-01-01,2025-10-06 10:50:55.337,10,8,1,1,0,0,0,0,1,1,0,0,0,0,0,0,0,1,0,1,0,0,0,0,0,0
CUS_0x7011,16945.21,1157.1008333333332,7,7,17,2,48,25,8.66,60,1286.12,25.643451394324337,27.211883562539214,92.69436698321364,285.8038327875805,2024-01-01,2025-10-06 10:50:55.337,19,8,0,0,1,0,0,1,0,0,0,1,0,0,0,0,0,1,0,0,0,0,1,0,0,0
CUS_0x7015,8057.43,561.4525,4,9,17,6,27,13,13.12,110,1452.74,34.357656897896746,37.002055026919415,54.142289980285966,255.0009049927946,2024-01-01,2025-10-06 10:50:55.337,19,4,1,1,1,0,1,0,1,0,0,1,0,0,0,0,1,0,0,0,0,0,1,0,0,0
CUS_0x9769,14331.65,1392.3041666666666,8,6,9,2,24,22,9.01,0,1422.19,21.88778648112216,20.055595657482534,158.82037529245028,250.35444571673386,2024-01-01,2025-10-06 10:50:55.337,27,2,0,0,1,1,0,0,0,0,0,1,0,0,0,0,1,0,0,0,0,0,1,0,0,0
CUS_0x9493,142177.84,11947.153333333335,5,1,12,3,19,7,2.41,20,483.13,27.677208979315576,322.87607996147136,467.6140828227542,654.2251705491077,2024-01-01,2025-10-06 10:50:55.337,17,7,0,1,0,0,0,1,1,0,0,0,1,0,0,1,0,0,0,0,1,0,0,0,0,0
CUS_0xab77,41736.66,3330.0550000000007,3,3,9,0,9,2,5.25,10,1385.82,25.072910865152103,98.01563850874616,74.83294506394769,420.1569164273062,2024-01-01,2025-10-06 10:50:55.337,18,8,0,1,0,1,0,0,0,1,0,0,1,0,0,1,0,0,0,1,0,0,0,0,0,0
CUS_0x542d,14540.485,1279.7070833333337,2,4,3,2,13,8,15.9,50,1408.37,26.41735940434728,18.267032211135582,51.035661656857826,237.89476156544328,2024-01-01,2025-10-06 10:50:55.337,25,6,0,1,0,0,1,0,0,0,0,0,0,0,0,1,0,0,0,0,0,0,0,0,0,1
CUS_0x7755,22313.78,1936.4816666666663,1,3,1,0,0,2943,10.16,60,904.47,24.612084189965763,0.0,152.1661268059286,321.48203986073804,2024-01-01,2025-10-06 10:50:55.337,24,2,0,0,0,0,0,0,0,0,0,0,0,0,0,1,0,0,0,0,0,0,0,1,0,0
CUS_0x38e0,42395.16,3491.9300000000007,1,5,8,4,2,2,9.4,20,940.91,38.78896882108466,135.01868326913842,64.31616222431902,389.8581545065426,2024-01-01,2025-10-06 10:50:55.337,16,4,1,0,0,0,0,0,1,0,1,0,1,0,0,0,0,0,1,0,0,1,0,0,0,0
CUS_0x5f3f,18192.4,1473.0333333333335,9,7,29,7,32,22,0.7400000000000002,110,2557.77,37.39551802571141,94.4966945493272,120.73526985978266,202.07136892422352,2024-01-01,2025-10-06 10:50:55.337,20,1,1,0,1,1,0,0,1,0,1,1,0,0,0,0,0,0,1,0,0,0,0,0,1,0
CUS_0x6826,107765.7,8982.475,7,5,7,4,22,9,3.25,60,1134.39,32.260378790023786,261.2601642072028,179.0590901503404,697.9282456424568,2024-01-01,2025-10-06 10:50:55.337,28,8,0,1,0,0,0,0,1,0,1,0,1,0,0,0,1,0,0,0,0,1,0,0,0,0
CUS_0x86e7,18600.88,1386.0733333333335,5,6,5,6,15,16,19.71,90,2428.25,25.5035062030346,73.88978185280487,49.82465235964869,284.8928991208798,2024-01-01,2025-10-06 10:50:55.337,14,9,1,0,1,1,1,0,1,1,0,1,0,0,0,0,1,0,0,0,0,0,0,0,1,0
CUS_0x2e8d,57396.72,5074.06,3,3,13,2,9,9,11.8,40,351.72,28.14586242869463,61.01002645146404,553.2170852058491,183.17888834268692,2024-01-01,2025-10-06 10:50:55.337,23,0,1,0,0,1,0,0,0,0,0,0,0,0,0,0,0,0,1,0,0,0,1,0,0,0
CUS_0x1550,48996.08,3799.006666666666,5,7,12,4,27,16,13.31,10,285.29,34.083763774388544,135.68369198413714,238.83092179409192,265.3860528884376,2024-01-01,2025-10-06 10:50:55.337,18,3,0,0,1,1,0,0,0,1,0,1,0,0,0,0,1,0,0,1,0,0,0,0,0,0
CUS_0x1feb,31254.23,2665.5191666666665,0,6,4,4,12,2,9.94,60,783.52,36.80974643979841,74.50361697815286,340.98734154264736,141.06095814586644,2024-01-01,2025-10-06 10:50:55.337,30,2,1,0,1,0,1,0,0,0,1,0,1,0,0,1,0,0,0,0,0,0,1,0,0,0
CUS_0x7878,28665.76,2582.813333333333,7,3,713,1,16,10,4.32,0,1237.46,33.53347692686574,22.68817757992469,175.79261437685767,349.8005413765509,2024-01-01,2025-10-06 10:50:55.337,24,10,0,0,0,0,0,0,0,0,1,0,1,0,0,0,0,0,1,0,0,0,1,0,0,0
CUS_0x8125,118036.28,9899.356666666668,3,4,13,3,9,20,16.74,90,175.4,32.79766623121642,233.0884415404762,389.03727681295686,617.8099483132337,2024-01-01,2025-10-06 10:50:55.337,19,5,0,0,0,0,0,0,1,1,0,0,0,0,0,0,1,0,0,0,1,0,0,0,0,0
CUS_0x5082,11586.36,1141.5300000000002,5,5,17,2,25,11,16.03,60,1269.23,34.245475538968016,38904.0,114.22513606999405,279.0696585991309,2024-01-01,2025-10-06 10:50:55.337,18,3,1,0,1,0,0,0,0,0,0,1,0,0,0,0,1,0,0,0,0,0,1,0,0,0
CUS_0xb1e1,39242.58,3332.215,10,8,27,5,41,16,28.91,80,3861.66,33.82698792920961,110.11908972966071,174.2551717151321,328.84723855520724,2024-01-01,2025-10-06 10:50:55.337,6,9,1,0,0,1,0,0,1,0,1,1,0,0,0,0,0,0,1,0,0,0,0,1,0,0
CUS_0x4ac2,10100.48,1129.7066666666665,9,10,29,7,21,19,9.89,110,4336.68,34.0994137473316,32.909216865382234,32.01526524220879,308.04618455907564,2024-01-01,2025-10-06 10:50:55.337,13,0,0,1,0,0,1,0,1,1,0,1,0,0,0,0,0,1,0,1,0,0,0,0,0,0
CUS_0x5bb9,8086.58,823.8816666666668,2,7,22,2,10,23,9.55,120,2468.2,29.778668165858875,7.913043411570557,44.69730712442024,299.7778161306759,2024-01-01,2025-10-06 10:50:55.337,10,2,0,0,1,0,0,0,1,0,0,1,0,0,0,0,1,0,0,0,0,0,0,0,1,0
CUS_0x61a4,32853.06,2929.755,8,910,33,6,43,24,26.66,90,3178.65,38.74871764634901,102.577142204065,10000.0,354.8156443497242,2024-01-01,2025-10-06 10:50:55.337,12,0,0,0,1,0,1,1,1,0,1,1,0,0,0,0,0,0,1,0,0,1,0,0,0,0
CUS_0x2af3,80442.28,6995.5233333333335,8,7,21,9,27,20,19.33,100,2738.93,34.7934431097845,374.6506221595608,456.56839384011863,148.33331733365395,2024-01-01,2025-10-06 10:50:55.337,1,4,0,1,1,0,1,1,1,1,1,1,0,0,0,0,0,1,0,0,0,0,0,1,0,0
CUS_0x332e,35681.42,2918.4516666666664,4,4,6,2,15,8,10.32,20,133.3,26.62207555988972,53.778691638382384,70.4850549733929,437.58142005489134,2024-01-01,2025-10-06 10:50:55.337,24,11,0,0,0,0,0,0,0,1,1,0,1,0,0,0,1,0,0,0,0,0,0,0,1,0
CUS_0x634d,17594.015,1485.4412227482226,0,3,11,0,2,10,8.52,50,576.75,27.172774786968244,171.72669391844386,34.15410804668619,381.5626836199805,2024-01-01,2025-10-06 10:50:55.337,28,6,0,0,0,0,0,0,0,0,0,0,1,0,0,1,0,0,0,0,1,0,0,0,0,0
CUS_0x6fbe,27032.89,1985.740833333333,6,4,17,3,15,20,12.61,70,1181.93,24.87190015954331,55.0810367477324,252.4140070912557,181.07903949434518,2024-01-01,2025-10-06 10:50:55.337,25,4,0,1,0,0,0,1,0,0,1,1,0,0,0,0,1,0,0,0,0,0,0,0,0,1
CUS_0x71ca,20062.49,1908.874166666667,10,5,18,7,45,25,21.07,110,3212.49,25.646305280568534,67.00738512125604,66.1938885472753,327.6861429981354,2024-01-01,2025-10-06 10:50:55.337,12,2,0,1,1,0,0,0,1,1,1,1,0,0,0,0,0,1,0,0,0,0,0,0,1,0
CUS_0x5044,16406.08,1604.1733333333334,5,5,16,3,22,17,0.0,100,1618.94,27.717499784494947,34.194042846844894,114.33897824310844,281.88431224337995,2024-01-01,2025-10-06 10:50:55.337,7,2,0,0,1,0,0,1,0,1,0,1,0,0,0,0,0,0,1,0,0,0,0,0,1,0
CUS_0x8a68,44456.6,3628.716666666666,4,3,6,2,2,11,2.25,40,1181.27,29.672384249650893,42123.0,125.39526312258724,453.6281464377916,2024-01-01,2025-10-06 10:50:55.337,17,5,0,0,0,0,1,1,0,0,0,0,1,0,0,0,0,0,1,1,0,0,0,0,0,0
CUS_0x9fe6,8675.57,994.9641666666664,6,6,18,8,38,17,19.53,110,2502.15,36.582262062856735,38.19344290817073,18.772016251801293,282.5309575066947,2024-01-01,2025-10-06 10:50:55.337,10,10,1,1,0,1,1,1,1,0,0,1,0,0,0,0,0,1,0,0,0,1,0,0,0,0
CUS_0x1942,83800.56,7269.38,3,3,5,2,7,11,9.41,19670,836.69,33.561374719336044,117.35085786950889,294.66107669762073,604.9260654328705,2024-01-01,2025-10-06 10:50:55.337,20,9,0,0,0,0,1,1,0,0,0,1,0,0,0,0,1,0,0,0,0,0,1,0,0,0
CUS_0x4dde,63461.28,5109.44,3,4,6,4,6,15,13.39,60,1266.31,24.1036234165136,176.63696543786395,208.14398660221264,396.1630479599234,2024-01-01,2025-10-06 10:50:55.337,11,11,1,0,1,0,0,0,0,1,1,1,0,0,0,0,1,0,0,0,0,0,0,0,1,0
CUS_0x90f,63455.10000000001,5327.925,4,6,16,4,29,15,9.3,50,419.67,31.917289756297635,205.60914956417065,147.4985687541686,429.68478168166087,2024-01-01,2025-10-06 10:50:55.337,18,0,1,1,1,0,0,0,0,0,1,1,0,0,0,0,0,0,1,0,1,0,0,0,0,0
CUS_0x9e50,31633.94,2729.1616666666664,9,6,26,5,23,18,9.21,80,1988.02,32.582338536585915,73.63276721552037,110.14302101410955,369.14037843703665,2024-01-01,2025-10-06 10:50:55.337,18,2,0,0,1,0,0,0,1,1,1,1,0,0,0,0,0,0,1,0,0,0,0,0,0,1
CUS_0xa3db,18290.03,1454.1691666666666,8,7,16,5,34,20,16.61,130,4107.9,26.74420226966396,66.31045608012822,80.96884175840167,288.13761882813674,2024-01-01,2025-10-06 10:50:55.337,13,0,1,0,1,0,0,1,0,0,0,1,0,0,0,0,0,0,1,0,0,0,1,0,0,0
CUS_0x52c2,113637.69,9620.8075,4,6,4,2,0,10,7.27,0,23.94,26.686651187113533,139.97007583212422,710.3110189726297,381.799655195246,2024-01-01,2025-10-06 10:50:55.337,30,5,1,0,0,0,0,0,1,0,0,0,1,0,0,1,0,0,0,0,0,0,0,0,1,0
CUS_0x2059,121503.72,10000.31,4,6,3,2,14,1,2.14,20,128.68,38.36845078017232,189.11931899522983,1093.9198185837906,6.991862420979488,2024-01-01,2025-10-06 10:50:55.337,33,7,0,0,0,0,0,0,1,1,0,0,1,0,0,0,0,0,1,0,0,0,1,0,0,0
CUS_0x50e6,31819.53,2414.6275,3,3,6,0,10,12,2.67,40,529.01,36.29177329297297,0.0,46.49371538917683,434.9690346108232,2024-01-01,2025-10-06 10:50:55.337,31,8,0,0,0,0,0,0,0,0,0,0,1,0,0,1,0,0,0,0,0,1,0,0,0,0
CUS_0x673c,1.4744056E7,4976.0250000000015,5,4,12,4,12,11,4.04,30,286.92,40.77424977299528,150.95015662497303,271.05493574820343,345.59740762682367,2024-01-01,2025-10-06 10:50:55.337,24,5,0,0,0,1,1,1,0,0,0,0,1,0,0,1,0,0,0,0,0,0,0,0,1,0
CUS_0x8559,95295.57,7943.2975,6,6,3,0,11,17,11.14,10,406.93,39.77192146513752,0.0,457.21921800905466,607.1105319909453,2024-01-01,2025-10-06 10:50:55.337,24,9,0,0,0,0,0,0,0,0,0,0,1,0,0,1,0,0,0,0,0,0,0,0,1,0
CUS_0xc1ce,18721.87,1740.155833333333,8,5,18,5,15,20,17.91,60,1677.67,30.62221539663588,46.0489414473637,46.56631883400359,361.4003230519661,2024-01-01,2025-10-06 10:50:55.337,14,9,0,1,1,0,0,0,1,0,1,1,0,0,0,0,1,0,0,0,0,0,0,1,0,0
CUS_0xc633,26686.14,2284.845,4,6,19,6,6,11,13.81,80,220.17,25.91849365603951,81.39258258620845,153.19608407676148,263.89583333703,2024-01-01,2025-10-06 10:50:55.337,8,10,0,0,0,0,1,0,1,0,0,1,0,0,0,0,0,0,1,0,0,0,0,0,1,0
CUS_0x805b,37618.3,3285.8583333333336,4,7,3,3,14,4,0.85,40,821.6,30.852006731778214,79.9390179626833,129.08593214086235,379.5608832297877,2024-01-01,2025-10-06 10:50:55.337,31,2,0,0,1,0,0,0,0,0,1,0,1,0,0,0,0,0,1,1,0,0,0,0,0,0
CUS_0xbd57,108223.71,7841.023964489806,1,7,2,1,5,10,10.54,10,1044.63,33.499817824393695,1095.265875892289,208.84757715663383,856.9693324612718,2024-01-01,2025-10-06 10:50:55.337,30,5,0,0,0,0,0,0,1,0,0,0,0,0,0,0,0,0,1,0,0,1,0,0,0,0
CUS_0x1e2d,10967.735,738.9779166666667,334,6,5,0,9,15,19.36,0,1314.16,25.017048337237338,0.0,37.31170750109189,296.5860841655748,2024-01-01,2025-10-06 10:50:55.337,28,6,0,0,0,0,0,0,0,0,0,1,0,0,0,0,1,0,0,1,0,0,0,0,0,0
CUS_0x54a8,1.6055942E7,1843.9783333333328,8,3,32,2,7,9,9.79,130,1737.35,30.65915158336825,21.59014347532973,97.3540420611517,355.45364779685195,2024-01-01,2025-10-06 10:50:55.337,11,6,0,0,0,0,0,0,1,1,0,1,0,0,0,0,1,0,0,0,0,0,1,0,0,0
CUS_0xa8ab,9956.91,575.7425,10,7,26,5,44,17,21.3,120,4365.28,35.39365840399544,27.10831559191361,57.5589100851107,262.9070243229757,2024-01-01,2025-10-06 10:50:55.337,0,10,1,1,1,0,0,0,0,0,0,0,0,0,0,0,0,1,0,0,0,0,1,0,0,0
CUS_0x198e,18140.0,1375.666666666667,9,5,32,6,60,24,19.63,120,4087.94,25.802092498680224,87.6626413880314,82.16530473152973,257.7387205471056,2024-01-01,2025-10-06 10:50:55.337,12,11,1,1,1,0,0,1,1,1,0,1,0,0,0,0,0,0,1,0,0,0,1,0,0,0
CUS_0xa9ca,7599.035,898.2529166666667,7,9,27,146,35,20,3.48,70,2198.82,36.2572901935744,29.395522028618306,67.99418120826606,262.4355884297824,2024-01-01,2025-10-06 10:50:55.337,17,11,1,0,1,1,0,0,1,1,0,1,0,0,0,0,0,1,0,0,0,0,0,0,1,0
CUS_0xb171,9269.99,598.4991666666666,3,6,24,2,12,19,10.24,80,1963.61,24.39832347793428,10.516560029118576,39.48486172045045,269.84849491709764,2024-01-01,2025-10-06 10:50:55.337,12,8,0,1,0,0,0,0,1,0,0,1,0,0,0,0,1,0,0,1,0,0,0,0,0,0
CUS_0x50e9,59650.23,4677.8525,5,7,15,6,7,12,10.89,120,1294.13,28.81345204827149,250.60799930480067,179.61846944861907,287.5587812465802,2024-01-01,2025-10-06 10:50:55.337,7,0,1,1,0,1,1,0,0,0,1,1,0,0,0,0,1,0,0,0,0,0,0,0,0,1
CUS_0x7ad9,69082.12,5567.843333333332,3,3,33,3,11,13,16.08,60,1467.48,29.129781430993408,119.4617547662783,584.8481609450757,142.47441762197926,2024-01-01,2025-10-06 10:50:55.337,11,4,0,0,1,0,1,0,0,0,1,1,0,0,0,0,1,0,0,0,0,0,1,0,0,0
CUS_0x41e8,30693.42,2474.785,6,9,30,8,37,21,23.04,90,3844.13,26.007087251071862,136.23441464956213,165.1362419262732,216.10784342416463,2024-01-01,2025-10-06 10:50:55.337,7,11,0,0,1,0,1,1,1,0,1,1,0,0,0,0,0,0,1,0,0,0,0,0,1,0
CUS_0x58cd,108205.0,9019.083333333334,3,7,7,6,32,6,13.44,4850,872.45,39.91039635615064,298.9391026806992,117.069929633026,725.8993010196083,2024-01-01,2025-10-06 10:50:55.337,15,8,1,0,0,1,1,1,1,1,0,1,0,0,0,0,1,0,0,0,0,0,0,0,0,1
CUS_0xbd2d,22292.16,1560.68,5,5,14,0,27,17,11.55,60,1143.8,24.244124654809088,0.0,145.1597350620884,254.44170479977254,2024-01-01,2025-10-06 10:50:55.337,20,2,0,0,0,0,0,0,0,0,0,0,1,0,0,0,1,0,0,0,0,0,1,0,0,0
CUS_0x70ac,50814.28,4517.5233333333335,3,7,2,0,13,10,4.06,30,612.46,34.12662311069162,0.0,55.443107672729866,636.3092256606035,2024-01-01,2025-10-06 10:50:55.337,21,8,0,0,0,0,0,0,0,0,0,0,1,0,0,1,0,0,0,0,0,1,0,0,0,0
CUS_0x8991,148786.04,12492.836666666668,4,4,4,3,11,10,10.71,20,399.45,28.351134032782287,237.4135108898016,282.2925079168505,969.5776478600148,2024-01-01,2025-10-06 10:50:55.337,24,4,1,1,0,1,0,0,0,0,0,0,1,0,0,1,0,0,0,0,0,1,0,0,0,0
CUS_0xb7fb,16752.69,1666.0575,8,6,26,6,33,22,6.88,130,2410.07,28.957170476581265,73.69989743550289,67.24878743274773,275.65706513174945,2024-01-01,2025-10-06 10:50:55.337,7,4,0,0,1,0,1,1,1,0,1,1,0,0,0,0,0,1,0,0,1,0,0,0,0,0
CUS_0xbda,58644.12,5014.01,6,5,21,2,27,15,14.5,110,2160.81,32.443746180244304,60.874830921193215,79.05500172118114,601.4711673576257,2024-01-01,2025-10-06 10:50:55.337,19,1,0,0,1,0,0,0,0,0,0,1,0,0,0,0,0,1,0,0,0,1,0,0,0,0
CUS_0x40bd,110443.2,9398.6,8,3,8,2,29,15,11.16,50,1330.29,34.58468914297151,183.6849156176276,65.36942551922817,930.8056588631443,2024-01-01,2025-10-06 10:50:55.337,31,9,0,1,0,1,0,0,0,0,0,1,0,0,0,0,1,0,0,0,0,1,0,0,0,0
CUS_0x585c,16154.255,1506.1879166666663,6,3,7,3,9,17,5.11,50,1232.63,32.58308681290898,24.02784248727432,51.69708013131178,364.8938690480806,2024-01-01,2025-10-06 10:50:55.337,17,9,0,0,0,1,0,0,1,0,1,1,0,0,0,0,1,0,0,0,0,0,1,0,0,0
