Customer_ID,Annual_Income,Monthly_Inhand_Salary,Num_Bank_Accounts,Num_Credit_Card,Interest_Rate,Num_of_Loan,Delay_from_due_date,Num_of_Delayed_Payment,Changed_Credit_Limit,Num_Credit_Inquiries,Outstanding_Debt,Credit_Utilization_Ratio,Total_EMI_per_month,Amount_invested_monthly,Monthly_Balance,snapshot_date,_ingested_at_utc,credit_history_age_year,credit_history_age_month,mortgage_loan,auto_loan,credit_builder_loan,personal_loan,not_specified,student_loan,home_equity_loan,payday_loan,debt_consolidation_loan,ohe__payment_of_min_amount__yes,ohe__payment_of_min_amount__no,ohe__payment_of_min_amount__nm,ohe__payment_of_min_amount__unknown,ohe__credit_mix__good,ohe__credit_mix__standard,ohe__credit_mix__bad,ohe__credit_mix__unknown,ohe__payment_behaviour__high_spent_small_value_payments,ohe__payment_behaviour__high_spent_medium_value_payments,ohe__payment_behaviour__high_spent_large_value_payments,ohe__payment_behaviour__low_spent_small_value_payments,ohe__payment_behaviour__low_spent_medium_value_payments,ohe__payment_behaviour__low_spent_large_value_payments,ohe__payment_behaviour__unknown
CUS_0x37cd,15916.47,1317.3725,3,6,9,4,18,20,10.05,60,1322.7,24.69773442823213,40.62841199099505,104.48424390306884,266.62459410593607,2023-02-01,2025-10-06 10:48:44.104,12,11,0,0,0,1,0,1,0,0,1,1,0,0,0,0,0,0,1,0,0,0,0,1,0,0
CUS_0x5235,34666.02,2946.835,8,6,25,4,22,17,7.06,80,1353.07,35.02100786260468,70.95007660242807,377.14742033254623,136.58600306502566,2023-02-01,2025-10-06 10:48:44.104,10,8,0,0,0,0,1,0,0,1,1,1,0,0,0,0,0,1,0,0,0,0,1,0,0,0
CUS_0x5cb9,133581.15000000002,11103.762500000004,0,6,11,3,4,9,4.91,0,450.79,33.49045314184997,225.40893624186657,1092.236255030187,72.73105872794667,2023-02-01,2025-10-06 10:48:44.104,24,8,0,0,1,1,0,1,0,0,0,0,0,0,0,1,0,0,0,0,0,0,0,1,0,0
CUS_0xbaf4,18268.61,1317.3841666666667,3,4,6,4,24,14,11.05,60,393.05,31.81597585700432,42.07877620917242,50.857901685107315,308.80173877238695,2023-02-01,2025-10-06 10:48:44.104,25,10,1,1,0,0,0,0,0,1,1,1,0,0,0,0,1,0,0,0,0,0,0,0,1,0
CUS_0xbff1,20817.455,1657.787916666667,5,3,10,4,1,0,1.52,30,691.9,36.21919039079432,44.94859543013903,132.01132204190068,258.81887419462697,2023-02-01,2025-10-06 10:48:44.104,29,0,1,1,0,0,1,0,1,0,0,0,1,0,0,1,0,0,0,0,0,0,0,0,1,0
CUS_0x160a,18094.55,1570.8791666666666,9,10,18,7,37,19,28.47,120,2673.3,26.329134624010123,99.26816949411078,10.799854558594637,287.01989261396125,2023-02-01,2025-10-06 10:48:44.104,8,3,1,1,1,0,1,0,0,0,1,0,0,0,0,0,0,1,0,0,0,1,0,0,0,0
CUS_0x1e5e,28501.86,2395.155,4,2,10,2,5,0,10.78,0,1045.3,25.9918493792884,29.153764836212968,154.94351572881854,335.4182194349685,2023-02-01,2025-10-06 10:48:44.104,24,5,0,1,0,0,0,0,1,0,0,0,1,0,0,1,0,0,0,0,0,0,0,1,0,0
CUS_0x432,14180.48,956.7066666666668,6,7,21,6,49,17,27.69,100,3229.56,37.081252147422965,50.0507587287941,124.18117992431813,211.43872801355445,2023-02-01,2025-10-06 10:48:44.104,13,5,1,1,1,1,0,1,0,0,0,1,0,0,0,0,0,1,0,0,0,0,1,0,0,0
CUS_0x5a7d,33694.79,2999.899166666666,8,3,20,3,10,3099,4.82,10,472.42,32.34638569577509,65.81273941008239,241.34394569494947,262.8332315616349,2023-02-01,2025-10-06 10:48:44.104,16,0,1,0,0,1,0,0,1,0,0,0,1,0,0,0,1,0,0,0,0,0,0,0,1,0
CUS_0x5d4c,61314.12,5279.51,0,3,8,3,4,1,0.0,40,829.54,29.03505993601353,92.42191119995042,71.54109454812813,603.9879942519215,2023-02-01,2025-10-06 10:48:44.104,20,1,0,0,0,0,1,0,0,1,0,0,1,0,0,1,0,0,0,0,0,1,0,0,0,0
CUS_0x83cc,125047.24,10682.603333333334,2,5,9,0,11,4,7.83,22080,1223.02,32.62561254905799,0.0,1106.690580089283,930.5993937378283,2023-02-01,2025-10-06 10:48:44.104,27,5,0,0,0,0,0,0,0,0,0,0,1,0,0,1,0,0,0,0,0,0,0,1,0,0
CUS_0x2bc9,37819.13,3185.5941666666663,0,3,1,4,9,1,7.63,10,754.73,24.55852361035385,79.44872834098895,252.0297495548122,257.08093877086554,2023-02-01,2025-10-06 10:48:44.104,27,8,1,0,0,0,0,0,0,1,0,0,1,0,0,1,0,0,0,0,0,0,0,0,1,0
CUS_0x79dd,73409.8,6202.483333333334,7,9,18,3,21,11,18.13,100,2529.51,24.30089963921177,91.9408231701444,770.566099285304,47.74141087788507,2023-02-01,2025-10-06 10:48:44.104,18,9,0,1,0,0,0,1,0,0,0,1,0,0,0,0,1,0,0,0,0,0,1,0,0,0
CUS_0x1c61,96540.69,8068.0575,4,3,9,0,9,2,6.39,70,582.53,28.032710976970957,0.0,108.69075473721695,948.114995262783,2023-02-01,2025-10-06 10:48:44.104,15,10,0,0,0,0,0,0,0,0,0,0,1,0,0,1,0,0,0,0,1,0,0,0,0,0
CUS_0x3033,97635.87,6907.982008755577,3,4,12,3,18,11,7.17,40,1298.97,35.302763767556456,1203.2061418751962,798.2883353663057,67.5782640029197,2023-02-01,2025-10-06 10:48:44.104,25,11,0,1,0,1,0,1,0,0,0,0,1,0,0,1,0,0,0,0,0,0,1,0,0,0
CUS_0x48a4,133779.72,10995.31,0,5,2,1,8,0,8.06,20,891.64,30.88234318839052,92.93776255623916,239.67277779892518,1026.9204596448358,2023-02-01,2025-10-06 10:48:44.104,32,6,0,0,0,0,0,0,0,0,1,0,1,0,0,1,0,0,0,1,0,0,0,0,0,0
CUS_0x74d2,21205.82,1880.1516666666664,3,3,3,0,11,5,10.72,30,848.17,39.51519016209603,0.0,80.63337454602299,397.3817921206437,2023-02-01,2025-10-06 10:48:44.104,23,11,0,0,0,0,0,0,0,0,0,0,1,0,0,1,0,0,0,0,0,0,1,0,0,0
CUS_0xbb95,61600.83,5313.4025,7,7,16,3,15,14,18.46,50,2062.09,39.93600695232476,125.50502172550163,580.7970227287626,115.03820554573582,2023-02-01,2025-10-06 10:48:44.104,19,4,0,0,0,1,0,0,1,0,0,1,0,0,0,0,0,0,1,0,0,0,1,0,0,0
CUS_0x5268,21818.285,1874.1904166666664,2,2,12,2,1,6,7.53,30,818.31,25.63188671547741,30.133133223380646,36.23345015002962,361.0524582932564,2023-02-01,2025-10-06 10:48:44.104,25,2,0,0,0,0,0,1,0,0,0,0,1,0,0,1,0,0,0,0,0,1,0,0,0,0
CUS_0xa980,70360.58,6051.381666666667,3,6,12,1,10,7,1.15,20,946.96,40.06863539093811,50.41366815207561,638.6316912299537,206.0928072846373,2023-02-01,2025-10-06 10:48:44.104,18,2,0,0,0,0,0,0,0,1,0,0,1,0,0,1,0,0,0,0,0,0,1,0,0,0
CUS_0x6a4b,22115.475,1830.95625,4,6,1,2,13,13,11.25,50,510.55,32.40940006802644,29.429948902326306,44.093789732323586,379.5718863653501,2023-02-01,2025-10-06 10:48:44.104,22,8,0,0,0,0,0,1,1,0,0,0,1,0,0,1,0,0,0,0,0,0,0,0,1,0
CUS_0x3a28,8833.225,956.1020833333332,10,7,23,5,54,19,1.63,140,2987.52,37.4366216717641,34.61951805707215,44.44896764396517,286.541722632296,2023-02-01,2025-10-06 10:48:44.104,8,0,0,1,1,1,0,0,0,1,0,1,0,0,0,0,0,1,0,0,0,0,0,0,1,0
CUS_0x4d35,29988.93,2753.0775,5,5,3,0,2,9,3.28,50,1253.79,23.128665845083543,52.585474436871216,253.12914833341372,259.59312722971504,2023-02-01,2025-10-06 10:48:44.104,22,9,1,1,1,0,0,0,0,0,1,0,1,0,0,1,0,0,0,0,0,0,1,0,0,0
CUS_0x135c,134947.24,11293.603333333333,933,6,16,4,6,18,8.34,60,1085.51,35.1303232968842,321.22565550471273,362.67251475022414,695.4621630783964,2023-02-01,2025-10-06 10:48:44.104,19,2,0,0,0,1,1,0,1,0,1,1,0,0,0,0,1,0,0,0,1,0,0,0,0,0
CUS_0xc195,81842.52,6733.21,6,6,18,7,50,19,30.98,120,3127.09,39.96563967303421,322.07659897858457,122.31687612157887,478.9275248998367,2023-02-01,2025-10-06 10:48:44.104,11,11,1,0,0,0,1,1,1,1,1,0,0,0,0,0,0,1,0,0,1,0,0,0,0,0
CUS_0x21b6,33057.46,2836.788333333333,4,3,12,2,27,10,7.08,40,954.98,34.2120594061438,28.90233878530513,191.6853150883739,323.0911794596543,2023-02-01,2025-10-06 10:48:44.104,32,6,0,0,0,1,0,0,0,1,0,0,1,0,0,0,1,0,0,1,0,0,0,0,0,0
CUS_0x7d6,7885.605,554.13375,8,7,23,5,46,23,1.64,120,1334.09,31.153816972492685,30.600628284496374,56.29046543970564,258.522281275798,2023-02-01,2025-10-06 10:48:44.104,10,3,0,1,0,0,0,0,0,1,1,1,0,0,0,0,0,1,0,0,0,0,1,0,0,0
CUS_0xb936,34898.52,2923.21,3,5,15,6,13,16,10.83,40,1552.71,26.74350836232148,91.84864713238971,115.2139079460384,345.2584449215719,2023-02-01,2025-10-06 10:48:44.104,14,11,0,1,0,1,1,1,0,0,0,1,0,0,0,0,1,0,0,1,0,0,0,0,0,0
CUS_0x27ae,120061.95,9477.501739006791,3,5,9,2,13,7,5.39,60,803.03,32.20067459006604,592.2976884230274,854.4697650099974,283.3095575601826,2023-02-01,2025-10-06 10:48:44.104,24,2,0,0,0,1,0,0,0,0,1,0,1,0,0,1,0,0,0,0,0,0,0,1,0,0
CUS_0x3c82,26877.26,2081.7716666666665,4,6,12,0,13,12,10.65,20,274.99,40.27056800233424,0.0,196.990047011425,301.1871196552417,2023-02-01,2025-10-06 10:48:44.104,23,6,0,0,0,0,0,0,0,0,0,1,0,0,0,0,1,0,0,0,0,0,1,0,0,0
CUS_0x532d,2.240988E7,2342.3566666666666,5,3,4,4,0,1,6.94,20,1483.59,34.95902065035201,98.46945407671916,287.6464316728297,138.1197809171178,2023-02-01,2025-10-06 10:48:44.104,32,0,1,0,1,0,0,0,0,0,0,0,1,0,0,1,0,0,0,0,0,0,1,0,0,0
CUS_0x38b0,80411.04000000001,6694.920000000001,8,4,11,1,14,10,5.71,50,1413.55,31.762200295090334,65.7390498502761,159.83622443291358,683.9167257168106,2023-02-01,2025-10-06 10:48:44.104,15,10,0,0,0,0,0,0,0,1,0,0,1,0,0,1,0,0,0,0,0,1,0,0,0,0
CUS_0x9c59,10568.51,1176.7091666666663,4,6,8,0,17,20,7.15,70,1062.67,23.35725157922771,0.0,115.56649827409154,292.1044183925751,2023-02-01,2025-10-06 10:48:44.104,16,2,0,0,0,0,0,0,0,0,0,1,0,0,0,0,1,0,0,0,0,0,1,0,0,0
CUS_0x10aa,114432.03,9272.0025,1,2,7,0,9,9,7.98,40,444.51,39.01478410347445,0.0,101.64930256046962,1065.5509474395303,2023-02-01,2025-10-06 10:48:44.104,21,6,0,0,0,0,0,0,0,0,0,0,1,0,0,1,0,0,0,0,0,1,0,0,0,0
CUS_0x22bc,21129.11,1852.759166666667,5,5,6,0,22,2801,5.91,10,886.72,38.71219764656697,0.0,163.91552246043815,311.3603942062285,2023-02-01,2025-10-06 10:48:44.104,21,9,0,0,0,0,0,0,0,0,0,0,1,0,0,0,0,0,1,0,0,0,1,0,0,0
CUS_0x5b62,31454.22,2618.185,7,8,28,6,26,22,18.63,80,1996.6,38.770834273008944,47104.0,47.517314427324635,312.91947062899794,2023-02-01,2025-10-06 10:48:44.104,11,4,1,0,1,1,0,0,1,0,1,1,0,0,0,0,0,1,0,0,0,1,0,0,0,0
CUS_0x65aa,16826.495,1555.2079166666665,5,7,20,0,26,18,7.119999999999999,80,464.4,38.28660990684732,39.67181440373015,83.99733337071838,321.85164389221814,2023-02-01,2025-10-06 10:48:44.104,14,4,0,0,1,0,0,1,1,1,0,1,0,0,0,0,1,0,0,0,0,0,1,0,0,0
CUS_0x8a40,17984.35,1574.6958333333332,8,5,33,6,43,19,25.97,60,4344.0,39.12824193375235,76.86048910832159,156.87446814450027,213.73462608051148,2023-02-01,2025-10-06 10:48:44.104,5,3,0,0,1,1,1,1,0,1,0,1,0,0,0,0,0,1,0,0,0,0,1,0,0,0
CUS_0x8e81,67039.6,5869.633333333334,7,3,10,7,8,19,10.41,80,874.79,36.337952840418055,303.2917396052095,323.4872784474037,240.18431528072028,2023-02-01,2025-10-06 10:48:44.104,8,3,1,1,0,0,1,1,1,1,0,1,0,0,0,0,1,0,0,0,0,0,0,1,0,0
CUS_0xafd1,17692.26,1380.3549999999998,5,6,21,6,16,17,19.29,120,1467.79,31.49069329640968,73.93817813915872,49.363003898017475,304.7343179628238,2023-02-01,2025-10-06 10:48:44.104,15,4,1,0,0,0,0,1,1,1,0,1,0,0,0,0,1,0,0,0,0,0,1,0,0,0
CUS_0x705d,44438.41,3974.200833333334,3,2,10,1,9,4,2.37,90,835.14,23.07840388525908,32.458984488919874,124.70511065947537,490.2559881849381,2023-02-01,2025-10-06 10:48:44.104,30,10,0,0,0,0,0,0,1,0,0,0,0,0,0,1,0,0,0,0,1,0,0,0,0,0
CUS_0x896e,30807.57,2796.2975,0,5,4,4,7,5,4.88,30,708.2,25.671423882852693,88.49211489293512,153.686740167051,297.4508949400139,2023-02-01,2025-10-06 10:48:44.104,26,11,0,0,0,1,0,0,1,0,1,0,1,0,0,0,0,0,1,1,0,0,0,0,0,0
CUS_0xaedb,85554.03,7185.5025,4,2,3,0,12,7,6.43,30,1095.73,41.51328788148247,81050.0,78.79818322985322,879.7520667701468,2023-02-01,2025-10-06 10:48:44.104,20,1,0,0,0,0,0,0,0,0,0,0,1,0,0,1,0,0,0,0,0,1,0,0,0,0
CUS_0xbe12,28308.78,2552.065,9,6,22,7,51,14,9.9,80,2139.23,26.401759060629782,139.51644324750836,230.79488316247208,154.89517359001954,2023-02-01,2025-10-06 10:48:44.104,9,11,1,0,1,1,1,0,0,0,1,1,0,0,0,0,0,0,1,0,0,0,0,0,1,0
CUS_0x3e17,57502.5,5055.875,10,5,24,7,61,11,15.26,90,2521.64,40.175428254685066,286.52593336203813,182.6522075499044,326.4093590880575,2023-02-01,2025-10-06 10:48:44.104,19,4,0,1,1,0,1,1,0,1,0,1,0,0,0,0,1,0,0,0,0,0,1,0,0,0
CUS_0x447f,91545.15,7344.7625,5,4,5,0,25,18,0.0,10,1330.89,39.4159177063964,0.0,208.47972295781742,805.9965270421826,2023-02-01,2025-10-06 10:48:44.104,28,3,0,0,0,0,0,0,0,0,0,0,0,0,0,1,0,0,0,0,0,0,0,1,0,0
CUS_0x4bf4,17150.815,1345.2345833333334,1,5,3,0,5,9,11.52,70,579.9,30.20540902099802,78575.0,52.98343101867328,331.54002731466005,2023-02-01,2025-10-06 10:48:44.104,21,2,0,0,0,0,0,0,0,0,0,0,1,0,0,1,0,0,0,0,1,0,0,0,0,0
CUS_0x7bf2,81583.0,6687.583333333332,1,7,10,3,7,7,9.68,60,328.19,39.11219753458829,139.63103459331086,144.35865263652403,624.7686461034983,2023-02-01,2025-10-06 10:48:44.104,30,8,1,0,0,0,1,0,0,0,0,0,1,0,0,0,0,0,1,0,0,0,0,0,0,1
CUS_0x8562,29441.78,2192.4816666666666,8,6,23,7,59,18,3.57,100,3727.23,39.56419195415575,111.41695233626596,35.85405820951856,311.9771561208821,2023-02-01,2025-10-06 10:48:44.104,11,9,1,1,1,1,1,1,0,0,0,1,0,0,0,0,0,1,0,0,0,1,0,0,0,0
CUS_0x9dc6,20111.74,1736.9783333333337,10,9,30,9,21,23,19.37,70,3470.89,30.667214474372077,150.12777847572335,172.92570873195163,140.6443461256584,2023-02-01,2025-10-06 10:48:44.104,12,6,1,1,1,1,0,1,1,1,0,0,0,0,0,0,0,1,0,0,0,0,1,0,0,0
CUS_0x8df6,7174.99,886.9158333333335,10,8,25,7,47,24,16.88,120,4265.64,37.543990808876885,32.266669661345375,115.4370057560888,230.9879079158992,2023-02-01,2025-10-06 10:48:44.104,6,4,1,0,0,1,0,1,1,1,0,1,0,0,0,0,0,1,0,0,0,0,1,0,0,0
CUS_0xc0d9,17078.485,1256.2070833333337,3,7,10,2,8,12,0.0,30,1048.53,33.05000865916005,22.18158194710025,57.760228178797426,335.6788982074357,2023-02-01,2025-10-06 10:48:44.104,24,3,0,0,0,1,0,0,0,1,0,0,1,0,0,1,0,0,0,0,0,0,1,0,0,0
CUS_0x351f,19700.29,1754.690833333333,8,4,15,4,25,8,17.75,20,15.18,22.346763939508943,59.95781112504877,10000.0,254.64670835582058,2023-02-01,2025-10-06 10:48:44.104,20,4,1,1,0,0,0,0,1,0,1,1,0,0,0,0,0,0,1,0,0,0,0,1,0,0
CUS_0x3e68,19605.79,1839.815833333333,9,7,21,8,28,16,28.7,140,4679.67,29.077602382587543,94.5176031764027,94.39940384134094,285.06457631558965,2023-02-01,2025-10-06 10:48:44.104,6,4,1,0,1,1,0,0,1,0,1,1,0,0,0,0,0,1,0,0,0,0,1,0,0,0
CUS_0x1eff,12410.005,1097.1670833333333,3,5,11,7,29,19,19.5,60,1286.88,26.041131572293533,41.75602566256293,66.63673757492323,291.3239450958472,2023-02-01,2025-10-06 10:48:44.104,19,0,1,0,0,0,1,0,1,1,0,1,0,0,0,0,1,0,0,0,0,0,1,0,0,0
CUS_0xc416,23026.48,1789.8733333333332,6,6,7,4,5,18,9.66,20,328.81,33.32600461992785,68.50246986536446,60.49305406843439,299.9918093995345,2023-02-01,2025-10-06 10:48:44.104,32,2,0,1,0,1,0,0,1,1,0,0,1,0,0,1,0,0,0,0,1,0,0,0,0,0
CUS_0xc442,75044.98,5967.748333333332,0,1,2,2,13,15,7.49,40,933.23,27.463622790186317,68.31153802306889,76.63827725407351,701.825018056191,2023-02-01,2025-10-06 10:48:44.104,29,0,0,0,0,1,0,0,1,0,0,0,1,0,0,1,0,0,0,0,1,0,0,0,0,0
CUS_0x12a6,18158.33,1325.1941666666671,7,9,25,4,28,16,16.52,110,1401.91,30.40442383640512,39.76786259442177,142.0480554460051,240.70349862623985,2023-02-01,2025-10-06 10:48:44.104,17,8,0,0,0,1,0,0,1,0,1,1,0,0,0,0,0,1,0,0,0,0,0,0,0,1
CUS_0x3393,99363.88,8222.323333333334,6,3,15,1,7,9,18.67,90,1099.31,27.261449479290945,57.37360802558504,291.05210682333853,723.8066184844098,2023-02-01,2025-10-06 10:48:44.104,31,3,0,0,0,0,0,0,0,0,1,1,0,0,0,0,1,0,0,0,1,0,0,0,0,0
CUS_0x73fb,44872.3,3927.3583333333336,1,2,3,0,4,13,1.35,40,331.25,27.33368085124043,0.0,58.501780438877276,584.2340528944561,2023-02-01,2025-10-06 10:48:44.104,29,11,0,0,0,0,0,0,0,0,0,0,1,0,0,1,0,0,0,0,1,0,0,0,0,0
CUS_0xaa56,57258.28,4694.5233333333335,4,6,25,7,21,14,15.71,100,2315.2,39.197131371850645,320.2972697747264,107.2253870720849,291.9296764865221,2023-02-01,2025-10-06 10:48:44.104,10,10,0,0,0,1,0,0,1,1,1,1,0,0,0,0,1,0,0,0,1,0,0,0,0,0
CUS_0xfcc,86522.72,7098.2266666666665,8,5,13,1,14,8,15.51,130,455.22,33.04000293842981,45.2646813787989,577.9699494898528,376.58803579801514,2023-02-01,2025-10-06 10:48:44.104,28,3,0,0,0,0,0,1,0,0,0,1,0,0,0,0,1,0,0,0,0,0,1,0,0,0
CUS_0x164a,80756.36,6937.696666666668,5,3,7,3,0,4,6.38,30,1356.82,33.51560207664608,189.1711729447216,70.3308031442382,674.2676905777067,2023-02-01,2025-10-06 10:48:44.104,29,5,0,1,1,0,0,0,0,0,0,0,1,0,0,1,0,0,0,0,0,1,0,0,0,0
CUS_0x2216,16559.985,1268.99875,1,4,2,1,17,10,9.6,30,680.86,40.416054360432575,10.26343838509475,28.312713583813824,338.32372303109145,2023-02-01,2025-10-06 10:48:44.104,18,2,0,0,0,0,1,0,0,0,0,0,1,0,0,1,0,0,0,0,1,0,0,0,0,0
CUS_0xaf75,9197.37,791.4475000000001,8,6,15,2,7,8,19.31,110,1306.09,34.455210894940784,14.150124571729435,105.71365557622713,249.28096985204346,2023-02-01,2025-10-06 10:48:44.104,19,5,0,0,1,0,0,0,0,1,0,1,0,0,0,0,1,0,0,0,0,0,1,0,0,0
CUS_0xb767,176783.92,14754.993333333336,0,1,2831,2,14,8,10.42,60,1462.95,34.513569679091816,262.0930501988325,1701.0550675880372,1254.025733889482,2023-02-01,2025-10-06 10:48:44.104,32,4,0,0,0,1,0,0,0,1,0,0,1,0,0,1,0,0,0,0,0,0,1,0,0,0
CUS_0x3a7e,67818.86,5373.571666666667,3,3,6,3,5,9,8.89,90,45.66,24.490903386780893,109.96662136177169,327.9549110743476,359.4356342305474,2023-02-01,2025-10-06 10:48:44.104,30,11,0,0,0,0,1,1,0,1,0,0,1,0,0,0,0,0,1,1,0,0,0,0,0,0
CUS_0x452f,127614.78,10409.565,5,6,7,4,6,10,1.9,40,1264.42,35.481414052787024,326.7097895694228,736.0180244970962,258.22868593348096,2023-02-01,2025-10-06 10:48:44.104,26,4,0,0,1,1,0,0,0,1,0,0,1,0,0,1,0,0,0,0,0,0,0,1,0,0
CUS_0x49c4,39831.1,3454.258333333333,1,2,6,1,12,11,9.08,60,1.2,28.331974503324123,25.7980240980847,41.79691822635143,309.7137078207352,2023-02-01,2025-10-06 10:48:44.104,27,10,0,0,0,0,0,0,1,0,0,0,1,0,0,1,0,0,0,0,0,0,0,0,1,0
CUS_0x918c,35397.98,3077.831666666667,6,470,11,6,2,10,15.51,60,1892.22,31.20304351812233,139.94111483792653,139.64675951755842,318.19529231118184,2023-02-01,2025-10-06 10:48:44.104,18,8,1,0,1,0,1,1,1,0,0,1,0,0,0,0,1,0,0,0,0,0,1,0,0,0
CUS_0x990,18937.61,1536.134166666667,8,8,28,6,33,20,1.76,140,1306.3,33.41175539880485,80.20836454771208,81.14388865873367,262.2611634602209,2023-02-01,2025-10-06 10:48:44.104,15,5,0,0,1,0,1,0,1,1,0,1,0,0,0,0,0,1,0,0,0,0,0,0,1,0
CUS_0xa68a,76593.92,6402.826666666668,6,9,27,3,45,19,0.71,130,1864.11,27.55201357399023,96.71243804653636,174.80828081350174,628.7619478066285,2023-02-01,2025-10-06 10:48:44.104,17,9,0,1,0,0,0,0,1,1,0,0,0,0,0,0,0,1,0,1,0,0,0,0,0,0
CUS_0xa8b7,26918.64,2494.22,7,4,9,1,5,17,9.24,30,226.5,34.330516321599625,11.85483779444536,141.4616929961039,386.10546920945086,2023-02-01,2025-10-06 10:48:44.104,28,3,0,0,0,0,1,0,0,0,0,1,0,0,0,0,1,0,0,0,0,0,1,0,0,0
CUS_0x7486,108129.44,8776.786666666667,4,3,8,2,11,12,19.7,70,925.97,39.70856186184611,144.31967376054388,343.94083111987464,639.4181617862482,2023-02-01,2025-10-06 10:48:44.104,24,10,0,0,1,1,0,0,0,0,0,0,0,0,0,0,1,0,0,0,1,0,0,0,0,0
CUS_0x8b25,38361.54,3351.795,8,7,16,5,17,16,18.72,90,3546.25,37.40128991313992,97.88789787389696,188.9489919484887,338.34261017761435,2023-02-01,2025-10-06 10:48:44.104,8,9,0,1,1,1,0,1,0,0,0,1,0,0,0,0,0,1,0,0,0,0,1,0,0,0
CUS_0x2168,21523.025,1974.5854166666668,5,7,1,1,5,2,3.2,20,439.35,27.7574815676672,16.196489871932414,169.30200298277197,291.96004881196234,2023-02-01,2025-10-06 10:48:44.104,30,10,0,0,0,1,0,0,0,0,0,0,1,0,0,1,0,0,0,0,0,0,0,1,0,0
CUS_0x63d4,23455.12,2006.5933333333328,8,7,18,2,11,15,9.96,20,317.45,25.6563744603369,26.97640610780856,247.09391859738983,216.589008628135,2023-02-01,2025-10-06 10:48:44.104,24,3,1,1,0,0,0,0,0,0,0,1,0,0,0,0,0,0,1,0,0,0,1,0,0,0
CUS_0x69a8,62536.31999999999,5174.36,7,8,24,0,40,22,33.85,110,3596.04,35.623550993214934,210.4690356712027,34.748832674476915,512.2181316543204,2023-02-01,2025-10-06 10:48:44.104,9,10,0,0,1,1,0,1,1,1,0,1,0,0,0,0,0,1,0,0,0,1,0,0,0,0
CUS_0x7698,34202.45,2627.2041666666664,3,4,14,4,29,13,3.39,20,852.87,32.4981400135946,85.27708284814204,135.4470603863148,331.9962734322098,2023-02-01,2025-10-06 10:48:44.104,26,9,0,0,0,0,0,1,0,1,1,1,0,0,0,0,1,0,0,0,0,0,1,0,0,0
CUS_0x7977,121223.96,9864.996666666668,5,7,3,0,5,10,3.36,20,1338.42,38.636333122444206,68575.0,831.664699207624,434.83496745904284,2023-02-01,2025-10-06 10:48:44.104,19,6,0,0,0,0,0,0,0,0,0,0,1,0,0,0,0,0,1,0,0,0,0,1,0,0
CUS_0x9762,35664.72,3258.06,5,5,3,1,10,0,9.41,80,724.12,35.30743445211974,15.548043475348086,27.185105590039658,523.0728509346122,2023-02-01,2025-10-06 10:48:44.104,23,11,0,0,0,1,0,0,0,0,0,0,1,0,0,1,0,0,0,0,0,0,0,0,0,1
CUS_0x85fa,83126.24,6679.483925147069,9,8,34,4,62,20,10.56,70,2331.17,33.637130330472594,487.1262120848328,180.13036288060195,556.1648332208313,2023-02-01,2025-10-06 10:48:44.104,9,9,0,0,0,0,1,1,1,0,0,1,0,0,0,0,0,1,0,0,1,0,0,0,0,0
CUS_0x97b5,161066.88,13394.24,1,3,1,4,20,10,1.12,30,40.77,35.202851523917005,523.143836732633,156.69595963120148,899.5842036361655,2023-02-01,2025-10-06 10:48:44.104,31,0,0,1,1,0,0,0,0,1,0,0,1,0,0,1,0,0,0,0,0,1,0,0,0,0
CUS_0x9dc5,32181.66,2430.805,3,3,7,4,15,5,3.66,20,1072.42,28.513032763742498,63.83354620103872,16.483127307882732,402.7638264910785,2023-02-01,2025-10-06 10:48:44.104,28,4,0,0,1,0,0,1,1,0,1,0,1,0,0,1,0,0,0,0,0,1,0,0,0,0
CUS_0xbb37,74557.58,6114.131666666667,2,5,1,0,2,13,4.32,20,206.26,26.33945921314479,0.0,47.44641333144288,784.3631704034102,2023-02-01,2025-10-06 10:48:44.104,30,10,0,0,0,0,0,0,0,0,0,0,1,0,0,1,0,0,0,0,0,1,0,0,0,0
CUS_0x2602,59448.04,4339.36172987997,9,7,23,6,35,21,1.0499999999999998,60,3825.82,39.361032144881776,714.4760345746005,92.74095748670136,450.4249447253946,2023-02-01,2025-10-06 10:48:44.104,13,11,0,1,1,0,0,0,1,0,1,1,0,0,0,0,0,1,0,0,0,1,0,0,0,0
CUS_0x946e,48658.29,3932.8575,6,10,31,7,55,18,18.36,80,4241.23,32.605631436417525,153.46531777808218,428.9101027786711,100.91032944324671,2023-02-01,2025-10-06 10:48:44.104,10,8,1,0,1,0,0,1,0,0,1,1,0,0,0,0,0,1,0,0,0,0,1,0,0,0
CUS_0x9fcf,19594.29,1834.8575,8,7,17,9,44,16,3.4,150,3212.16,34.4992453334872,146.70948298925208,67.79282758732487,238.98343942342308,2023-02-01,2025-10-06 10:48:44.104,1,8,1,1,1,0,0,1,1,1,1,1,0,0,0,0,0,1,0,0,0,0,0,0,1,0
CUS_0x3ea3,59924.96,4816.746666666667,6,10,22,8,44,21,28.8,130,2927.06,32.22107519806735,384.87124085109696,142.92258792370131,223.88083789186848,2023-02-01,2025-10-06 10:48:44.104,5,3,0,1,1,0,0,1,1,0,1,1,0,0,0,0,0,0,1,0,0,0,0,0,0,1
CUS_0x6bf5,70902.06,5898.505,4,3,5,2,6,6,4.88,70,720.71,34.47018276808714,29215.0,102.42759324267286,667.7132432342324,2023-02-01,2025-10-06 10:48:44.104,24,11,0,0,0,1,0,0,0,1,0,0,1,0,0,0,0,0,1,0,0,0,0,0,0,1
CUS_0x1de6,40445.44,3152.453333333333,8,6,33,6,51,22,19.06,140,3484.72,22.826576912467395,123.10067684437394,150.56017203699918,331.5844844519602,2023-02-01,2025-10-06 10:48:44.104,11,10,0,1,1,1,0,0,1,0,1,1,0,0,0,0,0,1,0,0,0,0,1,0,0,0
CUS_0x64e5,21803.94,1782.995,5,6,20,4,34,15,4.21,30,29.16,33.79975619170749,41.61953908733073,10000.0,296.9853849350121,2023-02-01,2025-10-06 10:48:44.104,31,2,0,0,0,0,0,1,1,1,0,0,1,0,0,0,1,0,0,1,0,0,0,0,0,0
CUS_0xaa3d,33395.89,2902.9908333333333,3,3,8,0,19,0,10.96,60,675.86,26.3958023491795,0.0,168.15537901410323,392.1437043192301,2023-02-01,2025-10-06 10:48:44.104,28,6,0,0,0,0,0,0,0,0,0,0,0,0,0,0,0,0,1,0,0,0,0,0,1,0
CUS_0xc70d,17910.36,1521.53,5,7,15,6,21,8,8.13,100,2577.05,38.16441252805121,59.67444743144033,85.7413625249859,203.02039546294117,2023-02-01,2025-10-06 10:48:44.104,10,2,0,0,1,1,1,1,0,0,0,1,0,0,0,0,1,0,0,0,0,0,1,0,0,0
CUS_0x1155,158483.48,12927.956666666669,2,1,1508,3,1,3,2.65,14420,471.82,31.462859625731845,347.53545957543184,870.8001476671714,344.46005942406373,2023-02-01,2025-10-06 10:48:44.104,28,3,0,0,0,1,0,0,1,1,0,0,0,0,0,1,0,0,0,0,0,0,0,0,1,0
CUS_0x7430,16380.17,1441.0141666666666,4,5,8,0,29,9,13.58,20,996.18,28.97209697592132,0.0,133.96838107013042,300.13303559653633,2023-02-01,2025-10-06 10:48:44.104,19,9,0,0,0,0,0,0,0,0,0,0,1,0,0,0,1,0,0,0,0,0,1,0,0,0
CUS_0xa69e,56663.16,4637.93,7,10,29,5,40,15,20.07,80,2939.68,30.02341672701052,194.70254468133928,177.88588461950744,361.20457069915335,2023-02-01,2025-10-06 10:48:44.104,11,5,1,1,0,0,0,1,0,0,1,1,0,0,0,0,0,1,0,0,0,0,0,0,1,0
CUS_0x316e,79504.56,6542.38,7,5,20,7,17,16,10.71,120,2512.59,28.359043557582662,269.4365972874258,97.13586010588652,527.6655426066877,2023-02-01,2025-10-06 10:48:44.104,8,6,0,1,1,1,0,0,1,1,0,1,0,0,0,0,0,1,0,0,0,1,0,0,0,0
CUS_0x3a9e,91223.48,7475.956666666666,7,4,286,2,18,12,6.45,80,811.71,27.613156622586807,101.3886602489596,10000.0,279.1652153451263,2023-02-01,2025-10-06 10:48:44.104,31,2,1,0,0,1,0,0,0,0,0,0,1,0,0,0,0,0,1,0,0,0,0,0,0,1
CUS_0x49ae,1.0243765E7,1938.303333333333,8,6,12,3,20,17,2.09,30,172.29,30.444983697440453,47.43011453521242,108.88566525473163,327.5145535433893,2023-02-01,2025-10-06 10:48:44.104,32,1,0,0,0,0,1,0,0,0,1,0,1,0,0,1,0,0,0,0,0,0,1,0,0,0
CUS_0x6a50,37482.98,3399.581666666667,5,6,6,1,2,12,11.73,0,1433.89,36.38311064392417,29.675476315195013,144.9954474313725,425.2872429200992,2023-02-01,2025-10-06 10:48:44.104,23,10,0,0,0,1,0,0,0,0,0,0,1,0,0,1,0,0,0,1,0,0,0,0,0,0
CUS_0x4b19,143741.2,12034.433333333334,3,3,18,0,27,19,18.12,80,1073.37,35.767996539756425,0.0,210.66964068799243,1232.7736926453408,2023-02-01,2025-10-06 10:48:44.104,23,11,0,0,0,0,0,0,0,0,0,1,0,0,0,0,0,0,1,0,0,1,0,0,0,0
CUS_0xb65f,18630.47,1549.539166666667,9,6,32,3,51,16,5.42,90,2315.02,30.76102277146727,25.62558597671558,153.844344322194,265.4839863677571,2023-02-01,2025-10-06 10:48:44.104,13,9,1,1,0,0,0,0,0,1,0,0,0,0,0,0,0,1,0,0,0,0,1,0,0,0
CUS_0x3295,16381.95,883.0800832573731,7,6,14,0,18,18,11.43,70,1493.68,34.014757494502355,199.08241674262715,96.13973163630959,302.07651836369035,2023-02-01,2025-10-06 10:48:44.104,17,3,0,0,0,0,0,0,0,0,0,1,0,0,0,0,1,0,0,0,0,0,1,0,0,0
CUS_0x377b,116156.1,9448.675,5,5,5,2,10,9,1.13,30,1210.76,30.47762787753402,193.1944017846174,255.21811787978024,766.4549803356023,2023-02-01,2025-10-06 10:48:44.104,20,11,0,0,0,1,0,0,1,0,0,0,1,0,0,1,0,0,0,0,0,0,0,0,1,0
CUS_0x3e5c,70175.78,4759.567185632353,3,2,1,0,0,2,4.49,30,101.29,30.252703705512232,821.4144810343131,485.48497883853315,352.61318782813345,2023-02-01,2025-10-06 10:48:44.104,22,4,0,0,0,0,0,0,0,0,0,0,1,0,0,1,0,0,0,0,0,0,0,1,0,0
CUS_0x919,107774.28,9142.19,1,7,10,2,18,6,9.78,20,937.74,39.3758787739448,128.76240998659216,212.29561497772912,813.1609750356787,2023-02-01,2025-10-06 10:48:44.104,20,9,1,0,0,0,0,0,0,1,0,0,1,0,0,1,0,0,0,0,0,1,0,0,0,0
CUS_0xbcc9,7518.71,505.5591666666666,6,4,15,3,16,18,17.89,90,832.0,34.745721711944306,9.552501317305712,36.04538007853952,294.95803527082137,2023-02-01,2025-10-06 10:48:44.104,8,4,0,1,0,0,1,0,0,0,0,1,0,0,0,0,1,0,0,0,0,0,0,0,0,1
CUS_0x4c75,81822.8,6808.566666666668,7,10,26,8,39,15,19.05,150,4609.45,34.10336687610102,338.8513339903865,278.55341419825777,313.45191847802244,2023-02-01,2025-10-06 10:48:44.104,1,5,1,1,0,1,0,1,0,1,1,1,0,0,0,0,0,1,0,0,1,0,0,0,0,0
CUS_0x4db7,15150.72,1336.56,7,5,14,6,16,19,7.58,50,1672.2,33.34660193550125,61.45405495327475,78.33852161160941,283.8634234351158,2023-02-01,2025-10-06 10:48:44.104,6,0,0,1,1,0,0,0,1,1,1,1,0,0,0,0,1,0,0,0,0,0,1,0,0,0
CUS_0x3925,81793.56,6769.13,6,7,19,3,10,17,4.47,70,1208.29,29.33818802558126,124.45911633651887,679.5653721671539,152.88851149632714,2023-02-01,2025-10-06 10:48:44.104,29,11,0,1,0,0,0,0,1,0,0,1,0,0,0,0,1,0,0,0,0,0,0,1,0,0
CUS_0x4a97,33765.68,2528.806666666667,0,5,8,1,5,10,1.27,10,469.44,30.084573375817023,22.338798692795567,295.191809601346,225.35005837252513,2023-02-01,2025-10-06 10:48:44.104,21,2,0,0,0,0,0,0,0,1,0,0,1,0,0,1,0,0,0,0,0,0,1,0,0,0
CUS_0x4ee9,35329.84,2819.153333333333,4,2,6,1,2,0,5.5,40,898.38,31.683092276992568,15.141196792498976,157.16639600759183,369.6077405332425,2023-02-01,2025-10-06 10:48:44.104,30,9,0,0,0,1,0,0,0,0,0,0,1,0,0,0,0,0,1,1,0,0,0,0,0,0
CUS_0xabff,97881.44,8138.786666666668,5,7,4,3,20,12,1.01,30,1379.45,36.7424756750683,217.4601965787133,384.9214956942469,491.4969743937065,2023-02-01,2025-10-06 10:48:44.104,27,0,1,0,1,0,1,0,0,0,0,0,1,0,0,1,0,0,0,0,0,0,0,1,0,0
CUS_0x24b2,33226.58,2928.8816666666667,271,4,12,7,9,12,17.26,90,2090.35,35.68416759534642,168.4221393241955,195.4723614584688,188.99366588400238,2023-02-01,2025-10-06 10:48:44.104,6,3,1,0,0,1,1,0,0,1,0,1,0,0,0,0,1,0,0,1,0,0,0,0,0,0
CUS_0x5975,44849.79,3736.4825,10,7,17,5,32,24,12.32,70,2383.91,26.78373019861589,164.70874220775642,503.6621956937,313.65260228424614,2023-02-01,2025-10-06 10:48:44.104,16,2,1,0,0,1,1,0,0,0,1,1,0,0,0,0,0,1,0,0,0,0,1,0,0,0
CUS_0xaf67,91432.44,7840.37,4,2,9,3,13,10,5.06,40,1279.64,39.71338757941574,183.2068407794212,290.11785114892837,560.7123080716503,2023-02-01,2025-10-06 10:48:44.104,30,8,0,0,0,0,1,0,0,0,1,0,1,0,0,1,0,0,0,0,1,0,0,0,0,0
CUS_0x5247,38197.25,3191.104166666666,1,6,9,2,5,7,5.28,60,898.75,24.329046106572708,44.12466475857941,349.4384408125805,215.5473110955067,2023-02-01,2025-10-06 10:48:44.104,23,11,0,0,0,0,1,1,0,0,0,0,1,0,0,1,0,0,0,0,0,0,1,0,0,0
CUS_0x82b6,58765.53,5048.1275,6,6,27,0,56,24,3.16,90,1975.55,30.069614922881087,178.63692441037475,65.054786084705,511.1210395049202,2023-02-01,2025-10-06 10:48:44.104,8,10,0,0,0,1,1,1,1,1,0,1,0,0,0,0,0,0,1,0,1,0,0,0,0,0
CUS_0x9368,9024.455,713.0379166666668,8,7,15,2,8,14,0.0,40,1491.08,34.2751739933517,14.357518258813345,87.86573107073593,259.08054233711744,2023-02-01,2025-10-06 10:48:44.104,6,8,0,0,1,0,0,0,0,1,0,1,0,0,0,0,0,0,1,0,0,0,1,0,0,0
CUS_0xcfc,15330.305,1135.5254166666666,4,5,5,4,15,19,9.03,70,672.49,25.38956526589177,46.38894479341669,118.63218351505384,238.53141335819612,2023-02-01,2025-10-06 10:48:44.104,18,5,0,1,1,1,0,1,0,0,0,0,0,0,0,1,0,0,0,0,0,0,1,0,0,0
CUS_0x1f3d,104849.82,8744.485,4,6,18,0,29,17,18.28,60,1439.21,37.4007554870406,0.0,150.8192493684439,973.6292506315559,2023-02-01,2025-10-06 10:48:44.104,21,9,0,0,0,0,0,0,0,0,0,1,0,0,0,0,1,0,0,0,1,0,0,0,0,0
CUS_0x4c5,86142.95999999999,7274.579999999999,0,1,7,3,0,8,1.6800000000000002,10,0.23,28.890728013156053,115.89203712853724,150.31261384372033,701.2533490277423,2023-02-01,2025-10-06 10:48:44.104,21,6,1,0,0,0,1,0,0,0,0,0,1,0,0,0,0,0,1,0,0,1,0,0,0,0
CUS_0x9764,22143.31,2110.275833333333,5,6,17,3,23,17,12.18,30,1428.31,36.4923769040526,54.3649755967729,267.2893865286745,179.3732212078859,2023-02-01,2025-10-06 10:48:44.104,30,8,0,0,0,1,1,0,0,1,0,1,0,0,0,0,1,0,0,0,0,0,1,0,0,0
CUS_0x470c,66995.86,5384.988333333334,3,6,15,999,30,19,8.16,40,554.69,25.304956038425544,0.0,71.31690269091959,707.1819306424138,2023-02-01,2025-10-06 10:48:44.104,21,8,0,0,0,0,0,0,0,0,0,1,0,0,0,0,1,0,0,0,0,1,0,0,0,0
CUS_0x5d7c,37921.22,2987.101666666667,0,7,4,3,6,4,6.92,50,1077.93,24.147442796377856,56.658478577669975,217.23330773082176,294.81838035817503,2023-02-01,2025-10-06 10:48:44.104,30,10,0,0,0,1,0,0,0,1,1,0,0,0,0,1,0,0,0,0,0,0,0,0,1,0
CUS_0x94ae,14665.31,1230.1091666666666,6,6,25,6,35,17,2.7,90,4696.1,34.95040887446295,44.18837100071423,103.50483229079151,265.3177133751609,2023-02-01,2025-10-06 10:48:44.104,5,11,1,0,0,1,1,0,0,1,0,1,0,0,0,0,0,1,0,0,0,0,1,0,0,0
CUS_0xac14,66575.2,5631.9333333333325,5,4,2,2,8,2,2.96,60,985.64,31.28544932536868,74296.0,111.53165804854744,584.1562765358253,2023-02-01,2025-10-06 10:48:44.104,17,4,0,1,0,0,0,0,0,0,0,0,1,0,0,1,0,0,0,0,0,1,0,0,0,0
CUS_0x49fd,158848.76,13006.396666666667,1,7,9,2,6,0,9.32,30,344.42,41.51241792363898,145.51363940837476,309.13574461174517,1085.990282646547,2023-02-01,2025-10-06 10:48:44.104,32,2,0,0,1,0,0,0,1,0,0,0,1,0,0,0,0,0,1,0,0,1,0,0,0,0
CUS_0xc13,30366.16,2329.5133333333333,7,4,18,4,14,8,14.11,20,804.31,28.599372121428143,62.00134473820575,64.02979697272889,356.9201916223987,2023-02-01,2025-10-06 10:48:44.104,20,6,0,1,0,0,1,0,0,0,1,1,0,0,0,0,1,0,0,0,1,0,0,0,0,0
CUS_0x2de3,20515.94,1649.6616666666666,7,5,15,2,25,19,7.47,60,878.79,33.40137778931408,20.774306305542108,64.20784408019661,369.98401628092796,2023-02-01,2025-10-06 10:48:44.104,15,8,1,0,0,0,0,0,0,1,0,0,1,0,0,0,1,0,0,0,0,0,1,0,0,0
CUS_0x4d92,56795.28,4303.629377899647,6,7,8,4,19,8,14.31,100,1344.35,28.17860672640515,365.2066651223244,109.31145703107454,444.8864999469537,2023-02-01,2025-10-06 10:48:44.104,22,11,1,0,0,1,0,0,1,1,0,0,0,0,0,0,1,0,0,0,1,0,0,0,0,0
CUS_0x7fd3,50295.36,3893.28,7,6,20,0,17,11,8.12,90,527.85,30.37087399518991,0.0,389.0718891246582,280.2561108753418,2023-02-01,2025-10-06 10:48:44.104,18,2,0,0,0,0,0,0,0,0,0,0,0,0,0,0,1,0,0,0,0,0,0,1,0,0
CUS_0xa99c,34742.74,2881.228333333333,6,4,19,3,24,11,16.19,90,2503.43,34.82244686696462,59.097375287093975,298.59020648166705,210.4352515645723,2023-02-01,2025-10-06 10:48:44.104,10,4,0,0,0,1,1,0,0,0,1,1,0,0,0,0,1,0,0,0,0,0,0,1,0,0
CUS_0x9b03,122847.88,10266.323333333334,3,77,10,3,29,9,10.2,50,875.3,36.96660413665877,297.99395058276235,195.4579273742771,783.1804553762939,2023-02-01,2025-10-06 10:48:44.104,25,5,0,0,0,1,0,1,1,0,0,0,1,0,0,1,0,0,0,0,1,0,0,0,0,0
CUS_0xa4e7,17481.785,1736.8154166666666,4,6,5,2,15,19,5.72,0,1148.28,37.11519153589485,18.079812288763907,77.14753888688078,348.454190491022,2023-02-01,2025-10-06 10:48:44.104,24,9,0,0,0,0,0,0,1,1,0,0,1,0,0,1,0,0,0,0,0,0,0,0,1,0
CUS_0x3912,32013.46,2595.788333333333,3,5,7,3,7,16,5.85,0,1068.81,35.02514197640478,70.3043997284887,132.72931192601135,336.5451216788333,2023-02-01,2025-10-06 10:48:44.104,20,4,0,1,0,1,0,1,0,0,0,0,1,0,0,0,1,0,0,0,0,0,0,1,0,0
CUS_0x75ca,9045.11,981.7591666666668,10,10,34,4,25,19,6.91,100,2575.87,33.96209779756752,24.8160523188982,37.500718935412905,305.8591454123556,2023-02-01,2025-10-06 10:48:44.104,18,5,1,0,0,0,0,1,0,0,1,1,0,0,0,0,0,1,0,0,0,0,0,0,1,0
CUS_0x8ce7,60610.14,5322.845,6,8,15,6,11,12,14.65,120,1864.43,31.95783809717837,204.01807303130545,168.95162366669558,409.3148033019991,2023-02-01,2025-10-06 10:48:44.104,12,4,0,1,0,0,1,1,0,1,0,1,0,0,0,0,1,0,0,0,1,0,0,0,0,0
CUS_0x732b,19860.55,1691.0458333333331,6,3,16,2,11,17,11.07,50,1101.26,25.215022573794045,18.539143001504904,146.1483969636401,274.4170433681884,2023-02-01,2025-10-06 10:48:44.104,14,6,0,0,1,0,0,0,1,0,0,1,0,0,0,0,1,0,0,0,0,0,0,0,1,0
CUS_0xb428,18771.54,1670.295,10,6,24,5,34,22,17.17,160,3796.48,31.690380435088787,46.59855011729619,39.25928017310889,331.17166970959494,2023-02-01,2025-10-06 10:48:44.104,10,3,0,0,1,1,1,1,0,0,1,0,0,0,0,0,0,1,0,0,1,0,0,0,0,0
CUS_0x23c5,93293.13,7807.427500000002,4,5,2,4,12,10,8.27,40,1448.6,25.408728033722788,156.21239915726213,603.7115437779497,300.8188070647883,2023-02-01,2025-10-06 10:48:44.104,25,0,1,1,0,0,0,0,0,0,1,0,1,0,0,1,0,0,0,0,0,0,0,1,0,0
CUS_0xb39,15383.17,1196.930833333333,8,8,28,8,44,21,29.3,160,4609.09,33.82310026045737,97.58330639993844,46.343934000691384,265.76584293270355,2023-02-01,2025-10-06 10:48:44.104,7,9,1,0,0,0,1,1,1,0,1,1,0,0,0,0,0,1,0,0,0,0,1,0,0,0
CUS_0x1452,82289.36,6951.446666666668,8,8,22,5,29,16,18.75,120,4736.25,23.86702720324401,240.7514411019908,187.50390062604055,546.8893249386354,2023-02-01,2025-10-06 10:48:44.104,9,6,1,0,1,0,0,1,0,1,0,1,0,0,0,0,0,1,0,0,0,0,0,1,0,0
CUS_0x36a2,31318.84,2334.903333333333,7,9,26,8,35,22,28.55,100,4286.15,40.79273554941784,144.30497561193366,215.96813499559318,143.21722272580647,2023-02-01,2025-10-06 10:48:44.104,9,5,1,1,1,0,1,0,1,0,1,1,0,0,0,0,0,1,0,0,0,0,0,0,1,0
CUS_0xbfd0,22311.99,1577.3325000000002,4,5,4,3,13,1,8.27,60,104.09,38.51242041837944,38.235269933063904,201.2796806774781,208.21829938945805,2023-02-01,2025-10-06 10:48:44.104,29,5,1,0,0,0,0,0,1,0,0,0,0,0,0,1,0,0,0,0,0,0,1,0,0,0
CUS_0x18d7,16068.39,1096.0325,10,7,17,5,40,23,22.52,90,3377.65,31.402692650628296,56.412700533373226,73.86873626121589,259.32181320541093,2023-02-01,2025-10-06 10:48:44.104,9,11,0,0,0,1,0,1,1,0,1,1,0,0,0,0,0,1,0,0,0,0,0,1,0,0
CUS_0x2742,8557.39,797.1158333333333,8,6,22,2,41,13,14.64,110,1767.29,35.00823841479808,13.16840380603193,47.756501982866276,308.7866775444351,2023-02-01,2025-10-06 10:48:44.104,12,0,1,0,1,0,0,0,0,0,0,0,0,0,0,0,0,1,0,0,0,0,0,0,0,1
CUS_0x644f,9988.76,999.3966666666664,4,7,5,1,21,11,19.19,60,71.42,36.470763044935055,4.865689677072079,62.840620940495974,292.23335604909863,2023-02-01,2025-10-06 10:48:44.104,25,3,0,0,1,0,0,0,0,0,0,1,0,0,0,0,0,0,1,1,0,0,0,0,0,0
CUS_0x6b9,85486.14,7411.845,7,5,13,3,24,8,5.01,30,380.26,39.19627824356952,177.17243037944604,457.0921756822708,396.91989393828334,2023-02-01,2025-10-06 10:48:44.104,26,8,0,0,0,0,1,1,0,0,0,1,0,0,0,0,1,0,0,0,0,0,1,0,0,0
CUS_0xc0c6,105596.28,8565.69,7,7,19,1,7,18,7.17,30,459.52,32.64238621924982,46.54925674102794,10000.0,833.9674670605405,2023-02-01,2025-10-06 10:48:44.104,21,9,0,0,0,1,0,0,0,0,0,0,1,0,0,0,1,0,0,0,0,1,0,0,0,0
CUS_0x14d5,71814.28,5976.5233333333335,3,5,10,0,6,13,6.93,40,1434.97,26.421728350976345,0.0,168.3166710047127,679.3356623286206,2023-02-01,2025-10-06 10:48:44.104,33,3,0,0,0,0,0,0,0,0,0,0,1,0,0,1,0,0,0,0,1,0,0,0,0,0
CUS_0x1b9a,29892.37,2664.030833333333,7,3,13,2,7,8,16.11,50,695.39,24.44201616003801,29.95982727237482,65.6948713536293,420.7483847073292,2023-02-01,2025-10-06 10:48:44.104,31,9,0,0,1,0,0,0,0,0,0,1,0,0,0,0,1,0,0,0,1,0,0,0,0,0
CUS_0x3a40,82831.68,7133.639999999999,7,3,9,3,10,8,16.48,40,34.27,33.367774625698466,113.70379372052052,406.4819393006385,473.1782669788411,2023-02-01,2025-10-06 10:48:44.104,24,2,0,0,0,0,0,0,1,1,0,1,0,0,0,0,1,0,0,0,0,0,0,1,0,0
CUS_0x5fc,7309.6,573.1333333333333,4,6,4000,3,20,20,8.39,40,2111.68,26.103229009548865,15.236930390065073,37.057193869554524,275.01920907371374,2023-02-01,2025-10-06 10:48:44.104,15,11,0,1,1,0,0,0,0,1,0,1,0,0,0,0,1,0,0,0,0,0,0,0,1,0
CUS_0x81b8,2.1964843E7,1553.835,3,5,14,3,24,20,10.14,20,1472.07,38.94598026421812,31.71556316821835,144.78114795601914,268.88678887576253,2023-02-01,2025-10-06 10:48:44.104,21,3,0,0,1,1,0,0,1,0,0,1,0,0,0,0,1,0,0,0,0,0,1,0,0,0
CUS_0x88ca,30020.14,2179.2978733302443,1,7,3,4,5,12,1.25,60,1292.34,26.89337521871909,257.6197135755544,116.85294030607024,317.5756394547976,2023-02-01,2025-10-06 10:48:44.104,25,5,1,0,0,1,0,1,0,0,0,0,1,0,0,0,0,0,1,0,0,0,1,0,0,0
CUS_0x284f,9620.965,782.7470833333333,10,7,24,2,53,17,3.7,70,1355.28,36.46640969749474,9.675865767444485,10.602163743770618,297.99667882211827,2023-02-01,2025-10-06 10:48:44.104,12,2,1,1,0,0,0,0,0,0,0,1,0,0,0,0,0,1,0,0,0,1,0,0,0,0
CUS_0x411a,18444.925,1497.0770833333331,1,3,7,0,9,2,12.96,40,1219.01,23.983396251487843,0.0,95.36436944900305,344.3433388843302,2023-02-01,2025-10-06 10:48:44.104,31,0,0,0,0,0,0,0,0,0,0,0,1,0,0,1,0,0,0,0,0,0,1,0,0,0
CUS_0x7e8a,40944.82,3588.068333333333,1426,7,17,3,17,16,13.4,70,948.81,39.43435093811112,93.98416718975731,10000.0,453.0521859381629,2023-02-01,2025-10-06 10:48:44.104,25,6,0,0,0,1,0,1,0,0,0,1,0,0,0,0,0,0,1,0,0,1,0,0,0,0
CUS_0x2d1e,44590.1,3605.841666666666,5,5,8,1,7,7,4.49,20,555.48,26.11935445570076,33.797192831899984,80.75595476181563,486.03101907295115,2023-02-01,2025-10-06 10:48:44.104,21,11,0,1,0,0,0,0,0,0,0,0,0,0,0,1,0,0,0,0,0,1,0,0,0,0
CUS_0x353a,15785.04,1369.42,8,10,18,2,36,16,4.44,120,1466.43,26.25655166038353,17.379240482618535,49.82856753092114,319.73419198646036,2023-02-01,2025-10-06 10:48:44.104,7,11,1,0,0,0,0,0,0,1,0,0,0,0,0,0,0,1,0,0,0,0,0,0,0,1
CUS_0x468a,115827.92,9459.326666666666,7,6,17,2,14,11,4.33,30,291.71,30.40662032185308,141.92313260895574,728.0920631977167,345.9174708599942,2023-02-01,2025-10-06 10:48:44.104,17,9,0,0,0,0,0,0,0,1,1,0,1,0,0,0,0,0,1,0,0,0,0,0,1,0
CUS_0x7e28,19593.13,1701.7608333333335,7,6,16,0,5,11,18.2,40,624.41,33.420817592390925,0.0,114.23743240725454,345.9386509260788,2023-02-01,2025-10-06 10:48:44.104,26,10,0,0,0,0,0,0,0,0,0,1,0,0,0,0,1,0,0,0,0,0,1,0,0,0
CUS_0xa09c,38192.94,3146.745000000001,1,1,6,2,3,11,4.300000000000002,30,976.28,26.756158485659363,36.37614031313542,43.94952187333744,474.3488378135272,2023-02-01,2025-10-06 10:48:44.104,29,3,0,0,1,1,0,0,0,0,0,0,1,0,0,0,0,0,1,0,0,1,0,0,0,0
CUS_0x2bfb,15875.55,1492.9625,6,7,18,7,62,12,17.1,80,2465.73,27.239406066350107,89.76562703101408,10000.0,242.71228574563344,2023-02-01,2025-10-06 10:48:44.104,10,6,0,0,0,0,1,1,1,0,0,1,0,0,0,0,1,0,0,0,0,0,0,0,1,0
CUS_0x8135,344983.0,3451.874166666666,3,4,1,3,9,4,1.71,30,234.48,28.302123283974968,70.31304038512614,116.96115546025749,417.91322082128306,2023-02-01,2025-10-06 10:48:44.104,25,9,1,0,0,0,0,1,0,0,0,0,1,0,0,1,0,0,0,1,0,0,0,0,0,0
CUS_0x9dff,17482.49,1181.8741666666667,6,6,29,5,55,23,15.18,90,2830.81,25.33423308323857,51.83320722819576,58.28167091082735,278.0725385276436,2023-02-01,2025-10-06 10:48:44.104,6,3,0,1,0,0,0,0,1,0,1,1,0,0,0,0,0,0,1,0,0,0,0,0,1,0
CUS_0x3f5,30022.71,2684.8925,3,7,6,4,9,2,3.06,10,1071.33,33.5697551169139,62.22228530782847,75.81759135579897,400.4493733363725,2023-02-01,2025-10-06 10:48:44.104,26,6,1,0,0,1,1,0,1,0,0,0,1,0,0,0,0,0,1,0,0,0,0,0,1,0
CUS_0x4b7f,15936.77,1164.0641666666668,6,8,24,7,52,24,0.0,110,2934.27,29.744688348323585,53.92352059465853,142.73430925453357,209.74858681747455,2023-02-01,2025-10-06 10:48:44.104,11,3,1,0,1,0,0,1,1,1,0,1,0,0,0,0,0,1,0,0,0,0,1,0,0,0
CUS_0x43be,16511.62,1362.9683333333332,7,9,32,8,47,25,23.88,150,4821.28,36.32543797886575,105.4461616100283,124.57086471154214,196.27980701176293,2023-02-01,2025-10-06 10:48:44.104,4,10,0,0,0,1,0,1,0,1,1,1,0,0,0,0,0,1,0,0,0,0,0,0,0,1
CUS_0x6276,110147.52,8189.033389306678,6,5,9,3,27,17,13.69,60,1238.2,32.826005058520394,27614.0,116.84519118842985,802.1825775846772,2023-02-01,2025-10-06 10:48:44.104,17,0,1,0,0,1,0,0,0,0,1,0,0,0,0,0,1,0,0,0,0,1,0,0,0,0
CUS_0x64aa,15961.545,1269.12875,5,2,11,2,3,6,2.88,0,26.42,34.27817998004112,21.248508335822315,169.94364190081112,225.72072476336655,2023-02-01,2025-10-06 10:48:44.104,20,8,0,0,1,0,1,0,0,0,0,0,0,0,0,1,0,0,0,0,0,0,1,0,0,0
CUS_0x87d8,88818.56,7139.546666666666,2,1,11,1,6,7,10.09,50,449.23,32.75852448641325,68.04044882809728,10000.0,634.5065877255997,2023-02-01,2025-10-06 10:48:44.104,27,10,0,0,0,0,0,0,1,0,0,0,1,0,0,1,0,0,0,0,1,0,0,0,0,0
CUS_0x26e3,64845.8,5574.816666666668,5,6,12,2,15,11,7.13,60,528.95,26.340958026974487,75.91347210013355,101.14559250982671,630.4226020567064,2023-02-01,2025-10-06 10:48:44.104,6,4,0,0,1,0,0,1,0,0,0,0,0,0,0,0,1,0,0,0,1,0,0,0,0,0
CUS_0x5470,21505.64,1548.1366666666663,2,4,3,1,4,2,1.2,80,204.35,24.555972896053017,11.620501498719063,118.24111343479704,294.95205173315065,2023-02-01,2025-10-06 10:48:44.104,15,11,0,0,0,0,1,0,0,0,0,0,1,0,0,1,0,0,0,0,0,0,0,0,1,0
CUS_0x5cc6,104917.74,8526.145,5,4,9,0,12,1,1.1,40,460.58,39.15291162675048,173.93550031609828,368.7260085959545,569.9529910879472,2023-02-01,2025-10-06 10:48:44.104,20,11,0,0,0,0,1,0,0,0,1,0,1,0,0,0,0,0,1,1,0,0,0,0,0,0
CUS_0x60f5,15060.02,1283.0016666666668,10,5,34,9,48,18,9.06,150,4687.35,32.602822631648365,59.248651829295255,31.66623544670666,277.38527939066483,2023-02-01,2025-10-06 10:48:44.104,6,2,1,1,0,0,0,0,1,0,1,1,0,0,0,0,0,1,0,0,0,1,0,0,0,0
CUS_0x8a48,22709.94,2057.495,6,7,13,4,8,13,11.59,50,994.73,26.92758502065197,44.98950838750849,61.58239488985037,349.1775967226412,2023-02-01,2025-10-06 10:48:44.104,21,11,1,0,1,0,0,0,1,0,1,0,1,0,0,0,0,0,1,0,1,0,0,0,0,0
CUS_0x1934,9085.09,980.0908333333332,10,7,34,6,55,22,20.04,150,3708.09,38.00384062068367,26.339556817852262,84.60564122945017,267.06388528603094,2023-02-01,2025-10-06 10:48:44.104,14,2,0,0,0,0,1,1,1,1,1,1,0,0,0,0,0,1,0,0,0,0,0,1,0,0
CUS_0x4eae,44968.15,3528.3458333333333,1,5,2,0,9,13,1.22,60,871.85,34.45166104271124,0.0,86.31346044034277,506.52112289299055,2023-02-01,2025-10-06 10:48:44.104,16,4,0,0,0,0,0,0,0,0,0,0,1,0,0,1,0,0,0,0,0,1,0,0,0,0
CUS_0x7c60,56135.76,4974.980000000001,3,6,20,2,8,18,2.6,70,366.46,24.256317651086487,78.06849718311086,88.35072245403003,571.0787803628591,2023-02-01,2025-10-06 10:48:44.104,15,11,0,0,0,0,0,0,1,0,1,0,1,0,0,0,1,0,0,0,0,1,0,0,0,0
CUS_0x204a,65410.68,5282.89,9,10,33,6,26,19,27.3,80,2996.6,34.09697275555799,299.01111996837034,10000.0,282.80767264384997,2023-02-01,2025-10-06 10:48:44.104,6,5,0,1,0,0,1,1,0,0,1,1,0,0,0,0,0,0,1,0,1,0,0,0,0,0
CUS_0x966e,69895.76,5954.6466666666665,632,6,16,0,5,16,11.82,130,2286.15,32.722680013075184,21368.0,144.98264183368357,560.7380215522094,2023-02-01,2025-10-06 10:48:44.104,15,3,0,1,0,0,0,0,1,0,1,1,0,0,0,0,1,0,0,0,1,0,0,0,0,0
CUS_0x2bcb,38542.22,3351.851666666667,3,4,3043,4,15,14,7.94,70,674.21,27.237724402236548,85.62579657644783,64.33253688339168,425.22683320682717,2023-02-01,2025-10-06 10:48:44.104,31,10,0,1,1,1,0,0,0,0,0,1,0,0,0,0,1,0,0,0,0,1,0,0,0,0
CUS_0x4c8c,15472.34,994.4958247061816,7,8,19,0,28,18,1.86,140,2672.31,29.16008957197363,136.15580796508104,86.14424658789646,284.6019540741742,2023-02-01,2025-10-06 10:48:44.104,11,6,0,0,0,0,0,1,0,0,1,1,0,0,0,0,0,1,0,0,0,0,0,1,0,0
CUS_0x5a4d,10830.26,922.5216666666664,8,7,3,3,22,11,1.89,0,375.51,23.394419846251186,13.543918109318929,28.256539871989993,320.45170868535774,2023-02-01,2025-10-06 10:48:44.104,33,2,0,0,0,0,0,1,0,1,0,0,1,0,0,0,1,0,0,0,0,0,0,0,1,0
CUS_0xb4c1,133057.88999999998,10815.1575,5,7,8,4,11,3,3.76,30,1344.45,33.27520470006238,355.35233277597223,240.64453277070416,745.5188844533238,2023-02-01,2025-10-06 10:48:44.104,22,2,1,0,1,0,0,0,1,1,0,0,1,0,0,1,0,0,0,1,0,0,0,0,0,0
CUS_0x2694,8952.155,466.01291666666674,6,3,14,2,23,9,11.26,110,2061.66,26.732157238301216,11.552516989636908,32.49628076542716,282.55249391160265,2023-02-01,2025-10-06 10:48:44.104,10,10,1,0,0,0,0,0,0,1,0,1,0,0,0,0,1,0,0,0,0,0,0,1,0,0
CUS_0xa0c3,101112.6,8600.05,8,6,4,2,18,20,1.42,20,399.49,36.516159714628685,143.85673451766658,132.07082261639974,824.0774428659337,2023-02-01,2025-10-06 10:48:44.104,29,3,1,1,0,0,0,0,0,0,0,0,1,0,0,1,0,0,0,0,0,1,0,0,0,0
CUS_0x6a95,53530.53,4315.8775,8,9,26,7,56,17,8.12,110,1952.97,33.925395075150234,218.71257399907088,189.849575055306,303.0256009456232,2023-02-01,2025-10-06 10:48:44.104,17,3,1,0,1,1,0,0,1,1,1,1,0,0,0,0,0,1,0,0,0,0,0,1,0,0
CUS_0xb32c,113788.47,9454.3725,129,5,1,4,5,4,3.03,90,466.36,34.01289369937182,269.4651141040773,180.705180677622,735.2669552183006,2023-02-01,2025-10-06 10:48:44.104,26,5,1,1,0,0,1,0,0,1,0,0,1,0,0,1,0,0,0,0,0,1,0,0,0,0
CUS_0xc1e8,35255.26,2667.938333333333,2,3,3,4,5,6,7.24,0,88.52,28.003158418728056,76.87973425012161,155.9669314270121,323.94716765619967,2023-02-01,2025-10-06 10:48:44.104,30,3,0,1,1,0,1,1,0,0,0,0,1,0,0,1,0,0,0,0,0,0,1,0,0,0
CUS_0x6ffa,105450.66,9015.555,7,7,13,4,10,16,19.95,50,328.42,26.55208351785324,187.4137105202988,745.0498734656338,249.09191601406727,2023-02-01,2025-10-06 10:48:44.104,26,11,0,0,0,0,1,1,0,0,0,1,0,0,0,0,1,0,0,0,0,0,0,1,0,0
CUS_0x8247,9670.15,733.8458333333333,8,6,19,5,56,24,3.06,110,3566.81,30.000981597446746,35.31974339313966,79.681863278772,248.3829766614217,2023-02-01,2025-10-06 10:48:44.104,4,9,1,1,1,0,0,0,0,1,0,1,0,0,0,0,0,1,0,0,0,0,1,0,0,0
CUS_0x91e5,12246.215,1181.517916666667,8,6,18,2,19,11,9.32,30,641.98,31.86869212588101,13.783562696332645,126.54669476384753,267.8215342064865,2023-02-01,2025-10-06 10:48:44.104,23,9,0,1,1,0,0,0,0,0,0,1,0,0,0,0,1,0,0,0,0,0,1,0,0,0
CUS_0x287f,19338.105,1569.50875,0,1426,8,2,7,10,9.85,50,921.21,32.221624719979744,18.790658109540598,133.79526276523995,294.36495412521947,2023-02-01,2025-10-06 10:48:44.104,20,10,0,0,0,1,0,0,0,0,1,0,1,0,0,1,0,0,0,0,0,0,1,0,0,0
CUS_0x2e6e,33447.42,2859.285,8,5,13,3,4,9,18.88,70,1571.52,32.911527019719856,60.51356730337264,57.21881524566636,408.1961174509609,2023-02-01,2025-10-06 10:48:44.104,12,11,1,1,1,0,0,0,0,0,0,0,0,0,0,0,0,0,1,0,0,1,0,0,0,0
CUS_0x8277,125982.48,10235.54,4,5,1,0,2,3,7.44,20,1274.76,34.775877224175446,247.7392335203187,119.03379200699915,906.780974472682,2023-02-01,2025-10-06 10:48:44.104,15,11,0,1,0,0,0,1,1,0,1,0,1,0,0,1,0,0,0,0,0,0,0,0,0,1
CUS_0x8b66,39189.92,3049.8266666666664,4,7,5,1,23,9,10.81,20,1365.66,37.34521676022399,24.005785006583533,33.84153491293473,497.1353467471484,2023-02-01,2025-10-06 10:48:44.104,20,6,0,0,0,0,0,1,0,0,0,0,0,0,0,0,1,0,0,0,1,0,0,0,0,0
CUS_0x17bb,63115.54,4981.628333333333,4,7,2,2,21,8,0.0,50,1194.9,28.34716960004469,54.03375695646738,275.20092041135786,458.9281559655081,2023-02-01,2025-10-06 10:48:44.104,31,7,0,1,1,0,0,0,0,0,0,0,1,0,0,1,0,0,0,0,0,0,1,0,0,0
CUS_0xb575,95099.8,7851.983333333334,5,5,7,4,8,14,18.54,120,618.46,37.86361642519951,236.83348188888127,84.37809810564481,713.9867533388074,2023-02-01,2025-10-06 10:48:44.104,23,1,0,0,1,0,1,0,1,1,0,0,0,0,0,0,1,0,0,0,1,0,0,0,0,0
CUS_0x96b3,61181.88,5192.49,7,6,18,9,30,25,3.53,110,2245.8,26.76165175848352,241.5704574187992,198.38272829016208,329.2958142910388,2023-02-01,2025-10-06 10:48:44.104,15,3,1,1,1,1,1,0,1,0,1,1,0,0,0,0,0,1,0,0,1,0,0,0,0,0
CUS_0x2344,54838.44,4336.87,9,5,31,3,46,12,17.56,110,2111.86,38.18248020530154,108.62639534189952,264.6435536264583,350.41705103164213,2023-02-01,2025-10-06 10:48:44.104,9,3,0,1,0,0,0,0,0,0,1,0,0,0,0,0,1,0,0,0,0,0,1,0,0,0
CUS_0x269f,140964.08,11749.006666666664,5,7,2,3,14,11,11.96,1130,1101.6,40.692478768071965,292.70156621600984,170.38747700939737,951.8116234412596,2023-02-01,2025-10-06 10:48:44.104,24,9,0,1,0,0,0,0,1,0,1,0,1,0,0,1,0,0,0,0,0,1,0,0,0,0
CUS_0x45aa,39909.36,3393.78,3,7,29,5,16,14,0.0,100,2094.03,33.82704903319608,141.08315359762682,311.80982928818986,409.7713986634345,2023-02-01,2025-10-06 10:48:44.104,17,3,0,1,0,0,1,0,0,1,0,1,0,0,0,0,1,0,0,0,1,0,0,0,0,0
CUS_0x8abb,66823.88,5499.656666666668,3,4,19,0,12,10,7.9,40,1107.66,39.79556587734543,0.0,414.52024460771486,415.4454220589518,2023-02-01,2025-10-06 10:48:44.104,20,3,0,0,0,0,0,0,0,0,0,1,0,0,0,0,0,0,1,0,0,0,0,1,0,0
CUS_0xa693,13251.255,1318.27125,4,391,13,1,7,19,6.75,30,921.57,24.8408748754296,5.748475833624722,53.77708640610579,362.30156276026946,2023-02-01,2025-10-06 10:48:44.104,18,9,0,0,1,0,0,0,0,0,0,0,1,0,0,0,1,0,0,0,0,0,1,0,0,0
CUS_0xb7df,53352.60000000001,4345.05,6,10,30,7,26,20,17.81,130,3576.63,29.710044955561923,245.9249415030019,118.85401573446023,329.72604276253793,2023-02-01,2025-10-06 10:48:44.104,13,10,1,0,0,1,1,1,1,1,0,1,0,0,0,0,0,0,1,1,0,0,0,0,0,0
CUS_0x94d5,100358.73,8504.2275,0,4,12,0,9,13,2.74,20,375.52,40.32238919809651,0.0,100.01732797817785,533.7619006585976,2023-02-01,2025-10-06 10:48:44.104,28,4,0,0,0,0,0,0,0,0,0,0,1,0,0,1,0,0,0,1,0,0,0,0,0,0
CUS_0x4a74,21364.2,1728.35,3,3,17,1,9,15,9.1,60,1178.6,31.94484529355414,9.230471158627523,188.99831306159527,264.60621577977724,2023-02-01,2025-10-06 10:48:44.104,29,11,0,0,1,0,0,0,0,0,0,1,0,0,0,0,1,0,0,0,0,0,1,0,0,0
CUS_0x6c3b,11333.42,840.4516666666667,7,6,17,2,11,4042,12.18,70,125.01,24.17685742027825,18.31565886863085,19.89223895506667,295.8372688429692,2023-02-01,2025-10-06 10:48:44.104,24,2,1,0,0,0,0,0,0,0,0,1,0,0,0,0,1,0,0,0,1,0,0,0,0,0
CUS_0x8208,94454.1,8102.175,1,4,2866,3,9,6,1.63,60,1342.61,29.04609172822285,152.50689472836868,711.0597507547632,216.65085451686818,2023-02-01,2025-10-06 10:48:44.104,30,4,0,0,1,0,0,0,1,0,0,0,1,0,0,1,0,0,0,0,0,0,0,0,1,0
CUS_0x894e,36841.39,2966.1158333333333,0,5,4,1,3,10,3.16,40,414.56,35.653452130906025,29.83576249394416,174.50609474240886,409.42259306269233,2023-02-01,2025-10-06 10:48:44.104,16,8,0,0,0,0,0,1,0,0,0,0,1,0,0,0,0,0,1,1,0,0,0,0,0,0
CUS_0xb548,33882.6,2841.55,6,7,5,2,8,10,7.55,60,1240.48,39.53587298228472,36.26074809289355,384.1397870665506,153.75446484055578,2023-02-01,2025-10-06 10:48:44.104,9,0,0,0,0,0,0,0,1,0,0,1,0,0,0,0,1,0,0,0,0,0,1,0,0,0
CUS_0x3d58,95846.49,8264.2075,8,4,9,0,5,19,19.38,70,1493.69,37.39136527213309,0.0,300.53950963400814,775.881240365992,2023-02-01,2025-10-06 10:48:44.104,30,11,0,0,0,0,0,0,0,0,0,0,0,0,0,0,1,0,0,0,1,0,0,0,0,0
CUS_0x44e8,8304.89,811.0741666666668,3,4,20,3,16,20,13.27,70,1383.25,26.93329537960003,19.52466770230356,41.80846220054683,309.7742867638163,2023-02-01,2025-10-06 10:48:44.104,20,3,0,0,0,0,0,0,1,1,1,1,0,0,0,0,1,0,0,0,0,0,1,0,0,0
CUS_0x7bb3,42331.14,3280.595,6,5,9,2,20,13,16.48,110,1288.78,36.42939635171104,48.32052040804102,78.15163026937805,451.58734932258096,2023-02-01,2025-10-06 10:48:44.104,15,4,0,0,1,0,0,1,0,0,0,0,0,0,0,0,1,0,0,0,1,0,0,0,0,0
CUS_0x893f,53956.32,4514.36,4,6,12,4,18,11,19.13,0,432.92,41.18616792256767,158.84557792774964,68.11602204518047,464.47440002706986,2023-02-01,2025-10-06 10:48:44.104,22,5,0,0,1,1,1,1,0,0,0,1,0,0,0,0,1,0,0,0,0,1,0,0,0,0
CUS_0xa8ce,52643.34,4595.945,10,7,25,7,58,16,24.09,120,2802.88,32.1699341741683,248.1395477481686,301.6105287742116,169.84442347761976,2023-02-01,2025-10-06 10:48:44.104,10,8,1,0,1,0,1,0,0,1,1,1,0,0,0,0,0,1,0,1,0,0,0,0,0,0
CUS_0x2174,94934.94,8039.245,2,5,3,4,11,11,6.83,0,975.21,30.479554343979487,289.8410539850042,477.69892607400186,306.384519940994,2023-02-01,2025-10-06 10:48:44.104,23,4,0,1,0,0,0,1,1,0,0,0,1,0,0,1,0,0,0,0,0,0,0,0,1,0
CUS_0x6e36,75050.37,6205.197499999998,7,7,11,4,8,16,10.58,90,509.49,25.061462368445245,179.89687932721446,95.93532966723507,594.6875410055504,2023-02-01,2025-10-06 10:48:44.104,17,5,0,0,0,1,1,1,0,0,0,1,0,0,0,0,1,0,0,0,1,0,0,0,0,0
CUS_0x9a84,60552.24,4794.02,7,5,19,4,25,18,10.57,60,32.83,26.60993119043397,168.8465079653391,181.75067304997768,378.80481898468315,2023-02-01,2025-10-06 10:48:44.104,15,0,0,0,0,0,1,1,1,0,0,1,0,0,0,0,1,0,0,0,1,0,0,0,0,0
CUS_0x6c8f,31029.87,2856.8225,1,4,2723,2,6,3,1.61,30,1347.05,38.569272406148,34.94921996584889,42.18950517969302,458.54352485445816,2023-02-01,2025-10-06 10:48:44.104,16,3,0,0,1,1,0,0,0,0,0,0,1,0,0,1,0,0,0,0,1,0,0,0,0,0
CUS_0xa094,18244.44,1555.37,7,4,15,7,8,18,18.2,70,1580.95,33.908987129536385,66.98943274744119,61.35552517915345,317.1920420734054,2023-02-01,2025-10-06 10:48:44.104,16,5,1,0,0,0,1,0,1,1,1,1,0,0,0,0,1,0,0,0,0,0,1,0,0,0
CUS_0x18ac,18270.68,1348.5566666666666,7,9,33,6,53,18,15.49,80,2021.95,37.75404007707244,90.93654041429086,86.73157256164673,247.1875536907291,2023-02-01,2025-10-06 10:48:44.104,13,7,0,0,0,1,0,1,1,1,0,1,0,0,0,0,1,0,0,0,0,0,1,0,0,0
CUS_0x56ab,34508.66,2617.721666666667,8,7,2621,5,41,16,26.14,100,2823.83,35.485909918819985,97.21312050425594,103.54144243258041,311.01760372983034,2023-02-01,2025-10-06 10:48:44.104,2,2,0,1,0,0,0,1,1,0,1,1,0,0,0,0,0,1,0,0,1,0,0,0,0,0
CUS_0x8afa,55516.29,4445.3575,7,10,18,8,60,22,17.81,80,3871.02,31.98639941461664,351.6591799446352,347.5347408862854,35.34182916907946,2023-02-01,2025-10-06 10:48:44.104,9,5,1,1,1,0,0,0,1,1,1,1,0,0,0,0,0,1,0,0,0,0,1,0,0,0
CUS_0x8eb0,41507.12,3650.926666666666,10,10,15,7,28,20,24.99,140,4615.79,29.884906912907294,183.8068248295491,70.82348663039512,360.46235520672246,2023-02-01,2025-10-06 10:48:44.104,5,11,1,1,0,1,0,1,0,1,0,1,0,0,0,0,0,1,0,0,1,0,0,0,0,0
CUS_0x9d0b,83210.28,7051.19,4,7,17,2,5,11,12.5,80,1001.02,31.87336040118225,122.00824857461411,244.77458824261458,588.3361631827712,2023-02-01,2025-10-06 10:48:44.104,16,6,0,1,0,0,0,0,1,0,0,0,0,0,0,0,1,0,0,0,1,0,0,0,0,0
CUS_0xb05a,92041.02,7621.085,3,7,7,0,2,11,11.45,40,590.95,39.30427093688393,0.0,242.26925476475563,799.8392452352444,2023-02-01,2025-10-06 10:48:44.104,24,6,0,0,0,0,0,0,0,0,0,0,1,0,0,1,0,0,0,0,0,0,0,0,0,1
CUS_0x1c47,15604.245,1554.35375,4,3,11,4,8,8,1.64,30,1065.71,28.094776794008595,47.62919148151226,45.82338315574214,321.98280036274565,2023-02-01,2025-10-06 10:48:44.104,28,4,1,0,0,0,1,0,1,0,1,0,0,0,0,1,0,0,0,1,0,0,0,0,0,0
CUS_0x2985,19277.13,1891.4275,0,1,11,1,6,11,4.45,50,935.74,30.90217683124831,8.039939020263716,71.08914650015873,360.01366447957747,2023-02-01,2025-10-06 10:48:44.104,22,3,0,0,0,0,1,0,0,0,0,0,1,0,0,1,0,0,0,0,1,0,0,0,0,0
CUS_0x627f,83408.52,6812.71,4,5,3,2,16,4,5.17,30,196.89,39.720455067672745,123.4884992127038,660.2019301624515,177.58057062484474,2023-02-01,2025-10-06 10:48:44.104,31,6,1,0,0,0,0,0,1,0,0,0,1,0,0,1,0,0,0,0,0,0,0,1,0,0
CUS_0x8425,29908.4,2536.366666666667,1,4,5,4,0,9,10.21,30,1179.99,30.47609592960393,54.914716493342254,100.56160525338775,348.1603449199367,2023-02-01,2025-10-06 10:48:44.104,19,8,0,0,0,0,1,0,1,1,0,0,1,0,0,1,0,0,0,0,1,0,0,0,0,0
CUS_0x944f,35006.57,3203.214166666666,5,7,10,4,8,11,18.95,50,246.13,34.576886232863366,76.98345911340735,101.11052752982529,392.22743002343407,2023-02-01,2025-10-06 10:48:44.104,16,4,0,1,0,0,0,0,0,1,1,1,0,0,0,0,1,0,0,0,1,0,0,0,0,0
CUS_0x343d,16021.14,1583.095,8,6,16,4,22,8,7.85,100,2136.31,28.71812334563777,30.631405250128363,87.5874109544734,330.09068379539826,2023-02-01,2025-10-06 10:48:44.104,16,9,0,1,0,1,0,0,1,1,0,1,0,0,0,0,1,0,0,0,0,0,1,0,0,0
CUS_0x365b,9328.895,641.4079166666667,7,7,15,7,62,13,2.03,140,2049.2,28.36077563877101,47.94186401644404,0.0,250.03047908598296,2023-02-01,2025-10-06 10:48:44.104,17,6,1,0,1,0,1,1,0,1,1,1,0,0,0,0,0,1,0,0,0,1,0,0,0,0
CUS_0x5e18,177723.8,13711.564821429149,3,4,1,3,2,13,11.6,60,1292.23,35.49679212919457,1665.5417984379285,673.0091677548406,515.5017429064353,2023-02-01,2025-10-06 10:48:44.104,30,6,1,0,0,0,0,1,0,0,0,0,1,0,0,0,0,0,1,0,0,0,0,1,0,0
CUS_0x6c71,34627.86,2748.655,8,8,19,3,18,12,10.17,110,2538.81,28.522227726129195,81.83340589230718,291.70784544754036,191.32424866015256,2023-02-01,2025-10-06 10:48:44.104,8,5,1,0,1,0,0,0,0,0,0,1,0,0,0,0,1,0,0,0,0,0,1,0,0,0
CUS_0x89b4,11465.92,744.4933333333332,7,5,11,0,24,6,7.35,70,1422.93,37.02909533964654,0.0,47.228584855106966,307.22074847822637,2023-02-01,2025-10-06 10:48:44.104,15,0,0,0,0,0,0,0,0,0,0,1,0,0,0,0,1,0,0,0,0,0,0,1,0,0
CUS_0x2218,34700.16,3075.6800000000007,7,6,30,5,15,23,8.55,100,1900.43,34.0754827108049,109.50299762279492,51.641730713952505,396.4232716632527,2023-02-01,2025-10-06 10:48:44.104,9,5,0,1,1,1,0,1,1,0,0,1,0,0,0,0,0,1,0,0,1,0,0,0,0,0
CUS_0x82a1,16684.91,1138.4091666666666,8,1395,27,7,57,24,6.22,110,2588.85,33.40081200641864,63.77127116326324,63.23035962831628,276.8392858750872,2023-02-01,2025-10-06 10:48:44.104,5,9,1,1,0,1,0,0,0,1,0,1,0,0,0,0,0,0,1,0,0,0,1,0,0,0
CUS_0xbbd3,9769.965,1053.1637500000004,8,8,28,7,16,16,9.14,130,1948.98,23.523734975011376,49.63706988907806,97.12626517323463,238.5530399376873,2023-02-01,2025-10-06 10:48:44.104,6,8,1,1,1,1,1,0,1,0,0,1,0,0,0,0,0,1,0,0,0,0,0,1,0,0
CUS_0x34e9,34323.86,3113.3216666666667,10,8,28,2,16,20,5.07,90,1312.43,29.67552716654841,34.40873143261336,60.63561651785018,456.28781871620316,2023-02-01,2025-10-06 10:48:44.104,7,6,0,0,0,1,1,0,0,0,0,1,0,0,0,0,0,1,0,0,0,1,0,0,0,0
CUS_0x7d17,12525.745,1004.8120833333336,8,7,11,4,19,2334,19.18,70,845.79,34.328310326557144,28.08067411341742,80.43314008009344,281.9673941398225,2023-02-01,2025-10-06 10:48:44.104,17,2,0,0,1,0,1,0,0,0,1,1,0,0,0,0,1,0,0,0,0,0,1,0,0,0
CUS_0x8aa3,64977.54,5189.795,5,6,3,3,1,8,8.26,10,1248.25,37.57590654161293,159.70704239160744,389.06008529095317,260.2123723174395,2023-02-01,2025-10-06 10:48:44.104,30,8,0,0,1,0,0,0,1,0,0,0,1,0,0,0,0,0,1,0,0,0,1,0,0,0
CUS_0x9e9b,16833.86,1230.8216666666667,10,8,20,8,16,24,27.11,110,4649.55,33.402803142360426,73.4967014592806,30.57017904615956,269.0152861612265,2023-02-01,2025-10-06 10:48:44.104,2,3,1,1,1,0,1,0,1,0,1,1,0,0,0,0,0,1,0,0,1,0,0,0,0,0
CUS_0xa455,112745.76,9193.48,3,7,2,3,12,6,4.27,70,335.69,27.182963779574763,188.18543690160345,521.9714211705883,489.19114192780813,2023-02-01,2025-10-06 10:48:44.104,16,4,1,1,0,0,0,0,0,0,1,0,1,0,0,1,0,0,0,0,0,0,0,1,0,0
CUS_0xb61a,82934.76,6611.23,7,9,20,6,63,18,4.11,130,3519.93,41.21744724768176,266.15581401756333,178.9325792509241,466.0346067315128,2023-02-01,2025-10-06 10:48:44.104,11,11,1,1,1,1,1,0,1,0,0,0,0,0,0,0,0,0,1,0,1,0,0,0,0,0
CUS_0x269b,82757.96,6692.496666666668,6,9,30,6,61,18,19.09,140,4340.03,34.522899626116725,384.751743998896,386.77596568897786,167.72195697879266,2023-02-01,2025-10-06 10:48:44.104,5,6,1,0,0,1,0,0,1,1,0,1,0,0,0,0,0,1,0,0,0,0,0,0,1,0
CUS_0x739,132848.88,10920.74,5,1,7,1,4,13,0.0,40,1041.91,35.588273047724215,55.87793313446711,156.70920544549912,1119.4868614200336,2023-02-01,2025-10-06 10:48:44.104,22,9,0,0,0,0,1,0,0,0,0,0,1,0,0,0,0,0,1,0,0,1,0,0,0,0
CUS_0xa127,31534.94,2426.9116666666664,5,6,1,0,8,2,4.99,40,1258.83,23.224288654468204,0.0,81.96808578710827,410.72308087955844,2023-02-01,2025-10-06 10:48:44.104,29,10,0,0,0,0,0,0,0,0,0,0,1,0,0,1,0,0,0,0,1,0,0,0,0,0
CUS_0xa1d9,15441.2,1248.7666666666669,9,9,28,2,58,19,1.11,60,1521.3,37.42779683914129,149.34839403195062,112.21254317692384,281.34664091858605,2023-02-01,2025-10-06 10:48:44.104,19,0,0,1,0,0,0,0,1,0,0,0,0,0,0,0,0,0,1,0,0,0,1,0,0,0
CUS_0x16a4,31178.1,2353.175,6,9,24,6,48,20,0.0,100,4815.82,30.664706127978697,144.62971383382686,299.34730678478024,81.34047938139288,2023-02-01,2025-10-06 10:48:44.104,6,2,1,1,1,0,1,1,0,0,1,1,0,0,0,0,0,0,1,0,0,0,1,0,0,0
CUS_0x1993,87795.78,7325.315,0,6,8,0,10,11,2.59,20,448.95,34.49874494358982,0.0,122.2615603196072,860.2699396803928,2023-02-01,2025-10-06 10:48:44.104,29,11,0,0,0,0,0,0,0,0,0,0,1,0,0,1,0,0,0,0,1,0,0,0,0,0
CUS_0xb742,40846.36,3614.863333333333,3,2,7,1,0,7,6.53,10,1262.52,40.46340512507142,28.16283871501328,56.51445034175628,526.8090442765638,2023-02-01,2025-10-06 10:48:44.104,19,5,0,0,0,0,0,1,0,0,0,0,0,0,0,1,0,0,0,0,1,0,0,0,0,0
CUS_0x6b04,20313.63,1841.8025,9,5,30,7,54,25,8.73,110,4005.23,31.171435595512268,97.49822751270288,153.83086432720825,222.8511581600889,2023-02-01,2025-10-06 10:48:44.104,11,2,0,1,1,1,0,0,1,0,1,1,0,0,0,0,0,1,0,0,0,0,1,0,0,0
CUS_0x7a6f,50774.91,4431.2425,6,7,23,7,59,20,1.81,120,1265.83,32.77702063642732,290.50174371451067,49.16480372811339,353.457702557376,2023-02-01,2025-10-06 10:48:44.104,19,10,0,1,0,0,1,0,1,1,1,0,0,0,0,0,0,1,0,0,1,0,0,0,0,0
CUS_0x53e0,104653.62,9004.135,0,2,5,4,7,9,0.61,10,1221.03,35.55224909400919,198.3746949607768,633.2759698788749,348.76283516034835,2023-02-01,2025-10-06 10:48:44.104,18,11,0,0,0,0,1,1,0,1,1,0,1,0,0,1,0,0,0,0,0,0,0,1,0,0
CUS_0x2cc2,39566.48,3050.206666666667,10,8,17,3,29,14,6.15,70,1917.58,28.013233368554715,63.70828191554105,189.29901277928573,342.0133719718399,2023-02-01,2025-10-06 10:48:44.104,6,11,1,0,0,1,1,0,0,0,0,1,0,0,0,0,0,0,1,0,0,0,1,0,0,0
CUS_0x2dc0,34378.42,2628.8683333333333,6,9,18,2,42,13,26.28,170,1471.32,27.90816175374195,37.65096727506816,110.82240903545136,404.4134570228138,2023-02-01,2025-10-06 10:48:44.104,11,5,0,0,0,0,1,0,0,0,1,1,0,0,0,0,1,0,0,0,0,0,1,0,0,0
CUS_0x6dec,16511.395,1528.949583333333,2,5,8,2,3,0,7.91,40,1206.07,33.844999775630626,14.483454591595663,181.65310134643855,246.7584023952991,2023-02-01,2025-10-06 10:48:44.104,29,2,0,0,0,0,0,1,0,0,0,0,1,0,0,1,0,0,0,0,0,0,1,0,0,0
CUS_0x7152,49716.16,3925.013333333333,4,3,20,0,17,18,17.81,80,1490.78,25.26987654592653,240.3331575641883,155.58226661620162,246.58590915294343,2023-02-01,2025-10-06 10:48:44.104,19,11,1,0,1,1,1,0,0,0,0,1,0,0,0,0,0,0,1,0,1,0,0,0,0,0
CUS_0xac7e,91516.44,7844.37,2,4,12,4,9,6,11.73,40,226.23,25.854419426803823,237.86541697410573,112.49282647572089,674.0787565501734,2023-02-01,2025-10-06 10:48:44.104,16,11,1,1,0,0,0,1,0,0,0,0,1,0,0,1,0,0,0,0,0,1,0,0,0,0
CUS_0x8083,36398.14,2954.1783333333333,5,7,4,0,7,12,4.08,50,248.38,32.06531669884274,19.498619401115068,235.59462675634416,330.32458717587406,2023-02-01,2025-10-06 10:48:44.104,18,0,1,0,0,0,0,0,0,0,0,0,1,0,0,1,0,0,0,0,0,0,1,0,0,0
CUS_0x9e56,28195.29,2044.2233990811048,3,4,11,3,14,7,2.04,80,1281.29,28.877712133172288,148.31726790101834,165.2286523950651,302.298930622812,2023-02-01,2025-10-06 10:48:44.104,24,8,0,1,0,0,0,1,0,0,0,0,1,0,0,1,0,0,0,0,0,0,1,0,0,0
CUS_0xbc1e,18137.25,1729.4375,7,6,8,7,28,10,17.26,80,2234.83,34.03358480886643,72.05824652731067,130.2406462459549,240.64485722673442,2023-02-01,2025-10-06 10:48:44.104,6,8,1,0,0,1,0,0,0,1,1,1,0,0,0,0,1,0,0,0,0,0,0,0,1,0
CUS_0x129b,95933.68,7860.473333333332,4,5,15,7,18,10,17.87,50,129.15,34.16585064443529,361.8671108749424,167.71802808017438,496.4621943782166,2023-02-01,2025-10-06 10:48:44.104,8,2,1,0,1,0,1,0,0,1,1,1,0,0,0,0,1,0,0,0,0,1,0,0,0,0
CUS_0x3a55,15786.96,1376.58,6,7,27,9,50,16,20.24,110,3008.98,23.14268924594481,101.97090227088783,10000.0,234.22905647202754,2023-02-01,2025-10-06 10:48:44.104,7,6,0,0,1,1,0,0,1,1,1,1,0,0,0,0,0,0,1,0,0,0,0,0,0,1
CUS_0x3d99,167258.04,12986.315523508263,5,1123,12,0,13,0,10.72,20,476.64,26.56801036883753,1213.8544764917372,963.1276975829527,726.8893024170472,2023-02-01,2025-10-06 10:48:44.104,27,1,0,0,0,0,0,0,0,0,0,0,1,0,0,1,0,0,0,0,0,0,0,0,1,0
CUS_0x48e9,35822.34,2995.195,0,2,3,3,7,1,10.26,0,419.31,31.29246019476823,76.3844895844155,151.502634747714,341.63237566787035,2023-02-01,2025-10-06 10:48:44.104,21,11,0,1,0,0,1,0,0,0,0,0,1,0,0,1,0,0,0,0,0,0,0,0,1,0
CUS_0x1dbd,17169.365,1282.7804166666667,4,3,20,0,23,12,5.65,30,938.18,28.719400398226966,0.0,118.5581919627364,299.71984970393027,2023-02-01,2025-10-06 10:48:44.104,30,8,0,0,0,0,0,0,0,0,0,0,1,0,0,0,1,0,0,0,0,0,1,0,0,0
CUS_0x610d,130130.8,10771.233333333334,8,6,16,1,21,20,7.34,0,473.56,31.73265488922091,102.96632098401048,794.8800077356534,449.27700461366953,2023-02-01,2025-10-06 10:48:44.104,26,5,0,0,0,0,0,0,1,0,0,0,1,0,0,0,1,0,0,0,0,0,0,0,0,1
CUS_0x707a,63839.46,5304.955,7,6,20,3,11,18,12.33,40,733.2,29.58767649266481,98.7496147499512,256.5722080775055,435.1736771725433,2023-02-01,2025-10-06 10:48:44.104,18,9,1,0,1,1,0,0,0,0,0,1,0,0,0,0,1,0,0,1,0,0,0,0,0,0
CUS_0x7281,54553.59,4547.1325,7,5,22,8,30,21,14.89,120,4970.14,30.739064758728237,239.1367341807063,90.02147980191921,365.55503601737456,2023-02-01,2025-10-06 10:48:44.104,9,8,0,1,0,0,1,0,1,1,1,1,0,0,0,0,0,1,0,0,0,1,0,0,0,0
CUS_0x96d3,87474.24,7325.52,4,7,20,0,12,4019,9.79,14510,797.03,38.451918165328735,9054.0,108.9247057302902,863.62729426971,2023-02-01,2025-10-06 10:48:44.104,25,3,0,0,0,0,0,0,0,0,0,0,1,0,0,0,1,0,0,0,0,1,0,0,0,0
CUS_0xb8e,33049.87,2955.1558333333337,5,5,11,0,3,11,1.3,50,692.75,26.36711125455577,0.0,164.8139603573635,390.7016229759698,2023-02-01,2025-10-06 10:48:44.104,20,11,0,0,0,0,0,0,0,0,0,0,1,0,0,0,0,0,1,1,0,0,0,0,0,0
CUS_0x19a8,30683.42,2222.806019052605,4,6,15,2,27,9,10.62,40,7.24,35.92430921751809,222.03010380916228,174.14442532950318,375.93473052812266,2023-02-01,2025-10-06 10:48:44.104,26,5,0,0,0,0,1,0,0,0,1,0,1,0,0,0,0,0,1,1,0,0,0,0,0,0
CUS_0x355c,18750.54,1649.545,10,9,28,4,17,18,12.89,25530,1668.49,23.217183998325467,54.07931766344935,50.93855155357332,319.9366307829774,2023-02-01,2025-10-06 10:48:44.104,6,10,0,1,1,1,0,0,0,1,0,1,0,0,0,0,1,0,0,1,0,0,0,0,0,0
CUS_0x5417,17830.73,1757.894166666667,8,5,1232,7,53,16,24.21,120,4730.61,34.92839959583983,100.68335674017396,44.757435036820624,280.34862488967207,2023-02-01,2025-10-06 10:48:44.104,10,2,0,1,1,0,1,1,0,1,0,1,0,0,0,0,0,1,0,0,1,0,0,0,0,0
CUS_0x6ebb,31781.22,2437.844780183169,2,5,12,0,10,8,0.83,0,74.59,25.648016245647927,289.5902198168304,95.50986144880041,427.23363855119965,2023-02-01,2025-10-06 10:48:44.104,20,9,0,0,0,0,0,0,0,0,0,0,0,0,0,1,0,0,0,0,1,0,0,0,0,0
CUS_0x7b58,172510.48,14464.873333333337,5,5,6,0,15,8,2.65,30,810.8,42.7032704445208,82.59172081588333,606.7252648244114,1027.1703476930388,2023-02-01,2025-10-06 10:48:44.104,16,4,0,1,0,0,0,0,0,0,0,0,1,0,0,1,0,0,0,0,0,0,0,0,1,0
CUS_0x15b7,54201.99000000001,4535.8325,6,9,30,3,62,24,0.6600000000000001,80,2339.06,29.57612880611063,108.10967431747848,576.8115891045921,58.66198657792944,2023-02-01,2025-10-06 10:48:44.104,9,2,0,0,0,0,0,1,1,0,1,1,0,0,0,0,0,1,0,0,0,0,1,0,0,0
CUS_0x33aa,35843.92,3005.9933333333333,10,10,34,6,22,19,0.0,120,3901.4,38.38832373529065,156.66673286465522,260.608774489129,173.3238259795491,2023-02-01,2025-10-06 10:48:44.104,3,0,1,1,1,0,1,1,0,0,0,1,0,0,0,0,0,0,1,0,0,0,1,0,0,0
CUS_0xa260,33061.79,2752.149166666666,3,5,9,3,19,10,10.38,30,953.68,37.55020180264693,81.9881354220787,60.476638206817476,382.75014303777044,2023-02-01,2025-10-06 10:48:44.104,20,2,1,0,0,1,0,0,0,0,1,0,1,0,0,0,0,0,1,0,1,0,0,0,0,0
CUS_0xc5b2,60176.61,4989.7175,7,9,34,8,25,21,6.76,80,4176.76,34.98737560270147,246.9186691846736,190.33549746852384,321.71758334680266,2023-02-01,2025-10-06 10:48:44.104,12,5,1,1,0,1,1,1,0,0,1,1,0,0,0,0,0,1,0,1,0,0,0,0,0,0
CUS_0x2a79,88606.92,7517.91,5,5,9,0,18,12,11.66,0,518.87,39.13413828353504,61.24107455089951,318.94656962451825,651.6033558245822,2023-02-01,2025-10-06 10:48:44.104,27,8,0,1,0,0,0,0,0,0,0,0,1,0,0,0,1,0,0,0,0,0,0,1,0,0
CUS_0x59eb,69788.08,5969.673333333332,4,8,22,5,27,15,8.77,110,2024.4,28.979477475269,211.7543726514032,479.4751469633609,195.7378137185693,2023-02-01,2025-10-06 10:48:44.104,16,11,1,0,0,0,0,0,1,1,1,1,0,0,0,0,1,0,0,0,0,0,1,0,0,0
CUS_0xc0a3,43457.34,3666.445,6,5,31,4,52,17,8.24,110,1356.89,34.098856872971425,124.93147634918544,266.35093567860685,295.0153356825485,2023-02-01,2025-10-06 10:48:44.104,18,6,0,0,1,0,1,0,0,1,0,1,0,0,0,0,0,1,0,1,0,0,0,0,0,0
CUS_0x8ca3,31469.96,2622.4966666666664,1065,9,27,5,23,19,27.4,90,3858.12,24.61719709322597,74.55748411702369,212.31145718595693,265.380725363686,2023-02-01,2025-10-06 10:48:44.104,2,0,0,0,0,0,1,1,1,1,0,1,0,0,0,0,0,1,0,0,0,0,1,0,0,0
CUS_0x2108,40306.66,3532.888333333334,8,7,25,9,48,23,5.82,130,2089.29,30.27378837543493,200.10757806850543,10000.0,323.52144713664035,2023-02-01,2025-10-06 10:48:44.104,5,11,0,1,1,1,1,1,1,1,0,0,0,0,0,0,0,1,0,0,0,0,0,1,0,0
CUS_0x90e2,27377.06,1989.4216666666664,5,7,15,4,28,8,12.48,100,982.91,31.248816556850343,57.316695441147424,43.09474095657836,338.5307302689409,2023-02-01,2025-10-06 10:48:44.104,19,2,1,1,0,0,1,0,0,0,1,1,0,0,0,0,1,0,0,0,0,1,0,0,0,0
CUS_0xc6e,60489.88,4996.823333333333,4,5,5,2,5,15,9.48,40,465.98,31.66179166740361,88.90734463631388,256.3474398092919,444.4275488877275,2023-02-01,2025-10-06 10:48:44.104,25,4,0,1,0,0,0,0,0,0,1,0,1,0,0,0,1,0,0,0,0,0,1,0,0,0
CUS_0x5eef,59240.0,4697.666666666667,6,5,9,2,14,14,11.56,20,469.89,31.12733264963033,69.26616417252536,147.56680612569704,502.9336963684443,2023-02-01,2025-10-06 10:48:44.104,17,9,0,1,1,0,0,0,0,0,0,1,0,0,0,0,1,0,0,0,1,0,0,0,0,0
CUS_0x6b7,19632.64,1537.053333333333,5,5,12,5,16,12,10.95,80,2157.76,34.32032845401619,42226.0,46.712343764385174,302.50969890048793,2023-02-01,2025-10-06 10:48:44.104,18,10,0,0,0,0,1,0,1,1,1,1,0,0,0,0,1,0,0,0,1,0,0,0,0,0
CUS_0x6235,35142.57,3074.5475,3,7,18,4,10,14,8.64,50,951.46,28.64151963464557,90.90178476896229,53.0385002814788,413.5144649495589,2023-02-01,2025-10-06 10:48:44.104,16,2,1,0,0,0,0,1,1,1,0,0,0,0,0,0,1,0,0,0,1,0,0,0,0,0
CUS_0x663d,60106.11,4895.8425,6,9,32,3,33,4211,11.5,4770,1462.16,27.60980664432519,102.24267854871673,156.8443150050989,480.49725644618434,2023-02-01,2025-10-06 10:48:44.104,19,11,0,0,1,0,0,0,0,0,1,1,0,0,0,0,1,0,0,0,1,0,0,0,0,0
CUS_0x9b38,35358.15,3062.5125000000007,7,3,16,3,25,11,18.62,40,444.88,26.78355540335456,76.58167534727207,59.52525122079889,420.1443234319291,2023-02-01,2025-10-06 10:48:44.104,15,9,1,0,0,0,1,1,0,0,0,1,0,0,0,0,0,0,1,0,1,0,0,0,0,0
CUS_0xa41e,82778.56,7008.213333333332,6,6,30,4,33,15,17.39,150,1777.73,36.846079371790296,49942.0,120.53240953014252,625.0936068604818,2023-02-01,2025-10-06 10:48:44.104,18,2,1,0,0,0,0,1,0,1,0,0,0,0,0,0,0,0,1,0,1,0,0,0,0,0
CUS_0x4adc,20295.67,1474.8598998948437,10,6,17,8,46,16,2.56,160,2103.83,32.52233853108922,131.54709508740996,10000.0,230.74812084210288,2023-02-01,2025-10-06 10:48:44.104,20,6,1,1,1,1,0,0,0,1,1,1,0,0,0,0,0,0,1,0,0,0,0,1,0,0
CUS_0x7806,93139.65,7936.6375,3,6,6,3,14,3,3.03,40,1016.37,27.642878420404703,192.7884218491929,244.20249705005642,636.6728311007507,2023-02-01,2025-10-06 10:48:44.104,28,2,0,1,0,1,0,0,1,0,0,0,1,0,0,0,0,0,1,0,0,0,0,1,0,0
CUS_0x2b3c,35751.93,3133.3275,5,5,262,0,1,0,7.54,0,380.52,35.918944732114866,0.0,49.4318605731111,513.9008894268891,2023-02-01,2025-10-06 10:48:44.104,30,6,0,0,0,0,0,0,0,0,0,0,1,0,0,1,0,0,0,0,1,0,0,0,0,0
CUS_0x981a,39693.86,3302.6931218177333,0,2,1,2,0,12,1.69,40,306.03,34.780415176228914,197.53622884808297,363.24037084914903,463.92527256590563,2023-02-01,2025-10-06 10:48:44.104,18,5,0,0,1,0,0,0,0,1,0,0,1,0,0,0,0,0,1,0,1,0,0,0,0,0
CUS_0xba27,29768.44,2448.703333333333,1,6,4,1,24,1,7.2,30,118.58,27.643234429269647,19.089060054680868,29.36508525028898,446.4161880283635,2023-02-01,2025-10-06 10:48:44.104,25,11,0,0,1,0,0,0,0,0,0,0,1,0,0,1,0,0,0,0,1,0,0,0,0,0
CUS_0x5edf,34476.64,2888.3468233198964,5,6,19,2,7,9,7.439999999999999,20,772.61,24.411382111249974,164.9956285991622,295.25679002364444,235.8594247239637,2023-02-01,2025-10-06 10:48:44.104,24,0,0,0,0,1,0,1,0,0,0,1,0,0,0,0,1,0,0,0,0,0,0,1,0,0
CUS_0x70d8,116346.93,9814.5775,0,3,9,3,2,7,10.23,30,115.22,41.58255276492128,183.00131988340425,231.8293126797947,816.6271174368012,2023-02-01,2025-10-06 10:48:44.104,30,6,0,1,0,0,0,0,1,1,0,0,1,0,0,1,0,0,0,0,1,0,0,0,0,0
CUS_0xba5f,50818.83,4114.9025,6,5,20,6,17,26,18.57,60,1528.92,38.91854690946336,192.10880947278807,84.83190058631682,384.54953994089516,2023-02-01,2025-10-06 10:48:44.104,18,10,1,0,0,0,0,0,1,1,0,1,0,0,0,0,0,1,0,0,1,0,0,0,0,0
CUS_0xbbf5,35346.69,2757.557500000001,1,6,12,1,0,3,8.3,40,497.75,35.28408362397654,23.593977965179683,278.8774964601851,263.2842755746352,2023-02-01,2025-10-06 10:48:44.104,29,9,0,0,0,0,0,0,0,1,0,0,1,0,0,1,0,0,0,0,0,0,1,0,0,0
CUS_0x2951,19441.41,1386.1175,9,8,31,2,39,22,3.43,100,2577.35,28.89976536744637,22.390314860172943,108.28520041414923,299.10303827793905,2023-02-01,2025-10-06 10:48:44.104,16,10,1,0,0,0,0,0,0,0,1,1,0,0,0,0,0,1,0,0,0,0,0,1,0,0
CUS_0x32fb,55877.54,4477.461666666667,4,5,11,1,25,11,10.38,80,592.24,34.05153094759858,46.35492672552254,185.90023118393208,475.49100875721217,2023-02-01,2025-10-06 10:48:44.104,22,8,0,0,0,1,0,0,0,0,0,1,0,0,0,0,1,0,0,1,0,0,0,0,0,0
CUS_0x436d,13016.955,805.7462499999998,5,5,14,1,20,8,9.81,40,519.51,25.008633492695694,7.327678460882679,29.46681118879366,323.7801353503237,2023-02-01,2025-10-06 10:48:44.104,24,9,0,1,0,0,0,0,0,0,0,0,1,0,0,0,1,0,0,0,0,0,0,1,0,0
CUS_0x6743,37840.64,2913.3866666666668,6,5,5,2,20,16,19.54,70,2641.91,32.309582181880394,60.68036049882516,239.3270774150196,261.33122875282197,2023-02-01,2025-10-06 10:48:44.104,15,5,1,0,0,0,0,0,0,0,1,1,0,0,0,0,1,0,0,0,0,0,0,0,0,1
CUS_0xae58,18946.07,1592.8391666666666,9,10,28,5,58,22,9.07,80,2534.53,39.18373054662722,75.92936419429839,131.42559093523752,231.92896153713082,2023-02-01,2025-10-06 10:48:44.104,14,5,0,0,1,0,0,0,0,1,1,1,0,0,0,0,0,0,1,0,0,0,0,0,0,1
CUS_0x3cc6,10279.305,955.60875,7,9,34,5,40,13,2.05,70,4072.2,36.28302465194678,42.45041549458641,43.777045881017415,299.33341362439614,2023-02-01,2025-10-06 10:48:44.104,4,5,1,0,1,0,0,1,0,0,1,1,0,0,0,0,0,1,0,0,0,0,1,0,0,0
CUS_0x46ff,72849.56,6118.796666666666,3,3,12,6,26,20,15.07,90,965.85,27.949028325940382,230.4748559348489,373.9437855457405,287.4610251860772,2023-02-01,2025-10-06 10:48:44.104,9,1,0,1,0,1,0,0,0,1,0,1,0,0,0,0,1,0,0,0,0,0,0,1,0,0
CUS_0x4c8d,110143.65,9117.6375,6,7,3,3,28,15,8.63,0,1304.45,30.71200866443089,233.4507699120025,176.8834431300531,751.4295369579445,2023-02-01,2025-10-06 10:48:44.104,19,11,1,0,0,0,1,0,0,0,1,0,1,0,0,0,0,0,1,0,1,0,0,0,0,0
CUS_0x6b7c,81334.68,6766.889999999999,9,411,32,2,37,24,13.62,110,1731.47,27.4209530915764,99.27963920315702,133.47735038488807,703.9320104119548,2023-02-01,2025-10-06 10:48:44.104,13,9,0,1,0,0,1,0,0,0,0,1,0,0,0,0,0,1,0,1,0,0,0,0,0,0
CUS_0x7542,26347.02,2060.585,4,7,17,2,11,9,1.18,40,409.12,39.58238183003605,40.14962650083261,33.738191809185665,372.1706816899817,2023-02-01,2025-10-06 10:48:44.104,19,2,0,0,0,1,0,0,1,0,0,0,1,0,0,0,1,0,0,0,0,1,0,0,0,0
CUS_0x6069,31327.28,2427.6066666666666,9,7,19,3,41,18,13.97,60,1819.09,29.40009195452837,65.64066391951529,165.37424669720704,301.74575604994436,2023-02-01,2025-10-06 10:48:44.104,13,11,0,0,0,0,1,0,1,0,0,1,0,0,0,0,1,0,0,0,0,0,1,0,0,0
CUS_0x7be5,7330.945,833.9120833333333,6,10,33,0,55,16,31.45,120,4401.57,32.65228052629181,52.59339621848825,10000.0,272.9554882013059,2023-02-01,2025-10-06 10:48:44.104,14,4,1,0,1,0,1,1,0,1,1,0,0,0,0,0,0,1,0,0,0,0,0,0,1,0
CUS_0x9443,8204.11,816.6758333333332,6,7,20,9,44,15,2.3600000000000003,80,2359.92,34.275827693078554,57.87131550498545,39.883210205128606,263.9130576232193,2023-02-01,2025-10-06 10:48:44.104,19,5,1,1,1,1,1,1,0,1,0,1,0,0,0,0,0,1,0,0,0,0,0,1,0,0
CUS_0x2bc8,7981.735,893.1445833333332,10,7,24,6,29,16,15.3,120,4829.8,40.76575183477386,20.325176429650973,70.46453443127184,278.5247474724105,2023-02-01,2025-10-06 10:48:44.104,4,2,0,1,0,1,0,0,0,1,0,1,0,0,0,0,0,1,0,0,0,0,0,1,0,0
CUS_0xab3b,92794.04,7562.836666666666,4,7,7,0,27,16,11.09,30,1269.4,28.66989749604261,0.0,145.00345337952876,871.2802132871379,2023-02-01,2025-10-06 10:48:44.104,28,5,0,0,0,0,0,0,0,0,0,1,0,0,0,0,1,0,0,1,0,0,0,0,0,0
CUS_0x4b67,19303.21,1437.6008333333332,6,5,28,7,16,18,9.44,140,2682.53,24.73559741059929,107.54692577402,190.22369724865442,135.9894603106589,2023-02-01,2025-10-06 10:48:44.104,16,4,1,0,1,0,0,1,0,1,0,1,0,0,0,0,1,0,0,0,0,0,1,0,0,0
CUS_0x6fa,16520.865,1492.7387500000002,4,1,8,2,1,6,1.53,80,841.69,31.21153568158221,24.131379180561854,56.966729421033726,328.17576639840445,2023-02-01,2025-10-06 10:48:44.104,16,9,0,0,0,0,1,0,0,0,1,0,1,0,0,1,0,0,0,1,0,0,0,0,0,0
CUS_0x746c,23412.9,1981.075,64,6,4,1,19,18,0.8600000000000003,40,467.7,31.88376720234585,12.709242367328365,238.00211434884426,237.39614328382743,2023-02-01,2025-10-06 10:48:44.104,27,3,1,0,0,0,0,0,0,0,0,0,1,0,0,0,1,0,0,0,0,0,1,0,0,0
CUS_0x7ff5,95933.64,8167.47,7,4,13,4,27,9,9.7,20,1387.35,33.17420802487002,218.133955004258,271.98737823251764,576.6256667632244,2023-02-01,2025-10-06 10:48:44.104,19,2,0,1,0,1,0,1,0,1,0,0,1,0,0,0,1,0,0,0,1,0,0,0,0,0
CUS_0xa0b8,15026.04,1059.17,10,5,28,6,19,17,8.79,80,4062.77,36.80929993502632,39.47601126941029,79.65258847908619,256.7884002515036,2023-02-01,2025-10-06 10:48:44.104,12,8,0,1,1,1,0,1,0,1,0,1,0,0,0,0,0,0,1,0,0,0,0,0,1,0
CUS_0xa27e,17001.34,1214.7783333333334,6,5,5,1,5,20,5.62,20,1093.87,35.03187221946185,10.535555607461252,99.29445779179599,301.6478199340761,2023-02-01,2025-10-06 10:48:44.104,17,9,0,0,0,0,0,0,1,0,0,0,1,0,0,0,1,0,0,0,0,0,1,0,0,0
CUS_0x33de,16340.12,1275.6766666666667,10,9,16,5,56,17,18.18,90,3761.85,35.38572844922549,41.16198161285054,97.70337821147795,258.7023068423382,2023-02-01,2025-10-06 10:48:44.104,6,3,1,1,0,1,0,0,0,0,1,1,0,0,0,0,0,1,0,0,0,0,0,0,1,0
CUS_0x3dfa,82194.02,6799.501666666668,0,3,2,3,7,4,8.62,30,957.94,24.87473013107288,119.42218812094498,371.8433889113894,448.6845896343325,2023-02-01,2025-10-06 10:48:44.104,29,3,0,0,0,1,0,0,0,0,0,0,1,0,0,1,0,0,0,1,0,0,0,0,0,0
CUS_0x26f8,29374.77,2377.8975,3,7,6,2,23,15,16.65,70,1189.37,35.68771723561059,40.26407406013254,158.488561620771,329.0371143190965,2023-02-01,2025-10-06 10:48:44.104,20,3,0,0,0,0,0,1,0,1,0,1,0,0,0,0,1,0,0,0,0,0,0,0,0,1
CUS_0x6473,50686.31999999999,4451.86,5,4,2891,2,25,10,14.01,90,145.46,22.322120422810546,61.68673695395108,283.89074053402646,369.6085225120224,2023-02-01,2025-10-06 10:48:44.104,9,11,0,1,0,1,0,0,0,0,0,1,0,0,0,0,1,0,0,0,0,0,0,0,1,0
CUS_0x8cd3,105556.38,8962.365,5,5,10,0,24,9,15.89,40,770.97,42.89247007159644,0.0,119.17239358493993,1017.06410641506,2023-02-01,2025-10-06 10:48:44.104,17,5,0,0,0,0,0,0,0,0,0,1,0,0,0,0,0,0,1,0,0,1,0,0,0,0
CUS_0xd33,54167.61,4806.9675,8,8,2616,6,51,18,12.41,130,2145.42,34.618756502892424,59934.0,152.36475144515248,334.38403068789125,2023-02-01,2025-10-06 10:48:44.104,19,9,0,1,0,1,1,1,1,0,0,1,0,0,0,0,0,0,1,0,1,0,0,0,0,0
CUS_0x191b,108625.29,9105.1075,8,6,13,0,11,16,2.88,30,303.74,39.237801282528174,0.0,255.37620622046109,935.1345437795391,2023-02-01,2025-10-06 10:48:44.104,22,3,0,0,0,0,0,0,0,0,0,0,1,0,0,0,1,0,0,0,0,0,0,1,0,0
CUS_0x25d8,43508.74,3397.728333333333,0,3,1,2,7,10,6.17,50,54.17,27.125484822535647,68.82170473665431,10000.0,426.416388194192,2023-02-01,2025-10-06 10:48:44.104,28,0,0,0,1,0,0,0,0,0,1,0,1,0,0,0,0,0,1,0,1,0,0,0,0,0
CUS_0x43fd,71096.02,6140.668333333334,6,3,18,1,26,5,3.26,50,1494.93,29.869414204590505,10808.0,127.33207813091437,705.5424223776249,2023-02-01,2025-10-06 10:48:44.104,24,8,1,0,0,0,0,0,0,0,0,0,0,0,0,0,1,0,0,0,1,0,0,0,0,0
CUS_0xa2af,14031.25,1107.2708333333333,8,10,28,7,51,17,29.07,60,3806.35,28.75777534784656,79.52467981516034,96.74383073651043,224.45857278166253,2023-02-01,2025-10-06 10:48:44.104,2,8,0,1,1,1,0,1,1,0,1,1,0,0,0,0,0,1,0,0,0,0,1,0,0,0
CUS_0xc90,76391.48,6596.956666666666,1,4,10,2,27,5,1.77,40,614.83,24.81403246426904,75.81024103544209,797.3881280039592,76.49729762726531,2023-02-01,2025-10-06 10:48:44.104,24,9,0,1,0,1,0,0,0,0,0,0,1,0,0,1,0,0,0,0,0,0,1,0,0,0
CUS_0x3cb7,29487.25,1984.3387444721827,7,3,16,3,25,20,11.71,90,160.14,27.38337374213233,243.560539339787,286.3216524178552,154.2769804368421,2023-02-01,2025-10-06 10:48:44.104,28,2,0,1,1,0,0,0,1,0,0,1,0,0,0,0,1,0,0,0,0,0,0,0,0,1
CUS_0x71de,28278.99,2293.5825,8,7,16,1,13,10,8.97,20,796.54,30.56859858602353,12.700162508092706,222.02130320479904,274.63678428710824,2023-02-01,2025-10-06 10:48:44.104,29,6,0,0,0,0,0,0,1,0,0,0,1,0,0,0,1,0,0,0,0,0,0,1,0,0
CUS_0x825e,19213.81,1812.150833333333,9,8,28,3,58,15,16.27,120,1576.95,26.527868804102308,31.70698129458141,187.2367817250636,252.2713203136884,2023-02-01,2025-10-06 10:48:44.104,18,2,0,1,0,1,0,0,0,1,0,1,0,0,0,0,0,1,0,0,0,0,1,0,0,0
CUS_0xa138,126664.28,10474.356666666668,7,7,18,2,18,8,8.84,120,270.36,37.0831122347708,149.18057183225451,286.78746564574925,891.4676291886632,2023-02-01,2025-10-06 10:48:44.104,32,9,1,1,0,0,0,0,0,0,0,1,0,0,0,0,1,0,0,0,0,0,0,1,0,0
CUS_0xbdd9,31785.1,2410.758333333333,7,9,27,9,45,16,27.75,70,4399.44,38.59084163746596,178.77415955675656,164.06065153876273,188.24102223781404,2023-02-01,2025-10-06 10:48:44.104,8,5,1,0,1,1,1,1,1,1,0,1,0,0,0,0,0,0,1,0,0,0,1,0,0,0
CUS_0xec8,19457.5,1904.458333333333,5,7,15,1,8,17,17.11,60,198.06,39.87447100501442,9.01222264208022,46.292051624437505,395.14155906681566,2023-02-01,2025-10-06 10:48:44.104,25,8,0,0,0,0,0,0,1,0,0,1,0,0,0,0,0,0,1,1,0,0,0,0,0,0
CUS_0x44fa,34175.26,2761.938333333333,4,5,11,2,29,14,4.5,40,654.0,31.380842205599656,37.6375516701501,74.9651729757445,443.5911086874388,2023-02-01,2025-10-06 10:48:44.104,23,5,0,1,1,0,0,0,0,0,0,1,0,0,0,0,1,0,0,0,0,0,0,1,0,0
CUS_0x5ef2,17804.96,1246.746666666667,4,4,13,2,12,18,6.17,40,1226.09,36.59887855412819,20.93658105394673,50.455109875868,303.28297573685194,2023-02-01,2025-10-06 10:48:44.104,18,6,0,0,0,1,1,0,0,0,0,0,1,0,0,0,1,0,0,0,1,0,0,0,0,0
CUS_0x6620,61922.24,5418.1866666666665,6,9,4842,9,20,19,23.28,150,4678.77,33.64505309391192,336.0148625335316,392.82535405173536,102.97845008139969,2023-02-01,2025-10-06 10:48:44.104,3,11,1,1,1,1,0,1,0,1,0,1,0,0,0,0,0,1,0,0,0,0,1,0,0,0
CUS_0xba60,17455.005,1651.58375,1,3,4,2,7,3,11.04,10,532.1,32.81029380403241,24.613534072563876,37.7003279091925,352.8445130182436,2023-02-01,2025-10-06 10:48:44.104,15,11,0,0,0,0,0,1,0,0,1,0,1,0,0,0,0,0,1,0,1,0,0,0,0,0
CUS_0x61a6,77476.68000000001,6235.39,4,1269,10,3,21,10,11.19,20,801.87,40.45087735294248,112.63825635213324,561.8333460374897,229.06739761037718,2023-02-01,2025-10-06 10:48:44.104,31,5,0,0,1,1,1,0,0,0,0,0,1,0,0,0,1,0,0,0,0,0,0,1,0,0
CUS_0xa806,35733.63,2883.8025,5,3,11,6,20,19,11.78,40,781.34,39.11782072663284,96.60188430573584,120.61663616169297,341.1617295325712,2023-02-01,2025-10-06 10:48:44.104,8,8,1,0,0,1,1,0,0,1,0,1,0,0,0,0,1,0,0,0,0,0,0,0,1,0
CUS_0x1ef7,20316.57,1926.0475,3,8,24,3,20,12,12.07,130,2584.09,36.37670373042561,45.78906263015938,158.07110379298246,278.7445835768582,2023-02-01,2025-10-06 10:48:44.104,8,5,0,1,0,0,1,0,0,0,1,1,0,0,0,0,1,0,0,0,0,0,1,0,0,0
CUS_0x2dbf,101583.48,8648.289999999999,5,7,10,4,8,10,4.89,50,50.93,28.06852884866253,190.8110171189076,10000.0,734.5778251920817,2023-02-01,2025-10-06 10:48:44.104,24,4,0,0,0,0,0,1,0,1,1,0,1,0,0,0,1,0,0,0,0,1,0,0,0,0
CUS_0x38e1,19526.92,1482.243333333333,2,6,12,2,8,2,10.97,70,41.85,34.68565842687667,23.58359185609264,164.2008471992951,250.4398942779456,2023-02-01,2025-10-06 10:48:44.104,27,9,0,0,0,1,0,0,1,0,0,0,1,0,0,1,0,0,0,0,0,0,1,0,0,0
CUS_0xa7e1,44006.56,3432.213333333333,3,3,7,2,3,2,3.96,30,186.6,25.59845012248019,36.80825111599717,303.77127774165706,292.6418044756791,2023-02-01,2025-10-06 10:48:44.104,20,4,0,0,0,0,0,1,0,1,0,0,1,0,0,0,0,0,1,0,0,0,1,0,0,0
CUS_0x3c61,12153.69,886.8075,6,5,13,2,27,19,9.97,50,127.34,22.34849413928097,15.76815239003066,56.44295772747567,296.46963988249365,2023-02-01,2025-10-06 10:48:44.104,33,5,0,0,1,0,0,0,1,0,0,1,0,0,0,0,1,0,0,0,0,0,0,1,0,0
CUS_0x1252,34132.87,2970.4058333333337,4,6,4,4,7,13,10.89,20,187.64,37.948323515588754,100.08431790291893,378.7462153823724,108.21005004804205,2023-02-01,2025-10-06 10:48:44.104,21,2,0,0,0,1,1,1,1,0,0,0,1,0,0,1,0,0,0,0,0,0,1,0,0,0
CUS_0x5dd0,20058.555,1817.54625,5,3,4,0,9,4,6.69,30,390.98,34.43253668825359,35.39825995212125,121.2042454528202,315.15211959505865,2023-02-01,2025-10-06 10:48:44.104,16,2,1,0,0,0,1,0,0,0,0,0,1,0,0,1,0,0,0,0,0,0,1,0,0,0
CUS_0x8e88,58074.15,4881.5125,8,6,24,8,24,23,26.76,130,2829.78,29.52777664536888,207.66934291499572,568.7019225553162,1.7799845296881358,2023-02-01,2025-10-06 10:48:44.104,10,3,1,0,0,0,1,0,1,0,1,1,0,0,0,0,0,1,0,0,0,0,1,0,0,0
CUS_0xb023,81259.36,6930.26911988602,7,7,31,6,47,20,5.08,140,2151.93,26.04118025976424,405.1977058766813,117.58022245364077,549.8556389626024,2023-02-01,2025-10-06 10:48:44.104,9,10,0,0,1,0,1,1,0,0,1,1,0,0,0,0,0,0,1,0,0,1,0,0,0,0
CUS_0x1140,1.4532812E7,914.15,6,10,28,6,18,19,27.01,140,4128.98,29.370854851559912,24.906263362349712,80.86351180980212,255.64522482784815,2023-02-01,2025-10-06 10:48:44.104,6,11,1,1,1,1,0,0,0,1,1,1,0,0,0,0,0,1,0,0,0,0,0,0,1,0
CUS_0x5ec,16054.06,1416.8383333333334,8,5,7,3,26,12,12.87,90,2457.58,37.038628793203735,25.82604128916273,179.94332144392624,225.9144706002444,2023-02-01,2025-10-06 10:48:44.104,16,4,0,0,0,1,1,0,0,1,0,1,0,0,0,0,1,0,0,0,0,0,1,0,0,0
CUS_0xae09,57377.16,4651.43,9,5,34,6,41,22,8.56,80,1872.78,38.71734851137335,284.1447939019351,52.257783523912,368.740422574153,2023-02-01,2025-10-06 10:48:44.104,6,9,0,1,1,1,0,0,0,1,0,0,0,0,0,0,0,0,1,0,0,1,0,0,0,0
CUS_0x24d7,58166.6,5117.216666666666,6,8,28,9,26,17,29.19,90,3331.54,29.83075092500545,319.1136390091478,439.5684519745021,43.039575683016665,2023-02-01,2025-10-06 10:48:44.104,8,7,0,1,1,1,1,1,1,1,0,1,0,0,0,0,0,1,0,0,0,0,0,0,0,1
CUS_0x756d,91404.54,7912.045000000001,7,7,888,4,32,12,0.0,0,66.93,32.17294197785272,282.26040679454263,675.8787694972601,123.06532370819748,2023-02-01,2025-10-06 10:48:44.104,15,11,0,0,1,1,0,0,0,0,1,1,0,0,0,0,1,0,0,0,0,0,1,0,0,0
CUS_0x8958,14129.42,1027.4516666666666,5,4,27,5,29,8,8.63,110,2550.42,38.90133499630512,55.22550617995536,35.930567962435994,291.5890925242753,2023-02-01,2025-10-06 10:48:44.104,17,8,0,0,1,0,1,0,1,0,0,1,0,0,0,0,1,0,0,0,0,0,0,1,0,0
CUS_0xc59d,22648.88,1599.406666666667,6,6,10,0,18,8,7.75,40,1414.75,34.12308377606701,28.935809229646956,215.61902836874236,205.3858290682774,2023-02-01,2025-10-06 10:48:44.104,19,4,1,0,0,0,0,0,1,0,0,0,1,0,0,0,1,0,0,0,0,0,0,0,0,1
CUS_0xa540,11954.335,932.1945833333332,5,6,18,1,22,12,0.30000000000000004,50,74.04,26.549130658966963,7.9258761282951795,62.954210866436966,312.3393713386012,2023-02-01,2025-10-06 10:48:44.104,17,4,0,1,0,0,0,0,0,0,0,1,0,0,0,0,1,0,0,0,0,0,1,0,0,0
CUS_0xafa8,16832.68,1516.7233333333334,5,4,11,1,6,8,8.21,50,516.43,22.494768511810943,10.592721894069614,154.90267775201778,266.176933687246,2023-02-01,2025-10-06 10:48:44.104,26,4,0,0,0,0,0,0,1,0,0,0,1,0,0,1,0,0,0,0,0,0,0,0,0,1
CUS_0x1902,15819.12,1393.26,5,6,9,0,17,11,8.95,60,114.81,35.03510517803144,0.0,86.34952405197359,332.9764759480264,2023-02-01,2025-10-06 10:48:44.104,25,0,0,0,0,0,0,0,0,0,0,0,1,0,0,0,1,0,0,0,0,0,0,1,0,0
CUS_0x8ec8,29741.12,2151.7023551673456,8,5,31,5,18,14,7.56,70,1284.84,32.46157965214408,77407.0,231.4106005602345,192.90985485833625,2023-02-01,2025-10-06 10:48:44.104,17,5,0,1,1,0,0,1,1,0,0,0,0,0,0,0,1,0,0,0,0,0,1,0,0,0
CUS_0x8f6b,28730.26,2333.188333333333,7,6,10,3,20,16,16.83,70,37.2,33.233129687012216,54.03705812868238,56.983479286623506,372.29829591802735,2023-02-01,2025-10-06 10:48:44.104,32,6,1,0,1,0,0,0,1,0,0,1,0,0,0,0,0,0,1,0,1,0,0,0,0,0
CUS_0x9686,38742.26,3029.521666666667,4,4,10,2,9,0,2.01,20,1313.0,24.9330530137055,40.71626838917785,58.52176922064505,443.7141290568438,2023-02-01,2025-10-06 10:48:44.104,31,11,0,0,0,1,0,0,0,1,0,0,1,0,0,1,0,0,0,0,0,1,0,0,0,0
CUS_0xa133,19740.445,1712.0370833333334,1,5,1,1,4,8,0.3999999999999999,0,23.2,37.62128927267299,15.71921549416634,59.964893528743545,365.51959931042353,2023-02-01,2025-10-06 10:48:44.104,25,3,0,0,0,0,1,0,0,0,0,0,1,0,0,1,0,0,0,0,0,0,0,0,1,0
CUS_0x898a,142743.4,12155.283333333333,3,4,4,0,1,3,10.75,40,1194.0,32.512408507387164,0.0,710.4025241050655,765.1258092282678,2023-02-01,2025-10-06 10:48:44.104,33,6,0,0,0,0,0,0,0,0,0,0,1,0,0,1,0,0,0,0,0,0,0,0,0,1
CUS_0x9177,35971.51,2973.625833333333,2,5,9,2,4,6,5.42,40,1435.21,31.055604712324985,42.55376084094655,76.57158015725177,281.97830569578116,2023-02-01,2025-10-06 10:48:44.104,30,10,0,0,1,0,0,0,1,0,0,0,1,0,0,1,0,0,0,0,0,0,0,0,0,1
CUS_0xb749,40636.56,3460.38,2,6,1,1,15,7,5.91,40,490.98,26.037033289968928,31.226807238957097,168.9910629543064,435.82012980673653,2023-02-01,2025-10-06 10:48:44.104,28,5,0,0,0,0,1,0,0,0,0,0,1,0,0,1,0,0,0,0,0,0,0,0,0,1
CUS_0x2cad,36592.92,2904.41,8,7,9,2,33,13,4.98,40,1301.92,25.00414042481978,43.28294046828422,54.95079476206698,442.2072647696488,2023-02-01,2025-10-06 10:48:44.104,23,3,0,0,0,0,1,0,0,0,1,1,0,0,0,0,1,0,0,0,1,0,0,0,0,0
CUS_0x72b2,33669.7,3077.808333333333,5,7,14,6,7,18,15.59,70,795.19,38.550295235028926,159.99009700062888,264.9030294651706,152.8877068675338,2023-02-01,2025-10-06 10:48:44.104,14,8,0,1,1,0,1,1,1,1,0,1,0,0,0,0,1,0,0,0,0,0,0,0,1,0
CUS_0x7659,20817.395,1773.7829166666668,5,5,4,3,3,11,11.17,50,1034.51,31.276286762271933,51.26156690031435,74.47168060557921,321.6450441607731,2023-02-01,2025-10-06 10:48:44.104,19,6,0,1,1,0,0,0,0,1,0,0,1,0,0,1,0,0,0,0,0,0,0,0,1,0
CUS_0x9f59,10233.555,1046.79625,7,4,3,1,13,17,18.2,40,757.92,33.20843981954086,7.648423558909102,128.68572453166732,258.34547690942355,2023-02-01,2025-10-06 10:48:44.104,26,10,0,0,0,0,0,0,1,0,0,0,1,0,0,1,0,0,0,0,0,0,1,0,0,0
CUS_0xbf23,8246.785,582.2320833333333,10,9,22,4,39,15,13.82,100,1528.01,32.85603728060793,24.475114650500423,62.0019730100034,261.74612067282953,2023-02-01,2025-10-06 10:48:44.104,9,5,0,0,0,1,1,1,0,0,0,1,0,0,0,0,1,0,0,0,0,0,0,0,0,1
CUS_0x227e,58729.36,5114.113333333334,4,3,15,5,6,2080,19.48,50,1568.33,35.44940672776897,166.19015498183705,102.17228064932215,503.0488977021743,2023-02-01,2025-10-06 10:48:44.104,10,3,0,1,0,0,1,0,0,1,0,1,0,0,0,0,1,0,0,0,0,0,0,0,0,1
CUS_0x9f23,118831.62,9625.635,0,6,6,2,7,5,2.37,60,1406.77,37.04020114229492,138.43813068416168,874.7358395769159,229.38952973892253,2023-02-01,2025-10-06 10:48:44.104,31,3,0,1,0,0,0,0,0,1,0,0,1,0,0,1,0,0,0,0,0,0,0,1,0,0
CUS_0xad9d,88133.16,7147.43,2,4,6,0,14,5,9.5,0,1073.99,34.6470943325917,0.0,442.1689459251396,552.5740540748603,2023-02-01,2025-10-06 10:48:44.104,26,4,0,0,0,0,0,0,0,0,0,0,1,0,0,0,0,0,1,0,0,0,0,1,0,0
CUS_0x3cc2,40369.07,3186.089166666666,0,4,10,0,9,0,0.0,0,570.51,24.071692436564344,81760.0,363.588413586631,245.0205030800357,2023-02-01,2025-10-06 10:48:44.104,27,10,0,0,0,0,0,0,0,0,0,0,0,0,0,1,0,0,0,0,0,0,1,0,0,0
CUS_0x4ff5,32486.64,2497.22,5,5,8,3,14,11,13.0,100,242.96,38.208821712681775,37250.0,223.56602667474786,245.05900121935574,2023-02-01,2025-10-06 10:48:44.104,18,5,0,0,0,0,1,0,0,1,0,1,0,0,0,0,1,0,0,0,0,0,0,0,1,0
CUS_0x3f1a,7832.295,488.69125,9,9,15,5,30,23,8.18,80,3951.21,28.46695921397232,27.09386204643617,28.92635360563293,282.8489093479309,2023-02-01,2025-10-06 10:48:44.104,0,11,0,0,0,0,0,0,1,1,0,1,0,0,0,0,0,1,0,0,0,0,1,0,0,0
CUS_0x113e,34476.68,2715.056666666667,6,7,24,8,36,17,4.48,110,1976.63,23.55350923404709,171.1757589064547,10000.0,147.55738128895217,2023-02-01,2025-10-06 10:48:44.104,11,6,1,1,0,1,1,1,0,0,1,1,0,0,0,0,0,1,0,0,0,0,0,1,0,0
CUS_0x4ebf,63382.56,4996.88,10,9,24,7,28,8,8.22,100,2441.01,25.1919950447624,353.02979834622147,67.40110298587169,319.25709866790686,2023-02-01,2025-10-06 10:48:44.104,11,10,1,0,0,1,1,1,1,0,1,1,0,0,0,0,1,0,0,0,0,1,0,0,0,0
CUS_0xdbf,102628.28,8252.356666666668,5,3,10,1,16,14,11.47,50,103.13,42.72648815687374,76.90893809050846,130.4122198443961,857.9145087317622,2023-02-01,2025-10-06 10:48:44.104,26,6,0,0,0,0,1,0,0,0,0,1,0,0,0,0,0,0,1,0,0,1,0,0,0,0
CUS_0x1881,39755.36,3188.9466666666667,9,10,27,9,54,24,4.05,130,1721.47,25.42839797309731,154.22821150292216,325.10631863652196,119.56013652722253,2023-02-01,2025-10-06 10:48:44.104,9,8,1,1,0,1,1,1,0,0,1,1,0,0,0,0,0,1,0,0,0,0,0,1,0,0
CUS_0x50ab,39231.42,3202.285,6,9,23,3,37,8,12.33,80,1720.78,41.029970919793264,49.07273644040175,97.24089629093687,423.91486726866134,2023-02-01,2025-10-06 10:48:44.104,15,4,0,0,1,1,0,0,0,0,1,0,0,0,0,0,1,0,0,0,1,0,0,0,0,0
CUS_0x8d7c,66176.67,5809.7225,8,6,19,2,20,21,16.4,50,750.37,37.01577068003309,78.2093596891162,149.9956040431355,602.7672862677482,2023-02-01,2025-10-06 10:48:44.104,20,10,0,0,1,0,1,0,0,0,0,0,0,0,0,0,1,0,0,0,1,0,0,0,0,0
CUS_0x1899,59908.68,5185.39,3,5,33,5,23,12,9.07,170,2561.65,41.791855918703206,201.20865082024133,89.5487684283947,477.7815807513641,2023-02-01,2025-10-06 10:48:44.104,14,10,0,0,1,0,1,0,1,1,0,1,0,0,0,0,1,0,0,0,1,0,0,0,0,0
CUS_0x5af2,101977.44,8475.12,3,3,20,6,10,19,12.93,12470,393.75,36.124591883447216,398.41193790314605,144.10721275802922,544.992849338825,2023-02-01,2025-10-06 10:48:44.104,9,2,1,0,0,1,1,1,0,1,0,1,0,0,0,0,1,0,0,0,0,1,0,0,0,0
CUS_0x5f8b,16776.02,1622.0016666666668,8,3,10,4,22,19,10.2,50,244.46,24.19326107627515,28.13446348959307,135.15097289822077,268.91473027885286,2023-02-01,2025-10-06 10:48:44.104,30,0,0,0,1,0,0,1,1,0,0,1,0,0,0,0,1,0,0,0,0,0,0,0,1,0
CUS_0x1a18,16724.855,1490.737916666667,7,4,11,2,6,17,0.0,50,1008.14,37.28378928429913,18.492570956470832,76.2525194269531,324.3287012832427,2023-02-01,2025-10-06 10:48:44.104,20,0,1,0,1,0,0,0,0,0,0,1,0,0,0,0,1,0,0,0,0,0,0,0,1,0
CUS_0x6cfa,21809.35,1672.4458333333332,5,7,10,1,4,2,0.0,50,739.01,31.507833491032773,16.392357587474066,46.82990192593647,354.0223238199228,2023-02-01,2025-10-06 10:48:44.104,25,2,0,0,0,1,0,0,0,0,0,0,1,0,0,1,0,0,0,0,1,0,0,0,0,0
CUS_0xa973,20638.155,1815.84625,2,5,4,0,24,0,3.16,30,1348.17,35.531032743287795,0.0,51.31573000178587,380.268894998214,2023-02-01,2025-10-06 10:48:44.104,27,8,0,0,0,0,0,0,0,0,0,0,1,0,0,0,0,0,1,0,1,0,0,0,0,0
CUS_0x3d63,63901.05,5409.0875,4,6,19,0,21,20,14.49,50,1253.04,25.0533953157255,0.0,10000.0,672.1394258479613,2023-02-01,2025-10-06 10:48:44.104,26,3,0,0,0,0,0,0,0,0,0,0,0,0,0,0,1,0,0,0,1,0,0,0,0,0
CUS_0xc4bb,12928.24,1112.3533333333332,7,6,11,1074,8,20,1.15,0,1057.29,29.26368571365969,0.0,147.7624356030613,253.472897730272,2023-02-01,2025-10-06 10:48:44.104,33,0,0,0,0,0,0,0,0,0,0,0,0,0,0,1,0,0,0,0,0,0,1,0,0,0
CUS_0x3f3e,39791.2,3491.933333333333,6,9,29,0,31,23,15.55,70,1287.18,23.23358066461761,58.038855748253496,231.20867683188564,349.94580075319413,2023-02-01,2025-10-06 10:48:44.104,9,9,0,0,0,1,1,0,0,0,0,0,0,0,0,0,0,1,0,0,0,0,1,0,0,0
CUS_0x6cd1,81338.16,6642.18,11,10,33,8,60,15,19.26,120,4455.19,28.261133942293373,356.7665325319548,441.52624142297316,135.925226045072,2023-02-01,2025-10-06 10:48:44.104,14,5,1,1,1,1,0,0,0,0,1,1,0,0,0,0,0,0,1,0,0,0,0,0,1,0
CUS_0x5cc8,118080.4,9899.033333333333,5,3,11,1,22,13,8.17,10,1201.75,34.81749682229604,81.48586054884058,779.6473040310037,408.770168753489,2023-02-01,2025-10-06 10:48:44.104,23,0,0,0,1,0,0,0,0,0,0,1,0,0,0,0,1,0,0,0,0,0,0,1,0,0
CUS_0x632f,40835.65,3173.9708333333333,5,2,1,0,10,11,6.42,30,1395.47,37.568059687047786,0.0,58.111056894511776,519.2860264388216,2023-02-01,2025-10-06 10:48:44.104,29,11,0,0,0,0,0,0,0,0,0,0,1,0,0,0,0,0,1,1,0,0,0,0,0,0
CUS_0x8cf2,35572.08,2683.34,2,6,7,4,10,9,10.97,30,1078.33,22.11874622364853,118.13989562443228,168.77705554010842,251.41704883545933,2023-02-01,2025-10-06 10:48:44.104,16,5,0,1,1,1,0,0,0,1,0,0,1,0,0,0,0,0,1,0,0,0,0,0,1,0
CUS_0xb786,101954.94,8544.245,1,6,3,4,1,7,3.79,30,606.47,34.371153466637566,275.8198233942259,1041.765428180808,158.02372546952117,2023-02-01,2025-10-06 10:48:44.104,24,4,0,0,1,1,0,0,0,0,1,0,1,0,0,0,0,0,1,0,0,0,1,0,0,0
CUS_0x550b,14830.48,1414.8733333333332,7,9,20,2,15,19,7.05,130,2398.69,35.845705029629784,19.62810138696659,122.47084584069034,289.38838610567643,2023-02-01,2025-10-06 10:48:44.104,17,3,0,0,1,0,0,0,0,1,0,1,0,0,0,0,0,0,1,0,0,0,1,0,0,0
CUS_0x6c5d,72050.92,6173.243333333333,2,5,4,2,12,7,1.1899999999999995,10,297.94,29.13307681125383,88.94101184193286,185.6762107099876,592.7071107814129,2023-02-01,2025-10-06 10:48:44.104,27,4,0,1,1,0,0,0,0,0,0,0,1,0,0,1,0,0,0,0,1,0,0,0,0,0
CUS_0xc2e8,38325.88,2942.8233333333333,3,7,22,7,10,20,15.88,90,1765.56,25.248299325287537,173.69503452190585,102.18466824448952,268.402630566938,2023-02-01,2025-10-06 10:48:44.104,9,10,0,1,1,1,0,0,1,0,0,1,0,0,0,0,1,0,0,0,1,0,0,0,0,0
CUS_0x560e,121881.24,10126.77,0,3,2,4,4,5,1.51,30,771.77,39.19485694189493,388.6004350130061,251.21954458956463,612.8570203974293,2023-02-01,2025-10-06 10:48:44.104,16,10,0,1,0,1,0,0,1,0,0,0,1,0,0,1,0,0,0,0,0,1,0,0,0,0
CUS_0x67cb,14433.725,1389.810416666667,3,3,6,3,27,16,12.76,80,33.79,29.25591061324566,29.708979312256297,67.09725238728164,332.17480996712874,2023-02-01,2025-10-06 10:48:44.104,33,6,0,1,0,0,0,1,0,0,1,1,0,0,0,0,1,0,0,0,0,0,1,0,0,0
CUS_0xb6b,36463.7,2845.6416666666664,4,7,3,1,9,5,4.55,10,1051.13,24.494327619456268,19.159720761716454,44.1586850750759,471.24576082987437,2023-02-01,2025-10-06 10:48:44.104,18,4,0,0,0,1,0,0,0,0,0,0,1,0,0,1,0,0,0,0,1,0,0,0,0,0
CUS_0x33f9,8052.79,961.0658333333332,8,7,24,8,48,23,20.28,120,3937.86,24.805767476197303,29.24052455412561,54.74977174383825,302.11628703536945,2023-02-01,2025-10-06 10:48:44.104,6,10,0,1,0,1,1,1,0,1,1,1,0,0,0,0,0,0,1,0,0,0,1,0,0,0
CUS_0xb4bc,54842.58,4734.215,8,9,29,7,29,15,25.94,110,3475.69,29.33135408458078,189.65767166385032,211.4307689794376,362.3330593567121,2023-02-01,2025-10-06 10:48:44.104,3,0,1,0,0,1,1,1,1,1,0,1,0,0,0,0,0,1,0,0,0,0,1,0,0,0
CUS_0x7a1f,102046.83,8609.9025,3,48,3,0,7,2,1.78,60,1252.78,39.4676444700691,0.0,265.25330050582204,845.736949494178,2023-02-01,2025-10-06 10:48:44.104,24,2,0,0,0,0,0,0,0,0,0,0,0,0,0,1,0,0,0,0,1,0,0,0,0,0
CUS_0x8432,14886.29,1379.5241666666668,6,7,20,2,53,25,10.17,140,2489.24,33.39150992471307,17.63513531091223,163.42675705046142,246.89052430529307,2023-02-01,2025-10-06 10:48:44.104,13,5,0,0,0,1,0,1,0,0,0,1,0,0,0,0,0,1,0,0,0,0,1,0,0,0
CUS_0x4423,15305.23,942.6425830927744,8,5,3,4,5,19,10.57,0,1400.42,25.13851723559957,189.94487305042225,53.408672691947096,299.98328783152266,2023-02-01,2025-10-06 10:48:44.104,31,5,1,1,0,1,0,0,0,0,1,0,1,0,0,0,0,0,1,0,0,0,0,0,1,0
CUS_0x489b,177560.68,14512.723333333332,0,3,5,0,17,5,4.19,10,376.64,37.359653092740174,0.0,671.0594905279713,1040.212842805362,2023-02-01,2025-10-06 10:48:44.104,24,4,0,0,0,0,0,0,0,0,0,0,0,0,0,1,0,0,0,1,0,0,0,0,0,0
CUS_0x63ac,28699.48,2434.623333333333,4,7,19,2,6,20,17.86,80,813.45,24.00614899001561,37.19278655710208,42.45473244699235,423.8148143292389,2023-02-01,2025-10-06 10:48:44.104,8,0,0,0,0,0,0,0,1,0,0,1,0,0,0,0,1,0,0,1,0,0,0,0,0,0
CUS_0x7405,28681.95,2308.1625,5,7,6,2,22,15,15.05,60,1379.62,31.10671823530234,45.01428541303371,204.55560518526403,271.2463594017023,2023-02-01,2025-10-06 10:48:44.104,16,5,0,1,0,0,0,0,0,1,0,1,0,0,0,0,1,0,0,0,0,0,1,0,0,0
CUS_0xaacd,37516.41,3252.3675000000007,0,3,3,1,18,5,6.88,30,645.33,24.90170096244607,18.97557469295694,170.9983377640163,395.2628375430268,2023-02-01,2025-10-06 10:48:44.104,32,4,0,1,0,0,0,0,0,0,0,0,0,0,0,0,0,0,1,1,0,0,0,0,0,0
CUS_0x4b5e,85721.81999999999,7182.485,4,3,8,0,14,4,8.82,40,1149.07,31.775979453824267,0.0,265.33059867008933,722.9179013299107,2023-02-01,2025-10-06 10:48:44.104,31,4,0,0,0,0,0,0,0,0,0,0,1,0,0,1,0,0,0,0,0,0,0,0,0,1
CUS_0x7874,9716.27,743.6891666666667,9,10,33,3,39,9,9.55,140,2198.96,27.47201598433129,24.041327576062077,27.336840954245478,312.9907481363591,2023-02-01,2025-10-06 10:48:44.104,12,11,1,0,0,0,0,1,0,0,1,1,0,0,0,0,1,0,0,0,0,0,1,0,0,0
CUS_0x9647,19667.89,1495.990833333333,9,9,32,0,17,14,12.91,60,1399.97,32.48911706198897,95.66654836392048,196.7455161582002,147.18701881121268,2023-02-01,2025-10-06 10:48:44.104,18,3,0,0,1,1,1,1,0,0,1,1,0,0,0,0,1,0,0,0,0,0,1,0,0,0
CUS_0xb8f7,21702.87,1794.5725,0,2,8,0,12,3,3.25,10,509.16,36.63911560257003,0.0,58.8588563923434,370.59839360765665,2023-02-01,2025-10-06 10:48:44.104,30,2,0,0,0,0,0,0,0,0,0,0,1,0,0,1,0,0,0,0,1,0,0,0,0,0
CUS_0x2ed5,76577.84,6597.486666666668,4,4,19,7,18,19,13.01,100,2291.05,31.05006349298328,286.82453584444767,125.08628596503037,487.8378448571887,2023-02-01,2025-10-06 10:48:44.104,8,8,1,0,1,1,1,0,1,0,1,1,0,0,0,0,1,0,0,0,0,1,0,0,0,0
CUS_0x4029,17077.4,1583.1166666666668,9,10,29,5,61,25,9.6,140,2577.55,25.244690366330804,64.17188712598109,97.41886915372736,286.72091038695834,2023-02-01,2025-10-06 10:48:44.104,15,4,0,0,1,0,0,1,1,1,0,0,0,0,0,0,0,0,1,0,0,0,1,0,0,0
CUS_0x99cf,22224.03,2145.0025,8,5,20,4,23,16,17.5,80,1418.03,38.63078904504107,56.92474699115129,18.638972629506558,378.9365303793421,2023-02-01,2025-10-06 10:48:44.104,7,4,1,0,1,0,0,0,1,0,0,1,0,0,0,0,1,0,0,0,0,1,0,0,0,0
CUS_0x62d1,39292.44,3340.370000000001,2,4,7,4,0,6,6.59,30,1343.62,28.146763006676306,90.86176298213776,189.72861467595388,343.44662234190844,2023-02-01,2025-10-06 10:48:44.104,31,9,1,0,0,0,1,1,0,0,0,0,1,0,0,0,0,0,1,0,0,0,0,0,0,1
CUS_0xa962,9511.795,680.6495833333332,6,7,20,7,59,15,1.62,140,2344.43,35.26743707245207,28.82527021547942,0.0,270.0670483381261,2023-02-01,2025-10-06 10:48:44.104,13,4,0,1,1,0,0,1,1,0,1,1,0,0,0,0,0,1,0,0,0,1,0,0,0,0
CUS_0xadb7,33314.96,2955.2466666666664,10,5,18,7,32,24,16.82,60,3271.84,22.78560579318419,98.19308987102188,102.99094207947027,354.34063471617446,2023-02-01,2025-10-06 10:48:44.104,0,8,1,1,0,0,1,1,0,0,0,1,0,0,0,0,0,0,1,1,0,0,0,0,0,0
CUS_0x382f,9889.575,977.13125,10,10,17,2,60,15,19.27,110,2142.54,27.093768684028912,12.100551928718165,54.6115117487909,321.0010613224909,2023-02-01,2025-10-06 10:48:44.104,18,10,0,0,0,0,0,0,1,0,1,1,0,0,0,0,0,1,0,0,0,0,1,0,0,0
CUS_0xa6c1,18374.32,1391.1933333333334,6,6,20,5,7,18,10.12,40,1722.61,29.85063716219109,50.158871836612526,90.42508696682287,288.53537452989787,2023-02-01,2025-10-06 10:48:44.104,11,3,0,1,0,0,0,1,0,0,1,1,0,0,0,0,1,0,0,0,0,0,0,0,0,1
CUS_0xb127,17980.355,1522.362916666667,3,4,5,1,10,7,3.7,10,162.87,31.101672132864365,33556.0,129.6883514639188,304.9099844513337,2023-02-01,2025-10-06 10:48:44.104,25,8,1,0,0,0,0,0,0,0,0,0,1,0,0,0,0,0,1,0,0,0,1,0,0,0
CUS_0x2171,22015.68,2037.64,6,5,7,5,27,12,17.68,70,775.52,28.83413373345931,74.74171041177064,54.54246347802529,324.47982611020404,2023-02-01,2025-10-06 10:48:44.104,12,10,1,0,0,1,0,1,0,0,1,1,0,0,0,0,1,0,0,0,1,0,0,0,0,0
CUS_0x32dc,14619.585,1005.29875,7,858,19,1,21,18,3.82,50,125.33,38.88318904668608,11.620889130794543,89.1844210615168,279.7245648076887,2023-02-01,2025-10-06 10:48:44.104,18,6,0,0,0,1,0,0,0,0,0,1,0,0,0,0,1,0,0,0,0,0,0,1,0,0
CUS_0x236b,18393.51,1689.693737193864,9,10,29,5,55,16,21.02,100,2604.09,32.18131204936112,115.30369402844912,152.04465322485518,230.02966555283143,2023-02-01,2025-10-06 10:48:44.104,4,10,0,1,1,1,0,0,0,1,0,1,0,0,0,0,0,0,1,0,0,0,0,0,1,0
CUS_0x3a38,28698.06,2326.505,8,5,20,7,24,11,15.43,60,1364.23,38.285848685902536,96.95794011732212,26.27964657866325,349.4129133040146,2023-02-01,2025-10-06 10:48:44.104,6,6,1,1,0,1,1,0,1,0,0,1,0,0,0,0,1,0,0,0,0,1,0,0,0,0
CUS_0x4236,20703.48,1829.29,3,6,2,1,8,7,8.57,70,965.09,34.9806749171145,45117.0,130.1004304250732,306.5698393434781,2023-02-01,2025-10-06 10:48:44.104,29,5,0,0,0,0,0,0,0,0,1,0,1,0,0,1,0,0,0,0,0,0,0,0,1,0
CUS_0x7251,167860.16,13773.346666666665,3,7,4,2,1,9,11.19,40,706.55,31.703166388904517,218.3282681812423,237.3307269455406,1161.6756715398838,2023-02-01,2025-10-06 10:48:44.104,23,5,0,0,0,0,0,0,1,0,0,0,1,0,0,1,0,0,0,0,0,1,0,0,0,0
CUS_0x72a7,23414.76,1961.23,3,7,7,2,8,15,2.52,0,370.32,29.22693518128457,28.83160966868802,169.2596866924249,268.03170363888705,2023-02-01,2025-10-06 10:48:44.104,19,10,0,0,0,1,0,0,0,1,0,1,0,0,0,0,1,0,0,0,0,0,0,0,1,0
CUS_0xa9d2,17190.62,1591.5516666666665,4,3,6,4,9,16,15.94,60,1646.72,29.111063685040268,29.95122536527966,76.88976585437894,342.31417544700815,2023-02-01,2025-10-06 10:48:44.104,14,6,1,1,0,1,0,0,0,0,1,1,0,0,0,0,0,0,1,0,0,0,1,0,0,0
CUS_0x30df,122579.04,10510.92,1,3,1,4,13,7,9.98,70,1421.67,38.493475230386274,207.00407351489392,366.1055813257812,737.9823451593251,2023-02-01,2025-10-06 10:48:44.104,24,5,0,0,1,1,0,0,0,1,1,0,1,0,0,1,0,0,0,1,0,0,0,0,0,0
CUS_0x3bfb,19718.92,1510.7347878324483,10,9,19,6,22,11,18.92,130,2057.56,34.57056868158442,229.57498548768945,144.75644933851208,228.80144400801646,2023-02-01,2025-10-06 10:48:44.104,16,9,0,0,0,1,1,1,1,0,1,1,0,0,0,0,1,0,0,0,0,0,0,0,1,0
CUS_0xa230,76300.92,6416.41,4,6,17,5,18,17,17.55,130,275.51,23.69179464767584,291.4652459933938,55.89429444006814,534.2814595665382,2023-02-01,2025-10-06 10:48:44.104,18,2,0,0,0,1,0,0,0,1,1,1,0,0,0,0,0,0,1,0,0,0,0,0,0,1
CUS_0xdea,23522.97,2010.2475,3,7,7,1,30,14,3.81,10,1478.07,39.46619882328629,18.66644511045555,81.32874243444105,351.02956245510353,2023-02-01,2025-10-06 10:48:44.104,21,11,0,0,0,0,0,0,0,0,1,0,0,0,0,0,0,0,1,0,1,0,0,0,0,0
CUS_0x6a9,8266.92,534.91,9,9,29,9,35,15,28.88,130,4955.51,29.35413638509673,55.54806951357907,57.637686239188575,230.30524424723237,2023-02-01,2025-10-06 10:48:44.104,9,3,1,0,0,1,1,1,0,1,0,1,0,0,0,0,0,0,1,0,0,0,1,0,0,0
CUS_0xc301,21212.42,1910.7016666666664,1,4,12,4,10,5,3.08,40,479.83,37.66429023366675,50.30503587980855,68.42811239239704,322.33701839446115,2023-02-01,2025-10-06 10:48:44.104,23,2,0,1,0,1,0,1,0,0,0,0,1,0,0,0,0,0,1,0,1,0,0,0,0,0
CUS_0x90d8,67930.88,5729.906666666668,5,4,25,7,24,11,11.28,70,2486.49,38.8612098194388,379.6037902247704,69.84459493978359,219.09699124714382,2023-02-01,2025-10-06 10:48:44.104,9,2,1,0,1,1,0,0,1,1,1,0,0,0,0,0,1,0,0,0,1,0,0,0,0,0
CUS_0x185e,21672.79,1788.065833333333,0,133,1,3,7,1,2.65,30,572.55,32.632798947091445,46681.0,30.33901399663139,337.55181039500786,2023-02-01,2025-10-06 10:48:44.104,19,4,1,0,0,1,0,1,0,0,0,0,1,0,0,1,0,0,0,0,0,1,0,0,0,0
CUS_0x4de9,36820.36,3300.363333333333,5,3,5,2,27,13,14.92,110,975.09,36.3761729965286,24617.0,67.86649242072657,453.1985357938512,2023-02-01,2025-10-06 10:48:44.104,18,0,1,0,0,0,0,1,0,0,0,0,0,0,0,0,1,0,0,0,1,0,0,0,0,0
CUS_0x71d2,20830.8,1867.9,8,3,19,1,12,16,11.67,20,449.39,36.717450734683474,12.389966604859524,41.37691543068706,373.0231179644534,2023-02-01,2025-10-06 10:48:44.104,30,10,0,0,0,0,0,0,1,0,0,1,0,0,0,0,1,0,0,0,0,0,0,0,0,1
CUS_0x8e9b,55829.79,4369.4825,10,10,18,8,30,19,23.99,110,3422.49,37.865668074107326,314.90178526768176,255.72950135688282,156.31696337543542,2023-02-01,2025-10-06 10:48:44.104,11,0,0,0,0,1,1,1,1,1,1,1,0,0,0,0,0,1,0,0,0,0,1,0,0,0
CUS_0x7b97,30760.15,2639.3458333333333,4,1005,7,3,28,10,11.5,60,143.92,28.94118389574136,41.125297977847545,54.683150428917344,418.1261349265685,2023-02-01,2025-10-06 10:48:44.104,27,8,1,1,0,1,0,0,0,0,0,0,1,0,0,0,0,0,1,0,1,0,0,0,0,0
CUS_0x9ee5,11426.59,935.2158333333332,4,7,5,0,31,13,10.56,110,465.1,33.53899909990767,0.0,103.48253590071123,280.0390474326221,2023-02-01,2025-10-06 10:48:44.104,17,3,0,0,0,0,0,0,0,0,0,0,0,0,0,0,1,0,0,0,0,0,1,0,0,0
CUS_0xbb9a,20434.595,1993.882916666667,5,1,2,0,14,7,6.01,20,271.51,40.58716015385605,0.0,74.61545392922342,394.7728377374432,2023-02-01,2025-10-06 10:48:44.104,16,5,0,0,0,0,0,0,0,0,0,0,1,0,0,1,0,0,0,0,0,0,0,0,1,0
CUS_0x4021,16587.02,1573.9279631089985,4,6,7,1,10,4,6.21,20,581.12,29.01876576526885,107.11954809287464,39.46553266642022,354.5637894650402,2023-02-01,2025-10-06 10:48:44.104,20,3,0,0,0,0,0,0,0,1,0,0,1,0,0,1,0,0,0,0,0,1,0,0,0,0
CUS_0x70f7,94092.36,7644.03,3,6,17,4,21,19,14.93,100,1338.47,31.74162358811759,299.57634107972353,75.54930669820554,629.2773522220708,2023-02-01,2025-10-06 10:48:44.104,26,8,1,0,0,0,1,0,0,1,0,1,0,0,0,0,1,0,0,0,0,1,0,0,0,0
CUS_0x9ccf,31820.56,2520.7133333333336,8,7,8,1,21,14,8.44,20,1394.06,25.561767178657103,17.299831962391277,127.47427446669113,367.29722690425103,2023-02-01,2025-10-06 10:48:44.104,25,11,0,0,0,1,0,0,0,0,0,1,0,0,0,0,0,0,1,1,0,0,0,0,0,0
CUS_0xd7c,36941.92,3342.4933333333333,8,7,24,9,30,15,0.7400000000000002,60,2634.5,26.70302067074853,185.3588933811345,105.21460755774757,293.6758323944513,2023-02-01,2025-10-06 10:48:44.104,12,11,1,1,1,1,1,0,1,0,1,1,0,0,0,0,0,1,0,0,1,0,0,0,0,0
CUS_0x6d0e,34898.9,2787.832345981792,7,4,7,2,12,17,15.48,80,198.75,26.35849133539868,325.1536320489938,242.43640932576463,302.84344597678364,2023-02-01,2025-10-06 10:48:44.104,21,2,0,0,1,0,0,0,0,1,0,1,0,0,0,0,1,0,0,0,0,0,0,0,1,0
CUS_0x4555,56135.16,4753.93,7,5,17,7,20,13,15.23,70,2689.93,36.43249144318765,190.10227420742373,405.2320852369025,170.05864055567378,2023-02-01,2025-10-06 10:48:44.104,7,8,1,1,1,0,1,1,0,1,0,1,0,0,0,0,1,0,0,0,0,0,1,0,0,0
CUS_0x4f13,63635.12,5476.926666666667,3,4,2,2,12,10,11.25,70,122.65,35.46590360120226,57.71606551829998,207.28433299472718,542.6922681536396,2023-02-01,2025-10-06 10:48:44.104,25,0,0,0,1,1,0,0,0,0,0,0,1,0,0,1,0,0,0,1,0,0,0,0,0,0
CUS_0x7e0e,113616.93,9715.0775,1,5,7,0,11,0,0.93,70,1178.3,38.600889846236505,0.0,146.8512482449613,472.3432366355481,2023-02-01,2025-10-06 10:48:44.104,16,4,0,0,0,0,0,0,0,0,0,0,0,0,0,0,0,0,1,0,0,0,0,0,1,0
CUS_0x229f,20261.85,1598.4875,7,7,16,7,54,17,9.09,100,1300.71,26.98418245698652,96.40963543098312,72.2251947000315,281.2139198689854,2023-02-01,2025-10-06 10:48:44.104,14,9,1,1,1,0,1,1,0,0,1,1,0,0,0,0,0,1,0,0,0,0,1,0,0,0
CUS_0x6ef,21613.57,1716.1308333333334,4,7,18,7,21,11,18.42,50,878.38,36.78939845207504,99.97414136966336,79.74033834562627,261.8986036180437,2023-02-01,2025-10-06 10:48:44.104,14,6,0,0,0,1,1,1,1,1,1,0,0,0,0,0,1,0,0,0,0,0,0,0,1,0
CUS_0x933f,135478.36,11380.863333333333,4,6,3,1,13,14,3.91,30,845.47,30.293271017916343,71.20199449186453,775.1386329871635,551.7457058543054,2023-02-01,2025-10-06 10:48:44.104,16,8,1,0,0,0,0,0,0,0,0,0,1,0,0,0,1,0,0,1,0,0,0,0,0,0
CUS_0x6398,36354.02,3062.501666666666,9,9,32,7,28,16,16.86,110,2654.94,36.89334913445778,124.90783055983404,87.86691696270576,353.4754191441268,2023-02-01,2025-10-06 10:48:44.104,12,0,1,1,1,1,0,1,1,0,0,1,0,0,0,0,1,0,0,1,0,0,0,0,0,0
CUS_0xa6a7,17816.75,1657.729166666667,10,7,29,9,28,22,1.6,170,2422.84,30.5933669193562,68.75110037840645,10000.0,202.7149602632499,2023-02-01,2025-10-06 10:48:44.104,16,4,1,1,1,1,0,0,0,1,1,1,0,0,0,0,0,1,0,0,0,0,1,0,0,0
CUS_0xc3d,30549.55,2467.795833333333,1,3,10,2,5,9,0.0,80,423.22,30.08392961343411,46.87507161160288,294.5974631663892,195.30704855534125,2023-02-01,2025-10-06 10:48:44.104,19,2,0,0,0,0,0,1,1,0,0,0,1,0,0,1,0,0,0,0,0,0,1,0,0,0
CUS_0x2363,38038.59,3011.8825,2,3,10,2,1,0,8.63,40,298.09,30.939883236446143,38.45595246748832,179.92199798967445,352.81029954283724,2023-02-01,2025-10-06 10:48:44.104,27,4,0,0,1,1,0,0,0,0,0,0,0,0,0,1,0,0,0,0,0,0,0,0,1,0
CUS_0x3061,17082.685,1695.5570833333334,5,7,356,6,28,21,8.42,40,560.63,25.265019441274585,80.69204034804656,52.87854468693251,295.98512329835427,2023-02-01,2025-10-06 10:48:44.104,7,9,0,0,0,0,1,1,1,1,0,1,0,0,0,0,0,0,1,1,0,0,0,0,0,0
CUS_0xa574,56023.84,4943.653333333333,8,5,23,8,36,22,5.6,100,3745.69,38.00824701566135,296.19596090465376,63.22762135035983,384.9417510783197,2023-02-01,2025-10-06 10:48:44.104,10,3,1,1,0,0,0,1,0,1,1,0,0,0,0,0,0,1,0,0,1,0,0,0,0,0
CUS_0xb264,28867.01,2692.5841666666665,2,3,3,0,28,0,7.78,60,51.54,31.44732649717489,0.0,95.7585633440478,423.4998533226188,2023-02-01,2025-10-06 10:48:44.104,19,6,0,0,0,0,0,0,0,0,0,0,1,0,0,1,0,0,0,0,1,0,0,0,0,0
CUS_0xb28a,68984.84,5806.736666666668,8,7,9,3,8,12,8.28,80,1112.47,33.49265239242211,166.33459833245556,75.03822647004506,589.300841864166,2023-02-01,2025-10-06 10:48:44.104,9,3,0,1,0,1,0,0,0,0,0,1,0,0,0,0,1,0,0,0,1,0,0,0,0,0
CUS_0x3f41,63030.88,5532.573333333333,10,7,31,6,27,13,10.28,110,1767.61,36.01875354907608,288.0041710641422,79.9559419157812,435.29722035341,2023-02-01,2025-10-06 10:48:44.104,14,11,0,0,1,1,0,1,1,0,0,1,0,0,0,0,1,0,0,0,1,0,0,0,0,0
CUS_0x5c6d,101238.57,8199.5475,1,3,6,4,13,1,3.05,50,816.04,40.81429334147187,172.65306229994275,150.25016212608108,737.0515255739763,2023-02-01,2025-10-06 10:48:44.104,32,8,1,0,0,1,0,0,0,1,0,0,1,0,0,1,0,0,0,0,0,1,0,0,0,0
CUS_0xa384,33030.03,2604.5025,3,5,4,1,10,8,10.59,30,1289.96,31.540903478465644,22.901578650172063,210.42762207599068,297.12104927383723,2023-02-01,2025-10-06 10:48:44.104,16,6,0,0,0,0,0,0,0,0,1,0,1,0,0,0,0,0,1,0,0,0,0,0,1,0
CUS_0xb433,33214.4,2842.866666666667,8,6,22,9,52,19,18.48,70,2681.54,28.14729098094769,226.32482392489155,21.24596599588698,276.7158767458882,2023-02-01,2025-10-06 10:48:44.104,10,6,1,1,0,1,1,1,0,0,1,1,0,0,0,0,0,0,1,0,0,1,0,0,0,0
CUS_0x3713,99340.08,8506.34,3,1,8,0,15,6,7.91,50,1028.59,37.60774135319412,0.0,291.6377910438721,828.9962089561279,2023-02-01,2025-10-06 10:48:44.104,30,3,0,0,0,0,0,0,0,0,0,0,1,0,0,1,0,0,0,0,0,0,0,0,1,0
CUS_0x46ce,68474.64,5431.22,7,6,11,3,16,8,8.02,70,66.03,27.645450751179308,127.44715871403108,182.78923601786065,512.8856052681084,2023-02-01,2025-10-06 10:48:44.104,6,3,0,0,0,1,1,0,0,1,0,1,0,0,0,0,1,0,0,0,0,0,0,1,0,0
CUS_0x687c,29695.58,2601.6316666666667,8,3,3,0,8,15,7.46,30,133.56,26.235302881044067,0.0,46.77502374358332,453.38814292308336,2023-02-01,2025-10-06 10:48:44.104,24,0,0,0,0,0,0,0,0,0,0,0,1,0,0,1,0,0,0,0,0,1,0,0,0,0
CUS_0x3053,14439.78,959.315,5,4,16,3,16,20,11.85,50,455.46,30.351267081387896,20.171701599338363,45.88035353394695,309.8794448667147,2023-02-01,2025-10-06 10:48:44.104,20,0,1,0,0,0,0,1,0,0,0,1,0,0,0,0,0,0,1,0,0,0,0,1,0,0
CUS_0x6563,25877.95,1860.4958333333327,7,3,12,1,11,20,13.43,0,1111.34,31.58861016808806,12.041848892354036,60.554895145039566,383.4528392959397,2023-02-01,2025-10-06 10:48:44.104,32,9,0,1,0,0,0,0,0,0,0,1,0,0,0,0,1,0,0,0,0,0,0,0,1,0
CUS_0xb144,133949.36,11262.446666666665,5,5,8,0,0,1,0.3799999999999999,50,1454.68,44.71066194761204,0.0,163.32743688245637,1212.9172297842101,2023-02-01,2025-10-06 10:48:44.104,18,6,0,0,0,0,0,0,0,0,0,0,1,0,0,1,0,0,0,0,1,0,0,0,0,0
CUS_0x4a3d,33755.94,2765.995000000001,6,10,22,8,47,18,28.85,140,4503.42,23.949205437983306,179.9685952067299,304.1364898700739,82.49441492319622,2023-02-01,2025-10-06 10:48:44.104,10,8,1,0,1,0,1,1,1,0,1,1,0,0,0,0,0,0,1,0,0,0,1,0,0,0
CUS_0x4be5,9150.48,992.54,8,3,15,5,10,22,9.17,70,177.16,31.151596081509947,22.50044085925581,79.17128804515401,287.58227109559016,2023-02-01,2025-10-06 10:48:44.104,14,10,1,0,1,0,0,1,0,0,0,1,0,0,0,0,0,0,1,0,0,0,1,0,0,0
CUS_0xc205,106550.19,8804.1825,4,7,16,3,21,14,16.74,10,401.46,24.902570273725186,185.49121105962817,629.9078509840792,335.01918795629274,2023-02-01,2025-10-06 10:48:44.104,25,4,0,1,0,0,0,0,0,1,0,0,0,0,0,0,1,0,0,0,0,0,0,0,1,0
CUS_0x6116,40807.77,3399.6475,3,2,5,0,5,8,13.72,30,1133.1,31.048803396271968,75.80151283956228,184.04797008747158,370.11526707296616,2023-02-01,2025-10-06 10:48:44.104,15,9,0,0,0,0,0,0,1,1,1,0,1,0,0,1,0,0,0,0,0,0,0,0,0,1
CUS_0x792b,43518.87,3567.5725,8,7,7,6,29,11,14.82,50,1284.78,34.764799039088466,183.1832666121075,10000.0,341.7287786960036,2023-02-01,2025-10-06 10:48:44.104,8,8,1,0,1,1,0,1,0,1,0,1,0,0,0,0,1,0,0,0,0,1,0,0,0,0
CUS_0x4a5b,110264.0,9225.666666666666,8,6,19,7,27,14,14.6,120,642.65,38.27844621806783,364.2904002085903,447.36221121292715,370.91405524514926,2023-02-01,2025-10-06 10:48:44.104,13,2,1,0,0,0,1,0,1,0,1,1,0,0,0,0,1,0,0,1,0,0,0,0,0,0
CUS_0x8bcf,27794.43,2160.654365714653,7,3,9,2,31,11,15.25,50,371.41,38.50027651350904,137.4515639107549,92.39593418470129,359.0208861898905,2023-02-01,2025-10-06 10:48:44.104,11,9,0,0,0,1,0,1,0,0,0,1,0,0,0,0,0,0,1,0,0,0,0,0,0,1
CUS_0xa8e7,20914.44,1800.87,6,7,21,0,51,16,0.98,160,2404.87,38.2842867621122,124.2176483432618,181.7105022147587,164.1588494419795,2023-02-01,2025-10-06 10:48:44.104,16,10,1,1,1,1,0,1,1,1,0,1,0,0,0,0,0,1,0,0,0,0,0,0,0,1
CUS_0x6203,89477.92,7405.493333333333,1,4,7,0,10,8,1.89,70,1176.75,31.138453264735475,0.0,202.566690143304,425.4355258652015,2023-02-01,2025-10-06 10:48:44.104,16,0,0,0,0,0,0,0,0,0,0,0,1,0,0,1,0,0,0,0,0,0,0,0,0,1
CUS_0x73c0,77004.92,6233.076666666668,10,5,22,6,39,15,25.82,100,2511.6,38.12568892538821,370.6471222812751,156.398413274329,346.2621311110627,2023-02-01,2025-10-06 10:48:44.104,1,11,0,0,1,1,0,1,1,0,0,1,0,0,0,0,0,1,0,0,1,0,0,0,0,0
CUS_0x80ca,109744.86000000002,8916.405,8,4,19,1,20,12,13.33,20,55.2,28.314668191680173,72.51605296122055,10000.0,180.5686659799578,2023-02-01,2025-10-06 10:48:44.104,32,9,0,0,0,1,0,0,0,0,0,1,0,0,0,0,1,0,0,0,0,0,0,1,0,0
CUS_0xb25e,74614.64,6205.886666666666,5,6,4,1,9,3,4.6,50,879.62,26.98731037166831,40.21589667157063,145.04167274655094,773.3441488600757,2023-02-01,2025-10-06 10:48:44.104,25,6,0,0,0,0,0,1,0,0,0,0,0,0,0,1,0,0,0,0,0,1,0,0,0,0
